ISO-10303-21;
HEADER;
FILE_DESCRIPTION(('Open CASCADE Model'),'2;1');
FILE_NAME('Open CASCADE Shape Model','2026-08-02T20:55:37',('Author'),(
    'Open CASCADE'),'Open CASCADE STEP processor 7.9','build123d',
  'Unknown');
FILE_SCHEMA(('AUTOMOTIVE_DESIGN { 1 0 10303 214 1 1 1 1 }'));
ENDSEC;
DATA;
#1 = APPLICATION_PROTOCOL_DEFINITION('international standard',
  'automotive_design',2000,#2);
#2 = APPLICATION_CONTEXT(
  'core data for automotive mechanical design processes');
#3 = SHAPE_DEFINITION_REPRESENTATION(#4,#10);
#4 = PRODUCT_DEFINITION_SHAPE('','',#5);
#5 = PRODUCT_DEFINITION('design','',#6,#9);
#6 = PRODUCT_DEFINITION_FORMATION('','',#7);
#7 = PRODUCT('=>[0:1:1:2]','=>[0:1:1:2]','',(#8));
#8 = PRODUCT_CONTEXT('',#2,'mechanical');
#9 = PRODUCT_DEFINITION_CONTEXT('part definition',#2,'design');
#10 = SHAPE_REPRESENTATION('',(#11,#15),#19);
#11 = AXIS2_PLACEMENT_3D('',#12,#13,#14);
#12 = CARTESIAN_POINT('',(0.,0.,0.));
#13 = DIRECTION('',(0.,0.,1.));
#14 = DIRECTION('',(1.,0.,-0.));
#15 = AXIS2_PLACEMENT_3D('',#16,#17,#18);
#16 = CARTESIAN_POINT('',(0.951,0.14892565881,-0.120035642374));
#17 = DIRECTION('',(0.,0.,1.));
#18 = DIRECTION('',(1.,0.,-0.));
#19 = ( GEOMETRIC_REPRESENTATION_CONTEXT(3) 
GLOBAL_UNCERTAINTY_ASSIGNED_CONTEXT((#23)) GLOBAL_UNIT_ASSIGNED_CONTEXT(
(#20,#21,#22)) REPRESENTATION_CONTEXT('Context #1',
  '3D Context with UNIT and UNCERTAINTY') );
#20 = ( LENGTH_UNIT() NAMED_UNIT(*) SI_UNIT(.MILLI.,.METRE.) );
#21 = ( NAMED_UNIT(*) PLANE_ANGLE_UNIT() SI_UNIT($,.RADIAN.) );
#22 = ( NAMED_UNIT(*) SI_UNIT($,.STERADIAN.) SOLID_ANGLE_UNIT() );
#23 = UNCERTAINTY_MEASURE_WITH_UNIT(LENGTH_MEASURE(5.E-06),#20,
  'distance_accuracy_value','confusion accuracy');
#24 = PRODUCT_RELATED_PRODUCT_CATEGORY('part',$,(#7));
#25 = SHAPE_DEFINITION_REPRESENTATION(#26,#32);
#26 = PRODUCT_DEFINITION_SHAPE('','',#27);
#27 = PRODUCT_DEFINITION('design','',#28,#31);
#28 = PRODUCT_DEFINITION_FORMATION('','',#29);
#29 = PRODUCT('COMPOUND','COMPOUND','',(#30));
#30 = PRODUCT_CONTEXT('',#2,'mechanical');
#31 = PRODUCT_DEFINITION_CONTEXT('part definition',#2,'design');
#32 = ADVANCED_BREP_SHAPE_REPRESENTATION('',(#11,#33),#3211);
#33 = MANIFOLD_SOLID_BREP('',#34);
#34 = CLOSED_SHELL('',(#35,#156,#234,#615,#638,#1573,#1599,#1624,#1650,
    #1676,#1702,#1728,#1774,#2397,#2443,#2450,#2476,#2502,#2528,#2554,
    #2580,#2606,#2632,#2658,#2684,#2710,#2736,#2762,#2788,#2814,#2840,
    #2866,#2892,#2918,#2944,#2970,#2996,#3022,#3048,#3074,#3100,#3126,
    #3152,#3178,#3204));
#35 = ADVANCED_FACE('',(#36),#49,.T.);
#36 = FACE_BOUND('',#37,.T.);
#37 = EDGE_LOOP('',(#38,#72,#97,#124));
#38 = ORIENTED_EDGE('',*,*,#39,.F.);
#39 = EDGE_CURVE('',#40,#42,#44,.T.);
#40 = VERTEX_POINT('',#41);
#41 = CARTESIAN_POINT('',(-0.956841425058,-7.446282940476E-02,
    6.524794035826E-02));
#42 = VERTEX_POINT('',#43);
#43 = CARTESIAN_POINT('',(-0.951,-0.13450306365,0.109593962169));
#44 = SURFACE_CURVE('',#45,(#48,#60),.PCURVE_S1.);
#45 = B_SPLINE_CURVE_WITH_KNOTS('',1,(#46,#47),.UNSPECIFIED.,.F.,.F.,(2,
    2),(0.,1.),.PIECEWISE_BEZIER_KNOTS.);
#46 = CARTESIAN_POINT('',(-0.964097645653,1.191741089534E-04,
    1.016129394354E-02));
#47 = CARTESIAN_POINT('',(-0.93775030487,-0.27068811975,0.210180935955)
  );
#48 = PCURVE('',#49,#54);
#49 = B_SPLINE_SURFACE_WITH_KNOTS('',1,1,(
    (#50,#51)
    ,(#52,#53
    )),.UNSPECIFIED.,.F.,.F.,.F.,(2,2),(2,2),(0.,4.030627130218E-03),(0.
    ,1.),.PIECEWISE_BEZIER_KNOTS.);
#50 = CARTESIAN_POINT('',(-0.964097645653,1.191741089534E-04,
    1.016129394354E-02));
#51 = CARTESIAN_POINT('',(-0.93775030487,-0.27068811975,0.210180935955)
  );
#52 = CARTESIAN_POINT('',(-0.960098039919,-1.77421907111E-04,
    9.759871675816E-03));
#53 = CARTESIAN_POINT('',(-0.934870588741,-0.270901668881,0.209891911922
    ));
#54 = DEFINITIONAL_REPRESENTATION('',(#55),#59);
#55 = LINE('',#56,#57);
#56 = CARTESIAN_POINT('',(0.,0.));
#57 = VECTOR('',#58,1.);
#58 = DIRECTION('',(0.,1.));
#59 = ( GEOMETRIC_REPRESENTATION_CONTEXT(2) 
PARAMETRIC_REPRESENTATION_CONTEXT() REPRESENTATION_CONTEXT('2D SPACE',''
  ) );
#60 = PCURVE('',#61,#66);
#61 = B_SPLINE_SURFACE_WITH_KNOTS('',1,1,(
    (#62,#63)
    ,(#64,#65
    )),.UNSPECIFIED.,.F.,.F.,.F.,(2,2),(2,2),(0.,3.896577456362E-03),(0.
    ,1.),.PIECEWISE_BEZIER_KNOTS.);
#62 = CARTESIAN_POINT('',(-0.967963102112,4.112428595641E-04,
    1.055658886948E-02));
#63 = CARTESIAN_POINT('',(-0.940533433521,-0.270477830249,0.210465548302
    ));
#64 = CARTESIAN_POINT('',(-0.964097645653,1.191741089534E-04,
    1.016129394354E-02));
#65 = CARTESIAN_POINT('',(-0.93775030487,-0.27068811975,0.210180935955)
  );
#66 = DEFINITIONAL_REPRESENTATION('',(#67),#71);
#67 = LINE('',#68,#69);
#68 = CARTESIAN_POINT('',(3.896577456362E-03,0.));
#69 = VECTOR('',#70,1.);
#70 = DIRECTION('',(0.,1.));
#71 = ( GEOMETRIC_REPRESENTATION_CONTEXT(2) 
PARAMETRIC_REPRESENTATION_CONTEXT() REPRESENTATION_CONTEXT('2D SPACE',''
  ) );
#72 = ORIENTED_EDGE('',*,*,#73,.F.);
#73 = EDGE_CURVE('',#74,#40,#76,.T.);
#74 = VERTEX_POINT('',#75);
#75 = CARTESIAN_POINT('',(-0.953175750867,-7.446282940476E-02,
    6.467512337275E-02));
#76 = SURFACE_CURVE('',#77,(#80,#86),.PCURVE_S1.);
#77 = B_SPLINE_CURVE_WITH_KNOTS('',1,(#78,#79),.UNSPECIFIED.,.F.,.F.,(2,
    2),(0.,1.),.PIECEWISE_BEZIER_KNOTS.);
#78 = CARTESIAN_POINT('',(-0.953175750867,-7.446282940476E-02,
    6.467512337275E-02));
#79 = CARTESIAN_POINT('',(-0.956841425058,-7.446282940476E-02,
    6.524794035826E-02));
#80 = PCURVE('',#49,#81);
#81 = DEFINITIONAL_REPRESENTATION('',(#82),#85);
#82 = B_SPLINE_CURVE_WITH_KNOTS('',1,(#83,#84),.UNSPECIFIED.,.F.,.F.,(2,
    2),(0.,1.),.PIECEWISE_BEZIER_KNOTS.);
#83 = CARTESIAN_POINT('',(4.030627130218E-03,0.2743951025));
#84 = CARTESIAN_POINT('',(0.,0.275406184416));
#85 = ( GEOMETRIC_REPRESENTATION_CONTEXT(2) 
PARAMETRIC_REPRESENTATION_CONTEXT() REPRESENTATION_CONTEXT('2D SPACE',''
  ) );
#86 = PCURVE('',#87,#92);
#87 = PLANE('',#88);
#88 = AXIS2_PLACEMENT_3D('',#89,#90,#91);
#89 = CARTESIAN_POINT('',(-1.150368,-7.446282940476E-02,0.365017821187)
  );
#90 = DIRECTION('',(0.,-1.,0.));
#91 = DIRECTION('',(0.315327988182,0.,-0.948982750038));
#92 = DEFINITIONAL_REPRESENTATION('',(#93),#96);
#93 = B_SPLINE_CURVE_WITH_KNOTS('',1,(#94,#95),.UNSPECIFIED.,.F.,.F.,(2,
    2),(0.,1.),.PIECEWISE_BEZIER_KNOTS.);
#94 = CARTESIAN_POINT('',(0.34720027453,9.242558420126E-02));
#95 = CARTESIAN_POINT('',(0.345500791423,8.912754785411E-02));
#96 = ( GEOMETRIC_REPRESENTATION_CONTEXT(2) 
PARAMETRIC_REPRESENTATION_CONTEXT() REPRESENTATION_CONTEXT('2D SPACE',''
  ) );
#97 = ORIENTED_EDGE('',*,*,#98,.T.);
#98 = EDGE_CURVE('',#74,#99,#101,.T.);
#99 = VERTEX_POINT('',#100);
#100 = CARTESIAN_POINT('',(-0.951,-9.781154231865E-02,8.193558528118E-02
    ));
#101 = SURFACE_CURVE('',#102,(#105,#112),.PCURVE_S1.);
#102 = B_SPLINE_CURVE_WITH_KNOTS('',1,(#103,#104),.UNSPECIFIED.,.F.,.F.,
  (2,2),(0.,1.),.PIECEWISE_BEZIER_KNOTS.);
#103 = CARTESIAN_POINT('',(-0.960098039919,-1.77421907111E-04,
    9.759871675816E-03));
#104 = CARTESIAN_POINT('',(-0.934870588741,-0.270901668881,
    0.209891911922));
#105 = PCURVE('',#49,#106);
#106 = DEFINITIONAL_REPRESENTATION('',(#107),#111);
#107 = LINE('',#108,#109);
#108 = CARTESIAN_POINT('',(4.030627130218E-03,0.));
#109 = VECTOR('',#110,1.);
#110 = DIRECTION('',(0.,1.));
#111 = ( GEOMETRIC_REPRESENTATION_CONTEXT(2) 
PARAMETRIC_REPRESENTATION_CONTEXT() REPRESENTATION_CONTEXT('2D SPACE',''
  ) );
#112 = PCURVE('',#113,#118);
#113 = B_SPLINE_SURFACE_WITH_KNOTS('',1,1,(
    (#114,#115)
    ,(#116,#117
    )),.UNSPECIFIED.,.F.,.F.,.F.,(2,2),(2,2),(0.,4.153575005899E-03),(0.
    ,1.),.PIECEWISE_BEZIER_KNOTS.);
#114 = CARTESIAN_POINT('',(-0.960098039919,-1.77421907111E-04,
    9.759871675816E-03));
#115 = CARTESIAN_POINT('',(-0.934870588741,-0.270901668881,
    0.209891911922));
#116 = CARTESIAN_POINT('',(-0.955975206219,-4.771674255421E-04,
    9.354186773682E-03));
#117 = CARTESIAN_POINT('',(-0.931902148478,-0.271117485655,
    0.209599818793));
#118 = DEFINITIONAL_REPRESENTATION('',(#119),#123);
#119 = LINE('',#120,#121);
#120 = CARTESIAN_POINT('',(0.,0.));
#121 = VECTOR('',#122,1.);
#122 = DIRECTION('',(0.,1.));
#123 = ( GEOMETRIC_REPRESENTATION_CONTEXT(2) 
PARAMETRIC_REPRESENTATION_CONTEXT() REPRESENTATION_CONTEXT('2D SPACE',''
  ) );
#124 = ORIENTED_EDGE('',*,*,#125,.T.);
#125 = EDGE_CURVE('',#99,#42,#126,.T.);
#126 = SURFACE_CURVE('',#127,(#133,#142),.PCURVE_S1.);
#127 = B_SPLINE_CURVE_WITH_KNOTS('',4,(#128,#129,#130,#131,#132),
  .UNSPECIFIED.,.F.,.F.,(5,5),(0.,1.),.PIECEWISE_BEZIER_KNOTS.);
#128 = CARTESIAN_POINT('',(-0.951,-9.781154231865E-02,8.193558528118E-02
    ));
#129 = CARTESIAN_POINT('',(-0.951,-0.106984499341,8.885023731217E-02));
#130 = CARTESIAN_POINT('',(-0.951,-0.116157408821,9.576485350593E-02));
#131 = CARTESIAN_POINT('',(-0.951,-0.125330265756,0.102679430091));
#132 = CARTESIAN_POINT('',(-0.951,-0.13450306365,0.109593962169));
#133 = PCURVE('',#49,#134);
#134 = DEFINITIONAL_REPRESENTATION('',(#135),#141);
#135 = B_SPLINE_CURVE_WITH_KNOTS('',4,(#136,#137,#138,#139,#140),
  .UNSPECIFIED.,.F.,.F.,(5,5),(0.,1.),.PIECEWISE_BEZIER_KNOTS.);
#136 = CARTESIAN_POINT('',(4.030627130218E-03,0.360640472742));
#137 = CARTESIAN_POINT('',(3.065792848875E-03,0.394759269673));
#138 = CARTESIAN_POINT('',(2.073621542713E-03,0.428877889772));
#139 = CARTESIAN_POINT('',(1.052378646224E-03,0.46299631443));
#140 = CARTESIAN_POINT('',(0.,0.497114519481));
#141 = ( GEOMETRIC_REPRESENTATION_CONTEXT(2) 
PARAMETRIC_REPRESENTATION_CONTEXT() REPRESENTATION_CONTEXT('2D SPACE',''
  ) );
#142 = PCURVE('',#143,#148);
#143 = B_SPLINE_SURFACE_WITH_KNOTS('',1,1,(
    (#144,#145)
    ,(#146,#147
  )),.UNSPECIFIED.,.F.,.F.,.F.,(2,2),(2,2),(0.,0.6),(0.,1.),
  .PIECEWISE_BEZIER_KNOTS.);
#144 = CARTESIAN_POINT('',(-0.951,-7.446282940476E-02,0.365017821187));
#145 = CARTESIAN_POINT('',(-0.951,-0.223388488214,0.475053463561));
#146 = CARTESIAN_POINT('',(-0.951,-7.446282940476E-02,-0.234982178813));
#147 = CARTESIAN_POINT('',(-0.951,-0.223388488214,-0.124946536439));
#148 = DEFINITIONAL_REPRESENTATION('',(#149),#155);
#149 = B_SPLINE_CURVE_WITH_KNOTS('',4,(#150,#151,#152,#153,#154),
  .UNSPECIFIED.,.F.,.F.,(5,5),(0.,1.),.PIECEWISE_BEZIER_KNOTS.);
#150 = CARTESIAN_POINT('',(0.300333733362,0.156780994629));
#151 = CARTESIAN_POINT('',(0.300196638848,0.218375196028));
#152 = CARTESIAN_POINT('',(0.300059545045,0.279969078187));
#153 = CARTESIAN_POINT('',(0.299922452027,0.341562607542));
#154 = CARTESIAN_POINT('',(0.299785359892,0.403155740414));
#155 = ( GEOMETRIC_REPRESENTATION_CONTEXT(2) 
PARAMETRIC_REPRESENTATION_CONTEXT() REPRESENTATION_CONTEXT('2D SPACE',''
  ) );
#156 = ADVANCED_FACE('',(#157),#61,.T.);
#157 = FACE_BOUND('',#158,.T.);
#158 = EDGE_LOOP('',(#159,#188,#206,#207));
#159 = ORIENTED_EDGE('',*,*,#160,.F.);
#160 = EDGE_CURVE('',#161,#163,#165,.T.);
#161 = VERTEX_POINT('',#162);
#162 = CARTESIAN_POINT('',(-0.96038150805,-7.446282940476E-02,
    6.581167060106E-02));
#163 = VERTEX_POINT('',#164);
#164 = CARTESIAN_POINT('',(-0.951,-0.16711243658,0.134184626179));
#165 = SURFACE_CURVE('',#166,(#169,#176),.PCURVE_S1.);
#166 = B_SPLINE_CURVE_WITH_KNOTS('',1,(#167,#168),.UNSPECIFIED.,.F.,.F.,
  (2,2),(0.,1.),.PIECEWISE_BEZIER_KNOTS.);
#167 = CARTESIAN_POINT('',(-0.967963102112,4.112428595641E-04,
    1.055658886948E-02));
#168 = CARTESIAN_POINT('',(-0.940533433521,-0.270477830249,
    0.210465548302));
#169 = PCURVE('',#61,#170);
#170 = DEFINITIONAL_REPRESENTATION('',(#171),#175);
#171 = LINE('',#172,#173);
#172 = CARTESIAN_POINT('',(0.,0.));
#173 = VECTOR('',#174,1.);
#174 = DIRECTION('',(0.,1.));
#175 = ( GEOMETRIC_REPRESENTATION_CONTEXT(2) 
PARAMETRIC_REPRESENTATION_CONTEXT() REPRESENTATION_CONTEXT('2D SPACE',''
  ) );
#176 = PCURVE('',#177,#182);
#177 = B_SPLINE_SURFACE_WITH_KNOTS('',1,1,(
    (#178,#179)
    ,(#180,#181
    )),.UNSPECIFIED.,.F.,.F.,.F.,(2,2),(2,2),(0.,3.751790295395E-03),(0.
    ,1.),.PIECEWISE_BEZIER_KNOTS.);
#178 = CARTESIAN_POINT('',(-0.971683855002,6.974282755154E-04,
    1.094392110741E-02));
#179 = CARTESIAN_POINT('',(-0.943212375601,-0.27027177675,0.210744427513
    ));
#180 = CARTESIAN_POINT('',(-0.967963102112,4.112428595641E-04,
    1.055658886948E-02));
#181 = CARTESIAN_POINT('',(-0.940533433521,-0.270477830249,
    0.210465548302));
#182 = DEFINITIONAL_REPRESENTATION('',(#183),#187);
#183 = LINE('',#184,#185);
#184 = CARTESIAN_POINT('',(3.751790295395E-03,0.));
#185 = VECTOR('',#186,1.);
#186 = DIRECTION('',(0.,1.));
#187 = ( GEOMETRIC_REPRESENTATION_CONTEXT(2) 
PARAMETRIC_REPRESENTATION_CONTEXT() REPRESENTATION_CONTEXT('2D SPACE',''
  ) );
#188 = ORIENTED_EDGE('',*,*,#189,.F.);
#189 = EDGE_CURVE('',#40,#161,#190,.T.);
#190 = SURFACE_CURVE('',#191,(#194,#200),.PCURVE_S1.);
#191 = B_SPLINE_CURVE_WITH_KNOTS('',1,(#192,#193),.UNSPECIFIED.,.F.,.F.,
  (2,2),(0.,1.),.PIECEWISE_BEZIER_KNOTS.);
#192 = CARTESIAN_POINT('',(-0.956841425058,-7.446282940476E-02,
    6.524794035826E-02));
#193 = CARTESIAN_POINT('',(-0.96038150805,-7.446282940476E-02,
    6.581167060106E-02));
#194 = PCURVE('',#61,#195);
#195 = DEFINITIONAL_REPRESENTATION('',(#196),#199);
#196 = B_SPLINE_CURVE_WITH_KNOTS('',1,(#197,#198),.UNSPECIFIED.,.F.,.F.,
  (2,2),(0.,1.),.PIECEWISE_BEZIER_KNOTS.);
#197 = CARTESIAN_POINT('',(3.896577456362E-03,0.275406184416));
#198 = CARTESIAN_POINT('',(0.,0.276401227281));
#199 = ( GEOMETRIC_REPRESENTATION_CONTEXT(2) 
PARAMETRIC_REPRESENTATION_CONTEXT() REPRESENTATION_CONTEXT('2D SPACE',''
  ) );
#200 = PCURVE('',#87,#201);
#201 = DEFINITIONAL_REPRESENTATION('',(#202),#205);
#202 = B_SPLINE_CURVE_WITH_KNOTS('',1,(#203,#204),.UNSPECIFIED.,.F.,.F.,
  (2,2),(0.,1.),.PIECEWISE_BEZIER_KNOTS.);
#203 = CARTESIAN_POINT('',(0.345500791423,8.912754785411E-02));
#204 = CARTESIAN_POINT('',(0.3438495339,8.594583008495E-02));
#205 = ( GEOMETRIC_REPRESENTATION_CONTEXT(2) 
PARAMETRIC_REPRESENTATION_CONTEXT() REPRESENTATION_CONTEXT('2D SPACE',''
  ) );
#206 = ORIENTED_EDGE('',*,*,#39,.T.);
#207 = ORIENTED_EDGE('',*,*,#208,.T.);
#208 = EDGE_CURVE('',#42,#163,#209,.T.);
#209 = SURFACE_CURVE('',#210,(#216,#225),.PCURVE_S1.);
#210 = B_SPLINE_CURVE_WITH_KNOTS('',4,(#211,#212,#213,#214,#215),
  .UNSPECIFIED.,.F.,.F.,(5,5),(0.,1.),.PIECEWISE_BEZIER_KNOTS.);
#211 = CARTESIAN_POINT('',(-0.951,-0.13450306365,0.109593962169));
#212 = CARTESIAN_POINT('',(-0.951,-0.142655481813,0.115741684677));
#213 = CARTESIAN_POINT('',(-0.951,-0.150807853278,0.121889371969));
#214 = CARTESIAN_POINT('',(-0.951,-0.15896017347,0.128037020597));
#215 = CARTESIAN_POINT('',(-0.951,-0.16711243658,0.134184626179));
#216 = PCURVE('',#61,#217);
#217 = DEFINITIONAL_REPRESENTATION('',(#218),#224);
#218 = B_SPLINE_CURVE_WITH_KNOTS('',4,(#219,#220,#221,#222,#223),
  .UNSPECIFIED.,.F.,.F.,(5,5),(0.,1.),.PIECEWISE_BEZIER_KNOTS.);
#219 = CARTESIAN_POINT('',(3.896577456362E-03,0.497114519481));
#220 = CARTESIAN_POINT('',(2.960862772037E-03,0.527441591818));
#221 = CARTESIAN_POINT('',(2.000537486943E-03,0.557768490437));
#222 = CARTESIAN_POINT('',(1.01415125322E-03,0.588095198322));
#223 = CARTESIAN_POINT('',(0.,0.618421693858));
#224 = ( GEOMETRIC_REPRESENTATION_CONTEXT(2) 
PARAMETRIC_REPRESENTATION_CONTEXT() REPRESENTATION_CONTEXT('2D SPACE',''
  ) );
#225 = PCURVE('',#143,#226);
#226 = DEFINITIONAL_REPRESENTATION('',(#227),#233);
#227 = B_SPLINE_CURVE_WITH_KNOTS('',4,(#228,#229,#230,#231,#232),
  .UNSPECIFIED.,.F.,.F.,(5,5),(0.,1.),.PIECEWISE_BEZIER_KNOTS.);
#228 = CARTESIAN_POINT('',(0.299785359892,0.403155740419));
#229 = CARTESIAN_POINT('',(0.299661156613,0.457897268701));
#230 = CARTESIAN_POINT('',(0.299536954045,0.512638483406));
#231 = CARTESIAN_POINT('',(0.299412752259,0.567379353848));
#232 = CARTESIAN_POINT('',(0.299288551343,0.622119840968));
#233 = ( GEOMETRIC_REPRESENTATION_CONTEXT(2) 
PARAMETRIC_REPRESENTATION_CONTEXT() REPRESENTATION_CONTEXT('2D SPACE',''
  ) );
#234 = ADVANCED_FACE('',(#235),#143,.F.);
#235 = FACE_BOUND('',#236,.F.);
#236 = EDGE_LOOP('',(#237,#273,#296,#329,#330,#331,#360,#394,#419,#447,
    #481,#515,#549,#583));
#237 = ORIENTED_EDGE('',*,*,#238,.T.);
#238 = EDGE_CURVE('',#239,#241,#243,.T.);
#239 = VERTEX_POINT('',#240);
#240 = CARTESIAN_POINT('',(-0.951,-8.975056514027E-02,8.542540232596E-02
    ));
#241 = VERTEX_POINT('',#242);
#242 = CARTESIAN_POINT('',(-0.951,-7.446282940476E-02,7.43493657218E-02)
  );
#243 = SURFACE_CURVE('',#244,(#250,#259),.PCURVE_S1.);
#244 = B_SPLINE_CURVE_WITH_KNOTS('',4,(#245,#246,#247,#248,#249),
  .UNSPECIFIED.,.F.,.F.,(5,5),(0.,1.),.PIECEWISE_BEZIER_KNOTS.);
#245 = CARTESIAN_POINT('',(-0.951,-8.975056514027E-02,8.542540232596E-02
    ));
#246 = CARTESIAN_POINT('',(-0.951,-8.592864242489E-02,8.265640130277E-02
    ));
#247 = CARTESIAN_POINT('',(-0.951,-8.210671201483E-02,7.988739470475E-02
    ));
#248 = CARTESIAN_POINT('',(-0.951,-7.828477423971E-02,7.711838277072E-02
    ));
#249 = CARTESIAN_POINT('',(-0.951,-7.446282940476E-02,7.43493657218E-02)
  );
#250 = PCURVE('',#143,#251);
#251 = DEFINITIONAL_REPRESENTATION('',(#252),#258);
#252 = B_SPLINE_CURVE_WITH_KNOTS('',4,(#253,#254,#255,#256,#257),
  .UNSPECIFIED.,.F.,.F.,(5,5),(0.,1.),.PIECEWISE_BEZIER_KNOTS.);
#253 = CARTESIAN_POINT('',(0.290887959438,0.102653470579));
#254 = CARTESIAN_POINT('',(0.290833083606,7.69901782705E-02));
#255 = CARTESIAN_POINT('',(0.290778207663,5.132683427854E-02));
#256 = CARTESIAN_POINT('',(0.290723331615,2.566344084478E-02));
#257 = CARTESIAN_POINT('',(0.290668455465,0.));
#258 = ( GEOMETRIC_REPRESENTATION_CONTEXT(2) 
PARAMETRIC_REPRESENTATION_CONTEXT() REPRESENTATION_CONTEXT('2D SPACE',''
  ) );
#259 = PCURVE('',#260,#265);
#260 = B_SPLINE_SURFACE_WITH_KNOTS('',1,1,(
    (#261,#262)
    ,(#263,#264
    )),.UNSPECIFIED.,.F.,.F.,.F.,(2,2),(2,2),(0.,4.153575005899E-03),(0.
    ,1.),.PIECEWISE_BEZIER_KNOTS.);
#261 = CARTESIAN_POINT('',(-0.955580950653,4.910467518244E-03,
    1.664597937942E-02));
#262 = CARTESIAN_POINT('',(-0.93161828447,-0.267238388495,0.214849909469
    ));
#263 = CARTESIAN_POINT('',(-0.959732007571,4.824533271335E-03,
    1.652967329842E-02));
#264 = CARTESIAN_POINT('',(-0.934607045451,-0.267300261153,
    0.214766169091));
#265 = DEFINITIONAL_REPRESENTATION('',(#266),#272);
#266 = B_SPLINE_CURVE_WITH_KNOTS('',4,(#267,#268,#269,#270,#271),
  .UNSPECIFIED.,.F.,.F.,(5,5),(0.,1.),.PIECEWISE_BEZIER_KNOTS.);
#267 = CARTESIAN_POINT('',(4.153575005899E-03,0.347543113856));
#268 = CARTESIAN_POINT('',(3.763169774666E-03,0.333525164668));
#269 = CARTESIAN_POINT('',(3.377290518319E-03,0.319507187258));
#270 = CARTESIAN_POINT('',(2.99581928825E-03,0.305489182834));
#271 = CARTESIAN_POINT('',(2.618645992049E-03,0.291471152517));
#272 = ( GEOMETRIC_REPRESENTATION_CONTEXT(2) 
PARAMETRIC_REPRESENTATION_CONTEXT() REPRESENTATION_CONTEXT('2D SPACE',''
  ) );
#273 = ORIENTED_EDGE('',*,*,#274,.T.);
#274 = EDGE_CURVE('',#241,#275,#277,.T.);
#275 = VERTEX_POINT('',#276);
#276 = CARTESIAN_POINT('',(-0.951,-7.446282940476E-02,6.434183454798E-02
    ));
#277 = SURFACE_CURVE('',#278,(#282,#289),.PCURVE_S1.);
#278 = LINE('',#279,#280);
#279 = CARTESIAN_POINT('',(-0.951,-7.446282940476E-02,0.365017821187));
#280 = VECTOR('',#281,1.);
#281 = DIRECTION('',(0.,0.,-1.));
#282 = PCURVE('',#143,#283);
#283 = DEFINITIONAL_REPRESENTATION('',(#284),#288);
#284 = LINE('',#285,#286);
#285 = CARTESIAN_POINT('',(0.,0.));
#286 = VECTOR('',#287,1.);
#287 = DIRECTION('',(1.,0.));
#288 = ( GEOMETRIC_REPRESENTATION_CONTEXT(2) 
PARAMETRIC_REPRESENTATION_CONTEXT() REPRESENTATION_CONTEXT('2D SPACE',''
  ) );
#289 = PCURVE('',#87,#290);
#290 = DEFINITIONAL_REPRESENTATION('',(#291),#295);
#291 = LINE('',#292,#293);
#292 = CARTESIAN_POINT('',(6.286631034796E-02,0.189196792909));
#293 = VECTOR('',#294,1.);
#294 = DIRECTION('',(0.948982750038,-0.315327988182));
#295 = ( GEOMETRIC_REPRESENTATION_CONTEXT(2) 
PARAMETRIC_REPRESENTATION_CONTEXT() REPRESENTATION_CONTEXT('2D SPACE',''
  ) );
#296 = ORIENTED_EDGE('',*,*,#297,.T.);
#297 = EDGE_CURVE('',#275,#99,#298,.T.);
#298 = SURFACE_CURVE('',#299,(#307,#318),.PCURVE_S1.);
#299 = B_SPLINE_CURVE_WITH_KNOTS('',6,(#300,#301,#302,#303,#304,#305,
    #306),.UNSPECIFIED.,.F.,.F.,(7,7),(0.,1.),.PIECEWISE_BEZIER_KNOTS.);
#300 = CARTESIAN_POINT('',(-0.951,-7.446282940476E-02,6.434183454798E-02
    ));
#301 = CARTESIAN_POINT('',(-0.951,-7.928226815189E-02,6.797338393161E-02
    ));
#302 = CARTESIAN_POINT('',(-0.951,-8.252333539929E-02,7.041559689087E-02
    ));
#303 = CARTESIAN_POINT('',(-0.951,-8.641976316151E-02,7.33516379074E-02)
  );
#304 = CARTESIAN_POINT('',(-0.951,-9.168451013977E-02,7.73187364944E-02)
  );
#305 = CARTESIAN_POINT('',(-0.951,-9.689271103719E-02,8.124322640935E-02
    ));
#306 = CARTESIAN_POINT('',(-0.951,-9.781154231865E-02,8.193558528118E-02
    ));
#307 = PCURVE('',#143,#308);
#308 = DEFINITIONAL_REPRESENTATION('',(#309),#317);
#309 = B_SPLINE_CURVE_WITH_KNOTS('',6,(#310,#311,#312,#313,#314,#315,
    #316),.UNSPECIFIED.,.F.,.F.,(7,7),(0.,1.),.PIECEWISE_BEZIER_KNOTS.);
#310 = CARTESIAN_POINT('',(0.300675986639,0.));
#311 = CARTESIAN_POINT('',(0.300605341687,3.236137268524E-02));
#312 = CARTESIAN_POINT('',(0.300557833034,5.412436016037E-02));
#313 = CARTESIAN_POINT('',(0.300500717887,8.028793595628E-02));
#314 = CARTESIAN_POINT('',(0.300423545458,0.11563944637));
#315 = CARTESIAN_POINT('',(0.300347201899,0.150611263443));
#316 = CARTESIAN_POINT('',(0.300333733362,0.156780994629));
#317 = ( GEOMETRIC_REPRESENTATION_CONTEXT(2) 
PARAMETRIC_REPRESENTATION_CONTEXT() REPRESENTATION_CONTEXT('2D SPACE',''
  ) );
#318 = PCURVE('',#113,#319);
#319 = DEFINITIONAL_REPRESENTATION('',(#320),#328);
#320 = B_SPLINE_CURVE_WITH_KNOTS('',6,(#321,#322,#323,#324,#325,#326,
    #327),.UNSPECIFIED.,.F.,.F.,(7,7),(0.,1.),.PIECEWISE_BEZIER_KNOTS.);
#321 = CARTESIAN_POINT('',(2.39017032057E-03,0.27380681285));
#322 = CARTESIAN_POINT('',(1.909905674023E-03,0.291730263559));
#323 = CARTESIAN_POINT('',(1.58013525541E-03,0.303783764413));
#324 = CARTESIAN_POINT('',(1.187387007337E-03,0.318274545312));
#325 = CARTESIAN_POINT('',(6.453451323443E-04,0.337854093453));
#326 = CARTESIAN_POINT('',(9.638565113033E-05,0.357223347212));
#327 = CARTESIAN_POINT('',(0.,0.360640472742));
#328 = ( GEOMETRIC_REPRESENTATION_CONTEXT(2) 
PARAMETRIC_REPRESENTATION_CONTEXT() REPRESENTATION_CONTEXT('2D SPACE',''
  ) );
#329 = ORIENTED_EDGE('',*,*,#125,.T.);
#330 = ORIENTED_EDGE('',*,*,#208,.T.);
#331 = ORIENTED_EDGE('',*,*,#332,.T.);
#332 = EDGE_CURVE('',#163,#333,#335,.T.);
#333 = VERTEX_POINT('',#334);
#334 = CARTESIAN_POINT('',(-0.951,-0.196155277124,0.156094253679));
#335 = SURFACE_CURVE('',#336,(#342,#351),.PCURVE_S1.);
#336 = B_SPLINE_CURVE_WITH_KNOTS('',4,(#337,#338,#339,#340,#341),
  .UNSPECIFIED.,.F.,.F.,(5,5),(0.,1.),.PIECEWISE_BEZIER_KNOTS.);
#337 = CARTESIAN_POINT('',(-0.951,-0.16711243658,0.134184626179));
#338 = CARTESIAN_POINT('',(-0.951,-0.174373219102,0.139662087661));
#339 = CARTESIAN_POINT('',(-0.951,-0.181633956292,0.145139514945));
#340 = CARTESIAN_POINT('',(-0.951,-0.188894644001,0.150616904902));
#341 = CARTESIAN_POINT('',(-0.951,-0.196155277124,0.156094253679));
#342 = PCURVE('',#143,#343);
#343 = DEFINITIONAL_REPRESENTATION('',(#344),#350);
#344 = B_SPLINE_CURVE_WITH_KNOTS('',4,(#345,#346,#347,#348,#349),
  .UNSPECIFIED.,.F.,.F.,(5,5),(0.,1.),.PIECEWISE_BEZIER_KNOTS.);
#345 = CARTESIAN_POINT('',(0.299288551343,0.622119840972));
#346 = CARTESIAN_POINT('',(0.299175812604,0.670874250274));
#347 = CARTESIAN_POINT('',(0.299063074569,0.71962835508));
#348 = CARTESIAN_POINT('',(0.298950337303,0.768382127837));
#349 = CARTESIAN_POINT('',(0.298837600884,0.817135533838));
#350 = ( GEOMETRIC_REPRESENTATION_CONTEXT(2) 
PARAMETRIC_REPRESENTATION_CONTEXT() REPRESENTATION_CONTEXT('2D SPACE',''
  ) );
#351 = PCURVE('',#177,#352);
#352 = DEFINITIONAL_REPRESENTATION('',(#353),#359);
#353 = B_SPLINE_CURVE_WITH_KNOTS('',4,(#354,#355,#356,#357,#358),
  .UNSPECIFIED.,.F.,.F.,(5,5),(0.,1.),.PIECEWISE_BEZIER_KNOTS.);
#354 = CARTESIAN_POINT('',(3.751790295395E-03,0.618421693858));
#355 = CARTESIAN_POINT('',(2.848154668228E-03,0.645435614631));
#356 = CARTESIAN_POINT('',(1.922480044463E-03,0.672449366746));
#357 = CARTESIAN_POINT('',(9.735614275613E-04,0.699462934767));
#358 = CARTESIAN_POINT('',(0.,0.726476299701));
#359 = ( GEOMETRIC_REPRESENTATION_CONTEXT(2) 
PARAMETRIC_REPRESENTATION_CONTEXT() REPRESENTATION_CONTEXT('2D SPACE',''
  ) );
#360 = ORIENTED_EDGE('',*,*,#361,.T.);
#361 = EDGE_CURVE('',#333,#362,#364,.T.);
#362 = VERTEX_POINT('',#363);
#363 = CARTESIAN_POINT('',(-0.951,-0.222058709956,0.1756431534));
#364 = SURFACE_CURVE('',#365,(#371,#380),.PCURVE_S1.);
#365 = B_SPLINE_CURVE_WITH_KNOTS('',4,(#366,#367,#368,#369,#370),
  .UNSPECIFIED.,.F.,.F.,(5,5),(0.,1.),.PIECEWISE_BEZIER_KNOTS.);
#366 = CARTESIAN_POINT('',(-0.951,-0.196155277124,0.156094253679));
#367 = CARTESIAN_POINT('',(-0.951,-0.202631204445,0.160981530768));
#368 = CARTESIAN_POINT('',(-0.951,-0.209107088279,0.165868775038));
#369 = CARTESIAN_POINT('',(-0.951,-0.215582924935,0.170755983703));
#370 = CARTESIAN_POINT('',(-0.951,-0.222058709956,0.1756431534));
#371 = PCURVE('',#143,#372);
#372 = DEFINITIONAL_REPRESENTATION('',(#373),#379);
#373 = B_SPLINE_CURVE_WITH_KNOTS('',4,(#374,#375,#376,#377,#378),
  .UNSPECIFIED.,.F.,.F.,(5,5),(0.,1.),.PIECEWISE_BEZIER_KNOTS.);
#374 = CARTESIAN_POINT('',(0.298837600884,0.817135533881));
#375 = CARTESIAN_POINT('',(0.298735146159,0.860619829169));
#376 = CARTESIAN_POINT('',(0.298632692121,0.90410383235));
#377 = CARTESIAN_POINT('',(0.29853023883,0.947587518959));
#378 = CARTESIAN_POINT('',(0.298427786356,0.991070858612));
#379 = ( GEOMETRIC_REPRESENTATION_CONTEXT(2) 
PARAMETRIC_REPRESENTATION_CONTEXT() REPRESENTATION_CONTEXT('2D SPACE',''
  ) );
#380 = PCURVE('',#381,#386);
#381 = B_SPLINE_SURFACE_WITH_KNOTS('',1,1,(
    (#382,#383)
    ,(#384,#385
    )),.UNSPECIFIED.,.F.,.F.,.F.,(2,2),(2,2),(0.,3.596658862616E-03),(0.
    ,1.),.PIECEWISE_BEZIER_KNOTS.);
#382 = CARTESIAN_POINT('',(-0.975249746421,9.763935371232E-04,
    1.132148136401E-02));
#383 = CARTESIAN_POINT('',(-0.945779817423,-0.270070921762,
    0.211016270898));
#384 = CARTESIAN_POINT('',(-0.971683855002,6.974282755154E-04,
    1.094392110741E-02));
#385 = CARTESIAN_POINT('',(-0.943212375601,-0.27027177675,0.210744427513
    ));
#386 = DEFINITIONAL_REPRESENTATION('',(#387),#393);
#387 = B_SPLINE_CURVE_WITH_KNOTS('',4,(#388,#389,#390,#391,#392),
  .UNSPECIFIED.,.F.,.F.,(5,5),(0.,1.),.PIECEWISE_BEZIER_KNOTS.);
#388 = CARTESIAN_POINT('',(3.596658862616E-03,0.726476299701));
#389 = CARTESIAN_POINT('',(2.727948948985E-03,0.75057350541));
#390 = CARTESIAN_POINT('',(1.839622568479E-03,0.774670549302));
#391 = CARTESIAN_POINT('',(9.306863743904E-04,0.798767417642));
#392 = CARTESIAN_POINT('',(0.,0.82286409385));
#393 = ( GEOMETRIC_REPRESENTATION_CONTEXT(2) 
PARAMETRIC_REPRESENTATION_CONTEXT() REPRESENTATION_CONTEXT('2D SPACE',''
  ) );
#394 = ORIENTED_EDGE('',*,*,#395,.T.);
#395 = EDGE_CURVE('',#362,#396,#398,.T.);
#396 = VERTEX_POINT('',#397);
#397 = CARTESIAN_POINT('',(-0.951,-0.223388488214,0.176647107513));
#398 = SURFACE_CURVE('',#399,(#402,#408),.PCURVE_S1.);
#399 = B_SPLINE_CURVE_WITH_KNOTS('',1,(#400,#401),.UNSPECIFIED.,.F.,.F.,
  (2,2),(0.,1.),.PIECEWISE_BEZIER_KNOTS.);
#400 = CARTESIAN_POINT('',(-0.951,-0.222058709956,0.1756431534));
#401 = CARTESIAN_POINT('',(-0.951,-0.223388488214,0.176647107513));
#402 = PCURVE('',#143,#403);
#403 = DEFINITIONAL_REPRESENTATION('',(#404),#407);
#404 = B_SPLINE_CURVE_WITH_KNOTS('',1,(#405,#406),.UNSPECIFIED.,.F.,.F.,
  (2,2),(0.,1.),.PIECEWISE_BEZIER_KNOTS.);
#405 = CARTESIAN_POINT('',(0.298427786356,0.991070858657));
#406 = CARTESIAN_POINT('',(0.298406356048,1.));
#407 = ( GEOMETRIC_REPRESENTATION_CONTEXT(2) 
PARAMETRIC_REPRESENTATION_CONTEXT() REPRESENTATION_CONTEXT('2D SPACE',''
  ) );
#408 = PCURVE('',#409,#414);
#409 = B_SPLINE_SURFACE_WITH_KNOTS('',1,1,(
    (#410,#411)
    ,(#412,#413
    )),.UNSPECIFIED.,.F.,.F.,.F.,(2,2),(2,2),(0.,3.431604232115E-03),(0.
    ,1.),.PIECEWISE_BEZIER_KNOTS.);
#410 = CARTESIAN_POINT('',(-0.978651043067,1.246819761667E-03,
    1.168748462241E-02));
#411 = CARTESIAN_POINT('',(-0.948228751008,-0.26987621488,0.211279793244
    ));
#412 = CARTESIAN_POINT('',(-0.975249746421,9.763935371232E-04,
    1.132148136401E-02));
#413 = CARTESIAN_POINT('',(-0.945779817423,-0.270070921762,
    0.211016270898));
#414 = DEFINITIONAL_REPRESENTATION('',(#415),#418);
#415 = B_SPLINE_CURVE_WITH_KNOTS('',1,(#416,#417),.UNSPECIFIED.,.F.,.F.,
  (2,2),(0.,1.),.PIECEWISE_BEZIER_KNOTS.);
#416 = CARTESIAN_POINT('',(3.431604232115E-03,0.82286409385));
#417 = CARTESIAN_POINT('',(3.240066139496E-03,0.827812948328));
#418 = ( GEOMETRIC_REPRESENTATION_CONTEXT(2) 
PARAMETRIC_REPRESENTATION_CONTEXT() REPRESENTATION_CONTEXT('2D SPACE',''
  ) );
#419 = ORIENTED_EDGE('',*,*,#420,.F.);
#420 = EDGE_CURVE('',#421,#396,#423,.T.);
#421 = VERTEX_POINT('',#422);
#422 = CARTESIAN_POINT('',(-0.951,-0.223388488214,0.182155455004));
#423 = SURFACE_CURVE('',#424,(#428,#435),.PCURVE_S1.);
#424 = LINE('',#425,#426);
#425 = CARTESIAN_POINT('',(-0.951,-0.223388488214,0.475053463561));
#426 = VECTOR('',#427,1.);
#427 = DIRECTION('',(0.,0.,-1.));
#428 = PCURVE('',#143,#429);
#429 = DEFINITIONAL_REPRESENTATION('',(#430),#434);
#430 = LINE('',#431,#432);
#431 = CARTESIAN_POINT('',(0.,1.));
#432 = VECTOR('',#433,1.);
#433 = DIRECTION('',(1.,0.));
#434 = ( GEOMETRIC_REPRESENTATION_CONTEXT(2) 
PARAMETRIC_REPRESENTATION_CONTEXT() REPRESENTATION_CONTEXT('2D SPACE',''
  ) );
#435 = PCURVE('',#436,#441);
#436 = PLANE('',#437);
#437 = AXIS2_PLACEMENT_3D('',#438,#439,#440);
#438 = CARTESIAN_POINT('',(-1.117104,-0.223388488214,0.475053463561));
#439 = DIRECTION('',(0.,-1.,0.));
#440 = DIRECTION('',(0.266804719368,0.,-0.963750611789));
#441 = DEFINITIONAL_REPRESENTATION('',(#442),#446);
#442 = LINE('',#443,#444);
#443 = CARTESIAN_POINT('',(4.431733110584E-02,0.160082831621));
#444 = VECTOR('',#445,1.);
#445 = DIRECTION('',(0.963750611789,-0.266804719368));
#446 = ( GEOMETRIC_REPRESENTATION_CONTEXT(2) 
PARAMETRIC_REPRESENTATION_CONTEXT() REPRESENTATION_CONTEXT('2D SPACE',''
  ) );
#447 = ORIENTED_EDGE('',*,*,#448,.T.);
#448 = EDGE_CURVE('',#421,#449,#451,.T.);
#449 = VERTEX_POINT('',#450);
#450 = CARTESIAN_POINT('',(-0.951,-0.217566705231,0.177945641038));
#451 = SURFACE_CURVE('',#452,(#458,#467),.PCURVE_S1.);
#452 = B_SPLINE_CURVE_WITH_KNOTS('',4,(#453,#454,#455,#456,#457),
  .UNSPECIFIED.,.F.,.F.,(5,5),(0.,1.),.PIECEWISE_BEZIER_KNOTS.);
#453 = CARTESIAN_POINT('',(-0.951,-0.223388488214,0.182155455004));
#454 = CARTESIAN_POINT('',(-0.951,-0.221933046263,0.181103004257));
#455 = CARTESIAN_POINT('',(-0.951,-0.220477601662,0.180050551593));
#456 = CARTESIAN_POINT('',(-0.951,-0.219022154732,0.178998097246));
#457 = CARTESIAN_POINT('',(-0.951,-0.217566705231,0.177945641038));
#458 = PCURVE('',#143,#459);
#459 = DEFINITIONAL_REPRESENTATION('',(#460),#466);
#460 = B_SPLINE_CURVE_WITH_KNOTS('',4,(#461,#462,#463,#464,#465),
  .UNSPECIFIED.,.F.,.F.,(5,5),(0.,1.),.PIECEWISE_BEZIER_KNOTS.);
#461 = CARTESIAN_POINT('',(0.292898008556,1.));
#462 = CARTESIAN_POINT('',(0.29287508726,0.990227056903));
#463 = CARTESIAN_POINT('',(0.292852165924,0.980454096981));
#464 = CARTESIAN_POINT('',(0.292829244547,0.97068111993));
#465 = CARTESIAN_POINT('',(0.292806323133,0.960908126751));
#466 = ( GEOMETRIC_REPRESENTATION_CONTEXT(2) 
PARAMETRIC_REPRESENTATION_CONTEXT() REPRESENTATION_CONTEXT('2D SPACE',''
  ) );
#467 = PCURVE('',#468,#473);
#468 = B_SPLINE_SURFACE_WITH_KNOTS('',1,1,(
    (#469,#470)
    ,(#471,#472
    )),.UNSPECIFIED.,.F.,.F.,.F.,(2,2),(2,2),(0.,3.431604232115E-03),(0.
    ,1.),.PIECEWISE_BEZIER_KNOTS.);
#469 = CARTESIAN_POINT('',(-0.974995066042,4.456686589949E-03,
    1.603181816544E-02));
#470 = CARTESIAN_POINT('',(-0.94559644755,-0.267565110763,0.214407713395
    ));
#471 = CARTESIAN_POINT('',(-0.978423026718,4.362739879017E-03,
    1.590466776657E-02));
#472 = CARTESIAN_POINT('',(-0.948064579237,-0.267632752395,
    0.214316165108));
#473 = DEFINITIONAL_REPRESENTATION('',(#474),#480);
#474 = B_SPLINE_CURVE_WITH_KNOTS('',4,(#475,#476,#477,#478,#479),
  .UNSPECIFIED.,.F.,.F.,(5,5),(0.,1.),.PIECEWISE_BEZIER_KNOTS.);
#475 = CARTESIAN_POINT('',(8.203829887222E-04,0.83753575802));
#476 = CARTESIAN_POINT('',(6.136869584921E-04,0.832201097942));
#477 = CARTESIAN_POINT('',(4.08066090562E-04,0.826866428153));
#478 = CARTESIAN_POINT('',(2.035078483207E-04,0.821531749827));
#479 = CARTESIAN_POINT('',(0.,0.816197062076));
#480 = ( GEOMETRIC_REPRESENTATION_CONTEXT(2) 
PARAMETRIC_REPRESENTATION_CONTEXT() REPRESENTATION_CONTEXT('2D SPACE',''
  ) );
#481 = ORIENTED_EDGE('',*,*,#482,.T.);
#482 = EDGE_CURVE('',#449,#483,#485,.T.);
#483 = VERTEX_POINT('',#484);
#484 = CARTESIAN_POINT('',(-0.951,-0.190933674328,0.158679433844));
#485 = SURFACE_CURVE('',#486,(#492,#501),.PCURVE_S1.);
#486 = B_SPLINE_CURVE_WITH_KNOTS('',4,(#487,#488,#489,#490,#491),
  .UNSPECIFIED.,.F.,.F.,(5,5),(0.,1.),.PIECEWISE_BEZIER_KNOTS.);
#487 = CARTESIAN_POINT('',(-0.951,-0.217566705231,0.177945641038));
#488 = CARTESIAN_POINT('',(-0.951,-0.210908519994,0.173129141678));
#489 = CARTESIAN_POINT('',(-0.951,-0.20425028357,0.168312605289));
#490 = CARTESIAN_POINT('',(-0.951,-0.19759200046,0.163496035127));
#491 = CARTESIAN_POINT('',(-0.951,-0.190933674328,0.158679433844));
#492 = PCURVE('',#143,#493);
#493 = DEFINITIONAL_REPRESENTATION('',(#494),#500);
#494 = B_SPLINE_CURVE_WITH_KNOTS('',4,(#495,#496,#497,#498,#499),
  .UNSPECIFIED.,.F.,.F.,(5,5),(0.,1.),.PIECEWISE_BEZIER_KNOTS.);
#495 = CARTESIAN_POINT('',(0.292806323133,0.960908126706));
#496 = CARTESIAN_POINT('',(0.29270333652,0.916200013358));
#497 = CARTESIAN_POINT('',(0.292600349116,0.871491556268));
#498 = CARTESIAN_POINT('',(0.29249736099,0.826782785718));
#499 = CARTESIAN_POINT('',(0.292394372198,0.782073726275));
#500 = ( GEOMETRIC_REPRESENTATION_CONTEXT(2) 
PARAMETRIC_REPRESENTATION_CONTEXT() REPRESENTATION_CONTEXT('2D SPACE',''
  ) );
#501 = PCURVE('',#502,#507);
#502 = B_SPLINE_SURFACE_WITH_KNOTS('',1,1,(
    (#503,#504)
    ,(#505,#506
    )),.UNSPECIFIED.,.F.,.F.,.F.,(2,2),(2,2),(0.,3.596658862616E-03),(0.
    ,1.),.PIECEWISE_BEZIER_KNOTS.);
#503 = CARTESIAN_POINT('',(-0.971401884551,4.550649347582E-03,
    1.615899028242E-02));
#504 = CARTESIAN_POINT('',(-0.943009356877,-0.267497457578,
    0.214499277319));
#505 = CARTESIAN_POINT('',(-0.974995066042,4.456686589949E-03,
    1.603181816544E-02));
#506 = CARTESIAN_POINT('',(-0.94559644755,-0.267565110763,0.214407713395
    ));
#507 = DEFINITIONAL_REPRESENTATION('',(#508),#514);
#508 = B_SPLINE_CURVE_WITH_KNOTS('',4,(#509,#510,#511,#512,#513),
  .UNSPECIFIED.,.F.,.F.,(5,5),(0.,1.),.PIECEWISE_BEZIER_KNOTS.);
#509 = CARTESIAN_POINT('',(3.596658862616E-03,0.816197062076));
#510 = CARTESIAN_POINT('',(2.665642441826E-03,0.791789381875));
#511 = CARTESIAN_POINT('',(1.756611702711E-03,0.767381514028));
#512 = CARTESIAN_POINT('',(8.68401968798E-04,0.742973475041));
#513 = CARTESIAN_POINT('',(0.,0.718565278343));
#514 = ( GEOMETRIC_REPRESENTATION_CONTEXT(2) 
PARAMETRIC_REPRESENTATION_CONTEXT() REPRESENTATION_CONTEXT('2D SPACE',''
  ) );
#515 = ORIENTED_EDGE('',*,*,#516,.T.);
#516 = EDGE_CURVE('',#483,#517,#519,.T.);
#517 = VERTEX_POINT('',#518);
#518 = CARTESIAN_POINT('',(-0.951,-0.161064477972,0.137063831859));
#519 = SURFACE_CURVE('',#520,(#526,#535),.PCURVE_S1.);
#520 = B_SPLINE_CURVE_WITH_KNOTS('',4,(#521,#522,#523,#524,#525),
  .UNSPECIFIED.,.F.,.F.,(5,5),(0.,1.),.PIECEWISE_BEZIER_KNOTS.);
#521 = CARTESIAN_POINT('',(-0.951,-0.190933674328,0.158679433844));
#522 = CARTESIAN_POINT('',(-0.951,-0.183466451505,0.15327558854));
#523 = CARTESIAN_POINT('',(-0.951,-0.175999174566,0.147871704073));
#524 = CARTESIAN_POINT('',(-0.951,-0.1685318487,0.142467784199));
#525 = CARTESIAN_POINT('',(-0.951,-0.161064477972,0.137063831859));
#526 = PCURVE('',#143,#527);
#527 = DEFINITIONAL_REPRESENTATION('',(#528),#534);
#528 = B_SPLINE_CURVE_WITH_KNOTS('',4,(#529,#530,#531,#532,#533),
  .UNSPECIFIED.,.F.,.F.,(5,5),(0.,1.),.PIECEWISE_BEZIER_KNOTS.);
#529 = CARTESIAN_POINT('',(0.292394372198,0.782073726274));
#530 = CARTESIAN_POINT('',(0.292280963681,0.731933119977));
#531 = CARTESIAN_POINT('',(0.292167554343,0.681792150412));
#532 = CARTESIAN_POINT('',(0.292054144261,0.631650852083));
#533 = CARTESIAN_POINT('',(0.291940733499,0.581509252773));
#534 = ( GEOMETRIC_REPRESENTATION_CONTEXT(2) 
PARAMETRIC_REPRESENTATION_CONTEXT() REPRESENTATION_CONTEXT('2D SPACE',''
  ) );
#535 = PCURVE('',#536,#541);
#536 = B_SPLINE_SURFACE_WITH_KNOTS('',1,1,(
    (#537,#538)
    ,(#539,#540
    )),.UNSPECIFIED.,.F.,.F.,.F.,(2,2),(2,2),(0.,3.751790295395E-03),(0.
    ,1.),.PIECEWISE_BEZIER_KNOTS.);
#537 = CARTESIAN_POINT('',(-0.967653371466,4.6438163482E-03,
    1.628508539712E-02));
#538 = CARTESIAN_POINT('',(-0.940310427455,-0.267430377338,
    0.214590065802));
#539 = CARTESIAN_POINT('',(-0.971401884551,4.550649347582E-03,
    1.615899028242E-02));
#540 = CARTESIAN_POINT('',(-0.943009356877,-0.267497457578,
    0.214499277319));
#541 = DEFINITIONAL_REPRESENTATION('',(#542),#548);
#542 = B_SPLINE_CURVE_WITH_KNOTS('',4,(#543,#544,#545,#546,#547),
  .UNSPECIFIED.,.F.,.F.,(5,5),(0.,1.),.PIECEWISE_BEZIER_KNOTS.);
#543 = CARTESIAN_POINT('',(3.751790295395E-03,0.718565278343));
#544 = CARTESIAN_POINT('',(2.777848882436E-03,0.69118812279));
#545 = CARTESIAN_POINT('',(1.828822868275E-03,0.663810768828));
#546 = CARTESIAN_POINT('',(9.032830965506E-04,0.636433235487));
#547 = CARTESIAN_POINT('',(0.,0.609055537665));
#548 = ( GEOMETRIC_REPRESENTATION_CONTEXT(2) 
PARAMETRIC_REPRESENTATION_CONTEXT() REPRESENTATION_CONTEXT('2D SPACE',''
  ) );
#549 = ORIENTED_EDGE('',*,*,#550,.T.);
#550 = EDGE_CURVE('',#517,#551,#553,.T.);
#551 = VERTEX_POINT('',#552);
#552 = CARTESIAN_POINT('',(-0.951,-0.127515527502,0.112775937329));
#553 = SURFACE_CURVE('',#554,(#560,#569),.PCURVE_S1.);
#554 = B_SPLINE_CURVE_WITH_KNOTS('',4,(#555,#556,#557,#558,#559),
  .UNSPECIFIED.,.F.,.F.,(5,5),(0.,1.),.PIECEWISE_BEZIER_KNOTS.);
#555 = CARTESIAN_POINT('',(-0.951,-0.161064477972,0.137063831859));
#556 = CARTESIAN_POINT('',(-0.951,-0.152677319668,0.130991915646));
#557 = CARTESIAN_POINT('',(-0.951,-0.144290104818,0.124919958496));
#558 = CARTESIAN_POINT('',(-0.951,-0.135902839241,0.118847964622));
#559 = CARTESIAN_POINT('',(-0.951,-0.127515527502,0.112775937329));
#560 = PCURVE('',#143,#561);
#561 = DEFINITIONAL_REPRESENTATION('',(#562),#568);
#562 = B_SPLINE_CURVE_WITH_KNOTS('',4,(#563,#564,#565,#566,#567),
  .UNSPECIFIED.,.F.,.F.,(5,5),(0.,1.),.PIECEWISE_BEZIER_KNOTS.);
#563 = CARTESIAN_POINT('',(0.291940733498,0.581509252727));
#564 = CARTESIAN_POINT('',(0.291815689705,0.525191500846));
#565 = CARTESIAN_POINT('',(0.291690645068,0.468873369237));
#566 = CARTESIAN_POINT('',(0.291565599674,0.412554897039));
#567 = CARTESIAN_POINT('',(0.291440553593,0.356236114861));
#568 = ( GEOMETRIC_REPRESENTATION_CONTEXT(2) 
PARAMETRIC_REPRESENTATION_CONTEXT() REPRESENTATION_CONTEXT('2D SPACE',''
  ) );
#569 = PCURVE('',#570,#575);
#570 = B_SPLINE_SURFACE_WITH_KNOTS('',1,1,(
    (#571,#572)
    ,(#573,#574
    )),.UNSPECIFIED.,.F.,.F.,.F.,(2,2),(2,2),(0.,3.896577456362E-03),(0.
    ,1.),.PIECEWISE_BEZIER_KNOTS.);
#571 = CARTESIAN_POINT('',(-0.963759841623,4.735379822177E-03,
    1.640901024902E-02));
#572 = CARTESIAN_POINT('',(-0.937507085969,-0.267364451636,
    0.214679291695));
#573 = CARTESIAN_POINT('',(-0.967653371466,4.6438163482E-03,
    1.628508539712E-02));
#574 = CARTESIAN_POINT('',(-0.940310427455,-0.267430377338,
    0.214590065802));
#575 = DEFINITIONAL_REPRESENTATION('',(#576),#582);
#576 = B_SPLINE_CURVE_WITH_KNOTS('',4,(#577,#578,#579,#580,#581),
  .UNSPECIFIED.,.F.,.F.,(5,5),(0.,1.),.PIECEWISE_BEZIER_KNOTS.);
#577 = CARTESIAN_POINT('',(3.896577456362E-03,0.609055537665));
#578 = CARTESIAN_POINT('',(2.881989991257E-03,0.578301489502));
#579 = CARTESIAN_POINT('',(1.895482331907E-03,0.547547233996));
#580 = CARTESIAN_POINT('',(9.353123583033E-04,0.516792792483));
#581 = CARTESIAN_POINT('',(0.,0.486038181705));
#582 = ( GEOMETRIC_REPRESENTATION_CONTEXT(2) 
PARAMETRIC_REPRESENTATION_CONTEXT() REPRESENTATION_CONTEXT('2D SPACE',''
  ) );
#583 = ORIENTED_EDGE('',*,*,#584,.T.);
#584 = EDGE_CURVE('',#551,#239,#585,.T.);
#585 = SURFACE_CURVE('',#586,(#592,#601),.PCURVE_S1.);
#586 = B_SPLINE_CURVE_WITH_KNOTS('',4,(#587,#588,#589,#590,#591),
  .UNSPECIFIED.,.F.,.F.,(5,5),(0.,1.),.PIECEWISE_BEZIER_KNOTS.);
#587 = CARTESIAN_POINT('',(-0.951,-0.127515527502,0.112775937329));
#588 = CARTESIAN_POINT('',(-0.951,-0.118074368496,0.105938362664));
#589 = CARTESIAN_POINT('',(-0.951,-0.108633151015,9.910074564968E-02));
#590 = CARTESIAN_POINT('',(-0.951,-9.919188156599E-02,9.226309099897E-02
    ));
#591 = CARTESIAN_POINT('',(-0.951,-8.975056514027E-02,8.542540232596E-02
    ));
#592 = PCURVE('',#143,#593);
#593 = DEFINITIONAL_REPRESENTATION('',(#594),#600);
#594 = B_SPLINE_CURVE_WITH_KNOTS('',4,(#595,#596,#597,#598,#599),
  .UNSPECIFIED.,.F.,.F.,(5,5),(0.,1.),.PIECEWISE_BEZIER_KNOTS.);
#595 = CARTESIAN_POINT('',(0.291440553593,0.356236114859));
#596 = CARTESIAN_POINT('',(0.291302406248,0.292841001614));
#597 = CARTESIAN_POINT('',(0.291164258048,0.229445495708));
#598 = CARTESIAN_POINT('',(0.291026109087,0.166049640869));
#599 = CARTESIAN_POINT('',(0.290887959438,0.102653470582));
#600 = ( GEOMETRIC_REPRESENTATION_CONTEXT(2) 
PARAMETRIC_REPRESENTATION_CONTEXT() REPRESENTATION_CONTEXT('2D SPACE',''
  ) );
#601 = PCURVE('',#602,#607);
#602 = B_SPLINE_SURFACE_WITH_KNOTS('',1,1,(
    (#603,#604)
    ,(#605,#606
    )),.UNSPECIFIED.,.F.,.F.,.F.,(2,2),(2,2),(0.,4.030627130218E-03),(0.
    ,1.),.PIECEWISE_BEZIER_KNOTS.);
#603 = CARTESIAN_POINT('',(-0.959732007571,4.824533271335E-03,
    1.652967329842E-02));
#604 = CARTESIAN_POINT('',(-0.934607045451,-0.267300261153,
    0.214766169091));
#605 = CARTESIAN_POINT('',(-0.963759841623,4.735379822177E-03,
    1.640901024902E-02));
#606 = CARTESIAN_POINT('',(-0.937507085969,-0.267364451636,
    0.214679291695));
#607 = DEFINITIONAL_REPRESENTATION('',(#608),#614);
#608 = B_SPLINE_CURVE_WITH_KNOTS('',4,(#609,#610,#611,#612,#613),
  .UNSPECIFIED.,.F.,.F.,(5,5),(0.,1.),.PIECEWISE_BEZIER_KNOTS.);
#609 = CARTESIAN_POINT('',(4.030627130218E-03,0.486038181705));
#610 = CARTESIAN_POINT('',(2.977748680474E-03,0.451414713936));
#611 = CARTESIAN_POINT('',(1.956368892854E-03,0.416791031721));
#612 = CARTESIAN_POINT('',(9.643762068068E-04,0.382167158928));
#613 = CARTESIAN_POINT('',(0.,0.347543113856));
#614 = ( GEOMETRIC_REPRESENTATION_CONTEXT(2) 
PARAMETRIC_REPRESENTATION_CONTEXT() REPRESENTATION_CONTEXT('2D SPACE',''
  ) );
#615 = ADVANCED_FACE('',(#616),#113,.T.);
#616 = FACE_BOUND('',#617,.T.);
#617 = EDGE_LOOP('',(#618,#619,#637));
#618 = ORIENTED_EDGE('',*,*,#98,.F.);
#619 = ORIENTED_EDGE('',*,*,#620,.F.);
#620 = EDGE_CURVE('',#275,#74,#621,.T.);
#621 = SURFACE_CURVE('',#622,(#625,#631),.PCURVE_S1.);
#622 = B_SPLINE_CURVE_WITH_KNOTS('',1,(#623,#624),.UNSPECIFIED.,.F.,.F.,
  (2,2),(0.,1.),.PIECEWISE_BEZIER_KNOTS.);
#623 = CARTESIAN_POINT('',(-0.949394290543,-7.446282940476E-02,
    6.409586658078E-02));
#624 = CARTESIAN_POINT('',(-0.953175750867,-7.446282940476E-02,
    6.467512337275E-02));
#625 = PCURVE('',#113,#626);
#626 = DEFINITIONAL_REPRESENTATION('',(#627),#630);
#627 = B_SPLINE_CURVE_WITH_KNOTS('',1,(#628,#629),.UNSPECIFIED.,.F.,.F.,
  (2,2),(0.,1.),.PIECEWISE_BEZIER_KNOTS.);
#628 = CARTESIAN_POINT('',(4.153575005899E-03,0.273372653651));
#629 = CARTESIAN_POINT('',(0.,0.2743951025));
#630 = ( GEOMETRIC_REPRESENTATION_CONTEXT(2) 
PARAMETRIC_REPRESENTATION_CONTEXT() REPRESENTATION_CONTEXT('2D SPACE',''
  ) );
#631 = PCURVE('',#87,#632);
#632 = DEFINITIONAL_REPRESENTATION('',(#633),#636);
#633 = B_SPLINE_CURVE_WITH_KNOTS('',1,(#634,#635),.UNSPECIFIED.,.F.,.F.,
  (2,2),(0.,1.),.PIECEWISE_BEZIER_KNOTS.);
#634 = CARTESIAN_POINT('',(0.348942379509,9.583146894002E-02));
#635 = CARTESIAN_POINT('',(0.34720027453,9.242558420126E-02));
#636 = ( GEOMETRIC_REPRESENTATION_CONTEXT(2) 
PARAMETRIC_REPRESENTATION_CONTEXT() REPRESENTATION_CONTEXT('2D SPACE',''
  ) );
#637 = ORIENTED_EDGE('',*,*,#297,.T.);
#638 = ADVANCED_FACE('',(#639),#87,.F.);
#639 = FACE_BOUND('',#640,.F.);
#640 = EDGE_LOOP('',(#641,#642,#662,#682,#702,#722,#742,#762,#787,#812,
    #837,#862,#887,#912,#937,#962,#987,#1012,#1037,#1062,#1087,#1112,
    #1137,#1162,#1187,#1212,#1237,#1262,#1287,#1312,#1337,#1362,#1387,
    #1412,#1437,#1462,#1487,#1512,#1532,#1552,#1570,#1571,#1572));
#641 = ORIENTED_EDGE('',*,*,#274,.F.);
#642 = ORIENTED_EDGE('',*,*,#643,.F.);
#643 = EDGE_CURVE('',#644,#241,#646,.T.);
#644 = VERTEX_POINT('',#645);
#645 = CARTESIAN_POINT('',(-0.952411498655,-7.446282940476E-02,
    7.428864734111E-02));
#646 = SURFACE_CURVE('',#647,(#650,#656),.PCURVE_S1.);
#647 = B_SPLINE_CURVE_WITH_KNOTS('',1,(#648,#649),.UNSPECIFIED.,.F.,.F.,
  (2,2),(0.,1.),.PIECEWISE_BEZIER_KNOTS.);
#648 = CARTESIAN_POINT('',(-0.952411498655,-7.446282940476E-02,
    7.428864734111E-02));
#649 = CARTESIAN_POINT('',(-0.948592143697,-7.446282940476E-02,
    7.445294437925E-02));
#650 = PCURVE('',#87,#651);
#651 = DEFINITIONAL_REPRESENTATION('',(#652),#655);
#652 = B_SPLINE_CURVE_WITH_KNOTS('',1,(#653,#654),.UNSPECIFIED.,.F.,.F.,
  (2,2),(0.,1.),.PIECEWISE_BEZIER_KNOTS.);
#653 = CARTESIAN_POINT('',(0.338318196229,9.61822595397E-02));
#654 = CARTESIAN_POINT('',(0.339366630689,9.985856896514E-02));
#655 = ( GEOMETRIC_REPRESENTATION_CONTEXT(2) 
PARAMETRIC_REPRESENTATION_CONTEXT() REPRESENTATION_CONTEXT('2D SPACE',''
  ) );
#656 = PCURVE('',#260,#657);
#657 = DEFINITIONAL_REPRESENTATION('',(#658),#661);
#658 = B_SPLINE_CURVE_WITH_KNOTS('',1,(#659,#660),.UNSPECIFIED.,.F.,.F.,
  (2,2),(0.,1.),.PIECEWISE_BEZIER_KNOTS.);
#659 = CARTESIAN_POINT('',(4.153575005899E-03,0.291363978221));
#660 = CARTESIAN_POINT('',(0.,0.291653979685));
#661 = ( GEOMETRIC_REPRESENTATION_CONTEXT(2) 
PARAMETRIC_REPRESENTATION_CONTEXT() REPRESENTATION_CONTEXT('2D SPACE',''
  ) );
#662 = ORIENTED_EDGE('',*,*,#663,.F.);
#663 = EDGE_CURVE('',#664,#644,#666,.T.);
#664 = VERTEX_POINT('',#665);
#665 = CARTESIAN_POINT('',(-0.956118634262,-7.446282940476E-02,
    7.411816482397E-02));
#666 = SURFACE_CURVE('',#667,(#670,#676),.PCURVE_S1.);
#667 = B_SPLINE_CURVE_WITH_KNOTS('',1,(#668,#669),.UNSPECIFIED.,.F.,.F.,
  (2,2),(0.,1.),.PIECEWISE_BEZIER_KNOTS.);
#668 = CARTESIAN_POINT('',(-0.956118634262,-7.446282940476E-02,
    7.411816482397E-02));
#669 = CARTESIAN_POINT('',(-0.952411498655,-7.446282940476E-02,
    7.428864734111E-02));
#670 = PCURVE('',#87,#671);
#671 = DEFINITIONAL_REPRESENTATION('',(#672),#675);
#672 = B_SPLINE_CURVE_WITH_KNOTS('',1,(#673,#674),.UNSPECIFIED.,.F.,.F.,
  (2,2),(0.,1.),.PIECEWISE_BEZIER_KNOTS.);
#673 = CARTESIAN_POINT('',(0.337311017584,9.261049388731E-02));
#674 = CARTESIAN_POINT('',(0.338318196229,9.61822595397E-02));
#675 = ( GEOMETRIC_REPRESENTATION_CONTEXT(2) 
PARAMETRIC_REPRESENTATION_CONTEXT() REPRESENTATION_CONTEXT('2D SPACE',''
  ) );
#676 = PCURVE('',#602,#677);
#677 = DEFINITIONAL_REPRESENTATION('',(#678),#681);
#678 = B_SPLINE_CURVE_WITH_KNOTS('',1,(#679,#680),.UNSPECIFIED.,.F.,.F.,
  (2,2),(0.,1.),.PIECEWISE_BEZIER_KNOTS.);
#679 = CARTESIAN_POINT('',(4.030627130218E-03,0.29106305874));
#680 = CARTESIAN_POINT('',(0.,0.291363978221));
#681 = ( GEOMETRIC_REPRESENTATION_CONTEXT(2) 
PARAMETRIC_REPRESENTATION_CONTEXT() REPRESENTATION_CONTEXT('2D SPACE',''
  ) );
#682 = ORIENTED_EDGE('',*,*,#683,.F.);
#683 = EDGE_CURVE('',#684,#664,#686,.T.);
#684 = VERTEX_POINT('',#685);
#685 = CARTESIAN_POINT('',(-0.959703302566,-7.446282940476E-02,
    7.394304120471E-02));
#686 = SURFACE_CURVE('',#687,(#690,#696),.PCURVE_S1.);
#687 = B_SPLINE_CURVE_WITH_KNOTS('',1,(#688,#689),.UNSPECIFIED.,.F.,.F.,
  (2,2),(0.,1.),.PIECEWISE_BEZIER_KNOTS.);
#688 = CARTESIAN_POINT('',(-0.959703302566,-7.446282940476E-02,
    7.394304120471E-02));
#689 = CARTESIAN_POINT('',(-0.956118634262,-7.446282940476E-02,
    7.411816482397E-02));
#690 = PCURVE('',#87,#691);
#691 = DEFINITIONAL_REPRESENTATION('',(#692),#695);
#692 = B_SPLINE_CURVE_WITH_KNOTS('',1,(#693,#694),.UNSPECIFIED.,.F.,.F.,
  (2,2),(0.,1.),.PIECEWISE_BEZIER_KNOTS.);
#693 = CARTESIAN_POINT('',(0.336346860633,8.915348412382E-02));
#694 = CARTESIAN_POINT('',(0.337311017584,9.261049388731E-02));
#695 = ( GEOMETRIC_REPRESENTATION_CONTEXT(2) 
PARAMETRIC_REPRESENTATION_CONTEXT() REPRESENTATION_CONTEXT('2D SPACE',''
  ) );
#696 = PCURVE('',#570,#697);
#697 = DEFINITIONAL_REPRESENTATION('',(#698),#701);
#698 = B_SPLINE_CURVE_WITH_KNOTS('',1,(#699,#700),.UNSPECIFIED.,.F.,.F.,
  (2,2),(0.,1.),.PIECEWISE_BEZIER_KNOTS.);
#699 = CARTESIAN_POINT('',(3.896577456362E-03,0.290753947228));
#700 = CARTESIAN_POINT('',(0.,0.29106305874));
#701 = ( GEOMETRIC_REPRESENTATION_CONTEXT(2) 
PARAMETRIC_REPRESENTATION_CONTEXT() REPRESENTATION_CONTEXT('2D SPACE',''
  ) );
#702 = ORIENTED_EDGE('',*,*,#703,.F.);
#703 = EDGE_CURVE('',#704,#684,#706,.T.);
#704 = VERTEX_POINT('',#705);
#705 = CARTESIAN_POINT('',(-0.963155576913,-7.446282940476E-02,
    7.376481681295E-02));
#706 = SURFACE_CURVE('',#707,(#710,#716),.PCURVE_S1.);
#707 = B_SPLINE_CURVE_WITH_KNOTS('',1,(#708,#709),.UNSPECIFIED.,.F.,.F.,
  (2,2),(0.,1.),.PIECEWISE_BEZIER_KNOTS.);
#708 = CARTESIAN_POINT('',(-0.963155576913,-7.446282940476E-02,
    7.376481681295E-02));
#709 = CARTESIAN_POINT('',(-0.959703302566,-7.446282940476E-02,
    7.394304120471E-02));
#710 = PCURVE('',#87,#711);
#711 = DEFINITIONAL_REPRESENTATION('',(#712),#715);
#712 = B_SPLINE_CURVE_WITH_KNOTS('',1,(#713,#714),.UNSPECIFIED.,.F.,.F.,
  (2,2),(0.,1.),.PIECEWISE_BEZIER_KNOTS.);
#713 = CARTESIAN_POINT('',(0.335427393782,8.58211361811E-02));
#714 = CARTESIAN_POINT('',(0.336346860633,8.915348412382E-02));
#715 = ( GEOMETRIC_REPRESENTATION_CONTEXT(2) 
PARAMETRIC_REPRESENTATION_CONTEXT() REPRESENTATION_CONTEXT('2D SPACE',''
  ) );
#716 = PCURVE('',#536,#717);
#717 = DEFINITIONAL_REPRESENTATION('',(#718),#721);
#718 = B_SPLINE_CURVE_WITH_KNOTS('',1,(#719,#720),.UNSPECIFIED.,.F.,.F.,
  (2,2),(0.,1.),.PIECEWISE_BEZIER_KNOTS.);
#719 = CARTESIAN_POINT('',(3.751790295395E-03,0.290439362528));
#720 = CARTESIAN_POINT('',(0.,0.290753947228));
#721 = ( GEOMETRIC_REPRESENTATION_CONTEXT(2) 
PARAMETRIC_REPRESENTATION_CONTEXT() REPRESENTATION_CONTEXT('2D SPACE',''
  ) );
#722 = ORIENTED_EDGE('',*,*,#723,.F.);
#723 = EDGE_CURVE('',#724,#704,#726,.T.);
#724 = VERTEX_POINT('',#725);
#725 = CARTESIAN_POINT('',(-0.966465879172,-7.446282940476E-02,
    7.35850355504E-02));
#726 = SURFACE_CURVE('',#727,(#730,#736),.PCURVE_S1.);
#727 = B_SPLINE_CURVE_WITH_KNOTS('',1,(#728,#729),.UNSPECIFIED.,.F.,.F.,
  (2,2),(0.,1.),.PIECEWISE_BEZIER_KNOTS.);
#728 = CARTESIAN_POINT('',(-0.966465879172,-7.446282940476E-02,
    7.35850355504E-02));
#729 = CARTESIAN_POINT('',(-0.963155576913,-7.446282940476E-02,
    7.376481681295E-02));
#730 = PCURVE('',#87,#731);
#731 = DEFINITIONAL_REPRESENTATION('',(#732),#735);
#732 = B_SPLINE_CURVE_WITH_KNOTS('',1,(#733,#734),.UNSPECIFIED.,.F.,.F.,
  (2,2),(0.,1.),.PIECEWISE_BEZIER_KNOTS.);
#733 = CARTESIAN_POINT('',(0.334554172147,8.262302637565E-02));
#734 = CARTESIAN_POINT('',(0.335427393782,8.58211361811E-02));
#735 = ( GEOMETRIC_REPRESENTATION_CONTEXT(2) 
PARAMETRIC_REPRESENTATION_CONTEXT() REPRESENTATION_CONTEXT('2D SPACE',''
  ) );
#736 = PCURVE('',#502,#737);
#737 = DEFINITIONAL_REPRESENTATION('',(#738),#741);
#738 = B_SPLINE_CURVE_WITH_KNOTS('',1,(#739,#740),.UNSPECIFIED.,.F.,.F.,
  (2,2),(0.,1.),.PIECEWISE_BEZIER_KNOTS.);
#739 = CARTESIAN_POINT('',(3.596658862616E-03,0.290122029788));
#740 = CARTESIAN_POINT('',(0.,0.290439362528));
#741 = ( GEOMETRIC_REPRESENTATION_CONTEXT(2) 
PARAMETRIC_REPRESENTATION_CONTEXT() REPRESENTATION_CONTEXT('2D SPACE',''
  ) );
#742 = ORIENTED_EDGE('',*,*,#743,.F.);
#743 = EDGE_CURVE('',#744,#724,#746,.T.);
#744 = VERTEX_POINT('',#745);
#745 = CARTESIAN_POINT('',(-0.969625006261,-7.446282940476E-02,
    7.340525021956E-02));
#746 = SURFACE_CURVE('',#747,(#750,#756),.PCURVE_S1.);
#747 = B_SPLINE_CURVE_WITH_KNOTS('',1,(#748,#749),.UNSPECIFIED.,.F.,.F.,
  (2,2),(0.,1.),.PIECEWISE_BEZIER_KNOTS.);
#748 = CARTESIAN_POINT('',(-0.969625006261,-7.446282940476E-02,
    7.340525021956E-02));
#749 = CARTESIAN_POINT('',(-0.966465879172,-7.446282940476E-02,
    7.35850355504E-02));
#750 = PCURVE('',#87,#751);
#751 = DEFINITIONAL_REPRESENTATION('',(#752),#755);
#752 = B_SPLINE_CURVE_WITH_KNOTS('',1,(#753,#754),.UNSPECIFIED.,.F.,.F.,
  (2,2),(0.,1.),.PIECEWISE_BEZIER_KNOTS.);
#753 = CARTESIAN_POINT('',(0.333728624136,7.956837791646E-02));
#754 = CARTESIAN_POINT('',(0.334554172147,8.262302637565E-02));
#755 = ( GEOMETRIC_REPRESENTATION_CONTEXT(2) 
PARAMETRIC_REPRESENTATION_CONTEXT() REPRESENTATION_CONTEXT('2D SPACE',''
  ) );
#756 = PCURVE('',#468,#757);
#757 = DEFINITIONAL_REPRESENTATION('',(#758),#761);
#758 = B_SPLINE_CURVE_WITH_KNOTS('',1,(#759,#760),.UNSPECIFIED.,.F.,.F.,
  (2,2),(0.,1.),.PIECEWISE_BEZIER_KNOTS.);
#759 = CARTESIAN_POINT('',(3.431604232115E-03,0.289804689867));
#760 = CARTESIAN_POINT('',(0.,0.290122029788));
#761 = ( GEOMETRIC_REPRESENTATION_CONTEXT(2) 
PARAMETRIC_REPRESENTATION_CONTEXT() REPRESENTATION_CONTEXT('2D SPACE',''
  ) );
#762 = ORIENTED_EDGE('',*,*,#763,.F.);
#763 = EDGE_CURVE('',#764,#744,#766,.T.);
#764 = VERTEX_POINT('',#765);
#765 = CARTESIAN_POINT('',(-0.972624155992,-7.446282940476E-02,
    7.322702488044E-02));
#766 = SURFACE_CURVE('',#767,(#770,#776),.PCURVE_S1.);
#767 = B_SPLINE_CURVE_WITH_KNOTS('',1,(#768,#769),.UNSPECIFIED.,.F.,.F.,
  (2,2),(0.,1.),.PIECEWISE_BEZIER_KNOTS.);
#768 = CARTESIAN_POINT('',(-0.972624155992,-7.446282940476E-02,
    7.322702488044E-02));
#769 = CARTESIAN_POINT('',(-0.969625006261,-7.446282940476E-02,
    7.340525021956E-02));
#770 = PCURVE('',#87,#771);
#771 = DEFINITIONAL_REPRESENTATION('',(#772),#775);
#772 = B_SPLINE_CURVE_WITH_KNOTS('',1,(#773,#774),.UNSPECIFIED.,.F.,.F.,
  (2,2),(0.,1.),.PIECEWISE_BEZIER_KNOTS.);
#773 = CARTESIAN_POINT('',(0.332952041057,7.666603711946E-02));
#774 = CARTESIAN_POINT('',(0.333728624136,7.956837791646E-02));
#775 = ( GEOMETRIC_REPRESENTATION_CONTEXT(2) 
PARAMETRIC_REPRESENTATION_CONTEXT() REPRESENTATION_CONTEXT('2D SPACE',''
  ) );
#776 = PCURVE('',#777,#782);
#777 = B_SPLINE_SURFACE_WITH_KNOTS('',1,1,(
    (#778,#779)
    ,(#780,#781
    )),.UNSPECIFIED.,.F.,.F.,.F.,(2,2),(2,2),(0.,3.257074307208E-03),(0.
    ,1.),.PIECEWISE_BEZIER_KNOTS.);
#778 = CARTESIAN_POINT('',(-0.978423026718,4.362739879017E-03,
    1.590466776657E-02));
#779 = CARTESIAN_POINT('',(-0.948064579237,-0.267632752395,
    0.214316165108));
#780 = CARTESIAN_POINT('',(-0.981676329831,4.269626272937E-03,
    1.577864491769E-02));
#781 = CARTESIAN_POINT('',(-0.950406957478,-0.267699794192,
    0.214225428657));
#782 = DEFINITIONAL_REPRESENTATION('',(#783),#786);
#783 = B_SPLINE_CURVE_WITH_KNOTS('',1,(#784,#785),.UNSPECIFIED.,.F.,.F.,
  (2,2),(0.,1.),.PIECEWISE_BEZIER_KNOTS.);
#784 = CARTESIAN_POINT('',(3.257074307208E-03,0.289490103495));
#785 = CARTESIAN_POINT('',(0.,0.289804689867));
#786 = ( GEOMETRIC_REPRESENTATION_CONTEXT(2) 
PARAMETRIC_REPRESENTATION_CONTEXT() REPRESENTATION_CONTEXT('2D SPACE',''
  ) );
#787 = ORIENTED_EDGE('',*,*,#788,.F.);
#788 = EDGE_CURVE('',#789,#764,#791,.T.);
#789 = VERTEX_POINT('',#790);
#790 = CARTESIAN_POINT('',(-0.97545495225,-7.446282940476E-02,
    7.305193373175E-02));
#791 = SURFACE_CURVE('',#792,(#795,#801),.PCURVE_S1.);
#792 = B_SPLINE_CURVE_WITH_KNOTS('',1,(#793,#794),.UNSPECIFIED.,.F.,.F.,
  (2,2),(0.,1.),.PIECEWISE_BEZIER_KNOTS.);
#793 = CARTESIAN_POINT('',(-0.97545495225,-7.446282940476E-02,
    7.305193373175E-02));
#794 = CARTESIAN_POINT('',(-0.972624155992,-7.446282940476E-02,
    7.322702488044E-02));
#795 = PCURVE('',#87,#796);
#796 = DEFINITIONAL_REPRESENTATION('',(#797),#800);
#797 = B_SPLINE_CURVE_WITH_KNOTS('',1,(#798,#799),.UNSPECIFIED.,.F.,.F.,
  (2,2),(0.,1.),.PIECEWISE_BEZIER_KNOTS.);
#798 = CARTESIAN_POINT('',(0.332225570248,7.3924449162E-02));
#799 = CARTESIAN_POINT('',(0.332952041057,7.666603711946E-02));
#800 = ( GEOMETRIC_REPRESENTATION_CONTEXT(2) 
PARAMETRIC_REPRESENTATION_CONTEXT() REPRESENTATION_CONTEXT('2D SPACE',''
  ) );
#801 = PCURVE('',#802,#807);
#802 = B_SPLINE_SURFACE_WITH_KNOTS('',1,1,(
    (#803,#804)
    ,(#805,#806
    )),.UNSPECIFIED.,.F.,.F.,.F.,(2,2),(2,2),(0.,3.073542799665E-03),(0.
    ,1.),.PIECEWISE_BEZIER_KNOTS.);
#803 = CARTESIAN_POINT('',(-0.981676329831,4.269626272937E-03,
    1.577864491769E-02));
#804 = CARTESIAN_POINT('',(-0.950406957478,-0.267699794192,
    0.214225428657));
#805 = CARTESIAN_POINT('',(-0.984746016845,4.178167501585E-03,
    1.565486177358E-02));
#806 = CARTESIAN_POINT('',(-0.952617132129,-0.267765644507,
    0.214136304793));
#807 = DEFINITIONAL_REPRESENTATION('',(#808),#811);
#808 = B_SPLINE_CURVE_WITH_KNOTS('',1,(#809,#810),.UNSPECIFIED.,.F.,.F.,
  (2,2),(0.,1.),.PIECEWISE_BEZIER_KNOTS.);
#809 = CARTESIAN_POINT('',(3.073542799665E-03,0.289181049296));
#810 = CARTESIAN_POINT('',(0.,0.289490103495));
#811 = ( GEOMETRIC_REPRESENTATION_CONTEXT(2) 
PARAMETRIC_REPRESENTATION_CONTEXT() REPRESENTATION_CONTEXT('2D SPACE',''
  ) );
#812 = ORIENTED_EDGE('',*,*,#813,.F.);
#813 = EDGE_CURVE('',#814,#789,#816,.T.);
#814 = VERTEX_POINT('',#815);
#815 = CARTESIAN_POINT('',(-0.978109469491,-7.446282940476E-02,
    7.288155621355E-02));
#816 = SURFACE_CURVE('',#817,(#820,#826),.PCURVE_S1.);
#817 = B_SPLINE_CURVE_WITH_KNOTS('',1,(#818,#819),.UNSPECIFIED.,.F.,.F.,
  (2,2),(0.,1.),.PIECEWISE_BEZIER_KNOTS.);
#818 = CARTESIAN_POINT('',(-0.978109469491,-7.446282940476E-02,
    7.288155621355E-02));
#819 = CARTESIAN_POINT('',(-0.97545495225,-7.446282940476E-02,
    7.305193373175E-02));
#820 = PCURVE('',#87,#821);
#821 = DEFINITIONAL_REPRESENTATION('',(#822),#825);
#822 = B_SPLINE_CURVE_WITH_KNOTS('',1,(#823,#824),.UNSPECIFIED.,.F.,.F.,
  (2,2),(0.,1.),.PIECEWISE_BEZIER_KNOTS.);
#823 = CARTESIAN_POINT('',(0.331550211993,7.135163329053E-02));
#824 = CARTESIAN_POINT('',(0.332225570248,7.3924449162E-02));
#825 = ( GEOMETRIC_REPRESENTATION_CONTEXT(2) 
PARAMETRIC_REPRESENTATION_CONTEXT() REPRESENTATION_CONTEXT('2D SPACE',''
  ) );
#826 = PCURVE('',#827,#832);
#827 = B_SPLINE_SURFACE_WITH_KNOTS('',1,1,(
    (#828,#829)
    ,(#830,#831
    )),.UNSPECIFIED.,.F.,.F.,.F.,(2,2),(2,2),(0.,2.881508206621E-03),(0.
    ,1.),.PIECEWISE_BEZIER_KNOTS.);
#828 = CARTESIAN_POINT('',(-0.984746016845,4.178167501585E-03,
    1.565486177358E-02));
#829 = CARTESIAN_POINT('',(-0.952617132129,-0.267765644507,
    0.214136304793));
#830 = CARTESIAN_POINT('',(-0.987623632019,4.089187425302E-03,
    1.553443337242E-02));
#831 = CARTESIAN_POINT('',(-0.954689015054,-0.267829710162,
    0.214049596344));
#832 = DEFINITIONAL_REPRESENTATION('',(#833),#836);
#833 = B_SPLINE_CURVE_WITH_KNOTS('',1,(#834,#835),.UNSPECIFIED.,.F.,.F.,
  (2,2),(0.,1.),.PIECEWISE_BEZIER_KNOTS.);
#834 = CARTESIAN_POINT('',(2.881508206621E-03,0.288880315149));
#835 = CARTESIAN_POINT('',(0.,0.289181049296));
#836 = ( GEOMETRIC_REPRESENTATION_CONTEXT(2) 
PARAMETRIC_REPRESENTATION_CONTEXT() REPRESENTATION_CONTEXT('2D SPACE',''
  ) );
#837 = ORIENTED_EDGE('',*,*,#838,.F.);
#838 = EDGE_CURVE('',#839,#814,#841,.T.);
#839 = VERTEX_POINT('',#840);
#840 = CARTESIAN_POINT('',(-0.980580256526,-7.446282940476E-02,
    7.271746824227E-02));
#841 = SURFACE_CURVE('',#842,(#845,#851),.PCURVE_S1.);
#842 = B_SPLINE_CURVE_WITH_KNOTS('',1,(#843,#844),.UNSPECIFIED.,.F.,.F.,
  (2,2),(0.,1.),.PIECEWISE_BEZIER_KNOTS.);
#843 = CARTESIAN_POINT('',(-0.980580256526,-7.446282940476E-02,
    7.271746824227E-02));
#844 = CARTESIAN_POINT('',(-0.978109469491,-7.446282940476E-02,
    7.288155621355E-02));
#845 = PCURVE('',#87,#846);
#846 = DEFINITIONAL_REPRESENTATION('',(#847),#850);
#847 = B_SPLINE_CURVE_WITH_KNOTS('',1,(#848,#849),.UNSPECIFIED.,.F.,.F.,
  (2,2),(0.,1.),.PIECEWISE_BEZIER_KNOTS.);
#848 = CARTESIAN_POINT('',(0.330926820342,6.895515748535E-02));
#849 = CARTESIAN_POINT('',(0.331550211993,7.135163329053E-02));
#850 = ( GEOMETRIC_REPRESENTATION_CONTEXT(2) 
PARAMETRIC_REPRESENTATION_CONTEXT() REPRESENTATION_CONTEXT('2D SPACE',''
  ) );
#851 = PCURVE('',#852,#857);
#852 = B_SPLINE_SURFACE_WITH_KNOTS('',1,1,(
    (#853,#854)
    ,(#855,#856
    )),.UNSPECIFIED.,.F.,.F.,.F.,(2,2),(2,2),(0.,2.681492770208E-03),(0.
    ,1.),.PIECEWISE_BEZIER_KNOTS.);
#853 = CARTESIAN_POINT('',(-0.987623632019,4.089187425302E-03,
    1.553443337242E-02));
#854 = CARTESIAN_POINT('',(-0.954689015054,-0.267829710162,
    0.214049596344));
#855 = CARTESIAN_POINT('',(-0.990301245746,4.003507491263E-03,
    1.541847148636E-02));
#856 = CARTESIAN_POINT('',(-0.956616896937,-0.267891399715,
    0.213966103786));
#857 = DEFINITIONAL_REPRESENTATION('',(#858),#861);
#858 = B_SPLINE_CURVE_WITH_KNOTS('',1,(#859,#860),.UNSPECIFIED.,.F.,.F.,
  (2,2),(0.,1.),.PIECEWISE_BEZIER_KNOTS.);
#859 = CARTESIAN_POINT('',(2.681492770208E-03,0.288590682711));
#860 = CARTESIAN_POINT('',(0.,0.288880315149));
#861 = ( GEOMETRIC_REPRESENTATION_CONTEXT(2) 
PARAMETRIC_REPRESENTATION_CONTEXT() REPRESENTATION_CONTEXT('2D SPACE',''
  ) );
#862 = ORIENTED_EDGE('',*,*,#863,.F.);
#863 = EDGE_CURVE('',#864,#839,#866,.T.);
#864 = VERTEX_POINT('',#865);
#865 = CARTESIAN_POINT('',(-0.982860359532,-7.446282940476E-02,
    7.256122970589E-02));
#866 = SURFACE_CURVE('',#867,(#870,#876),.PCURVE_S1.);
#867 = B_SPLINE_CURVE_WITH_KNOTS('',1,(#868,#869),.UNSPECIFIED.,.F.,.F.,
  (2,2),(0.,1.),.PIECEWISE_BEZIER_KNOTS.);
#868 = CARTESIAN_POINT('',(-0.982860359532,-7.446282940476E-02,
    7.256122970589E-02));
#869 = CARTESIAN_POINT('',(-0.980580256526,-7.446282940476E-02,
    7.271746824227E-02));
#870 = PCURVE('',#87,#871);
#871 = DEFINITIONAL_REPRESENTATION('',(#872),#875);
#872 = B_SPLINE_CURVE_WITH_KNOTS('',1,(#873,#874),.UNSPECIFIED.,.F.,.F.,
  (2,2),(0.,1.),.PIECEWISE_BEZIER_KNOTS.);
#873 = CARTESIAN_POINT('',(0.330356107724,6.674211268148E-02));
#874 = CARTESIAN_POINT('',(0.330926820342,6.895515748535E-02));
#875 = ( GEOMETRIC_REPRESENTATION_CONTEXT(2) 
PARAMETRIC_REPRESENTATION_CONTEXT() REPRESENTATION_CONTEXT('2D SPACE',''
  ) );
#876 = PCURVE('',#877,#882);
#877 = B_SPLINE_SURFACE_WITH_KNOTS('',1,1,(
    (#878,#879)
    ,(#880,#881
    )),.UNSPECIFIED.,.F.,.F.,.F.,(2,2),(2,2),(0.,2.474041401648E-03),(0.
    ,1.),.PIECEWISE_BEZIER_KNOTS.);
#878 = CARTESIAN_POINT('',(-0.990301245746,4.003507491263E-03,
    1.541847148636E-02));
#879 = CARTESIAN_POINT('',(-0.956616896937,-0.267891399715,
    0.213966103786));
#880 = CARTESIAN_POINT('',(-0.992771476595,3.921940256354E-03,
    1.530807585514E-02));
#881 = CARTESIAN_POINT('',(-0.958395463148,-0.267950128124,
    0.213886618932));
#882 = DEFINITIONAL_REPRESENTATION('',(#883),#886);
#883 = B_SPLINE_CURVE_WITH_KNOTS('',1,(#884,#885),.UNSPECIFIED.,.F.,.F.,
  (2,2),(0.,1.),.PIECEWISE_BEZIER_KNOTS.);
#884 = CARTESIAN_POINT('',(2.474041401648E-03,0.288314905346));
#885 = CARTESIAN_POINT('',(0.,0.288590682711));
#886 = ( GEOMETRIC_REPRESENTATION_CONTEXT(2) 
PARAMETRIC_REPRESENTATION_CONTEXT() REPRESENTATION_CONTEXT('2D SPACE',''
  ) );
#887 = ORIENTED_EDGE('',*,*,#888,.F.);
#888 = EDGE_CURVE('',#889,#864,#891,.T.);
#889 = VERTEX_POINT('',#890);
#890 = CARTESIAN_POINT('',(-0.984943344191,-7.446282940476E-02,
    7.241436855618E-02));
#891 = SURFACE_CURVE('',#892,(#895,#901),.PCURVE_S1.);
#892 = B_SPLINE_CURVE_WITH_KNOTS('',1,(#893,#894),.UNSPECIFIED.,.F.,.F.,
  (2,2),(0.,1.),.PIECEWISE_BEZIER_KNOTS.);
#893 = CARTESIAN_POINT('',(-0.984943344191,-7.446282940476E-02,
    7.241436855618E-02));
#894 = CARTESIAN_POINT('',(-0.982860359532,-7.446282940476E-02,
    7.256122970589E-02));
#895 = PCURVE('',#87,#896);
#896 = DEFINITIONAL_REPRESENTATION('',(#897),#900);
#897 = B_SPLINE_CURVE_WITH_KNOTS('',1,(#898,#899),.UNSPECIFIED.,.F.,.F.,
  (2,2),(0.,1.),.PIECEWISE_BEZIER_KNOTS.);
#898 = CARTESIAN_POINT('',(0.32983865306,6.471908674071E-02));
#899 = CARTESIAN_POINT('',(0.330356107724,6.674211268148E-02));
#900 = ( GEOMETRIC_REPRESENTATION_CONTEXT(2) 
PARAMETRIC_REPRESENTATION_CONTEXT() REPRESENTATION_CONTEXT('2D SPACE',''
  ) );
#901 = PCURVE('',#902,#907);
#902 = B_SPLINE_SURFACE_WITH_KNOTS('',1,1,(
    (#903,#904)
    ,(#905,#906
    )),.UNSPECIFIED.,.F.,.F.,.F.,(2,2),(2,2),(0.,2.259720549055E-03),(0.
    ,1.),.PIECEWISE_BEZIER_KNOTS.);
#903 = CARTESIAN_POINT('',(-0.992771476595,3.921940256354E-03,
    1.530807585514E-02));
#904 = CARTESIAN_POINT('',(-0.958395463148,-0.267950128124,
    0.213886618932));
#905 = CARTESIAN_POINT('',(-0.995027511988,3.845281153727E-03,
    1.520432304273E-02));
#906 = CARTESIAN_POINT('',(-0.960019808631,-0.268005322678,
    0.213811916907));
#907 = DEFINITIONAL_REPRESENTATION('',(#908),#911);
#908 = B_SPLINE_CURVE_WITH_KNOTS('',1,(#909,#910),.UNSPECIFIED.,.F.,.F.,
  (2,2),(0.,1.),.PIECEWISE_BEZIER_KNOTS.);
#909 = CARTESIAN_POINT('',(2.259720549055E-03,0.28805568005));
#910 = CARTESIAN_POINT('',(0.,0.288314905346));
#911 = ( GEOMETRIC_REPRESENTATION_CONTEXT(2) 
PARAMETRIC_REPRESENTATION_CONTEXT() REPRESENTATION_CONTEXT('2D SPACE',''
  ) );
#912 = ORIENTED_EDGE('',*,*,#913,.F.);
#913 = EDGE_CURVE('',#914,#889,#916,.T.);
#914 = VERTEX_POINT('',#915);
#915 = CARTESIAN_POINT('',(-0.986823316841,-7.446282940476E-02,
    7.22783620262E-02));
#916 = SURFACE_CURVE('',#917,(#920,#926),.PCURVE_S1.);
#917 = B_SPLINE_CURVE_WITH_KNOTS('',1,(#918,#919),.UNSPECIFIED.,.F.,.F.,
  (2,2),(0.,1.),.PIECEWISE_BEZIER_KNOTS.);
#918 = CARTESIAN_POINT('',(-0.986823316841,-7.446282940476E-02,
    7.22783620262E-02));
#919 = CARTESIAN_POINT('',(-0.984943344191,-7.446282940476E-02,
    7.241436855618E-02));
#920 = PCURVE('',#87,#921);
#921 = DEFINITIONAL_REPRESENTATION('',(#922),#925);
#922 = B_SPLINE_CURVE_WITH_KNOTS('',1,(#923,#924),.UNSPECIFIED.,.F.,.F.,
  (2,2),(0.,1.),.PIECEWISE_BEZIER_KNOTS.);
#923 = CARTESIAN_POINT('',(0.329374912917,6.28921384598E-02));
#924 = CARTESIAN_POINT('',(0.32983865306,6.471908674071E-02));
#925 = ( GEOMETRIC_REPRESENTATION_CONTEXT(2) 
PARAMETRIC_REPRESENTATION_CONTEXT() REPRESENTATION_CONTEXT('2D SPACE',''
  ) );
#926 = PCURVE('',#927,#932);
#927 = B_SPLINE_SURFACE_WITH_KNOTS('',1,1,(
    (#928,#929)
    ,(#930,#931
    )),.UNSPECIFIED.,.F.,.F.,.F.,(2,2),(2,2),(0.,2.039116986853E-03),(0.
    ,1.),.PIECEWISE_BEZIER_KNOTS.);
#928 = CARTESIAN_POINT('',(-0.995027511988,3.845281153727E-03,
    1.520432304273E-02));
#929 = CARTESIAN_POINT('',(-0.960019808631,-0.268005322678,
    0.213811916907));
#930 = CARTESIAN_POINT('',(-0.997063127421,3.774298778817E-03,
    1.510825329006E-02));
#931 = CARTESIAN_POINT('',(-0.961485451743,-0.268056429987,
    0.213742746685));
#932 = DEFINITIONAL_REPRESENTATION('',(#933),#936);
#933 = B_SPLINE_CURVE_WITH_KNOTS('',1,(#934,#935),.UNSPECIFIED.,.F.,.F.,
  (2,2),(0.,1.),.PIECEWISE_BEZIER_KNOTS.);
#934 = CARTESIAN_POINT('',(2.039116986853E-03,0.287815614293));
#935 = CARTESIAN_POINT('',(0.,0.28805568005));
#936 = ( GEOMETRIC_REPRESENTATION_CONTEXT(2) 
PARAMETRIC_REPRESENTATION_CONTEXT() REPRESENTATION_CONTEXT('2D SPACE',''
  ) );
#937 = ORIENTED_EDGE('',*,*,#938,.F.);
#938 = EDGE_CURVE('',#939,#914,#941,.T.);
#939 = VERTEX_POINT('',#940);
#940 = CARTESIAN_POINT('',(-0.988494944475,-7.446282940476E-02,
    7.215461566632E-02));
#941 = SURFACE_CURVE('',#942,(#945,#951),.PCURVE_S1.);
#942 = B_SPLINE_CURVE_WITH_KNOTS('',1,(#943,#944),.UNSPECIFIED.,.F.,.F.,
  (2,2),(0.,1.),.PIECEWISE_BEZIER_KNOTS.);
#943 = CARTESIAN_POINT('',(-0.988494944475,-7.446282940476E-02,
    7.215461566632E-02));
#944 = CARTESIAN_POINT('',(-0.986823316841,-7.446282940476E-02,
    7.22783620262E-02));
#945 = PCURVE('',#87,#946);
#946 = DEFINITIONAL_REPRESENTATION('',(#947),#950);
#947 = B_SPLINE_CURVE_WITH_KNOTS('',1,(#948,#949),.UNSPECIFIED.,.F.,.F.,
  (2,2),(0.,1.),.PIECEWISE_BEZIER_KNOTS.);
#948 = CARTESIAN_POINT('',(0.328965235099,6.126677197977E-02));
#949 = CARTESIAN_POINT('',(0.329374912917,6.28921384598E-02));
#950 = ( GEOMETRIC_REPRESENTATION_CONTEXT(2) 
PARAMETRIC_REPRESENTATION_CONTEXT() REPRESENTATION_CONTEXT('2D SPACE',''
  ) );
#951 = PCURVE('',#952,#957);
#952 = B_SPLINE_SURFACE_WITH_KNOTS('',1,1,(
    (#953,#954)
    ,(#955,#956
    )),.UNSPECIFIED.,.F.,.F.,.F.,(2,2),(2,2),(0.,1.812836504862E-03),(0.
    ,1.),.PIECEWISE_BEZIER_KNOTS.);
#953 = CARTESIAN_POINT('',(-0.997063127421,3.774298778817E-03,
    1.510825329006E-02));
#954 = CARTESIAN_POINT('',(-0.961485451743,-0.268056429987,
    0.213742746685));
#955 = CARTESIAN_POINT('',(-0.998872704163,3.709724055014E-03,
    1.502085585158E-02));
#956 = CARTESIAN_POINT('',(-0.962788346998,-0.268102923789,
    0.213679820529));
#957 = DEFINITIONAL_REPRESENTATION('',(#958),#961);
#958 = B_SPLINE_CURVE_WITH_KNOTS('',1,(#959,#960),.UNSPECIFIED.,.F.,.F.,
  (2,2),(0.,1.),.PIECEWISE_BEZIER_KNOTS.);
#959 = CARTESIAN_POINT('',(1.812836504862E-03,0.28759718902));
#960 = CARTESIAN_POINT('',(0.,0.287815614293));
#961 = ( GEOMETRIC_REPRESENTATION_CONTEXT(2) 
PARAMETRIC_REPRESENTATION_CONTEXT() REPRESENTATION_CONTEXT('2D SPACE',''
  ) );
#962 = ORIENTED_EDGE('',*,*,#963,.F.);
#963 = EDGE_CURVE('',#964,#939,#966,.T.);
#964 = VERTEX_POINT('',#965);
#965 = CARTESIAN_POINT('',(-0.989953473416,-7.446282940476E-02,
    7.204444102141E-02));
#966 = SURFACE_CURVE('',#967,(#970,#976),.PCURVE_S1.);
#967 = B_SPLINE_CURVE_WITH_KNOTS('',1,(#968,#969),.UNSPECIFIED.,.F.,.F.,
  (2,2),(0.,1.),.PIECEWISE_BEZIER_KNOTS.);
#968 = CARTESIAN_POINT('',(-0.989953473416,-7.446282940476E-02,
    7.204444102141E-02));
#969 = CARTESIAN_POINT('',(-0.988494944475,-7.446282940476E-02,
    7.215461566632E-02));
#970 = PCURVE('',#87,#971);
#971 = DEFINITIONAL_REPRESENTATION('',(#972),#975);
#972 = B_SPLINE_CURVE_WITH_KNOTS('',1,(#973,#974),.UNSPECIFIED.,.F.,.F.,
  (2,2),(0.,1.),.PIECEWISE_BEZIER_KNOTS.);
#973 = CARTESIAN_POINT('',(0.32860987394,5.984791202552E-02));
#974 = CARTESIAN_POINT('',(0.328965235099,6.126677197977E-02));
#975 = ( GEOMETRIC_REPRESENTATION_CONTEXT(2) 
PARAMETRIC_REPRESENTATION_CONTEXT() REPRESENTATION_CONTEXT('2D SPACE',''
  ) );
#976 = PCURVE('',#977,#982);
#977 = B_SPLINE_SURFACE_WITH_KNOTS('',1,1,(
    (#978,#979)
    ,(#980,#981
    )),.UNSPECIFIED.,.F.,.F.,.F.,(2,2),(2,2),(0.,1.581502476942E-03),(0.
    ,1.),.PIECEWISE_BEZIER_KNOTS.);
#978 = CARTESIAN_POINT('',(-0.998872704163,3.709724055014E-03,
    1.502085585158E-02));
#979 = CARTESIAN_POINT('',(-0.962788346998,-0.268102923789,
    0.213679820529));
#980 = CARTESIAN_POINT('',(-1.000451245356,3.652238705317E-03,
    1.494305339239E-02));
#981 = CARTESIAN_POINT('',(-0.963924896656,-0.26814431324,0.213623802758
    ));
#982 = DEFINITIONAL_REPRESENTATION('',(#983),#986);
#983 = B_SPLINE_CURVE_WITH_KNOTS('',1,(#984,#985),.UNSPECIFIED.,.F.,.F.,
  (2,2),(0.,1.),.PIECEWISE_BEZIER_KNOTS.);
#984 = CARTESIAN_POINT('',(1.581502476942E-03,0.287402719243));
#985 = CARTESIAN_POINT('',(0.,0.28759718902));
#986 = ( GEOMETRIC_REPRESENTATION_CONTEXT(2) 
PARAMETRIC_REPRESENTATION_CONTEXT() REPRESENTATION_CONTEXT('2D SPACE',''
  ) );
#987 = ORIENTED_EDGE('',*,*,#988,.F.);
#988 = EDGE_CURVE('',#989,#964,#991,.T.);
#989 = VERTEX_POINT('',#990);
#990 = CARTESIAN_POINT('',(-0.991194746465,-7.446282940476E-02,
    7.194903286151E-02));
#991 = SURFACE_CURVE('',#992,(#995,#1001),.PCURVE_S1.);
#992 = B_SPLINE_CURVE_WITH_KNOTS('',1,(#993,#994),.UNSPECIFIED.,.F.,.F.,
  (2,2),(0.,1.),.PIECEWISE_BEZIER_KNOTS.);
#993 = CARTESIAN_POINT('',(-0.991194746465,-7.446282940476E-02,
    7.194903286151E-02));
#994 = CARTESIAN_POINT('',(-0.989953473416,-7.446282940476E-02,
    7.204444102141E-02));
#995 = PCURVE('',#87,#996);
#996 = DEFINITIONAL_REPRESENTATION('',(#997),#1000);
#997 = B_SPLINE_CURVE_WITH_KNOTS('',1,(#998,#999),.UNSPECIFIED.,.F.,.F.,
  (2,2),(0.,1.),.PIECEWISE_BEZIER_KNOTS.);
#998 = CARTESIAN_POINT('',(0.328309006505,5.863988045058E-02));
#999 = CARTESIAN_POINT('',(0.32860987394,5.984791202552E-02));
#1000 = ( GEOMETRIC_REPRESENTATION_CONTEXT(2) 
PARAMETRIC_REPRESENTATION_CONTEXT() REPRESENTATION_CONTEXT('2D SPACE',''
  ) );
#1001 = PCURVE('',#1002,#1007);
#1002 = B_SPLINE_SURFACE_WITH_KNOTS('',1,1,(
    (#1003,#1004)
    ,(#1005,#1006
    )),.UNSPECIFIED.,.F.,.F.,.F.,(2,2),(2,2),(0.,1.345754292724E-03),(0.
    ,1.),.PIECEWISE_BEZIER_KNOTS.);
#1003 = CARTESIAN_POINT('',(-1.000451245356,3.652238705317E-03,
    1.494305339239E-02));
#1004 = CARTESIAN_POINT('',(-0.963924896656,-0.26814431324,
    0.213623802758));
#1005 = CARTESIAN_POINT('',(-1.00179439043,3.60246350121E-03,
    1.487568608391E-02));
#1006 = CARTESIAN_POINT('',(-0.96489196111,-0.268180151387,
    0.213575298296));
#1007 = DEFINITIONAL_REPRESENTATION('',(#1008),#1011);
#1008 = B_SPLINE_CURVE_WITH_KNOTS('',1,(#1009,#1010),.UNSPECIFIED.,.F.,
  .F.,(2,2),(0.,1.),.PIECEWISE_BEZIER_KNOTS.);
#1009 = CARTESIAN_POINT('',(1.345754292724E-03,0.287234313858));
#1010 = CARTESIAN_POINT('',(0.,0.287402719243));
#1011 = ( GEOMETRIC_REPRESENTATION_CONTEXT(2) 
PARAMETRIC_REPRESENTATION_CONTEXT() REPRESENTATION_CONTEXT('2D SPACE',''
  ) );
#1012 = ORIENTED_EDGE('',*,*,#1013,.F.);
#1013 = EDGE_CURVE('',#1014,#989,#1016,.T.);
#1014 = VERTEX_POINT('',#1015);
#1015 = CARTESIAN_POINT('',(-0.992215218324,-7.446282940476E-02,
    7.186944692187E-02));
#1016 = SURFACE_CURVE('',#1017,(#1020,#1026),.PCURVE_S1.);
#1017 = B_SPLINE_CURVE_WITH_KNOTS('',1,(#1018,#1019),.UNSPECIFIED.,.F.,
  .F.,(2,2),(0.,1.),.PIECEWISE_BEZIER_KNOTS.);
#1018 = CARTESIAN_POINT('',(-0.992215218324,-7.446282940476E-02,
    7.186944692187E-02));
#1019 = CARTESIAN_POINT('',(-0.991194746465,-7.446282940476E-02,
    7.194903286151E-02));
#1020 = PCURVE('',#87,#1021);
#1021 = DEFINITIONAL_REPRESENTATION('',(#1022),#1025);
#1022 = B_SPLINE_CURVE_WITH_KNOTS('',1,(#1023,#1024),.UNSPECIFIED.,.F.,
  .F.,(2,2),(0.,1.),.PIECEWISE_BEZIER_KNOTS.);
#1023 = CARTESIAN_POINT('',(0.32806274885,5.764637458506E-02));
#1024 = CARTESIAN_POINT('',(0.328309006505,5.863988045058E-02));
#1025 = ( GEOMETRIC_REPRESENTATION_CONTEXT(2) 
PARAMETRIC_REPRESENTATION_CONTEXT() REPRESENTATION_CONTEXT('2D SPACE',''
  ) );
#1026 = PCURVE('',#1027,#1032);
#1027 = B_SPLINE_SURFACE_WITH_KNOTS('',1,1,(
    (#1028,#1029)
    ,(#1030,#1031
    )),.UNSPECIFIED.,.F.,.F.,.F.,(2,2),(2,2),(0.,1.106245641354E-03),(0.
    ,1.),.PIECEWISE_BEZIER_KNOTS.);
#1028 = CARTESIAN_POINT('',(-1.00179439043,3.60246350121E-03,
    1.487568608391E-02));
#1029 = CARTESIAN_POINT('',(-0.96489196111,-0.268180151387,
    0.213575298296));
#1030 = CARTESIAN_POINT('',(-1.002898427777,3.560946781532E-03,
    1.481949606496E-02));
#1031 = CARTESIAN_POINT('',(-0.965686867999,-0.268210043426,
    0.213534841483));
#1032 = DEFINITIONAL_REPRESENTATION('',(#1033),#1036);
#1033 = B_SPLINE_CURVE_WITH_KNOTS('',1,(#1034,#1035),.UNSPECIFIED.,.F.,
  .F.,(2,2),(0.,1.),.PIECEWISE_BEZIER_KNOTS.);
#1034 = CARTESIAN_POINT('',(1.106245641354E-03,0.287093836347));
#1035 = CARTESIAN_POINT('',(0.,0.287234313858));
#1036 = ( GEOMETRIC_REPRESENTATION_CONTEXT(2) 
PARAMETRIC_REPRESENTATION_CONTEXT() REPRESENTATION_CONTEXT('2D SPACE',''
  ) );
#1037 = ORIENTED_EDGE('',*,*,#1038,.F.);
#1038 = EDGE_CURVE('',#1039,#1014,#1041,.T.);
#1039 = VERTEX_POINT('',#1040);
#1040 = CARTESIAN_POINT('',(-0.993011969075,-7.446282940476E-02,
    7.180657910539E-02));
#1041 = SURFACE_CURVE('',#1042,(#1045,#1051),.PCURVE_S1.);
#1042 = B_SPLINE_CURVE_WITH_KNOTS('',1,(#1043,#1044),.UNSPECIFIED.,.F.,
  .F.,(2,2),(0.,1.),.PIECEWISE_BEZIER_KNOTS.);
#1043 = CARTESIAN_POINT('',(-0.993011969075,-7.446282940476E-02,
    7.180657910539E-02));
#1044 = CARTESIAN_POINT('',(-0.992215218324,-7.446282940476E-02,
    7.186944692187E-02));
#1045 = PCURVE('',#87,#1046);
#1046 = DEFINITIONAL_REPRESENTATION('',(#1047),#1050);
#1047 = B_SPLINE_CURVE_WITH_KNOTS('',1,(#1048,#1049),.UNSPECIFIED.,.F.,
  .F.,(2,2),(0.,1.),.PIECEWISE_BEZIER_KNOTS.);
#1048 = CARTESIAN_POINT('',(0.327871171512,5.687044788434E-02));
#1049 = CARTESIAN_POINT('',(0.32806274885,5.764637458506E-02));
#1050 = ( GEOMETRIC_REPRESENTATION_CONTEXT(2) 
PARAMETRIC_REPRESENTATION_CONTEXT() REPRESENTATION_CONTEXT('2D SPACE',''
  ) );
#1051 = PCURVE('',#1052,#1057);
#1052 = B_SPLINE_SURFACE_WITH_KNOTS('',1,1,(
    (#1053,#1054)
    ,(#1055,#1056
    )),.UNSPECIFIED.,.F.,.F.,.F.,(2,2),(2,2),(0.,8.636426430061E-04),(0.
    ,1.),.PIECEWISE_BEZIER_KNOTS.);
#1053 = CARTESIAN_POINT('',(-1.002898427777,3.560946781532E-03,
    1.481949606496E-02));
#1054 = CARTESIAN_POINT('',(-0.965686867999,-0.268210043426,
    0.213534841483));
#1055 = CARTESIAN_POINT('',(-1.003760305592,3.528153731553E-03,
    1.477511293176E-02));
#1056 = CARTESIAN_POINT('',(-0.966307420026,-0.268233654422,
    0.213502885627));
#1057 = DEFINITIONAL_REPRESENTATION('',(#1058),#1061);
#1058 = B_SPLINE_CURVE_WITH_KNOTS('',1,(#1059,#1060),.UNSPECIFIED.,.F.,
  .F.,(2,2),(0.,1.),.PIECEWISE_BEZIER_KNOTS.);
#1059 = CARTESIAN_POINT('',(8.636426430061E-04,0.286982868072));
#1060 = CARTESIAN_POINT('',(0.,0.287093836347));
#1061 = ( GEOMETRIC_REPRESENTATION_CONTEXT(2) 
PARAMETRIC_REPRESENTATION_CONTEXT() REPRESENTATION_CONTEXT('2D SPACE',''
  ) );
#1062 = ORIENTED_EDGE('',*,*,#1063,.F.);
#1063 = EDGE_CURVE('',#1064,#1039,#1066,.T.);
#1064 = VERTEX_POINT('',#1065);
#1065 = CARTESIAN_POINT('',(-0.993582715524,-7.446282940476E-02,
    7.176114705024E-02));
#1066 = SURFACE_CURVE('',#1067,(#1070,#1076),.PCURVE_S1.);
#1067 = B_SPLINE_CURVE_WITH_KNOTS('',1,(#1068,#1069),.UNSPECIFIED.,.F.,
  .F.,(2,2),(0.,1.),.PIECEWISE_BEZIER_KNOTS.);
#1068 = CARTESIAN_POINT('',(-0.993582715524,-7.446282940476E-02,
    7.176114705024E-02));
#1069 = CARTESIAN_POINT('',(-0.993011969075,-7.446282940476E-02,
    7.180657910539E-02));
#1070 = PCURVE('',#87,#1071);
#1071 = DEFINITIONAL_REPRESENTATION('',(#1072),#1075);
#1072 = B_SPLINE_CURVE_WITH_KNOTS('',1,(#1073,#1074),.UNSPECIFIED.,.F.,
  .F.,(2,2),(0.,1.),.PIECEWISE_BEZIER_KNOTS.);
#1073 = CARTESIAN_POINT('',(0.32773431342,5.631449335126E-02));
#1074 = CARTESIAN_POINT('',(0.327871171512,5.687044788434E-02));
#1075 = ( GEOMETRIC_REPRESENTATION_CONTEXT(2) 
PARAMETRIC_REPRESENTATION_CONTEXT() REPRESENTATION_CONTEXT('2D SPACE',''
  ) );
#1076 = PCURVE('',#1077,#1082);
#1077 = B_SPLINE_SURFACE_WITH_KNOTS('',1,1,(
    (#1078,#1079)
    ,(#1080,#1081
    )),.UNSPECIFIED.,.F.,.F.,.F.,(2,2),(2,2),(0.,6.18621831838E-04),(0.,
    1.),.PIECEWISE_BEZIER_KNOTS.);
#1078 = CARTESIAN_POINT('',(-1.003760305592,3.528153731553E-03,
    1.477511293176E-02));
#1079 = CARTESIAN_POINT('',(-0.966307420026,-0.268233654422,
    0.213502885627));
#1080 = CARTESIAN_POINT('',(-1.004377640845,3.504456885877E-03,
    1.474304088421E-02));
#1081 = CARTESIAN_POINT('',(-0.966751901408,-0.26825071615,
    0.213479793752));
#1082 = DEFINITIONAL_REPRESENTATION('',(#1083),#1086);
#1083 = B_SPLINE_CURVE_WITH_KNOTS('',1,(#1084,#1085),.UNSPECIFIED.,.F.,
  .F.,(2,2),(0.,1.),.PIECEWISE_BEZIER_KNOTS.);
#1084 = CARTESIAN_POINT('',(6.18621831838E-04,0.286902675741));
#1085 = CARTESIAN_POINT('',(0.,0.286982868072));
#1086 = ( GEOMETRIC_REPRESENTATION_CONTEXT(2) 
PARAMETRIC_REPRESENTATION_CONTEXT() REPRESENTATION_CONTEXT('2D SPACE',''
  ) );
#1087 = ORIENTED_EDGE('',*,*,#1088,.F.);
#1088 = EDGE_CURVE('',#1089,#1064,#1091,.T.);
#1089 = VERTEX_POINT('',#1090);
#1090 = CARTESIAN_POINT('',(-0.99392582023,-7.446282940476E-02,
    7.173367487112E-02));
#1091 = SURFACE_CURVE('',#1092,(#1095,#1101),.PCURVE_S1.);
#1092 = B_SPLINE_CURVE_WITH_KNOTS('',1,(#1093,#1094),.UNSPECIFIED.,.F.,
  .F.,(2,2),(0.,1.),.PIECEWISE_BEZIER_KNOTS.);
#1093 = CARTESIAN_POINT('',(-0.99392582023,-7.446282940476E-02,
    7.173367487112E-02));
#1094 = CARTESIAN_POINT('',(-0.993582715524,-7.446282940476E-02,
    7.176114705024E-02));
#1095 = PCURVE('',#87,#1096);
#1096 = DEFINITIONAL_REPRESENTATION('',(#1097),#1100);
#1097 = B_SPLINE_CURVE_WITH_KNOTS('',1,(#1098,#1099),.UNSPECIFIED.,.F.,
  .F.,(2,2),(0.,1.),.PIECEWISE_BEZIER_KNOTS.);
#1098 = CARTESIAN_POINT('',(0.327652193527,5.598023015617E-02));
#1099 = CARTESIAN_POINT('',(0.32773431342,5.631449335126E-02));
#1100 = ( GEOMETRIC_REPRESENTATION_CONTEXT(2) 
PARAMETRIC_REPRESENTATION_CONTEXT() REPRESENTATION_CONTEXT('2D SPACE',''
  ) );
#1101 = PCURVE('',#1102,#1107);
#1102 = B_SPLINE_SURFACE_WITH_KNOTS('',1,1,(
    (#1103,#1104)
    ,(#1105,#1106
    )),.UNSPECIFIED.,.F.,.F.,.F.,(2,2),(2,2),(0.,3.718680024035E-04),(0.
    ,1.),.PIECEWISE_BEZIER_KNOTS.);
#1103 = CARTESIAN_POINT('',(-1.004377640845,3.504456885877E-03,
    1.474304088421E-02));
#1104 = CARTESIAN_POINT('',(-0.966751901408,-0.26825071615,
    0.213479793752));
#1105 = CARTESIAN_POINT('',(-1.004748726309,3.490128269625E-03,
    1.472364808957E-02));
#1106 = CARTESIAN_POINT('',(-0.967019082942,-0.268261032754,
    0.21346583094));
#1107 = DEFINITIONAL_REPRESENTATION('',(#1108),#1111);
#1108 = B_SPLINE_CURVE_WITH_KNOTS('',1,(#1109,#1110),.UNSPECIFIED.,.F.,
  .F.,(2,2),(0.,1.),.PIECEWISE_BEZIER_KNOTS.);
#1109 = CARTESIAN_POINT('',(3.718680024035E-04,0.286854184471));
#1110 = CARTESIAN_POINT('',(0.,0.286902675741));
#1111 = ( GEOMETRIC_REPRESENTATION_CONTEXT(2) 
PARAMETRIC_REPRESENTATION_CONTEXT() REPRESENTATION_CONTEXT('2D SPACE',''
  ) );
#1112 = ORIENTED_EDGE('',*,*,#1113,.F.);
#1113 = EDGE_CURVE('',#1114,#1089,#1116,.T.);
#1114 = VERTEX_POINT('',#1115);
#1115 = CARTESIAN_POINT('',(-0.994040298072,-7.446282940476E-02,
    7.172448174831E-02));
#1116 = SURFACE_CURVE('',#1117,(#1120,#1126),.PCURVE_S1.);
#1117 = B_SPLINE_CURVE_WITH_KNOTS('',1,(#1118,#1119),.UNSPECIFIED.,.F.,
  .F.,(2,2),(0.,1.),.PIECEWISE_BEZIER_KNOTS.);
#1118 = CARTESIAN_POINT('',(-0.994040298072,-7.446282940476E-02,
    7.172448174831E-02));
#1119 = CARTESIAN_POINT('',(-0.99392582023,-7.446282940476E-02,
    7.173367487112E-02));
#1120 = PCURVE('',#87,#1121);
#1121 = DEFINITIONAL_REPRESENTATION('',(#1122),#1125);
#1122 = B_SPLINE_CURVE_WITH_KNOTS('',1,(#1123,#1124),.UNSPECIFIED.,.F.,
  .F.,(2,2),(0.,1.),.PIECEWISE_BEZIER_KNOTS.);
#1123 = CARTESIAN_POINT('',(0.327624819574,5.586869380982E-02));
#1124 = CARTESIAN_POINT('',(0.327652193527,5.598023015617E-02));
#1125 = ( GEOMETRIC_REPRESENTATION_CONTEXT(2) 
PARAMETRIC_REPRESENTATION_CONTEXT() REPRESENTATION_CONTEXT('2D SPACE',''
  ) );
#1126 = PCURVE('',#1127,#1132);
#1127 = B_SPLINE_SURFACE_WITH_KNOTS('',1,1,(
    (#1128,#1129)
    ,(#1130,#1131
    )),.UNSPECIFIED.,.F.,.F.,.F.,(2,2),(2,2),(0.,1.240719397039E-04),(0.
    ,1.),.PIECEWISE_BEZIER_KNOTS.);
#1128 = CARTESIAN_POINT('',(-1.004748726309,3.490128269625E-03,
    1.472364808957E-02));
#1129 = CARTESIAN_POINT('',(-0.967019082942,-0.268261032754,
    0.21346583094));
#1130 = CARTESIAN_POINT('',(-1.004872535617,3.485333523168E-03,
    1.471715873068E-02));
#1131 = CARTESIAN_POINT('',(-0.967108225644,-0.268264484972,
    0.213461158602));
#1132 = DEFINITIONAL_REPRESENTATION('',(#1133),#1136);
#1133 = B_SPLINE_CURVE_WITH_KNOTS('',1,(#1134,#1135),.UNSPECIFIED.,.F.,
  .F.,(2,2),(0.,1.),.PIECEWISE_BEZIER_KNOTS.);
#1134 = CARTESIAN_POINT('',(1.240719397039E-04,0.286837957647));
#1135 = CARTESIAN_POINT('',(0.,0.286854184471));
#1136 = ( GEOMETRIC_REPRESENTATION_CONTEXT(2) 
PARAMETRIC_REPRESENTATION_CONTEXT() REPRESENTATION_CONTEXT('2D SPACE',''
  ) );
#1137 = ORIENTED_EDGE('',*,*,#1138,.F.);
#1138 = EDGE_CURVE('',#1139,#1114,#1141,.T.);
#1139 = VERTEX_POINT('',#1140);
#1140 = CARTESIAN_POINT('',(-0.993928931935,-7.446282940476E-02,
    7.170307734974E-02));
#1141 = SURFACE_CURVE('',#1142,(#1145,#1151),.PCURVE_S1.);
#1142 = B_SPLINE_CURVE_WITH_KNOTS('',1,(#1143,#1144),.UNSPECIFIED.,.F.,
  .F.,(2,2),(0.,1.),.PIECEWISE_BEZIER_KNOTS.);
#1143 = CARTESIAN_POINT('',(-0.993928931935,-7.446282940476E-02,
    7.170307734974E-02));
#1144 = CARTESIAN_POINT('',(-0.994040298072,-7.446282940476E-02,
    7.172448174831E-02));
#1145 = PCURVE('',#87,#1146);
#1146 = DEFINITIONAL_REPRESENTATION('',(#1147),#1150);
#1147 = B_SPLINE_CURVE_WITH_KNOTS('',1,(#1148,#1149),.UNSPECIFIED.,.F.,
  .F.,(2,2),(0.,1.),.PIECEWISE_BEZIER_KNOTS.);
#1148 = CARTESIAN_POINT('',(0.327680248839,5.596762894722E-02));
#1149 = CARTESIAN_POINT('',(0.327624819574,5.586869380982E-02));
#1150 = ( GEOMETRIC_REPRESENTATION_CONTEXT(2) 
PARAMETRIC_REPRESENTATION_CONTEXT() REPRESENTATION_CONTEXT('2D SPACE',''
  ) );
#1151 = PCURVE('',#1152,#1157);
#1152 = B_SPLINE_SURFACE_WITH_KNOTS('',1,1,(
    (#1153,#1154)
    ,(#1155,#1156
    )),.UNSPECIFIED.,.F.,.F.,.F.,(2,2),(2,2),(0.,1.240719397039E-04),(0.
    ,1.),.PIECEWISE_BEZIER_KNOTS.);
#1153 = CARTESIAN_POINT('',(-1.004872535617,3.485333523168E-03,
    1.471715873068E-02));
#1154 = CARTESIAN_POINT('',(-0.967108225644,-0.268264484972,
    0.213461158602));
#1155 = CARTESIAN_POINT('',(-1.004749894095,3.474170072095E-03,
    1.470204976898E-02));
#1156 = CARTESIAN_POINT('',(-0.967019923749,-0.268272522656,
    0.213450280149));
#1157 = DEFINITIONAL_REPRESENTATION('',(#1158),#1161);
#1158 = B_SPLINE_CURVE_WITH_KNOTS('',1,(#1159,#1160),.UNSPECIFIED.,.F.,
  .F.,(2,2),(0.,1.),.PIECEWISE_BEZIER_KNOTS.);
#1159 = CARTESIAN_POINT('',(1.240719397039E-04,0.286800176644));
#1160 = CARTESIAN_POINT('',(0.,0.286837957647));
#1161 = ( GEOMETRIC_REPRESENTATION_CONTEXT(2) 
PARAMETRIC_REPRESENTATION_CONTEXT() REPRESENTATION_CONTEXT('2D SPACE',''
  ) );
#1162 = ORIENTED_EDGE('',*,*,#1163,.F.);
#1163 = EDGE_CURVE('',#1164,#1139,#1166,.T.);
#1164 = VERTEX_POINT('',#1165);
#1165 = CARTESIAN_POINT('',(-0.993595115153,-7.446282940476E-02,
    7.163900133035E-02));
#1166 = SURFACE_CURVE('',#1167,(#1170,#1176),.PCURVE_S1.);
#1167 = B_SPLINE_CURVE_WITH_KNOTS('',1,(#1168,#1169),.UNSPECIFIED.,.F.,
  .F.,(2,2),(0.,1.),.PIECEWISE_BEZIER_KNOTS.);
#1168 = CARTESIAN_POINT('',(-0.993595115153,-7.446282940476E-02,
    7.163900133035E-02));
#1169 = CARTESIAN_POINT('',(-0.993928931935,-7.446282940476E-02,
    7.170307734974E-02));
#1170 = PCURVE('',#87,#1171);
#1171 = DEFINITIONAL_REPRESENTATION('',(#1172),#1175);
#1172 = B_SPLINE_CURVE_WITH_KNOTS('',1,(#1173,#1174),.UNSPECIFIED.,.F.,
  .F.,(2,2),(0.,1.),.PIECEWISE_BEZIER_KNOTS.);
#1173 = CARTESIAN_POINT('',(0.327846317651,5.626421035316E-02));
#1174 = CARTESIAN_POINT('',(0.327680248839,5.596762894722E-02));
#1175 = ( GEOMETRIC_REPRESENTATION_CONTEXT(2) 
PARAMETRIC_REPRESENTATION_CONTEXT() REPRESENTATION_CONTEXT('2D SPACE',''
  ) );
#1176 = PCURVE('',#1177,#1182);
#1177 = B_SPLINE_SURFACE_WITH_KNOTS('',1,1,(
    (#1178,#1179)
    ,(#1180,#1181
    )),.UNSPECIFIED.,.F.,.F.,.F.,(2,2),(2,2),(0.,3.718680024035E-04),(0.
    ,1.),.PIECEWISE_BEZIER_KNOTS.);
#1178 = CARTESIAN_POINT('',(-1.004749894095,3.474170072095E-03,
    1.470204976898E-02));
#1179 = CARTESIAN_POINT('',(-0.967019923749,-0.268272522656,
    0.213450280149));
#1180 = CARTESIAN_POINT('',(-1.004382302573,3.440752798171E-03,
    1.465682179169E-02));
#1181 = CARTESIAN_POINT('',(-0.966755257853,-0.268296583094,
    0.213417716006));
#1182 = DEFINITIONAL_REPRESENTATION('',(#1183),#1186);
#1183 = B_SPLINE_CURVE_WITH_KNOTS('',1,(#1184,#1185),.UNSPECIFIED.,.F.,
  .F.,(2,2),(0.,1.),.PIECEWISE_BEZIER_KNOTS.);
#1184 = CARTESIAN_POINT('',(3.718680024035E-04,0.286687075765));
#1185 = CARTESIAN_POINT('',(0.,0.286800176644));
#1186 = ( GEOMETRIC_REPRESENTATION_CONTEXT(2) 
PARAMETRIC_REPRESENTATION_CONTEXT() REPRESENTATION_CONTEXT('2D SPACE',''
  ) );
#1187 = ORIENTED_EDGE('',*,*,#1188,.F.);
#1188 = EDGE_CURVE('',#1189,#1164,#1191,.T.);
#1189 = VERTEX_POINT('',#1190);
#1190 = CARTESIAN_POINT('',(-0.993039692357,-7.446282940476E-02,
    7.153266286589E-02));
#1191 = SURFACE_CURVE('',#1192,(#1195,#1201),.PCURVE_S1.);
#1192 = B_SPLINE_CURVE_WITH_KNOTS('',1,(#1193,#1194),.UNSPECIFIED.,.F.,
  .F.,(2,2),(0.,1.),.PIECEWISE_BEZIER_KNOTS.);
#1193 = CARTESIAN_POINT('',(-0.993039692357,-7.446282940476E-02,
    7.153266286589E-02));
#1194 = CARTESIAN_POINT('',(-0.993595115153,-7.446282940476E-02,
    7.163900133035E-02));
#1195 = PCURVE('',#87,#1196);
#1196 = DEFINITIONAL_REPRESENTATION('',(#1197),#1200);
#1197 = B_SPLINE_CURVE_WITH_KNOTS('',1,(#1198,#1199),.UNSPECIFIED.,.F.,
  .F.,(2,2),(0.,1.),.PIECEWISE_BEZIER_KNOTS.);
#1198 = CARTESIAN_POINT('',(0.328122371372,5.67577655108E-02));
#1199 = CARTESIAN_POINT('',(0.327846317651,5.626421035316E-02));
#1200 = ( GEOMETRIC_REPRESENTATION_CONTEXT(2) 
PARAMETRIC_REPRESENTATION_CONTEXT() REPRESENTATION_CONTEXT('2D SPACE',''
  ) );
#1201 = PCURVE('',#1202,#1207);
#1202 = B_SPLINE_SURFACE_WITH_KNOTS('',1,1,(
    (#1203,#1204)
    ,(#1205,#1206
    )),.UNSPECIFIED.,.F.,.F.,.F.,(2,2),(2,2),(0.,6.186218318379E-04),(0.
    ,1.),.PIECEWISE_BEZIER_KNOTS.);
#1203 = CARTESIAN_POINT('',(-1.004382302573,3.440752798171E-03,
    1.465682179169E-02));
#1204 = CARTESIAN_POINT('',(-0.966755257853,-0.268296583094,
    0.213417716006));
#1205 = CARTESIAN_POINT('',(-1.003770759346,3.38529966245E-03,
    1.458176979406E-02));
#1206 = CARTESIAN_POINT('',(-0.966314946729,-0.268336509351,
    0.213363678568));
#1207 = DEFINITIONAL_REPRESENTATION('',(#1208),#1211);
#1208 = B_SPLINE_CURVE_WITH_KNOTS('',1,(#1209,#1210),.UNSPECIFIED.,.F.,
  .F.,(2,2),(0.,1.),.PIECEWISE_BEZIER_KNOTS.);
#1209 = CARTESIAN_POINT('',(6.186218318379E-04,0.286499377248));
#1210 = CARTESIAN_POINT('',(0.,0.286687075765));
#1211 = ( GEOMETRIC_REPRESENTATION_CONTEXT(2) 
PARAMETRIC_REPRESENTATION_CONTEXT() REPRESENTATION_CONTEXT('2D SPACE',''
  ) );
#1212 = ORIENTED_EDGE('',*,*,#1213,.F.);
#1213 = EDGE_CURVE('',#1214,#1189,#1216,.T.);
#1214 = VERTEX_POINT('',#1215);
#1215 = CARTESIAN_POINT('',(-0.992264070393,-7.446282940476E-02,
    7.138473617199E-02));
#1216 = SURFACE_CURVE('',#1217,(#1220,#1226),.PCURVE_S1.);
#1217 = B_SPLINE_CURVE_WITH_KNOTS('',1,(#1218,#1219),.UNSPECIFIED.,.F.,
  .F.,(2,2),(0.,1.),.PIECEWISE_BEZIER_KNOTS.);
#1218 = CARTESIAN_POINT('',(-0.992264070393,-7.446282940476E-02,
    7.138473617199E-02));
#1219 = CARTESIAN_POINT('',(-0.993039692357,-7.446282940476E-02,
    7.153266286589E-02));
#1220 = PCURVE('',#87,#1221);
#1221 = DEFINITIONAL_REPRESENTATION('',(#1222),#1225);
#1222 = B_SPLINE_CURVE_WITH_KNOTS('',1,(#1223,#1224),.UNSPECIFIED.,.F.,
  .F.,(2,2),(0.,1.),.PIECEWISE_BEZIER_KNOTS.);
#1223 = CARTESIAN_POINT('',(0.328507326566,5.744717194871E-02));
#1224 = CARTESIAN_POINT('',(0.328122371372,5.67577655108E-02));
#1225 = ( GEOMETRIC_REPRESENTATION_CONTEXT(2) 
PARAMETRIC_REPRESENTATION_CONTEXT() REPRESENTATION_CONTEXT('2D SPACE',''
  ) );
#1226 = PCURVE('',#1227,#1232);
#1227 = B_SPLINE_SURFACE_WITH_KNOTS('',1,1,(
    (#1228,#1229)
    ,(#1230,#1231
    )),.UNSPECIFIED.,.F.,.F.,.F.,(2,2),(2,2),(0.,8.636426430061E-04),(0.
    ,1.),.PIECEWISE_BEZIER_KNOTS.);
#1228 = CARTESIAN_POINT('',(-1.003770759346,3.38529966245E-03,
    1.458176979406E-02));
#1229 = CARTESIAN_POINT('',(-0.966314946729,-0.268336509351,
    0.213363678568));
#1230 = CARTESIAN_POINT('',(-1.002916925459,3.308169731839E-03,
    1.447737974842E-02));
#1231 = CARTESIAN_POINT('',(-0.965700186331,-0.268392042901,
    0.213288517735));
#1232 = DEFINITIONAL_REPRESENTATION('',(#1233),#1236);
#1233 = B_SPLINE_CURVE_WITH_KNOTS('',1,(#1234,#1235),.UNSPECIFIED.,.F.,
  .F.,(2,2),(0.,1.),.PIECEWISE_BEZIER_KNOTS.);
#1234 = CARTESIAN_POINT('',(8.636426430061E-04,0.286238271155));
#1235 = CARTESIAN_POINT('',(0.,0.286499377248));
#1236 = ( GEOMETRIC_REPRESENTATION_CONTEXT(2) 
PARAMETRIC_REPRESENTATION_CONTEXT() REPRESENTATION_CONTEXT('2D SPACE',''
  ) );
#1237 = ORIENTED_EDGE('',*,*,#1238,.F.);
#1238 = EDGE_CURVE('',#1239,#1214,#1241,.T.);
#1239 = VERTEX_POINT('',#1240);
#1240 = CARTESIAN_POINT('',(-0.991270216933,-7.446282940476E-02,
    7.119614923429E-02));
#1241 = SURFACE_CURVE('',#1242,(#1245,#1251),.PCURVE_S1.);
#1242 = B_SPLINE_CURVE_WITH_KNOTS('',1,(#1243,#1244),.UNSPECIFIED.,.F.,
  .F.,(2,2),(0.,1.),.PIECEWISE_BEZIER_KNOTS.);
#1243 = CARTESIAN_POINT('',(-0.991270216933,-7.446282940476E-02,
    7.119614923429E-02));
#1244 = CARTESIAN_POINT('',(-0.992264070393,-7.446282940476E-02,
    7.138473617199E-02));
#1245 = PCURVE('',#87,#1246);
#1246 = DEFINITIONAL_REPRESENTATION('',(#1247),#1250);
#1247 = B_SPLINE_CURVE_WITH_KNOTS('',1,(#1248,#1249),.UNSPECIFIED.,.F.,
  .F.,(2,2),(0.,1.),.PIECEWISE_BEZIER_KNOTS.);
#1248 = CARTESIAN_POINT('',(0.328999682129,5.833085499867E-02));
#1249 = CARTESIAN_POINT('',(0.328507326566,5.744717194871E-02));
#1250 = ( GEOMETRIC_REPRESENTATION_CONTEXT(2) 
PARAMETRIC_REPRESENTATION_CONTEXT() REPRESENTATION_CONTEXT('2D SPACE',''
  ) );
#1251 = PCURVE('',#1252,#1257);
#1252 = B_SPLINE_SURFACE_WITH_KNOTS('',1,1,(
    (#1253,#1254)
    ,(#1255,#1256
    )),.UNSPECIFIED.,.F.,.F.,.F.,(2,2),(2,2),(0.,1.106245641354E-03),(0.
    ,1.),.PIECEWISE_BEZIER_KNOTS.);
#1253 = CARTESIAN_POINT('',(-1.002916925459,3.308169731839E-03,
    1.447737974842E-02));
#1254 = CARTESIAN_POINT('',(-0.965700186331,-0.268392042901,
    0.213288517735));
#1255 = CARTESIAN_POINT('',(-1.001823120527,3.209857065247E-03,
    1.434432032943E-02));
#1256 = CARTESIAN_POINT('',(-0.964912646779,-0.268462828021,
    0.213192714953));
#1257 = DEFINITIONAL_REPRESENTATION('',(#1258),#1261);
#1258 = B_SPLINE_CURVE_WITH_KNOTS('',1,(#1259,#1260),.UNSPECIFIED.,.F.,
  .F.,(2,2),(0.,1.),.PIECEWISE_BEZIER_KNOTS.);
#1259 = CARTESIAN_POINT('',(1.106245641354E-03,0.285905395477));
#1260 = CARTESIAN_POINT('',(0.,0.286238271155));
#1261 = ( GEOMETRIC_REPRESENTATION_CONTEXT(2) 
PARAMETRIC_REPRESENTATION_CONTEXT() REPRESENTATION_CONTEXT('2D SPACE',''
  ) );
#1262 = ORIENTED_EDGE('',*,*,#1263,.F.);
#1263 = EDGE_CURVE('',#1264,#1239,#1266,.T.);
#1264 = VERTEX_POINT('',#1265);
#1265 = CARTESIAN_POINT('',(-0.990060658415,-7.446282940476E-02,
    7.096806870593E-02));
#1266 = SURFACE_CURVE('',#1267,(#1270,#1276),.PCURVE_S1.);
#1267 = B_SPLINE_CURVE_WITH_KNOTS('',1,(#1268,#1269),.UNSPECIFIED.,.F.,
  .F.,(2,2),(0.,1.),.PIECEWISE_BEZIER_KNOTS.);
#1268 = CARTESIAN_POINT('',(-0.990060658415,-7.446282940476E-02,
    7.096806870593E-02));
#1269 = CARTESIAN_POINT('',(-0.991270216933,-7.446282940476E-02,
    7.119614923429E-02));
#1270 = PCURVE('',#87,#1271);
#1271 = DEFINITIONAL_REPRESENTATION('',(#1272),#1275);
#1272 = B_SPLINE_CURVE_WITH_KNOTS('',1,(#1273,#1274),.UNSPECIFIED.,.F.,
  .F.,(2,2),(0.,1.),.PIECEWISE_BEZIER_KNOTS.);
#1273 = CARTESIAN_POINT('',(0.32959753427,5.940678499272E-02));
#1274 = CARTESIAN_POINT('',(0.328999682129,5.833085499867E-02));
#1275 = ( GEOMETRIC_REPRESENTATION_CONTEXT(2) 
PARAMETRIC_REPRESENTATION_CONTEXT() REPRESENTATION_CONTEXT('2D SPACE',''
  ) );
#1276 = PCURVE('',#1277,#1282);
#1277 = B_SPLINE_SURFACE_WITH_KNOTS('',1,1,(
    (#1278,#1279)
    ,(#1280,#1281
    )),.UNSPECIFIED.,.F.,.F.,.F.,(2,2),(2,2),(0.,1.345754292724E-03),(0.
    ,1.),.PIECEWISE_BEZIER_KNOTS.);
#1278 = CARTESIAN_POINT('',(-1.001823120527,3.209857065247E-03,
    1.434432032943E-02));
#1279 = CARTESIAN_POINT('',(-0.964912646779,-0.268462828021,
    0.213192714953));
#1280 = CARTESIAN_POINT('',(-1.000492316879,3.090982521689E-03,
    1.418343182701E-02));
#1281 = CARTESIAN_POINT('',(-0.963954468153,-0.268548417693,
    0.213076875231));
#1282 = DEFINITIONAL_REPRESENTATION('',(#1283),#1286);
#1283 = B_SPLINE_CURVE_WITH_KNOTS('',1,(#1284,#1285),.UNSPECIFIED.,.F.,
  .F.,(2,2),(0.,1.),.PIECEWISE_BEZIER_KNOTS.);
#1284 = CARTESIAN_POINT('',(1.345754292724E-03,0.285502809479));
#1285 = CARTESIAN_POINT('',(0.,0.285905395477));
#1286 = ( GEOMETRIC_REPRESENTATION_CONTEXT(2) 
PARAMETRIC_REPRESENTATION_CONTEXT() REPRESENTATION_CONTEXT('2D SPACE',''
  ) );
#1287 = ORIENTED_EDGE('',*,*,#1288,.F.);
#1288 = EDGE_CURVE('',#1289,#1264,#1291,.T.);
#1289 = VERTEX_POINT('',#1290);
#1290 = CARTESIAN_POINT('',(-0.988638477176,-7.446282940476E-02,
    7.070188160954E-02));
#1291 = SURFACE_CURVE('',#1292,(#1295,#1301),.PCURVE_S1.);
#1292 = B_SPLINE_CURVE_WITH_KNOTS('',1,(#1293,#1294),.UNSPECIFIED.,.F.,
  .F.,(2,2),(0.,1.),.PIECEWISE_BEZIER_KNOTS.);
#1293 = CARTESIAN_POINT('',(-0.988638477176,-7.446282940476E-02,
    7.070188160954E-02));
#1294 = CARTESIAN_POINT('',(-0.990060658415,-7.446282940476E-02,
    7.096806870593E-02));
#1295 = PCURVE('',#87,#1296);
#1296 = DEFINITIONAL_REPRESENTATION('',(#1297),#1300);
#1297 = B_SPLINE_CURVE_WITH_KNOTS('',1,(#1298,#1299),.UNSPECIFIED.,.F.,
  .F.,(2,2),(0.,1.),.PIECEWISE_BEZIER_KNOTS.);
#1298 = CARTESIAN_POINT('',(0.330298594782,6.067247421469E-02));
#1299 = CARTESIAN_POINT('',(0.32959753427,5.940678499272E-02));
#1300 = ( GEOMETRIC_REPRESENTATION_CONTEXT(2) 
PARAMETRIC_REPRESENTATION_CONTEXT() REPRESENTATION_CONTEXT('2D SPACE',''
  ) );
#1301 = PCURVE('',#1302,#1307);
#1302 = B_SPLINE_SURFACE_WITH_KNOTS('',1,1,(
    (#1303,#1304)
    ,(#1305,#1306
    )),.UNSPECIFIED.,.F.,.F.,.F.,(2,2),(2,2),(0.,1.581502476942E-03),(0.
    ,1.),.PIECEWISE_BEZIER_KNOTS.);
#1303 = CARTESIAN_POINT('',(-1.000492316879,3.090982521689E-03,
    1.418343182701E-02));
#1304 = CARTESIAN_POINT('',(-0.963954468153,-0.268548417693,
    0.213076875231));
#1305 = CARTESIAN_POINT('',(-0.998928132013,2.952283836491E-03,
    1.399571271506E-02));
#1306 = CARTESIAN_POINT('',(-0.96282825505,-0.268648280746,
    0.212941717471));
#1307 = DEFINITIONAL_REPRESENTATION('',(#1308),#1311);
#1308 = B_SPLINE_CURVE_WITH_KNOTS('',1,(#1309,#1310),.UNSPECIFIED.,.F.,
  .F.,(2,2),(0.,1.),.PIECEWISE_BEZIER_KNOTS.);
#1309 = CARTESIAN_POINT('',(1.581502476942E-03,0.285032961401));
#1310 = CARTESIAN_POINT('',(0.,0.285502809479));
#1311 = ( GEOMETRIC_REPRESENTATION_CONTEXT(2) 
PARAMETRIC_REPRESENTATION_CONTEXT() REPRESENTATION_CONTEXT('2D SPACE',''
  ) );
#1312 = ORIENTED_EDGE('',*,*,#1313,.F.);
#1313 = EDGE_CURVE('',#1314,#1289,#1316,.T.);
#1314 = VERTEX_POINT('',#1315);
#1315 = CARTESIAN_POINT('',(-0.987007307635,-7.446282940476E-02,
    7.039917461029E-02));
#1316 = SURFACE_CURVE('',#1317,(#1320,#1326),.PCURVE_S1.);
#1317 = B_SPLINE_CURVE_WITH_KNOTS('',1,(#1318,#1319),.UNSPECIFIED.,.F.,
  .F.,(2,2),(0.,1.),.PIECEWISE_BEZIER_KNOTS.);
#1318 = CARTESIAN_POINT('',(-0.987007307635,-7.446282940476E-02,
    7.039917461029E-02));
#1319 = CARTESIAN_POINT('',(-0.988638477176,-7.446282940476E-02,
    7.070188160954E-02));
#1320 = PCURVE('',#87,#1321);
#1321 = DEFINITIONAL_REPRESENTATION('',(#1322),#1325);
#1322 = B_SPLINE_CURVE_WITH_KNOTS('',1,(#1323,#1324),.UNSPECIFIED.,.F.,
  .F.,(2,2),(0.,1.),.PIECEWISE_BEZIER_KNOTS.);
#1323 = CARTESIAN_POINT('',(0.331100211912,6.212497398208E-02));
#1324 = CARTESIAN_POINT('',(0.330298594782,6.067247421469E-02));
#1325 = ( GEOMETRIC_REPRESENTATION_CONTEXT(2) 
PARAMETRIC_REPRESENTATION_CONTEXT() REPRESENTATION_CONTEXT('2D SPACE',''
  ) );
#1326 = PCURVE('',#1327,#1332);
#1327 = B_SPLINE_SURFACE_WITH_KNOTS('',1,1,(
    (#1328,#1329)
    ,(#1330,#1331
    )),.UNSPECIFIED.,.F.,.F.,.F.,(2,2),(2,2),(0.,1.812836504862E-03),(0.
    ,1.),.PIECEWISE_BEZIER_KNOTS.);
#1328 = CARTESIAN_POINT('',(-0.998928132013,2.952283836491E-03,
    1.399571271506E-02));
#1329 = CARTESIAN_POINT('',(-0.96282825505,-0.268648280746,
    0.212941717471));
#1330 = CARTESIAN_POINT('',(-0.997134819355,2.794604381241E-03,
    1.378230443891E-02));
#1331 = CARTESIAN_POINT('',(-0.961537069936,-0.268761809954,
    0.212788063512));
#1332 = DEFINITIONAL_REPRESENTATION('',(#1333),#1336);
#1333 = B_SPLINE_CURVE_WITH_KNOTS('',1,(#1334,#1335),.UNSPECIFIED.,.F.,
  .F.,(2,2),(0.,1.),.PIECEWISE_BEZIER_KNOTS.);
#1334 = CARTESIAN_POINT('',(1.812836504862E-03,0.284498651874));
#1335 = CARTESIAN_POINT('',(0.,0.285032961401));
#1336 = ( GEOMETRIC_REPRESENTATION_CONTEXT(2) 
PARAMETRIC_REPRESENTATION_CONTEXT() REPRESENTATION_CONTEXT('2D SPACE',''
  ) );
#1337 = ORIENTED_EDGE('',*,*,#1338,.F.);
#1338 = EDGE_CURVE('',#1339,#1314,#1341,.T.);
#1339 = VERTEX_POINT('',#1340);
#1340 = CARTESIAN_POINT('',(-0.985171331388,-7.446282940476E-02,
    7.006171171941E-02));
#1341 = SURFACE_CURVE('',#1342,(#1345,#1351),.PCURVE_S1.);
#1342 = B_SPLINE_CURVE_WITH_KNOTS('',1,(#1343,#1344),.UNSPECIFIED.,.F.,
  .F.,(2,2),(0.,1.),.PIECEWISE_BEZIER_KNOTS.);
#1343 = CARTESIAN_POINT('',(-0.985171331388,-7.446282940476E-02,
    7.006171171941E-02));
#1344 = CARTESIAN_POINT('',(-0.987007307635,-7.446282940476E-02,
    7.039917461029E-02));
#1345 = PCURVE('',#87,#1346);
#1346 = DEFINITIONAL_REPRESENTATION('',(#1347),#1350);
#1347 = B_SPLINE_CURVE_WITH_KNOTS('',1,(#1348,#1349),.UNSPECIFIED.,.F.,
  .F.,(2,2),(0.,1.),.PIECEWISE_BEZIER_KNOTS.);
#1348 = CARTESIAN_POINT('',(0.331999393071,6.376087227573E-02));
#1349 = CARTESIAN_POINT('',(0.331100211912,6.212497398208E-02));
#1350 = ( GEOMETRIC_REPRESENTATION_CONTEXT(2) 
PARAMETRIC_REPRESENTATION_CONTEXT() REPRESENTATION_CONTEXT('2D SPACE',''
  ) );
#1351 = PCURVE('',#1352,#1357);
#1352 = B_SPLINE_SURFACE_WITH_KNOTS('',1,1,(
    (#1353,#1354)
    ,(#1355,#1356
    )),.UNSPECIFIED.,.F.,.F.,.F.,(2,2),(2,2),(0.,2.039116986853E-03),(0.
    ,1.),.PIECEWISE_BEZIER_KNOTS.);
#1353 = CARTESIAN_POINT('',(-0.997134819355,2.794604381241E-03,
    1.378230443891E-02));
#1354 = CARTESIAN_POINT('',(-0.961537069936,-0.268761809954,
    0.212788063512));
#1355 = CARTESIAN_POINT('',(-0.995117257315,2.618881072539E-03,
    1.354447505061E-02));
#1356 = CARTESIAN_POINT('',(-0.960084425267,-0.268888330736,
    0.212616826352));
#1357 = DEFINITIONAL_REPRESENTATION('',(#1358),#1361);
#1358 = B_SPLINE_CURVE_WITH_KNOTS('',1,(#1359,#1360),.UNSPECIFIED.,.F.,
  .F.,(2,2),(0.,1.),.PIECEWISE_BEZIER_KNOTS.);
#1359 = CARTESIAN_POINT('',(2.039116986853E-03,0.283902994561));
#1360 = CARTESIAN_POINT('',(0.,0.284498651874));
#1361 = ( GEOMETRIC_REPRESENTATION_CONTEXT(2) 
PARAMETRIC_REPRESENTATION_CONTEXT() REPRESENTATION_CONTEXT('2D SPACE',''
  ) );
#1362 = ORIENTED_EDGE('',*,*,#1363,.F.);
#1363 = EDGE_CURVE('',#1364,#1339,#1366,.T.);
#1364 = VERTEX_POINT('',#1365);
#1365 = CARTESIAN_POINT('',(-0.983135271036,-7.446282940476E-02,
    6.969141133975E-02));
#1366 = SURFACE_CURVE('',#1367,(#1370,#1376),.PCURVE_S1.);
#1367 = B_SPLINE_CURVE_WITH_KNOTS('',1,(#1368,#1369),.UNSPECIFIED.,.F.,
  .F.,(2,2),(0.,1.),.PIECEWISE_BEZIER_KNOTS.);
#1368 = CARTESIAN_POINT('',(-0.983135271036,-7.446282940476E-02,
    6.969141133975E-02));
#1369 = CARTESIAN_POINT('',(-0.985171331388,-7.446282940476E-02,
    7.006171171941E-02));
#1370 = PCURVE('',#87,#1371);
#1371 = DEFINITIONAL_REPRESENTATION('',(#1372),#1375);
#1372 = B_SPLINE_CURVE_WITH_KNOTS('',1,(#1373,#1374),.UNSPECIFIED.,.F.,
  .F.,(2,2),(0.,1.),.PIECEWISE_BEZIER_KNOTS.);
#1373 = CARTESIAN_POINT('',(0.332992828558,6.557629235384E-02));
#1374 = CARTESIAN_POINT('',(0.331999393071,6.376087227573E-02));
#1375 = ( GEOMETRIC_REPRESENTATION_CONTEXT(2) 
PARAMETRIC_REPRESENTATION_CONTEXT() REPRESENTATION_CONTEXT('2D SPACE',''
  ) );
#1376 = PCURVE('',#1377,#1382);
#1377 = B_SPLINE_SURFACE_WITH_KNOTS('',1,1,(
    (#1378,#1379)
    ,(#1380,#1381
    )),.UNSPECIFIED.,.F.,.F.,.F.,(2,2),(2,2),(0.,2.259720549055E-03),(0.
    ,1.),.PIECEWISE_BEZIER_KNOTS.);
#1378 = CARTESIAN_POINT('',(-0.995117257315,2.618881072539E-03,
    1.354447505061E-02));
#1379 = CARTESIAN_POINT('',(-0.960084425267,-0.268888330736,
    0.212616826352));
#1380 = CARTESIAN_POINT('',(-0.992880936639,2.426131921392E-03,
    1.328360235791E-02));
#1381 = CARTESIAN_POINT('',(-0.95847427438,-0.269027110125,
    0.212428998014));
#1382 = DEFINITIONAL_REPRESENTATION('',(#1383),#1386);
#1383 = B_SPLINE_CURVE_WITH_KNOTS('',1,(#1384,#1385),.UNSPECIFIED.,.F.,
  .F.,(2,2),(0.,1.),.PIECEWISE_BEZIER_KNOTS.);
#1384 = CARTESIAN_POINT('',(2.259720549055E-03,0.283249375644));
#1385 = CARTESIAN_POINT('',(0.,0.283902994561));
#1386 = ( GEOMETRIC_REPRESENTATION_CONTEXT(2) 
PARAMETRIC_REPRESENTATION_CONTEXT() REPRESENTATION_CONTEXT('2D SPACE',''
  ) );
#1387 = ORIENTED_EDGE('',*,*,#1388,.F.);
#1388 = EDGE_CURVE('',#1389,#1364,#1391,.T.);
#1389 = VERTEX_POINT('',#1390);
#1390 = CARTESIAN_POINT('',(-0.980904382616,-7.446282940476E-02,
    6.9290323573E-02));
#1391 = SURFACE_CURVE('',#1392,(#1395,#1401),.PCURVE_S1.);
#1392 = B_SPLINE_CURVE_WITH_KNOTS('',1,(#1393,#1394),.UNSPECIFIED.,.F.,
  .F.,(2,2),(0.,1.),.PIECEWISE_BEZIER_KNOTS.);
#1393 = CARTESIAN_POINT('',(-0.980904382616,-7.446282940476E-02,
    6.9290323573E-02));
#1394 = CARTESIAN_POINT('',(-0.983135271036,-7.446282940476E-02,
    6.969141133975E-02));
#1395 = PCURVE('',#87,#1396);
#1396 = DEFINITIONAL_REPRESENTATION('',(#1397),#1400);
#1397 = B_SPLINE_CURVE_WITH_KNOTS('',1,(#1398,#1399),.UNSPECIFIED.,.F.,
  .F.,(2,2),(0.,1.),.PIECEWISE_BEZIER_KNOTS.);
#1398 = CARTESIAN_POINT('',(0.334076915487,6.756689278385E-02));
#1399 = CARTESIAN_POINT('',(0.332992828558,6.557629235384E-02));
#1400 = ( GEOMETRIC_REPRESENTATION_CONTEXT(2) 
PARAMETRIC_REPRESENTATION_CONTEXT() REPRESENTATION_CONTEXT('2D SPACE',''
  ) );
#1401 = PCURVE('',#1402,#1407);
#1402 = B_SPLINE_SURFACE_WITH_KNOTS('',1,1,(
    (#1403,#1404)
    ,(#1405,#1406
    )),.UNSPECIFIED.,.F.,.F.,.F.,(2,2),(2,2),(0.,2.474041401648E-03),(0.
    ,1.),.PIECEWISE_BEZIER_KNOTS.);
#1403 = CARTESIAN_POINT('',(-0.992880936639,2.426131921392E-03,
    1.328360235791E-02));
#1404 = CARTESIAN_POINT('',(-0.95847427438,-0.269027110125,
    0.212428998014));
#1405 = CARTESIAN_POINT('',(-0.99043194606,2.217443717989E-03,
    1.300115725642E-02));
#1406 = CARTESIAN_POINT('',(-0.956711001164,-0.269177365631,
    0.21222563754));
#1407 = DEFINITIONAL_REPRESENTATION('',(#1408),#1411);
#1408 = B_SPLINE_CURVE_WITH_KNOTS('',1,(#1409,#1410),.UNSPECIFIED.,.F.,
  .F.,(2,2),(0.,1.),.PIECEWISE_BEZIER_KNOTS.);
#1409 = CARTESIAN_POINT('',(2.474041401648E-03,0.282541413768));
#1410 = CARTESIAN_POINT('',(0.,0.283249375644));
#1411 = ( GEOMETRIC_REPRESENTATION_CONTEXT(2) 
PARAMETRIC_REPRESENTATION_CONTEXT() REPRESENTATION_CONTEXT('2D SPACE',''
  ) );
#1412 = ORIENTED_EDGE('',*,*,#1413,.F.);
#1413 = EDGE_CURVE('',#1414,#1389,#1416,.T.);
#1414 = VERTEX_POINT('',#1415);
#1415 = CARTESIAN_POINT('',(-0.978484446478,-7.446282940476E-02,
    6.886060867161E-02));
#1416 = SURFACE_CURVE('',#1417,(#1420,#1426),.PCURVE_S1.);
#1417 = B_SPLINE_CURVE_WITH_KNOTS('',1,(#1418,#1419),.UNSPECIFIED.,.F.,
  .F.,(2,2),(0.,1.),.PIECEWISE_BEZIER_KNOTS.);
#1418 = CARTESIAN_POINT('',(-0.978484446478,-7.446282940476E-02,
    6.886060867161E-02));
#1419 = CARTESIAN_POINT('',(-0.980904382616,-7.446282940476E-02,
    6.9290323573E-02));
#1420 = PCURVE('',#87,#1421);
#1421 = DEFINITIONAL_REPRESENTATION('',(#1422),#1425);
#1422 = B_SPLINE_CURVE_WITH_KNOTS('',1,(#1423,#1424),.UNSPECIFIED.,.F.,
  .F.,(2,2),(0.,1.),.PIECEWISE_BEZIER_KNOTS.);
#1423 = CARTESIAN_POINT('',(0.33524778111,6.972786929912E-02));
#1424 = CARTESIAN_POINT('',(0.334076915487,6.756689278385E-02));
#1425 = ( GEOMETRIC_REPRESENTATION_CONTEXT(2) 
PARAMETRIC_REPRESENTATION_CONTEXT() REPRESENTATION_CONTEXT('2D SPACE',''
  ) );
#1426 = PCURVE('',#1427,#1432);
#1427 = B_SPLINE_SURFACE_WITH_KNOTS('',1,1,(
    (#1428,#1429)
    ,(#1430,#1431
    )),.UNSPECIFIED.,.F.,.F.,.F.,(2,2),(2,2),(0.,2.681492770208E-03),(0.
    ,1.),.PIECEWISE_BEZIER_KNOTS.);
#1428 = CARTESIAN_POINT('',(-0.99043194606,2.217443717989E-03,
    1.300115725642E-02));
#1429 = CARTESIAN_POINT('',(-0.956711001164,-0.269177365631,
    0.21222563754));
#1430 = CARTESIAN_POINT('',(-0.987776956243,1.99396032522E-03,
    1.269868788574E-02));
#1431 = CARTESIAN_POINT('',(-0.954799408495,-0.269338273674,
    0.212007859594));
#1432 = DEFINITIONAL_REPRESENTATION('',(#1433),#1436);
#1433 = B_SPLINE_CURVE_WITH_KNOTS('',1,(#1434,#1435),.UNSPECIFIED.,.F.,
  .F.,(2,2),(0.,1.),.PIECEWISE_BEZIER_KNOTS.);
#1434 = CARTESIAN_POINT('',(2.681492770208E-03,0.281782922003));
#1435 = CARTESIAN_POINT('',(0.,0.282541413768));
#1436 = ( GEOMETRIC_REPRESENTATION_CONTEXT(2) 
PARAMETRIC_REPRESENTATION_CONTEXT() REPRESENTATION_CONTEXT('2D SPACE',''
  ) );
#1437 = ORIENTED_EDGE('',*,*,#1438,.F.);
#1438 = EDGE_CURVE('',#1439,#1414,#1441,.T.);
#1439 = VERTEX_POINT('',#1440);
#1440 = CARTESIAN_POINT('',(-0.975881756522,-7.446282940476E-02,
    6.840451743854E-02));
#1441 = SURFACE_CURVE('',#1442,(#1445,#1451),.PCURVE_S1.);
#1442 = B_SPLINE_CURVE_WITH_KNOTS('',1,(#1443,#1444),.UNSPECIFIED.,.F.,
  .F.,(2,2),(0.,1.),.PIECEWISE_BEZIER_KNOTS.);
#1443 = CARTESIAN_POINT('',(-0.975881756522,-7.446282940476E-02,
    6.840451743854E-02));
#1444 = CARTESIAN_POINT('',(-0.978484446478,-7.446282940476E-02,
    6.886060867161E-02));
#1445 = PCURVE('',#87,#1446);
#1446 = DEFINITIONAL_REPRESENTATION('',(#1447),#1450);
#1447 = B_SPLINE_CURVE_WITH_KNOTS('',1,(#1448,#1449),.UNSPECIFIED.,.F.,
  .F.,(2,2),(0.,1.),.PIECEWISE_BEZIER_KNOTS.);
#1448 = CARTESIAN_POINT('',(0.33650130481,7.205395884026E-02));
#1449 = CARTESIAN_POINT('',(0.33524778111,6.972786929912E-02));
#1450 = ( GEOMETRIC_REPRESENTATION_CONTEXT(2) 
PARAMETRIC_REPRESENTATION_CONTEXT() REPRESENTATION_CONTEXT('2D SPACE',''
  ) );
#1451 = PCURVE('',#1452,#1457);
#1452 = B_SPLINE_SURFACE_WITH_KNOTS('',1,1,(
    (#1453,#1454)
    ,(#1455,#1456
    )),.UNSPECIFIED.,.F.,.F.,.F.,(2,2),(2,2),(0.,2.881508206621E-03),(0.
    ,1.),.PIECEWISE_BEZIER_KNOTS.);
#1453 = CARTESIAN_POINT('',(-0.987776956243,1.99396032522E-03,
    1.269868788574E-02));
#1454 = CARTESIAN_POINT('',(-0.954799408495,-0.269338273674,
    0.212007859594));
#1455 = CARTESIAN_POINT('',(-0.984923202054,1.756872009675E-03,
    1.237780518967E-02));
#1456 = CARTESIAN_POINT('',(-0.952744705479,-0.269508977261,
    0.211776824052));
#1457 = DEFINITIONAL_REPRESENTATION('',(#1458),#1461);
#1458 = B_SPLINE_CURVE_WITH_KNOTS('',1,(#1459,#1460),.UNSPECIFIED.,.F.,
  .F.,(2,2),(0.,1.),.PIECEWISE_BEZIER_KNOTS.);
#1459 = CARTESIAN_POINT('',(2.881508206621E-03,0.280977873253));
#1460 = CARTESIAN_POINT('',(0.,0.281782922003));
#1461 = ( GEOMETRIC_REPRESENTATION_CONTEXT(2) 
PARAMETRIC_REPRESENTATION_CONTEXT() REPRESENTATION_CONTEXT('2D SPACE',''
  ) );
#1462 = ORIENTED_EDGE('',*,*,#1463,.F.);
#1463 = EDGE_CURVE('',#1464,#1439,#1466,.T.);
#1464 = VERTEX_POINT('',#1465);
#1465 = CARTESIAN_POINT('',(-0.973103107682,-7.446282940476E-02,
    6.792437425753E-02));
#1466 = SURFACE_CURVE('',#1467,(#1470,#1476),.PCURVE_S1.);
#1467 = B_SPLINE_CURVE_WITH_KNOTS('',1,(#1468,#1469),.UNSPECIFIED.,.F.,
  .F.,(2,2),(0.,1.),.PIECEWISE_BEZIER_KNOTS.);
#1468 = CARTESIAN_POINT('',(-0.973103107682,-7.446282940476E-02,
    6.792437425753E-02));
#1469 = CARTESIAN_POINT('',(-0.975881756522,-7.446282940476E-02,
    6.840451743854E-02));
#1470 = PCURVE('',#87,#1471);
#1471 = DEFINITIONAL_REPRESENTATION('',(#1472),#1475);
#1472 = B_SPLINE_CURVE_WITH_KNOTS('',1,(#1473,#1474),.UNSPECIFIED.,.F.,
  .F.,(2,2),(0.,1.),.PIECEWISE_BEZIER_KNOTS.);
#1473 = CARTESIAN_POINT('',(0.337833138155,7.453944607426E-02));
#1474 = CARTESIAN_POINT('',(0.33650130481,7.205395884026E-02));
#1475 = ( GEOMETRIC_REPRESENTATION_CONTEXT(2) 
PARAMETRIC_REPRESENTATION_CONTEXT() REPRESENTATION_CONTEXT('2D SPACE',''
  ) );
#1476 = PCURVE('',#1477,#1482);
#1477 = B_SPLINE_SURFACE_WITH_KNOTS('',1,1,(
    (#1478,#1479)
    ,(#1480,#1481
    )),.UNSPECIFIED.,.F.,.F.,.F.,(2,2),(2,2),(0.,3.073542799665E-03),(0.
    ,1.),.PIECEWISE_BEZIER_KNOTS.);
#1478 = CARTESIAN_POINT('',(-0.984923202054,1.756872009675E-03,
    1.237780518967E-02));
#1479 = CARTESIAN_POINT('',(-0.952744705479,-0.269508977261,
    0.211776824052));
#1480 = CARTESIAN_POINT('',(-0.981878463171,1.507406172915E-03,
    1.204017037164E-02));
#1481 = CARTESIAN_POINT('',(-0.950552493483,-0.269688592664,
    0.211533726983));
#1482 = DEFINITIONAL_REPRESENTATION('',(#1483),#1486);
#1483 = B_SPLINE_CURVE_WITH_KNOTS('',1,(#1484,#1485),.UNSPECIFIED.,.F.,
  .F.,(2,2),(0.,1.),.PIECEWISE_BEZIER_KNOTS.);
#1484 = CARTESIAN_POINT('',(3.073542799665E-03,0.280130370299));
#1485 = CARTESIAN_POINT('',(0.,0.280977873253));
#1486 = ( GEOMETRIC_REPRESENTATION_CONTEXT(2) 
PARAMETRIC_REPRESENTATION_CONTEXT() REPRESENTATION_CONTEXT('2D SPACE',''
  ) );
#1487 = ORIENTED_EDGE('',*,*,#1488,.F.);
#1488 = EDGE_CURVE('',#1489,#1464,#1491,.T.);
#1489 = VERTEX_POINT('',#1490);
#1490 = CARTESIAN_POINT('',(-0.970155781638,-7.446282940476E-02,
    6.742256328158E-02));
#1491 = SURFACE_CURVE('',#1492,(#1495,#1501),.PCURVE_S1.);
#1492 = B_SPLINE_CURVE_WITH_KNOTS('',1,(#1493,#1494),.UNSPECIFIED.,.F.,
  .F.,(2,2),(0.,1.),.PIECEWISE_BEZIER_KNOTS.);
#1493 = CARTESIAN_POINT('',(-0.970155781638,-7.446282940476E-02,
    6.742256328158E-02));
#1494 = CARTESIAN_POINT('',(-0.973103107682,-7.446282940476E-02,
    6.792437425753E-02));
#1495 = PCURVE('',#87,#1496);
#1496 = DEFINITIONAL_REPRESENTATION('',(#1497),#1500);
#1497 = B_SPLINE_CURVE_WITH_KNOTS('',1,(#1498,#1499),.UNSPECIFIED.,.F.,
  .F.,(2,2),(0.,1.),.PIECEWISE_BEZIER_KNOTS.);
#1498 = CARTESIAN_POINT('',(0.339238722507,7.71781726032E-02));
#1499 = CARTESIAN_POINT('',(0.337833138155,7.453944607426E-02));
#1500 = ( GEOMETRIC_REPRESENTATION_CONTEXT(2) 
PARAMETRIC_REPRESENTATION_CONTEXT() REPRESENTATION_CONTEXT('2D SPACE',''
  ) );
#1501 = PCURVE('',#1502,#1507);
#1502 = B_SPLINE_SURFACE_WITH_KNOTS('',1,1,(
    (#1503,#1504)
    ,(#1505,#1506
    )),.UNSPECIFIED.,.F.,.F.,.F.,(2,2),(2,2),(0.,3.257074307208E-03),(0.
    ,1.),.PIECEWISE_BEZIER_KNOTS.);
#1503 = CARTESIAN_POINT('',(-0.981878463171,1.507406172915E-03,
    1.204017037164E-02));
#1504 = CARTESIAN_POINT('',(-0.950552493483,-0.269688592664,
    0.211533726983));
#1505 = CARTESIAN_POINT('',(-0.978651043067,1.246819761667E-03,
    1.168748462241E-02));
#1506 = CARTESIAN_POINT('',(-0.948228751008,-0.26987621488,
    0.211279793244));
#1507 = DEFINITIONAL_REPRESENTATION('',(#1508),#1511);
#1508 = B_SPLINE_CURVE_WITH_KNOTS('',1,(#1509,#1510),.UNSPECIFIED.,.F.,
  .F.,(2,2),(0.,1.),.PIECEWISE_BEZIER_KNOTS.);
#1509 = CARTESIAN_POINT('',(3.257074307208E-03,0.279244621419));
#1510 = CARTESIAN_POINT('',(0.,0.280130370299));
#1511 = ( GEOMETRIC_REPRESENTATION_CONTEXT(2) 
PARAMETRIC_REPRESENTATION_CONTEXT() REPRESENTATION_CONTEXT('2D SPACE',''
  ) );
#1512 = ORIENTED_EDGE('',*,*,#1513,.F.);
#1513 = EDGE_CURVE('',#1514,#1489,#1516,.T.);
#1514 = VERTEX_POINT('',#1515);
#1515 = CARTESIAN_POINT('',(-0.967047530725,-7.446282940476E-02,
    6.690151812395E-02));
#1516 = SURFACE_CURVE('',#1517,(#1520,#1526),.PCURVE_S1.);
#1517 = B_SPLINE_CURVE_WITH_KNOTS('',1,(#1518,#1519),.UNSPECIFIED.,.F.,
  .F.,(2,2),(0.,1.),.PIECEWISE_BEZIER_KNOTS.);
#1518 = CARTESIAN_POINT('',(-0.967047530725,-7.446282940476E-02,
    6.690151812395E-02));
#1519 = CARTESIAN_POINT('',(-0.970155781638,-7.446282940476E-02,
    6.742256328158E-02));
#1520 = PCURVE('',#87,#1521);
#1521 = DEFINITIONAL_REPRESENTATION('',(#1522),#1525);
#1522 = B_SPLINE_CURVE_WITH_KNOTS('',1,(#1523,#1524),.UNSPECIFIED.,.F.,
  .F.,(2,2),(0.,1.),.PIECEWISE_BEZIER_KNOTS.);
#1523 = CARTESIAN_POINT('',(0.340713303881,7.996354898141E-02));
#1524 = CARTESIAN_POINT('',(0.339238722507,7.71781726032E-02));
#1525 = ( GEOMETRIC_REPRESENTATION_CONTEXT(2) 
PARAMETRIC_REPRESENTATION_CONTEXT() REPRESENTATION_CONTEXT('2D SPACE',''
  ) );
#1526 = PCURVE('',#409,#1527);
#1527 = DEFINITIONAL_REPRESENTATION('',(#1528),#1531);
#1528 = B_SPLINE_CURVE_WITH_KNOTS('',1,(#1529,#1530),.UNSPECIFIED.,.F.,
  .F.,(2,2),(0.,1.),.PIECEWISE_BEZIER_KNOTS.);
#1529 = CARTESIAN_POINT('',(3.431604232115E-03,0.278324922196));
#1530 = CARTESIAN_POINT('',(0.,0.279244621419));
#1531 = ( GEOMETRIC_REPRESENTATION_CONTEXT(2) 
PARAMETRIC_REPRESENTATION_CONTEXT() REPRESENTATION_CONTEXT('2D SPACE',''
  ) );
#1532 = ORIENTED_EDGE('',*,*,#1533,.F.);
#1533 = EDGE_CURVE('',#1534,#1514,#1536,.T.);
#1534 = VERTEX_POINT('',#1535);
#1535 = CARTESIAN_POINT('',(-0.963786560075,-7.446282940476E-02,
    6.636371519323E-02));
#1536 = SURFACE_CURVE('',#1537,(#1540,#1546),.PCURVE_S1.);
#1537 = B_SPLINE_CURVE_WITH_KNOTS('',1,(#1538,#1539),.UNSPECIFIED.,.F.,
  .F.,(2,2),(0.,1.),.PIECEWISE_BEZIER_KNOTS.);
#1538 = CARTESIAN_POINT('',(-0.963786560075,-7.446282940476E-02,
    6.636371519323E-02));
#1539 = CARTESIAN_POINT('',(-0.967047530725,-7.446282940476E-02,
    6.690151812395E-02));
#1540 = PCURVE('',#87,#1541);
#1541 = DEFINITIONAL_REPRESENTATION('',(#1542),#1545);
#1542 = B_SPLINE_CURVE_WITH_KNOTS('',1,(#1543,#1544),.UNSPECIFIED.,.F.,
  .F.,(2,2),(0.,1.),.PIECEWISE_BEZIER_KNOTS.);
#1543 = CARTESIAN_POINT('',(0.3422519449,8.288856956088E-02));
#1544 = CARTESIAN_POINT('',(0.340713303881,7.996354898141E-02));
#1545 = ( GEOMETRIC_REPRESENTATION_CONTEXT(2) 
PARAMETRIC_REPRESENTATION_CONTEXT() REPRESENTATION_CONTEXT('2D SPACE',''
  ) );
#1546 = PCURVE('',#381,#1547);
#1547 = DEFINITIONAL_REPRESENTATION('',(#1548),#1551);
#1548 = B_SPLINE_CURVE_WITH_KNOTS('',1,(#1549,#1550),.UNSPECIFIED.,.F.,
  .F.,(2,2),(0.,1.),.PIECEWISE_BEZIER_KNOTS.);
#1549 = CARTESIAN_POINT('',(3.596658862616E-03,0.27737564375));
#1550 = CARTESIAN_POINT('',(0.,0.278324922196));
#1551 = ( GEOMETRIC_REPRESENTATION_CONTEXT(2) 
PARAMETRIC_REPRESENTATION_CONTEXT() REPRESENTATION_CONTEXT('2D SPACE',''
  ) );
#1552 = ORIENTED_EDGE('',*,*,#1553,.F.);
#1553 = EDGE_CURVE('',#161,#1534,#1554,.T.);
#1554 = SURFACE_CURVE('',#1555,(#1558,#1564),.PCURVE_S1.);
#1555 = B_SPLINE_CURVE_WITH_KNOTS('',1,(#1556,#1557),.UNSPECIFIED.,.F.,
  .F.,(2,2),(0.,1.),.PIECEWISE_BEZIER_KNOTS.);
#1556 = CARTESIAN_POINT('',(-0.96038150805,-7.446282940476E-02,
    6.581167060106E-02));
#1557 = CARTESIAN_POINT('',(-0.963786560075,-7.446282940476E-02,
    6.636371519323E-02));
#1558 = PCURVE('',#87,#1559);
#1559 = DEFINITIONAL_REPRESENTATION('',(#1560),#1563);
#1560 = B_SPLINE_CURVE_WITH_KNOTS('',1,(#1561,#1562),.UNSPECIFIED.,.F.,
  .F.,(2,2),(0.,1.),.PIECEWISE_BEZIER_KNOTS.);
#1561 = CARTESIAN_POINT('',(0.3438495339,8.594583008495E-02));
#1562 = CARTESIAN_POINT('',(0.3422519449,8.288856956088E-02));
#1563 = ( GEOMETRIC_REPRESENTATION_CONTEXT(2) 
PARAMETRIC_REPRESENTATION_CONTEXT() REPRESENTATION_CONTEXT('2D SPACE',''
  ) );
#1564 = PCURVE('',#177,#1565);
#1565 = DEFINITIONAL_REPRESENTATION('',(#1566),#1569);
#1566 = B_SPLINE_CURVE_WITH_KNOTS('',1,(#1567,#1568),.UNSPECIFIED.,.F.,
  .F.,(2,2),(0.,1.),.PIECEWISE_BEZIER_KNOTS.);
#1567 = CARTESIAN_POINT('',(3.751790295395E-03,0.276401227281));
#1568 = CARTESIAN_POINT('',(0.,0.27737564375));
#1569 = ( GEOMETRIC_REPRESENTATION_CONTEXT(2) 
PARAMETRIC_REPRESENTATION_CONTEXT() REPRESENTATION_CONTEXT('2D SPACE',''
  ) );
#1570 = ORIENTED_EDGE('',*,*,#189,.F.);
#1571 = ORIENTED_EDGE('',*,*,#73,.F.);
#1572 = ORIENTED_EDGE('',*,*,#620,.F.);
#1573 = ADVANCED_FACE('',(#1574),#177,.T.);
#1574 = FACE_BOUND('',#1575,.T.);
#1575 = EDGE_LOOP('',(#1576,#1596,#1597,#1598));
#1576 = ORIENTED_EDGE('',*,*,#1577,.F.);
#1577 = EDGE_CURVE('',#1534,#333,#1578,.T.);
#1578 = SURFACE_CURVE('',#1579,(#1582,#1589),.PCURVE_S1.);
#1579 = B_SPLINE_CURVE_WITH_KNOTS('',1,(#1580,#1581),.UNSPECIFIED.,.F.,
  .F.,(2,2),(0.,1.),.PIECEWISE_BEZIER_KNOTS.);
#1580 = CARTESIAN_POINT('',(-0.971683855002,6.974282755154E-04,
    1.094392110741E-02));
#1581 = CARTESIAN_POINT('',(-0.943212375601,-0.27027177675,
    0.210744427513));
#1582 = PCURVE('',#177,#1583);
#1583 = DEFINITIONAL_REPRESENTATION('',(#1584),#1588);
#1584 = LINE('',#1585,#1586);
#1585 = CARTESIAN_POINT('',(0.,0.));
#1586 = VECTOR('',#1587,1.);
#1587 = DIRECTION('',(0.,1.));
#1588 = ( GEOMETRIC_REPRESENTATION_CONTEXT(2) 
PARAMETRIC_REPRESENTATION_CONTEXT() REPRESENTATION_CONTEXT('2D SPACE',''
  ) );
#1589 = PCURVE('',#381,#1590);
#1590 = DEFINITIONAL_REPRESENTATION('',(#1591),#1595);
#1591 = LINE('',#1592,#1593);
#1592 = CARTESIAN_POINT('',(3.596658862616E-03,0.));
#1593 = VECTOR('',#1594,1.);
#1594 = DIRECTION('',(0.,1.));
#1595 = ( GEOMETRIC_REPRESENTATION_CONTEXT(2) 
PARAMETRIC_REPRESENTATION_CONTEXT() REPRESENTATION_CONTEXT('2D SPACE',''
  ) );
#1596 = ORIENTED_EDGE('',*,*,#1553,.F.);
#1597 = ORIENTED_EDGE('',*,*,#160,.T.);
#1598 = ORIENTED_EDGE('',*,*,#332,.T.);
#1599 = ADVANCED_FACE('',(#1600),#260,.T.);
#1600 = FACE_BOUND('',#1601,.T.);
#1601 = EDGE_LOOP('',(#1602,#1603,#1623));
#1602 = ORIENTED_EDGE('',*,*,#643,.F.);
#1603 = ORIENTED_EDGE('',*,*,#1604,.T.);
#1604 = EDGE_CURVE('',#644,#239,#1605,.T.);
#1605 = SURFACE_CURVE('',#1606,(#1609,#1616),.PCURVE_S1.);
#1606 = B_SPLINE_CURVE_WITH_KNOTS('',1,(#1607,#1608),.UNSPECIFIED.,.F.,
  .F.,(2,2),(0.,1.),.PIECEWISE_BEZIER_KNOTS.);
#1607 = CARTESIAN_POINT('',(-0.959732007571,4.824533271335E-03,
    1.652967329842E-02));
#1608 = CARTESIAN_POINT('',(-0.934607045451,-0.267300261153,
    0.214766169091));
#1609 = PCURVE('',#260,#1610);
#1610 = DEFINITIONAL_REPRESENTATION('',(#1611),#1615);
#1611 = LINE('',#1612,#1613);
#1612 = CARTESIAN_POINT('',(4.153575005899E-03,0.));
#1613 = VECTOR('',#1614,1.);
#1614 = DIRECTION('',(0.,1.));
#1615 = ( GEOMETRIC_REPRESENTATION_CONTEXT(2) 
PARAMETRIC_REPRESENTATION_CONTEXT() REPRESENTATION_CONTEXT('2D SPACE',''
  ) );
#1616 = PCURVE('',#602,#1617);
#1617 = DEFINITIONAL_REPRESENTATION('',(#1618),#1622);
#1618 = LINE('',#1619,#1620);
#1619 = CARTESIAN_POINT('',(0.,0.));
#1620 = VECTOR('',#1621,1.);
#1621 = DIRECTION('',(0.,1.));
#1622 = ( GEOMETRIC_REPRESENTATION_CONTEXT(2) 
PARAMETRIC_REPRESENTATION_CONTEXT() REPRESENTATION_CONTEXT('2D SPACE',''
  ) );
#1623 = ORIENTED_EDGE('',*,*,#238,.T.);
#1624 = ADVANCED_FACE('',(#1625),#602,.T.);
#1625 = FACE_BOUND('',#1626,.T.);
#1626 = EDGE_LOOP('',(#1627,#1628,#1629,#1649));
#1627 = ORIENTED_EDGE('',*,*,#1604,.F.);
#1628 = ORIENTED_EDGE('',*,*,#663,.F.);
#1629 = ORIENTED_EDGE('',*,*,#1630,.T.);
#1630 = EDGE_CURVE('',#664,#551,#1631,.T.);
#1631 = SURFACE_CURVE('',#1632,(#1635,#1642),.PCURVE_S1.);
#1632 = B_SPLINE_CURVE_WITH_KNOTS('',1,(#1633,#1634),.UNSPECIFIED.,.F.,
  .F.,(2,2),(0.,1.),.PIECEWISE_BEZIER_KNOTS.);
#1633 = CARTESIAN_POINT('',(-0.963759841623,4.735379822177E-03,
    1.640901024902E-02));
#1634 = CARTESIAN_POINT('',(-0.937507085969,-0.267364451636,
    0.214679291695));
#1635 = PCURVE('',#602,#1636);
#1636 = DEFINITIONAL_REPRESENTATION('',(#1637),#1641);
#1637 = LINE('',#1638,#1639);
#1638 = CARTESIAN_POINT('',(4.030627130218E-03,0.));
#1639 = VECTOR('',#1640,1.);
#1640 = DIRECTION('',(0.,1.));
#1641 = ( GEOMETRIC_REPRESENTATION_CONTEXT(2) 
PARAMETRIC_REPRESENTATION_CONTEXT() REPRESENTATION_CONTEXT('2D SPACE',''
  ) );
#1642 = PCURVE('',#570,#1643);
#1643 = DEFINITIONAL_REPRESENTATION('',(#1644),#1648);
#1644 = LINE('',#1645,#1646);
#1645 = CARTESIAN_POINT('',(0.,0.));
#1646 = VECTOR('',#1647,1.);
#1647 = DIRECTION('',(0.,1.));
#1648 = ( GEOMETRIC_REPRESENTATION_CONTEXT(2) 
PARAMETRIC_REPRESENTATION_CONTEXT() REPRESENTATION_CONTEXT('2D SPACE',''
  ) );
#1649 = ORIENTED_EDGE('',*,*,#584,.T.);
#1650 = ADVANCED_FACE('',(#1651),#570,.T.);
#1651 = FACE_BOUND('',#1652,.T.);
#1652 = EDGE_LOOP('',(#1653,#1654,#1655,#1675));
#1653 = ORIENTED_EDGE('',*,*,#1630,.F.);
#1654 = ORIENTED_EDGE('',*,*,#683,.F.);
#1655 = ORIENTED_EDGE('',*,*,#1656,.T.);
#1656 = EDGE_CURVE('',#684,#517,#1657,.T.);
#1657 = SURFACE_CURVE('',#1658,(#1661,#1668),.PCURVE_S1.);
#1658 = B_SPLINE_CURVE_WITH_KNOTS('',1,(#1659,#1660),.UNSPECIFIED.,.F.,
  .F.,(2,2),(0.,1.),.PIECEWISE_BEZIER_KNOTS.);
#1659 = CARTESIAN_POINT('',(-0.967653371466,4.6438163482E-03,
    1.628508539712E-02));
#1660 = CARTESIAN_POINT('',(-0.940310427455,-0.267430377338,
    0.214590065802));
#1661 = PCURVE('',#570,#1662);
#1662 = DEFINITIONAL_REPRESENTATION('',(#1663),#1667);
#1663 = LINE('',#1664,#1665);
#1664 = CARTESIAN_POINT('',(3.896577456362E-03,0.));
#1665 = VECTOR('',#1666,1.);
#1666 = DIRECTION('',(0.,1.));
#1667 = ( GEOMETRIC_REPRESENTATION_CONTEXT(2) 
PARAMETRIC_REPRESENTATION_CONTEXT() REPRESENTATION_CONTEXT('2D SPACE',''
  ) );
#1668 = PCURVE('',#536,#1669);
#1669 = DEFINITIONAL_REPRESENTATION('',(#1670),#1674);
#1670 = LINE('',#1671,#1672);
#1671 = CARTESIAN_POINT('',(0.,0.));
#1672 = VECTOR('',#1673,1.);
#1673 = DIRECTION('',(0.,1.));
#1674 = ( GEOMETRIC_REPRESENTATION_CONTEXT(2) 
PARAMETRIC_REPRESENTATION_CONTEXT() REPRESENTATION_CONTEXT('2D SPACE',''
  ) );
#1675 = ORIENTED_EDGE('',*,*,#550,.T.);
#1676 = ADVANCED_FACE('',(#1677),#536,.T.);
#1677 = FACE_BOUND('',#1678,.T.);
#1678 = EDGE_LOOP('',(#1679,#1680,#1681,#1701));
#1679 = ORIENTED_EDGE('',*,*,#1656,.F.);
#1680 = ORIENTED_EDGE('',*,*,#703,.F.);
#1681 = ORIENTED_EDGE('',*,*,#1682,.T.);
#1682 = EDGE_CURVE('',#704,#483,#1683,.T.);
#1683 = SURFACE_CURVE('',#1684,(#1687,#1694),.PCURVE_S1.);
#1684 = B_SPLINE_CURVE_WITH_KNOTS('',1,(#1685,#1686),.UNSPECIFIED.,.F.,
  .F.,(2,2),(0.,1.),.PIECEWISE_BEZIER_KNOTS.);
#1685 = CARTESIAN_POINT('',(-0.971401884551,4.550649347582E-03,
    1.615899028242E-02));
#1686 = CARTESIAN_POINT('',(-0.943009356877,-0.267497457578,
    0.214499277319));
#1687 = PCURVE('',#536,#1688);
#1688 = DEFINITIONAL_REPRESENTATION('',(#1689),#1693);
#1689 = LINE('',#1690,#1691);
#1690 = CARTESIAN_POINT('',(3.751790295395E-03,0.));
#1691 = VECTOR('',#1692,1.);
#1692 = DIRECTION('',(0.,1.));
#1693 = ( GEOMETRIC_REPRESENTATION_CONTEXT(2) 
PARAMETRIC_REPRESENTATION_CONTEXT() REPRESENTATION_CONTEXT('2D SPACE',''
  ) );
#1694 = PCURVE('',#502,#1695);
#1695 = DEFINITIONAL_REPRESENTATION('',(#1696),#1700);
#1696 = LINE('',#1697,#1698);
#1697 = CARTESIAN_POINT('',(0.,0.));
#1698 = VECTOR('',#1699,1.);
#1699 = DIRECTION('',(0.,1.));
#1700 = ( GEOMETRIC_REPRESENTATION_CONTEXT(2) 
PARAMETRIC_REPRESENTATION_CONTEXT() REPRESENTATION_CONTEXT('2D SPACE',''
  ) );
#1701 = ORIENTED_EDGE('',*,*,#516,.T.);
#1702 = ADVANCED_FACE('',(#1703),#502,.T.);
#1703 = FACE_BOUND('',#1704,.T.);
#1704 = EDGE_LOOP('',(#1705,#1706,#1707,#1727));
#1705 = ORIENTED_EDGE('',*,*,#1682,.F.);
#1706 = ORIENTED_EDGE('',*,*,#723,.F.);
#1707 = ORIENTED_EDGE('',*,*,#1708,.T.);
#1708 = EDGE_CURVE('',#724,#449,#1709,.T.);
#1709 = SURFACE_CURVE('',#1710,(#1713,#1720),.PCURVE_S1.);
#1710 = B_SPLINE_CURVE_WITH_KNOTS('',1,(#1711,#1712),.UNSPECIFIED.,.F.,
  .F.,(2,2),(0.,1.),.PIECEWISE_BEZIER_KNOTS.);
#1711 = CARTESIAN_POINT('',(-0.974995066042,4.456686589949E-03,
    1.603181816544E-02));
#1712 = CARTESIAN_POINT('',(-0.94559644755,-0.267565110763,
    0.214407713395));
#1713 = PCURVE('',#502,#1714);
#1714 = DEFINITIONAL_REPRESENTATION('',(#1715),#1719);
#1715 = LINE('',#1716,#1717);
#1716 = CARTESIAN_POINT('',(3.596658862616E-03,0.));
#1717 = VECTOR('',#1718,1.);
#1718 = DIRECTION('',(0.,1.));
#1719 = ( GEOMETRIC_REPRESENTATION_CONTEXT(2) 
PARAMETRIC_REPRESENTATION_CONTEXT() REPRESENTATION_CONTEXT('2D SPACE',''
  ) );
#1720 = PCURVE('',#468,#1721);
#1721 = DEFINITIONAL_REPRESENTATION('',(#1722),#1726);
#1722 = LINE('',#1723,#1724);
#1723 = CARTESIAN_POINT('',(0.,0.));
#1724 = VECTOR('',#1725,1.);
#1725 = DIRECTION('',(0.,1.));
#1726 = ( GEOMETRIC_REPRESENTATION_CONTEXT(2) 
PARAMETRIC_REPRESENTATION_CONTEXT() REPRESENTATION_CONTEXT('2D SPACE',''
  ) );
#1727 = ORIENTED_EDGE('',*,*,#482,.T.);
#1728 = ADVANCED_FACE('',(#1729),#468,.T.);
#1729 = FACE_BOUND('',#1730,.T.);
#1730 = EDGE_LOOP('',(#1731,#1732,#1733,#1755,#1773));
#1731 = ORIENTED_EDGE('',*,*,#1708,.F.);
#1732 = ORIENTED_EDGE('',*,*,#743,.F.);
#1733 = ORIENTED_EDGE('',*,*,#1734,.T.);
#1734 = EDGE_CURVE('',#744,#1735,#1737,.T.);
#1735 = VERTEX_POINT('',#1736);
#1736 = CARTESIAN_POINT('',(-0.953002849204,-0.223388488214,
    0.182041473231));
#1737 = SURFACE_CURVE('',#1738,(#1741,#1748),.PCURVE_S1.);
#1738 = B_SPLINE_CURVE_WITH_KNOTS('',1,(#1739,#1740),.UNSPECIFIED.,.F.,
  .F.,(2,2),(0.,1.),.PIECEWISE_BEZIER_KNOTS.);
#1739 = CARTESIAN_POINT('',(-0.978423026718,4.362739879017E-03,
    1.590466776657E-02));
#1740 = CARTESIAN_POINT('',(-0.948064579237,-0.267632752395,
    0.214316165108));
#1741 = PCURVE('',#468,#1742);
#1742 = DEFINITIONAL_REPRESENTATION('',(#1743),#1747);
#1743 = LINE('',#1744,#1745);
#1744 = CARTESIAN_POINT('',(3.431604232115E-03,0.));
#1745 = VECTOR('',#1746,1.);
#1746 = DIRECTION('',(0.,1.));
#1747 = ( GEOMETRIC_REPRESENTATION_CONTEXT(2) 
PARAMETRIC_REPRESENTATION_CONTEXT() REPRESENTATION_CONTEXT('2D SPACE',''
  ) );
#1748 = PCURVE('',#777,#1749);
#1749 = DEFINITIONAL_REPRESENTATION('',(#1750),#1754);
#1750 = LINE('',#1751,#1752);
#1751 = CARTESIAN_POINT('',(0.,0.));
#1752 = VECTOR('',#1753,1.);
#1753 = DIRECTION('',(0.,1.));
#1754 = ( GEOMETRIC_REPRESENTATION_CONTEXT(2) 
PARAMETRIC_REPRESENTATION_CONTEXT() REPRESENTATION_CONTEXT('2D SPACE',''
  ) );
#1755 = ORIENTED_EDGE('',*,*,#1756,.T.);
#1756 = EDGE_CURVE('',#1735,#421,#1757,.T.);
#1757 = SURFACE_CURVE('',#1758,(#1761,#1767),.PCURVE_S1.);
#1758 = B_SPLINE_CURVE_WITH_KNOTS('',1,(#1759,#1760),.UNSPECIFIED.,.F.,
  .F.,(2,2),(0.,1.),.PIECEWISE_BEZIER_KNOTS.);
#1759 = CARTESIAN_POINT('',(-0.953002849204,-0.223388488214,
    0.182041473231));
#1760 = CARTESIAN_POINT('',(-0.950370813742,-0.223388488214,
    0.182191261876));
#1761 = PCURVE('',#468,#1762);
#1762 = DEFINITIONAL_REPRESENTATION('',(#1763),#1766);
#1763 = B_SPLINE_CURVE_WITH_KNOTS('',1,(#1764,#1765),.UNSPECIFIED.,.F.,
  .F.,(2,2),(0.,1.),.PIECEWISE_BEZIER_KNOTS.);
#1764 = CARTESIAN_POINT('',(3.431604232115E-03,0.837334568264));
#1765 = CARTESIAN_POINT('',(0.,0.837598960896));
#1766 = ( GEOMETRIC_REPRESENTATION_CONTEXT(2) 
PARAMETRIC_REPRESENTATION_CONTEXT() REPRESENTATION_CONTEXT('2D SPACE',''
  ) );
#1767 = PCURVE('',#436,#1768);
#1768 = DEFINITIONAL_REPRESENTATION('',(#1769),#1772);
#1769 = B_SPLINE_CURVE_WITH_KNOTS('',1,(#1770,#1771),.UNSPECIFIED.,.F.,
  .F.,(2,2),(0.,1.),.PIECEWISE_BEZIER_KNOTS.);
#1770 = CARTESIAN_POINT('',(0.326173446427,7.997560262424E-02));
#1771 = CARTESIAN_POINT('',(0.326731327012,8.255219272832E-02));
#1772 = ( GEOMETRIC_REPRESENTATION_CONTEXT(2) 
PARAMETRIC_REPRESENTATION_CONTEXT() REPRESENTATION_CONTEXT('2D SPACE',''
  ) );
#1773 = ORIENTED_EDGE('',*,*,#448,.T.);
#1774 = ADVANCED_FACE('',(#1775),#436,.T.);
#1775 = FACE_BOUND('',#1776,.T.);
#1776 = EDGE_LOOP('',(#1777,#1778,#1779,#1799,#1819,#1839,#1859,#1879,
    #1899,#1919,#1939,#1959,#1979,#1999,#2019,#2039,#2059,#2079,#2099,
    #2119,#2139,#2159,#2179,#2199,#2219,#2239,#2259,#2279,#2299,#2319,
    #2339,#2359,#2379));
#1777 = ORIENTED_EDGE('',*,*,#420,.F.);
#1778 = ORIENTED_EDGE('',*,*,#1756,.F.);
#1779 = ORIENTED_EDGE('',*,*,#1780,.F.);
#1780 = EDGE_CURVE('',#1781,#1735,#1783,.T.);
#1781 = VERTEX_POINT('',#1782);
#1782 = CARTESIAN_POINT('',(-0.955501599088,-0.223388488214,
    0.181892984298));
#1783 = SURFACE_CURVE('',#1784,(#1787,#1793),.PCURVE_S1.);
#1784 = B_SPLINE_CURVE_WITH_KNOTS('',1,(#1785,#1786),.UNSPECIFIED.,.F.,
  .F.,(2,2),(0.,1.),.PIECEWISE_BEZIER_KNOTS.);
#1785 = CARTESIAN_POINT('',(-0.955501599088,-0.223388488214,
    0.181892984298));
#1786 = CARTESIAN_POINT('',(-0.953002849204,-0.223388488214,
    0.182041473231));
#1787 = PCURVE('',#436,#1788);
#1788 = DEFINITIONAL_REPRESENTATION('',(#1789),#1792);
#1789 = B_SPLINE_CURVE_WITH_KNOTS('',1,(#1790,#1791),.UNSPECIFIED.,.F.,
  .F.,(2,2),(0.,1.),.PIECEWISE_BEZIER_KNOTS.);
#1790 = CARTESIAN_POINT('',(0.325649874466,7.752781334644E-02));
#1791 = CARTESIAN_POINT('',(0.326173446427,7.997560262424E-02));
#1792 = ( GEOMETRIC_REPRESENTATION_CONTEXT(2) 
PARAMETRIC_REPRESENTATION_CONTEXT() REPRESENTATION_CONTEXT('2D SPACE',''
  ) );
#1793 = PCURVE('',#777,#1794);
#1794 = DEFINITIONAL_REPRESENTATION('',(#1795),#1798);
#1795 = B_SPLINE_CURVE_WITH_KNOTS('',1,(#1796,#1797),.UNSPECIFIED.,.F.,
  .F.,(2,2),(0.,1.),.PIECEWISE_BEZIER_KNOTS.);
#1796 = CARTESIAN_POINT('',(3.257074307208E-03,0.837072469759));
#1797 = CARTESIAN_POINT('',(0.,0.837334568264));
#1798 = ( GEOMETRIC_REPRESENTATION_CONTEXT(2) 
PARAMETRIC_REPRESENTATION_CONTEXT() REPRESENTATION_CONTEXT('2D SPACE',''
  ) );
#1799 = ORIENTED_EDGE('',*,*,#1800,.F.);
#1800 = EDGE_CURVE('',#1801,#1781,#1803,.T.);
#1801 = VERTEX_POINT('',#1802);
#1802 = CARTESIAN_POINT('',(-0.957860084811,-0.223388488214,
    0.181747106623));
#1803 = SURFACE_CURVE('',#1804,(#1807,#1813),.PCURVE_S1.);
#1804 = B_SPLINE_CURVE_WITH_KNOTS('',1,(#1805,#1806),.UNSPECIFIED.,.F.,
  .F.,(2,2),(0.,1.),.PIECEWISE_BEZIER_KNOTS.);
#1805 = CARTESIAN_POINT('',(-0.957860084811,-0.223388488214,
    0.181747106623));
#1806 = CARTESIAN_POINT('',(-0.955501599088,-0.223388488214,
    0.181892984298));
#1807 = PCURVE('',#436,#1808);
#1808 = DEFINITIONAL_REPRESENTATION('',(#1809),#1812);
#1809 = B_SPLINE_CURVE_WITH_KNOTS('',1,(#1810,#1811),.UNSPECIFIED.,.F.,
  .F.,(2,2),(0.,1.),.PIECEWISE_BEZIER_KNOTS.);
#1810 = CARTESIAN_POINT('',(0.325161209043,7.521590043591E-02));
#1811 = CARTESIAN_POINT('',(0.325649874466,7.752781334644E-02));
#1812 = ( GEOMETRIC_REPRESENTATION_CONTEXT(2) 
PARAMETRIC_REPRESENTATION_CONTEXT() REPRESENTATION_CONTEXT('2D SPACE',''
  ) );
#1813 = PCURVE('',#802,#1814);
#1814 = DEFINITIONAL_REPRESENTATION('',(#1815),#1818);
#1815 = B_SPLINE_CURVE_WITH_KNOTS('',1,(#1816,#1817),.UNSPECIFIED.,.F.,
  .F.,(2,2),(0.,1.),.PIECEWISE_BEZIER_KNOTS.);
#1816 = CARTESIAN_POINT('',(3.073542799665E-03,0.8368149804));
#1817 = CARTESIAN_POINT('',(0.,0.837072469759));
#1818 = ( GEOMETRIC_REPRESENTATION_CONTEXT(2) 
PARAMETRIC_REPRESENTATION_CONTEXT() REPRESENTATION_CONTEXT('2D SPACE',''
  ) );
#1819 = ORIENTED_EDGE('',*,*,#1820,.F.);
#1820 = EDGE_CURVE('',#1821,#1801,#1823,.T.);
#1821 = VERTEX_POINT('',#1822);
#1822 = CARTESIAN_POINT('',(-0.960071703184,-0.223388488214,
    0.181605156123));
#1823 = SURFACE_CURVE('',#1824,(#1827,#1833),.PCURVE_S1.);
#1824 = B_SPLINE_CURVE_WITH_KNOTS('',1,(#1825,#1826),.UNSPECIFIED.,.F.,
  .F.,(2,2),(0.,1.),.PIECEWISE_BEZIER_KNOTS.);
#1825 = CARTESIAN_POINT('',(-0.960071703184,-0.223388488214,
    0.181605156123));
#1826 = CARTESIAN_POINT('',(-0.957860084811,-0.223388488214,
    0.181747106623));
#1827 = PCURVE('',#436,#1828);
#1828 = DEFINITIONAL_REPRESENTATION('',(#1829),#1832);
#1829 = B_SPLINE_CURVE_WITH_KNOTS('',1,(#1830,#1831),.UNSPECIFIED.,.F.,
  .F.,(2,2),(0.,1.),.PIECEWISE_BEZIER_KNOTS.);
#1830 = CARTESIAN_POINT('',(0.324707943705,7.304657881249E-02));
#1831 = CARTESIAN_POINT('',(0.325161209043,7.521590043591E-02));
#1832 = ( GEOMETRIC_REPRESENTATION_CONTEXT(2) 
PARAMETRIC_REPRESENTATION_CONTEXT() REPRESENTATION_CONTEXT('2D SPACE',''
  ) );
#1833 = PCURVE('',#827,#1834);
#1834 = DEFINITIONAL_REPRESENTATION('',(#1835),#1838);
#1835 = B_SPLINE_CURVE_WITH_KNOTS('',1,(#1836,#1837),.UNSPECIFIED.,.F.,
  .F.,(2,2),(0.,1.),.PIECEWISE_BEZIER_KNOTS.);
#1836 = CARTESIAN_POINT('',(2.881508206621E-03,0.836564422914));
#1837 = CARTESIAN_POINT('',(0.,0.8368149804));
#1838 = ( GEOMETRIC_REPRESENTATION_CONTEXT(2) 
PARAMETRIC_REPRESENTATION_CONTEXT() REPRESENTATION_CONTEXT('2D SPACE',''
  ) );
#1839 = ORIENTED_EDGE('',*,*,#1840,.F.);
#1840 = EDGE_CURVE('',#1841,#1821,#1843,.T.);
#1841 = VERTEX_POINT('',#1842);
#1842 = CARTESIAN_POINT('',(-0.962130246228,-0.223388488214,
    0.181468445777));
#1843 = SURFACE_CURVE('',#1844,(#1847,#1853),.PCURVE_S1.);
#1844 = B_SPLINE_CURVE_WITH_KNOTS('',1,(#1845,#1846),.UNSPECIFIED.,.F.,
  .F.,(2,2),(0.,1.),.PIECEWISE_BEZIER_KNOTS.);
#1845 = CARTESIAN_POINT('',(-0.962130246228,-0.223388488214,
    0.181468445777));
#1846 = CARTESIAN_POINT('',(-0.960071703184,-0.223388488214,
    0.181605156123));
#1847 = PCURVE('',#436,#1848);
#1848 = DEFINITIONAL_REPRESENTATION('',(#1849),#1852);
#1849 = B_SPLINE_CURVE_WITH_KNOTS('',1,(#1850,#1851),.UNSPECIFIED.,.F.,
  .F.,(2,2),(0.,1.),.PIECEWISE_BEZIER_KNOTS.);
#1850 = CARTESIAN_POINT('',(0.324290469385,7.10261817284E-02));
#1851 = CARTESIAN_POINT('',(0.324707943705,7.304657881249E-02));
#1852 = ( GEOMETRIC_REPRESENTATION_CONTEXT(2) 
PARAMETRIC_REPRESENTATION_CONTEXT() REPRESENTATION_CONTEXT('2D SPACE',''
  ) );
#1853 = PCURVE('',#852,#1854);
#1854 = DEFINITIONAL_REPRESENTATION('',(#1855),#1858);
#1855 = B_SPLINE_CURVE_WITH_KNOTS('',1,(#1856,#1857),.UNSPECIFIED.,.F.,
  .F.,(2,2),(0.,1.),.PIECEWISE_BEZIER_KNOTS.);
#1856 = CARTESIAN_POINT('',(2.681492770208E-03,0.836323114848));
#1857 = CARTESIAN_POINT('',(0.,0.836564422914));
#1858 = ( GEOMETRIC_REPRESENTATION_CONTEXT(2) 
PARAMETRIC_REPRESENTATION_CONTEXT() REPRESENTATION_CONTEXT('2D SPACE',''
  ) );
#1859 = ORIENTED_EDGE('',*,*,#1860,.F.);
#1860 = EDGE_CURVE('',#1861,#1841,#1863,.T.);
#1861 = VERTEX_POINT('',#1862);
#1862 = CARTESIAN_POINT('',(-0.964029920347,-0.223388488214,
    0.181338275209));
#1863 = SURFACE_CURVE('',#1864,(#1867,#1873),.PCURVE_S1.);
#1864 = B_SPLINE_CURVE_WITH_KNOTS('',1,(#1865,#1866),.UNSPECIFIED.,.F.,
  .F.,(2,2),(0.,1.),.PIECEWISE_BEZIER_KNOTS.);
#1865 = CARTESIAN_POINT('',(-0.964029920347,-0.223388488214,
    0.181338275209));
#1866 = CARTESIAN_POINT('',(-0.962130246228,-0.223388488214,
    0.181468445777));
#1867 = PCURVE('',#436,#1868);
#1868 = DEFINITIONAL_REPRESENTATION('',(#1869),#1872);
#1869 = B_SPLINE_CURVE_WITH_KNOTS('',1,(#1870,#1871),.UNSPECIFIED.,.F.,
  .F.,(2,2),(0.,1.),.PIECEWISE_BEZIER_KNOTS.);
#1870 = CARTESIAN_POINT('',(0.32390907933,6.916063951273E-02));
#1871 = CARTESIAN_POINT('',(0.324290469385,7.10261817284E-02));
#1872 = ( GEOMETRIC_REPRESENTATION_CONTEXT(2) 
PARAMETRIC_REPRESENTATION_CONTEXT() REPRESENTATION_CONTEXT('2D SPACE',''
  ) );
#1873 = PCURVE('',#877,#1874);
#1874 = DEFINITIONAL_REPRESENTATION('',(#1875),#1878);
#1875 = B_SPLINE_CURVE_WITH_KNOTS('',1,(#1876,#1877),.UNSPECIFIED.,.F.,
  .F.,(2,2),(0.,1.),.PIECEWISE_BEZIER_KNOTS.);
#1876 = CARTESIAN_POINT('',(2.474041401648E-03,0.836093350174));
#1877 = CARTESIAN_POINT('',(0.,0.836323114848));
#1878 = ( GEOMETRIC_REPRESENTATION_CONTEXT(2) 
PARAMETRIC_REPRESENTATION_CONTEXT() REPRESENTATION_CONTEXT('2D SPACE',''
  ) );
#1879 = ORIENTED_EDGE('',*,*,#1880,.F.);
#1880 = EDGE_CURVE('',#1881,#1861,#1883,.T.);
#1881 = VERTEX_POINT('',#1882);
#1882 = CARTESIAN_POINT('',(-0.96576536477,-0.223388488214,
    0.181215917436));
#1883 = SURFACE_CURVE('',#1884,(#1887,#1893),.PCURVE_S1.);
#1884 = B_SPLINE_CURVE_WITH_KNOTS('',1,(#1885,#1886),.UNSPECIFIED.,.F.,
  .F.,(2,2),(0.,1.),.PIECEWISE_BEZIER_KNOTS.);
#1885 = CARTESIAN_POINT('',(-0.96576536477,-0.223388488214,
    0.181215917436));
#1886 = CARTESIAN_POINT('',(-0.964029920347,-0.223388488214,
    0.181338275209));
#1887 = PCURVE('',#436,#1888);
#1888 = DEFINITIONAL_REPRESENTATION('',(#1889),#1892);
#1889 = B_SPLINE_CURVE_WITH_KNOTS('',1,(#1890,#1891),.UNSPECIFIED.,.F.,
  .F.,(2,2),(0.,1.),.PIECEWISE_BEZIER_KNOTS.);
#1890 = CARTESIAN_POINT('',(0.323563976946,6.745545825687E-02));
#1891 = CARTESIAN_POINT('',(0.32390907933,6.916063951273E-02));
#1892 = ( GEOMETRIC_REPRESENTATION_CONTEXT(2) 
PARAMETRIC_REPRESENTATION_CONTEXT() REPRESENTATION_CONTEXT('2D SPACE',''
  ) );
#1893 = PCURVE('',#902,#1894);
#1894 = DEFINITIONAL_REPRESENTATION('',(#1895),#1898);
#1895 = B_SPLINE_CURVE_WITH_KNOTS('',1,(#1896,#1897),.UNSPECIFIED.,.F.,
  .F.,(2,2),(0.,1.),.PIECEWISE_BEZIER_KNOTS.);
#1896 = CARTESIAN_POINT('',(2.259720549055E-03,0.835877375903));
#1897 = CARTESIAN_POINT('',(0.,0.836093350174));
#1898 = ( GEOMETRIC_REPRESENTATION_CONTEXT(2) 
PARAMETRIC_REPRESENTATION_CONTEXT() REPRESENTATION_CONTEXT('2D SPACE',''
  ) );
#1899 = ORIENTED_EDGE('',*,*,#1900,.F.);
#1900 = EDGE_CURVE('',#1901,#1881,#1903,.T.);
#1901 = VERTEX_POINT('',#1902);
#1902 = CARTESIAN_POINT('',(-0.967331669177,-0.223388488214,
    0.18110260322));
#1903 = SURFACE_CURVE('',#1904,(#1907,#1913),.PCURVE_S1.);
#1904 = B_SPLINE_CURVE_WITH_KNOTS('',1,(#1905,#1906),.UNSPECIFIED.,.F.,
  .F.,(2,2),(0.,1.),.PIECEWISE_BEZIER_KNOTS.);
#1905 = CARTESIAN_POINT('',(-0.967331669177,-0.223388488214,
    0.18110260322));
#1906 = CARTESIAN_POINT('',(-0.96576536477,-0.223388488214,
    0.181215917436));
#1907 = PCURVE('',#436,#1908);
#1908 = DEFINITIONAL_REPRESENTATION('',(#1909),#1912);
#1909 = B_SPLINE_CURVE_WITH_KNOTS('',1,(#1910,#1911),.UNSPECIFIED.,.F.,
  .F.,(2,2),(0.,1.),.PIECEWISE_BEZIER_KNOTS.);
#1910 = CARTESIAN_POINT('',(0.323255286183,6.591569865849E-02));
#1911 = CARTESIAN_POINT('',(0.323563976946,6.745545825687E-02));
#1912 = ( GEOMETRIC_REPRESENTATION_CONTEXT(2) 
PARAMETRIC_REPRESENTATION_CONTEXT() REPRESENTATION_CONTEXT('2D SPACE',''
  ) );
#1913 = PCURVE('',#927,#1914);
#1914 = DEFINITIONAL_REPRESENTATION('',(#1915),#1918);
#1915 = B_SPLINE_CURVE_WITH_KNOTS('',1,(#1916,#1917),.UNSPECIFIED.,.F.,
  .F.,(2,2),(0.,1.),.PIECEWISE_BEZIER_KNOTS.);
#1916 = CARTESIAN_POINT('',(2.039116986853E-03,0.835677364454));
#1917 = CARTESIAN_POINT('',(0.,0.835877375903));
#1918 = ( GEOMETRIC_REPRESENTATION_CONTEXT(2) 
PARAMETRIC_REPRESENTATION_CONTEXT() REPRESENTATION_CONTEXT('2D SPACE',''
  ) );
#1919 = ORIENTED_EDGE('',*,*,#1920,.F.);
#1920 = EDGE_CURVE('',#1921,#1901,#1923,.T.);
#1921 = VERTEX_POINT('',#1922);
#1922 = CARTESIAN_POINT('',(-0.968724390359,-0.223388488214,
    0.180999503598));
#1923 = SURFACE_CURVE('',#1924,(#1927,#1933),.PCURVE_S1.);
#1924 = B_SPLINE_CURVE_WITH_KNOTS('',1,(#1925,#1926),.UNSPECIFIED.,.F.,
  .F.,(2,2),(0.,1.),.PIECEWISE_BEZIER_KNOTS.);
#1925 = CARTESIAN_POINT('',(-0.968724390359,-0.223388488214,
    0.180999503598));
#1926 = CARTESIAN_POINT('',(-0.967331669177,-0.223388488214,
    0.18110260322));
#1927 = PCURVE('',#436,#1928);
#1928 = DEFINITIONAL_REPRESENTATION('',(#1929),#1932);
#1929 = B_SPLINE_CURVE_WITH_KNOTS('',1,(#1930,#1931),.UNSPECIFIED.,.F.,
  .F.,(2,2),(0.,1.),.PIECEWISE_BEZIER_KNOTS.);
#1930 = CARTESIAN_POINT('',(0.322983063923,6.454595530199E-02));
#1931 = CARTESIAN_POINT('',(0.323255286183,6.591569865849E-02));
#1932 = ( GEOMETRIC_REPRESENTATION_CONTEXT(2) 
PARAMETRIC_REPRESENTATION_CONTEXT() REPRESENTATION_CONTEXT('2D SPACE',''
  ) );
#1933 = PCURVE('',#952,#1934);
#1934 = DEFINITIONAL_REPRESENTATION('',(#1935),#1938);
#1935 = B_SPLINE_CURVE_WITH_KNOTS('',1,(#1936,#1937),.UNSPECIFIED.,.F.,
  .F.,(2,2),(0.,1.),.PIECEWISE_BEZIER_KNOTS.);
#1936 = CARTESIAN_POINT('',(1.812836504862E-03,0.835495382834));
#1937 = CARTESIAN_POINT('',(0.,0.835677364454));
#1938 = ( GEOMETRIC_REPRESENTATION_CONTEXT(2) 
PARAMETRIC_REPRESENTATION_CONTEXT() REPRESENTATION_CONTEXT('2D SPACE',''
  ) );
#1939 = ORIENTED_EDGE('',*,*,#1940,.F.);
#1940 = EDGE_CURVE('',#1941,#1921,#1943,.T.);
#1941 = VERTEX_POINT('',#1942);
#1942 = CARTESIAN_POINT('',(-0.969939567775,-0.223388488214,
    0.180907711288));
#1943 = SURFACE_CURVE('',#1944,(#1947,#1953),.PCURVE_S1.);
#1944 = B_SPLINE_CURVE_WITH_KNOTS('',1,(#1945,#1946),.UNSPECIFIED.,.F.,
  .F.,(2,2),(0.,1.),.PIECEWISE_BEZIER_KNOTS.);
#1945 = CARTESIAN_POINT('',(-0.969939567775,-0.223388488214,
    0.180907711288));
#1946 = CARTESIAN_POINT('',(-0.968724390359,-0.223388488214,
    0.180999503598));
#1947 = PCURVE('',#436,#1948);
#1948 = DEFINITIONAL_REPRESENTATION('',(#1949),#1952);
#1949 = B_SPLINE_CURVE_WITH_KNOTS('',1,(#1950,#1951),.UNSPECIFIED.,.F.,
  .F.,(2,2),(0.,1.),.PIECEWISE_BEZIER_KNOTS.);
#1950 = CARTESIAN_POINT('',(0.322747313748,6.335033670202E-02));
#1951 = CARTESIAN_POINT('',(0.322983063923,6.454595530199E-02));
#1952 = ( GEOMETRIC_REPRESENTATION_CONTEXT(2) 
PARAMETRIC_REPRESENTATION_CONTEXT() REPRESENTATION_CONTEXT('2D SPACE',''
  ) );
#1953 = PCURVE('',#977,#1954);
#1954 = DEFINITIONAL_REPRESENTATION('',(#1955),#1958);
#1955 = B_SPLINE_CURVE_WITH_KNOTS('',1,(#1956,#1957),.UNSPECIFIED.,.F.,
  .F.,(2,2),(0.,1.),.PIECEWISE_BEZIER_KNOTS.);
#1956 = CARTESIAN_POINT('',(1.581502476942E-03,0.835333359803));
#1957 = CARTESIAN_POINT('',(0.,0.835495382834));
#1958 = ( GEOMETRIC_REPRESENTATION_CONTEXT(2) 
PARAMETRIC_REPRESENTATION_CONTEXT() REPRESENTATION_CONTEXT('2D SPACE',''
  ) );
#1959 = ORIENTED_EDGE('',*,*,#1960,.F.);
#1960 = EDGE_CURVE('',#1961,#1941,#1963,.T.);
#1961 = VERTEX_POINT('',#1962);
#1962 = CARTESIAN_POINT('',(-0.970973737846,-0.223388488214,
    0.180828221716));
#1963 = SURFACE_CURVE('',#1964,(#1967,#1973),.PCURVE_S1.);
#1964 = B_SPLINE_CURVE_WITH_KNOTS('',1,(#1965,#1966),.UNSPECIFIED.,.F.,
  .F.,(2,2),(0.,1.),.PIECEWISE_BEZIER_KNOTS.);
#1965 = CARTESIAN_POINT('',(-0.970973737846,-0.223388488214,
    0.180828221716));
#1966 = CARTESIAN_POINT('',(-0.969939567775,-0.223388488214,
    0.180907711288));
#1967 = PCURVE('',#436,#1968);
#1968 = DEFINITIONAL_REPRESENTATION('',(#1969),#1972);
#1969 = B_SPLINE_CURVE_WITH_KNOTS('',1,(#1970,#1971),.UNSPECIFIED.,.F.,
  .F.,(2,2),(0.,1.),.PIECEWISE_BEZIER_KNOTS.);
#1970 = CARTESIAN_POINT('',(0.322548000416,6.233244647113E-02));
#1971 = CARTESIAN_POINT('',(0.322747313748,6.335033670202E-02));
#1972 = ( GEOMETRIC_REPRESENTATION_CONTEXT(2) 
PARAMETRIC_REPRESENTATION_CONTEXT() REPRESENTATION_CONTEXT('2D SPACE',''
  ) );
#1973 = PCURVE('',#1002,#1974);
#1974 = DEFINITIONAL_REPRESENTATION('',(#1975),#1978);
#1975 = B_SPLINE_CURVE_WITH_KNOTS('',1,(#1976,#1977),.UNSPECIFIED.,.F.,
  .F.,(2,2),(0.,1.),.PIECEWISE_BEZIER_KNOTS.);
#1976 = CARTESIAN_POINT('',(1.345754292724E-03,0.835193052391));
#1977 = CARTESIAN_POINT('',(0.,0.835333359803));
#1978 = ( GEOMETRIC_REPRESENTATION_CONTEXT(2) 
PARAMETRIC_REPRESENTATION_CONTEXT() REPRESENTATION_CONTEXT('2D SPACE',''
  ) );
#1979 = ORIENTED_EDGE('',*,*,#1980,.F.);
#1980 = EDGE_CURVE('',#1981,#1961,#1983,.T.);
#1981 = VERTEX_POINT('',#1982);
#1982 = CARTESIAN_POINT('',(-0.971823946794,-0.223388488214,
    0.180761914471));
#1983 = SURFACE_CURVE('',#1984,(#1987,#1993),.PCURVE_S1.);
#1984 = B_SPLINE_CURVE_WITH_KNOTS('',1,(#1985,#1986),.UNSPECIFIED.,.F.,
  .F.,(2,2),(0.,1.),.PIECEWISE_BEZIER_KNOTS.);
#1985 = CARTESIAN_POINT('',(-0.971823946794,-0.223388488214,
    0.180761914471));
#1986 = CARTESIAN_POINT('',(-0.970973737846,-0.223388488214,
    0.180828221716));
#1987 = PCURVE('',#436,#1988);
#1988 = DEFINITIONAL_REPRESENTATION('',(#1989),#1992);
#1989 = B_SPLINE_CURVE_WITH_KNOTS('',1,(#1990,#1991),.UNSPECIFIED.,.F.,
  .F.,(2,2),(0.,1.),.PIECEWISE_BEZIER_KNOTS.);
#1990 = CARTESIAN_POINT('',(0.322385064305,6.149536599057E-02));
#1991 = CARTESIAN_POINT('',(0.322548000416,6.233244647113E-02));
#1992 = ( GEOMETRIC_REPRESENTATION_CONTEXT(2) 
PARAMETRIC_REPRESENTATION_CONTEXT() REPRESENTATION_CONTEXT('2D SPACE',''
  ) );
#1993 = PCURVE('',#1027,#1994);
#1994 = DEFINITIONAL_REPRESENTATION('',(#1995),#1998);
#1995 = B_SPLINE_CURVE_WITH_KNOTS('',1,(#1996,#1997),.UNSPECIFIED.,.F.,
  .F.,(2,2),(0.,1.),.PIECEWISE_BEZIER_KNOTS.);
#1996 = CARTESIAN_POINT('',(1.106245641354E-03,0.835076013164));
#1997 = CARTESIAN_POINT('',(0.,0.835193052391));
#1998 = ( GEOMETRIC_REPRESENTATION_CONTEXT(2) 
PARAMETRIC_REPRESENTATION_CONTEXT() REPRESENTATION_CONTEXT('2D SPACE',''
  ) );
#1999 = ORIENTED_EDGE('',*,*,#2000,.F.);
#2000 = EDGE_CURVE('',#2001,#1981,#2003,.T.);
#2001 = VERTEX_POINT('',#2002);
#2002 = CARTESIAN_POINT('',(-0.972487761884,-0.223388488214,
    0.180709535976));
#2003 = SURFACE_CURVE('',#2004,(#2007,#2013),.PCURVE_S1.);
#2004 = B_SPLINE_CURVE_WITH_KNOTS('',1,(#2005,#2006),.UNSPECIFIED.,.F.,
  .F.,(2,2),(0.,1.),.PIECEWISE_BEZIER_KNOTS.);
#2005 = CARTESIAN_POINT('',(-0.972487761884,-0.223388488214,
    0.180709535976));
#2006 = CARTESIAN_POINT('',(-0.971823946794,-0.223388488214,
    0.180761914471));
#2007 = PCURVE('',#436,#2008);
#2008 = DEFINITIONAL_REPRESENTATION('',(#2009),#2012);
#2009 = B_SPLINE_CURVE_WITH_KNOTS('',1,(#2010,#2011),.UNSPECIFIED.,.F.,
  .F.,(2,2),(0.,1.),.PIECEWISE_BEZIER_KNOTS.);
#2010 = CARTESIAN_POINT('',(0.322258435113,6.084163896251E-02));
#2011 = CARTESIAN_POINT('',(0.322385064305,6.149536599057E-02));
#2012 = ( GEOMETRIC_REPRESENTATION_CONTEXT(2) 
PARAMETRIC_REPRESENTATION_CONTEXT() REPRESENTATION_CONTEXT('2D SPACE',''
  ) );
#2013 = PCURVE('',#1052,#2014);
#2014 = DEFINITIONAL_REPRESENTATION('',(#2015),#2018);
#2015 = B_SPLINE_CURVE_WITH_KNOTS('',1,(#2016,#2017),.UNSPECIFIED.,.F.,
  .F.,(2,2),(0.,1.),.PIECEWISE_BEZIER_KNOTS.);
#2016 = CARTESIAN_POINT('',(8.636426430061E-04,0.83498355964));
#2017 = CARTESIAN_POINT('',(0.,0.835076013164));
#2018 = ( GEOMETRIC_REPRESENTATION_CONTEXT(2) 
PARAMETRIC_REPRESENTATION_CONTEXT() REPRESENTATION_CONTEXT('2D SPACE',''
  ) );
#2019 = ORIENTED_EDGE('',*,*,#2020,.F.);
#2020 = EDGE_CURVE('',#2021,#2001,#2023,.T.);
#2021 = VERTEX_POINT('',#2022);
#2022 = CARTESIAN_POINT('',(-0.972963280864,-0.223388488214,
    0.180671684134));
#2023 = SURFACE_CURVE('',#2024,(#2027,#2033),.PCURVE_S1.);
#2024 = B_SPLINE_CURVE_WITH_KNOTS('',1,(#2025,#2026),.UNSPECIFIED.,.F.,
  .F.,(2,2),(0.,1.),.PIECEWISE_BEZIER_KNOTS.);
#2025 = CARTESIAN_POINT('',(-0.972963280864,-0.223388488214,
    0.180671684134));
#2026 = CARTESIAN_POINT('',(-0.972487761884,-0.223388488214,
    0.180709535976));
#2027 = PCURVE('',#436,#2028);
#2028 = DEFINITIONAL_REPRESENTATION('',(#2029),#2032);
#2029 = B_SPLINE_CURVE_WITH_KNOTS('',1,(#2030,#2031),.UNSPECIFIED.,.F.,
  .F.,(2,2),(0.,1.),.PIECEWISE_BEZIER_KNOTS.);
#2030 = CARTESIAN_POINT('',(0.322168044141,6.037325820388E-02));
#2031 = CARTESIAN_POINT('',(0.322258435113,6.084163896252E-02));
#2032 = ( GEOMETRIC_REPRESENTATION_CONTEXT(2) 
PARAMETRIC_REPRESENTATION_CONTEXT() REPRESENTATION_CONTEXT('2D SPACE',''
  ) );
#2033 = PCURVE('',#1077,#2034);
#2034 = DEFINITIONAL_REPRESENTATION('',(#2035),#2038);
#2035 = B_SPLINE_CURVE_WITH_KNOTS('',1,(#2036,#2037),.UNSPECIFIED.,.F.,
  .F.,(2,2),(0.,1.),.PIECEWISE_BEZIER_KNOTS.);
#2036 = CARTESIAN_POINT('',(6.18621831838E-04,0.834916747178));
#2037 = CARTESIAN_POINT('',(0.,0.83498355964));
#2038 = ( GEOMETRIC_REPRESENTATION_CONTEXT(2) 
PARAMETRIC_REPRESENTATION_CONTEXT() REPRESENTATION_CONTEXT('2D SPACE',''
  ) );
#2039 = ORIENTED_EDGE('',*,*,#2040,.F.);
#2040 = EDGE_CURVE('',#2041,#2021,#2043,.T.);
#2041 = VERTEX_POINT('',#2042);
#2042 = CARTESIAN_POINT('',(-0.973249139498,-0.223388488214,
    0.180648795612));
#2043 = SURFACE_CURVE('',#2044,(#2047,#2053),.PCURVE_S1.);
#2044 = B_SPLINE_CURVE_WITH_KNOTS('',1,(#2045,#2046),.UNSPECIFIED.,.F.,
  .F.,(2,2),(0.,1.),.PIECEWISE_BEZIER_KNOTS.);
#2045 = CARTESIAN_POINT('',(-0.973249139498,-0.223388488214,
    0.180648795612));
#2046 = CARTESIAN_POINT('',(-0.972963280864,-0.223388488214,
    0.180671684134));
#2047 = PCURVE('',#436,#2048);
#2048 = DEFINITIONAL_REPRESENTATION('',(#2049),#2052);
#2049 = B_SPLINE_CURVE_WITH_KNOTS('',1,(#2050,#2051),.UNSPECIFIED.,.F.,
  .F.,(2,2),(0.,1.),.PIECEWISE_BEZIER_KNOTS.);
#2050 = CARTESIAN_POINT('',(0.322113834535,6.009165500452E-02));
#2051 = CARTESIAN_POINT('',(0.322168044141,6.037325820388E-02));
#2052 = ( GEOMETRIC_REPRESENTATION_CONTEXT(2) 
PARAMETRIC_REPRESENTATION_CONTEXT() REPRESENTATION_CONTEXT('2D SPACE',''
  ) );
#2053 = PCURVE('',#1102,#2054);
#2054 = DEFINITIONAL_REPRESENTATION('',(#2055),#2058);
#2055 = B_SPLINE_CURVE_WITH_KNOTS('',1,(#2056,#2057),.UNSPECIFIED.,.F.,
  .F.,(2,2),(0.,1.),.PIECEWISE_BEZIER_KNOTS.);
#2056 = CARTESIAN_POINT('',(3.718680024035E-04,0.834876346542));
#2057 = CARTESIAN_POINT('',(0.,0.834916747178));
#2058 = ( GEOMETRIC_REPRESENTATION_CONTEXT(2) 
PARAMETRIC_REPRESENTATION_CONTEXT() REPRESENTATION_CONTEXT('2D SPACE',''
  ) );
#2059 = ORIENTED_EDGE('',*,*,#2060,.F.);
#2060 = EDGE_CURVE('',#2061,#2041,#2063,.T.);
#2061 = VERTEX_POINT('',#2062);
#2062 = CARTESIAN_POINT('',(-0.973344517029,-0.223388488214,
    0.180641136336));
#2063 = SURFACE_CURVE('',#2064,(#2067,#2073),.PCURVE_S1.);
#2064 = B_SPLINE_CURVE_WITH_KNOTS('',1,(#2065,#2066),.UNSPECIFIED.,.F.,
  .F.,(2,2),(0.,1.),.PIECEWISE_BEZIER_KNOTS.);
#2065 = CARTESIAN_POINT('',(-0.973344517029,-0.223388488214,
    0.180641136336));
#2066 = CARTESIAN_POINT('',(-0.973249139498,-0.223388488214,
    0.180648795612));
#2067 = PCURVE('',#436,#2068);
#2068 = DEFINITIONAL_REPRESENTATION('',(#2069),#2072);
#2069 = B_SPLINE_CURVE_WITH_KNOTS('',1,(#2070,#2071),.UNSPECIFIED.,.F.,
  .F.,(2,2),(0.,1.),.PIECEWISE_BEZIER_KNOTS.);
#2070 = CARTESIAN_POINT('',(0.322095768991,5.999769132032E-02));
#2071 = CARTESIAN_POINT('',(0.322113834535,6.009165500452E-02));
#2072 = ( GEOMETRIC_REPRESENTATION_CONTEXT(2) 
PARAMETRIC_REPRESENTATION_CONTEXT() REPRESENTATION_CONTEXT('2D SPACE',''
  ) );
#2073 = PCURVE('',#1127,#2074);
#2074 = DEFINITIONAL_REPRESENTATION('',(#2075),#2078);
#2075 = B_SPLINE_CURVE_WITH_KNOTS('',1,(#2076,#2077),.UNSPECIFIED.,.F.,
  .F.,(2,2),(0.,1.),.PIECEWISE_BEZIER_KNOTS.);
#2076 = CARTESIAN_POINT('',(1.240719397039E-04,0.834862827119));
#2077 = CARTESIAN_POINT('',(0.,0.834876346542));
#2078 = ( GEOMETRIC_REPRESENTATION_CONTEXT(2) 
PARAMETRIC_REPRESENTATION_CONTEXT() REPRESENTATION_CONTEXT('2D SPACE',''
  ) );
#2079 = ORIENTED_EDGE('',*,*,#2080,.F.);
#2080 = EDGE_CURVE('',#2081,#2061,#2083,.T.);
#2081 = VERTEX_POINT('',#2082);
#2082 = CARTESIAN_POINT('',(-0.973251732024,-0.223388488214,
    0.180623303202));
#2083 = SURFACE_CURVE('',#2084,(#2087,#2093),.PCURVE_S1.);
#2084 = B_SPLINE_CURVE_WITH_KNOTS('',1,(#2085,#2086),.UNSPECIFIED.,.F.,
  .F.,(2,2),(0.,1.),.PIECEWISE_BEZIER_KNOTS.);
#2085 = CARTESIAN_POINT('',(-0.973251732024,-0.223388488214,
    0.180623303202));
#2086 = CARTESIAN_POINT('',(-0.973344517029,-0.223388488214,
    0.180641136336));
#2087 = PCURVE('',#436,#2088);
#2088 = DEFINITIONAL_REPRESENTATION('',(#2089),#2092);
#2089 = B_SPLINE_CURVE_WITH_KNOTS('',1,(#2090,#2091),.UNSPECIFIED.,.F.,
  .F.,(2,2),(0.,1.),.PIECEWISE_BEZIER_KNOTS.);
#2090 = CARTESIAN_POINT('',(0.322137711162,6.008235496145E-02));
#2091 = CARTESIAN_POINT('',(0.322095768991,5.999769132032E-02));
#2092 = ( GEOMETRIC_REPRESENTATION_CONTEXT(2) 
PARAMETRIC_REPRESENTATION_CONTEXT() REPRESENTATION_CONTEXT('2D SPACE',''
  ) );
#2093 = PCURVE('',#1152,#2094);
#2094 = DEFINITIONAL_REPRESENTATION('',(#2095),#2098);
#2095 = B_SPLINE_CURVE_WITH_KNOTS('',1,(#2096,#2097),.UNSPECIFIED.,.F.,
  .F.,(2,2),(0.,1.),.PIECEWISE_BEZIER_KNOTS.);
#2096 = CARTESIAN_POINT('',(1.240719397039E-04,0.834831349771));
#2097 = CARTESIAN_POINT('',(0.,0.834862827119));
#2098 = ( GEOMETRIC_REPRESENTATION_CONTEXT(2) 
PARAMETRIC_REPRESENTATION_CONTEXT() REPRESENTATION_CONTEXT('2D SPACE',''
  ) );
#2099 = ORIENTED_EDGE('',*,*,#2100,.F.);
#2100 = EDGE_CURVE('',#2101,#2081,#2103,.T.);
#2101 = VERTEX_POINT('',#2102);
#2102 = CARTESIAN_POINT('',(-0.972973611649,-0.223388488214,
    0.18056991809));
#2103 = SURFACE_CURVE('',#2104,(#2107,#2113),.PCURVE_S1.);
#2104 = B_SPLINE_CURVE_WITH_KNOTS('',1,(#2105,#2106),.UNSPECIFIED.,.F.,
  .F.,(2,2),(0.,1.),.PIECEWISE_BEZIER_KNOTS.);
#2105 = CARTESIAN_POINT('',(-0.972973611649,-0.223388488214,
    0.18056991809));
#2106 = CARTESIAN_POINT('',(-0.973251732024,-0.223388488214,
    0.180623303202));
#2107 = PCURVE('',#436,#2108);
#2108 = DEFINITIONAL_REPRESENTATION('',(#2109),#2112);
#2109 = B_SPLINE_CURVE_WITH_KNOTS('',1,(#2110,#2111),.UNSPECIFIED.,.F.,
  .F.,(2,2),(0.,1.),.PIECEWISE_BEZIER_KNOTS.);
#2110 = CARTESIAN_POINT('',(0.322263364926,6.03361502426E-02));
#2111 = CARTESIAN_POINT('',(0.322137711162,6.008235496145E-02));
#2112 = ( GEOMETRIC_REPRESENTATION_CONTEXT(2) 
PARAMETRIC_REPRESENTATION_CONTEXT() REPRESENTATION_CONTEXT('2D SPACE',''
  ) );
#2113 = PCURVE('',#1177,#2114);
#2114 = DEFINITIONAL_REPRESENTATION('',(#2115),#2118);
#2115 = B_SPLINE_CURVE_WITH_KNOTS('',1,(#2116,#2117),.UNSPECIFIED.,.F.,
  .F.,(2,2),(0.,1.),.PIECEWISE_BEZIER_KNOTS.);
#2116 = CARTESIAN_POINT('',(3.718680024035E-04,0.834737119462));
#2117 = CARTESIAN_POINT('',(0.,0.834831349771));
#2118 = ( GEOMETRIC_REPRESENTATION_CONTEXT(2) 
PARAMETRIC_REPRESENTATION_CONTEXT() REPRESENTATION_CONTEXT('2D SPACE',''
  ) );
#2119 = ORIENTED_EDGE('',*,*,#2120,.F.);
#2120 = EDGE_CURVE('',#2121,#2101,#2123,.T.);
#2121 = VERTEX_POINT('',#2122);
#2122 = CARTESIAN_POINT('',(-0.972510859613,-0.223388488214,
    0.180481321904));
#2123 = SURFACE_CURVE('',#2124,(#2127,#2133),.PCURVE_S1.);
#2124 = B_SPLINE_CURVE_WITH_KNOTS('',1,(#2125,#2126),.UNSPECIFIED.,.F.,
  .F.,(2,2),(0.,1.),.PIECEWISE_BEZIER_KNOTS.);
#2125 = CARTESIAN_POINT('',(-0.972510859613,-0.223388488214,
    0.180481321904));
#2126 = CARTESIAN_POINT('',(-0.972973611649,-0.223388488214,
    0.18056991809));
#2127 = PCURVE('',#436,#2128);
#2128 = DEFINITIONAL_REPRESENTATION('',(#2129),#2132);
#2129 = B_SPLINE_CURVE_WITH_KNOTS('',1,(#2130,#2131),.UNSPECIFIED.,.F.,
  .F.,(2,2),(0.,1.),.PIECEWISE_BEZIER_KNOTS.);
#2130 = CARTESIAN_POINT('',(0.322472213981,6.075848992036E-02));
#2131 = CARTESIAN_POINT('',(0.322263364926,6.03361502426E-02));
#2132 = ( GEOMETRIC_REPRESENTATION_CONTEXT(2) 
PARAMETRIC_REPRESENTATION_CONTEXT() REPRESENTATION_CONTEXT('2D SPACE',''
  ) );
#2133 = PCURVE('',#1202,#2134);
#2134 = DEFINITIONAL_REPRESENTATION('',(#2135),#2138);
#2135 = B_SPLINE_CURVE_WITH_KNOTS('',1,(#2136,#2137),.UNSPECIFIED.,.F.,
  .F.,(2,2),(0.,1.),.PIECEWISE_BEZIER_KNOTS.);
#2136 = CARTESIAN_POINT('',(6.186218318379E-04,0.834580737924));
#2137 = CARTESIAN_POINT('',(0.,0.834737119462));
#2138 = ( GEOMETRIC_REPRESENTATION_CONTEXT(2) 
PARAMETRIC_REPRESENTATION_CONTEXT() REPRESENTATION_CONTEXT('2D SPACE',''
  ) );
#2139 = ORIENTED_EDGE('',*,*,#2140,.F.);
#2140 = EDGE_CURVE('',#2141,#2121,#2143,.T.);
#2141 = VERTEX_POINT('',#2142);
#2142 = CARTESIAN_POINT('',(-0.971864648031,-0.223388488214,
    0.18035807637));
#2143 = SURFACE_CURVE('',#2144,(#2147,#2153),.PCURVE_S1.);
#2144 = B_SPLINE_CURVE_WITH_KNOTS('',1,(#2145,#2146),.UNSPECIFIED.,.F.,
  .F.,(2,2),(0.,1.),.PIECEWISE_BEZIER_KNOTS.);
#2145 = CARTESIAN_POINT('',(-0.971864648031,-0.223388488214,
    0.18035807637));
#2146 = CARTESIAN_POINT('',(-0.972510859613,-0.223388488214,
    0.180481321904));
#2147 = PCURVE('',#436,#2148);
#2148 = DEFINITIONAL_REPRESENTATION('',(#2149),#2152);
#2149 = B_SPLINE_CURVE_WITH_KNOTS('',1,(#2150,#2151),.UNSPECIFIED.,.F.,
  .F.,(2,2),(0.,1.),.PIECEWISE_BEZIER_KNOTS.);
#2150 = CARTESIAN_POINT('',(0.322763404239,6.134839423823E-02));
#2151 = CARTESIAN_POINT('',(0.322472213981,6.075848992036E-02));
#2152 = ( GEOMETRIC_REPRESENTATION_CONTEXT(2) 
PARAMETRIC_REPRESENTATION_CONTEXT() REPRESENTATION_CONTEXT('2D SPACE',''
  ) );
#2153 = PCURVE('',#1227,#2154);
#2154 = DEFINITIONAL_REPRESENTATION('',(#2155),#2158);
#2155 = B_SPLINE_CURVE_WITH_KNOTS('',1,(#2156,#2157),.UNSPECIFIED.,.F.,
  .F.,(2,2),(0.,1.),.PIECEWISE_BEZIER_KNOTS.);
#2156 = CARTESIAN_POINT('',(8.636426430061E-04,0.834363196661));
#2157 = CARTESIAN_POINT('',(0.,0.834580737924));
#2158 = ( GEOMETRIC_REPRESENTATION_CONTEXT(2) 
PARAMETRIC_REPRESENTATION_CONTEXT() REPRESENTATION_CONTEXT('2D SPACE',''
  ) );
#2159 = ORIENTED_EDGE('',*,*,#2160,.F.);
#2160 = EDGE_CURVE('',#2161,#2141,#2163,.T.);
#2161 = VERTEX_POINT('',#2162);
#2162 = CARTESIAN_POINT('',(-0.971036616275,-0.223388488214,
    0.180200954642));
#2163 = SURFACE_CURVE('',#2164,(#2167,#2173),.PCURVE_S1.);
#2164 = B_SPLINE_CURVE_WITH_KNOTS('',1,(#2165,#2166),.UNSPECIFIED.,.F.,
  .F.,(2,2),(0.,1.),.PIECEWISE_BEZIER_KNOTS.);
#2165 = CARTESIAN_POINT('',(-0.971036616275,-0.223388488214,
    0.180200954642));
#2166 = CARTESIAN_POINT('',(-0.971864648031,-0.223388488214,
    0.18035807637));
#2167 = PCURVE('',#436,#2168);
#2168 = DEFINITIONAL_REPRESENTATION('',(#2169),#2172);
#2169 = B_SPLINE_CURVE_WITH_KNOTS('',1,(#2170,#2171),.UNSPECIFIED.,.F.,
  .F.,(2,2),(0.,1.),.PIECEWISE_BEZIER_KNOTS.);
#2170 = CARTESIAN_POINT('',(0.323135753181,6.210448953103E-02));
#2171 = CARTESIAN_POINT('',(0.322763404239,6.134839423823E-02));
#2172 = ( GEOMETRIC_REPRESENTATION_CONTEXT(2) 
PARAMETRIC_REPRESENTATION_CONTEXT() REPRESENTATION_CONTEXT('2D SPACE',''
  ) );
#2173 = PCURVE('',#1252,#2174);
#2174 = DEFINITIONAL_REPRESENTATION('',(#2175),#2178);
#2175 = B_SPLINE_CURVE_WITH_KNOTS('',1,(#2176,#2177),.UNSPECIFIED.,.F.,
  .F.,(2,2),(0.,1.),.PIECEWISE_BEZIER_KNOTS.);
#2176 = CARTESIAN_POINT('',(1.106245641354E-03,0.834085860371));
#2177 = CARTESIAN_POINT('',(0.,0.834363196661));
#2178 = ( GEOMETRIC_REPRESENTATION_CONTEXT(2) 
PARAMETRIC_REPRESENTATION_CONTEXT() REPRESENTATION_CONTEXT('2D SPACE',''
  ) );
#2179 = ORIENTED_EDGE('',*,*,#2180,.F.);
#2180 = EDGE_CURVE('',#2181,#2161,#2183,.T.);
#2181 = VERTEX_POINT('',#2182);
#2182 = CARTESIAN_POINT('',(-0.970028869254,-0.223388488214,
    0.18001092872));
#2183 = SURFACE_CURVE('',#2184,(#2187,#2193),.PCURVE_S1.);
#2184 = B_SPLINE_CURVE_WITH_KNOTS('',1,(#2185,#2186),.UNSPECIFIED.,.F.,
  .F.,(2,2),(0.,1.),.PIECEWISE_BEZIER_KNOTS.);
#2185 = CARTESIAN_POINT('',(-0.970028869254,-0.223388488214,
    0.18001092872));
#2186 = CARTESIAN_POINT('',(-0.971036616275,-0.223388488214,
    0.180200954642));
#2187 = PCURVE('',#436,#2188);
#2188 = DEFINITIONAL_REPRESENTATION('',(#2189),#2192);
#2189 = B_SPLINE_CURVE_WITH_KNOTS('',1,(#2190,#2191),.UNSPECIFIED.,.F.,
  .F.,(2,2),(0.,1.),.PIECEWISE_BEZIER_KNOTS.);
#2190 = CARTESIAN_POINT('',(0.323587762441,6.302500652566E-02));
#2191 = CARTESIAN_POINT('',(0.323135753181,6.210448953103E-02));
#2192 = ( GEOMETRIC_REPRESENTATION_CONTEXT(2) 
PARAMETRIC_REPRESENTATION_CONTEXT() REPRESENTATION_CONTEXT('2D SPACE',''
  ) );
#2193 = PCURVE('',#1277,#2194);
#2194 = DEFINITIONAL_REPRESENTATION('',(#2195),#2198);
#2195 = B_SPLINE_CURVE_WITH_KNOTS('',1,(#2196,#2197),.UNSPECIFIED.,.F.,
  .F.,(2,2),(0.,1.),.PIECEWISE_BEZIER_KNOTS.);
#2196 = CARTESIAN_POINT('',(1.345754292724E-03,0.833750444734));
#2197 = CARTESIAN_POINT('',(0.,0.834085860371));
#2198 = ( GEOMETRIC_REPRESENTATION_CONTEXT(2) 
PARAMETRIC_REPRESENTATION_CONTEXT() REPRESENTATION_CONTEXT('2D SPACE',''
  ) );
#2199 = ORIENTED_EDGE('',*,*,#2200,.F.);
#2200 = EDGE_CURVE('',#2201,#2181,#2203,.T.);
#2201 = VERTEX_POINT('',#2202);
#2202 = CARTESIAN_POINT('',(-0.968843975025,-0.223388488214,
    0.179789154205));
#2203 = SURFACE_CURVE('',#2204,(#2207,#2213),.PCURVE_S1.);
#2204 = B_SPLINE_CURVE_WITH_KNOTS('',1,(#2205,#2206),.UNSPECIFIED.,.F.,
  .F.,(2,2),(0.,1.),.PIECEWISE_BEZIER_KNOTS.);
#2205 = CARTESIAN_POINT('',(-0.968843975025,-0.223388488214,
    0.179789154205));
#2206 = CARTESIAN_POINT('',(-0.970028869254,-0.223388488214,
    0.18001092872));
#2207 = PCURVE('',#436,#2208);
#2208 = DEFINITIONAL_REPRESENTATION('',(#2209),#2212);
#2209 = B_SPLINE_CURVE_WITH_KNOTS('',1,(#2210,#2211),.UNSPECIFIED.,.F.,
  .F.,(2,2),(0.,1.),.PIECEWISE_BEZIER_KNOTS.);
#2210 = CARTESIAN_POINT('',(0.324117633137,6.410777857626E-02));
#2211 = CARTESIAN_POINT('',(0.323587762441,6.302500652566E-02));
#2212 = ( GEOMETRIC_REPRESENTATION_CONTEXT(2) 
PARAMETRIC_REPRESENTATION_CONTEXT() REPRESENTATION_CONTEXT('2D SPACE',''
  ) );
#2213 = PCURVE('',#1302,#2214);
#2214 = DEFINITIONAL_REPRESENTATION('',(#2215),#2218);
#2215 = B_SPLINE_CURVE_WITH_KNOTS('',1,(#2216,#2217),.UNSPECIFIED.,.F.,
  .F.,(2,2),(0.,1.),.PIECEWISE_BEZIER_KNOTS.);
#2216 = CARTESIAN_POINT('',(1.581502476942E-03,0.83335898951));
#2217 = CARTESIAN_POINT('',(0.,0.833750444734));
#2218 = ( GEOMETRIC_REPRESENTATION_CONTEXT(2) 
PARAMETRIC_REPRESENTATION_CONTEXT() REPRESENTATION_CONTEXT('2D SPACE',''
  ) );
#2219 = ORIENTED_EDGE('',*,*,#2220,.F.);
#2220 = EDGE_CURVE('',#2221,#2201,#2223,.T.);
#2221 = VERTEX_POINT('',#2222);
#2222 = CARTESIAN_POINT('',(-0.967484961616,-0.223388488214,
    0.179536953033));
#2223 = SURFACE_CURVE('',#2224,(#2227,#2233),.PCURVE_S1.);
#2224 = B_SPLINE_CURVE_WITH_KNOTS('',1,(#2225,#2226),.UNSPECIFIED.,.F.,
  .F.,(2,2),(0.,1.),.PIECEWISE_BEZIER_KNOTS.);
#2225 = CARTESIAN_POINT('',(-0.967484961616,-0.223388488214,
    0.179536953033));
#2226 = CARTESIAN_POINT('',(-0.968843975025,-0.223388488214,
    0.179789154205));
#2227 = PCURVE('',#436,#2228);
#2228 = DEFINITIONAL_REPRESENTATION('',(#2229),#2232);
#2229 = B_SPLINE_CURVE_WITH_KNOTS('',1,(#2230,#2231),.UNSPECIFIED.,.F.,
  .F.,(2,2),(0.,1.),.PIECEWISE_BEZIER_KNOTS.);
#2230 = CARTESIAN_POINT('',(0.324723283363,6.535024011777E-02));
#2231 = CARTESIAN_POINT('',(0.324117633137,6.410777857626E-02));
#2232 = ( GEOMETRIC_REPRESENTATION_CONTEXT(2) 
PARAMETRIC_REPRESENTATION_CONTEXT() REPRESENTATION_CONTEXT('2D SPACE',''
  ) );
#2233 = PCURVE('',#1327,#2234);
#2234 = DEFINITIONAL_REPRESENTATION('',(#2235),#2238);
#2235 = B_SPLINE_CURVE_WITH_KNOTS('',1,(#2236,#2237),.UNSPECIFIED.,.F.,
  .F.,(2,2),(0.,1.),.PIECEWISE_BEZIER_KNOTS.);
#2236 = CARTESIAN_POINT('',(1.812836504862E-03,0.832913828051));
#2237 = CARTESIAN_POINT('',(0.,0.83335898951));
#2238 = ( GEOMETRIC_REPRESENTATION_CONTEXT(2) 
PARAMETRIC_REPRESENTATION_CONTEXT() REPRESENTATION_CONTEXT('2D SPACE',''
  ) );
#2239 = ORIENTED_EDGE('',*,*,#2240,.F.);
#2240 = EDGE_CURVE('',#2241,#2221,#2243,.T.);
#2241 = VERTEX_POINT('',#2242);
#2242 = CARTESIAN_POINT('',(-0.965955312933,-0.223388488214,
    0.179255794893));
#2243 = SURFACE_CURVE('',#2244,(#2247,#2253),.PCURVE_S1.);
#2244 = B_SPLINE_CURVE_WITH_KNOTS('',1,(#2245,#2246),.UNSPECIFIED.,.F.,
  .F.,(2,2),(0.,1.),.PIECEWISE_BEZIER_KNOTS.);
#2245 = CARTESIAN_POINT('',(-0.965955312933,-0.223388488214,
    0.179255794893));
#2246 = CARTESIAN_POINT('',(-0.967484961616,-0.223388488214,
    0.179536953033));
#2247 = PCURVE('',#436,#2248);
#2248 = DEFINITIONAL_REPRESENTATION('',(#2249),#2252);
#2249 = B_SPLINE_CURVE_WITH_KNOTS('',1,(#2250,#2251),.UNSPECIFIED.,.F.,
  .F.,(2,2),(0.,1.),.PIECEWISE_BEZIER_KNOTS.);
#2250 = CARTESIAN_POINT('',(0.32540236718,6.674942565295E-02));
#2251 = CARTESIAN_POINT('',(0.324723283363,6.535024011777E-02));
#2252 = ( GEOMETRIC_REPRESENTATION_CONTEXT(2) 
PARAMETRIC_REPRESENTATION_CONTEXT() REPRESENTATION_CONTEXT('2D SPACE',''
  ) );
#2253 = PCURVE('',#1352,#2254);
#2254 = DEFINITIONAL_REPRESENTATION('',(#2255),#2258);
#2255 = B_SPLINE_CURVE_WITH_KNOTS('',1,(#2256,#2257),.UNSPECIFIED.,.F.,
  .F.,(2,2),(0.,1.),.PIECEWISE_BEZIER_KNOTS.);
#2256 = CARTESIAN_POINT('',(2.039116986853E-03,0.832417554515));
#2257 = CARTESIAN_POINT('',(0.,0.832913828051));
#2258 = ( GEOMETRIC_REPRESENTATION_CONTEXT(2) 
PARAMETRIC_REPRESENTATION_CONTEXT() REPRESENTATION_CONTEXT('2D SPACE',''
  ) );
#2259 = ORIENTED_EDGE('',*,*,#2260,.F.);
#2260 = EDGE_CURVE('',#2261,#2241,#2263,.T.);
#2261 = VERTEX_POINT('',#2262);
#2262 = CARTESIAN_POINT('',(-0.964258963626,-0.223388488214,
    0.178947278108));
#2263 = SURFACE_CURVE('',#2264,(#2267,#2273),.PCURVE_S1.);
#2264 = B_SPLINE_CURVE_WITH_KNOTS('',1,(#2265,#2266),.UNSPECIFIED.,.F.,
  .F.,(2,2),(0.,1.),.PIECEWISE_BEZIER_KNOTS.);
#2265 = CARTESIAN_POINT('',(-0.964258963626,-0.223388488214,
    0.178947278108));
#2266 = CARTESIAN_POINT('',(-0.965955312933,-0.223388488214,
    0.179255794893));
#2267 = PCURVE('',#436,#2268);
#2268 = DEFINITIONAL_REPRESENTATION('',(#2269),#2272);
#2269 = B_SPLINE_CURVE_WITH_KNOTS('',1,(#2270,#2271),.UNSPECIFIED.,.F.,
  .F.,(2,2),(0.,1.),.PIECEWISE_BEZIER_KNOTS.);
#2270 = CARTESIAN_POINT('',(0.32615229442,6.830196960145E-02));
#2271 = CARTESIAN_POINT('',(0.32540236718,6.674942565295E-02));
#2272 = ( GEOMETRIC_REPRESENTATION_CONTEXT(2) 
PARAMETRIC_REPRESENTATION_CONTEXT() REPRESENTATION_CONTEXT('2D SPACE',''
  ) );
#2273 = PCURVE('',#1377,#2274);
#2274 = DEFINITIONAL_REPRESENTATION('',(#2275),#2278);
#2275 = B_SPLINE_CURVE_WITH_KNOTS('',1,(#2276,#2277),.UNSPECIFIED.,.F.,
  .F.,(2,2),(0.,1.),.PIECEWISE_BEZIER_KNOTS.);
#2276 = CARTESIAN_POINT('',(2.259720549055E-03,0.831872990109));
#2277 = CARTESIAN_POINT('',(0.,0.832417554515));
#2278 = ( GEOMETRIC_REPRESENTATION_CONTEXT(2) 
PARAMETRIC_REPRESENTATION_CONTEXT() REPRESENTATION_CONTEXT('2D SPACE',''
  ) );
#2279 = ORIENTED_EDGE('',*,*,#2280,.F.);
#2280 = EDGE_CURVE('',#2281,#2261,#2283,.T.);
#2281 = VERTEX_POINT('',#2282);
#2282 = CARTESIAN_POINT('',(-0.962400292775,-0.223388488214,
    0.178613110727));
#2283 = SURFACE_CURVE('',#2284,(#2287,#2293),.PCURVE_S1.);
#2284 = B_SPLINE_CURVE_WITH_KNOTS('',1,(#2285,#2286),.UNSPECIFIED.,.F.,
  .F.,(2,2),(0.,1.),.PIECEWISE_BEZIER_KNOTS.);
#2285 = CARTESIAN_POINT('',(-0.962400292775,-0.223388488214,
    0.178613110727));
#2286 = CARTESIAN_POINT('',(-0.964258963626,-0.223388488214,
    0.178947278108));
#2287 = PCURVE('',#436,#2288);
#2288 = DEFINITIONAL_REPRESENTATION('',(#2289),#2292);
#2289 = B_SPLINE_CURVE_WITH_KNOTS('',1,(#2290,#2291),.UNSPECIFIED.,.F.,
  .F.,(2,2),(0.,1.),.PIECEWISE_BEZIER_KNOTS.);
#2290 = CARTESIAN_POINT('',(0.326970250593,7.000410733703E-02));
#2291 = CARTESIAN_POINT('',(0.32615229442,6.830196960145E-02));
#2292 = ( GEOMETRIC_REPRESENTATION_CONTEXT(2) 
PARAMETRIC_REPRESENTATION_CONTEXT() REPRESENTATION_CONTEXT('2D SPACE',''
  ) );
#2293 = PCURVE('',#1402,#2294);
#2294 = DEFINITIONAL_REPRESENTATION('',(#2295),#2298);
#2295 = B_SPLINE_CURVE_WITH_KNOTS('',1,(#2296,#2297),.UNSPECIFIED.,.F.,
  .F.,(2,2),(0.,1.),.PIECEWISE_BEZIER_KNOTS.);
#2296 = CARTESIAN_POINT('',(2.474041401648E-03,0.831283149715));
#2297 = CARTESIAN_POINT('',(0.,0.831872990109));
#2298 = ( GEOMETRIC_REPRESENTATION_CONTEXT(2) 
PARAMETRIC_REPRESENTATION_CONTEXT() REPRESENTATION_CONTEXT('2D SPACE',''
  ) );
#2299 = ORIENTED_EDGE('',*,*,#2300,.F.);
#2300 = EDGE_CURVE('',#2301,#2281,#2303,.T.);
#2301 = VERTEX_POINT('',#2302);
#2302 = CARTESIAN_POINT('',(-0.960384116297,-0.223388488214,
    0.17825509257));
#2303 = SURFACE_CURVE('',#2304,(#2307,#2313),.PCURVE_S1.);
#2304 = B_SPLINE_CURVE_WITH_KNOTS('',1,(#2305,#2306),.UNSPECIFIED.,.F.,
  .F.,(2,2),(0.,1.),.PIECEWISE_BEZIER_KNOTS.);
#2305 = CARTESIAN_POINT('',(-0.960384116297,-0.223388488214,
    0.17825509257));
#2306 = CARTESIAN_POINT('',(-0.962400292775,-0.223388488214,
    0.178613110727));
#2307 = PCURVE('',#436,#2308);
#2308 = DEFINITIONAL_REPRESENTATION('',(#2309),#2312);
#2309 = B_SPLINE_CURVE_WITH_KNOTS('',1,(#2310,#2311),.UNSPECIFIED.,.F.,
  .F.,(2,2),(0.,1.),.PIECEWISE_BEZIER_KNOTS.);
#2310 = CARTESIAN_POINT('',(0.327853216211,7.185167771771E-02));
#2311 = CARTESIAN_POINT('',(0.326970250593,7.000410733703E-02));
#2312 = ( GEOMETRIC_REPRESENTATION_CONTEXT(2) 
PARAMETRIC_REPRESENTATION_CONTEXT() REPRESENTATION_CONTEXT('2D SPACE',''
  ) );
#2313 = PCURVE('',#1427,#2314);
#2314 = DEFINITIONAL_REPRESENTATION('',(#2315),#2318);
#2315 = B_SPLINE_CURVE_WITH_KNOTS('',1,(#2316,#2317),.UNSPECIFIED.,.F.,
  .F.,(2,2),(0.,1.),.PIECEWISE_BEZIER_KNOTS.);
#2316 = CARTESIAN_POINT('',(2.681492770208E-03,0.830651210206));
#2317 = CARTESIAN_POINT('',(0.,0.831283149715));
#2318 = ( GEOMETRIC_REPRESENTATION_CONTEXT(2) 
PARAMETRIC_REPRESENTATION_CONTEXT() REPRESENTATION_CONTEXT('2D SPACE',''
  ) );
#2319 = ORIENTED_EDGE('',*,*,#2320,.F.);
#2320 = EDGE_CURVE('',#2321,#2301,#2323,.T.);
#2321 = VERTEX_POINT('',#2322);
#2322 = CARTESIAN_POINT('',(-0.958215677969,-0.223388488214,
    0.177875098899));
#2323 = SURFACE_CURVE('',#2324,(#2327,#2333),.PCURVE_S1.);
#2324 = B_SPLINE_CURVE_WITH_KNOTS('',1,(#2325,#2326),.UNSPECIFIED.,.F.,
  .F.,(2,2),(0.,1.),.PIECEWISE_BEZIER_KNOTS.);
#2325 = CARTESIAN_POINT('',(-0.958215677969,-0.223388488214,
    0.177875098899));
#2326 = CARTESIAN_POINT('',(-0.960384116297,-0.223388488214,
    0.17825509257));
#2327 = PCURVE('',#436,#2328);
#2328 = DEFINITIONAL_REPRESENTATION('',(#2329),#2332);
#2329 = B_SPLINE_CURVE_WITH_KNOTS('',1,(#2330,#2331),.UNSPECIFIED.,.F.,
  .F.,(2,2),(0.,1.),.PIECEWISE_BEZIER_KNOTS.);
#2330 = CARTESIAN_POINT('',(0.328797984923,7.384012737775E-02));
#2331 = CARTESIAN_POINT('',(0.327853216211,7.185167771771E-02));
#2332 = ( GEOMETRIC_REPRESENTATION_CONTEXT(2) 
PARAMETRIC_REPRESENTATION_CONTEXT() REPRESENTATION_CONTEXT('2D SPACE',''
  ) );
#2333 = PCURVE('',#1452,#2334);
#2334 = DEFINITIONAL_REPRESENTATION('',(#2335),#2338);
#2335 = B_SPLINE_CURVE_WITH_KNOTS('',1,(#2336,#2337),.UNSPECIFIED.,.F.,
  .F.,(2,2),(0.,1.),.PIECEWISE_BEZIER_KNOTS.);
#2336 = CARTESIAN_POINT('',(2.881508206621E-03,0.829980481616));
#2337 = CARTESIAN_POINT('',(0.,0.830651210206));
#2338 = ( GEOMETRIC_REPRESENTATION_CONTEXT(2) 
PARAMETRIC_REPRESENTATION_CONTEXT() REPRESENTATION_CONTEXT('2D SPACE',''
  ) );
#2339 = ORIENTED_EDGE('',*,*,#2340,.F.);
#2340 = EDGE_CURVE('',#2341,#2321,#2343,.T.);
#2341 = VERTEX_POINT('',#2342);
#2342 = CARTESIAN_POINT('',(-0.955900639012,-0.223388488214,
    0.177475066281));
#2343 = SURFACE_CURVE('',#2344,(#2347,#2353),.PCURVE_S1.);
#2344 = B_SPLINE_CURVE_WITH_KNOTS('',1,(#2345,#2346),.UNSPECIFIED.,.F.,
  .F.,(2,2),(0.,1.),.PIECEWISE_BEZIER_KNOTS.);
#2345 = CARTESIAN_POINT('',(-0.955900639012,-0.223388488214,
    0.177475066281));
#2346 = CARTESIAN_POINT('',(-0.958215677969,-0.223388488214,
    0.177875098899));
#2347 = PCURVE('',#436,#2348);
#2348 = DEFINITIONAL_REPRESENTATION('',(#2349),#2352);
#2349 = B_SPLINE_CURVE_WITH_KNOTS('',1,(#2350,#2351),.UNSPECIFIED.,.F.,
  .F.,(2,2),(0.,1.),.PIECEWISE_BEZIER_KNOTS.);
#2350 = CARTESIAN_POINT('',(0.329801179922,7.5964516999E-02));
#2351 = CARTESIAN_POINT('',(0.328797984923,7.384012737775E-02));
#2352 = ( GEOMETRIC_REPRESENTATION_CONTEXT(2) 
PARAMETRIC_REPRESENTATION_CONTEXT() REPRESENTATION_CONTEXT('2D SPACE',''
  ) );
#2353 = PCURVE('',#1477,#2354);
#2354 = DEFINITIONAL_REPRESENTATION('',(#2355),#2358);
#2355 = B_SPLINE_CURVE_WITH_KNOTS('',1,(#2356,#2357),.UNSPECIFIED.,.F.,
  .F.,(2,2),(0.,1.),.PIECEWISE_BEZIER_KNOTS.);
#2356 = CARTESIAN_POINT('',(3.073542799665E-03,0.829274382188));
#2357 = CARTESIAN_POINT('',(0.,0.829980481616));
#2358 = ( GEOMETRIC_REPRESENTATION_CONTEXT(2) 
PARAMETRIC_REPRESENTATION_CONTEXT() REPRESENTATION_CONTEXT('2D SPACE',''
  ) );
#2359 = ORIENTED_EDGE('',*,*,#2360,.F.);
#2360 = EDGE_CURVE('',#2361,#2341,#2363,.T.);
#2361 = VERTEX_POINT('',#2362);
#2362 = CARTESIAN_POINT('',(-0.953445066175,-0.223388488214,
    0.17705698108));
#2363 = SURFACE_CURVE('',#2364,(#2367,#2373),.PCURVE_S1.);
#2364 = B_SPLINE_CURVE_WITH_KNOTS('',1,(#2365,#2366),.UNSPECIFIED.,.F.,
  .F.,(2,2),(0.,1.),.PIECEWISE_BEZIER_KNOTS.);
#2365 = CARTESIAN_POINT('',(-0.953445066175,-0.223388488214,
    0.17705698108));
#2366 = CARTESIAN_POINT('',(-0.955900639012,-0.223388488214,
    0.177475066281));
#2367 = PCURVE('',#436,#2368);
#2368 = DEFINITIONAL_REPRESENTATION('',(#2369),#2372);
#2369 = B_SPLINE_CURVE_WITH_KNOTS('',1,(#2370,#2371),.UNSPECIFIED.,.F.,
  .F.,(2,2),(0.,1.),.PIECEWISE_BEZIER_KNOTS.);
#2370 = CARTESIAN_POINT('',(0.330859268212,7.821952971744E-02));
#2371 = CARTESIAN_POINT('',(0.329801179922,7.5964516999E-02));
#2372 = ( GEOMETRIC_REPRESENTATION_CONTEXT(2) 
PARAMETRIC_REPRESENTATION_CONTEXT() REPRESENTATION_CONTEXT('2D SPACE',''
  ) );
#2373 = PCURVE('',#1502,#2374);
#2374 = DEFINITIONAL_REPRESENTATION('',(#2375),#2378);
#2375 = B_SPLINE_CURVE_WITH_KNOTS('',1,(#2376,#2377),.UNSPECIFIED.,.F.,
  .F.,(2,2),(0.,1.),.PIECEWISE_BEZIER_KNOTS.);
#2376 = CARTESIAN_POINT('',(3.257074307208E-03,0.828536418062));
#2377 = CARTESIAN_POINT('',(0.,0.829274382188));
#2378 = ( GEOMETRIC_REPRESENTATION_CONTEXT(2) 
PARAMETRIC_REPRESENTATION_CONTEXT() REPRESENTATION_CONTEXT('2D SPACE',''
  ) );
#2379 = ORIENTED_EDGE('',*,*,#2380,.F.);
#2380 = EDGE_CURVE('',#396,#2361,#2381,.T.);
#2381 = SURFACE_CURVE('',#2382,(#2385,#2391),.PCURVE_S1.);
#2382 = B_SPLINE_CURVE_WITH_KNOTS('',1,(#2383,#2384),.UNSPECIFIED.,.F.,
  .F.,(2,2),(0.,1.),.PIECEWISE_BEZIER_KNOTS.);
#2383 = CARTESIAN_POINT('',(-0.95085541834,-0.223388488214,
    0.176622870868));
#2384 = CARTESIAN_POINT('',(-0.953445066175,-0.223388488214,
    0.17705698108));
#2385 = PCURVE('',#436,#2386);
#2386 = DEFINITIONAL_REPRESENTATION('',(#2387),#2390);
#2387 = B_SPLINE_CURVE_WITH_KNOTS('',1,(#2388,#2389),.UNSPECIFIED.,.F.,
  .F.,(2,2),(0.,1.),.PIECEWISE_BEZIER_KNOTS.);
#2388 = CARTESIAN_POINT('',(0.331968572459,8.059948174995E-02));
#2389 = CARTESIAN_POINT('',(0.330859268212,7.821952971744E-02));
#2390 = ( GEOMETRIC_REPRESENTATION_CONTEXT(2) 
PARAMETRIC_REPRESENTATION_CONTEXT() REPRESENTATION_CONTEXT('2D SPACE',''
  ) );
#2391 = PCURVE('',#409,#2392);
#2392 = DEFINITIONAL_REPRESENTATION('',(#2393),#2396);
#2393 = B_SPLINE_CURVE_WITH_KNOTS('',1,(#2394,#2395),.UNSPECIFIED.,.F.,
  .F.,(2,2),(0.,1.),.PIECEWISE_BEZIER_KNOTS.);
#2394 = CARTESIAN_POINT('',(3.431604232115E-03,0.827770168113));
#2395 = CARTESIAN_POINT('',(0.,0.828536418062));
#2396 = ( GEOMETRIC_REPRESENTATION_CONTEXT(2) 
PARAMETRIC_REPRESENTATION_CONTEXT() REPRESENTATION_CONTEXT('2D SPACE',''
  ) );
#2397 = ADVANCED_FACE('',(#2398),#409,.T.);
#2398 = FACE_BOUND('',#2399,.T.);
#2399 = EDGE_LOOP('',(#2400,#2420,#2421,#2441,#2442));
#2400 = ORIENTED_EDGE('',*,*,#2401,.F.);
#2401 = EDGE_CURVE('',#1489,#2361,#2402,.T.);
#2402 = SURFACE_CURVE('',#2403,(#2406,#2413),.PCURVE_S1.);
#2403 = B_SPLINE_CURVE_WITH_KNOTS('',1,(#2404,#2405),.UNSPECIFIED.,.F.,
  .F.,(2,2),(0.,1.),.PIECEWISE_BEZIER_KNOTS.);
#2404 = CARTESIAN_POINT('',(-0.978651043067,1.246819761667E-03,
    1.168748462241E-02));
#2405 = CARTESIAN_POINT('',(-0.948228751008,-0.26987621488,
    0.211279793244));
#2406 = PCURVE('',#409,#2407);
#2407 = DEFINITIONAL_REPRESENTATION('',(#2408),#2412);
#2408 = LINE('',#2409,#2410);
#2409 = CARTESIAN_POINT('',(0.,0.));
#2410 = VECTOR('',#2411,1.);
#2411 = DIRECTION('',(0.,1.));
#2412 = ( GEOMETRIC_REPRESENTATION_CONTEXT(2) 
PARAMETRIC_REPRESENTATION_CONTEXT() REPRESENTATION_CONTEXT('2D SPACE',''
  ) );
#2413 = PCURVE('',#1502,#2414);
#2414 = DEFINITIONAL_REPRESENTATION('',(#2415),#2419);
#2415 = LINE('',#2416,#2417);
#2416 = CARTESIAN_POINT('',(3.257074307208E-03,0.));
#2417 = VECTOR('',#2418,1.);
#2418 = DIRECTION('',(0.,1.));
#2419 = ( GEOMETRIC_REPRESENTATION_CONTEXT(2) 
PARAMETRIC_REPRESENTATION_CONTEXT() REPRESENTATION_CONTEXT('2D SPACE',''
  ) );
#2420 = ORIENTED_EDGE('',*,*,#1513,.F.);
#2421 = ORIENTED_EDGE('',*,*,#2422,.T.);
#2422 = EDGE_CURVE('',#1514,#362,#2423,.T.);
#2423 = SURFACE_CURVE('',#2424,(#2427,#2434),.PCURVE_S1.);
#2424 = B_SPLINE_CURVE_WITH_KNOTS('',1,(#2425,#2426),.UNSPECIFIED.,.F.,
  .F.,(2,2),(0.,1.),.PIECEWISE_BEZIER_KNOTS.);
#2425 = CARTESIAN_POINT('',(-0.975249746421,9.763935371232E-04,
    1.132148136401E-02));
#2426 = CARTESIAN_POINT('',(-0.945779817423,-0.270070921762,
    0.211016270898));
#2427 = PCURVE('',#409,#2428);
#2428 = DEFINITIONAL_REPRESENTATION('',(#2429),#2433);
#2429 = LINE('',#2430,#2431);
#2430 = CARTESIAN_POINT('',(3.431604232115E-03,0.));
#2431 = VECTOR('',#2432,1.);
#2432 = DIRECTION('',(0.,1.));
#2433 = ( GEOMETRIC_REPRESENTATION_CONTEXT(2) 
PARAMETRIC_REPRESENTATION_CONTEXT() REPRESENTATION_CONTEXT('2D SPACE',''
  ) );
#2434 = PCURVE('',#381,#2435);
#2435 = DEFINITIONAL_REPRESENTATION('',(#2436),#2440);
#2436 = LINE('',#2437,#2438);
#2437 = CARTESIAN_POINT('',(0.,0.));
#2438 = VECTOR('',#2439,1.);
#2439 = DIRECTION('',(0.,1.));
#2440 = ( GEOMETRIC_REPRESENTATION_CONTEXT(2) 
PARAMETRIC_REPRESENTATION_CONTEXT() REPRESENTATION_CONTEXT('2D SPACE',''
  ) );
#2441 = ORIENTED_EDGE('',*,*,#395,.T.);
#2442 = ORIENTED_EDGE('',*,*,#2380,.T.);
#2443 = ADVANCED_FACE('',(#2444),#381,.T.);
#2444 = FACE_BOUND('',#2445,.T.);
#2445 = EDGE_LOOP('',(#2446,#2447,#2448,#2449));
#2446 = ORIENTED_EDGE('',*,*,#2422,.F.);
#2447 = ORIENTED_EDGE('',*,*,#1533,.F.);
#2448 = ORIENTED_EDGE('',*,*,#1577,.T.);
#2449 = ORIENTED_EDGE('',*,*,#361,.T.);
#2450 = ADVANCED_FACE('',(#2451),#1502,.T.);
#2451 = FACE_BOUND('',#2452,.T.);
#2452 = EDGE_LOOP('',(#2453,#2473,#2474,#2475));
#2453 = ORIENTED_EDGE('',*,*,#2454,.F.);
#2454 = EDGE_CURVE('',#1464,#2341,#2455,.T.);
#2455 = SURFACE_CURVE('',#2456,(#2459,#2466),.PCURVE_S1.);
#2456 = B_SPLINE_CURVE_WITH_KNOTS('',1,(#2457,#2458),.UNSPECIFIED.,.F.,
  .F.,(2,2),(0.,1.),.PIECEWISE_BEZIER_KNOTS.);
#2457 = CARTESIAN_POINT('',(-0.981878463171,1.507406172915E-03,
    1.204017037164E-02));
#2458 = CARTESIAN_POINT('',(-0.950552493483,-0.269688592664,
    0.211533726983));
#2459 = PCURVE('',#1502,#2460);
#2460 = DEFINITIONAL_REPRESENTATION('',(#2461),#2465);
#2461 = LINE('',#2462,#2463);
#2462 = CARTESIAN_POINT('',(0.,0.));
#2463 = VECTOR('',#2464,1.);
#2464 = DIRECTION('',(0.,1.));
#2465 = ( GEOMETRIC_REPRESENTATION_CONTEXT(2) 
PARAMETRIC_REPRESENTATION_CONTEXT() REPRESENTATION_CONTEXT('2D SPACE',''
  ) );
#2466 = PCURVE('',#1477,#2467);
#2467 = DEFINITIONAL_REPRESENTATION('',(#2468),#2472);
#2468 = LINE('',#2469,#2470);
#2469 = CARTESIAN_POINT('',(3.073542799665E-03,0.));
#2470 = VECTOR('',#2471,1.);
#2471 = DIRECTION('',(0.,1.));
#2472 = ( GEOMETRIC_REPRESENTATION_CONTEXT(2) 
PARAMETRIC_REPRESENTATION_CONTEXT() REPRESENTATION_CONTEXT('2D SPACE',''
  ) );
#2473 = ORIENTED_EDGE('',*,*,#1488,.F.);
#2474 = ORIENTED_EDGE('',*,*,#2401,.T.);
#2475 = ORIENTED_EDGE('',*,*,#2360,.T.);
#2476 = ADVANCED_FACE('',(#2477),#1477,.T.);
#2477 = FACE_BOUND('',#2478,.T.);
#2478 = EDGE_LOOP('',(#2479,#2499,#2500,#2501));
#2479 = ORIENTED_EDGE('',*,*,#2480,.F.);
#2480 = EDGE_CURVE('',#1439,#2321,#2481,.T.);
#2481 = SURFACE_CURVE('',#2482,(#2485,#2492),.PCURVE_S1.);
#2482 = B_SPLINE_CURVE_WITH_KNOTS('',1,(#2483,#2484),.UNSPECIFIED.,.F.,
  .F.,(2,2),(0.,1.),.PIECEWISE_BEZIER_KNOTS.);
#2483 = CARTESIAN_POINT('',(-0.984923202054,1.756872009675E-03,
    1.237780518967E-02));
#2484 = CARTESIAN_POINT('',(-0.952744705479,-0.269508977261,
    0.211776824052));
#2485 = PCURVE('',#1477,#2486);
#2486 = DEFINITIONAL_REPRESENTATION('',(#2487),#2491);
#2487 = LINE('',#2488,#2489);
#2488 = CARTESIAN_POINT('',(0.,0.));
#2489 = VECTOR('',#2490,1.);
#2490 = DIRECTION('',(0.,1.));
#2491 = ( GEOMETRIC_REPRESENTATION_CONTEXT(2) 
PARAMETRIC_REPRESENTATION_CONTEXT() REPRESENTATION_CONTEXT('2D SPACE',''
  ) );
#2492 = PCURVE('',#1452,#2493);
#2493 = DEFINITIONAL_REPRESENTATION('',(#2494),#2498);
#2494 = LINE('',#2495,#2496);
#2495 = CARTESIAN_POINT('',(2.881508206621E-03,0.));
#2496 = VECTOR('',#2497,1.);
#2497 = DIRECTION('',(0.,1.));
#2498 = ( GEOMETRIC_REPRESENTATION_CONTEXT(2) 
PARAMETRIC_REPRESENTATION_CONTEXT() REPRESENTATION_CONTEXT('2D SPACE',''
  ) );
#2499 = ORIENTED_EDGE('',*,*,#1463,.F.);
#2500 = ORIENTED_EDGE('',*,*,#2454,.T.);
#2501 = ORIENTED_EDGE('',*,*,#2340,.T.);
#2502 = ADVANCED_FACE('',(#2503),#1452,.T.);
#2503 = FACE_BOUND('',#2504,.T.);
#2504 = EDGE_LOOP('',(#2505,#2525,#2526,#2527));
#2505 = ORIENTED_EDGE('',*,*,#2506,.F.);
#2506 = EDGE_CURVE('',#1414,#2301,#2507,.T.);
#2507 = SURFACE_CURVE('',#2508,(#2511,#2518),.PCURVE_S1.);
#2508 = B_SPLINE_CURVE_WITH_KNOTS('',1,(#2509,#2510),.UNSPECIFIED.,.F.,
  .F.,(2,2),(0.,1.),.PIECEWISE_BEZIER_KNOTS.);
#2509 = CARTESIAN_POINT('',(-0.987776956243,1.99396032522E-03,
    1.269868788574E-02));
#2510 = CARTESIAN_POINT('',(-0.954799408495,-0.269338273674,
    0.212007859594));
#2511 = PCURVE('',#1452,#2512);
#2512 = DEFINITIONAL_REPRESENTATION('',(#2513),#2517);
#2513 = LINE('',#2514,#2515);
#2514 = CARTESIAN_POINT('',(0.,0.));
#2515 = VECTOR('',#2516,1.);
#2516 = DIRECTION('',(0.,1.));
#2517 = ( GEOMETRIC_REPRESENTATION_CONTEXT(2) 
PARAMETRIC_REPRESENTATION_CONTEXT() REPRESENTATION_CONTEXT('2D SPACE',''
  ) );
#2518 = PCURVE('',#1427,#2519);
#2519 = DEFINITIONAL_REPRESENTATION('',(#2520),#2524);
#2520 = LINE('',#2521,#2522);
#2521 = CARTESIAN_POINT('',(2.681492770208E-03,0.));
#2522 = VECTOR('',#2523,1.);
#2523 = DIRECTION('',(0.,1.));
#2524 = ( GEOMETRIC_REPRESENTATION_CONTEXT(2) 
PARAMETRIC_REPRESENTATION_CONTEXT() REPRESENTATION_CONTEXT('2D SPACE',''
  ) );
#2525 = ORIENTED_EDGE('',*,*,#1438,.F.);
#2526 = ORIENTED_EDGE('',*,*,#2480,.T.);
#2527 = ORIENTED_EDGE('',*,*,#2320,.T.);
#2528 = ADVANCED_FACE('',(#2529),#1427,.T.);
#2529 = FACE_BOUND('',#2530,.T.);
#2530 = EDGE_LOOP('',(#2531,#2551,#2552,#2553));
#2531 = ORIENTED_EDGE('',*,*,#2532,.F.);
#2532 = EDGE_CURVE('',#1389,#2281,#2533,.T.);
#2533 = SURFACE_CURVE('',#2534,(#2537,#2544),.PCURVE_S1.);
#2534 = B_SPLINE_CURVE_WITH_KNOTS('',1,(#2535,#2536),.UNSPECIFIED.,.F.,
  .F.,(2,2),(0.,1.),.PIECEWISE_BEZIER_KNOTS.);
#2535 = CARTESIAN_POINT('',(-0.99043194606,2.217443717989E-03,
    1.300115725642E-02));
#2536 = CARTESIAN_POINT('',(-0.956711001164,-0.269177365631,
    0.21222563754));
#2537 = PCURVE('',#1427,#2538);
#2538 = DEFINITIONAL_REPRESENTATION('',(#2539),#2543);
#2539 = LINE('',#2540,#2541);
#2540 = CARTESIAN_POINT('',(0.,0.));
#2541 = VECTOR('',#2542,1.);
#2542 = DIRECTION('',(0.,1.));
#2543 = ( GEOMETRIC_REPRESENTATION_CONTEXT(2) 
PARAMETRIC_REPRESENTATION_CONTEXT() REPRESENTATION_CONTEXT('2D SPACE',''
  ) );
#2544 = PCURVE('',#1402,#2545);
#2545 = DEFINITIONAL_REPRESENTATION('',(#2546),#2550);
#2546 = LINE('',#2547,#2548);
#2547 = CARTESIAN_POINT('',(2.474041401648E-03,0.));
#2548 = VECTOR('',#2549,1.);
#2549 = DIRECTION('',(0.,1.));
#2550 = ( GEOMETRIC_REPRESENTATION_CONTEXT(2) 
PARAMETRIC_REPRESENTATION_CONTEXT() REPRESENTATION_CONTEXT('2D SPACE',''
  ) );
#2551 = ORIENTED_EDGE('',*,*,#1413,.F.);
#2552 = ORIENTED_EDGE('',*,*,#2506,.T.);
#2553 = ORIENTED_EDGE('',*,*,#2300,.T.);
#2554 = ADVANCED_FACE('',(#2555),#1402,.T.);
#2555 = FACE_BOUND('',#2556,.T.);
#2556 = EDGE_LOOP('',(#2557,#2577,#2578,#2579));
#2557 = ORIENTED_EDGE('',*,*,#2558,.F.);
#2558 = EDGE_CURVE('',#1364,#2261,#2559,.T.);
#2559 = SURFACE_CURVE('',#2560,(#2563,#2570),.PCURVE_S1.);
#2560 = B_SPLINE_CURVE_WITH_KNOTS('',1,(#2561,#2562),.UNSPECIFIED.,.F.,
  .F.,(2,2),(0.,1.),.PIECEWISE_BEZIER_KNOTS.);
#2561 = CARTESIAN_POINT('',(-0.992880936639,2.426131921392E-03,
    1.328360235791E-02));
#2562 = CARTESIAN_POINT('',(-0.95847427438,-0.269027110125,
    0.212428998014));
#2563 = PCURVE('',#1402,#2564);
#2564 = DEFINITIONAL_REPRESENTATION('',(#2565),#2569);
#2565 = LINE('',#2566,#2567);
#2566 = CARTESIAN_POINT('',(0.,0.));
#2567 = VECTOR('',#2568,1.);
#2568 = DIRECTION('',(0.,1.));
#2569 = ( GEOMETRIC_REPRESENTATION_CONTEXT(2) 
PARAMETRIC_REPRESENTATION_CONTEXT() REPRESENTATION_CONTEXT('2D SPACE',''
  ) );
#2570 = PCURVE('',#1377,#2571);
#2571 = DEFINITIONAL_REPRESENTATION('',(#2572),#2576);
#2572 = LINE('',#2573,#2574);
#2573 = CARTESIAN_POINT('',(2.259720549055E-03,0.));
#2574 = VECTOR('',#2575,1.);
#2575 = DIRECTION('',(0.,1.));
#2576 = ( GEOMETRIC_REPRESENTATION_CONTEXT(2) 
PARAMETRIC_REPRESENTATION_CONTEXT() REPRESENTATION_CONTEXT('2D SPACE',''
  ) );
#2577 = ORIENTED_EDGE('',*,*,#1388,.F.);
#2578 = ORIENTED_EDGE('',*,*,#2532,.T.);
#2579 = ORIENTED_EDGE('',*,*,#2280,.T.);
#2580 = ADVANCED_FACE('',(#2581),#1377,.T.);
#2581 = FACE_BOUND('',#2582,.T.);
#2582 = EDGE_LOOP('',(#2583,#2603,#2604,#2605));
#2583 = ORIENTED_EDGE('',*,*,#2584,.F.);
#2584 = EDGE_CURVE('',#1339,#2241,#2585,.T.);
#2585 = SURFACE_CURVE('',#2586,(#2589,#2596),.PCURVE_S1.);
#2586 = B_SPLINE_CURVE_WITH_KNOTS('',1,(#2587,#2588),.UNSPECIFIED.,.F.,
  .F.,(2,2),(0.,1.),.PIECEWISE_BEZIER_KNOTS.);
#2587 = CARTESIAN_POINT('',(-0.995117257315,2.618881072539E-03,
    1.354447505061E-02));
#2588 = CARTESIAN_POINT('',(-0.960084425267,-0.268888330736,
    0.212616826352));
#2589 = PCURVE('',#1377,#2590);
#2590 = DEFINITIONAL_REPRESENTATION('',(#2591),#2595);
#2591 = LINE('',#2592,#2593);
#2592 = CARTESIAN_POINT('',(0.,0.));
#2593 = VECTOR('',#2594,1.);
#2594 = DIRECTION('',(0.,1.));
#2595 = ( GEOMETRIC_REPRESENTATION_CONTEXT(2) 
PARAMETRIC_REPRESENTATION_CONTEXT() REPRESENTATION_CONTEXT('2D SPACE',''
  ) );
#2596 = PCURVE('',#1352,#2597);
#2597 = DEFINITIONAL_REPRESENTATION('',(#2598),#2602);
#2598 = LINE('',#2599,#2600);
#2599 = CARTESIAN_POINT('',(2.039116986853E-03,0.));
#2600 = VECTOR('',#2601,1.);
#2601 = DIRECTION('',(0.,1.));
#2602 = ( GEOMETRIC_REPRESENTATION_CONTEXT(2) 
PARAMETRIC_REPRESENTATION_CONTEXT() REPRESENTATION_CONTEXT('2D SPACE',''
  ) );
#2603 = ORIENTED_EDGE('',*,*,#1363,.F.);
#2604 = ORIENTED_EDGE('',*,*,#2558,.T.);
#2605 = ORIENTED_EDGE('',*,*,#2260,.T.);
#2606 = ADVANCED_FACE('',(#2607),#1352,.T.);
#2607 = FACE_BOUND('',#2608,.T.);
#2608 = EDGE_LOOP('',(#2609,#2629,#2630,#2631));
#2609 = ORIENTED_EDGE('',*,*,#2610,.F.);
#2610 = EDGE_CURVE('',#1314,#2221,#2611,.T.);
#2611 = SURFACE_CURVE('',#2612,(#2615,#2622),.PCURVE_S1.);
#2612 = B_SPLINE_CURVE_WITH_KNOTS('',1,(#2613,#2614),.UNSPECIFIED.,.F.,
  .F.,(2,2),(0.,1.),.PIECEWISE_BEZIER_KNOTS.);
#2613 = CARTESIAN_POINT('',(-0.997134819355,2.794604381241E-03,
    1.378230443891E-02));
#2614 = CARTESIAN_POINT('',(-0.961537069936,-0.268761809954,
    0.212788063512));
#2615 = PCURVE('',#1352,#2616);
#2616 = DEFINITIONAL_REPRESENTATION('',(#2617),#2621);
#2617 = LINE('',#2618,#2619);
#2618 = CARTESIAN_POINT('',(0.,0.));
#2619 = VECTOR('',#2620,1.);
#2620 = DIRECTION('',(0.,1.));
#2621 = ( GEOMETRIC_REPRESENTATION_CONTEXT(2) 
PARAMETRIC_REPRESENTATION_CONTEXT() REPRESENTATION_CONTEXT('2D SPACE',''
  ) );
#2622 = PCURVE('',#1327,#2623);
#2623 = DEFINITIONAL_REPRESENTATION('',(#2624),#2628);
#2624 = LINE('',#2625,#2626);
#2625 = CARTESIAN_POINT('',(1.812836504862E-03,0.));
#2626 = VECTOR('',#2627,1.);
#2627 = DIRECTION('',(0.,1.));
#2628 = ( GEOMETRIC_REPRESENTATION_CONTEXT(2) 
PARAMETRIC_REPRESENTATION_CONTEXT() REPRESENTATION_CONTEXT('2D SPACE',''
  ) );
#2629 = ORIENTED_EDGE('',*,*,#1338,.F.);
#2630 = ORIENTED_EDGE('',*,*,#2584,.T.);
#2631 = ORIENTED_EDGE('',*,*,#2240,.T.);
#2632 = ADVANCED_FACE('',(#2633),#1327,.T.);
#2633 = FACE_BOUND('',#2634,.T.);
#2634 = EDGE_LOOP('',(#2635,#2655,#2656,#2657));
#2635 = ORIENTED_EDGE('',*,*,#2636,.F.);
#2636 = EDGE_CURVE('',#1289,#2201,#2637,.T.);
#2637 = SURFACE_CURVE('',#2638,(#2641,#2648),.PCURVE_S1.);
#2638 = B_SPLINE_CURVE_WITH_KNOTS('',1,(#2639,#2640),.UNSPECIFIED.,.F.,
  .F.,(2,2),(0.,1.),.PIECEWISE_BEZIER_KNOTS.);
#2639 = CARTESIAN_POINT('',(-0.998928132013,2.952283836491E-03,
    1.399571271506E-02));
#2640 = CARTESIAN_POINT('',(-0.96282825505,-0.268648280746,
    0.212941717471));
#2641 = PCURVE('',#1327,#2642);
#2642 = DEFINITIONAL_REPRESENTATION('',(#2643),#2647);
#2643 = LINE('',#2644,#2645);
#2644 = CARTESIAN_POINT('',(0.,0.));
#2645 = VECTOR('',#2646,1.);
#2646 = DIRECTION('',(0.,1.));
#2647 = ( GEOMETRIC_REPRESENTATION_CONTEXT(2) 
PARAMETRIC_REPRESENTATION_CONTEXT() REPRESENTATION_CONTEXT('2D SPACE',''
  ) );
#2648 = PCURVE('',#1302,#2649);
#2649 = DEFINITIONAL_REPRESENTATION('',(#2650),#2654);
#2650 = LINE('',#2651,#2652);
#2651 = CARTESIAN_POINT('',(1.581502476942E-03,0.));
#2652 = VECTOR('',#2653,1.);
#2653 = DIRECTION('',(0.,1.));
#2654 = ( GEOMETRIC_REPRESENTATION_CONTEXT(2) 
PARAMETRIC_REPRESENTATION_CONTEXT() REPRESENTATION_CONTEXT('2D SPACE',''
  ) );
#2655 = ORIENTED_EDGE('',*,*,#1313,.F.);
#2656 = ORIENTED_EDGE('',*,*,#2610,.T.);
#2657 = ORIENTED_EDGE('',*,*,#2220,.T.);
#2658 = ADVANCED_FACE('',(#2659),#1302,.T.);
#2659 = FACE_BOUND('',#2660,.T.);
#2660 = EDGE_LOOP('',(#2661,#2681,#2682,#2683));
#2661 = ORIENTED_EDGE('',*,*,#2662,.F.);
#2662 = EDGE_CURVE('',#1264,#2181,#2663,.T.);
#2663 = SURFACE_CURVE('',#2664,(#2667,#2674),.PCURVE_S1.);
#2664 = B_SPLINE_CURVE_WITH_KNOTS('',1,(#2665,#2666),.UNSPECIFIED.,.F.,
  .F.,(2,2),(0.,1.),.PIECEWISE_BEZIER_KNOTS.);
#2665 = CARTESIAN_POINT('',(-1.000492316879,3.090982521689E-03,
    1.418343182701E-02));
#2666 = CARTESIAN_POINT('',(-0.963954468153,-0.268548417693,
    0.213076875231));
#2667 = PCURVE('',#1302,#2668);
#2668 = DEFINITIONAL_REPRESENTATION('',(#2669),#2673);
#2669 = LINE('',#2670,#2671);
#2670 = CARTESIAN_POINT('',(0.,0.));
#2671 = VECTOR('',#2672,1.);
#2672 = DIRECTION('',(0.,1.));
#2673 = ( GEOMETRIC_REPRESENTATION_CONTEXT(2) 
PARAMETRIC_REPRESENTATION_CONTEXT() REPRESENTATION_CONTEXT('2D SPACE',''
  ) );
#2674 = PCURVE('',#1277,#2675);
#2675 = DEFINITIONAL_REPRESENTATION('',(#2676),#2680);
#2676 = LINE('',#2677,#2678);
#2677 = CARTESIAN_POINT('',(1.345754292724E-03,0.));
#2678 = VECTOR('',#2679,1.);
#2679 = DIRECTION('',(0.,1.));
#2680 = ( GEOMETRIC_REPRESENTATION_CONTEXT(2) 
PARAMETRIC_REPRESENTATION_CONTEXT() REPRESENTATION_CONTEXT('2D SPACE',''
  ) );
#2681 = ORIENTED_EDGE('',*,*,#1288,.F.);
#2682 = ORIENTED_EDGE('',*,*,#2636,.T.);
#2683 = ORIENTED_EDGE('',*,*,#2200,.T.);
#2684 = ADVANCED_FACE('',(#2685),#1277,.T.);
#2685 = FACE_BOUND('',#2686,.T.);
#2686 = EDGE_LOOP('',(#2687,#2707,#2708,#2709));
#2687 = ORIENTED_EDGE('',*,*,#2688,.F.);
#2688 = EDGE_CURVE('',#1239,#2161,#2689,.T.);
#2689 = SURFACE_CURVE('',#2690,(#2693,#2700),.PCURVE_S1.);
#2690 = B_SPLINE_CURVE_WITH_KNOTS('',1,(#2691,#2692),.UNSPECIFIED.,.F.,
  .F.,(2,2),(0.,1.),.PIECEWISE_BEZIER_KNOTS.);
#2691 = CARTESIAN_POINT('',(-1.001823120527,3.209857065247E-03,
    1.434432032943E-02));
#2692 = CARTESIAN_POINT('',(-0.964912646779,-0.268462828021,
    0.213192714953));
#2693 = PCURVE('',#1277,#2694);
#2694 = DEFINITIONAL_REPRESENTATION('',(#2695),#2699);
#2695 = LINE('',#2696,#2697);
#2696 = CARTESIAN_POINT('',(0.,0.));
#2697 = VECTOR('',#2698,1.);
#2698 = DIRECTION('',(0.,1.));
#2699 = ( GEOMETRIC_REPRESENTATION_CONTEXT(2) 
PARAMETRIC_REPRESENTATION_CONTEXT() REPRESENTATION_CONTEXT('2D SPACE',''
  ) );
#2700 = PCURVE('',#1252,#2701);
#2701 = DEFINITIONAL_REPRESENTATION('',(#2702),#2706);
#2702 = LINE('',#2703,#2704);
#2703 = CARTESIAN_POINT('',(1.106245641354E-03,0.));
#2704 = VECTOR('',#2705,1.);
#2705 = DIRECTION('',(0.,1.));
#2706 = ( GEOMETRIC_REPRESENTATION_CONTEXT(2) 
PARAMETRIC_REPRESENTATION_CONTEXT() REPRESENTATION_CONTEXT('2D SPACE',''
  ) );
#2707 = ORIENTED_EDGE('',*,*,#1263,.F.);
#2708 = ORIENTED_EDGE('',*,*,#2662,.T.);
#2709 = ORIENTED_EDGE('',*,*,#2180,.T.);
#2710 = ADVANCED_FACE('',(#2711),#1252,.T.);
#2711 = FACE_BOUND('',#2712,.T.);
#2712 = EDGE_LOOP('',(#2713,#2733,#2734,#2735));
#2713 = ORIENTED_EDGE('',*,*,#2714,.F.);
#2714 = EDGE_CURVE('',#1214,#2141,#2715,.T.);
#2715 = SURFACE_CURVE('',#2716,(#2719,#2726),.PCURVE_S1.);
#2716 = B_SPLINE_CURVE_WITH_KNOTS('',1,(#2717,#2718),.UNSPECIFIED.,.F.,
  .F.,(2,2),(0.,1.),.PIECEWISE_BEZIER_KNOTS.);
#2717 = CARTESIAN_POINT('',(-1.002916925459,3.308169731839E-03,
    1.447737974842E-02));
#2718 = CARTESIAN_POINT('',(-0.965700186331,-0.268392042901,
    0.213288517735));
#2719 = PCURVE('',#1252,#2720);
#2720 = DEFINITIONAL_REPRESENTATION('',(#2721),#2725);
#2721 = LINE('',#2722,#2723);
#2722 = CARTESIAN_POINT('',(0.,0.));
#2723 = VECTOR('',#2724,1.);
#2724 = DIRECTION('',(0.,1.));
#2725 = ( GEOMETRIC_REPRESENTATION_CONTEXT(2) 
PARAMETRIC_REPRESENTATION_CONTEXT() REPRESENTATION_CONTEXT('2D SPACE',''
  ) );
#2726 = PCURVE('',#1227,#2727);
#2727 = DEFINITIONAL_REPRESENTATION('',(#2728),#2732);
#2728 = LINE('',#2729,#2730);
#2729 = CARTESIAN_POINT('',(8.636426430061E-04,0.));
#2730 = VECTOR('',#2731,1.);
#2731 = DIRECTION('',(0.,1.));
#2732 = ( GEOMETRIC_REPRESENTATION_CONTEXT(2) 
PARAMETRIC_REPRESENTATION_CONTEXT() REPRESENTATION_CONTEXT('2D SPACE',''
  ) );
#2733 = ORIENTED_EDGE('',*,*,#1238,.F.);
#2734 = ORIENTED_EDGE('',*,*,#2688,.T.);
#2735 = ORIENTED_EDGE('',*,*,#2160,.T.);
#2736 = ADVANCED_FACE('',(#2737),#1227,.T.);
#2737 = FACE_BOUND('',#2738,.T.);
#2738 = EDGE_LOOP('',(#2739,#2759,#2760,#2761));
#2739 = ORIENTED_EDGE('',*,*,#2740,.F.);
#2740 = EDGE_CURVE('',#1189,#2121,#2741,.T.);
#2741 = SURFACE_CURVE('',#2742,(#2745,#2752),.PCURVE_S1.);
#2742 = B_SPLINE_CURVE_WITH_KNOTS('',1,(#2743,#2744),.UNSPECIFIED.,.F.,
  .F.,(2,2),(0.,1.),.PIECEWISE_BEZIER_KNOTS.);
#2743 = CARTESIAN_POINT('',(-1.003770759346,3.38529966245E-03,
    1.458176979406E-02));
#2744 = CARTESIAN_POINT('',(-0.966314946729,-0.268336509351,
    0.213363678568));
#2745 = PCURVE('',#1227,#2746);
#2746 = DEFINITIONAL_REPRESENTATION('',(#2747),#2751);
#2747 = LINE('',#2748,#2749);
#2748 = CARTESIAN_POINT('',(0.,0.));
#2749 = VECTOR('',#2750,1.);
#2750 = DIRECTION('',(0.,1.));
#2751 = ( GEOMETRIC_REPRESENTATION_CONTEXT(2) 
PARAMETRIC_REPRESENTATION_CONTEXT() REPRESENTATION_CONTEXT('2D SPACE',''
  ) );
#2752 = PCURVE('',#1202,#2753);
#2753 = DEFINITIONAL_REPRESENTATION('',(#2754),#2758);
#2754 = LINE('',#2755,#2756);
#2755 = CARTESIAN_POINT('',(6.186218318379E-04,0.));
#2756 = VECTOR('',#2757,1.);
#2757 = DIRECTION('',(0.,1.));
#2758 = ( GEOMETRIC_REPRESENTATION_CONTEXT(2) 
PARAMETRIC_REPRESENTATION_CONTEXT() REPRESENTATION_CONTEXT('2D SPACE',''
  ) );
#2759 = ORIENTED_EDGE('',*,*,#1213,.F.);
#2760 = ORIENTED_EDGE('',*,*,#2714,.T.);
#2761 = ORIENTED_EDGE('',*,*,#2140,.T.);
#2762 = ADVANCED_FACE('',(#2763),#1202,.T.);
#2763 = FACE_BOUND('',#2764,.T.);
#2764 = EDGE_LOOP('',(#2765,#2785,#2786,#2787));
#2765 = ORIENTED_EDGE('',*,*,#2766,.F.);
#2766 = EDGE_CURVE('',#1164,#2101,#2767,.T.);
#2767 = SURFACE_CURVE('',#2768,(#2771,#2778),.PCURVE_S1.);
#2768 = B_SPLINE_CURVE_WITH_KNOTS('',1,(#2769,#2770),.UNSPECIFIED.,.F.,
  .F.,(2,2),(0.,1.),.PIECEWISE_BEZIER_KNOTS.);
#2769 = CARTESIAN_POINT('',(-1.004382302573,3.440752798171E-03,
    1.465682179169E-02));
#2770 = CARTESIAN_POINT('',(-0.966755257853,-0.268296583094,
    0.213417716006));
#2771 = PCURVE('',#1202,#2772);
#2772 = DEFINITIONAL_REPRESENTATION('',(#2773),#2777);
#2773 = LINE('',#2774,#2775);
#2774 = CARTESIAN_POINT('',(0.,0.));
#2775 = VECTOR('',#2776,1.);
#2776 = DIRECTION('',(0.,1.));
#2777 = ( GEOMETRIC_REPRESENTATION_CONTEXT(2) 
PARAMETRIC_REPRESENTATION_CONTEXT() REPRESENTATION_CONTEXT('2D SPACE',''
  ) );
#2778 = PCURVE('',#1177,#2779);
#2779 = DEFINITIONAL_REPRESENTATION('',(#2780),#2784);
#2780 = LINE('',#2781,#2782);
#2781 = CARTESIAN_POINT('',(3.718680024035E-04,0.));
#2782 = VECTOR('',#2783,1.);
#2783 = DIRECTION('',(0.,1.));
#2784 = ( GEOMETRIC_REPRESENTATION_CONTEXT(2) 
PARAMETRIC_REPRESENTATION_CONTEXT() REPRESENTATION_CONTEXT('2D SPACE',''
  ) );
#2785 = ORIENTED_EDGE('',*,*,#1188,.F.);
#2786 = ORIENTED_EDGE('',*,*,#2740,.T.);
#2787 = ORIENTED_EDGE('',*,*,#2120,.T.);
#2788 = ADVANCED_FACE('',(#2789),#1177,.T.);
#2789 = FACE_BOUND('',#2790,.T.);
#2790 = EDGE_LOOP('',(#2791,#2811,#2812,#2813));
#2791 = ORIENTED_EDGE('',*,*,#2792,.F.);
#2792 = EDGE_CURVE('',#1139,#2081,#2793,.T.);
#2793 = SURFACE_CURVE('',#2794,(#2797,#2804),.PCURVE_S1.);
#2794 = B_SPLINE_CURVE_WITH_KNOTS('',1,(#2795,#2796),.UNSPECIFIED.,.F.,
  .F.,(2,2),(0.,1.),.PIECEWISE_BEZIER_KNOTS.);
#2795 = CARTESIAN_POINT('',(-1.004749894095,3.474170072095E-03,
    1.470204976898E-02));
#2796 = CARTESIAN_POINT('',(-0.967019923749,-0.268272522656,
    0.213450280149));
#2797 = PCURVE('',#1177,#2798);
#2798 = DEFINITIONAL_REPRESENTATION('',(#2799),#2803);
#2799 = LINE('',#2800,#2801);
#2800 = CARTESIAN_POINT('',(0.,0.));
#2801 = VECTOR('',#2802,1.);
#2802 = DIRECTION('',(0.,1.));
#2803 = ( GEOMETRIC_REPRESENTATION_CONTEXT(2) 
PARAMETRIC_REPRESENTATION_CONTEXT() REPRESENTATION_CONTEXT('2D SPACE',''
  ) );
#2804 = PCURVE('',#1152,#2805);
#2805 = DEFINITIONAL_REPRESENTATION('',(#2806),#2810);
#2806 = LINE('',#2807,#2808);
#2807 = CARTESIAN_POINT('',(1.240719397039E-04,0.));
#2808 = VECTOR('',#2809,1.);
#2809 = DIRECTION('',(0.,1.));
#2810 = ( GEOMETRIC_REPRESENTATION_CONTEXT(2) 
PARAMETRIC_REPRESENTATION_CONTEXT() REPRESENTATION_CONTEXT('2D SPACE',''
  ) );
#2811 = ORIENTED_EDGE('',*,*,#1163,.F.);
#2812 = ORIENTED_EDGE('',*,*,#2766,.T.);
#2813 = ORIENTED_EDGE('',*,*,#2100,.T.);
#2814 = ADVANCED_FACE('',(#2815),#1152,.T.);
#2815 = FACE_BOUND('',#2816,.T.);
#2816 = EDGE_LOOP('',(#2817,#2837,#2838,#2839));
#2817 = ORIENTED_EDGE('',*,*,#2818,.F.);
#2818 = EDGE_CURVE('',#1114,#2061,#2819,.T.);
#2819 = SURFACE_CURVE('',#2820,(#2823,#2830),.PCURVE_S1.);
#2820 = B_SPLINE_CURVE_WITH_KNOTS('',1,(#2821,#2822),.UNSPECIFIED.,.F.,
  .F.,(2,2),(0.,1.),.PIECEWISE_BEZIER_KNOTS.);
#2821 = CARTESIAN_POINT('',(-1.004872535617,3.485333523168E-03,
    1.471715873068E-02));
#2822 = CARTESIAN_POINT('',(-0.967108225644,-0.268264484972,
    0.213461158602));
#2823 = PCURVE('',#1152,#2824);
#2824 = DEFINITIONAL_REPRESENTATION('',(#2825),#2829);
#2825 = LINE('',#2826,#2827);
#2826 = CARTESIAN_POINT('',(0.,0.));
#2827 = VECTOR('',#2828,1.);
#2828 = DIRECTION('',(0.,1.));
#2829 = ( GEOMETRIC_REPRESENTATION_CONTEXT(2) 
PARAMETRIC_REPRESENTATION_CONTEXT() REPRESENTATION_CONTEXT('2D SPACE',''
  ) );
#2830 = PCURVE('',#1127,#2831);
#2831 = DEFINITIONAL_REPRESENTATION('',(#2832),#2836);
#2832 = LINE('',#2833,#2834);
#2833 = CARTESIAN_POINT('',(1.240719397039E-04,0.));
#2834 = VECTOR('',#2835,1.);
#2835 = DIRECTION('',(0.,1.));
#2836 = ( GEOMETRIC_REPRESENTATION_CONTEXT(2) 
PARAMETRIC_REPRESENTATION_CONTEXT() REPRESENTATION_CONTEXT('2D SPACE',''
  ) );
#2837 = ORIENTED_EDGE('',*,*,#1138,.F.);
#2838 = ORIENTED_EDGE('',*,*,#2792,.T.);
#2839 = ORIENTED_EDGE('',*,*,#2080,.T.);
#2840 = ADVANCED_FACE('',(#2841),#1127,.T.);
#2841 = FACE_BOUND('',#2842,.T.);
#2842 = EDGE_LOOP('',(#2843,#2863,#2864,#2865));
#2843 = ORIENTED_EDGE('',*,*,#2844,.F.);
#2844 = EDGE_CURVE('',#1089,#2041,#2845,.T.);
#2845 = SURFACE_CURVE('',#2846,(#2849,#2856),.PCURVE_S1.);
#2846 = B_SPLINE_CURVE_WITH_KNOTS('',1,(#2847,#2848),.UNSPECIFIED.,.F.,
  .F.,(2,2),(0.,1.),.PIECEWISE_BEZIER_KNOTS.);
#2847 = CARTESIAN_POINT('',(-1.004748726309,3.490128269625E-03,
    1.472364808957E-02));
#2848 = CARTESIAN_POINT('',(-0.967019082942,-0.268261032754,
    0.21346583094));
#2849 = PCURVE('',#1127,#2850);
#2850 = DEFINITIONAL_REPRESENTATION('',(#2851),#2855);
#2851 = LINE('',#2852,#2853);
#2852 = CARTESIAN_POINT('',(0.,0.));
#2853 = VECTOR('',#2854,1.);
#2854 = DIRECTION('',(0.,1.));
#2855 = ( GEOMETRIC_REPRESENTATION_CONTEXT(2) 
PARAMETRIC_REPRESENTATION_CONTEXT() REPRESENTATION_CONTEXT('2D SPACE',''
  ) );
#2856 = PCURVE('',#1102,#2857);
#2857 = DEFINITIONAL_REPRESENTATION('',(#2858),#2862);
#2858 = LINE('',#2859,#2860);
#2859 = CARTESIAN_POINT('',(3.718680024035E-04,0.));
#2860 = VECTOR('',#2861,1.);
#2861 = DIRECTION('',(0.,1.));
#2862 = ( GEOMETRIC_REPRESENTATION_CONTEXT(2) 
PARAMETRIC_REPRESENTATION_CONTEXT() REPRESENTATION_CONTEXT('2D SPACE',''
  ) );
#2863 = ORIENTED_EDGE('',*,*,#1113,.F.);
#2864 = ORIENTED_EDGE('',*,*,#2818,.T.);
#2865 = ORIENTED_EDGE('',*,*,#2060,.T.);
#2866 = ADVANCED_FACE('',(#2867),#1102,.T.);
#2867 = FACE_BOUND('',#2868,.T.);
#2868 = EDGE_LOOP('',(#2869,#2889,#2890,#2891));
#2869 = ORIENTED_EDGE('',*,*,#2870,.F.);
#2870 = EDGE_CURVE('',#1064,#2021,#2871,.T.);
#2871 = SURFACE_CURVE('',#2872,(#2875,#2882),.PCURVE_S1.);
#2872 = B_SPLINE_CURVE_WITH_KNOTS('',1,(#2873,#2874),.UNSPECIFIED.,.F.,
  .F.,(2,2),(0.,1.),.PIECEWISE_BEZIER_KNOTS.);
#2873 = CARTESIAN_POINT('',(-1.004377640845,3.504456885877E-03,
    1.474304088421E-02));
#2874 = CARTESIAN_POINT('',(-0.966751901408,-0.26825071615,
    0.213479793752));
#2875 = PCURVE('',#1102,#2876);
#2876 = DEFINITIONAL_REPRESENTATION('',(#2877),#2881);
#2877 = LINE('',#2878,#2879);
#2878 = CARTESIAN_POINT('',(0.,0.));
#2879 = VECTOR('',#2880,1.);
#2880 = DIRECTION('',(0.,1.));
#2881 = ( GEOMETRIC_REPRESENTATION_CONTEXT(2) 
PARAMETRIC_REPRESENTATION_CONTEXT() REPRESENTATION_CONTEXT('2D SPACE',''
  ) );
#2882 = PCURVE('',#1077,#2883);
#2883 = DEFINITIONAL_REPRESENTATION('',(#2884),#2888);
#2884 = LINE('',#2885,#2886);
#2885 = CARTESIAN_POINT('',(6.18621831838E-04,0.));
#2886 = VECTOR('',#2887,1.);
#2887 = DIRECTION('',(0.,1.));
#2888 = ( GEOMETRIC_REPRESENTATION_CONTEXT(2) 
PARAMETRIC_REPRESENTATION_CONTEXT() REPRESENTATION_CONTEXT('2D SPACE',''
  ) );
#2889 = ORIENTED_EDGE('',*,*,#1088,.F.);
#2890 = ORIENTED_EDGE('',*,*,#2844,.T.);
#2891 = ORIENTED_EDGE('',*,*,#2040,.T.);
#2892 = ADVANCED_FACE('',(#2893),#1077,.T.);
#2893 = FACE_BOUND('',#2894,.T.);
#2894 = EDGE_LOOP('',(#2895,#2915,#2916,#2917));
#2895 = ORIENTED_EDGE('',*,*,#2896,.F.);
#2896 = EDGE_CURVE('',#1039,#2001,#2897,.T.);
#2897 = SURFACE_CURVE('',#2898,(#2901,#2908),.PCURVE_S1.);
#2898 = B_SPLINE_CURVE_WITH_KNOTS('',1,(#2899,#2900),.UNSPECIFIED.,.F.,
  .F.,(2,2),(0.,1.),.PIECEWISE_BEZIER_KNOTS.);
#2899 = CARTESIAN_POINT('',(-1.003760305592,3.528153731553E-03,
    1.477511293176E-02));
#2900 = CARTESIAN_POINT('',(-0.966307420026,-0.268233654422,
    0.213502885627));
#2901 = PCURVE('',#1077,#2902);
#2902 = DEFINITIONAL_REPRESENTATION('',(#2903),#2907);
#2903 = LINE('',#2904,#2905);
#2904 = CARTESIAN_POINT('',(0.,0.));
#2905 = VECTOR('',#2906,1.);
#2906 = DIRECTION('',(0.,1.));
#2907 = ( GEOMETRIC_REPRESENTATION_CONTEXT(2) 
PARAMETRIC_REPRESENTATION_CONTEXT() REPRESENTATION_CONTEXT('2D SPACE',''
  ) );
#2908 = PCURVE('',#1052,#2909);
#2909 = DEFINITIONAL_REPRESENTATION('',(#2910),#2914);
#2910 = LINE('',#2911,#2912);
#2911 = CARTESIAN_POINT('',(8.636426430061E-04,0.));
#2912 = VECTOR('',#2913,1.);
#2913 = DIRECTION('',(0.,1.));
#2914 = ( GEOMETRIC_REPRESENTATION_CONTEXT(2) 
PARAMETRIC_REPRESENTATION_CONTEXT() REPRESENTATION_CONTEXT('2D SPACE',''
  ) );
#2915 = ORIENTED_EDGE('',*,*,#1063,.F.);
#2916 = ORIENTED_EDGE('',*,*,#2870,.T.);
#2917 = ORIENTED_EDGE('',*,*,#2020,.T.);
#2918 = ADVANCED_FACE('',(#2919),#1052,.T.);
#2919 = FACE_BOUND('',#2920,.T.);
#2920 = EDGE_LOOP('',(#2921,#2941,#2942,#2943));
#2921 = ORIENTED_EDGE('',*,*,#2922,.F.);
#2922 = EDGE_CURVE('',#1014,#1981,#2923,.T.);
#2923 = SURFACE_CURVE('',#2924,(#2927,#2934),.PCURVE_S1.);
#2924 = B_SPLINE_CURVE_WITH_KNOTS('',1,(#2925,#2926),.UNSPECIFIED.,.F.,
  .F.,(2,2),(0.,1.),.PIECEWISE_BEZIER_KNOTS.);
#2925 = CARTESIAN_POINT('',(-1.002898427777,3.560946781532E-03,
    1.481949606496E-02));
#2926 = CARTESIAN_POINT('',(-0.965686867999,-0.268210043426,
    0.213534841483));
#2927 = PCURVE('',#1052,#2928);
#2928 = DEFINITIONAL_REPRESENTATION('',(#2929),#2933);
#2929 = LINE('',#2930,#2931);
#2930 = CARTESIAN_POINT('',(0.,0.));
#2931 = VECTOR('',#2932,1.);
#2932 = DIRECTION('',(0.,1.));
#2933 = ( GEOMETRIC_REPRESENTATION_CONTEXT(2) 
PARAMETRIC_REPRESENTATION_CONTEXT() REPRESENTATION_CONTEXT('2D SPACE',''
  ) );
#2934 = PCURVE('',#1027,#2935);
#2935 = DEFINITIONAL_REPRESENTATION('',(#2936),#2940);
#2936 = LINE('',#2937,#2938);
#2937 = CARTESIAN_POINT('',(1.106245641354E-03,0.));
#2938 = VECTOR('',#2939,1.);
#2939 = DIRECTION('',(0.,1.));
#2940 = ( GEOMETRIC_REPRESENTATION_CONTEXT(2) 
PARAMETRIC_REPRESENTATION_CONTEXT() REPRESENTATION_CONTEXT('2D SPACE',''
  ) );
#2941 = ORIENTED_EDGE('',*,*,#1038,.F.);
#2942 = ORIENTED_EDGE('',*,*,#2896,.T.);
#2943 = ORIENTED_EDGE('',*,*,#2000,.T.);
#2944 = ADVANCED_FACE('',(#2945),#1027,.T.);
#2945 = FACE_BOUND('',#2946,.T.);
#2946 = EDGE_LOOP('',(#2947,#2967,#2968,#2969));
#2947 = ORIENTED_EDGE('',*,*,#2948,.F.);
#2948 = EDGE_CURVE('',#989,#1961,#2949,.T.);
#2949 = SURFACE_CURVE('',#2950,(#2953,#2960),.PCURVE_S1.);
#2950 = B_SPLINE_CURVE_WITH_KNOTS('',1,(#2951,#2952),.UNSPECIFIED.,.F.,
  .F.,(2,2),(0.,1.),.PIECEWISE_BEZIER_KNOTS.);
#2951 = CARTESIAN_POINT('',(-1.00179439043,3.60246350121E-03,
    1.487568608391E-02));
#2952 = CARTESIAN_POINT('',(-0.96489196111,-0.268180151387,
    0.213575298296));
#2953 = PCURVE('',#1027,#2954);
#2954 = DEFINITIONAL_REPRESENTATION('',(#2955),#2959);
#2955 = LINE('',#2956,#2957);
#2956 = CARTESIAN_POINT('',(0.,0.));
#2957 = VECTOR('',#2958,1.);
#2958 = DIRECTION('',(0.,1.));
#2959 = ( GEOMETRIC_REPRESENTATION_CONTEXT(2) 
PARAMETRIC_REPRESENTATION_CONTEXT() REPRESENTATION_CONTEXT('2D SPACE',''
  ) );
#2960 = PCURVE('',#1002,#2961);
#2961 = DEFINITIONAL_REPRESENTATION('',(#2962),#2966);
#2962 = LINE('',#2963,#2964);
#2963 = CARTESIAN_POINT('',(1.345754292724E-03,0.));
#2964 = VECTOR('',#2965,1.);
#2965 = DIRECTION('',(0.,1.));
#2966 = ( GEOMETRIC_REPRESENTATION_CONTEXT(2) 
PARAMETRIC_REPRESENTATION_CONTEXT() REPRESENTATION_CONTEXT('2D SPACE',''
  ) );
#2967 = ORIENTED_EDGE('',*,*,#1013,.F.);
#2968 = ORIENTED_EDGE('',*,*,#2922,.T.);
#2969 = ORIENTED_EDGE('',*,*,#1980,.T.);
#2970 = ADVANCED_FACE('',(#2971),#1002,.T.);
#2971 = FACE_BOUND('',#2972,.T.);
#2972 = EDGE_LOOP('',(#2973,#2993,#2994,#2995));
#2973 = ORIENTED_EDGE('',*,*,#2974,.F.);
#2974 = EDGE_CURVE('',#964,#1941,#2975,.T.);
#2975 = SURFACE_CURVE('',#2976,(#2979,#2986),.PCURVE_S1.);
#2976 = B_SPLINE_CURVE_WITH_KNOTS('',1,(#2977,#2978),.UNSPECIFIED.,.F.,
  .F.,(2,2),(0.,1.),.PIECEWISE_BEZIER_KNOTS.);
#2977 = CARTESIAN_POINT('',(-1.000451245356,3.652238705317E-03,
    1.494305339239E-02));
#2978 = CARTESIAN_POINT('',(-0.963924896656,-0.26814431324,
    0.213623802758));
#2979 = PCURVE('',#1002,#2980);
#2980 = DEFINITIONAL_REPRESENTATION('',(#2981),#2985);
#2981 = LINE('',#2982,#2983);
#2982 = CARTESIAN_POINT('',(0.,0.));
#2983 = VECTOR('',#2984,1.);
#2984 = DIRECTION('',(0.,1.));
#2985 = ( GEOMETRIC_REPRESENTATION_CONTEXT(2) 
PARAMETRIC_REPRESENTATION_CONTEXT() REPRESENTATION_CONTEXT('2D SPACE',''
  ) );
#2986 = PCURVE('',#977,#2987);
#2987 = DEFINITIONAL_REPRESENTATION('',(#2988),#2992);
#2988 = LINE('',#2989,#2990);
#2989 = CARTESIAN_POINT('',(1.581502476942E-03,0.));
#2990 = VECTOR('',#2991,1.);
#2991 = DIRECTION('',(0.,1.));
#2992 = ( GEOMETRIC_REPRESENTATION_CONTEXT(2) 
PARAMETRIC_REPRESENTATION_CONTEXT() REPRESENTATION_CONTEXT('2D SPACE',''
  ) );
#2993 = ORIENTED_EDGE('',*,*,#988,.F.);
#2994 = ORIENTED_EDGE('',*,*,#2948,.T.);
#2995 = ORIENTED_EDGE('',*,*,#1960,.T.);
#2996 = ADVANCED_FACE('',(#2997),#977,.T.);
#2997 = FACE_BOUND('',#2998,.T.);
#2998 = EDGE_LOOP('',(#2999,#3019,#3020,#3021));
#2999 = ORIENTED_EDGE('',*,*,#3000,.F.);
#3000 = EDGE_CURVE('',#939,#1921,#3001,.T.);
#3001 = SURFACE_CURVE('',#3002,(#3005,#3012),.PCURVE_S1.);
#3002 = B_SPLINE_CURVE_WITH_KNOTS('',1,(#3003,#3004),.UNSPECIFIED.,.F.,
  .F.,(2,2),(0.,1.),.PIECEWISE_BEZIER_KNOTS.);
#3003 = CARTESIAN_POINT('',(-0.998872704163,3.709724055014E-03,
    1.502085585158E-02));
#3004 = CARTESIAN_POINT('',(-0.962788346998,-0.268102923789,
    0.213679820529));
#3005 = PCURVE('',#977,#3006);
#3006 = DEFINITIONAL_REPRESENTATION('',(#3007),#3011);
#3007 = LINE('',#3008,#3009);
#3008 = CARTESIAN_POINT('',(0.,0.));
#3009 = VECTOR('',#3010,1.);
#3010 = DIRECTION('',(0.,1.));
#3011 = ( GEOMETRIC_REPRESENTATION_CONTEXT(2) 
PARAMETRIC_REPRESENTATION_CONTEXT() REPRESENTATION_CONTEXT('2D SPACE',''
  ) );
#3012 = PCURVE('',#952,#3013);
#3013 = DEFINITIONAL_REPRESENTATION('',(#3014),#3018);
#3014 = LINE('',#3015,#3016);
#3015 = CARTESIAN_POINT('',(1.812836504862E-03,0.));
#3016 = VECTOR('',#3017,1.);
#3017 = DIRECTION('',(0.,1.));
#3018 = ( GEOMETRIC_REPRESENTATION_CONTEXT(2) 
PARAMETRIC_REPRESENTATION_CONTEXT() REPRESENTATION_CONTEXT('2D SPACE',''
  ) );
#3019 = ORIENTED_EDGE('',*,*,#963,.F.);
#3020 = ORIENTED_EDGE('',*,*,#2974,.T.);
#3021 = ORIENTED_EDGE('',*,*,#1940,.T.);
#3022 = ADVANCED_FACE('',(#3023),#952,.T.);
#3023 = FACE_BOUND('',#3024,.T.);
#3024 = EDGE_LOOP('',(#3025,#3045,#3046,#3047));
#3025 = ORIENTED_EDGE('',*,*,#3026,.F.);
#3026 = EDGE_CURVE('',#914,#1901,#3027,.T.);
#3027 = SURFACE_CURVE('',#3028,(#3031,#3038),.PCURVE_S1.);
#3028 = B_SPLINE_CURVE_WITH_KNOTS('',1,(#3029,#3030),.UNSPECIFIED.,.F.,
  .F.,(2,2),(0.,1.),.PIECEWISE_BEZIER_KNOTS.);
#3029 = CARTESIAN_POINT('',(-0.997063127421,3.774298778817E-03,
    1.510825329006E-02));
#3030 = CARTESIAN_POINT('',(-0.961485451743,-0.268056429987,
    0.213742746685));
#3031 = PCURVE('',#952,#3032);
#3032 = DEFINITIONAL_REPRESENTATION('',(#3033),#3037);
#3033 = LINE('',#3034,#3035);
#3034 = CARTESIAN_POINT('',(0.,0.));
#3035 = VECTOR('',#3036,1.);
#3036 = DIRECTION('',(0.,1.));
#3037 = ( GEOMETRIC_REPRESENTATION_CONTEXT(2) 
PARAMETRIC_REPRESENTATION_CONTEXT() REPRESENTATION_CONTEXT('2D SPACE',''
  ) );
#3038 = PCURVE('',#927,#3039);
#3039 = DEFINITIONAL_REPRESENTATION('',(#3040),#3044);
#3040 = LINE('',#3041,#3042);
#3041 = CARTESIAN_POINT('',(2.039116986853E-03,0.));
#3042 = VECTOR('',#3043,1.);
#3043 = DIRECTION('',(0.,1.));
#3044 = ( GEOMETRIC_REPRESENTATION_CONTEXT(2) 
PARAMETRIC_REPRESENTATION_CONTEXT() REPRESENTATION_CONTEXT('2D SPACE',''
  ) );
#3045 = ORIENTED_EDGE('',*,*,#938,.F.);
#3046 = ORIENTED_EDGE('',*,*,#3000,.T.);
#3047 = ORIENTED_EDGE('',*,*,#1920,.T.);
#3048 = ADVANCED_FACE('',(#3049),#927,.T.);
#3049 = FACE_BOUND('',#3050,.T.);
#3050 = EDGE_LOOP('',(#3051,#3071,#3072,#3073));
#3051 = ORIENTED_EDGE('',*,*,#3052,.F.);
#3052 = EDGE_CURVE('',#889,#1881,#3053,.T.);
#3053 = SURFACE_CURVE('',#3054,(#3057,#3064),.PCURVE_S1.);
#3054 = B_SPLINE_CURVE_WITH_KNOTS('',1,(#3055,#3056),.UNSPECIFIED.,.F.,
  .F.,(2,2),(0.,1.),.PIECEWISE_BEZIER_KNOTS.);
#3055 = CARTESIAN_POINT('',(-0.995027511988,3.845281153727E-03,
    1.520432304273E-02));
#3056 = CARTESIAN_POINT('',(-0.960019808631,-0.268005322678,
    0.213811916907));
#3057 = PCURVE('',#927,#3058);
#3058 = DEFINITIONAL_REPRESENTATION('',(#3059),#3063);
#3059 = LINE('',#3060,#3061);
#3060 = CARTESIAN_POINT('',(0.,0.));
#3061 = VECTOR('',#3062,1.);
#3062 = DIRECTION('',(0.,1.));
#3063 = ( GEOMETRIC_REPRESENTATION_CONTEXT(2) 
PARAMETRIC_REPRESENTATION_CONTEXT() REPRESENTATION_CONTEXT('2D SPACE',''
  ) );
#3064 = PCURVE('',#902,#3065);
#3065 = DEFINITIONAL_REPRESENTATION('',(#3066),#3070);
#3066 = LINE('',#3067,#3068);
#3067 = CARTESIAN_POINT('',(2.259720549055E-03,0.));
#3068 = VECTOR('',#3069,1.);
#3069 = DIRECTION('',(0.,1.));
#3070 = ( GEOMETRIC_REPRESENTATION_CONTEXT(2) 
PARAMETRIC_REPRESENTATION_CONTEXT() REPRESENTATION_CONTEXT('2D SPACE',''
  ) );
#3071 = ORIENTED_EDGE('',*,*,#913,.F.);
#3072 = ORIENTED_EDGE('',*,*,#3026,.T.);
#3073 = ORIENTED_EDGE('',*,*,#1900,.T.);
#3074 = ADVANCED_FACE('',(#3075),#902,.T.);
#3075 = FACE_BOUND('',#3076,.T.);
#3076 = EDGE_LOOP('',(#3077,#3097,#3098,#3099));
#3077 = ORIENTED_EDGE('',*,*,#3078,.F.);
#3078 = EDGE_CURVE('',#864,#1861,#3079,.T.);
#3079 = SURFACE_CURVE('',#3080,(#3083,#3090),.PCURVE_S1.);
#3080 = B_SPLINE_CURVE_WITH_KNOTS('',1,(#3081,#3082),.UNSPECIFIED.,.F.,
  .F.,(2,2),(0.,1.),.PIECEWISE_BEZIER_KNOTS.);
#3081 = CARTESIAN_POINT('',(-0.992771476595,3.921940256354E-03,
    1.530807585514E-02));
#3082 = CARTESIAN_POINT('',(-0.958395463148,-0.267950128124,
    0.213886618932));
#3083 = PCURVE('',#902,#3084);
#3084 = DEFINITIONAL_REPRESENTATION('',(#3085),#3089);
#3085 = LINE('',#3086,#3087);
#3086 = CARTESIAN_POINT('',(0.,0.));
#3087 = VECTOR('',#3088,1.);
#3088 = DIRECTION('',(0.,1.));
#3089 = ( GEOMETRIC_REPRESENTATION_CONTEXT(2) 
PARAMETRIC_REPRESENTATION_CONTEXT() REPRESENTATION_CONTEXT('2D SPACE',''
  ) );
#3090 = PCURVE('',#877,#3091);
#3091 = DEFINITIONAL_REPRESENTATION('',(#3092),#3096);
#3092 = LINE('',#3093,#3094);
#3093 = CARTESIAN_POINT('',(2.474041401648E-03,0.));
#3094 = VECTOR('',#3095,1.);
#3095 = DIRECTION('',(0.,1.));
#3096 = ( GEOMETRIC_REPRESENTATION_CONTEXT(2) 
PARAMETRIC_REPRESENTATION_CONTEXT() REPRESENTATION_CONTEXT('2D SPACE',''
  ) );
#3097 = ORIENTED_EDGE('',*,*,#888,.F.);
#3098 = ORIENTED_EDGE('',*,*,#3052,.T.);
#3099 = ORIENTED_EDGE('',*,*,#1880,.T.);
#3100 = ADVANCED_FACE('',(#3101),#877,.T.);
#3101 = FACE_BOUND('',#3102,.T.);
#3102 = EDGE_LOOP('',(#3103,#3123,#3124,#3125));
#3103 = ORIENTED_EDGE('',*,*,#3104,.F.);
#3104 = EDGE_CURVE('',#839,#1841,#3105,.T.);
#3105 = SURFACE_CURVE('',#3106,(#3109,#3116),.PCURVE_S1.);
#3106 = B_SPLINE_CURVE_WITH_KNOTS('',1,(#3107,#3108),.UNSPECIFIED.,.F.,
  .F.,(2,2),(0.,1.),.PIECEWISE_BEZIER_KNOTS.);
#3107 = CARTESIAN_POINT('',(-0.990301245746,4.003507491263E-03,
    1.541847148636E-02));
#3108 = CARTESIAN_POINT('',(-0.956616896937,-0.267891399715,
    0.213966103786));
#3109 = PCURVE('',#877,#3110);
#3110 = DEFINITIONAL_REPRESENTATION('',(#3111),#3115);
#3111 = LINE('',#3112,#3113);
#3112 = CARTESIAN_POINT('',(0.,0.));
#3113 = VECTOR('',#3114,1.);
#3114 = DIRECTION('',(0.,1.));
#3115 = ( GEOMETRIC_REPRESENTATION_CONTEXT(2) 
PARAMETRIC_REPRESENTATION_CONTEXT() REPRESENTATION_CONTEXT('2D SPACE',''
  ) );
#3116 = PCURVE('',#852,#3117);
#3117 = DEFINITIONAL_REPRESENTATION('',(#3118),#3122);
#3118 = LINE('',#3119,#3120);
#3119 = CARTESIAN_POINT('',(2.681492770208E-03,0.));
#3120 = VECTOR('',#3121,1.);
#3121 = DIRECTION('',(0.,1.));
#3122 = ( GEOMETRIC_REPRESENTATION_CONTEXT(2) 
PARAMETRIC_REPRESENTATION_CONTEXT() REPRESENTATION_CONTEXT('2D SPACE',''
  ) );
#3123 = ORIENTED_EDGE('',*,*,#863,.F.);
#3124 = ORIENTED_EDGE('',*,*,#3078,.T.);
#3125 = ORIENTED_EDGE('',*,*,#1860,.T.);
#3126 = ADVANCED_FACE('',(#3127),#852,.T.);
#3127 = FACE_BOUND('',#3128,.T.);
#3128 = EDGE_LOOP('',(#3129,#3149,#3150,#3151));
#3129 = ORIENTED_EDGE('',*,*,#3130,.F.);
#3130 = EDGE_CURVE('',#814,#1821,#3131,.T.);
#3131 = SURFACE_CURVE('',#3132,(#3135,#3142),.PCURVE_S1.);
#3132 = B_SPLINE_CURVE_WITH_KNOTS('',1,(#3133,#3134),.UNSPECIFIED.,.F.,
  .F.,(2,2),(0.,1.),.PIECEWISE_BEZIER_KNOTS.);
#3133 = CARTESIAN_POINT('',(-0.987623632019,4.089187425302E-03,
    1.553443337242E-02));
#3134 = CARTESIAN_POINT('',(-0.954689015054,-0.267829710162,
    0.214049596344));
#3135 = PCURVE('',#852,#3136);
#3136 = DEFINITIONAL_REPRESENTATION('',(#3137),#3141);
#3137 = LINE('',#3138,#3139);
#3138 = CARTESIAN_POINT('',(0.,0.));
#3139 = VECTOR('',#3140,1.);
#3140 = DIRECTION('',(0.,1.));
#3141 = ( GEOMETRIC_REPRESENTATION_CONTEXT(2) 
PARAMETRIC_REPRESENTATION_CONTEXT() REPRESENTATION_CONTEXT('2D SPACE',''
  ) );
#3142 = PCURVE('',#827,#3143);
#3143 = DEFINITIONAL_REPRESENTATION('',(#3144),#3148);
#3144 = LINE('',#3145,#3146);
#3145 = CARTESIAN_POINT('',(2.881508206621E-03,0.));
#3146 = VECTOR('',#3147,1.);
#3147 = DIRECTION('',(0.,1.));
#3148 = ( GEOMETRIC_REPRESENTATION_CONTEXT(2) 
PARAMETRIC_REPRESENTATION_CONTEXT() REPRESENTATION_CONTEXT('2D SPACE',''
  ) );
#3149 = ORIENTED_EDGE('',*,*,#838,.F.);
#3150 = ORIENTED_EDGE('',*,*,#3104,.T.);
#3151 = ORIENTED_EDGE('',*,*,#1840,.T.);
#3152 = ADVANCED_FACE('',(#3153),#827,.T.);
#3153 = FACE_BOUND('',#3154,.T.);
#3154 = EDGE_LOOP('',(#3155,#3175,#3176,#3177));
#3155 = ORIENTED_EDGE('',*,*,#3156,.F.);
#3156 = EDGE_CURVE('',#789,#1801,#3157,.T.);
#3157 = SURFACE_CURVE('',#3158,(#3161,#3168),.PCURVE_S1.);
#3158 = B_SPLINE_CURVE_WITH_KNOTS('',1,(#3159,#3160),.UNSPECIFIED.,.F.,
  .F.,(2,2),(0.,1.),.PIECEWISE_BEZIER_KNOTS.);
#3159 = CARTESIAN_POINT('',(-0.984746016845,4.178167501585E-03,
    1.565486177358E-02));
#3160 = CARTESIAN_POINT('',(-0.952617132129,-0.267765644507,
    0.214136304793));
#3161 = PCURVE('',#827,#3162);
#3162 = DEFINITIONAL_REPRESENTATION('',(#3163),#3167);
#3163 = LINE('',#3164,#3165);
#3164 = CARTESIAN_POINT('',(0.,0.));
#3165 = VECTOR('',#3166,1.);
#3166 = DIRECTION('',(0.,1.));
#3167 = ( GEOMETRIC_REPRESENTATION_CONTEXT(2) 
PARAMETRIC_REPRESENTATION_CONTEXT() REPRESENTATION_CONTEXT('2D SPACE',''
  ) );
#3168 = PCURVE('',#802,#3169);
#3169 = DEFINITIONAL_REPRESENTATION('',(#3170),#3174);
#3170 = LINE('',#3171,#3172);
#3171 = CARTESIAN_POINT('',(3.073542799665E-03,0.));
#3172 = VECTOR('',#3173,1.);
#3173 = DIRECTION('',(0.,1.));
#3174 = ( GEOMETRIC_REPRESENTATION_CONTEXT(2) 
PARAMETRIC_REPRESENTATION_CONTEXT() REPRESENTATION_CONTEXT('2D SPACE',''
  ) );
#3175 = ORIENTED_EDGE('',*,*,#813,.F.);
#3176 = ORIENTED_EDGE('',*,*,#3130,.T.);
#3177 = ORIENTED_EDGE('',*,*,#1820,.T.);
#3178 = ADVANCED_FACE('',(#3179),#802,.T.);
#3179 = FACE_BOUND('',#3180,.T.);
#3180 = EDGE_LOOP('',(#3181,#3201,#3202,#3203));
#3181 = ORIENTED_EDGE('',*,*,#3182,.F.);
#3182 = EDGE_CURVE('',#764,#1781,#3183,.T.);
#3183 = SURFACE_CURVE('',#3184,(#3187,#3194),.PCURVE_S1.);
#3184 = B_SPLINE_CURVE_WITH_KNOTS('',1,(#3185,#3186),.UNSPECIFIED.,.F.,
  .F.,(2,2),(0.,1.),.PIECEWISE_BEZIER_KNOTS.);
#3185 = CARTESIAN_POINT('',(-0.981676329831,4.269626272937E-03,
    1.577864491769E-02));
#3186 = CARTESIAN_POINT('',(-0.950406957478,-0.267699794192,
    0.214225428657));
#3187 = PCURVE('',#802,#3188);
#3188 = DEFINITIONAL_REPRESENTATION('',(#3189),#3193);
#3189 = LINE('',#3190,#3191);
#3190 = CARTESIAN_POINT('',(0.,0.));
#3191 = VECTOR('',#3192,1.);
#3192 = DIRECTION('',(0.,1.));
#3193 = ( GEOMETRIC_REPRESENTATION_CONTEXT(2) 
PARAMETRIC_REPRESENTATION_CONTEXT() REPRESENTATION_CONTEXT('2D SPACE',''
  ) );
#3194 = PCURVE('',#777,#3195);
#3195 = DEFINITIONAL_REPRESENTATION('',(#3196),#3200);
#3196 = LINE('',#3197,#3198);
#3197 = CARTESIAN_POINT('',(3.257074307208E-03,0.));
#3198 = VECTOR('',#3199,1.);
#3199 = DIRECTION('',(0.,1.));
#3200 = ( GEOMETRIC_REPRESENTATION_CONTEXT(2) 
PARAMETRIC_REPRESENTATION_CONTEXT() REPRESENTATION_CONTEXT('2D SPACE',''
  ) );
#3201 = ORIENTED_EDGE('',*,*,#788,.F.);
#3202 = ORIENTED_EDGE('',*,*,#3156,.T.);
#3203 = ORIENTED_EDGE('',*,*,#1800,.T.);
#3204 = ADVANCED_FACE('',(#3205),#777,.T.);
#3205 = FACE_BOUND('',#3206,.T.);
#3206 = EDGE_LOOP('',(#3207,#3208,#3209,#3210));
#3207 = ORIENTED_EDGE('',*,*,#1734,.F.);
#3208 = ORIENTED_EDGE('',*,*,#763,.F.);
#3209 = ORIENTED_EDGE('',*,*,#3182,.T.);
#3210 = ORIENTED_EDGE('',*,*,#1780,.T.);
#3211 = ( GEOMETRIC_REPRESENTATION_CONTEXT(3) 
GLOBAL_UNCERTAINTY_ASSIGNED_CONTEXT((#3215)) 
GLOBAL_UNIT_ASSIGNED_CONTEXT((#3212,#3213,#3214)) REPRESENTATION_CONTEXT
('Context #1','3D Context with UNIT and UNCERTAINTY') );
#3212 = ( LENGTH_UNIT() NAMED_UNIT(*) SI_UNIT(.MILLI.,.METRE.) );
#3213 = ( NAMED_UNIT(*) PLANE_ANGLE_UNIT() SI_UNIT($,.RADIAN.) );
#3214 = ( NAMED_UNIT(*) SI_UNIT($,.STERADIAN.) SOLID_ANGLE_UNIT() );
#3215 = UNCERTAINTY_MEASURE_WITH_UNIT(LENGTH_MEASURE(5.E-06),#3212,
  'distance_accuracy_value','confusion accuracy');
#3216 = CONTEXT_DEPENDENT_SHAPE_REPRESENTATION(#3217,#3219);
#3217 = ( REPRESENTATION_RELATIONSHIP('','',#32,#10) 
REPRESENTATION_RELATIONSHIP_WITH_TRANSFORMATION(#3218) 
SHAPE_REPRESENTATION_RELATIONSHIP() );
#3218 = ITEM_DEFINED_TRANSFORMATION('','',#11,#15);
#3219 = PRODUCT_DEFINITION_SHAPE('Placement','Placement of an item',
  #3220);
#3220 = NEXT_ASSEMBLY_USAGE_OCCURRENCE('4','=>[0:1:1:2]','',#5,#27,$);
#3221 = PRODUCT_RELATED_PRODUCT_CATEGORY('part',$,(#29));
ENDSEC;
END-ISO-10303-21;
