ISO-10303-21;
HEADER;
FILE_DESCRIPTION(('Open CASCADE Model'),'2;1');
FILE_NAME('Open CASCADE Shape Model','2026-08-02T01:02:16',('Author'),(
    'Open CASCADE'),'Open CASCADE STEP processor 7.9','build123d',
  'Unknown');
FILE_SCHEMA(('AUTOMOTIVE_DESIGN { 1 0 10303 214 1 1 1 1 }'));
ENDSEC;
DATA;
#1 = APPLICATION_PROTOCOL_DEFINITION('international standard',
  'automotive_design',2000,#2);
#2 = APPLICATION_CONTEXT(
  'core data for automotive mechanical design processes');
#3 = SHAPE_DEFINITION_REPRESENTATION(#4,#10);
#4 = PRODUCT_DEFINITION_SHAPE('','',#5);
#5 = PRODUCT_DEFINITION('design','',#6,#9);
#6 = PRODUCT_DEFINITION_FORMATION('','',#7);
#7 = PRODUCT('=>[0:1:1:2]','=>[0:1:1:2]','',(#8));
#8 = PRODUCT_CONTEXT('',#2,'mechanical');
#9 = PRODUCT_DEFINITION_CONTEXT('part definition',#2,'design');
#10 = SHAPE_REPRESENTATION('',(#11,#15),#19);
#11 = AXIS2_PLACEMENT_3D('',#12,#13,#14);
#12 = CARTESIAN_POINT('',(0.,0.,0.));
#13 = DIRECTION('',(0.,0.,1.));
#14 = DIRECTION('',(1.,0.,-0.));
#15 = AXIS2_PLACEMENT_3D('',#16,#17,#18);
#16 = CARTESIAN_POINT('',(0.951,-0.14892565881,-0.120035642374));
#17 = DIRECTION('',(0.,0.,1.));
#18 = DIRECTION('',(1.,0.,-0.));
#19 = ( GEOMETRIC_REPRESENTATION_CONTEXT(3) 
GLOBAL_UNCERTAINTY_ASSIGNED_CONTEXT((#23)) GLOBAL_UNIT_ASSIGNED_CONTEXT(
(#20,#21,#22)) REPRESENTATION_CONTEXT('Context #1',
  '3D Context with UNIT and UNCERTAINTY') );
#20 = ( LENGTH_UNIT() NAMED_UNIT(*) SI_UNIT(.MILLI.,.METRE.) );
#21 = ( NAMED_UNIT(*) PLANE_ANGLE_UNIT() SI_UNIT($,.RADIAN.) );
#22 = ( NAMED_UNIT(*) SI_UNIT($,.STERADIAN.) SOLID_ANGLE_UNIT() );
#23 = UNCERTAINTY_MEASURE_WITH_UNIT(LENGTH_MEASURE(5.E-06),#20,
  'distance_accuracy_value','confusion accuracy');
#24 = PRODUCT_RELATED_PRODUCT_CATEGORY('part',$,(#7));
#25 = SHAPE_DEFINITION_REPRESENTATION(#26,#32);
#26 = PRODUCT_DEFINITION_SHAPE('','',#27);
#27 = PRODUCT_DEFINITION('design','',#28,#31);
#28 = PRODUCT_DEFINITION_FORMATION('','',#29);
#29 = PRODUCT('COMPOUND','COMPOUND','',(#30));
#30 = PRODUCT_CONTEXT('',#2,'mechanical');
#31 = PRODUCT_DEFINITION_CONTEXT('part definition',#2,'design');
#32 = ADVANCED_BREP_SHAPE_REPRESENTATION('',(#11,#33),#3202);
#33 = MANIFOLD_SOLID_BREP('',#34);
#34 = CLOSED_SHELL('',(#35,#147,#216,#1012,#1057,#1909,#1935,#2252,#2298
    ,#2324,#2350,#2376,#2402,#2428,#2454,#2480,#2506,#2532,#2558,#2584,
    #2591,#2617,#2643,#2669,#2695,#2721,#2747,#2773,#2799,#2825,#2851,
    #2877,#2903,#2929,#2955,#2981,#3008,#3033,#3059,#3085,#3092,#3118,
    #3144,#3170,#3196));
#35 = ADVANCED_FACE('',(#36),#49,.T.);
#36 = FACE_BOUND('',#37,.T.);
#37 = EDGE_LOOP('',(#38,#72,#97,#124));
#38 = ORIENTED_EDGE('',*,*,#39,.F.);
#39 = EDGE_CURVE('',#40,#42,#44,.T.);
#40 = VERTEX_POINT('',#41);
#41 = CARTESIAN_POINT('',(-0.994154027016,7.446282940476E-02,
    6.495624875959E-02));
#42 = VERTEX_POINT('',#43);
#43 = CARTESIAN_POINT('',(-0.973439270613,0.223388488214,0.175002164323)
  );
#44 = SURFACE_CURVE('',#45,(#48,#60),.PCURVE_S1.);
#45 = B_SPLINE_CURVE_WITH_KNOTS('',1,(#46,#47),.UNSPECIFIED.,.F.,.F.,(2,
    2),(0.,1.),.PIECEWISE_BEZIER_KNOTS.);
#46 = CARTESIAN_POINT('',(-1.004506970583,3.188214635737E-05,
    9.956849712074E-03));
#47 = CARTESIAN_POINT('',(-0.96684501882,0.270796880254,0.210033736109)
  );
#48 = PCURVE('',#49,#54);
#49 = B_SPLINE_SURFACE_WITH_KNOTS('',1,1,(
    (#50,#51)
    ,(#52,#53
    )),.UNSPECIFIED.,.F.,.F.,.F.,(2,2),(2,2),(0.,3.718680024035E-04),(0.
    ,1.),.PIECEWISE_BEZIER_KNOTS.);
#50 = CARTESIAN_POINT('',(-1.004506970583,3.188214635737E-05,
    9.956849712074E-03));
#51 = CARTESIAN_POINT('',(-0.96684501882,0.270796880254,0.210033736109)
  );
#52 = CARTESIAN_POINT('',(-1.004876658128,7.986639595134E-06,
    9.98919063371E-03));
#53 = CARTESIAN_POINT('',(-0.967111193852,0.270779675489,0.210057021572)
  );
#54 = DEFINITIONAL_REPRESENTATION('',(#55),#59);
#55 = LINE('',#56,#57);
#56 = CARTESIAN_POINT('',(0.,0.));
#57 = VECTOR('',#58,1.);
#58 = DIRECTION('',(0.,1.));
#59 = ( GEOMETRIC_REPRESENTATION_CONTEXT(2) 
PARAMETRIC_REPRESENTATION_CONTEXT() REPRESENTATION_CONTEXT('2D SPACE',''
  ) );
#60 = PCURVE('',#61,#66);
#61 = B_SPLINE_SURFACE_WITH_KNOTS('',1,1,(
    (#62,#63)
    ,(#64,#65
    )),.UNSPECIFIED.,.F.,.F.,.F.,(2,2),(2,2),(0.,6.186218318379E-04),(0.
    ,1.),.PIECEWISE_BEZIER_KNOTS.);
#62 = CARTESIAN_POINT('',(-1.003891950654,7.149453830894E-05,
    9.903237069469E-03));
#63 = CARTESIAN_POINT('',(-0.966402204471,0.270825401176,0.209995135006)
  );
#64 = CARTESIAN_POINT('',(-1.004506970583,3.188214635737E-05,
    9.956849712074E-03));
#65 = CARTESIAN_POINT('',(-0.96684501882,0.270796880254,0.210033736109)
  );
#66 = DEFINITIONAL_REPRESENTATION('',(#67),#71);
#67 = LINE('',#68,#69);
#68 = CARTESIAN_POINT('',(6.186218318379E-04,0.));
#69 = VECTOR('',#70,1.);
#70 = DIRECTION('',(0.,1.));
#71 = ( GEOMETRIC_REPRESENTATION_CONTEXT(2) 
PARAMETRIC_REPRESENTATION_CONTEXT() REPRESENTATION_CONTEXT('2D SPACE',''
  ) );
#72 = ORIENTED_EDGE('',*,*,#73,.F.);
#73 = EDGE_CURVE('',#74,#40,#76,.T.);
#74 = VERTEX_POINT('',#75);
#75 = CARTESIAN_POINT('',(-0.994492183604,7.446282940476E-02,
    6.500239736222E-02));
#76 = SURFACE_CURVE('',#77,(#80,#86),.PCURVE_S1.);
#77 = B_SPLINE_CURVE_WITH_KNOTS('',1,(#78,#79),.UNSPECIFIED.,.F.,.F.,(2,
    2),(0.,1.),.PIECEWISE_BEZIER_KNOTS.);
#78 = CARTESIAN_POINT('',(-0.994492183604,7.446282940476E-02,
    6.500239736222E-02));
#79 = CARTESIAN_POINT('',(-0.994154027016,7.446282940476E-02,
    6.495624875958E-02));
#80 = PCURVE('',#49,#81);
#81 = DEFINITIONAL_REPRESENTATION('',(#82),#85);
#82 = B_SPLINE_CURVE_WITH_KNOTS('',1,(#83,#84),.UNSPECIFIED.,.F.,.F.,(2,
    2),(0.,1.),.PIECEWISE_BEZIER_KNOTS.);
#83 = CARTESIAN_POINT('',(3.718680024035E-04,0.274972775336));
#84 = CARTESIAN_POINT('',(0.,0.274891318223));
#85 = ( GEOMETRIC_REPRESENTATION_CONTEXT(2) 
PARAMETRIC_REPRESENTATION_CONTEXT() REPRESENTATION_CONTEXT('2D SPACE',''
  ) );
#86 = PCURVE('',#87,#92);
#87 = PLANE('',#88);
#88 = AXIS2_PLACEMENT_3D('',#89,#90,#91);
#89 = CARTESIAN_POINT('',(-1.150368,7.446282940476E-02,0.365017821187));
#90 = DIRECTION('',(0.,-1.,0.));
#91 = DIRECTION('',(0.315327988182,0.,-0.948982750038));
#92 = DEFINITIONAL_REPRESENTATION('',(#93),#96);
#93 = B_SPLINE_CURVE_WITH_KNOTS('',1,(#94,#95),.UNSPECIFIED.,.F.,.F.,(2,
    2),(0.,1.),.PIECEWISE_BEZIER_KNOTS.);
#94 = CARTESIAN_POINT('',(0.333861469545,5.332020088935E-02));
#95 = CARTESIAN_POINT('',(0.33401189401,5.362655371221E-02));
#96 = ( GEOMETRIC_REPRESENTATION_CONTEXT(2) 
PARAMETRIC_REPRESENTATION_CONTEXT() REPRESENTATION_CONTEXT('2D SPACE',''
  ) );
#97 = ORIENTED_EDGE('',*,*,#98,.T.);
#98 = EDGE_CURVE('',#74,#99,#101,.T.);
#99 = VERTEX_POINT('',#100);
#100 = CARTESIAN_POINT('',(-0.973721006708,0.223388488214,0.175040613158
    ));
#101 = SURFACE_CURVE('',#102,(#105,#112),.PCURVE_S1.);
#102 = B_SPLINE_CURVE_WITH_KNOTS('',1,(#103,#104),.UNSPECIFIED.,.F.,.F.,
  (2,2),(0.,1.),.PIECEWISE_BEZIER_KNOTS.);
#103 = CARTESIAN_POINT('',(-1.004876658128,7.986639595134E-06,
    9.98919063371E-03));
#104 = CARTESIAN_POINT('',(-0.967111193852,0.270779675489,0.210057021572
    ));
#105 = PCURVE('',#49,#106);
#106 = DEFINITIONAL_REPRESENTATION('',(#107),#111);
#107 = LINE('',#108,#109);
#108 = CARTESIAN_POINT('',(3.718680024035E-04,0.));
#109 = VECTOR('',#110,1.);
#110 = DIRECTION('',(0.,1.));
#111 = ( GEOMETRIC_REPRESENTATION_CONTEXT(2) 
PARAMETRIC_REPRESENTATION_CONTEXT() REPRESENTATION_CONTEXT('2D SPACE',''
  ) );
#112 = PCURVE('',#113,#118);
#113 = B_SPLINE_SURFACE_WITH_KNOTS('',1,1,(
    (#114,#115)
    ,(#116,#117
    )),.UNSPECIFIED.,.F.,.F.,.F.,(2,2),(2,2),(0.,1.240719397039E-04),(0.
    ,1.),.PIECEWISE_BEZIER_KNOTS.);
#114 = CARTESIAN_POINT('',(-1.004876658128,7.986639595134E-06,
    9.98919063371E-03));
#115 = CARTESIAN_POINT('',(-0.967111193852,0.270779675489,0.210057021572
    ));
#116 = CARTESIAN_POINT('',(-1.005,1.334923924873E-18,1.E-02));
#117 = CARTESIAN_POINT('',(-0.9672,0.270773925108,0.210064804316));
#118 = DEFINITIONAL_REPRESENTATION('',(#119),#123);
#119 = LINE('',#120,#121);
#120 = CARTESIAN_POINT('',(0.,0.));
#121 = VECTOR('',#122,1.);
#122 = DIRECTION('',(0.,1.));
#123 = ( GEOMETRIC_REPRESENTATION_CONTEXT(2) 
PARAMETRIC_REPRESENTATION_CONTEXT() REPRESENTATION_CONTEXT('2D SPACE',''
  ) );
#124 = ORIENTED_EDGE('',*,*,#125,.T.);
#125 = EDGE_CURVE('',#99,#42,#126,.T.);
#126 = SURFACE_CURVE('',#127,(#130,#136),.PCURVE_S1.);
#127 = B_SPLINE_CURVE_WITH_KNOTS('',1,(#128,#129),.UNSPECIFIED.,.F.,.F.,
  (2,2),(0.,1.),.PIECEWISE_BEZIER_KNOTS.);
#128 = CARTESIAN_POINT('',(-0.973721006708,0.223388488214,0.175040613158
    ));
#129 = CARTESIAN_POINT('',(-0.973439270613,0.223388488214,0.175002164323
    ));
#130 = PCURVE('',#49,#131);
#131 = DEFINITIONAL_REPRESENTATION('',(#132),#135);
#132 = B_SPLINE_CURVE_WITH_KNOTS('',1,(#133,#134),.UNSPECIFIED.,.F.,.F.,
  (2,2),(0.,1.),.PIECEWISE_BEZIER_KNOTS.);
#133 = CARTESIAN_POINT('',(3.718680024035E-04,0.824977317696));
#134 = CARTESIAN_POINT('',(0.,0.824909451477));
#135 = ( GEOMETRIC_REPRESENTATION_CONTEXT(2) 
PARAMETRIC_REPRESENTATION_CONTEXT() REPRESENTATION_CONTEXT('2D SPACE',''
  ) );
#136 = PCURVE('',#137,#142);
#137 = PLANE('',#138);
#138 = AXIS2_PLACEMENT_3D('',#139,#140,#141);
#139 = CARTESIAN_POINT('',(-1.117104,0.223388488214,0.475053463561));
#140 = DIRECTION('',(0.,-1.,0.));
#141 = DIRECTION('',(0.266804719368,0.,-0.963750611789));
#142 = DEFINITIONAL_REPRESENTATION('',(#143),#146);
#143 = B_SPLINE_CURVE_WITH_KNOTS('',1,(#144,#145),.UNSPECIFIED.,.F.,.F.,
  (2,2),(0.,1.),.PIECEWISE_BEZIER_KNOTS.);
#144 = CARTESIAN_POINT('',(0.327392827407,5.814060314695E-02));
#145 = CARTESIAN_POINT('',(0.327505051016,5.840186815059E-02));
#146 = ( GEOMETRIC_REPRESENTATION_CONTEXT(2) 
PARAMETRIC_REPRESENTATION_CONTEXT() REPRESENTATION_CONTEXT('2D SPACE',''
  ) );
#147 = ADVANCED_FACE('',(#148),#61,.T.);
#148 = FACE_BOUND('',#149,.T.);
#149 = EDGE_LOOP('',(#150,#179,#197,#198));
#150 = ORIENTED_EDGE('',*,*,#151,.F.);
#151 = EDGE_CURVE('',#152,#154,#156,.T.);
#152 = VERTEX_POINT('',#153);
#153 = CARTESIAN_POINT('',(-0.993591407636,7.446282940476E-02,
    6.487974163152E-02));
#154 = VERTEX_POINT('',#155);
#155 = CARTESIAN_POINT('',(-0.972970522722,0.223388488214,0.174938422198
    ));
#156 = SURFACE_CURVE('',#157,(#160,#167),.PCURVE_S1.);
#157 = B_SPLINE_CURVE_WITH_KNOTS('',1,(#158,#159),.UNSPECIFIED.,.F.,.F.,
  (2,2),(0.,1.),.PIECEWISE_BEZIER_KNOTS.);
#158 = CARTESIAN_POINT('',(-1.003891950654,7.149453830894E-05,
    9.903237069469E-03));
#159 = CARTESIAN_POINT('',(-0.966402204471,0.270825401176,0.209995135006
    ));
#160 = PCURVE('',#61,#161);
#161 = DEFINITIONAL_REPRESENTATION('',(#162),#166);
#162 = LINE('',#163,#164);
#163 = CARTESIAN_POINT('',(0.,0.));
#164 = VECTOR('',#165,1.);
#165 = DIRECTION('',(0.,1.));
#166 = ( GEOMETRIC_REPRESENTATION_CONTEXT(2) 
PARAMETRIC_REPRESENTATION_CONTEXT() REPRESENTATION_CONTEXT('2D SPACE',''
  ) );
#167 = PCURVE('',#168,#173);
#168 = B_SPLINE_SURFACE_WITH_KNOTS('',1,1,(
    (#169,#170)
    ,(#171,#172
    )),.UNSPECIFIED.,.F.,.F.,.F.,(2,2),(2,2),(0.,8.636426430061E-04),(0.
    ,1.),.PIECEWISE_BEZIER_KNOTS.);
#169 = CARTESIAN_POINT('',(-1.003033284066,1.265079712203E-04,
    9.828780179293E-03));
#170 = CARTESIAN_POINT('',(-0.965783964528,0.270865010848,0.209941526045
    ));
#171 = CARTESIAN_POINT('',(-1.003891950654,7.149453830894E-05,
    9.903237069469E-03));
#172 = CARTESIAN_POINT('',(-0.966402204471,0.270825401176,0.209995135006
    ));
#173 = DEFINITIONAL_REPRESENTATION('',(#174),#178);
#174 = LINE('',#175,#176);
#175 = CARTESIAN_POINT('',(8.636426430061E-04,0.));
#176 = VECTOR('',#177,1.);
#177 = DIRECTION('',(0.,1.));
#178 = ( GEOMETRIC_REPRESENTATION_CONTEXT(2) 
PARAMETRIC_REPRESENTATION_CONTEXT() REPRESENTATION_CONTEXT('2D SPACE',''
  ) );
#179 = ORIENTED_EDGE('',*,*,#180,.F.);
#180 = EDGE_CURVE('',#40,#152,#181,.T.);
#181 = SURFACE_CURVE('',#182,(#185,#191),.PCURVE_S1.);
#182 = B_SPLINE_CURVE_WITH_KNOTS('',1,(#183,#184),.UNSPECIFIED.,.F.,.F.,
  (2,2),(0.,1.),.PIECEWISE_BEZIER_KNOTS.);
#183 = CARTESIAN_POINT('',(-0.994154027016,7.446282940476E-02,
    6.495624875959E-02));
#184 = CARTESIAN_POINT('',(-0.993591407636,7.446282940476E-02,
    6.487974163152E-02));
#185 = PCURVE('',#61,#186);
#186 = DEFINITIONAL_REPRESENTATION('',(#187),#190);
#187 = B_SPLINE_CURVE_WITH_KNOTS('',1,(#188,#189),.UNSPECIFIED.,.F.,.F.,
  (2,2),(0.,1.),.PIECEWISE_BEZIER_KNOTS.);
#188 = CARTESIAN_POINT('',(6.186218318379E-04,0.274891318223));
#189 = CARTESIAN_POINT('',(0.,0.274756275137));
#190 = ( GEOMETRIC_REPRESENTATION_CONTEXT(2) 
PARAMETRIC_REPRESENTATION_CONTEXT() REPRESENTATION_CONTEXT('2D SPACE',''
  ) );
#191 = PCURVE('',#87,#192);
#192 = DEFINITIONAL_REPRESENTATION('',(#193),#196);
#193 = B_SPLINE_CURVE_WITH_KNOTS('',1,(#194,#195),.UNSPECIFIED.,.F.,.F.,
  (2,2),(0.,1.),.PIECEWISE_BEZIER_KNOTS.);
#194 = CARTESIAN_POINT('',(0.33401189401,5.362655371221E-02));
#195 = CARTESIAN_POINT('',(0.334261907591,5.413634495949E-02));
#196 = ( GEOMETRIC_REPRESENTATION_CONTEXT(2) 
PARAMETRIC_REPRESENTATION_CONTEXT() REPRESENTATION_CONTEXT('2D SPACE',''
  ) );
#197 = ORIENTED_EDGE('',*,*,#39,.T.);
#198 = ORIENTED_EDGE('',*,*,#199,.T.);
#199 = EDGE_CURVE('',#42,#154,#200,.T.);
#200 = SURFACE_CURVE('',#201,(#204,#210),.PCURVE_S1.);
#201 = B_SPLINE_CURVE_WITH_KNOTS('',1,(#202,#203),.UNSPECIFIED.,.F.,.F.,
  (2,2),(0.,1.),.PIECEWISE_BEZIER_KNOTS.);
#202 = CARTESIAN_POINT('',(-0.973439270613,0.223388488214,0.175002164323
    ));
#203 = CARTESIAN_POINT('',(-0.972970522722,0.223388488214,0.174938422198
    ));
#204 = PCURVE('',#61,#205);
#205 = DEFINITIONAL_REPRESENTATION('',(#206),#209);
#206 = B_SPLINE_CURVE_WITH_KNOTS('',1,(#207,#208),.UNSPECIFIED.,.F.,.F.,
  (2,2),(0.,1.),.PIECEWISE_BEZIER_KNOTS.);
#207 = CARTESIAN_POINT('',(6.186218318379E-04,0.824909451477));
#208 = CARTESIAN_POINT('',(0.,0.824796939957));
#209 = ( GEOMETRIC_REPRESENTATION_CONTEXT(2) 
PARAMETRIC_REPRESENTATION_CONTEXT() REPRESENTATION_CONTEXT('2D SPACE',''
  ) );
#210 = PCURVE('',#137,#211);
#211 = DEFINITIONAL_REPRESENTATION('',(#212),#215);
#212 = B_SPLINE_CURVE_WITH_KNOTS('',1,(#213,#214),.UNSPECIFIED.,.F.,.F.,
  (2,2),(0.,1.),.PIECEWISE_BEZIER_KNOTS.);
#213 = CARTESIAN_POINT('',(0.327505051016,5.840186815059E-02));
#214 = CARTESIAN_POINT('',(0.327691546677,5.8836617517E-02));
#215 = ( GEOMETRIC_REPRESENTATION_CONTEXT(2) 
PARAMETRIC_REPRESENTATION_CONTEXT() REPRESENTATION_CONTEXT('2D SPACE',''
  ) );
#216 = ADVANCED_FACE('',(#217),#137,.F.);
#217 = FACE_BOUND('',#218,.F.);
#218 = EDGE_LOOP('',(#219,#249,#274,#299,#324,#349,#374,#399,#424,#449,
    #474,#499,#524,#549,#574,#599,#624,#649,#667,#668,#669,#689,#714,
    #739,#764,#789,#814,#839,#864,#889,#914,#939,#964,#989));
#219 = ORIENTED_EDGE('',*,*,#220,.F.);
#220 = EDGE_CURVE('',#221,#223,#225,.T.);
#221 = VERTEX_POINT('',#222);
#222 = CARTESIAN_POINT('',(-0.951,0.223388488214,0.177825445388));
#223 = VERTEX_POINT('',#224);
#224 = CARTESIAN_POINT('',(-0.951,0.223388488214,0.172239153126));
#225 = SURFACE_CURVE('',#226,(#230,#237),.PCURVE_S1.);
#226 = LINE('',#227,#228);
#227 = CARTESIAN_POINT('',(-0.951,0.223388488214,0.475053463561));
#228 = VECTOR('',#229,1.);
#229 = DIRECTION('',(0.,0.,-1.));
#230 = PCURVE('',#137,#231);
#231 = DEFINITIONAL_REPRESENTATION('',(#232),#236);
#232 = LINE('',#233,#234);
#233 = CARTESIAN_POINT('',(4.431733110584E-02,0.160082831621));
#234 = VECTOR('',#235,1.);
#235 = DIRECTION('',(0.963750611789,-0.266804719368));
#236 = ( GEOMETRIC_REPRESENTATION_CONTEXT(2) 
PARAMETRIC_REPRESENTATION_CONTEXT() REPRESENTATION_CONTEXT('2D SPACE',''
  ) );
#237 = PCURVE('',#238,#243);
#238 = B_SPLINE_SURFACE_WITH_KNOTS('',1,1,(
    (#239,#240)
    ,(#241,#242
  )),.UNSPECIFIED.,.F.,.F.,.F.,(2,2),(2,2),(0.,0.6),(0.,1.),
  .PIECEWISE_BEZIER_KNOTS.);
#239 = CARTESIAN_POINT('',(-0.951,7.446282940476E-02,0.365017821187));
#240 = CARTESIAN_POINT('',(-0.951,0.223388488214,0.475053463561));
#241 = CARTESIAN_POINT('',(-0.951,7.446282940476E-02,-0.234982178813));
#242 = CARTESIAN_POINT('',(-0.951,0.223388488214,-0.124946536439));
#243 = DEFINITIONAL_REPRESENTATION('',(#244),#248);
#244 = LINE('',#245,#246);
#245 = CARTESIAN_POINT('',(0.,1.));
#246 = VECTOR('',#247,1.);
#247 = DIRECTION('',(1.,0.));
#248 = ( GEOMETRIC_REPRESENTATION_CONTEXT(2) 
PARAMETRIC_REPRESENTATION_CONTEXT() REPRESENTATION_CONTEXT('2D SPACE',''
  ) );
#249 = ORIENTED_EDGE('',*,*,#250,.T.);
#250 = EDGE_CURVE('',#221,#251,#253,.T.);
#251 = VERTEX_POINT('',#252);
#252 = CARTESIAN_POINT('',(-0.953409357153,0.223388488214,0.177558510364
    ));
#253 = SURFACE_CURVE('',#254,(#257,#263),.PCURVE_S1.);
#254 = B_SPLINE_CURVE_WITH_KNOTS('',1,(#255,#256),.UNSPECIFIED.,.F.,.F.,
  (2,2),(0.,1.),.PIECEWISE_BEZIER_KNOTS.);
#255 = CARTESIAN_POINT('',(-0.950770051168,0.223388488214,0.177850921643
    ));
#256 = CARTESIAN_POINT('',(-0.953409357153,0.223388488214,0.177558510364
    ));
#257 = PCURVE('',#137,#258);
#258 = DEFINITIONAL_REPRESENTATION('',(#259),#262);
#259 = B_SPLINE_CURVE_WITH_KNOTS('',1,(#260,#261),.UNSPECIFIED.,.F.,.F.,
  (2,2),(0.,1.),.PIECEWISE_BEZIER_KNOTS.);
#260 = CARTESIAN_POINT('',(0.330807814138,8.100940415613E-02));
#261 = CARTESIAN_POINT('',(0.330385446394,7.838775468986E-02));
#262 = ( GEOMETRIC_REPRESENTATION_CONTEXT(2) 
PARAMETRIC_REPRESENTATION_CONTEXT() REPRESENTATION_CONTEXT('2D SPACE',''
  ) );
#263 = PCURVE('',#264,#269);
#264 = B_SPLINE_SURFACE_WITH_KNOTS('',1,1,(
    (#265,#266)
    ,(#267,#268
    )),.UNSPECIFIED.,.F.,.F.,.F.,(2,2),(2,2),(0.,3.431604232115E-03),(0.
    ,1.),.PIECEWISE_BEZIER_KNOTS.);
#265 = CARTESIAN_POINT('',(-0.978639610307,-1.55943244456E-03,
    1.21105843449E-02));
#266 = CARTESIAN_POINT('',(-0.948220519421,0.269651133748,0.211584425044
    ));
#267 = CARTESIAN_POINT('',(-0.975221754572,-1.741791091798E-03,
    1.235739420663E-02));
#268 = CARTESIAN_POINT('',(-0.945759663292,0.269519835522,0.211762128145
    ));
#269 = DEFINITIONAL_REPRESENTATION('',(#270),#273);
#270 = B_SPLINE_CURVE_WITH_KNOTS('',1,(#271,#272),.UNSPECIFIED.,.F.,.F.,
  (2,2),(0.,1.),.PIECEWISE_BEZIER_KNOTS.);
#271 = CARTESIAN_POINT('',(3.431604232115E-03,0.829937806229));
#272 = CARTESIAN_POINT('',(0.,0.829421669726));
#273 = ( GEOMETRIC_REPRESENTATION_CONTEXT(2) 
PARAMETRIC_REPRESENTATION_CONTEXT() REPRESENTATION_CONTEXT('2D SPACE',''
  ) );
#274 = ORIENTED_EDGE('',*,*,#275,.T.);
#275 = EDGE_CURVE('',#251,#276,#278,.T.);
#276 = VERTEX_POINT('',#277);
#277 = CARTESIAN_POINT('',(-0.955915235968,0.223388488214,0.177274558829
    ));
#278 = SURFACE_CURVE('',#279,(#282,#288),.PCURVE_S1.);
#279 = B_SPLINE_CURVE_WITH_KNOTS('',1,(#280,#281),.UNSPECIFIED.,.F.,.F.,
  (2,2),(0.,1.),.PIECEWISE_BEZIER_KNOTS.);
#280 = CARTESIAN_POINT('',(-0.953409357153,0.223388488214,0.177558510364
    ));
#281 = CARTESIAN_POINT('',(-0.955915235968,0.223388488214,0.177274558829
    ));
#282 = PCURVE('',#137,#283);
#283 = DEFINITIONAL_REPRESENTATION('',(#284),#287);
#284 = B_SPLINE_CURVE_WITH_KNOTS('',1,(#285,#286),.UNSPECIFIED.,.F.,.F.,
  (2,2),(0.,1.),.PIECEWISE_BEZIER_KNOTS.);
#285 = CARTESIAN_POINT('',(0.330385446394,7.838775468986E-02));
#286 = CARTESIAN_POINT('',(0.329990524566,7.589695283839E-02));
#287 = ( GEOMETRIC_REPRESENTATION_CONTEXT(2) 
PARAMETRIC_REPRESENTATION_CONTEXT() REPRESENTATION_CONTEXT('2D SPACE',''
  ) );
#288 = PCURVE('',#289,#294);
#289 = B_SPLINE_SURFACE_WITH_KNOTS('',1,1,(
    (#290,#291)
    ,(#292,#293
    )),.UNSPECIFIED.,.F.,.F.,.F.,(2,2),(2,2),(0.,3.257074307208E-03),(0.
    ,1.),.PIECEWISE_BEZIER_KNOTS.);
#290 = CARTESIAN_POINT('',(-0.981883034293,-1.382415299739E-03,
    1.187100383858E-02));
#291 = CARTESIAN_POINT('',(-0.950555784691,0.269778586092,0.21141192708)
  );
#292 = CARTESIAN_POINT('',(-0.978639610307,-1.55943244456E-03,
    1.21105843449E-02));
#293 = CARTESIAN_POINT('',(-0.948220519421,0.269651133748,0.211584425044
    ));
#294 = DEFINITIONAL_REPRESENTATION('',(#295),#298);
#295 = B_SPLINE_CURVE_WITH_KNOTS('',1,(#296,#297),.UNSPECIFIED.,.F.,.F.,
  (2,2),(0.,1.),.PIECEWISE_BEZIER_KNOTS.);
#296 = CARTESIAN_POINT('',(3.257074307208E-03,0.829421669726));
#297 = CARTESIAN_POINT('',(0.,0.828920465554));
#298 = ( GEOMETRIC_REPRESENTATION_CONTEXT(2) 
PARAMETRIC_REPRESENTATION_CONTEXT() REPRESENTATION_CONTEXT('2D SPACE',''
  ) );
#299 = ORIENTED_EDGE('',*,*,#300,.T.);
#300 = EDGE_CURVE('',#276,#301,#303,.T.);
#301 = VERTEX_POINT('',#302);
#302 = CARTESIAN_POINT('',(-0.958280649165,0.223388488214,0.177000765167
    ));
#303 = SURFACE_CURVE('',#304,(#307,#313),.PCURVE_S1.);
#304 = B_SPLINE_CURVE_WITH_KNOTS('',1,(#305,#306),.UNSPECIFIED.,.F.,.F.,
  (2,2),(0.,1.),.PIECEWISE_BEZIER_KNOTS.);
#305 = CARTESIAN_POINT('',(-0.955915235968,0.223388488214,0.177274558829
    ));
#306 = CARTESIAN_POINT('',(-0.958280649165,0.223388488214,0.177000765167
    ));
#307 = PCURVE('',#137,#308);
#308 = DEFINITIONAL_REPRESENTATION('',(#309),#312);
#309 = B_SPLINE_CURVE_WITH_KNOTS('',1,(#310,#311),.UNSPECIFIED.,.F.,.F.,
  (2,2),(0.,1.),.PIECEWISE_BEZIER_KNOTS.);
#310 = CARTESIAN_POINT('',(0.329990524566,7.589695283839E-02));
#311 = CARTESIAN_POINT('',(0.329623289971,7.354423498147E-02));
#312 = ( GEOMETRIC_REPRESENTATION_CONTEXT(2) 
PARAMETRIC_REPRESENTATION_CONTEXT() REPRESENTATION_CONTEXT('2D SPACE',''
  ) );
#313 = PCURVE('',#314,#319);
#314 = B_SPLINE_SURFACE_WITH_KNOTS('',1,1,(
    (#315,#316)
    ,(#317,#318
    )),.UNSPECIFIED.,.F.,.F.,.F.,(2,2),(2,2),(0.,3.073542799665E-03),(0.
    ,1.),.PIECEWISE_BEZIER_KNOTS.);
#315 = CARTESIAN_POINT('',(-0.984943136531,-1.211791896373E-03,
    1.16400768207E-02));
#316 = CARTESIAN_POINT('',(-0.952759058302,0.269901434943,0.211245659627
    ));
#317 = CARTESIAN_POINT('',(-0.981883034293,-1.382415299739E-03,
    1.187100383858E-02));
#318 = CARTESIAN_POINT('',(-0.950555784691,0.269778586092,0.21141192708)
  );
#319 = DEFINITIONAL_REPRESENTATION('',(#320),#323);
#320 = B_SPLINE_CURVE_WITH_KNOTS('',1,(#321,#322),.UNSPECIFIED.,.F.,.F.,
  (2,2),(0.,1.),.PIECEWISE_BEZIER_KNOTS.);
#321 = CARTESIAN_POINT('',(3.073542799665E-03,0.828920465554));
#322 = CARTESIAN_POINT('',(0.,0.828437191092));
#323 = ( GEOMETRIC_REPRESENTATION_CONTEXT(2) 
PARAMETRIC_REPRESENTATION_CONTEXT() REPRESENTATION_CONTEXT('2D SPACE',''
  ) );
#324 = ORIENTED_EDGE('',*,*,#325,.T.);
#325 = EDGE_CURVE('',#301,#326,#328,.T.);
#326 = VERTEX_POINT('',#327);
#327 = CARTESIAN_POINT('',(-0.960498935228,0.223388488214,0.176738812113
    ));
#328 = SURFACE_CURVE('',#329,(#332,#338),.PCURVE_S1.);
#329 = B_SPLINE_CURVE_WITH_KNOTS('',1,(#330,#331),.UNSPECIFIED.,.F.,.F.,
  (2,2),(0.,1.),.PIECEWISE_BEZIER_KNOTS.);
#330 = CARTESIAN_POINT('',(-0.958280649165,0.223388488214,0.177000765167
    ));
#331 = CARTESIAN_POINT('',(-0.960498935228,0.223388488214,0.176738812113
    ));
#332 = PCURVE('',#137,#333);
#333 = DEFINITIONAL_REPRESENTATION('',(#334),#337);
#334 = B_SPLINE_CURVE_WITH_KNOTS('',1,(#335,#336),.UNSPECIFIED.,.F.,.F.,
  (2,2),(0.,1.),.PIECEWISE_BEZIER_KNOTS.);
#335 = CARTESIAN_POINT('',(0.329623289971,7.354423498147E-02));
#336 = CARTESIAN_POINT('',(0.329283898196,7.133647012021E-02));
#337 = ( GEOMETRIC_REPRESENTATION_CONTEXT(2) 
PARAMETRIC_REPRESENTATION_CONTEXT() REPRESENTATION_CONTEXT('2D SPACE',''
  ) );
#338 = PCURVE('',#339,#344);
#339 = B_SPLINE_SURFACE_WITH_KNOTS('',1,1,(
    (#340,#341)
    ,(#342,#343
    )),.UNSPECIFIED.,.F.,.F.,.F.,(2,2),(2,2),(0.,2.881508206621E-03),(0.
    ,1.),.PIECEWISE_BEZIER_KNOTS.);
#340 = CARTESIAN_POINT('',(-0.987811529494,-1.048603621253E-03,
    1.14192127365E-02));
#341 = CARTESIAN_POINT('',(-0.954824301235,0.270018930501,0.211086637486
    ));
#342 = CARTESIAN_POINT('',(-0.984943136531,-1.211791896373E-03,
    1.16400768207E-02));
#343 = CARTESIAN_POINT('',(-0.952759058302,0.269901434943,0.211245659627
    ));
#344 = DEFINITIONAL_REPRESENTATION('',(#345),#348);
#345 = B_SPLINE_CURVE_WITH_KNOTS('',1,(#346,#347),.UNSPECIFIED.,.F.,.F.,
  (2,2),(0.,1.),.PIECEWISE_BEZIER_KNOTS.);
#346 = CARTESIAN_POINT('',(2.881508206621E-03,0.828437191092));
#347 = CARTESIAN_POINT('',(0.,0.827974816543));
#348 = ( GEOMETRIC_REPRESENTATION_CONTEXT(2) 
PARAMETRIC_REPRESENTATION_CONTEXT() REPRESENTATION_CONTEXT('2D SPACE',''
  ) );
#349 = ORIENTED_EDGE('',*,*,#350,.T.);
#350 = EDGE_CURVE('',#326,#351,#353,.T.);
#351 = VERTEX_POINT('',#352);
#352 = CARTESIAN_POINT('',(-0.962563830215,0.223388488214,0.176490358479
    ));
#353 = SURFACE_CURVE('',#354,(#357,#363),.PCURVE_S1.);
#354 = B_SPLINE_CURVE_WITH_KNOTS('',1,(#355,#356),.UNSPECIFIED.,.F.,.F.,
  (2,2),(0.,1.),.PIECEWISE_BEZIER_KNOTS.);
#355 = CARTESIAN_POINT('',(-0.960498935228,0.223388488214,0.176738812113
    ));
#356 = CARTESIAN_POINT('',(-0.962563830215,0.223388488214,0.176490358479
    ));
#357 = PCURVE('',#137,#358);
#358 = DEFINITIONAL_REPRESENTATION('',(#359),#362);
#359 = B_SPLINE_CURVE_WITH_KNOTS('',1,(#360,#361),.UNSPECIFIED.,.F.,.F.,
  (2,2),(0.,1.),.PIECEWISE_BEZIER_KNOTS.);
#360 = CARTESIAN_POINT('',(0.329283898196,7.133647012021E-02));
#361 = CARTESIAN_POINT('',(0.328972421811,6.928013771083E-02));
#362 = ( GEOMETRIC_REPRESENTATION_CONTEXT(2) 
PARAMETRIC_REPRESENTATION_CONTEXT() REPRESENTATION_CONTEXT('2D SPACE',''
  ) );
#363 = PCURVE('',#364,#369);
#364 = B_SPLINE_SURFACE_WITH_KNOTS('',1,1,(
    (#365,#366)
    ,(#367,#368
    )),.UNSPECIFIED.,.F.,.F.,.F.,(2,2),(2,2),(0.,2.681492770208E-03),(0.
    ,1.),.PIECEWISE_BEZIER_KNOTS.);
#365 = CARTESIAN_POINT('',(-0.990480351115,-8.93875866903E-04,
    1.12097993841E-02));
#366 = CARTESIAN_POINT('',(-0.956745852803,0.270130334484,0.210935859872
    ));
#367 = CARTESIAN_POINT('',(-0.987811529494,-1.048603621253E-03,
    1.14192127365E-02));
#368 = CARTESIAN_POINT('',(-0.954824301235,0.270018930501,0.211086637486
    ));
#369 = DEFINITIONAL_REPRESENTATION('',(#370),#373);
#370 = B_SPLINE_CURVE_WITH_KNOTS('',1,(#371,#372),.UNSPECIFIED.,.F.,.F.,
  (2,2),(0.,1.),.PIECEWISE_BEZIER_KNOTS.);
#371 = CARTESIAN_POINT('',(2.681492770208E-03,0.827974816543));
#372 = CARTESIAN_POINT('',(0.,0.827536269881));
#373 = ( GEOMETRIC_REPRESENTATION_CONTEXT(2) 
PARAMETRIC_REPRESENTATION_CONTEXT() REPRESENTATION_CONTEXT('2D SPACE',''
  ) );
#374 = ORIENTED_EDGE('',*,*,#375,.T.);
#375 = EDGE_CURVE('',#351,#376,#378,.T.);
#376 = VERTEX_POINT('',#377);
#377 = CARTESIAN_POINT('',(-0.964469487627,0.223388488214,0.17625702753)
  );
#378 = SURFACE_CURVE('',#379,(#382,#388),.PCURVE_S1.);
#379 = B_SPLINE_CURVE_WITH_KNOTS('',1,(#380,#381),.UNSPECIFIED.,.F.,.F.,
  (2,2),(0.,1.),.PIECEWISE_BEZIER_KNOTS.);
#380 = CARTESIAN_POINT('',(-0.962563830215,0.223388488214,0.176490358479
    ));
#381 = CARTESIAN_POINT('',(-0.964469487627,0.223388488214,0.17625702753)
  );
#382 = PCURVE('',#137,#383);
#383 = DEFINITIONAL_REPRESENTATION('',(#384),#387);
#384 = B_SPLINE_CURVE_WITH_KNOTS('',1,(#385,#386),.UNSPECIFIED.,.F.,.F.,
  (2,2),(0.,1.),.PIECEWISE_BEZIER_KNOTS.);
#385 = CARTESIAN_POINT('',(0.328972421811,6.928013771083E-02));
#386 = CARTESIAN_POINT('',(0.328688856265,6.738130541596E-02));
#387 = ( GEOMETRIC_REPRESENTATION_CONTEXT(2) 
PARAMETRIC_REPRESENTATION_CONTEXT() REPRESENTATION_CONTEXT('2D SPACE',''
  ) );
#388 = PCURVE('',#389,#394);
#389 = B_SPLINE_SURFACE_WITH_KNOTS('',1,1,(
    (#390,#391)
    ,(#392,#393
    )),.UNSPECIFIED.,.F.,.F.,.F.,(2,2),(2,2),(0.,2.474041401648E-03),(0.
    ,1.),.PIECEWISE_BEZIER_KNOTS.);
#390 = CARTESIAN_POINT('',(-0.992942286341,-7.486109914676E-04,
    1.101319338617E-02));
#391 = CARTESIAN_POINT('',(-0.958518446165,0.270234925194,0.210794303554
    ));
#392 = CARTESIAN_POINT('',(-0.990480351115,-8.93875866903E-04,
    1.12097993841E-02));
#393 = CARTESIAN_POINT('',(-0.956745852803,0.270130334484,0.210935859872
    ));
#394 = DEFINITIONAL_REPRESENTATION('',(#395),#398);
#395 = B_SPLINE_CURVE_WITH_KNOTS('',1,(#396,#397),.UNSPECIFIED.,.F.,.F.,
  (2,2),(0.,1.),.PIECEWISE_BEZIER_KNOTS.);
#396 = CARTESIAN_POINT('',(2.474041401648E-03,0.827536269881));
#397 = CARTESIAN_POINT('',(0.,0.827124416341));
#398 = ( GEOMETRIC_REPRESENTATION_CONTEXT(2) 
PARAMETRIC_REPRESENTATION_CONTEXT() REPRESENTATION_CONTEXT('2D SPACE',''
  ) );
#399 = ORIENTED_EDGE('',*,*,#400,.T.);
#400 = EDGE_CURVE('',#376,#401,#403,.T.);
#401 = VERTEX_POINT('',#402);
#402 = CARTESIAN_POINT('',(-0.966210497423,0.223388488214,0.176040392556
    ));
#403 = SURFACE_CURVE('',#404,(#407,#413),.PCURVE_S1.);
#404 = B_SPLINE_CURVE_WITH_KNOTS('',1,(#405,#406),.UNSPECIFIED.,.F.,.F.,
  (2,2),(0.,1.),.PIECEWISE_BEZIER_KNOTS.);
#405 = CARTESIAN_POINT('',(-0.964469487627,0.223388488214,0.17625702753)
  );
#406 = CARTESIAN_POINT('',(-0.966210497423,0.223388488214,0.176040392556
    ));
#407 = PCURVE('',#137,#408);
#408 = DEFINITIONAL_REPRESENTATION('',(#409),#412);
#409 = B_SPLINE_CURVE_WITH_KNOTS('',1,(#410,#411),.UNSPECIFIED.,.F.,.F.,
  (2,2),(0.,1.),.PIECEWISE_BEZIER_KNOTS.);
#410 = CARTESIAN_POINT('',(0.328688856265,6.738130541596E-02));
#411 = CARTESIAN_POINT('',(0.328433128722,6.564560692662E-02));
#412 = ( GEOMETRIC_REPRESENTATION_CONTEXT(2) 
PARAMETRIC_REPRESENTATION_CONTEXT() REPRESENTATION_CONTEXT('2D SPACE',''
  ) );
#413 = PCURVE('',#414,#419);
#414 = B_SPLINE_SURFACE_WITH_KNOTS('',1,1,(
    (#415,#416)
    ,(#417,#418
    )),.UNSPECIFIED.,.F.,.F.,.F.,(2,2),(2,2),(0.,2.259720549055E-03),(0.
    ,1.),.PIECEWISE_BEZIER_KNOTS.);
#415 = CARTESIAN_POINT('',(-0.995190587177,-6.137795593563E-04,
    1.083070833476E-02));
#416 = CARTESIAN_POINT('',(-0.960137222767,0.270332003825,0.210662914317
    ));
#417 = CARTESIAN_POINT('',(-0.992942286341,-7.486109914676E-04,
    1.101319338617E-02));
#418 = CARTESIAN_POINT('',(-0.958518446165,0.270234925194,0.210794303554
    ));
#419 = DEFINITIONAL_REPRESENTATION('',(#420),#423);
#420 = B_SPLINE_CURVE_WITH_KNOTS('',1,(#421,#422),.UNSPECIFIED.,.F.,.F.,
  (2,2),(0.,1.),.PIECEWISE_BEZIER_KNOTS.);
#421 = CARTESIAN_POINT('',(2.259720549055E-03,0.827124416341));
#422 = CARTESIAN_POINT('',(0.,0.826742032946));
#423 = ( GEOMETRIC_REPRESENTATION_CONTEXT(2) 
PARAMETRIC_REPRESENTATION_CONTEXT() REPRESENTATION_CONTEXT('2D SPACE',''
  ) );
#424 = ORIENTED_EDGE('',*,*,#425,.T.);
#425 = EDGE_CURVE('',#401,#426,#428,.T.);
#426 = VERTEX_POINT('',#427);
#427 = CARTESIAN_POINT('',(-0.967781904088,0.223388488214,0.175841960079
    ));
#428 = SURFACE_CURVE('',#429,(#432,#438),.PCURVE_S1.);
#429 = B_SPLINE_CURVE_WITH_KNOTS('',1,(#430,#431),.UNSPECIFIED.,.F.,.F.,
  (2,2),(0.,1.),.PIECEWISE_BEZIER_KNOTS.);
#430 = CARTESIAN_POINT('',(-0.966210497423,0.223388488214,0.176040392556
    ));
#431 = CARTESIAN_POINT('',(-0.967781904088,0.223388488214,0.175841960079
    ));
#432 = PCURVE('',#137,#433);
#433 = DEFINITIONAL_REPRESENTATION('',(#434),#437);
#434 = B_SPLINE_CURVE_WITH_KNOTS('',1,(#435,#436),.UNSPECIFIED.,.F.,.F.,
  (2,2),(0.,1.),.PIECEWISE_BEZIER_KNOTS.);
#435 = CARTESIAN_POINT('',(0.328433128722,6.564560692662E-02));
#436 = CARTESIAN_POINT('',(0.32820510943,6.407822007107E-02));
#437 = ( GEOMETRIC_REPRESENTATION_CONTEXT(2) 
PARAMETRIC_REPRESENTATION_CONTEXT() REPRESENTATION_CONTEXT('2D SPACE',''
  ) );
#438 = PCURVE('',#439,#444);
#439 = B_SPLINE_SURFACE_WITH_KNOTS('',1,1,(
    (#440,#441)
    ,(#442,#443
    )),.UNSPECIFIED.,.F.,.F.,.F.,(2,2),(2,2),(0.,2.039116986853E-03),(0.
    ,1.),.PIECEWISE_BEZIER_KNOTS.);
#440 = CARTESIAN_POINT('',(-0.997219091188,-4.903101401181E-04,
    1.066360098476E-02));
#441 = CARTESIAN_POINT('',(-0.961597745655,0.270420901807,0.210542597025
    ));
#442 = CARTESIAN_POINT('',(-0.995190587177,-6.137795593563E-04,
    1.083070833476E-02));
#443 = CARTESIAN_POINT('',(-0.960137222767,0.270332003825,0.210662914317
    ));
#444 = DEFINITIONAL_REPRESENTATION('',(#445),#448);
#445 = B_SPLINE_CURVE_WITH_KNOTS('',1,(#446,#447),.UNSPECIFIED.,.F.,.F.,
  (2,2),(0.,1.),.PIECEWISE_BEZIER_KNOTS.);
#446 = CARTESIAN_POINT('',(2.039116986853E-03,0.826742032946));
#447 = CARTESIAN_POINT('',(0.,0.82639177886));
#448 = ( GEOMETRIC_REPRESENTATION_CONTEXT(2) 
PARAMETRIC_REPRESENTATION_CONTEXT() REPRESENTATION_CONTEXT('2D SPACE',''
  ) );
#449 = ORIENTED_EDGE('',*,*,#450,.T.);
#450 = EDGE_CURVE('',#426,#451,#453,.T.);
#451 = VERTEX_POINT('',#452);
#452 = CARTESIAN_POINT('',(-0.969179223623,0.223388488214,0.175663151281
    ));
#453 = SURFACE_CURVE('',#454,(#457,#463),.PCURVE_S1.);
#454 = B_SPLINE_CURVE_WITH_KNOTS('',1,(#455,#456),.UNSPECIFIED.,.F.,.F.,
  (2,2),(0.,1.),.PIECEWISE_BEZIER_KNOTS.);
#455 = CARTESIAN_POINT('',(-0.967781904088,0.223388488214,0.175841960079
    ));
#456 = CARTESIAN_POINT('',(-0.969179223623,0.223388488214,0.175663151281
    ));
#457 = PCURVE('',#137,#458);
#458 = DEFINITIONAL_REPRESENTATION('',(#459),#462);
#459 = B_SPLINE_CURVE_WITH_KNOTS('',1,(#460,#461),.UNSPECIFIED.,.F.,.F.,
  (2,2),(0.,1.),.PIECEWISE_BEZIER_KNOTS.);
#460 = CARTESIAN_POINT('',(0.32820510943,6.407822007107E-02));
#461 = CARTESIAN_POINT('',(0.328004625072,6.268384548297E-02));
#462 = ( GEOMETRIC_REPRESENTATION_CONTEXT(2) 
PARAMETRIC_REPRESENTATION_CONTEXT() REPRESENTATION_CONTEXT('2D SPACE',''
  ) );
#463 = PCURVE('',#464,#469);
#464 = B_SPLINE_SURFACE_WITH_KNOTS('',1,1,(
    (#465,#466)
    ,(#467,#468
    )),.UNSPECIFIED.,.F.,.F.,.F.,(2,2),(2,2),(0.,1.812836504862E-03),(0.
    ,1.),.PIECEWISE_BEZIER_KNOTS.);
#465 = CARTESIAN_POINT('',(-0.999022238385,-3.790780273866E-04,
    1.051305598578E-02));
#466 = CARTESIAN_POINT('',(-0.962896011637,0.270500988929,0.210434204626
    ));
#467 = CARTESIAN_POINT('',(-0.997219091188,-4.903101401181E-04,
    1.066360098476E-02));
#468 = CARTESIAN_POINT('',(-0.961597745655,0.270420901807,0.210542597025
    ));
#469 = DEFINITIONAL_REPRESENTATION('',(#470),#473);
#470 = B_SPLINE_CURVE_WITH_KNOTS('',1,(#471,#472),.UNSPECIFIED.,.F.,.F.,
  (2,2),(0.,1.),.PIECEWISE_BEZIER_KNOTS.);
#471 = CARTESIAN_POINT('',(1.812836504862E-03,0.82639177886));
#472 = CARTESIAN_POINT('',(0.,0.826076162622));
#473 = ( GEOMETRIC_REPRESENTATION_CONTEXT(2) 
PARAMETRIC_REPRESENTATION_CONTEXT() REPRESENTATION_CONTEXT('2D SPACE',''
  ) );
#474 = ORIENTED_EDGE('',*,*,#475,.T.);
#475 = EDGE_CURVE('',#451,#476,#478,.T.);
#476 = VERTEX_POINT('',#477);
#477 = CARTESIAN_POINT('',(-0.970398459337,0.223388488214,0.175505282367
    ));
#478 = SURFACE_CURVE('',#479,(#482,#488),.PCURVE_S1.);
#479 = B_SPLINE_CURVE_WITH_KNOTS('',1,(#480,#481),.UNSPECIFIED.,.F.,.F.,
  (2,2),(0.,1.),.PIECEWISE_BEZIER_KNOTS.);
#480 = CARTESIAN_POINT('',(-0.969179223623,0.223388488214,0.175663151281
    ));
#481 = CARTESIAN_POINT('',(-0.970398459337,0.223388488214,0.175505282367
    ));
#482 = PCURVE('',#137,#483);
#483 = DEFINITIONAL_REPRESENTATION('',(#484),#487);
#484 = B_SPLINE_CURVE_WITH_KNOTS('',1,(#485,#486),.UNSPECIFIED.,.F.,.F.,
  (2,2),(0.,1.),.PIECEWISE_BEZIER_KNOTS.);
#485 = CARTESIAN_POINT('',(0.328004625072,6.268384548297E-02));
#486 = CARTESIAN_POINT('',(0.327831473491,6.146668614666E-02));
#487 = ( GEOMETRIC_REPRESENTATION_CONTEXT(2) 
PARAMETRIC_REPRESENTATION_CONTEXT() REPRESENTATION_CONTEXT('2D SPACE',''
  ) );
#488 = PCURVE('',#489,#494);
#489 = B_SPLINE_SURFACE_WITH_KNOTS('',1,1,(
    (#490,#491)
    ,(#492,#493
    )),.UNSPECIFIED.,.F.,.F.,.F.,(2,2),(2,2),(0.,1.581502476942E-03),(0.
    ,1.),.PIECEWISE_BEZIER_KNOTS.);
#490 = CARTESIAN_POINT('',(-1.000595086467,-2.808933058284E-04,
    1.038016973158E-02));
#491 = CARTESIAN_POINT('',(-0.964028462256,0.270571681928,0.210338526523
    ));
#492 = CARTESIAN_POINT('',(-0.999022238385,-3.790780273866E-04,
    1.051305598578E-02));
#493 = CARTESIAN_POINT('',(-0.962896011637,0.270500988929,0.210434204626
    ));
#494 = DEFINITIONAL_REPRESENTATION('',(#495),#498);
#495 = B_SPLINE_CURVE_WITH_KNOTS('',1,(#496,#497),.UNSPECIFIED.,.F.,.F.,
  (2,2),(0.,1.),.PIECEWISE_BEZIER_KNOTS.);
#496 = CARTESIAN_POINT('',(1.581502476942E-03,0.826076162622));
#497 = CARTESIAN_POINT('',(0.,0.825797507471));
#498 = ( GEOMETRIC_REPRESENTATION_CONTEXT(2) 
PARAMETRIC_REPRESENTATION_CONTEXT() REPRESENTATION_CONTEXT('2D SPACE',''
  ) );
#499 = ORIENTED_EDGE('',*,*,#500,.T.);
#500 = EDGE_CURVE('',#476,#501,#503,.T.);
#501 = VERTEX_POINT('',#502);
#502 = CARTESIAN_POINT('',(-0.971436116272,0.223388488214,0.175369544623
    ));
#503 = SURFACE_CURVE('',#504,(#507,#513),.PCURVE_S1.);
#504 = B_SPLINE_CURVE_WITH_KNOTS('',1,(#505,#506),.UNSPECIFIED.,.F.,.F.,
  (2,2),(0.,1.),.PIECEWISE_BEZIER_KNOTS.);
#505 = CARTESIAN_POINT('',(-0.970398459337,0.223388488214,0.175505282367
    ));
#506 = CARTESIAN_POINT('',(-0.971436116272,0.223388488214,0.175369544623
    ));
#507 = PCURVE('',#137,#508);
#508 = DEFINITIONAL_REPRESENTATION('',(#509),#512);
#509 = B_SPLINE_CURVE_WITH_KNOTS('',1,(#510,#511),.UNSPECIFIED.,.F.,.F.,
  (2,2),(0.,1.),.PIECEWISE_BEZIER_KNOTS.);
#510 = CARTESIAN_POINT('',(0.327831473491,6.146668614666E-02));
#511 = CARTESIAN_POINT('',(0.327685439058,6.043042816925E-02));
#512 = ( GEOMETRIC_REPRESENTATION_CONTEXT(2) 
PARAMETRIC_REPRESENTATION_CONTEXT() REPRESENTATION_CONTEXT('2D SPACE',''
  ) );
#513 = PCURVE('',#514,#519);
#514 = B_SPLINE_SURFACE_WITH_KNOTS('',1,1,(
    (#515,#516)
    ,(#517,#518
    )),.UNSPECIFIED.,.F.,.F.,.F.,(2,2),(2,2),(0.,1.345754292724E-03),(0.
    ,1.),.PIECEWISE_BEZIER_KNOTS.);
#515 = CARTESIAN_POINT('',(-1.001933324366,-1.964887388399E-04,
    1.026593396693E-02));
#516 = CARTESIAN_POINT('',(-0.964991993544,0.270632453216,0.210256276772
    ));
#517 = CARTESIAN_POINT('',(-1.000595086467,-2.808933058284E-04,
    1.038016973158E-02));
#518 = CARTESIAN_POINT('',(-0.964028462256,0.270571681928,0.210338526523
    ));
#519 = DEFINITIONAL_REPRESENTATION('',(#520),#523);
#520 = B_SPLINE_CURVE_WITH_KNOTS('',1,(#521,#522),.UNSPECIFIED.,.F.,.F.,
  (2,2),(0.,1.),.PIECEWISE_BEZIER_KNOTS.);
#521 = CARTESIAN_POINT('',(1.345754292724E-03,0.825797507471));
#522 = CARTESIAN_POINT('',(0.,0.825557916148));
#523 = ( GEOMETRIC_REPRESENTATION_CONTEXT(2) 
PARAMETRIC_REPRESENTATION_CONTEXT() REPRESENTATION_CONTEXT('2D SPACE',''
  ) );
#524 = ORIENTED_EDGE('',*,*,#525,.T.);
#525 = EDGE_CURVE('',#501,#526,#528,.T.);
#526 = VERTEX_POINT('',#527);
#527 = CARTESIAN_POINT('',(-0.972289214128,0.223388488214,0.175256984981
    ));
#528 = SURFACE_CURVE('',#529,(#532,#538),.PCURVE_S1.);
#529 = B_SPLINE_CURVE_WITH_KNOTS('',1,(#530,#531),.UNSPECIFIED.,.F.,.F.,
  (2,2),(0.,1.),.PIECEWISE_BEZIER_KNOTS.);
#530 = CARTESIAN_POINT('',(-0.971436116272,0.223388488214,0.175369544623
    ));
#531 = CARTESIAN_POINT('',(-0.972289214128,0.223388488214,0.175256984981
    ));
#532 = PCURVE('',#137,#533);
#533 = DEFINITIONAL_REPRESENTATION('',(#534),#537);
#534 = B_SPLINE_CURVE_WITH_KNOTS('',1,(#535,#536),.UNSPECIFIED.,.F.,.F.,
  (2,2),(0.,1.),.PIECEWISE_BEZIER_KNOTS.);
#535 = CARTESIAN_POINT('',(0.327685439058,6.043042816925E-02));
#536 = CARTESIAN_POINT('',(0.327566307948,5.957822314556E-02));
#537 = ( GEOMETRIC_REPRESENTATION_CONTEXT(2) 
PARAMETRIC_REPRESENTATION_CONTEXT() REPRESENTATION_CONTEXT('2D SPACE',''
  ) );
#538 = PCURVE('',#539,#544);
#539 = B_SPLINE_SURFACE_WITH_KNOTS('',1,1,(
    (#540,#541)
    ,(#542,#543
    )),.UNSPECIFIED.,.F.,.F.,.F.,(2,2),(2,2),(0.,1.106245641354E-03),(0.
    ,1.),.PIECEWISE_BEZIER_KNOTS.);
#540 = CARTESIAN_POINT('',(-1.003033284066,-1.265079712203E-04,
    1.017121982071E-02));
#541 = CARTESIAN_POINT('',(-0.965783964528,0.270682839369,0.210188082587
    ));
#542 = CARTESIAN_POINT('',(-1.001933324366,-1.964887388399E-04,
    1.026593396693E-02));
#543 = CARTESIAN_POINT('',(-0.964991993544,0.270632453216,0.210256276772
    ));
#544 = DEFINITIONAL_REPRESENTATION('',(#545),#548);
#545 = B_SPLINE_CURVE_WITH_KNOTS('',1,(#546,#547),.UNSPECIFIED.,.F.,.F.,
  (2,2),(0.,1.),.PIECEWISE_BEZIER_KNOTS.);
#546 = CARTESIAN_POINT('',(1.106245641354E-03,0.825557916148));
#547 = CARTESIAN_POINT('',(0.,0.825359236603));
#548 = ( GEOMETRIC_REPRESENTATION_CONTEXT(2) 
PARAMETRIC_REPRESENTATION_CONTEXT() REPRESENTATION_CONTEXT('2D SPACE',''
  ) );
#549 = ORIENTED_EDGE('',*,*,#550,.T.);
#550 = EDGE_CURVE('',#526,#551,#553,.T.);
#551 = VERTEX_POINT('',#552);
#552 = CARTESIAN_POINT('',(-0.972955298509,0.223388488214,0.175168487915
    ));
#553 = SURFACE_CURVE('',#554,(#557,#563),.PCURVE_S1.);
#554 = B_SPLINE_CURVE_WITH_KNOTS('',1,(#555,#556),.UNSPECIFIED.,.F.,.F.,
  (2,2),(0.,1.),.PIECEWISE_BEZIER_KNOTS.);
#555 = CARTESIAN_POINT('',(-0.972289214128,0.223388488214,0.175256984981
    ));
#556 = CARTESIAN_POINT('',(-0.972955298509,0.223388488214,0.175168487915
    ));
#557 = PCURVE('',#137,#558);
#558 = DEFINITIONAL_REPRESENTATION('',(#559),#562);
#559 = B_SPLINE_CURVE_WITH_KNOTS('',1,(#560,#561),.UNSPECIFIED.,.F.,.F.,
  (2,2),(0.,1.),.PIECEWISE_BEZIER_KNOTS.);
#560 = CARTESIAN_POINT('',(0.327566307948,5.957822314556E-02));
#561 = CARTESIAN_POINT('',(0.327473882594,5.891267248109E-02));
#562 = ( GEOMETRIC_REPRESENTATION_CONTEXT(2) 
PARAMETRIC_REPRESENTATION_CONTEXT() REPRESENTATION_CONTEXT('2D SPACE',''
  ) );
#563 = PCURVE('',#564,#569);
#564 = B_SPLINE_SURFACE_WITH_KNOTS('',1,1,(
    (#565,#566)
    ,(#567,#568
    )),.UNSPECIFIED.,.F.,.F.,.F.,(2,2),(2,2),(0.,8.636426430061E-04),(0.
    ,1.),.PIECEWISE_BEZIER_KNOTS.);
#565 = CARTESIAN_POINT('',(-1.003891950654,-7.149453830894E-05,
    1.009676293053E-02));
#566 = CARTESIAN_POINT('',(-0.966402204471,0.270722449041,0.210134473626
    ));
#567 = CARTESIAN_POINT('',(-1.003033284066,-1.265079712203E-04,
    1.017121982071E-02));
#568 = CARTESIAN_POINT('',(-0.965783964528,0.270682839369,0.210188082587
    ));
#569 = DEFINITIONAL_REPRESENTATION('',(#570),#573);
#570 = B_SPLINE_CURVE_WITH_KNOTS('',1,(#571,#572),.UNSPECIFIED.,.F.,.F.,
  (2,2),(0.,1.),.PIECEWISE_BEZIER_KNOTS.);
#571 = CARTESIAN_POINT('',(8.636426430061E-04,0.825359236603));
#572 = CARTESIAN_POINT('',(0.,0.825203030021));
#573 = ( GEOMETRIC_REPRESENTATION_CONTEXT(2) 
PARAMETRIC_REPRESENTATION_CONTEXT() REPRESENTATION_CONTEXT('2D SPACE',''
  ) );
#574 = ORIENTED_EDGE('',*,*,#575,.T.);
#575 = EDGE_CURVE('',#551,#576,#578,.T.);
#576 = VERTEX_POINT('',#577);
#577 = CARTESIAN_POINT('',(-0.973432450369,0.223388488214,0.175104759416
    ));
#578 = SURFACE_CURVE('',#579,(#582,#588),.PCURVE_S1.);
#579 = B_SPLINE_CURVE_WITH_KNOTS('',1,(#580,#581),.UNSPECIFIED.,.F.,.F.,
  (2,2),(0.,1.),.PIECEWISE_BEZIER_KNOTS.);
#580 = CARTESIAN_POINT('',(-0.972955298509,0.223388488214,0.175168487915
    ));
#581 = CARTESIAN_POINT('',(-0.973432450369,0.223388488214,0.175104759416
    ));
#582 = PCURVE('',#137,#583);
#583 = DEFINITIONAL_REPRESENTATION('',(#584),#587);
#584 = B_SPLINE_CURVE_WITH_KNOTS('',1,(#585,#586),.UNSPECIFIED.,.F.,.F.,
  (2,2),(0.,1.),.PIECEWISE_BEZIER_KNOTS.);
#585 = CARTESIAN_POINT('',(0.327473882594,5.891267248109E-02));
#586 = CARTESIAN_POINT('',(0.327407994605,5.843581401937E-02));
#587 = ( GEOMETRIC_REPRESENTATION_CONTEXT(2) 
PARAMETRIC_REPRESENTATION_CONTEXT() REPRESENTATION_CONTEXT('2D SPACE',''
  ) );
#588 = PCURVE('',#589,#594);
#589 = B_SPLINE_SURFACE_WITH_KNOTS('',1,1,(
    (#590,#591)
    ,(#592,#593
    )),.UNSPECIFIED.,.F.,.F.,.F.,(2,2),(2,2),(0.,6.186218318379E-04),(0.
    ,1.),.PIECEWISE_BEZIER_KNOTS.);
#590 = CARTESIAN_POINT('',(-1.004506970583,-3.188214635737E-05,
    1.004315028793E-02));
#591 = CARTESIAN_POINT('',(-0.96684501882,0.270750969963,0.210095872523)
  );
#592 = CARTESIAN_POINT('',(-1.003891950654,-7.149453830894E-05,
    1.009676293053E-02));
#593 = CARTESIAN_POINT('',(-0.966402204471,0.270722449041,0.210134473626
    ));
#594 = DEFINITIONAL_REPRESENTATION('',(#595),#598);
#595 = B_SPLINE_CURVE_WITH_KNOTS('',1,(#596,#597),.UNSPECIFIED.,.F.,.F.,
  (2,2),(0.,1.),.PIECEWISE_BEZIER_KNOTS.);
#596 = CARTESIAN_POINT('',(6.186218318379E-04,0.825203030021));
#597 = CARTESIAN_POINT('',(0.,0.825090542552));
#598 = ( GEOMETRIC_REPRESENTATION_CONTEXT(2) 
PARAMETRIC_REPRESENTATION_CONTEXT() REPRESENTATION_CONTEXT('2D SPACE',''
  ) );
#599 = ORIENTED_EDGE('',*,*,#600,.T.);
#600 = EDGE_CURVE('',#576,#601,#603,.T.);
#601 = VERTEX_POINT('',#602);
#602 = CARTESIAN_POINT('',(-0.973719293507,0.223388488214,0.17506631375)
  );
#603 = SURFACE_CURVE('',#604,(#607,#613),.PCURVE_S1.);
#604 = B_SPLINE_CURVE_WITH_KNOTS('',1,(#605,#606),.UNSPECIFIED.,.F.,.F.,
  (2,2),(0.,1.),.PIECEWISE_BEZIER_KNOTS.);
#605 = CARTESIAN_POINT('',(-0.973432450369,0.223388488214,0.175104759416
    ));
#606 = CARTESIAN_POINT('',(-0.973719293507,0.223388488214,0.17506631375)
  );
#607 = PCURVE('',#137,#608);
#608 = DEFINITIONAL_REPRESENTATION('',(#609),#612);
#609 = B_SPLINE_CURVE_WITH_KNOTS('',1,(#610,#611),.UNSPECIFIED.,.F.,.F.,
  (2,2),(0.,1.),.PIECEWISE_BEZIER_KNOTS.);
#610 = CARTESIAN_POINT('',(0.327407994605,5.843581401937E-02));
#611 = CARTESIAN_POINT('',(0.327368515536,5.814911128503E-02));
#612 = ( GEOMETRIC_REPRESENTATION_CONTEXT(2) 
PARAMETRIC_REPRESENTATION_CONTEXT() REPRESENTATION_CONTEXT('2D SPACE',''
  ) );
#613 = PCURVE('',#614,#619);
#614 = B_SPLINE_SURFACE_WITH_KNOTS('',1,1,(
    (#615,#616)
    ,(#617,#618
    )),.UNSPECIFIED.,.F.,.F.,.F.,(2,2),(2,2),(0.,3.718680024035E-04),(0.
    ,1.),.PIECEWISE_BEZIER_KNOTS.);
#615 = CARTESIAN_POINT('',(-1.004876658128,-7.986639595134E-06,
    1.001080936629E-02));
#616 = CARTESIAN_POINT('',(-0.967111193852,0.270768174728,0.21007258706)
  );
#617 = CARTESIAN_POINT('',(-1.004506970583,-3.188214635737E-05,
    1.004315028793E-02));
#618 = CARTESIAN_POINT('',(-0.96684501882,0.270750969963,0.210095872523)
  );
#619 = DEFINITIONAL_REPRESENTATION('',(#620),#623);
#620 = B_SPLINE_CURVE_WITH_KNOTS('',1,(#621,#622),.UNSPECIFIED.,.F.,.F.,
  (2,2),(0.,1.),.PIECEWISE_BEZIER_KNOTS.);
#621 = CARTESIAN_POINT('',(3.718680024035E-04,0.825090542552));
#622 = CARTESIAN_POINT('',(0.,0.82502268193));
#623 = ( GEOMETRIC_REPRESENTATION_CONTEXT(2) 
PARAMETRIC_REPRESENTATION_CONTEXT() REPRESENTATION_CONTEXT('2D SPACE',''
  ) );
#624 = ORIENTED_EDGE('',*,*,#625,.T.);
#625 = EDGE_CURVE('',#601,#626,#628,.T.);
#626 = VERTEX_POINT('',#627);
#627 = CARTESIAN_POINT('',(-0.973815,0.223388488214,0.175053463561));
#628 = SURFACE_CURVE('',#629,(#632,#638),.PCURVE_S1.);
#629 = B_SPLINE_CURVE_WITH_KNOTS('',1,(#630,#631),.UNSPECIFIED.,.F.,.F.,
  (2,2),(0.,1.),.PIECEWISE_BEZIER_KNOTS.);
#630 = CARTESIAN_POINT('',(-0.973719293507,0.223388488214,0.17506631375)
  );
#631 = CARTESIAN_POINT('',(-0.973815,0.223388488214,0.175053463561));
#632 = PCURVE('',#137,#633);
#633 = DEFINITIONAL_REPRESENTATION('',(#634),#637);
#634 = B_SPLINE_CURVE_WITH_KNOTS('',1,(#635,#636),.UNSPECIFIED.,.F.,.F.,
  (2,2),(0.,1.),.PIECEWISE_BEZIER_KNOTS.);
#635 = CARTESIAN_POINT('',(0.327368515536,5.814911128503E-02));
#636 = CARTESIAN_POINT('',(0.32735536497,5.805344560232E-02));
#637 = ( GEOMETRIC_REPRESENTATION_CONTEXT(2) 
PARAMETRIC_REPRESENTATION_CONTEXT() REPRESENTATION_CONTEXT('2D SPACE',''
  ) );
#638 = PCURVE('',#639,#644);
#639 = B_SPLINE_SURFACE_WITH_KNOTS('',1,1,(
    (#640,#641)
    ,(#642,#643
    )),.UNSPECIFIED.,.F.,.F.,.F.,(2,2),(2,2),(0.,1.240719397039E-04),(0.
    ,1.),.PIECEWISE_BEZIER_KNOTS.);
#640 = CARTESIAN_POINT('',(-1.005,1.335998073687E-18,1.E-02));
#641 = CARTESIAN_POINT('',(-0.9672,0.270773925108,0.210064804316));
#642 = CARTESIAN_POINT('',(-1.004876658128,-7.986639595134E-06,
    1.001080936629E-02));
#643 = CARTESIAN_POINT('',(-0.967111193852,0.270768174728,0.21007258706)
  );
#644 = DEFINITIONAL_REPRESENTATION('',(#645),#648);
#645 = B_SPLINE_CURVE_WITH_KNOTS('',1,(#646,#647),.UNSPECIFIED.,.F.,.F.,
  (2,2),(0.,1.),.PIECEWISE_BEZIER_KNOTS.);
#646 = CARTESIAN_POINT('',(1.240719397039E-04,0.82502268193));
#647 = CARTESIAN_POINT('',(0.,0.825));
#648 = ( GEOMETRIC_REPRESENTATION_CONTEXT(2) 
PARAMETRIC_REPRESENTATION_CONTEXT() REPRESENTATION_CONTEXT('2D SPACE',''
  ) );
#649 = ORIENTED_EDGE('',*,*,#650,.T.);
#650 = EDGE_CURVE('',#626,#99,#651,.T.);
#651 = SURFACE_CURVE('',#652,(#655,#661),.PCURVE_S1.);
#652 = B_SPLINE_CURVE_WITH_KNOTS('',1,(#653,#654),.UNSPECIFIED.,.F.,.F.,
  (2,2),(0.,1.),.PIECEWISE_BEZIER_KNOTS.);
#653 = CARTESIAN_POINT('',(-0.973815,0.223388488214,0.175053463561));
#654 = CARTESIAN_POINT('',(-0.973721006708,0.223388488214,0.175040613158
    ));
#655 = PCURVE('',#137,#656);
#656 = DEFINITIONAL_REPRESENTATION('',(#657),#660);
#657 = B_SPLINE_CURVE_WITH_KNOTS('',1,(#658,#659),.UNSPECIFIED.,.F.,.F.,
  (2,2),(0.,1.),.PIECEWISE_BEZIER_KNOTS.);
#658 = CARTESIAN_POINT('',(0.32735536497,5.805344560232E-02));
#659 = CARTESIAN_POINT('',(0.327392827407,5.814060314695E-02));
#660 = ( GEOMETRIC_REPRESENTATION_CONTEXT(2) 
PARAMETRIC_REPRESENTATION_CONTEXT() REPRESENTATION_CONTEXT('2D SPACE',''
  ) );
#661 = PCURVE('',#113,#662);
#662 = DEFINITIONAL_REPRESENTATION('',(#663),#666);
#663 = B_SPLINE_CURVE_WITH_KNOTS('',1,(#664,#665),.UNSPECIFIED.,.F.,.F.,
  (2,2),(0.,1.),.PIECEWISE_BEZIER_KNOTS.);
#664 = CARTESIAN_POINT('',(1.240719397039E-04,0.825));
#665 = CARTESIAN_POINT('',(0.,0.824977317696));
#666 = ( GEOMETRIC_REPRESENTATION_CONTEXT(2) 
PARAMETRIC_REPRESENTATION_CONTEXT() REPRESENTATION_CONTEXT('2D SPACE',''
  ) );
#667 = ORIENTED_EDGE('',*,*,#125,.T.);
#668 = ORIENTED_EDGE('',*,*,#199,.T.);
#669 = ORIENTED_EDGE('',*,*,#670,.T.);
#670 = EDGE_CURVE('',#154,#671,#673,.T.);
#671 = VERTEX_POINT('',#672);
#672 = CARTESIAN_POINT('',(-0.972315980267,0.223388488214,0.174849888885
    ));
#673 = SURFACE_CURVE('',#674,(#677,#683),.PCURVE_S1.);
#674 = B_SPLINE_CURVE_WITH_KNOTS('',1,(#675,#676),.UNSPECIFIED.,.F.,.F.,
  (2,2),(0.,1.),.PIECEWISE_BEZIER_KNOTS.);
#675 = CARTESIAN_POINT('',(-0.972970522722,0.223388488214,0.174938422198
    ));
#676 = CARTESIAN_POINT('',(-0.972315980267,0.223388488214,0.174849888885
    ));
#677 = PCURVE('',#137,#678);
#678 = DEFINITIONAL_REPRESENTATION('',(#679),#682);
#679 = B_SPLINE_CURVE_WITH_KNOTS('',1,(#680,#681),.UNSPECIFIED.,.F.,.F.,
  (2,2),(0.,1.),.PIECEWISE_BEZIER_KNOTS.);
#680 = CARTESIAN_POINT('',(0.327691546677,5.8836617517E-02));
#681 = CARTESIAN_POINT('',(0.327951505728,5.944381210249E-02));
#682 = ( GEOMETRIC_REPRESENTATION_CONTEXT(2) 
PARAMETRIC_REPRESENTATION_CONTEXT() REPRESENTATION_CONTEXT('2D SPACE',''
  ) );
#683 = PCURVE('',#168,#684);
#684 = DEFINITIONAL_REPRESENTATION('',(#685),#688);
#685 = B_SPLINE_CURVE_WITH_KNOTS('',1,(#686,#687),.UNSPECIFIED.,.F.,.F.,
  (2,2),(0.,1.),.PIECEWISE_BEZIER_KNOTS.);
#686 = CARTESIAN_POINT('',(8.636426430061E-04,0.824796939957));
#687 = CARTESIAN_POINT('',(0.,0.824640669396));
#688 = ( GEOMETRIC_REPRESENTATION_CONTEXT(2) 
PARAMETRIC_REPRESENTATION_CONTEXT() REPRESENTATION_CONTEXT('2D SPACE',''
  ) );
#689 = ORIENTED_EDGE('',*,*,#690,.T.);
#690 = EDGE_CURVE('',#671,#691,#693,.T.);
#691 = VERTEX_POINT('',#692);
#692 = CARTESIAN_POINT('',(-0.971477344979,0.223388488214,0.174737254027
    ));
#693 = SURFACE_CURVE('',#694,(#697,#703),.PCURVE_S1.);
#694 = B_SPLINE_CURVE_WITH_KNOTS('',1,(#695,#696),.UNSPECIFIED.,.F.,.F.,
  (2,2),(0.,1.),.PIECEWISE_BEZIER_KNOTS.);
#695 = CARTESIAN_POINT('',(-0.972315980267,0.223388488214,0.174849888885
    ));
#696 = CARTESIAN_POINT('',(-0.971477344979,0.223388488214,0.174737254027
    ));
#697 = PCURVE('',#137,#698);
#698 = DEFINITIONAL_REPRESENTATION('',(#699),#702);
#699 = B_SPLINE_CURVE_WITH_KNOTS('',1,(#700,#701),.UNSPECIFIED.,.F.,.F.,
  (2,2),(0.,1.),.PIECEWISE_BEZIER_KNOTS.);
#700 = CARTESIAN_POINT('',(0.327951505728,5.944381210249E-02));
#701 = CARTESIAN_POINT('',(0.328283809493,6.022199586266E-02));
#702 = ( GEOMETRIC_REPRESENTATION_CONTEXT(2) 
PARAMETRIC_REPRESENTATION_CONTEXT() REPRESENTATION_CONTEXT('2D SPACE',''
  ) );
#703 = PCURVE('',#704,#709);
#704 = B_SPLINE_SURFACE_WITH_KNOTS('',1,1,(
    (#705,#706)
    ,(#707,#708
    )),.UNSPECIFIED.,.F.,.F.,.F.,(2,2),(2,2),(0.,1.106245641354E-03),(0.
    ,1.),.PIECEWISE_BEZIER_KNOTS.);
#705 = CARTESIAN_POINT('',(-1.001933324366,1.964887388399E-04,
    9.734066033068E-03));
#706 = CARTESIAN_POINT('',(-0.964991993544,0.270915397,0.20987333186));
#707 = CARTESIAN_POINT('',(-1.003033284066,1.265079712203E-04,
    9.828780179293E-03));
#708 = CARTESIAN_POINT('',(-0.965783964528,0.270865010848,0.209941526045
    ));
#709 = DEFINITIONAL_REPRESENTATION('',(#710),#713);
#710 = B_SPLINE_CURVE_WITH_KNOTS('',1,(#711,#712),.UNSPECIFIED.,.F.,.F.,
  (2,2),(0.,1.),.PIECEWISE_BEZIER_KNOTS.);
#711 = CARTESIAN_POINT('',(1.106245641354E-03,0.824640669396));
#712 = CARTESIAN_POINT('',(0.,0.824441857087));
#713 = ( GEOMETRIC_REPRESENTATION_CONTEXT(2) 
PARAMETRIC_REPRESENTATION_CONTEXT() REPRESENTATION_CONTEXT('2D SPACE',''
  ) );
#714 = ORIENTED_EDGE('',*,*,#715,.T.);
#715 = EDGE_CURVE('',#691,#716,#718,.T.);
#716 = VERTEX_POINT('',#717);
#717 = CARTESIAN_POINT('',(-0.970456800595,0.223388488214,0.174601382203
    ));
#718 = SURFACE_CURVE('',#719,(#722,#728),.PCURVE_S1.);
#719 = B_SPLINE_CURVE_WITH_KNOTS('',1,(#720,#721),.UNSPECIFIED.,.F.,.F.,
  (2,2),(0.,1.),.PIECEWISE_BEZIER_KNOTS.);
#720 = CARTESIAN_POINT('',(-0.971477344979,0.223388488214,0.174737254027
    ));
#721 = CARTESIAN_POINT('',(-0.970456800595,0.223388488214,0.174601382203
    ));
#722 = PCURVE('',#137,#723);
#723 = DEFINITIONAL_REPRESENTATION('',(#724),#727);
#724 = B_SPLINE_CURVE_WITH_KNOTS('',1,(#725,#726),.UNSPECIFIED.,.F.,.F.,
  (2,2),(0.,1.),.PIECEWISE_BEZIER_KNOTS.);
#725 = CARTESIAN_POINT('',(0.328283809493,6.022199586266E-02));
#726 = CARTESIAN_POINT('',(0.328687042105,6.116929489384E-02));
#727 = ( GEOMETRIC_REPRESENTATION_CONTEXT(2) 
PARAMETRIC_REPRESENTATION_CONTEXT() REPRESENTATION_CONTEXT('2D SPACE',''
  ) );
#728 = PCURVE('',#729,#734);
#729 = B_SPLINE_SURFACE_WITH_KNOTS('',1,1,(
    (#730,#731)
    ,(#732,#733
    )),.UNSPECIFIED.,.F.,.F.,.F.,(2,2),(2,2),(0.,1.345754292724E-03),(0.
    ,1.),.PIECEWISE_BEZIER_KNOTS.);
#730 = CARTESIAN_POINT('',(-1.000595086467,2.808933058284E-04,
    9.619830268418E-03));
#731 = CARTESIAN_POINT('',(-0.964028462256,0.270976168288,0.209791082109
    ));
#732 = CARTESIAN_POINT('',(-1.001933324366,1.964887388399E-04,
    9.734066033068E-03));
#733 = CARTESIAN_POINT('',(-0.964991993544,0.270915397,0.20987333186));
#734 = DEFINITIONAL_REPRESENTATION('',(#735),#738);
#735 = B_SPLINE_CURVE_WITH_KNOTS('',1,(#736,#737),.UNSPECIFIED.,.F.,.F.,
  (2,2),(0.,1.),.PIECEWISE_BEZIER_KNOTS.);
#736 = CARTESIAN_POINT('',(1.345754292724E-03,0.824441857087));
#737 = CARTESIAN_POINT('',(0.,0.8242020291));
#738 = ( GEOMETRIC_REPRESENTATION_CONTEXT(2) 
PARAMETRIC_REPRESENTATION_CONTEXT() REPRESENTATION_CONTEXT('2D SPACE',''
  ) );
#739 = ORIENTED_EDGE('',*,*,#740,.T.);
#740 = EDGE_CURVE('',#716,#741,#743,.T.);
#741 = VERTEX_POINT('',#742);
#742 = CARTESIAN_POINT('',(-0.969257009504,0.223388488214,0.174443297664
    ));
#743 = SURFACE_CURVE('',#744,(#747,#753),.PCURVE_S1.);
#744 = B_SPLINE_CURVE_WITH_KNOTS('',1,(#745,#746),.UNSPECIFIED.,.F.,.F.,
  (2,2),(0.,1.),.PIECEWISE_BEZIER_KNOTS.);
#745 = CARTESIAN_POINT('',(-0.970456800595,0.223388488214,0.174601382203
    ));
#746 = CARTESIAN_POINT('',(-0.969257009504,0.223388488214,0.174443297664
    ));
#747 = PCURVE('',#137,#748);
#748 = DEFINITIONAL_REPRESENTATION('',(#749),#752);
#749 = B_SPLINE_CURVE_WITH_KNOTS('',1,(#750,#751),.UNSPECIFIED.,.F.,.F.,
  (2,2),(0.,1.),.PIECEWISE_BEZIER_KNOTS.);
#750 = CARTESIAN_POINT('',(0.328687042105,6.116929489384E-02));
#751 = CARTESIAN_POINT('',(0.329159506101,6.228341659027E-02));
#752 = ( GEOMETRIC_REPRESENTATION_CONTEXT(2) 
PARAMETRIC_REPRESENTATION_CONTEXT() REPRESENTATION_CONTEXT('2D SPACE',''
  ) );
#753 = PCURVE('',#754,#759);
#754 = B_SPLINE_SURFACE_WITH_KNOTS('',1,1,(
    (#755,#756)
    ,(#757,#758
    )),.UNSPECIFIED.,.F.,.F.,.F.,(2,2),(2,2),(0.,1.581502476942E-03),(0.
    ,1.),.PIECEWISE_BEZIER_KNOTS.);
#755 = CARTESIAN_POINT('',(-0.999022238385,3.790780273866E-04,
    9.486944014222E-03));
#756 = CARTESIAN_POINT('',(-0.962896011637,0.271046861288,0.209695404006
    ));
#757 = CARTESIAN_POINT('',(-1.000595086467,2.808933058284E-04,
    9.619830268418E-03));
#758 = CARTESIAN_POINT('',(-0.964028462256,0.270976168288,0.209791082109
    ));
#759 = DEFINITIONAL_REPRESENTATION('',(#760),#763);
#760 = B_SPLINE_CURVE_WITH_KNOTS('',1,(#761,#762),.UNSPECIFIED.,.F.,.F.,
  (2,2),(0.,1.),.PIECEWISE_BEZIER_KNOTS.);
#761 = CARTESIAN_POINT('',(1.581502476942E-03,0.8242020291));
#762 = CARTESIAN_POINT('',(0.,0.823922993348));
#763 = ( GEOMETRIC_REPRESENTATION_CONTEXT(2) 
PARAMETRIC_REPRESENTATION_CONTEXT() REPRESENTATION_CONTEXT('2D SPACE',''
  ) );
#764 = ORIENTED_EDGE('',*,*,#765,.T.);
#765 = EDGE_CURVE('',#741,#766,#768,.T.);
#766 = VERTEX_POINT('',#767);
#767 = CARTESIAN_POINT('',(-0.967881108457,0.223388488214,0.174264167075
    ));
#768 = SURFACE_CURVE('',#769,(#772,#778),.PCURVE_S1.);
#769 = B_SPLINE_CURVE_WITH_KNOTS('',1,(#770,#771),.UNSPECIFIED.,.F.,.F.,
  (2,2),(0.,1.),.PIECEWISE_BEZIER_KNOTS.);
#770 = CARTESIAN_POINT('',(-0.969257009504,0.223388488214,0.174443297664
    ));
#771 = CARTESIAN_POINT('',(-0.967881108457,0.223388488214,0.174264167075
    ));
#772 = PCURVE('',#137,#773);
#773 = DEFINITIONAL_REPRESENTATION('',(#774),#777);
#774 = B_SPLINE_CURVE_WITH_KNOTS('',1,(#775,#776),.UNSPECIFIED.,.F.,.F.,
  (2,2),(0.,1.),.PIECEWISE_BEZIER_KNOTS.);
#775 = CARTESIAN_POINT('',(0.329159506101,6.228341659027E-02));
#776 = CARTESIAN_POINT('',(0.329699240209,6.356164917948E-02));
#777 = ( GEOMETRIC_REPRESENTATION_CONTEXT(2) 
PARAMETRIC_REPRESENTATION_CONTEXT() REPRESENTATION_CONTEXT('2D SPACE',''
  ) );
#778 = PCURVE('',#779,#784);
#779 = B_SPLINE_SURFACE_WITH_KNOTS('',1,1,(
    (#780,#781)
    ,(#782,#783
    )),.UNSPECIFIED.,.F.,.F.,.F.,(2,2),(2,2),(0.,1.812836504862E-03),(0.
    ,1.),.PIECEWISE_BEZIER_KNOTS.);
#780 = CARTESIAN_POINT('',(-0.997219091188,4.903101401181E-04,
    9.336399015238E-03));
#781 = CARTESIAN_POINT('',(-0.961597745655,0.271126948409,0.209587011607
    ));
#782 = CARTESIAN_POINT('',(-0.999022238385,3.790780273866E-04,
    9.486944014222E-03));
#783 = CARTESIAN_POINT('',(-0.962896011637,0.271046861288,0.209695404006
    ));
#784 = DEFINITIONAL_REPRESENTATION('',(#785),#788);
#785 = B_SPLINE_CURVE_WITH_KNOTS('',1,(#786,#787),.UNSPECIFIED.,.F.,.F.,
  (2,2),(0.,1.),.PIECEWISE_BEZIER_KNOTS.);
#786 = CARTESIAN_POINT('',(1.812836504862E-03,0.823922993348));
#787 = CARTESIAN_POINT('',(0.,0.823606809114));
#788 = ( GEOMETRIC_REPRESENTATION_CONTEXT(2) 
PARAMETRIC_REPRESENTATION_CONTEXT() REPRESENTATION_CONTEXT('2D SPACE',''
  ) );
#789 = ORIENTED_EDGE('',*,*,#790,.T.);
#790 = EDGE_CURVE('',#766,#791,#793,.T.);
#791 = VERTEX_POINT('',#792);
#792 = CARTESIAN_POINT('',(-0.966332703218,0.223388488214,0.174065280975
    ));
#793 = SURFACE_CURVE('',#794,(#797,#803),.PCURVE_S1.);
#794 = B_SPLINE_CURVE_WITH_KNOTS('',1,(#795,#796),.UNSPECIFIED.,.F.,.F.,
  (2,2),(0.,1.),.PIECEWISE_BEZIER_KNOTS.);
#795 = CARTESIAN_POINT('',(-0.967881108457,0.223388488214,0.174264167075
    ));
#796 = CARTESIAN_POINT('',(-0.966332703218,0.223388488214,0.174065280975
    ));
#797 = PCURVE('',#137,#798);
#798 = DEFINITIONAL_REPRESENTATION('',(#799),#802);
#799 = B_SPLINE_CURVE_WITH_KNOTS('',1,(#800,#801),.UNSPECIFIED.,.F.,.F.,
  (2,2),(0.,1.),.PIECEWISE_BEZIER_KNOTS.);
#800 = CARTESIAN_POINT('',(0.329699240209,6.356164917948E-02));
#801 = CARTESIAN_POINT('',(0.330304038634,6.500086192638E-02));
#802 = ( GEOMETRIC_REPRESENTATION_CONTEXT(2) 
PARAMETRIC_REPRESENTATION_CONTEXT() REPRESENTATION_CONTEXT('2D SPACE',''
  ) );
#803 = PCURVE('',#804,#809);
#804 = B_SPLINE_SURFACE_WITH_KNOTS('',1,1,(
    (#805,#806)
    ,(#807,#808
    )),.UNSPECIFIED.,.F.,.F.,.F.,(2,2),(2,2),(0.,2.039116986853E-03),(0.
    ,1.),.PIECEWISE_BEZIER_KNOTS.);
#805 = CARTESIAN_POINT('',(-0.995190587177,6.137795593563E-04,
    9.169291665236E-03));
#806 = CARTESIAN_POINT('',(-0.960137222767,0.271215846391,0.209466694315
    ));
#807 = CARTESIAN_POINT('',(-0.997219091188,4.903101401181E-04,
    9.336399015238E-03));
#808 = CARTESIAN_POINT('',(-0.961597745655,0.271126948409,0.209587011607
    ));
#809 = DEFINITIONAL_REPRESENTATION('',(#810),#813);
#810 = B_SPLINE_CURVE_WITH_KNOTS('',1,(#811,#812),.UNSPECIFIED.,.F.,.F.,
  (2,2),(0.,1.),.PIECEWISE_BEZIER_KNOTS.);
#811 = CARTESIAN_POINT('',(2.039116986853E-03,0.823606809114));
#812 = CARTESIAN_POINT('',(0.,0.823255754338));
#813 = ( GEOMETRIC_REPRESENTATION_CONTEXT(2) 
PARAMETRIC_REPRESENTATION_CONTEXT() REPRESENTATION_CONTEXT('2D SPACE',''
  ) );
#814 = ORIENTED_EDGE('',*,*,#815,.T.);
#815 = EDGE_CURVE('',#791,#816,#818,.T.);
#816 = VERTEX_POINT('',#817);
#817 = CARTESIAN_POINT('',(-0.964615862076,0.223388488214,0.173848034746
    ));
#818 = SURFACE_CURVE('',#819,(#822,#828),.PCURVE_S1.);
#819 = B_SPLINE_CURVE_WITH_KNOTS('',1,(#820,#821),.UNSPECIFIED.,.F.,.F.,
  (2,2),(0.,1.),.PIECEWISE_BEZIER_KNOTS.);
#820 = CARTESIAN_POINT('',(-0.966332703218,0.223388488214,0.174065280975
    ));
#821 = CARTESIAN_POINT('',(-0.964615862076,0.223388488214,0.173848034746
    ));
#822 = PCURVE('',#137,#823);
#823 = DEFINITIONAL_REPRESENTATION('',(#824),#827);
#824 = B_SPLINE_CURVE_WITH_KNOTS('',1,(#825,#826),.UNSPECIFIED.,.F.,.F.,
  (2,2),(0.,1.),.PIECEWISE_BEZIER_KNOTS.);
#825 = CARTESIAN_POINT('',(0.330304038634,6.500086192638E-02));
#826 = CARTESIAN_POINT('',(0.33097147114,6.65975063082E-02));
#827 = ( GEOMETRIC_REPRESENTATION_CONTEXT(2) 
PARAMETRIC_REPRESENTATION_CONTEXT() REPRESENTATION_CONTEXT('2D SPACE',''
  ) );
#828 = PCURVE('',#829,#834);
#829 = B_SPLINE_SURFACE_WITH_KNOTS('',1,1,(
    (#830,#831)
    ,(#832,#833
    )),.UNSPECIFIED.,.F.,.F.,.F.,(2,2),(2,2),(0.,2.259720549055E-03),(0.
    ,1.),.PIECEWISE_BEZIER_KNOTS.);
#830 = CARTESIAN_POINT('',(-0.992942286341,7.486109914676E-04,
    8.986806613827E-03));
#831 = CARTESIAN_POINT('',(-0.958518446165,0.271312925022,0.209335305078
    ));
#832 = CARTESIAN_POINT('',(-0.995190587177,6.137795593563E-04,
    9.169291665236E-03));
#833 = CARTESIAN_POINT('',(-0.960137222767,0.271215846391,0.209466694315
    ));
#834 = DEFINITIONAL_REPRESENTATION('',(#835),#838);
#835 = B_SPLINE_CURVE_WITH_KNOTS('',1,(#836,#837),.UNSPECIFIED.,.F.,.F.,
  (2,2),(0.,1.),.PIECEWISE_BEZIER_KNOTS.);
#836 = CARTESIAN_POINT('',(2.259720549055E-03,0.823255754338));
#837 = CARTESIAN_POINT('',(0.,0.822872292011));
#838 = ( GEOMETRIC_REPRESENTATION_CONTEXT(2) 
PARAMETRIC_REPRESENTATION_CONTEXT() REPRESENTATION_CONTEXT('2D SPACE',''
  ) );
#839 = ORIENTED_EDGE('',*,*,#840,.T.);
#840 = EDGE_CURVE('',#816,#841,#843,.T.);
#841 = VERTEX_POINT('',#842);
#842 = CARTESIAN_POINT('',(-0.962735108117,0.223388488214,0.173613909847
    ));
#843 = SURFACE_CURVE('',#844,(#847,#853),.PCURVE_S1.);
#844 = B_SPLINE_CURVE_WITH_KNOTS('',1,(#845,#846),.UNSPECIFIED.,.F.,.F.,
  (2,2),(0.,1.),.PIECEWISE_BEZIER_KNOTS.);
#845 = CARTESIAN_POINT('',(-0.964615862076,0.223388488214,0.173848034746
    ));
#846 = CARTESIAN_POINT('',(-0.962735108117,0.223388488214,0.173613909847
    ));
#847 = PCURVE('',#137,#848);
#848 = DEFINITIONAL_REPRESENTATION('',(#849),#852);
#849 = B_SPLINE_CURVE_WITH_KNOTS('',1,(#850,#851),.UNSPECIFIED.,.F.,.F.,
  (2,2),(0.,1.),.PIECEWISE_BEZIER_KNOTS.);
#850 = CARTESIAN_POINT('',(0.33097147114,6.65975063082E-02));
#851 = CARTESIAN_POINT('',(0.331698903187,6.834761845813E-02));
#852 = ( GEOMETRIC_REPRESENTATION_CONTEXT(2) 
PARAMETRIC_REPRESENTATION_CONTEXT() REPRESENTATION_CONTEXT('2D SPACE',''
  ) );
#853 = PCURVE('',#854,#859);
#854 = B_SPLINE_SURFACE_WITH_KNOTS('',1,1,(
    (#855,#856)
    ,(#857,#858
    )),.UNSPECIFIED.,.F.,.F.,.F.,(2,2),(2,2),(0.,2.474041401648E-03),(0.
    ,1.),.PIECEWISE_BEZIER_KNOTS.);
#855 = CARTESIAN_POINT('',(-0.990480351115,8.93875866903E-04,
    8.790200615903E-03));
#856 = CARTESIAN_POINT('',(-0.956745852803,0.271417515732,0.209193748759
    ));
#857 = CARTESIAN_POINT('',(-0.992942286341,7.486109914676E-04,
    8.986806613827E-03));
#858 = CARTESIAN_POINT('',(-0.958518446165,0.271312925022,0.209335305078
    ));
#859 = DEFINITIONAL_REPRESENTATION('',(#860),#863);
#860 = B_SPLINE_CURVE_WITH_KNOTS('',1,(#861,#862),.UNSPECIFIED.,.F.,.F.,
  (2,2),(0.,1.),.PIECEWISE_BEZIER_KNOTS.);
#861 = CARTESIAN_POINT('',(2.474041401648E-03,0.822872292011));
#862 = CARTESIAN_POINT('',(0.,0.822459037066));
#863 = ( GEOMETRIC_REPRESENTATION_CONTEXT(2) 
PARAMETRIC_REPRESENTATION_CONTEXT() REPRESENTATION_CONTEXT('2D SPACE',''
  ) );
#864 = ORIENTED_EDGE('',*,*,#865,.T.);
#865 = EDGE_CURVE('',#841,#866,#868,.T.);
#866 = VERTEX_POINT('',#867);
#867 = CARTESIAN_POINT('',(-0.960695410177,0.223388488214,0.173364456083
    ));
#868 = SURFACE_CURVE('',#869,(#872,#878),.PCURVE_S1.);
#869 = B_SPLINE_CURVE_WITH_KNOTS('',1,(#870,#871),.UNSPECIFIED.,.F.,.F.,
  (2,2),(0.,1.),.PIECEWISE_BEZIER_KNOTS.);
#870 = CARTESIAN_POINT('',(-0.962735108117,0.223388488214,0.173613909847
    ));
#871 = CARTESIAN_POINT('',(-0.960695410177,0.223388488214,0.173364456083
    ));
#872 = PCURVE('',#137,#873);
#873 = DEFINITIONAL_REPRESENTATION('',(#874),#877);
#874 = B_SPLINE_CURVE_WITH_KNOTS('',1,(#875,#876),.UNSPECIFIED.,.F.,.F.,
  (2,2),(0.,1.),.PIECEWISE_BEZIER_KNOTS.);
#875 = CARTESIAN_POINT('',(0.331698903187,6.834761845813E-02));
#876 = CARTESIAN_POINT('',(0.33248351544,7.024682315451E-02));
#877 = ( GEOMETRIC_REPRESENTATION_CONTEXT(2) 
PARAMETRIC_REPRESENTATION_CONTEXT() REPRESENTATION_CONTEXT('2D SPACE',''
  ) );
#878 = PCURVE('',#879,#884);
#879 = B_SPLINE_SURFACE_WITH_KNOTS('',1,1,(
    (#880,#881)
    ,(#882,#883
    )),.UNSPECIFIED.,.F.,.F.,.F.,(2,2),(2,2),(0.,2.681492770208E-03),(0.
    ,1.),.PIECEWISE_BEZIER_KNOTS.);
#880 = CARTESIAN_POINT('',(-0.987811529494,1.048603621253E-03,
    8.580787263504E-03));
#881 = CARTESIAN_POINT('',(-0.954824301235,0.271528919716,0.209042971146
    ));
#882 = CARTESIAN_POINT('',(-0.990480351115,8.93875866903E-04,
    8.790200615903E-03));
#883 = CARTESIAN_POINT('',(-0.956745852803,0.271417515732,0.209193748759
    ));
#884 = DEFINITIONAL_REPRESENTATION('',(#885),#888);
#885 = B_SPLINE_CURVE_WITH_KNOTS('',1,(#886,#887),.UNSPECIFIED.,.F.,.F.,
  (2,2),(0.,1.),.PIECEWISE_BEZIER_KNOTS.);
#886 = CARTESIAN_POINT('',(2.681492770208E-03,0.822459037066));
#887 = CARTESIAN_POINT('',(0.,0.822018725073));
#888 = ( GEOMETRIC_REPRESENTATION_CONTEXT(2) 
PARAMETRIC_REPRESENTATION_CONTEXT() REPRESENTATION_CONTEXT('2D SPACE',''
  ) );
#889 = ORIENTED_EDGE('',*,*,#890,.T.);
#890 = EDGE_CURVE('',#866,#891,#893,.T.);
#891 = VERTEX_POINT('',#892);
#892 = CARTESIAN_POINT('',(-0.958502172406,0.223388488214,0.173101275577
    ));
#893 = SURFACE_CURVE('',#894,(#897,#903),.PCURVE_S1.);
#894 = B_SPLINE_CURVE_WITH_KNOTS('',1,(#895,#896),.UNSPECIFIED.,.F.,.F.,
  (2,2),(0.,1.),.PIECEWISE_BEZIER_KNOTS.);
#895 = CARTESIAN_POINT('',(-0.960695410177,0.223388488214,0.173364456083
    ));
#896 = CARTESIAN_POINT('',(-0.958502172406,0.223388488214,0.173101275577
    ));
#897 = PCURVE('',#137,#898);
#898 = DEFINITIONAL_REPRESENTATION('',(#899),#902);
#899 = B_SPLINE_CURVE_WITH_KNOTS('',1,(#900,#901),.UNSPECIFIED.,.F.,.F.,
  (2,2),(0.,1.),.PIECEWISE_BEZIER_KNOTS.);
#900 = CARTESIAN_POINT('',(0.33248351544,7.024682315451E-02));
#901 = CARTESIAN_POINT('',(0.333322322003,7.229033959706E-02));
#902 = ( GEOMETRIC_REPRESENTATION_CONTEXT(2) 
PARAMETRIC_REPRESENTATION_CONTEXT() REPRESENTATION_CONTEXT('2D SPACE',''
  ) );
#903 = PCURVE('',#904,#909);
#904 = B_SPLINE_SURFACE_WITH_KNOTS('',1,1,(
    (#905,#906)
    ,(#907,#908
    )),.UNSPECIFIED.,.F.,.F.,.F.,(2,2),(2,2),(0.,2.881508206621E-03),(0.
    ,1.),.PIECEWISE_BEZIER_KNOTS.);
#905 = CARTESIAN_POINT('',(-0.984943136531,1.211791896373E-03,
    8.359923179305E-03));
#906 = CARTESIAN_POINT('',(-0.952759058302,0.271646415274,0.208883949005
    ));
#907 = CARTESIAN_POINT('',(-0.987811529494,1.048603621253E-03,
    8.580787263504E-03));
#908 = CARTESIAN_POINT('',(-0.954824301235,0.271528919716,0.209042971146
    ));
#909 = DEFINITIONAL_REPRESENTATION('',(#910),#913);
#910 = B_SPLINE_CURVE_WITH_KNOTS('',1,(#911,#912),.UNSPECIFIED.,.F.,.F.,
  (2,2),(0.,1.),.PIECEWISE_BEZIER_KNOTS.);
#911 = CARTESIAN_POINT('',(2.881508206621E-03,0.822018725073));
#912 = CARTESIAN_POINT('',(0.,0.82155418394));
#913 = ( GEOMETRIC_REPRESENTATION_CONTEXT(2) 
PARAMETRIC_REPRESENTATION_CONTEXT() REPRESENTATION_CONTEXT('2D SPACE',''
  ) );
#914 = ORIENTED_EDGE('',*,*,#915,.T.);
#915 = EDGE_CURVE('',#891,#916,#918,.T.);
#916 = VERTEX_POINT('',#917);
#917 = CARTESIAN_POINT('',(-0.956161222416,0.223388488214,0.172826009009
    ));
#918 = SURFACE_CURVE('',#919,(#922,#928),.PCURVE_S1.);
#919 = B_SPLINE_CURVE_WITH_KNOTS('',1,(#920,#921),.UNSPECIFIED.,.F.,.F.,
  (2,2),(0.,1.),.PIECEWISE_BEZIER_KNOTS.);
#920 = CARTESIAN_POINT('',(-0.958502172406,0.223388488214,0.173101275577
    ));
#921 = CARTESIAN_POINT('',(-0.956161222416,0.223388488214,0.172826009009
    ));
#922 = PCURVE('',#137,#923);
#923 = DEFINITIONAL_REPRESENTATION('',(#924),#927);
#924 = B_SPLINE_CURVE_WITH_KNOTS('',1,(#925,#926),.UNSPECIFIED.,.F.,.F.,
  (2,2),(0.,1.),.PIECEWISE_BEZIER_KNOTS.);
#925 = CARTESIAN_POINT('',(0.333322322003,7.229033959706E-02));
#926 = CARTESIAN_POINT('',(0.334212186831,7.447298916241E-02));
#927 = ( GEOMETRIC_REPRESENTATION_CONTEXT(2) 
PARAMETRIC_REPRESENTATION_CONTEXT() REPRESENTATION_CONTEXT('2D SPACE',''
  ) );
#928 = PCURVE('',#929,#934);
#929 = B_SPLINE_SURFACE_WITH_KNOTS('',1,1,(
    (#930,#931)
    ,(#932,#933
    )),.UNSPECIFIED.,.F.,.F.,.F.,(2,2),(2,2),(0.,3.073542799665E-03),(0.
    ,1.),.PIECEWISE_BEZIER_KNOTS.);
#930 = CARTESIAN_POINT('',(-0.981883034293,1.382415299739E-03,
    8.128996161418E-03));
#931 = CARTESIAN_POINT('',(-0.950555784691,0.271769264124,0.208717681552
    ));
#932 = CARTESIAN_POINT('',(-0.984943136531,1.211791896373E-03,
    8.359923179305E-03));
#933 = CARTESIAN_POINT('',(-0.952759058302,0.271646415274,0.208883949005
    ));
#934 = DEFINITIONAL_REPRESENTATION('',(#935),#938);
#935 = B_SPLINE_CURVE_WITH_KNOTS('',1,(#936,#937),.UNSPECIFIED.,.F.,.F.,
  (2,2),(0.,1.),.PIECEWISE_BEZIER_KNOTS.);
#936 = CARTESIAN_POINT('',(3.073542799665E-03,0.82155418394));
#937 = CARTESIAN_POINT('',(0.,0.821068309646));
#938 = ( GEOMETRIC_REPRESENTATION_CONTEXT(2) 
PARAMETRIC_REPRESENTATION_CONTEXT() REPRESENTATION_CONTEXT('2D SPACE',''
  ) );
#939 = ORIENTED_EDGE('',*,*,#940,.T.);
#940 = EDGE_CURVE('',#916,#941,#943,.T.);
#941 = VERTEX_POINT('',#942);
#942 = CARTESIAN_POINT('',(-0.953678797991,0.223388488214,0.172540324596
    ));
#943 = SURFACE_CURVE('',#944,(#947,#953),.PCURVE_S1.);
#944 = B_SPLINE_CURVE_WITH_KNOTS('',1,(#945,#946),.UNSPECIFIED.,.F.,.F.,
  (2,2),(0.,1.),.PIECEWISE_BEZIER_KNOTS.);
#945 = CARTESIAN_POINT('',(-0.956161222416,0.223388488214,0.172826009009
    ));
#946 = CARTESIAN_POINT('',(-0.953678797991,0.223388488214,0.172540324596
    ));
#947 = PCURVE('',#137,#948);
#948 = DEFINITIONAL_REPRESENTATION('',(#949),#952);
#949 = B_SPLINE_CURVE_WITH_KNOTS('',1,(#950,#951),.UNSPECIFIED.,.F.,.F.,
  (2,2),(0.,1.),.PIECEWISE_BEZIER_KNOTS.);
#950 = CARTESIAN_POINT('',(0.334212186831,7.447298916241E-02));
#951 = CARTESIAN_POINT('',(0.335149837911,7.67892052719E-02));
#952 = ( GEOMETRIC_REPRESENTATION_CONTEXT(2) 
PARAMETRIC_REPRESENTATION_CONTEXT() REPRESENTATION_CONTEXT('2D SPACE',''
  ) );
#953 = PCURVE('',#954,#959);
#954 = B_SPLINE_SURFACE_WITH_KNOTS('',1,1,(
    (#955,#956)
    ,(#957,#958
    )),.UNSPECIFIED.,.F.,.F.,.F.,(2,2),(2,2),(0.,3.257074307208E-03),(0.
    ,1.),.PIECEWISE_BEZIER_KNOTS.);
#955 = CARTESIAN_POINT('',(-0.978639610307,1.55943244456E-03,
    7.889415655098E-03));
#956 = CARTESIAN_POINT('',(-0.948220519421,0.271896716468,0.208545183587
    ));
#957 = CARTESIAN_POINT('',(-0.981883034293,1.382415299739E-03,
    8.128996161418E-03));
#958 = CARTESIAN_POINT('',(-0.950555784691,0.271769264124,0.208717681552
    ));
#959 = DEFINITIONAL_REPRESENTATION('',(#960),#963);
#960 = B_SPLINE_CURVE_WITH_KNOTS('',1,(#961,#962),.UNSPECIFIED.,.F.,.F.,
  (2,2),(0.,1.),.PIECEWISE_BEZIER_KNOTS.);
#961 = CARTESIAN_POINT('',(3.257074307208E-03,0.821068309646));
#962 = CARTESIAN_POINT('',(0.,0.820564046764));
#963 = ( GEOMETRIC_REPRESENTATION_CONTEXT(2) 
PARAMETRIC_REPRESENTATION_CONTEXT() REPRESENTATION_CONTEXT('2D SPACE',''
  ) );
#964 = ORIENTED_EDGE('',*,*,#965,.T.);
#965 = EDGE_CURVE('',#941,#966,#968,.T.);
#966 = VERTEX_POINT('',#967);
#967 = CARTESIAN_POINT('',(-0.951061532362,0.223388488214,0.172245910073
    ));
#968 = SURFACE_CURVE('',#969,(#972,#978),.PCURVE_S1.);
#969 = B_SPLINE_CURVE_WITH_KNOTS('',1,(#970,#971),.UNSPECIFIED.,.F.,.F.,
  (2,2),(0.,1.),.PIECEWISE_BEZIER_KNOTS.);
#970 = CARTESIAN_POINT('',(-0.953678797991,0.223388488214,0.172540324596
    ));
#971 = CARTESIAN_POINT('',(-0.951061532362,0.223388488214,0.172245910073
    ));
#972 = PCURVE('',#137,#973);
#973 = DEFINITIONAL_REPRESENTATION('',(#974),#977);
#974 = B_SPLINE_CURVE_WITH_KNOTS('',1,(#975,#976),.UNSPECIFIED.,.F.,.F.,
  (2,2),(0.,1.),.PIECEWISE_BEZIER_KNOTS.);
#975 = CARTESIAN_POINT('',(0.335149837911,7.67892052719E-02));
#976 = CARTESIAN_POINT('',(0.336131878909,7.923304543823E-02));
#977 = ( GEOMETRIC_REPRESENTATION_CONTEXT(2) 
PARAMETRIC_REPRESENTATION_CONTEXT() REPRESENTATION_CONTEXT('2D SPACE',''
  ) );
#978 = PCURVE('',#979,#984);
#979 = B_SPLINE_SURFACE_WITH_KNOTS('',1,1,(
    (#980,#981)
    ,(#982,#983
    )),.UNSPECIFIED.,.F.,.F.,.F.,(2,2),(2,2),(0.,3.431604232115E-03),(0.
    ,1.),.PIECEWISE_BEZIER_KNOTS.);
#980 = CARTESIAN_POINT('',(-0.975221754572,1.741791091798E-03,
    7.64260579337E-03));
#981 = CARTESIAN_POINT('',(-0.945759663292,0.272028014694,0.208367480487
    ));
#982 = CARTESIAN_POINT('',(-0.978639610307,1.55943244456E-03,
    7.889415655098E-03));
#983 = CARTESIAN_POINT('',(-0.948220519421,0.271896716468,0.208545183587
    ));
#984 = DEFINITIONAL_REPRESENTATION('',(#985),#988);
#985 = B_SPLINE_CURVE_WITH_KNOTS('',1,(#986,#987),.UNSPECIFIED.,.F.,.F.,
  (2,2),(0.,1.),.PIECEWISE_BEZIER_KNOTS.);
#986 = CARTESIAN_POINT('',(3.431604232115E-03,0.820564046764));
#987 = CARTESIAN_POINT('',(0.,0.820044374324));
#988 = ( GEOMETRIC_REPRESENTATION_CONTEXT(2) 
PARAMETRIC_REPRESENTATION_CONTEXT() REPRESENTATION_CONTEXT('2D SPACE',''
  ) );
#989 = ORIENTED_EDGE('',*,*,#990,.T.);
#990 = EDGE_CURVE('',#966,#223,#991,.T.);
#991 = SURFACE_CURVE('',#992,(#995,#1001),.PCURVE_S1.);
#992 = B_SPLINE_CURVE_WITH_KNOTS('',1,(#993,#994),.UNSPECIFIED.,.F.,.F.,
  (2,2),(0.,1.),.PIECEWISE_BEZIER_KNOTS.);
#993 = CARTESIAN_POINT('',(-0.951061532362,0.223388488214,0.172245910073
    ));
#994 = CARTESIAN_POINT('',(-0.948316438107,0.223388488214,0.171944467806
    ));
#995 = PCURVE('',#137,#996);
#996 = DEFINITIONAL_REPRESENTATION('',(#997),#1000);
#997 = B_SPLINE_CURVE_WITH_KNOTS('',1,(#998,#999),.UNSPECIFIED.,.F.,.F.,
  (2,2),(0.,1.),.PIECEWISE_BEZIER_KNOTS.);
#998 = CARTESIAN_POINT('',(0.336131878909,7.923304543823E-02));
#999 = CARTESIAN_POINT('',(0.337154798181,8.17982054868E-02));
#1000 = ( GEOMETRIC_REPRESENTATION_CONTEXT(2) 
PARAMETRIC_REPRESENTATION_CONTEXT() REPRESENTATION_CONTEXT('2D SPACE',''
  ) );
#1001 = PCURVE('',#1002,#1007);
#1002 = B_SPLINE_SURFACE_WITH_KNOTS('',1,1,(
    (#1003,#1004)
    ,(#1005,#1006
    )),.UNSPECIFIED.,.F.,.F.,.F.,(2,2),(2,2),(0.,3.596658862616E-03),(0.
    ,1.),.PIECEWISE_BEZIER_KNOTS.);
#1003 = CARTESIAN_POINT('',(-0.971638835194,1.928431323507E-03,
    7.390001102126E-03));
#1004 = CARTESIAN_POINT('',(-0.94317996134,0.272162395661,0.208185605109
    ));
#1005 = CARTESIAN_POINT('',(-0.975221754572,1.741791091798E-03,
    7.64260579337E-03));
#1006 = CARTESIAN_POINT('',(-0.945759663292,0.272028014694,
    0.208367480487));
#1007 = DEFINITIONAL_REPRESENTATION('',(#1008),#1011);
#1008 = B_SPLINE_CURVE_WITH_KNOTS('',1,(#1009,#1010),.UNSPECIFIED.,.F.,
  .F.,(2,2),(0.,1.),.PIECEWISE_BEZIER_KNOTS.);
#1009 = CARTESIAN_POINT('',(3.596658862616E-03,0.820044374324));
#1010 = CARTESIAN_POINT('',(0.,0.819512297181));
#1011 = ( GEOMETRIC_REPRESENTATION_CONTEXT(2) 
PARAMETRIC_REPRESENTATION_CONTEXT() REPRESENTATION_CONTEXT('2D SPACE',''
  ) );
#1012 = ADVANCED_FACE('',(#1013),#113,.T.);
#1013 = FACE_BOUND('',#1014,.T.);
#1014 = EDGE_LOOP('',(#1015,#1016,#1036,#1056));
#1015 = ORIENTED_EDGE('',*,*,#98,.F.);
#1016 = ORIENTED_EDGE('',*,*,#1017,.F.);
#1017 = EDGE_CURVE('',#1018,#74,#1020,.T.);
#1018 = VERTEX_POINT('',#1019);
#1019 = CARTESIAN_POINT('',(-0.994605,7.446282940476E-02,
    6.501782118685E-02));
#1020 = SURFACE_CURVE('',#1021,(#1024,#1030),.PCURVE_S1.);
#1021 = B_SPLINE_CURVE_WITH_KNOTS('',1,(#1022,#1023),.UNSPECIFIED.,.F.,
  .F.,(2,2),(0.,1.),.PIECEWISE_BEZIER_KNOTS.);
#1022 = CARTESIAN_POINT('',(-0.994605,7.446282940476E-02,
    6.501782118685E-02));
#1023 = CARTESIAN_POINT('',(-0.994492183604,7.446282940476E-02,
    6.500239736222E-02));
#1024 = PCURVE('',#113,#1025);
#1025 = DEFINITIONAL_REPRESENTATION('',(#1026),#1029);
#1026 = B_SPLINE_CURVE_WITH_KNOTS('',1,(#1027,#1028),.UNSPECIFIED.,.F.,
  .F.,(2,2),(0.,1.),.PIECEWISE_BEZIER_KNOTS.);
#1027 = CARTESIAN_POINT('',(1.240719397039E-04,0.275));
#1028 = CARTESIAN_POINT('',(0.,0.274972775336));
#1029 = ( GEOMETRIC_REPRESENTATION_CONTEXT(2) 
PARAMETRIC_REPRESENTATION_CONTEXT() REPRESENTATION_CONTEXT('2D SPACE',''
  ) );
#1030 = PCURVE('',#87,#1031);
#1031 = DEFINITIONAL_REPRESENTATION('',(#1032),#1035);
#1032 = B_SPLINE_CURVE_WITH_KNOTS('',1,(#1033,#1034),.UNSPECIFIED.,.F.,
  .F.,(2,2),(0.,1.),.PIECEWISE_BEZIER_KNOTS.);
#1033 = CARTESIAN_POINT('',(0.333811258435,5.321800363935E-02));
#1034 = CARTESIAN_POINT('',(0.333861469545,5.332020088935E-02));
#1035 = ( GEOMETRIC_REPRESENTATION_CONTEXT(2) 
PARAMETRIC_REPRESENTATION_CONTEXT() REPRESENTATION_CONTEXT('2D SPACE',''
  ) );
#1036 = ORIENTED_EDGE('',*,*,#1037,.T.);
#1037 = EDGE_CURVE('',#1018,#626,#1038,.T.);
#1038 = SURFACE_CURVE('',#1039,(#1042,#1049),.PCURVE_S1.);
#1039 = B_SPLINE_CURVE_WITH_KNOTS('',1,(#1040,#1041),.UNSPECIFIED.,.F.,
  .F.,(2,2),(0.,1.),.PIECEWISE_BEZIER_KNOTS.);
#1040 = CARTESIAN_POINT('',(-1.005,1.334923924873E-18,1.E-02));
#1041 = CARTESIAN_POINT('',(-0.9672,0.270773925108,0.210064804316));
#1042 = PCURVE('',#113,#1043);
#1043 = DEFINITIONAL_REPRESENTATION('',(#1044),#1048);
#1044 = LINE('',#1045,#1046);
#1045 = CARTESIAN_POINT('',(1.240719397039E-04,0.));
#1046 = VECTOR('',#1047,1.);
#1047 = DIRECTION('',(0.,1.));
#1048 = ( GEOMETRIC_REPRESENTATION_CONTEXT(2) 
PARAMETRIC_REPRESENTATION_CONTEXT() REPRESENTATION_CONTEXT('2D SPACE',''
  ) );
#1049 = PCURVE('',#639,#1050);
#1050 = DEFINITIONAL_REPRESENTATION('',(#1051),#1055);
#1051 = LINE('',#1052,#1053);
#1052 = CARTESIAN_POINT('',(0.,0.));
#1053 = VECTOR('',#1054,1.);
#1054 = DIRECTION('',(0.,1.));
#1055 = ( GEOMETRIC_REPRESENTATION_CONTEXT(2) 
PARAMETRIC_REPRESENTATION_CONTEXT() REPRESENTATION_CONTEXT('2D SPACE',''
  ) );
#1056 = ORIENTED_EDGE('',*,*,#650,.T.);
#1057 = ADVANCED_FACE('',(#1058),#87,.T.);
#1058 = FACE_BOUND('',#1059,.T.);
#1059 = EDGE_LOOP('',(#1060,#1085,#1110,#1135,#1160,#1185,#1210,#1230,
    #1250,#1270,#1290,#1310,#1330,#1350,#1370,#1390,#1410,#1430,#1450,
    #1470,#1490,#1510,#1528,#1529,#1530,#1531,#1551,#1571,#1591,#1611,
    #1631,#1651,#1671,#1691,#1711,#1731,#1751,#1771,#1791,#1811,#1836,
    #1861,#1886));
#1060 = ORIENTED_EDGE('',*,*,#1061,.F.);
#1061 = EDGE_CURVE('',#1062,#1064,#1066,.T.);
#1062 = VERTEX_POINT('',#1063);
#1063 = CARTESIAN_POINT('',(-0.951,7.446282940476E-02,7.001948406157E-02
    ));
#1064 = VERTEX_POINT('',#1065);
#1065 = CARTESIAN_POINT('',(-0.951,7.446282940476E-02,5.994638345951E-02
    ));
#1066 = SURFACE_CURVE('',#1067,(#1071,#1078),.PCURVE_S1.);
#1067 = LINE('',#1068,#1069);
#1068 = CARTESIAN_POINT('',(-0.951,7.446282940476E-02,0.365017821187));
#1069 = VECTOR('',#1070,1.);
#1070 = DIRECTION('',(0.,0.,-1.));
#1071 = PCURVE('',#87,#1072);
#1072 = DEFINITIONAL_REPRESENTATION('',(#1073),#1077);
#1073 = LINE('',#1074,#1075);
#1074 = CARTESIAN_POINT('',(6.286631034796E-02,0.189196792909));
#1075 = VECTOR('',#1076,1.);
#1076 = DIRECTION('',(0.948982750038,-0.315327988182));
#1077 = ( GEOMETRIC_REPRESENTATION_CONTEXT(2) 
PARAMETRIC_REPRESENTATION_CONTEXT() REPRESENTATION_CONTEXT('2D SPACE',''
  ) );
#1078 = PCURVE('',#238,#1079);
#1079 = DEFINITIONAL_REPRESENTATION('',(#1080),#1084);
#1080 = LINE('',#1081,#1082);
#1081 = CARTESIAN_POINT('',(0.,0.));
#1082 = VECTOR('',#1083,1.);
#1083 = DIRECTION('',(1.,0.));
#1084 = ( GEOMETRIC_REPRESENTATION_CONTEXT(2) 
PARAMETRIC_REPRESENTATION_CONTEXT() REPRESENTATION_CONTEXT('2D SPACE',''
  ) );
#1085 = ORIENTED_EDGE('',*,*,#1086,.T.);
#1086 = EDGE_CURVE('',#1062,#1087,#1089,.T.);
#1087 = VERTEX_POINT('',#1088);
#1088 = CARTESIAN_POINT('',(-0.952855517102,7.446282940476E-02,
    6.983975975229E-02));
#1089 = SURFACE_CURVE('',#1090,(#1093,#1099),.PCURVE_S1.);
#1090 = B_SPLINE_CURVE_WITH_KNOTS('',1,(#1091,#1092),.UNSPECIFIED.,.F.,
  .F.,(2,2),(0.,1.),.PIECEWISE_BEZIER_KNOTS.);
#1091 = CARTESIAN_POINT('',(-0.949027643057,7.446282940476E-02,
    7.021052540999E-02));
#1092 = CARTESIAN_POINT('',(-0.952855517102,7.446282940476E-02,
    6.983975975229E-02));
#1093 = PCURVE('',#87,#1094);
#1094 = DEFINITIONAL_REPRESENTATION('',(#1095),#1098);
#1095 = B_SPLINE_CURVE_WITH_KNOTS('',1,(#1096,#1097),.UNSPECIFIED.,.F.,
  .F.,(2,2),(0.,1.),.PIECEWISE_BEZIER_KNOTS.);
#1096 = CARTESIAN_POINT('',(0.343255287972,9.81075341461E-02));
#1097 = CARTESIAN_POINT('',(0.342400102364,9.435803491961E-02));
#1098 = ( GEOMETRIC_REPRESENTATION_CONTEXT(2) 
PARAMETRIC_REPRESENTATION_CONTEXT() REPRESENTATION_CONTEXT('2D SPACE',''
  ) );
#1099 = PCURVE('',#1100,#1105);
#1100 = B_SPLINE_SURFACE_WITH_KNOTS('',1,1,(
    (#1101,#1102)
    ,(#1103,#1104
    )),.UNSPECIFIED.,.F.,.F.,.F.,(2,2),(2,2),(0.,4.153575005899E-03),(0.
    ,1.),.PIECEWISE_BEZIER_KNOTS.);
#1101 = CARTESIAN_POINT('',(-0.96,-2.503341195453E-03,1.338809978945E-02
    ));
#1102 = CARTESIAN_POINT('',(-0.9348,0.268971519448,0.212504236164));
#1103 = CARTESIAN_POINT('',(-0.955859144977,-2.696363325877E-03,
    1.364934194079E-02));
#1104 = CARTESIAN_POINT('',(-0.931818584383,0.268832543514,
    0.212692330513));
#1105 = DEFINITIONAL_REPRESENTATION('',(#1106),#1109);
#1106 = B_SPLINE_CURVE_WITH_KNOTS('',1,(#1107,#1108),.UNSPECIFIED.,.F.,
  .F.,(2,2),(0.,1.),.PIECEWISE_BEZIER_KNOTS.);
#1107 = CARTESIAN_POINT('',(4.153575005899E-03,0.284165666296));
#1108 = CARTESIAN_POINT('',(0.,0.283511226115));
#1109 = ( GEOMETRIC_REPRESENTATION_CONTEXT(2) 
PARAMETRIC_REPRESENTATION_CONTEXT() REPRESENTATION_CONTEXT('2D SPACE',''
  ) );
#1110 = ORIENTED_EDGE('',*,*,#1111,.T.);
#1111 = EDGE_CURVE('',#1087,#1112,#1114,.T.);
#1112 = VERTEX_POINT('',#1113);
#1113 = CARTESIAN_POINT('',(-0.956571345482,7.446282940476E-02,
    6.946877939381E-02));
#1114 = SURFACE_CURVE('',#1115,(#1118,#1124),.PCURVE_S1.);
#1115 = B_SPLINE_CURVE_WITH_KNOTS('',1,(#1116,#1117),.UNSPECIFIED.,.F.,
  .F.,(2,2),(0.,1.),.PIECEWISE_BEZIER_KNOTS.);
#1116 = CARTESIAN_POINT('',(-0.952855517102,7.446282940476E-02,
    6.983975975229E-02));
#1117 = CARTESIAN_POINT('',(-0.956571345482,7.446282940476E-02,
    6.946877939381E-02));
#1118 = PCURVE('',#87,#1119);
#1119 = DEFINITIONAL_REPRESENTATION('',(#1120),#1123);
#1120 = B_SPLINE_CURVE_WITH_KNOTS('',1,(#1121,#1122),.UNSPECIFIED.,.F.,
  .F.,(2,2),(0.,1.),.PIECEWISE_BEZIER_KNOTS.);
#1121 = CARTESIAN_POINT('',(0.342400102364,9.435803491961E-02));
#1122 = CARTESIAN_POINT('',(0.341580451637,9.071479739464E-02));
#1123 = ( GEOMETRIC_REPRESENTATION_CONTEXT(2) 
PARAMETRIC_REPRESENTATION_CONTEXT() REPRESENTATION_CONTEXT('2D SPACE',''
  ) );
#1124 = PCURVE('',#1125,#1130);
#1125 = B_SPLINE_SURFACE_WITH_KNOTS('',1,1,(
    (#1126,#1127)
    ,(#1128,#1129
    )),.UNSPECIFIED.,.F.,.F.,.F.,(2,2),(2,2),(0.,4.030627130218E-03),(0.
    ,1.),.PIECEWISE_BEZIER_KNOTS.);
#1126 = CARTESIAN_POINT('',(-0.964017513151,-2.310284182152E-03,
    1.312681042653E-02));
#1127 = CARTESIAN_POINT('',(-0.937692609469,0.269110520497,
    0.212316107823));
#1128 = CARTESIAN_POINT('',(-0.96,-2.503341195453E-03,1.338809978945E-02
    ));
#1129 = CARTESIAN_POINT('',(-0.9348,0.268971519448,0.212504236164));
#1130 = DEFINITIONAL_REPRESENTATION('',(#1131),#1134);
#1131 = B_SPLINE_CURVE_WITH_KNOTS('',1,(#1132,#1133),.UNSPECIFIED.,.F.,
  .F.,(2,2),(0.,1.),.PIECEWISE_BEZIER_KNOTS.);
#1132 = CARTESIAN_POINT('',(4.030627130218E-03,0.283511226115));
#1133 = CARTESIAN_POINT('',(0.,0.282856406964));
#1134 = ( GEOMETRIC_REPRESENTATION_CONTEXT(2) 
PARAMETRIC_REPRESENTATION_CONTEXT() REPRESENTATION_CONTEXT('2D SPACE',''
  ) );
#1135 = ORIENTED_EDGE('',*,*,#1136,.T.);
#1136 = EDGE_CURVE('',#1112,#1137,#1139,.T.);
#1137 = VERTEX_POINT('',#1138);
#1138 = CARTESIAN_POINT('',(-0.960164818198,7.446282940476E-02,
    6.90996886306E-02));
#1139 = SURFACE_CURVE('',#1140,(#1143,#1149),.PCURVE_S1.);
#1140 = B_SPLINE_CURVE_WITH_KNOTS('',1,(#1141,#1142),.UNSPECIFIED.,.F.,
  .F.,(2,2),(0.,1.),.PIECEWISE_BEZIER_KNOTS.);
#1141 = CARTESIAN_POINT('',(-0.956571345482,7.446282940476E-02,
    6.946877939381E-02));
#1142 = CARTESIAN_POINT('',(-0.960164818198,7.446282940476E-02,
    6.90996886306E-02));
#1143 = PCURVE('',#87,#1144);
#1144 = DEFINITIONAL_REPRESENTATION('',(#1145),#1148);
#1145 = B_SPLINE_CURVE_WITH_KNOTS('',1,(#1146,#1147),.UNSPECIFIED.,.F.,
  .F.,(2,2),(0.,1.),.PIECEWISE_BEZIER_KNOTS.);
#1146 = CARTESIAN_POINT('',(0.341580451637,9.071479739464E-02));
#1147 = CARTESIAN_POINT('',(0.340797589883,8.718826912713E-02));
#1148 = ( GEOMETRIC_REPRESENTATION_CONTEXT(2) 
PARAMETRIC_REPRESENTATION_CONTEXT() REPRESENTATION_CONTEXT('2D SPACE',''
  ) );
#1149 = PCURVE('',#1150,#1155);
#1150 = B_SPLINE_SURFACE_WITH_KNOTS('',1,1,(
    (#1151,#1152)
    ,(#1153,#1154
    )),.UNSPECIFIED.,.F.,.F.,.F.,(2,2),(2,2),(0.,3.896577456362E-03),(0.
    ,1.),.PIECEWISE_BEZIER_KNOTS.);
#1151 = CARTESIAN_POINT('',(-0.967900672706,-2.118286789642E-03,
    1.286695518733E-02));
#1152 = CARTESIAN_POINT('',(-0.940488484349,0.26924875862,0.212129012051
    ));
#1153 = CARTESIAN_POINT('',(-0.964017513151,-2.310284182152E-03,
    1.312681042653E-02));
#1154 = CARTESIAN_POINT('',(-0.937692609469,0.269110520497,
    0.212316107823));
#1155 = DEFINITIONAL_REPRESENTATION('',(#1156),#1159);
#1156 = B_SPLINE_CURVE_WITH_KNOTS('',1,(#1157,#1158),.UNSPECIFIED.,.F.,
  .F.,(2,2),(0.,1.),.PIECEWISE_BEZIER_KNOTS.);
#1157 = CARTESIAN_POINT('',(3.896577456362E-03,0.282856406964));
#1158 = CARTESIAN_POINT('',(0.,0.282204923147));
#1159 = ( GEOMETRIC_REPRESENTATION_CONTEXT(2) 
PARAMETRIC_REPRESENTATION_CONTEXT() REPRESENTATION_CONTEXT('2D SPACE',''
  ) );
#1160 = ORIENTED_EDGE('',*,*,#1161,.T.);
#1161 = EDGE_CURVE('',#1137,#1162,#1164,.T.);
#1162 = VERTEX_POINT('',#1163);
#1163 = CARTESIAN_POINT('',(-0.963625941768,7.446282940476E-02,
    6.873457162275E-02));
#1164 = SURFACE_CURVE('',#1165,(#1168,#1174),.PCURVE_S1.);
#1165 = B_SPLINE_CURVE_WITH_KNOTS('',1,(#1166,#1167),.UNSPECIFIED.,.F.,
  .F.,(2,2),(0.,1.),.PIECEWISE_BEZIER_KNOTS.);
#1166 = CARTESIAN_POINT('',(-0.960164818198,7.446282940476E-02,
    6.90996886306E-02));
#1167 = CARTESIAN_POINT('',(-0.963625941768,7.446282940476E-02,
    6.873457162275E-02));
#1168 = PCURVE('',#87,#1169);
#1169 = DEFINITIONAL_REPRESENTATION('',(#1170),#1173);
#1170 = B_SPLINE_CURVE_WITH_KNOTS('',1,(#1171,#1172),.UNSPECIFIED.,.F.,
  .F.,(2,2),(0.,1.),.PIECEWISE_BEZIER_KNOTS.);
#1171 = CARTESIAN_POINT('',(0.340797589883,8.718826912713E-02));
#1172 = CARTESIAN_POINT('',(0.340052690493,8.378859095138E-02));
#1173 = ( GEOMETRIC_REPRESENTATION_CONTEXT(2) 
PARAMETRIC_REPRESENTATION_CONTEXT() REPRESENTATION_CONTEXT('2D SPACE',''
  ) );
#1174 = PCURVE('',#1175,#1180);
#1175 = B_SPLINE_SURFACE_WITH_KNOTS('',1,1,(
    (#1176,#1177)
    ,(#1178,#1179
    )),.UNSPECIFIED.,.F.,.F.,.F.,(2,2),(2,2),(0.,3.751790295395E-03),(0.
    ,1.),.PIECEWISE_BEZIER_KNOTS.);
#1176 = CARTESIAN_POINT('',(-0.971638835194,-1.928431323507E-03,
    1.260999889787E-02));
#1177 = CARTESIAN_POINT('',(-0.94317996134,0.269385454555,0.211944003522
    ));
#1178 = CARTESIAN_POINT('',(-0.967900672706,-2.118286789642E-03,
    1.286695518733E-02));
#1179 = CARTESIAN_POINT('',(-0.940488484349,0.26924875862,0.212129012051
    ));
#1180 = DEFINITIONAL_REPRESENTATION('',(#1181),#1184);
#1181 = B_SPLINE_CURVE_WITH_KNOTS('',1,(#1182,#1183),.UNSPECIFIED.,.F.,
  .F.,(2,2),(0.,1.),.PIECEWISE_BEZIER_KNOTS.);
#1182 = CARTESIAN_POINT('',(3.751790295395E-03,0.282204923147));
#1183 = CARTESIAN_POINT('',(0.,0.281560453424));
#1184 = ( GEOMETRIC_REPRESENTATION_CONTEXT(2) 
PARAMETRIC_REPRESENTATION_CONTEXT() REPRESENTATION_CONTEXT('2D SPACE',''
  ) );
#1185 = ORIENTED_EDGE('',*,*,#1186,.T.);
#1186 = EDGE_CURVE('',#1162,#1187,#1189,.T.);
#1187 = VERTEX_POINT('',#1188);
#1188 = CARTESIAN_POINT('',(-0.966945067917,7.446282940476E-02,
    6.83754984429E-02));
#1189 = SURFACE_CURVE('',#1190,(#1193,#1199),.PCURVE_S1.);
#1190 = B_SPLINE_CURVE_WITH_KNOTS('',1,(#1191,#1192),.UNSPECIFIED.,.F.,
  .F.,(2,2),(0.,1.),.PIECEWISE_BEZIER_KNOTS.);
#1191 = CARTESIAN_POINT('',(-0.963625941768,7.446282940476E-02,
    6.873457162275E-02));
#1192 = CARTESIAN_POINT('',(-0.966945067917,7.446282940476E-02,
    6.83754984429E-02));
#1193 = PCURVE('',#87,#1194);
#1194 = DEFINITIONAL_REPRESENTATION('',(#1195),#1198);
#1195 = B_SPLINE_CURVE_WITH_KNOTS('',1,(#1196,#1197),.UNSPECIFIED.,.F.,
  .F.,(2,2),(0.,1.),.PIECEWISE_BEZIER_KNOTS.);
#1196 = CARTESIAN_POINT('',(0.340052690493,8.378859095138E-02));
#1197 = CARTESIAN_POINT('',(0.339346831375,8.05255716673E-02));
#1198 = ( GEOMETRIC_REPRESENTATION_CONTEXT(2) 
PARAMETRIC_REPRESENTATION_CONTEXT() REPRESENTATION_CONTEXT('2D SPACE',''
  ) );
#1199 = PCURVE('',#1200,#1205);
#1200 = B_SPLINE_SURFACE_WITH_KNOTS('',1,1,(
    (#1201,#1202)
    ,(#1203,#1204
    )),.UNSPECIFIED.,.F.,.F.,.F.,(2,2),(2,2),(0.,3.596658862616E-03),(0.
    ,1.),.PIECEWISE_BEZIER_KNOTS.);
#1201 = CARTESIAN_POINT('',(-0.975221754572,-1.741791091798E-03,
    1.235739420663E-02));
#1202 = CARTESIAN_POINT('',(-0.945759663292,0.269519835522,
    0.211762128145));
#1203 = CARTESIAN_POINT('',(-0.971638835194,-1.928431323507E-03,
    1.260999889787E-02));
#1204 = CARTESIAN_POINT('',(-0.94317996134,0.269385454555,0.211944003522
    ));
#1205 = DEFINITIONAL_REPRESENTATION('',(#1206),#1209);
#1206 = B_SPLINE_CURVE_WITH_KNOTS('',1,(#1207,#1208),.UNSPECIFIED.,.F.,
  .F.,(2,2),(0.,1.),.PIECEWISE_BEZIER_KNOTS.);
#1207 = CARTESIAN_POINT('',(3.596658862616E-03,0.281560453424));
#1208 = CARTESIAN_POINT('',(0.,0.28092665169));
#1209 = ( GEOMETRIC_REPRESENTATION_CONTEXT(2) 
PARAMETRIC_REPRESENTATION_CONTEXT() REPRESENTATION_CONTEXT('2D SPACE',''
  ) );
#1210 = ORIENTED_EDGE('',*,*,#1211,.T.);
#1211 = EDGE_CURVE('',#1187,#1212,#1214,.T.);
#1212 = VERTEX_POINT('',#1213);
#1213 = CARTESIAN_POINT('',(-0.970112921524,7.446282940476E-02,
    6.802452885897E-02));
#1214 = SURFACE_CURVE('',#1215,(#1218,#1224),.PCURVE_S1.);
#1215 = B_SPLINE_CURVE_WITH_KNOTS('',1,(#1216,#1217),.UNSPECIFIED.,.F.,
  .F.,(2,2),(0.,1.),.PIECEWISE_BEZIER_KNOTS.);
#1216 = CARTESIAN_POINT('',(-0.966945067917,7.446282940476E-02,
    6.83754984429E-02));
#1217 = CARTESIAN_POINT('',(-0.970112921524,7.446282940476E-02,
    6.802452885897E-02));
#1218 = PCURVE('',#87,#1219);
#1219 = DEFINITIONAL_REPRESENTATION('',(#1220),#1223);
#1220 = B_SPLINE_CURVE_WITH_KNOTS('',1,(#1221,#1222),.UNSPECIFIED.,.F.,
  .F.,(2,2),(0.,1.),.PIECEWISE_BEZIER_KNOTS.);
#1221 = CARTESIAN_POINT('',(0.339346831375,8.05255716673E-02));
#1222 = CARTESIAN_POINT('',(0.338680982552,7.740866270701E-02));
#1223 = ( GEOMETRIC_REPRESENTATION_CONTEXT(2) 
PARAMETRIC_REPRESENTATION_CONTEXT() REPRESENTATION_CONTEXT('2D SPACE',''
  ) );
#1224 = PCURVE('',#264,#1225);
#1225 = DEFINITIONAL_REPRESENTATION('',(#1226),#1229);
#1226 = B_SPLINE_CURVE_WITH_KNOTS('',1,(#1227,#1228),.UNSPECIFIED.,.F.,
  .F.,(2,2),(0.,1.),.PIECEWISE_BEZIER_KNOTS.);
#1227 = CARTESIAN_POINT('',(3.431604232115E-03,0.28092665169));
#1228 = CARTESIAN_POINT('',(0.,0.28030715365));
#1229 = ( GEOMETRIC_REPRESENTATION_CONTEXT(2) 
PARAMETRIC_REPRESENTATION_CONTEXT() REPRESENTATION_CONTEXT('2D SPACE',''
  ) );
#1230 = ORIENTED_EDGE('',*,*,#1231,.T.);
#1231 = EDGE_CURVE('',#1212,#1232,#1234,.T.);
#1232 = VERTEX_POINT('',#1233);
#1233 = CARTESIAN_POINT('',(-0.973120627827,7.446282940476E-02,
    6.768371316653E-02));
#1234 = SURFACE_CURVE('',#1235,(#1238,#1244),.PCURVE_S1.);
#1235 = B_SPLINE_CURVE_WITH_KNOTS('',1,(#1236,#1237),.UNSPECIFIED.,.F.,
  .F.,(2,2),(0.,1.),.PIECEWISE_BEZIER_KNOTS.);
#1236 = CARTESIAN_POINT('',(-0.970112921524,7.446282940476E-02,
    6.802452885897E-02));
#1237 = CARTESIAN_POINT('',(-0.973120627827,7.446282940476E-02,
    6.768371316653E-02));
#1238 = PCURVE('',#87,#1239);
#1239 = DEFINITIONAL_REPRESENTATION('',(#1240),#1243);
#1240 = B_SPLINE_CURVE_WITH_KNOTS('',1,(#1241,#1242),.UNSPECIFIED.,.F.,
  .F.,(2,2),(0.,1.),.PIECEWISE_BEZIER_KNOTS.);
#1241 = CARTESIAN_POINT('',(0.338680982552,7.740866270701E-02));
#1242 = CARTESIAN_POINT('',(0.338055996787,7.444693258182E-02));
#1243 = ( GEOMETRIC_REPRESENTATION_CONTEXT(2) 
PARAMETRIC_REPRESENTATION_CONTEXT() REPRESENTATION_CONTEXT('2D SPACE',''
  ) );
#1244 = PCURVE('',#289,#1245);
#1245 = DEFINITIONAL_REPRESENTATION('',(#1246),#1249);
#1246 = B_SPLINE_CURVE_WITH_KNOTS('',1,(#1247,#1248),.UNSPECIFIED.,.F.,
  .F.,(2,2),(0.,1.),.PIECEWISE_BEZIER_KNOTS.);
#1247 = CARTESIAN_POINT('',(3.257074307208E-03,0.28030715365));
#1248 = CARTESIAN_POINT('',(0.,0.279705578292));
#1249 = ( GEOMETRIC_REPRESENTATION_CONTEXT(2) 
PARAMETRIC_REPRESENTATION_CONTEXT() REPRESENTATION_CONTEXT('2D SPACE',''
  ) );
#1250 = ORIENTED_EDGE('',*,*,#1251,.T.);
#1251 = EDGE_CURVE('',#1232,#1252,#1254,.T.);
#1252 = VERTEX_POINT('',#1253);
#1253 = CARTESIAN_POINT('',(-0.975959738855,7.446282940476E-02,
    6.735508956479E-02));
#1254 = SURFACE_CURVE('',#1255,(#1258,#1264),.PCURVE_S1.);
#1255 = B_SPLINE_CURVE_WITH_KNOTS('',1,(#1256,#1257),.UNSPECIFIED.,.F.,
  .F.,(2,2),(0.,1.),.PIECEWISE_BEZIER_KNOTS.);
#1256 = CARTESIAN_POINT('',(-0.973120627827,7.446282940476E-02,
    6.768371316653E-02));
#1257 = CARTESIAN_POINT('',(-0.975959738855,7.446282940476E-02,
    6.735508956479E-02));
#1258 = PCURVE('',#87,#1259);
#1259 = DEFINITIONAL_REPRESENTATION('',(#1260),#1263);
#1260 = B_SPLINE_CURVE_WITH_KNOTS('',1,(#1261,#1262),.UNSPECIFIED.,.F.,
  .F.,(2,2),(0.,1.),.PIECEWISE_BEZIER_KNOTS.);
#1261 = CARTESIAN_POINT('',(0.338055996787,7.444693258182E-02));
#1262 = CARTESIAN_POINT('',(0.337472603748,7.164904097111E-02));
#1263 = ( GEOMETRIC_REPRESENTATION_CONTEXT(2) 
PARAMETRIC_REPRESENTATION_CONTEXT() REPRESENTATION_CONTEXT('2D SPACE',''
  ) );
#1264 = PCURVE('',#314,#1265);
#1265 = DEFINITIONAL_REPRESENTATION('',(#1266),#1269);
#1266 = B_SPLINE_CURVE_WITH_KNOTS('',1,(#1267,#1268),.UNSPECIFIED.,.F.,
  .F.,(2,2),(0.,1.),.PIECEWISE_BEZIER_KNOTS.);
#1267 = CARTESIAN_POINT('',(3.073542799665E-03,0.279705578292));
#1268 = CARTESIAN_POINT('',(0.,0.279125523249));
#1269 = ( GEOMETRIC_REPRESENTATION_CONTEXT(2) 
PARAMETRIC_REPRESENTATION_CONTEXT() REPRESENTATION_CONTEXT('2D SPACE',''
  ) );
#1270 = ORIENTED_EDGE('',*,*,#1271,.T.);
#1271 = EDGE_CURVE('',#1252,#1272,#1274,.T.);
#1272 = VERTEX_POINT('',#1273);
#1273 = CARTESIAN_POINT('',(-0.978622259058,7.446282940476E-02,
    6.704067777207E-02));
#1274 = SURFACE_CURVE('',#1275,(#1278,#1284),.PCURVE_S1.);
#1275 = B_SPLINE_CURVE_WITH_KNOTS('',1,(#1276,#1277),.UNSPECIFIED.,.F.,
  .F.,(2,2),(0.,1.),.PIECEWISE_BEZIER_KNOTS.);
#1276 = CARTESIAN_POINT('',(-0.975959738855,7.446282940476E-02,
    6.735508956479E-02));
#1277 = CARTESIAN_POINT('',(-0.978622259058,7.446282940476E-02,
    6.704067777207E-02));
#1278 = PCURVE('',#87,#1279);
#1279 = DEFINITIONAL_REPRESENTATION('',(#1280),#1283);
#1280 = B_SPLINE_CURVE_WITH_KNOTS('',1,(#1281,#1282),.UNSPECIFIED.,.F.,
  .F.,(2,2),(0.,1.),.PIECEWISE_BEZIER_KNOTS.);
#1281 = CARTESIAN_POINT('',(0.337472603748,7.164904097111E-02));
#1282 = CARTESIAN_POINT('',(0.336931407976,6.902321238881E-02));
#1283 = ( GEOMETRIC_REPRESENTATION_CONTEXT(2) 
PARAMETRIC_REPRESENTATION_CONTEXT() REPRESENTATION_CONTEXT('2D SPACE',''
  ) );
#1284 = PCURVE('',#339,#1285);
#1285 = DEFINITIONAL_REPRESENTATION('',(#1286),#1289);
#1286 = B_SPLINE_CURVE_WITH_KNOTS('',1,(#1287,#1288),.UNSPECIFIED.,.F.,
  .F.,(2,2),(0.,1.),.PIECEWISE_BEZIER_KNOTS.);
#1287 = CARTESIAN_POINT('',(2.881508206621E-03,0.279125523249));
#1288 = CARTESIAN_POINT('',(0.,0.278570553536));
#1289 = ( GEOMETRIC_REPRESENTATION_CONTEXT(2) 
PARAMETRIC_REPRESENTATION_CONTEXT() REPRESENTATION_CONTEXT('2D SPACE',''
  ) );
#1290 = ORIENTED_EDGE('',*,*,#1291,.T.);
#1291 = EDGE_CURVE('',#1272,#1292,#1294,.T.);
#1292 = VERTEX_POINT('',#1293);
#1293 = CARTESIAN_POINT('',(-0.981100670077,7.446282940476E-02,
    6.674246879321E-02));
#1294 = SURFACE_CURVE('',#1295,(#1298,#1304),.PCURVE_S1.);
#1295 = B_SPLINE_CURVE_WITH_KNOTS('',1,(#1296,#1297),.UNSPECIFIED.,.F.,
  .F.,(2,2),(0.,1.),.PIECEWISE_BEZIER_KNOTS.);
#1296 = CARTESIAN_POINT('',(-0.978622259058,7.446282940476E-02,
    6.704067777207E-02));
#1297 = CARTESIAN_POINT('',(-0.981100670077,7.446282940476E-02,
    6.674246879321E-02));
#1298 = PCURVE('',#87,#1299);
#1299 = DEFINITIONAL_REPRESENTATION('',(#1300),#1303);
#1300 = B_SPLINE_CURVE_WITH_KNOTS('',1,(#1301,#1302),.UNSPECIFIED.,.F.,
  .F.,(2,2),(0.,1.),.PIECEWISE_BEZIER_KNOTS.);
#1301 = CARTESIAN_POINT('',(0.336931407976,6.902321238881E-02));
#1302 = CARTESIAN_POINT('',(0.336432890793,6.657720944752E-02));
#1303 = ( GEOMETRIC_REPRESENTATION_CONTEXT(2) 
PARAMETRIC_REPRESENTATION_CONTEXT() REPRESENTATION_CONTEXT('2D SPACE',''
  ) );
#1304 = PCURVE('',#364,#1305);
#1305 = DEFINITIONAL_REPRESENTATION('',(#1306),#1309);
#1306 = B_SPLINE_CURVE_WITH_KNOTS('',1,(#1307,#1308),.UNSPECIFIED.,.F.,
  .F.,(2,2),(0.,1.),.PIECEWISE_BEZIER_KNOTS.);
#1307 = CARTESIAN_POINT('',(2.681492770208E-03,0.278570553536));
#1308 = CARTESIAN_POINT('',(0.,0.278044183485));
#1309 = ( GEOMETRIC_REPRESENTATION_CONTEXT(2) 
PARAMETRIC_REPRESENTATION_CONTEXT() REPRESENTATION_CONTEXT('2D SPACE',''
  ) );
#1310 = ORIENTED_EDGE('',*,*,#1311,.T.);
#1311 = EDGE_CURVE('',#1292,#1312,#1314,.T.);
#1312 = VERTEX_POINT('',#1313);
#1313 = CARTESIAN_POINT('',(-0.98338795459,7.446282940476E-02,
    6.646241097025E-02));
#1314 = SURFACE_CURVE('',#1315,(#1318,#1324),.PCURVE_S1.);
#1315 = B_SPLINE_CURVE_WITH_KNOTS('',1,(#1316,#1317),.UNSPECIFIED.,.F.,
  .F.,(2,2),(0.,1.),.PIECEWISE_BEZIER_KNOTS.);
#1316 = CARTESIAN_POINT('',(-0.981100670077,7.446282940476E-02,
    6.674246879321E-02));
#1317 = CARTESIAN_POINT('',(-0.98338795459,7.446282940476E-02,
    6.646241097024E-02));
#1318 = PCURVE('',#87,#1319);
#1319 = DEFINITIONAL_REPRESENTATION('',(#1320),#1323);
#1320 = B_SPLINE_CURVE_WITH_KNOTS('',1,(#1321,#1322),.UNSPECIFIED.,.F.,
  .F.,(2,2),(0.,1.),.PIECEWISE_BEZIER_KNOTS.);
#1321 = CARTESIAN_POINT('',(0.336432890793,6.657720944752E-02));
#1322 = CARTESIAN_POINT('',(0.335977416012,6.431830582959E-02));
#1323 = ( GEOMETRIC_REPRESENTATION_CONTEXT(2) 
PARAMETRIC_REPRESENTATION_CONTEXT() REPRESENTATION_CONTEXT('2D SPACE',''
  ) );
#1324 = PCURVE('',#389,#1325);
#1325 = DEFINITIONAL_REPRESENTATION('',(#1326),#1329);
#1326 = B_SPLINE_CURVE_WITH_KNOTS('',1,(#1327,#1328),.UNSPECIFIED.,.F.,
  .F.,(2,2),(0.,1.),.PIECEWISE_BEZIER_KNOTS.);
#1327 = CARTESIAN_POINT('',(2.474041401648E-03,0.278044183485));
#1328 = CARTESIAN_POINT('',(0.,0.277549852123));
#1329 = ( GEOMETRIC_REPRESENTATION_CONTEXT(2) 
PARAMETRIC_REPRESENTATION_CONTEXT() REPRESENTATION_CONTEXT('2D SPACE',''
  ) );
#1330 = ORIENTED_EDGE('',*,*,#1331,.T.);
#1331 = EDGE_CURVE('',#1312,#1332,#1334,.T.);
#1332 = VERTEX_POINT('',#1333);
#1333 = CARTESIAN_POINT('',(-0.985477619144,7.446282940476E-02,
    6.620239266042E-02));
#1334 = SURFACE_CURVE('',#1335,(#1338,#1344),.PCURVE_S1.);
#1335 = B_SPLINE_CURVE_WITH_KNOTS('',1,(#1336,#1337),.UNSPECIFIED.,.F.,
  .F.,(2,2),(0.,1.),.PIECEWISE_BEZIER_KNOTS.);
#1336 = CARTESIAN_POINT('',(-0.98338795459,7.446282940476E-02,
    6.646241097024E-02));
#1337 = CARTESIAN_POINT('',(-0.985477619144,7.446282940476E-02,
    6.620239266042E-02));
#1338 = PCURVE('',#87,#1339);
#1339 = DEFINITIONAL_REPRESENTATION('',(#1340),#1343);
#1340 = B_SPLINE_CURVE_WITH_KNOTS('',1,(#1341,#1342),.UNSPECIFIED.,.F.,
  .F.,(2,2),(0.,1.),.PIECEWISE_BEZIER_KNOTS.);
#1341 = CARTESIAN_POINT('',(0.335977416012,6.431830582959E-02));
#1342 = CARTESIAN_POINT('',(0.335565239183,6.225325916424E-02));
#1343 = ( GEOMETRIC_REPRESENTATION_CONTEXT(2) 
PARAMETRIC_REPRESENTATION_CONTEXT() REPRESENTATION_CONTEXT('2D SPACE',''
  ) );
#1344 = PCURVE('',#414,#1345);
#1345 = DEFINITIONAL_REPRESENTATION('',(#1346),#1349);
#1346 = B_SPLINE_CURVE_WITH_KNOTS('',1,(#1347,#1348),.UNSPECIFIED.,.F.,
  .F.,(2,2),(0.,1.),.PIECEWISE_BEZIER_KNOTS.);
#1347 = CARTESIAN_POINT('',(2.259720549055E-03,0.277549852123));
#1348 = CARTESIAN_POINT('',(0.,0.277090892599));
#1349 = ( GEOMETRIC_REPRESENTATION_CONTEXT(2) 
PARAMETRIC_REPRESENTATION_CONTEXT() REPRESENTATION_CONTEXT('2D SPACE',''
  ) );
#1350 = ORIENTED_EDGE('',*,*,#1351,.T.);
#1351 = EDGE_CURVE('',#1332,#1352,#1354,.T.);
#1352 = VERTEX_POINT('',#1353);
#1353 = CARTESIAN_POINT('',(-0.98736371583,7.446282940476E-02,
    6.596422207972E-02));
#1354 = SURFACE_CURVE('',#1355,(#1358,#1364),.PCURVE_S1.);
#1355 = B_SPLINE_CURVE_WITH_KNOTS('',1,(#1356,#1357),.UNSPECIFIED.,.F.,
  .F.,(2,2),(0.,1.),.PIECEWISE_BEZIER_KNOTS.);
#1356 = CARTESIAN_POINT('',(-0.985477619144,7.446282940476E-02,
    6.620239266042E-02));
#1357 = CARTESIAN_POINT('',(-0.98736371583,7.446282940476E-02,
    6.596422207972E-02));
#1358 = PCURVE('',#87,#1359);
#1359 = DEFINITIONAL_REPRESENTATION('',(#1360),#1363);
#1360 = B_SPLINE_CURVE_WITH_KNOTS('',1,(#1361,#1362),.UNSPECIFIED.,.F.,
  .F.,(2,2),(0.,1.),.PIECEWISE_BEZIER_KNOTS.);
#1361 = CARTESIAN_POINT('',(0.335565239183,6.225325916424E-02));
#1362 = CARTESIAN_POINT('',(0.335196519882,6.038828409469E-02));
#1363 = ( GEOMETRIC_REPRESENTATION_CONTEXT(2) 
PARAMETRIC_REPRESENTATION_CONTEXT() REPRESENTATION_CONTEXT('2D SPACE',''
  ) );
#1364 = PCURVE('',#439,#1365);
#1365 = DEFINITIONAL_REPRESENTATION('',(#1366),#1369);
#1366 = B_SPLINE_CURVE_WITH_KNOTS('',1,(#1367,#1368),.UNSPECIFIED.,.F.,
  .F.,(2,2),(0.,1.),.PIECEWISE_BEZIER_KNOTS.);
#1367 = CARTESIAN_POINT('',(2.039116986853E-03,0.277090892599));
#1368 = CARTESIAN_POINT('',(0.,0.276670496603));
#1369 = ( GEOMETRIC_REPRESENTATION_CONTEXT(2) 
PARAMETRIC_REPRESENTATION_CONTEXT() REPRESENTATION_CONTEXT('2D SPACE',''
  ) );
#1370 = ORIENTED_EDGE('',*,*,#1371,.T.);
#1371 = EDGE_CURVE('',#1352,#1372,#1374,.T.);
#1372 = VERTEX_POINT('',#1373);
#1373 = CARTESIAN_POINT('',(-0.989040862684,7.446282940476E-02,
    6.574960501788E-02));
#1374 = SURFACE_CURVE('',#1375,(#1378,#1384),.PCURVE_S1.);
#1375 = B_SPLINE_CURVE_WITH_KNOTS('',1,(#1376,#1377),.UNSPECIFIED.,.F.,
  .F.,(2,2),(0.,1.),.PIECEWISE_BEZIER_KNOTS.);
#1376 = CARTESIAN_POINT('',(-0.98736371583,7.446282940476E-02,
    6.596422207972E-02));
#1377 = CARTESIAN_POINT('',(-0.989040862684,7.446282940476E-02,
    6.574960501788E-02));
#1378 = PCURVE('',#87,#1379);
#1379 = DEFINITIONAL_REPRESENTATION('',(#1380),#1383);
#1380 = B_SPLINE_CURVE_WITH_KNOTS('',1,(#1381,#1382),.UNSPECIFIED.,.F.,
  .F.,(2,2),(0.,1.),.PIECEWISE_BEZIER_KNOTS.);
#1381 = CARTESIAN_POINT('',(0.335196519882,6.038828409469E-02));
#1382 = CARTESIAN_POINT('',(0.334871336428,5.872902589429E-02));
#1383 = ( GEOMETRIC_REPRESENTATION_CONTEXT(2) 
PARAMETRIC_REPRESENTATION_CONTEXT() REPRESENTATION_CONTEXT('2D SPACE',''
  ) );
#1384 = PCURVE('',#464,#1385);
#1385 = DEFINITIONAL_REPRESENTATION('',(#1386),#1389);
#1386 = B_SPLINE_CURVE_WITH_KNOTS('',1,(#1387,#1388),.UNSPECIFIED.,.F.,
  .F.,(2,2),(0.,1.),.PIECEWISE_BEZIER_KNOTS.);
#1387 = CARTESIAN_POINT('',(1.812836504862E-03,0.276670496603));
#1388 = CARTESIAN_POINT('',(0.,0.276291675032));
#1389 = ( GEOMETRIC_REPRESENTATION_CONTEXT(2) 
PARAMETRIC_REPRESENTATION_CONTEXT() REPRESENTATION_CONTEXT('2D SPACE',''
  ) );
#1390 = ORIENTED_EDGE('',*,*,#1391,.T.);
#1391 = EDGE_CURVE('',#1372,#1392,#1394,.T.);
#1392 = VERTEX_POINT('',#1393);
#1393 = CARTESIAN_POINT('',(-0.990504262637,7.446282940476E-02,
    6.556012126332E-02));
#1394 = SURFACE_CURVE('',#1395,(#1398,#1404),.PCURVE_S1.);
#1395 = B_SPLINE_CURVE_WITH_KNOTS('',1,(#1396,#1397),.UNSPECIFIED.,.F.,
  .F.,(2,2),(0.,1.),.PIECEWISE_BEZIER_KNOTS.);
#1396 = CARTESIAN_POINT('',(-0.989040862684,7.446282940476E-02,
    6.574960501788E-02));
#1397 = CARTESIAN_POINT('',(-0.990504262637,7.446282940476E-02,
    6.556012126332E-02));
#1398 = PCURVE('',#87,#1399);
#1399 = DEFINITIONAL_REPRESENTATION('',(#1400),#1403);
#1400 = B_SPLINE_CURVE_WITH_KNOTS('',1,(#1401,#1402),.UNSPECIFIED.,.F.,
  .F.,(2,2),(0.,1.),.PIECEWISE_BEZIER_KNOTS.);
#1401 = CARTESIAN_POINT('',(0.334871336428,5.872902589429E-02));
#1402 = CARTESIAN_POINT('',(0.334589702279,5.728053505136E-02));
#1403 = ( GEOMETRIC_REPRESENTATION_CONTEXT(2) 
PARAMETRIC_REPRESENTATION_CONTEXT() REPRESENTATION_CONTEXT('2D SPACE',''
  ) );
#1404 = PCURVE('',#489,#1405);
#1405 = DEFINITIONAL_REPRESENTATION('',(#1406),#1409);
#1406 = B_SPLINE_CURVE_WITH_KNOTS('',1,(#1407,#1408),.UNSPECIFIED.,.F.,
  .F.,(2,2),(0.,1.),.PIECEWISE_BEZIER_KNOTS.);
#1407 = CARTESIAN_POINT('',(1.581502476942E-03,0.276291675032));
#1408 = CARTESIAN_POINT('',(0.,0.275957216379));
#1409 = ( GEOMETRIC_REPRESENTATION_CONTEXT(2) 
PARAMETRIC_REPRESENTATION_CONTEXT() REPRESENTATION_CONTEXT('2D SPACE',''
  ) );
#1410 = ORIENTED_EDGE('',*,*,#1411,.T.);
#1411 = EDGE_CURVE('',#1392,#1412,#1414,.T.);
#1412 = VERTEX_POINT('',#1413);
#1413 = CARTESIAN_POINT('',(-0.991749720832,7.446282940476E-02,
    6.53972006674E-02));
#1414 = SURFACE_CURVE('',#1415,(#1418,#1424),.PCURVE_S1.);
#1415 = B_SPLINE_CURVE_WITH_KNOTS('',1,(#1416,#1417),.UNSPECIFIED.,.F.,
  .F.,(2,2),(0.,1.),.PIECEWISE_BEZIER_KNOTS.);
#1416 = CARTESIAN_POINT('',(-0.990504262637,7.446282940476E-02,
    6.556012126332E-02));
#1417 = CARTESIAN_POINT('',(-0.991749720832,7.446282940476E-02,
    6.53972006674E-02));
#1418 = PCURVE('',#87,#1419);
#1419 = DEFINITIONAL_REPRESENTATION('',(#1420),#1423);
#1420 = B_SPLINE_CURVE_WITH_KNOTS('',1,(#1421,#1422),.UNSPECIFIED.,.F.,
  .F.,(2,2),(0.,1.),.PIECEWISE_BEZIER_KNOTS.);
#1421 = CARTESIAN_POINT('',(0.334589702279,5.728053505136E-02));
#1422 = CARTESIAN_POINT('',(0.334351583288,5.604724328509E-02));
#1423 = ( GEOMETRIC_REPRESENTATION_CONTEXT(2) 
PARAMETRIC_REPRESENTATION_CONTEXT() REPRESENTATION_CONTEXT('2D SPACE',''
  ) );
#1424 = PCURVE('',#514,#1425);
#1425 = DEFINITIONAL_REPRESENTATION('',(#1426),#1429);
#1426 = B_SPLINE_CURVE_WITH_KNOTS('',1,(#1427,#1428),.UNSPECIFIED.,.F.,
  .F.,(2,2),(0.,1.),.PIECEWISE_BEZIER_KNOTS.);
#1427 = CARTESIAN_POINT('',(1.345754292724E-03,0.275957216379));
#1428 = CARTESIAN_POINT('',(0.,0.27566964448));
#1429 = ( GEOMETRIC_REPRESENTATION_CONTEXT(2) 
PARAMETRIC_REPRESENTATION_CONTEXT() REPRESENTATION_CONTEXT('2D SPACE',''
  ) );
#1430 = ORIENTED_EDGE('',*,*,#1431,.T.);
#1431 = EDGE_CURVE('',#1412,#1432,#1434,.T.);
#1432 = VERTEX_POINT('',#1433);
#1433 = CARTESIAN_POINT('',(-0.99277366013,7.446282940476E-02,
    6.526209982272E-02));
#1434 = SURFACE_CURVE('',#1435,(#1438,#1444),.PCURVE_S1.);
#1435 = B_SPLINE_CURVE_WITH_KNOTS('',1,(#1436,#1437),.UNSPECIFIED.,.F.,
  .F.,(2,2),(0.,1.),.PIECEWISE_BEZIER_KNOTS.);
#1436 = CARTESIAN_POINT('',(-0.991749720832,7.446282940476E-02,
    6.53972006674E-02));
#1437 = CARTESIAN_POINT('',(-0.99277366013,7.446282940476E-02,
    6.526209982272E-02));
#1438 = PCURVE('',#87,#1439);
#1439 = DEFINITIONAL_REPRESENTATION('',(#1440),#1443);
#1440 = B_SPLINE_CURVE_WITH_KNOTS('',1,(#1441,#1442),.UNSPECIFIED.,.F.,
  .F.,(2,2),(0.,1.),.PIECEWISE_BEZIER_KNOTS.);
#1441 = CARTESIAN_POINT('',(0.334351583288,5.604724328509E-02));
#1442 = CARTESIAN_POINT('',(0.33415691494,5.503294147627E-02));
#1443 = ( GEOMETRIC_REPRESENTATION_CONTEXT(2) 
PARAMETRIC_REPRESENTATION_CONTEXT() REPRESENTATION_CONTEXT('2D SPACE',''
  ) );
#1444 = PCURVE('',#539,#1445);
#1445 = DEFINITIONAL_REPRESENTATION('',(#1446),#1449);
#1446 = B_SPLINE_CURVE_WITH_KNOTS('',1,(#1447,#1448),.UNSPECIFIED.,.F.,
  .F.,(2,2),(0.,1.),.PIECEWISE_BEZIER_KNOTS.);
#1447 = CARTESIAN_POINT('',(1.106245641354E-03,0.27566964448));
#1448 = CARTESIAN_POINT('',(0.,0.275431177353));
#1449 = ( GEOMETRIC_REPRESENTATION_CONTEXT(2) 
PARAMETRIC_REPRESENTATION_CONTEXT() REPRESENTATION_CONTEXT('2D SPACE',''
  ) );
#1450 = ORIENTED_EDGE('',*,*,#1451,.T.);
#1451 = EDGE_CURVE('',#1432,#1452,#1454,.T.);
#1452 = VERTEX_POINT('',#1453);
#1453 = CARTESIAN_POINT('',(-0.993573134621,7.446282940476E-02,
    6.515588032709E-02));
#1454 = SURFACE_CURVE('',#1455,(#1458,#1464),.PCURVE_S1.);
#1455 = B_SPLINE_CURVE_WITH_KNOTS('',1,(#1456,#1457),.UNSPECIFIED.,.F.,
  .F.,(2,2),(0.,1.),.PIECEWISE_BEZIER_KNOTS.);
#1456 = CARTESIAN_POINT('',(-0.99277366013,7.446282940476E-02,
    6.526209982272E-02));
#1457 = CARTESIAN_POINT('',(-0.993573134621,7.446282940476E-02,
    6.515588032709E-02));
#1458 = PCURVE('',#87,#1459);
#1459 = DEFINITIONAL_REPRESENTATION('',(#1460),#1463);
#1460 = B_SPLINE_CURVE_WITH_KNOTS('',1,(#1461,#1462),.UNSPECIFIED.,.F.,
  .F.,(2,2),(0.,1.),.PIECEWISE_BEZIER_KNOTS.);
#1461 = CARTESIAN_POINT('',(0.33415691494,5.503294147627E-02));
#1462 = CARTESIAN_POINT('',(0.334005618726,5.424075999541E-02));
#1463 = ( GEOMETRIC_REPRESENTATION_CONTEXT(2) 
PARAMETRIC_REPRESENTATION_CONTEXT() REPRESENTATION_CONTEXT('2D SPACE',''
  ) );
#1464 = PCURVE('',#564,#1465);
#1465 = DEFINITIONAL_REPRESENTATION('',(#1466),#1469);
#1466 = B_SPLINE_CURVE_WITH_KNOTS('',1,(#1467,#1468),.UNSPECIFIED.,.F.,
  .F.,(2,2),(0.,1.),.PIECEWISE_BEZIER_KNOTS.);
#1467 = CARTESIAN_POINT('',(8.636426430061E-04,0.275431177353));
#1468 = CARTESIAN_POINT('',(0.,0.275243688828));
#1469 = ( GEOMETRIC_REPRESENTATION_CONTEXT(2) 
PARAMETRIC_REPRESENTATION_CONTEXT() REPRESENTATION_CONTEXT('2D SPACE',''
  ) );
#1470 = ORIENTED_EDGE('',*,*,#1471,.T.);
#1471 = EDGE_CURVE('',#1452,#1472,#1474,.T.);
#1472 = VERTEX_POINT('',#1473);
#1473 = CARTESIAN_POINT('',(-0.99414584095,7.446282940476E-02,
    6.507938955435E-02));
#1474 = SURFACE_CURVE('',#1475,(#1478,#1484),.PCURVE_S1.);
#1475 = B_SPLINE_CURVE_WITH_KNOTS('',1,(#1476,#1477),.UNSPECIFIED.,.F.,
  .F.,(2,2),(0.,1.),.PIECEWISE_BEZIER_KNOTS.);
#1476 = CARTESIAN_POINT('',(-0.993573134621,7.446282940476E-02,
    6.515588032709E-02));
#1477 = CARTESIAN_POINT('',(-0.99414584095,7.446282940476E-02,
    6.507938955435E-02));
#1478 = PCURVE('',#87,#1479);
#1479 = DEFINITIONAL_REPRESENTATION('',(#1480),#1483);
#1480 = B_SPLINE_CURVE_WITH_KNOTS('',1,(#1481,#1482),.UNSPECIFIED.,.F.,
  .F.,(2,2),(0.,1.),.PIECEWISE_BEZIER_KNOTS.);
#1481 = CARTESIAN_POINT('',(0.334005618726,5.424075999541E-02));
#1482 = CARTESIAN_POINT('',(0.333897616815,5.367315188651E-02));
#1483 = ( GEOMETRIC_REPRESENTATION_CONTEXT(2) 
PARAMETRIC_REPRESENTATION_CONTEXT() REPRESENTATION_CONTEXT('2D SPACE',''
  ) );
#1484 = PCURVE('',#589,#1485);
#1485 = DEFINITIONAL_REPRESENTATION('',(#1486),#1489);
#1486 = B_SPLINE_CURVE_WITH_KNOTS('',1,(#1487,#1488),.UNSPECIFIED.,.F.,
  .F.,(2,2),(0.,1.),.PIECEWISE_BEZIER_KNOTS.);
#1487 = CARTESIAN_POINT('',(6.186218318379E-04,0.275243688828));
#1488 = CARTESIAN_POINT('',(0.,0.275108674611));
#1489 = ( GEOMETRIC_REPRESENTATION_CONTEXT(2) 
PARAMETRIC_REPRESENTATION_CONTEXT() REPRESENTATION_CONTEXT('2D SPACE',''
  ) );
#1490 = ORIENTED_EDGE('',*,*,#1491,.T.);
#1491 = EDGE_CURVE('',#1472,#1492,#1494,.T.);
#1492 = VERTEX_POINT('',#1493);
#1493 = CARTESIAN_POINT('',(-0.994490127317,7.446282940476E-02,
    6.503324475672E-02));
#1494 = SURFACE_CURVE('',#1495,(#1498,#1504),.PCURVE_S1.);
#1495 = B_SPLINE_CURVE_WITH_KNOTS('',1,(#1496,#1497),.UNSPECIFIED.,.F.,
  .F.,(2,2),(0.,1.),.PIECEWISE_BEZIER_KNOTS.);
#1496 = CARTESIAN_POINT('',(-0.99414584095,7.446282940476E-02,
    6.507938955435E-02));
#1497 = CARTESIAN_POINT('',(-0.994490127317,7.446282940476E-02,
    6.503324475672E-02));
#1498 = PCURVE('',#87,#1499);
#1499 = DEFINITIONAL_REPRESENTATION('',(#1500),#1503);
#1500 = B_SPLINE_CURVE_WITH_KNOTS('',1,(#1501,#1502),.UNSPECIFIED.,.F.,
  .F.,(2,2),(0.,1.),.PIECEWISE_BEZIER_KNOTS.);
#1501 = CARTESIAN_POINT('',(0.333897616815,5.367315188651E-02));
#1502 = CARTESIAN_POINT('',(0.333832844305,5.333187931727E-02));
#1503 = ( GEOMETRIC_REPRESENTATION_CONTEXT(2) 
PARAMETRIC_REPRESENTATION_CONTEXT() REPRESENTATION_CONTEXT('2D SPACE',''
  ) );
#1504 = PCURVE('',#614,#1505);
#1505 = DEFINITIONAL_REPRESENTATION('',(#1506),#1509);
#1506 = B_SPLINE_CURVE_WITH_KNOTS('',1,(#1507,#1508),.UNSPECIFIED.,.F.,
  .F.,(2,2),(0.,1.),.PIECEWISE_BEZIER_KNOTS.);
#1507 = CARTESIAN_POINT('',(3.718680024035E-04,0.275108674611));
#1508 = CARTESIAN_POINT('',(0.,0.275027224215));
#1509 = ( GEOMETRIC_REPRESENTATION_CONTEXT(2) 
PARAMETRIC_REPRESENTATION_CONTEXT() REPRESENTATION_CONTEXT('2D SPACE',''
  ) );
#1510 = ORIENTED_EDGE('',*,*,#1511,.T.);
#1511 = EDGE_CURVE('',#1492,#1018,#1512,.T.);
#1512 = SURFACE_CURVE('',#1513,(#1516,#1522),.PCURVE_S1.);
#1513 = B_SPLINE_CURVE_WITH_KNOTS('',1,(#1514,#1515),.UNSPECIFIED.,.F.,
  .F.,(2,2),(0.,1.),.PIECEWISE_BEZIER_KNOTS.);
#1514 = CARTESIAN_POINT('',(-0.994490127317,7.446282940476E-02,
    6.503324475672E-02));
#1515 = CARTESIAN_POINT('',(-0.994605,7.446282940476E-02,
    6.501782118685E-02));
#1516 = PCURVE('',#87,#1517);
#1517 = DEFINITIONAL_REPRESENTATION('',(#1518),#1521);
#1518 = B_SPLINE_CURVE_WITH_KNOTS('',1,(#1519,#1520),.UNSPECIFIED.,.F.,
  .F.,(2,2),(0.,1.),.PIECEWISE_BEZIER_KNOTS.);
#1519 = CARTESIAN_POINT('',(0.333832844305,5.333187931727E-02));
#1520 = CARTESIAN_POINT('',(0.333811258435,5.321800363935E-02));
#1521 = ( GEOMETRIC_REPRESENTATION_CONTEXT(2) 
PARAMETRIC_REPRESENTATION_CONTEXT() REPRESENTATION_CONTEXT('2D SPACE',''
  ) );
#1522 = PCURVE('',#639,#1523);
#1523 = DEFINITIONAL_REPRESENTATION('',(#1524),#1527);
#1524 = B_SPLINE_CURVE_WITH_KNOTS('',1,(#1525,#1526),.UNSPECIFIED.,.F.,
  .F.,(2,2),(0.,1.),.PIECEWISE_BEZIER_KNOTS.);
#1525 = CARTESIAN_POINT('',(1.240719397039E-04,0.275027224215));
#1526 = CARTESIAN_POINT('',(0.,0.275));
#1527 = ( GEOMETRIC_REPRESENTATION_CONTEXT(2) 
PARAMETRIC_REPRESENTATION_CONTEXT() REPRESENTATION_CONTEXT('2D SPACE',''
  ) );
#1528 = ORIENTED_EDGE('',*,*,#1017,.T.);
#1529 = ORIENTED_EDGE('',*,*,#73,.T.);
#1530 = ORIENTED_EDGE('',*,*,#180,.T.);
#1531 = ORIENTED_EDGE('',*,*,#1532,.T.);
#1532 = EDGE_CURVE('',#152,#1533,#1535,.T.);
#1533 = VERTEX_POINT('',#1534);
#1534 = CARTESIAN_POINT('',(-0.992805786459,7.446282940476E-02,
    6.47734786303E-02));
#1535 = SURFACE_CURVE('',#1536,(#1539,#1545),.PCURVE_S1.);
#1536 = B_SPLINE_CURVE_WITH_KNOTS('',1,(#1537,#1538),.UNSPECIFIED.,.F.,
  .F.,(2,2),(0.,1.),.PIECEWISE_BEZIER_KNOTS.);
#1537 = CARTESIAN_POINT('',(-0.993591407636,7.446282940476E-02,
    6.487974163152E-02));
#1538 = CARTESIAN_POINT('',(-0.992805786459,7.446282940476E-02,
    6.47734786303E-02));
#1539 = PCURVE('',#87,#1540);
#1540 = DEFINITIONAL_REPRESENTATION('',(#1541),#1544);
#1541 = B_SPLINE_CURVE_WITH_KNOTS('',1,(#1542,#1543),.UNSPECIFIED.,.F.,
  .F.,(2,2),(0.,1.),.PIECEWISE_BEZIER_KNOTS.);
#1542 = CARTESIAN_POINT('',(0.334261907591,5.413634495949E-02));
#1543 = CARTESIAN_POINT('',(0.334610477692,5.484837820694E-02));
#1544 = ( GEOMETRIC_REPRESENTATION_CONTEXT(2) 
PARAMETRIC_REPRESENTATION_CONTEXT() REPRESENTATION_CONTEXT('2D SPACE',''
  ) );
#1545 = PCURVE('',#168,#1546);
#1546 = DEFINITIONAL_REPRESENTATION('',(#1547),#1550);
#1547 = B_SPLINE_CURVE_WITH_KNOTS('',1,(#1548,#1549),.UNSPECIFIED.,.F.,
  .F.,(2,2),(0.,1.),.PIECEWISE_BEZIER_KNOTS.);
#1548 = CARTESIAN_POINT('',(8.636426430061E-04,0.274756275137));
#1549 = CARTESIAN_POINT('',(0.,0.274568709821));
#1550 = ( GEOMETRIC_REPRESENTATION_CONTEXT(2) 
PARAMETRIC_REPRESENTATION_CONTEXT() REPRESENTATION_CONTEXT('2D SPACE',''
  ) );
#1551 = ORIENTED_EDGE('',*,*,#1552,.T.);
#1552 = EDGE_CURVE('',#1533,#1553,#1555,.T.);
#1553 = VERTEX_POINT('',#1554);
#1554 = CARTESIAN_POINT('',(-0.991799206003,7.446282940476E-02,
    6.463828750752E-02));
#1555 = SURFACE_CURVE('',#1556,(#1559,#1565),.PCURVE_S1.);
#1556 = B_SPLINE_CURVE_WITH_KNOTS('',1,(#1557,#1558),.UNSPECIFIED.,.F.,
  .F.,(2,2),(0.,1.),.PIECEWISE_BEZIER_KNOTS.);
#1557 = CARTESIAN_POINT('',(-0.992805786459,7.446282940476E-02,
    6.47734786303E-02));
#1558 = CARTESIAN_POINT('',(-0.991799206003,7.446282940476E-02,
    6.463828750752E-02));
#1559 = PCURVE('',#87,#1560);
#1560 = DEFINITIONAL_REPRESENTATION('',(#1561),#1564);
#1561 = B_SPLINE_CURVE_WITH_KNOTS('',1,(#1562,#1563),.UNSPECIFIED.,.F.,
  .F.,(2,2),(0.,1.),.PIECEWISE_BEZIER_KNOTS.);
#1562 = CARTESIAN_POINT('',(0.334610477692,5.484837820694E-02));
#1563 = CARTESIAN_POINT('',(0.335056174726,5.576097615142E-02));
#1564 = ( GEOMETRIC_REPRESENTATION_CONTEXT(2) 
PARAMETRIC_REPRESENTATION_CONTEXT() REPRESENTATION_CONTEXT('2D SPACE',''
  ) );
#1565 = PCURVE('',#704,#1566);
#1566 = DEFINITIONAL_REPRESENTATION('',(#1567),#1570);
#1567 = B_SPLINE_CURVE_WITH_KNOTS('',1,(#1568,#1569),.UNSPECIFIED.,.F.,
  .F.,(2,2),(0.,1.),.PIECEWISE_BEZIER_KNOTS.);
#1568 = CARTESIAN_POINT('',(1.106245641354E-03,0.274568709821));
#1569 = CARTESIAN_POINT('',(0.,0.274330083343));
#1570 = ( GEOMETRIC_REPRESENTATION_CONTEXT(2) 
PARAMETRIC_REPRESENTATION_CONTEXT() REPRESENTATION_CONTEXT('2D SPACE',''
  ) );
#1571 = ORIENTED_EDGE('',*,*,#1572,.T.);
#1572 = EDGE_CURVE('',#1553,#1573,#1575,.T.);
#1573 = VERTEX_POINT('',#1574);
#1574 = CARTESIAN_POINT('',(-0.99057428732,7.446282940476E-02,
    6.447520598136E-02));
#1575 = SURFACE_CURVE('',#1576,(#1579,#1585),.PCURVE_S1.);
#1576 = B_SPLINE_CURVE_WITH_KNOTS('',1,(#1577,#1578),.UNSPECIFIED.,.F.,
  .F.,(2,2),(0.,1.),.PIECEWISE_BEZIER_KNOTS.);
#1577 = CARTESIAN_POINT('',(-0.991799206003,7.446282940476E-02,
    6.463828750752E-02));
#1578 = CARTESIAN_POINT('',(-0.99057428732,7.446282940476E-02,
    6.447520598136E-02));
#1579 = PCURVE('',#87,#1580);
#1580 = DEFINITIONAL_REPRESENTATION('',(#1581),#1584);
#1581 = B_SPLINE_CURVE_WITH_KNOTS('',1,(#1582,#1583),.UNSPECIFIED.,.F.,
  .F.,(2,2),(0.,1.),.PIECEWISE_BEZIER_KNOTS.);
#1582 = CARTESIAN_POINT('',(0.335056174726,5.576097615142E-02));
#1583 = CARTESIAN_POINT('',(0.335597187425,5.687197868201E-02));
#1584 = ( GEOMETRIC_REPRESENTATION_CONTEXT(2) 
PARAMETRIC_REPRESENTATION_CONTEXT() REPRESENTATION_CONTEXT('2D SPACE',''
  ) );
#1585 = PCURVE('',#729,#1586);
#1586 = DEFINITIONAL_REPRESENTATION('',(#1587),#1590);
#1587 = B_SPLINE_CURVE_WITH_KNOTS('',1,(#1588,#1589),.UNSPECIFIED.,.F.,
  .F.,(2,2),(0.,1.),.PIECEWISE_BEZIER_KNOTS.);
#1588 = CARTESIAN_POINT('',(1.345754292724E-03,0.274330083343));
#1589 = CARTESIAN_POINT('',(0.,0.274042227385));
#1590 = ( GEOMETRIC_REPRESENTATION_CONTEXT(2) 
PARAMETRIC_REPRESENTATION_CONTEXT() REPRESENTATION_CONTEXT('2D SPACE',''
  ) );
#1591 = ORIENTED_EDGE('',*,*,#1592,.T.);
#1592 = EDGE_CURVE('',#1573,#1593,#1595,.T.);
#1593 = VERTEX_POINT('',#1594);
#1594 = CARTESIAN_POINT('',(-0.989134225972,7.446282940476E-02,
    6.428546342059E-02));
#1595 = SURFACE_CURVE('',#1596,(#1599,#1605),.PCURVE_S1.);
#1596 = B_SPLINE_CURVE_WITH_KNOTS('',1,(#1597,#1598),.UNSPECIFIED.,.F.,
  .F.,(2,2),(0.,1.),.PIECEWISE_BEZIER_KNOTS.);
#1597 = CARTESIAN_POINT('',(-0.99057428732,7.446282940476E-02,
    6.447520598136E-02));
#1598 = CARTESIAN_POINT('',(-0.989134225972,7.446282940476E-02,
    6.428546342059E-02));
#1599 = PCURVE('',#87,#1600);
#1600 = DEFINITIONAL_REPRESENTATION('',(#1601),#1604);
#1601 = B_SPLINE_CURVE_WITH_KNOTS('',1,(#1602,#1603),.UNSPECIFIED.,.F.,
  .F.,(2,2),(0.,1.),.PIECEWISE_BEZIER_KNOTS.);
#1602 = CARTESIAN_POINT('',(0.335597187425,5.687197868201E-02));
#1603 = CARTESIAN_POINT('',(0.33623134149,5.817874092011E-02));
#1604 = ( GEOMETRIC_REPRESENTATION_CONTEXT(2) 
PARAMETRIC_REPRESENTATION_CONTEXT() REPRESENTATION_CONTEXT('2D SPACE',''
  ) );
#1605 = PCURVE('',#754,#1606);
#1606 = DEFINITIONAL_REPRESENTATION('',(#1607),#1610);
#1607 = B_SPLINE_CURVE_WITH_KNOTS('',1,(#1608,#1609),.UNSPECIFIED.,.F.,
  .F.,(2,2),(0.,1.),.PIECEWISE_BEZIER_KNOTS.);
#1608 = CARTESIAN_POINT('',(1.581502476942E-03,0.274042227385));
#1609 = CARTESIAN_POINT('',(0.,0.273707311912));
#1610 = ( GEOMETRIC_REPRESENTATION_CONTEXT(2) 
PARAMETRIC_REPRESENTATION_CONTEXT() REPRESENTATION_CONTEXT('2D SPACE',''
  ) );
#1611 = ORIENTED_EDGE('',*,*,#1612,.T.);
#1612 = EDGE_CURVE('',#1593,#1613,#1615,.T.);
#1613 = VERTEX_POINT('',#1614);
#1614 = CARTESIAN_POINT('',(-0.987482786874,7.446282940476E-02,
    6.407046012548E-02));
#1615 = SURFACE_CURVE('',#1616,(#1619,#1625),.PCURVE_S1.);
#1616 = B_SPLINE_CURVE_WITH_KNOTS('',1,(#1617,#1618),.UNSPECIFIED.,.F.,
  .F.,(2,2),(0.,1.),.PIECEWISE_BEZIER_KNOTS.);
#1617 = CARTESIAN_POINT('',(-0.989134225972,7.446282940476E-02,
    6.428546342059E-02));
#1618 = CARTESIAN_POINT('',(-0.987482786874,7.446282940476E-02,
    6.407046012548E-02));
#1619 = PCURVE('',#87,#1620);
#1620 = DEFINITIONAL_REPRESENTATION('',(#1621),#1624);
#1621 = B_SPLINE_CURVE_WITH_KNOTS('',1,(#1622,#1623),.UNSPECIFIED.,.F.,
  .F.,(2,2),(0.,1.),.PIECEWISE_BEZIER_KNOTS.);
#1622 = CARTESIAN_POINT('',(0.33623134149,5.817874092011E-02));
#1623 = CARTESIAN_POINT('',(0.336956120876,5.967813158039E-02));
#1624 = ( GEOMETRIC_REPRESENTATION_CONTEXT(2) 
PARAMETRIC_REPRESENTATION_CONTEXT() REPRESENTATION_CONTEXT('2D SPACE',''
  ) );
#1625 = PCURVE('',#779,#1626);
#1626 = DEFINITIONAL_REPRESENTATION('',(#1627),#1630);
#1627 = B_SPLINE_CURVE_WITH_KNOTS('',1,(#1628,#1629),.UNSPECIFIED.,.F.,
  .F.,(2,2),(0.,1.),.PIECEWISE_BEZIER_KNOTS.);
#1628 = CARTESIAN_POINT('',(1.812836504862E-03,0.273707311912));
#1629 = CARTESIAN_POINT('',(0.,0.273327808599));
#1630 = ( GEOMETRIC_REPRESENTATION_CONTEXT(2) 
PARAMETRIC_REPRESENTATION_CONTEXT() REPRESENTATION_CONTEXT('2D SPACE',''
  ) );
#1631 = ORIENTED_EDGE('',*,*,#1632,.T.);
#1632 = EDGE_CURVE('',#1613,#1633,#1635,.T.);
#1633 = VERTEX_POINT('',#1634);
#1634 = CARTESIAN_POINT('',(-0.98562429788,7.446282940476E-02,
    6.383174508019E-02));
#1635 = SURFACE_CURVE('',#1636,(#1639,#1645),.PCURVE_S1.);
#1636 = B_SPLINE_CURVE_WITH_KNOTS('',1,(#1637,#1638),.UNSPECIFIED.,.F.,
  .F.,(2,2),(0.,1.),.PIECEWISE_BEZIER_KNOTS.);
#1637 = CARTESIAN_POINT('',(-0.987482786874,7.446282940476E-02,
    6.407046012548E-02));
#1638 = CARTESIAN_POINT('',(-0.98562429788,7.446282940476E-02,
    6.383174508019E-02));
#1639 = PCURVE('',#87,#1640);
#1640 = DEFINITIONAL_REPRESENTATION('',(#1641),#1644);
#1641 = B_SPLINE_CURVE_WITH_KNOTS('',1,(#1642,#1643),.UNSPECIFIED.,.F.,
  .F.,(2,2),(0.,1.),.PIECEWISE_BEZIER_KNOTS.);
#1642 = CARTESIAN_POINT('',(0.336956120876,5.967813158039E-02));
#1643 = CARTESIAN_POINT('',(0.337768690932,6.136653204144E-02));
#1644 = ( GEOMETRIC_REPRESENTATION_CONTEXT(2) 
PARAMETRIC_REPRESENTATION_CONTEXT() REPRESENTATION_CONTEXT('2D SPACE',''
  ) );
#1645 = PCURVE('',#804,#1646);
#1646 = DEFINITIONAL_REPRESENTATION('',(#1647),#1650);
#1647 = B_SPLINE_CURVE_WITH_KNOTS('',1,(#1648,#1649),.UNSPECIFIED.,.F.,
  .F.,(2,2),(0.,1.),.PIECEWISE_BEZIER_KNOTS.);
#1648 = CARTESIAN_POINT('',(2.039116986853E-03,0.273327808599));
#1649 = CARTESIAN_POINT('',(0.,0.272906451566));
#1650 = ( GEOMETRIC_REPRESENTATION_CONTEXT(2) 
PARAMETRIC_REPRESENTATION_CONTEXT() REPRESENTATION_CONTEXT('2D SPACE',''
  ) );
#1651 = ORIENTED_EDGE('',*,*,#1652,.T.);
#1652 = EDGE_CURVE('',#1633,#1653,#1655,.T.);
#1653 = VERTEX_POINT('',#1654);
#1654 = CARTESIAN_POINT('',(-0.983563641997,7.446282940476E-02,
    6.357099310368E-02));
#1655 = SURFACE_CURVE('',#1656,(#1659,#1665),.PCURVE_S1.);
#1656 = B_SPLINE_CURVE_WITH_KNOTS('',1,(#1657,#1658),.UNSPECIFIED.,.F.,
  .F.,(2,2),(0.,1.),.PIECEWISE_BEZIER_KNOTS.);
#1657 = CARTESIAN_POINT('',(-0.98562429788,7.446282940476E-02,
    6.383174508019E-02));
#1658 = CARTESIAN_POINT('',(-0.983563641997,7.446282940476E-02,
    6.357099310368E-02));
#1659 = PCURVE('',#87,#1660);
#1660 = DEFINITIONAL_REPRESENTATION('',(#1661),#1664);
#1661 = B_SPLINE_CURVE_WITH_KNOTS('',1,(#1662,#1663),.UNSPECIFIED.,.F.,
  .F.,(2,2),(0.,1.),.PIECEWISE_BEZIER_KNOTS.);
#1662 = CARTESIAN_POINT('',(0.337768690932,6.136653204144E-02));
#1663 = CARTESIAN_POINT('',(0.338665922534,6.32398365323E-02));
#1664 = ( GEOMETRIC_REPRESENTATION_CONTEXT(2) 
PARAMETRIC_REPRESENTATION_CONTEXT() REPRESENTATION_CONTEXT('2D SPACE',''
  ) );
#1665 = PCURVE('',#829,#1666);
#1666 = DEFINITIONAL_REPRESENTATION('',(#1667),#1670);
#1667 = B_SPLINE_CURVE_WITH_KNOTS('',1,(#1668,#1669),.UNSPECIFIED.,.F.,
  .F.,(2,2),(0.,1.),.PIECEWISE_BEZIER_KNOTS.);
#1668 = CARTESIAN_POINT('',(2.259720549055E-03,0.272906451566));
#1669 = CARTESIAN_POINT('',(0.,0.272446197043));
#1670 = ( GEOMETRIC_REPRESENTATION_CONTEXT(2) 
PARAMETRIC_REPRESENTATION_CONTEXT() REPRESENTATION_CONTEXT('2D SPACE',''
  ) );
#1671 = ORIENTED_EDGE('',*,*,#1672,.T.);
#1672 = EDGE_CURVE('',#1653,#1673,#1675,.T.);
#1673 = VERTEX_POINT('',#1674);
#1674 = CARTESIAN_POINT('',(-0.981306248104,7.446282940476E-02,
    6.328998233373E-02));
#1675 = SURFACE_CURVE('',#1676,(#1679,#1685),.PCURVE_S1.);
#1676 = B_SPLINE_CURVE_WITH_KNOTS('',1,(#1677,#1678),.UNSPECIFIED.,.F.,
  .F.,(2,2),(0.,1.),.PIECEWISE_BEZIER_KNOTS.);
#1677 = CARTESIAN_POINT('',(-0.983563641997,7.446282940476E-02,
    6.357099310368E-02));
#1678 = CARTESIAN_POINT('',(-0.981306248104,7.446282940476E-02,
    6.328998233373E-02));
#1679 = PCURVE('',#87,#1680);
#1680 = DEFINITIONAL_REPRESENTATION('',(#1681),#1684);
#1681 = B_SPLINE_CURVE_WITH_KNOTS('',1,(#1682,#1683),.UNSPECIFIED.,.F.,
  .F.,(2,2),(0.,1.),.PIECEWISE_BEZIER_KNOTS.);
#1682 = CARTESIAN_POINT('',(0.338665922534,6.32398365323E-02));
#1683 = CARTESIAN_POINT('',(0.339644416382,6.529345383586E-02));
#1684 = ( GEOMETRIC_REPRESENTATION_CONTEXT(2) 
PARAMETRIC_REPRESENTATION_CONTEXT() REPRESENTATION_CONTEXT('2D SPACE',''
  ) );
#1685 = PCURVE('',#854,#1686);
#1686 = DEFINITIONAL_REPRESENTATION('',(#1687),#1690);
#1687 = B_SPLINE_CURVE_WITH_KNOTS('',1,(#1688,#1689),.UNSPECIFIED.,.F.,
  .F.,(2,2),(0.,1.),.PIECEWISE_BEZIER_KNOTS.);
#1688 = CARTESIAN_POINT('',(2.474041401648E-03,0.272446197043));
#1689 = CARTESIAN_POINT('',(0.,0.271950183631));
#1690 = ( GEOMETRIC_REPRESENTATION_CONTEXT(2) 
PARAMETRIC_REPRESENTATION_CONTEXT() REPRESENTATION_CONTEXT('2D SPACE',''
  ) );
#1691 = ORIENTED_EDGE('',*,*,#1692,.T.);
#1692 = EDGE_CURVE('',#1673,#1693,#1695,.T.);
#1693 = VERTEX_POINT('',#1694);
#1694 = CARTESIAN_POINT('',(-0.978858080096,7.446282940476E-02,
    6.299057294063E-02));
#1695 = SURFACE_CURVE('',#1696,(#1699,#1705),.PCURVE_S1.);
#1696 = B_SPLINE_CURVE_WITH_KNOTS('',1,(#1697,#1698),.UNSPECIFIED.,.F.,
  .F.,(2,2),(0.,1.),.PIECEWISE_BEZIER_KNOTS.);
#1697 = CARTESIAN_POINT('',(-0.981306248104,7.446282940476E-02,
    6.328998233373E-02));
#1698 = CARTESIAN_POINT('',(-0.978858080096,7.446282940476E-02,
    6.299057294063E-02));
#1699 = PCURVE('',#87,#1700);
#1700 = DEFINITIONAL_REPRESENTATION('',(#1701),#1704);
#1701 = B_SPLINE_CURVE_WITH_KNOTS('',1,(#1702,#1703),.UNSPECIFIED.,.F.,
  .F.,(2,2),(0.,1.),.PIECEWISE_BEZIER_KNOTS.);
#1702 = CARTESIAN_POINT('',(0.339644416382,6.529345383586E-02));
#1703 = CARTESIAN_POINT('',(0.340700526624,6.752231088375E-02));
#1704 = ( GEOMETRIC_REPRESENTATION_CONTEXT(2) 
PARAMETRIC_REPRESENTATION_CONTEXT() REPRESENTATION_CONTEXT('2D SPACE',''
  ) );
#1705 = PCURVE('',#879,#1706);
#1706 = DEFINITIONAL_REPRESENTATION('',(#1707),#1710);
#1707 = B_SPLINE_CURVE_WITH_KNOTS('',1,(#1708,#1709),.UNSPECIFIED.,.F.,
  .F.,(2,2),(0.,1.),.PIECEWISE_BEZIER_KNOTS.);
#1708 = CARTESIAN_POINT('',(2.681492770208E-03,0.271950183631));
#1709 = CARTESIAN_POINT('',(0.,0.271421694723));
#1710 = ( GEOMETRIC_REPRESENTATION_CONTEXT(2) 
PARAMETRIC_REPRESENTATION_CONTEXT() REPRESENTATION_CONTEXT('2D SPACE',''
  ) );
#1711 = ORIENTED_EDGE('',*,*,#1712,.T.);
#1712 = EDGE_CURVE('',#1693,#1713,#1715,.T.);
#1713 = VERTEX_POINT('',#1714);
#1714 = CARTESIAN_POINT('',(-0.976225624357,7.446282940476E-02,
    6.267468788528E-02));
#1715 = SURFACE_CURVE('',#1716,(#1719,#1725),.PCURVE_S1.);
#1716 = B_SPLINE_CURVE_WITH_KNOTS('',1,(#1717,#1718),.UNSPECIFIED.,.F.,
  .F.,(2,2),(0.,1.),.PIECEWISE_BEZIER_KNOTS.);
#1717 = CARTESIAN_POINT('',(-0.978858080096,7.446282940476E-02,
    6.299057294063E-02));
#1718 = CARTESIAN_POINT('',(-0.976225624357,7.446282940476E-02,
    6.267468788528E-02));
#1719 = PCURVE('',#87,#1720);
#1720 = DEFINITIONAL_REPRESENTATION('',(#1721),#1724);
#1721 = B_SPLINE_CURVE_WITH_KNOTS('',1,(#1722,#1723),.UNSPECIFIED.,.F.,
  .F.,(2,2),(0.,1.),.PIECEWISE_BEZIER_KNOTS.);
#1722 = CARTESIAN_POINT('',(0.340700526624,6.752231088375E-02));
#1723 = CARTESIAN_POINT('',(0.341830383064,6.992085857067E-02));
#1724 = ( GEOMETRIC_REPRESENTATION_CONTEXT(2) 
PARAMETRIC_REPRESENTATION_CONTEXT() REPRESENTATION_CONTEXT('2D SPACE',''
  ) );
#1725 = PCURVE('',#904,#1726);
#1726 = DEFINITIONAL_REPRESENTATION('',(#1727),#1730);
#1727 = B_SPLINE_CURVE_WITH_KNOTS('',1,(#1728,#1729),.UNSPECIFIED.,.F.,
  .F.,(2,2),(0.,1.),.PIECEWISE_BEZIER_KNOTS.);
#1728 = CARTESIAN_POINT('',(2.881508206621E-03,0.271421694723));
#1729 = CARTESIAN_POINT('',(0.,0.270864124547));
#1730 = ( GEOMETRIC_REPRESENTATION_CONTEXT(2) 
PARAMETRIC_REPRESENTATION_CONTEXT() REPRESENTATION_CONTEXT('2D SPACE',''
  ) );
#1731 = ORIENTED_EDGE('',*,*,#1732,.T.);
#1732 = EDGE_CURVE('',#1713,#1733,#1735,.T.);
#1733 = VERTEX_POINT('',#1734);
#1734 = CARTESIAN_POINT('',(-0.97341587554,7.446282940476E-02,
    6.234429641315E-02));
#1735 = SURFACE_CURVE('',#1736,(#1739,#1745),.PCURVE_S1.);
#1736 = B_SPLINE_CURVE_WITH_KNOTS('',1,(#1737,#1738),.UNSPECIFIED.,.F.,
  .F.,(2,2),(0.,1.),.PIECEWISE_BEZIER_KNOTS.);
#1737 = CARTESIAN_POINT('',(-0.976225624357,7.446282940476E-02,
    6.267468788528E-02));
#1738 = CARTESIAN_POINT('',(-0.97341587554,7.446282940476E-02,
    6.234429641315E-02));
#1739 = PCURVE('',#87,#1740);
#1740 = DEFINITIONAL_REPRESENTATION('',(#1741),#1744);
#1741 = B_SPLINE_CURVE_WITH_KNOTS('',1,(#1742,#1743),.UNSPECIFIED.,.F.,
  .F.,(2,2),(0.,1.),.PIECEWISE_BEZIER_KNOTS.);
#1742 = CARTESIAN_POINT('',(0.341830383064,6.992085857067E-02));
#1743 = CARTESIAN_POINT('',(0.343029911314,7.248308005197E-02));
#1744 = ( GEOMETRIC_REPRESENTATION_CONTEXT(2) 
PARAMETRIC_REPRESENTATION_CONTEXT() REPRESENTATION_CONTEXT('2D SPACE',''
  ) );
#1745 = PCURVE('',#929,#1746);
#1746 = DEFINITIONAL_REPRESENTATION('',(#1747),#1750);
#1747 = B_SPLINE_CURVE_WITH_KNOTS('',1,(#1748,#1749),.UNSPECIFIED.,.F.,
  .F.,(2,2),(0.,1.),.PIECEWISE_BEZIER_KNOTS.);
#1748 = CARTESIAN_POINT('',(3.073542799665E-03,0.270864124547));
#1749 = CARTESIAN_POINT('',(0.,0.270280949028));
#1750 = ( GEOMETRIC_REPRESENTATION_CONTEXT(2) 
PARAMETRIC_REPRESENTATION_CONTEXT() REPRESENTATION_CONTEXT('2D SPACE',''
  ) );
#1751 = ORIENTED_EDGE('',*,*,#1752,.T.);
#1752 = EDGE_CURVE('',#1733,#1753,#1755,.T.);
#1753 = VERTEX_POINT('',#1754);
#1754 = CARTESIAN_POINT('',(-0.970436320605,7.446282940476E-02,
    6.200140081747E-02));
#1755 = SURFACE_CURVE('',#1756,(#1759,#1765),.PCURVE_S1.);
#1756 = B_SPLINE_CURVE_WITH_KNOTS('',1,(#1757,#1758),.UNSPECIFIED.,.F.,
  .F.,(2,2),(0.,1.),.PIECEWISE_BEZIER_KNOTS.);
#1757 = CARTESIAN_POINT('',(-0.97341587554,7.446282940476E-02,
    6.234429641315E-02));
#1758 = CARTESIAN_POINT('',(-0.970436320605,7.446282940476E-02,
    6.200140081747E-02));
#1759 = PCURVE('',#87,#1760);
#1760 = DEFINITIONAL_REPRESENTATION('',(#1761),#1764);
#1761 = B_SPLINE_CURVE_WITH_KNOTS('',1,(#1762,#1763),.UNSPECIFIED.,.F.,
  .F.,(2,2),(0.,1.),.PIECEWISE_BEZIER_KNOTS.);
#1762 = CARTESIAN_POINT('',(0.343029911314,7.248308005197E-02));
#1763 = CARTESIAN_POINT('',(0.344294850383,7.520250170974E-02));
#1764 = ( GEOMETRIC_REPRESENTATION_CONTEXT(2) 
PARAMETRIC_REPRESENTATION_CONTEXT() REPRESENTATION_CONTEXT('2D SPACE',''
  ) );
#1765 = PCURVE('',#954,#1766);
#1766 = DEFINITIONAL_REPRESENTATION('',(#1767),#1770);
#1767 = B_SPLINE_CURVE_WITH_KNOTS('',1,(#1768,#1769),.UNSPECIFIED.,.F.,
  .F.,(2,2),(0.,1.),.PIECEWISE_BEZIER_KNOTS.);
#1768 = CARTESIAN_POINT('',(3.257074307208E-03,0.270280949028));
#1769 = CARTESIAN_POINT('',(0.,0.269675702423));
#1770 = ( GEOMETRIC_REPRESENTATION_CONTEXT(2) 
PARAMETRIC_REPRESENTATION_CONTEXT() REPRESENTATION_CONTEXT('2D SPACE',''
  ) );
#1771 = ORIENTED_EDGE('',*,*,#1772,.T.);
#1772 = EDGE_CURVE('',#1753,#1773,#1775,.T.);
#1773 = VERTEX_POINT('',#1774);
#1774 = CARTESIAN_POINT('',(-0.967294921158,7.446282940476E-02,
    6.164802681856E-02));
#1775 = SURFACE_CURVE('',#1776,(#1779,#1785),.PCURVE_S1.);
#1776 = B_SPLINE_CURVE_WITH_KNOTS('',1,(#1777,#1778),.UNSPECIFIED.,.F.,
  .F.,(2,2),(0.,1.),.PIECEWISE_BEZIER_KNOTS.);
#1777 = CARTESIAN_POINT('',(-0.970436320605,7.446282940476E-02,
    6.200140081747E-02));
#1778 = CARTESIAN_POINT('',(-0.967294921158,7.446282940476E-02,
    6.164802681856E-02));
#1779 = PCURVE('',#87,#1780);
#1780 = DEFINITIONAL_REPRESENTATION('',(#1781),#1784);
#1781 = B_SPLINE_CURVE_WITH_KNOTS('',1,(#1782,#1783),.UNSPECIFIED.,.F.,
  .F.,(2,2),(0.,1.),.PIECEWISE_BEZIER_KNOTS.);
#1782 = CARTESIAN_POINT('',(0.344294850383,7.520250170974E-02));
#1783 = CARTESIAN_POINT('',(0.34562076738,7.807220688417E-02));
#1784 = ( GEOMETRIC_REPRESENTATION_CONTEXT(2) 
PARAMETRIC_REPRESENTATION_CONTEXT() REPRESENTATION_CONTEXT('2D SPACE',''
  ) );
#1785 = PCURVE('',#979,#1786);
#1786 = DEFINITIONAL_REPRESENTATION('',(#1787),#1790);
#1787 = B_SPLINE_CURVE_WITH_KNOTS('',1,(#1788,#1789),.UNSPECIFIED.,.F.,
  .F.,(2,2),(0.,1.),.PIECEWISE_BEZIER_KNOTS.);
#1788 = CARTESIAN_POINT('',(3.431604232115E-03,0.269675702423));
#1789 = CARTESIAN_POINT('',(0.,0.269051960339));
#1790 = ( GEOMETRIC_REPRESENTATION_CONTEXT(2) 
PARAMETRIC_REPRESENTATION_CONTEXT() REPRESENTATION_CONTEXT('2D SPACE',''
  ) );
#1791 = ORIENTED_EDGE('',*,*,#1792,.T.);
#1792 = EDGE_CURVE('',#1773,#1793,#1795,.T.);
#1793 = VERTEX_POINT('',#1794);
#1794 = CARTESIAN_POINT('',(-0.964000094113,7.446282940476E-02,
    6.128621769993E-02));
#1795 = SURFACE_CURVE('',#1796,(#1799,#1805),.PCURVE_S1.);
#1796 = B_SPLINE_CURVE_WITH_KNOTS('',1,(#1797,#1798),.UNSPECIFIED.,.F.,
  .F.,(2,2),(0.,1.),.PIECEWISE_BEZIER_KNOTS.);
#1797 = CARTESIAN_POINT('',(-0.967294921158,7.446282940476E-02,
    6.164802681856E-02));
#1798 = CARTESIAN_POINT('',(-0.964000094113,7.446282940476E-02,
    6.128621769993E-02));
#1799 = PCURVE('',#87,#1800);
#1800 = DEFINITIONAL_REPRESENTATION('',(#1801),#1804);
#1801 = B_SPLINE_CURVE_WITH_KNOTS('',1,(#1802,#1803),.UNSPECIFIED.,.F.,
  .F.,(2,2),(0.,1.),.PIECEWISE_BEZIER_KNOTS.);
#1802 = CARTESIAN_POINT('',(0.34562076738,7.807220688417E-02));
#1803 = CARTESIAN_POINT('',(0.347003069176,8.108485237278E-02));
#1804 = ( GEOMETRIC_REPRESENTATION_CONTEXT(2) 
PARAMETRIC_REPRESENTATION_CONTEXT() REPRESENTATION_CONTEXT('2D SPACE',''
  ) );
#1805 = PCURVE('',#1002,#1806);
#1806 = DEFINITIONAL_REPRESENTATION('',(#1807),#1810);
#1807 = B_SPLINE_CURVE_WITH_KNOTS('',1,(#1808,#1809),.UNSPECIFIED.,.F.,
  .F.,(2,2),(0.,1.),.PIECEWISE_BEZIER_KNOTS.);
#1808 = CARTESIAN_POINT('',(3.596658862616E-03,0.269051960339));
#1809 = CARTESIAN_POINT('',(0.,0.268413329387));
#1810 = ( GEOMETRIC_REPRESENTATION_CONTEXT(2) 
PARAMETRIC_REPRESENTATION_CONTEXT() REPRESENTATION_CONTEXT('2D SPACE',''
  ) );
#1811 = ORIENTED_EDGE('',*,*,#1812,.T.);
#1812 = EDGE_CURVE('',#1793,#1813,#1815,.T.);
#1813 = VERTEX_POINT('',#1814);
#1814 = CARTESIAN_POINT('',(-0.960560690763,7.446282940476E-02,
    6.091803212614E-02));
#1815 = SURFACE_CURVE('',#1816,(#1819,#1825),.PCURVE_S1.);
#1816 = B_SPLINE_CURVE_WITH_KNOTS('',1,(#1817,#1818),.UNSPECIFIED.,.F.,
  .F.,(2,2),(0.,1.),.PIECEWISE_BEZIER_KNOTS.);
#1817 = CARTESIAN_POINT('',(-0.964000094113,7.446282940476E-02,
    6.128621769993E-02));
#1818 = CARTESIAN_POINT('',(-0.960560690763,7.446282940476E-02,
    6.091803212614E-02));
#1819 = PCURVE('',#87,#1820);
#1820 = DEFINITIONAL_REPRESENTATION('',(#1821),#1824);
#1821 = B_SPLINE_CURVE_WITH_KNOTS('',1,(#1822,#1823),.UNSPECIFIED.,.F.,
  .F.,(2,2),(0.,1.),.PIECEWISE_BEZIER_KNOTS.);
#1822 = CARTESIAN_POINT('',(0.347003069176,8.108485237278E-02));
#1823 = CARTESIAN_POINT('',(0.348437011073,8.42326876061E-02));
#1824 = ( GEOMETRIC_REPRESENTATION_CONTEXT(2) 
PARAMETRIC_REPRESENTATION_CONTEXT() REPRESENTATION_CONTEXT('2D SPACE',''
  ) );
#1825 = PCURVE('',#1826,#1831);
#1826 = B_SPLINE_SURFACE_WITH_KNOTS('',1,1,(
    (#1827,#1828)
    ,(#1829,#1830
    )),.UNSPECIFIED.,.F.,.F.,.F.,(2,2),(2,2),(0.,3.751790295395E-03),(0.
    ,1.),.PIECEWISE_BEZIER_KNOTS.);
#1827 = CARTESIAN_POINT('',(-0.967900672706,2.118286789642E-03,
    7.133044812665E-03));
#1828 = CARTESIAN_POINT('',(-0.940488484349,0.272299091597,
    0.208000596581));
#1829 = CARTESIAN_POINT('',(-0.971638835194,1.928431323507E-03,
    7.390001102126E-03));
#1830 = CARTESIAN_POINT('',(-0.94317996134,0.272162395661,0.208185605109
    ));
#1831 = DEFINITIONAL_REPRESENTATION('',(#1832),#1835);
#1832 = B_SPLINE_CURVE_WITH_KNOTS('',1,(#1833,#1834),.UNSPECIFIED.,.F.,
  .F.,(2,2),(0.,1.),.PIECEWISE_BEZIER_KNOTS.);
#1833 = CARTESIAN_POINT('',(3.751790295395E-03,0.268413329387));
#1834 = CARTESIAN_POINT('',(0.,0.267763443324));
#1835 = ( GEOMETRIC_REPRESENTATION_CONTEXT(2) 
PARAMETRIC_REPRESENTATION_CONTEXT() REPRESENTATION_CONTEXT('2D SPACE',''
  ) );
#1836 = ORIENTED_EDGE('',*,*,#1837,.T.);
#1837 = EDGE_CURVE('',#1813,#1838,#1840,.T.);
#1838 = VERTEX_POINT('',#1839);
#1839 = CARTESIAN_POINT('',(-0.956985974345,7.446282940476E-02,
    6.054554535188E-02));
#1840 = SURFACE_CURVE('',#1841,(#1844,#1850),.PCURVE_S1.);
#1841 = B_SPLINE_CURVE_WITH_KNOTS('',1,(#1842,#1843),.UNSPECIFIED.,.F.,
  .F.,(2,2),(0.,1.),.PIECEWISE_BEZIER_KNOTS.);
#1842 = CARTESIAN_POINT('',(-0.960560690763,7.446282940476E-02,
    6.091803212614E-02));
#1843 = CARTESIAN_POINT('',(-0.956985974345,7.446282940476E-02,
    6.054554535188E-02));
#1844 = PCURVE('',#87,#1845);
#1845 = DEFINITIONAL_REPRESENTATION('',(#1846),#1849);
#1846 = B_SPLINE_CURVE_WITH_KNOTS('',1,(#1847,#1848),.UNSPECIFIED.,.F.,
  .F.,(2,2),(0.,1.),.PIECEWISE_BEZIER_KNOTS.);
#1847 = CARTESIAN_POINT('',(0.348437011073,8.42326876061E-02));
#1848 = CARTESIAN_POINT('',(0.349917702733,8.750757631783E-02));
#1849 = ( GEOMETRIC_REPRESENTATION_CONTEXT(2) 
PARAMETRIC_REPRESENTATION_CONTEXT() REPRESENTATION_CONTEXT('2D SPACE',''
  ) );
#1850 = PCURVE('',#1851,#1856);
#1851 = B_SPLINE_SURFACE_WITH_KNOTS('',1,1,(
    (#1852,#1853)
    ,(#1854,#1855
    )),.UNSPECIFIED.,.F.,.F.,.F.,(2,2),(2,2),(0.,3.896577456362E-03),(0.
    ,1.),.PIECEWISE_BEZIER_KNOTS.);
#1852 = CARTESIAN_POINT('',(-0.964017513151,2.310284182152E-03,
    6.873189573468E-03));
#1853 = CARTESIAN_POINT('',(-0.937692609469,0.272437329719,
    0.207813500809));
#1854 = CARTESIAN_POINT('',(-0.967900672706,2.118286789642E-03,
    7.133044812665E-03));
#1855 = CARTESIAN_POINT('',(-0.940488484349,0.272299091597,
    0.208000596581));
#1856 = DEFINITIONAL_REPRESENTATION('',(#1857),#1860);
#1857 = B_SPLINE_CURVE_WITH_KNOTS('',1,(#1858,#1859),.UNSPECIFIED.,.F.,
  .F.,(2,2),(0.,1.),.PIECEWISE_BEZIER_KNOTS.);
#1858 = CARTESIAN_POINT('',(3.896577456362E-03,0.267763443324));
#1859 = CARTESIAN_POINT('',(0.,0.267105965192));
#1860 = ( GEOMETRIC_REPRESENTATION_CONTEXT(2) 
PARAMETRIC_REPRESENTATION_CONTEXT() REPRESENTATION_CONTEXT('2D SPACE',''
  ) );
#1861 = ORIENTED_EDGE('',*,*,#1862,.T.);
#1862 = EDGE_CURVE('',#1838,#1863,#1865,.T.);
#1863 = VERTEX_POINT('',#1864);
#1864 = CARTESIAN_POINT('',(-0.953285596217,7.446282940476E-02,
    6.017085332772E-02));
#1865 = SURFACE_CURVE('',#1866,(#1869,#1875),.PCURVE_S1.);
#1866 = B_SPLINE_CURVE_WITH_KNOTS('',1,(#1867,#1868),.UNSPECIFIED.,.F.,
  .F.,(2,2),(0.,1.),.PIECEWISE_BEZIER_KNOTS.);
#1867 = CARTESIAN_POINT('',(-0.956985974345,7.446282940476E-02,
    6.054554535188E-02));
#1868 = CARTESIAN_POINT('',(-0.953285596217,7.446282940476E-02,
    6.017085332772E-02));
#1869 = PCURVE('',#87,#1870);
#1870 = DEFINITIONAL_REPRESENTATION('',(#1871),#1874);
#1871 = B_SPLINE_CURVE_WITH_KNOTS('',1,(#1872,#1873),.UNSPECIFIED.,.F.,
  .F.,(2,2),(0.,1.),.PIECEWISE_BEZIER_KNOTS.);
#1872 = CARTESIAN_POINT('',(0.349917702733,8.750757631783E-02));
#1873 = CARTESIAN_POINT('',(0.351440111791,9.090102044744E-02));
#1874 = ( GEOMETRIC_REPRESENTATION_CONTEXT(2) 
PARAMETRIC_REPRESENTATION_CONTEXT() REPRESENTATION_CONTEXT('2D SPACE',''
  ) );
#1875 = PCURVE('',#1876,#1881);
#1876 = B_SPLINE_SURFACE_WITH_KNOTS('',1,1,(
    (#1877,#1878)
    ,(#1879,#1880
    )),.UNSPECIFIED.,.F.,.F.,.F.,(2,2),(2,2),(0.,4.030627130218E-03),(0.
    ,1.),.PIECEWISE_BEZIER_KNOTS.);
#1877 = CARTESIAN_POINT('',(-0.96,2.503341195453E-03,6.611900210554E-03)
  );
#1878 = CARTESIAN_POINT('',(-0.9348,0.272576330769,0.207625372467));
#1879 = CARTESIAN_POINT('',(-0.964017513151,2.310284182152E-03,
    6.873189573468E-03));
#1880 = CARTESIAN_POINT('',(-0.937692609469,0.272437329719,
    0.207813500809));
#1881 = DEFINITIONAL_REPRESENTATION('',(#1882),#1885);
#1882 = B_SPLINE_CURVE_WITH_KNOTS('',1,(#1883,#1884),.UNSPECIFIED.,.F.,
  .F.,(2,2),(0.,1.),.PIECEWISE_BEZIER_KNOTS.);
#1883 = CARTESIAN_POINT('',(4.030627130218E-03,0.267105965192));
#1884 = CARTESIAN_POINT('',(0.,0.266444594563));
#1885 = ( GEOMETRIC_REPRESENTATION_CONTEXT(2) 
PARAMETRIC_REPRESENTATION_CONTEXT() REPRESENTATION_CONTEXT('2D SPACE',''
  ) );
#1886 = ORIENTED_EDGE('',*,*,#1887,.T.);
#1887 = EDGE_CURVE('',#1863,#1064,#1888,.T.);
#1888 = SURFACE_CURVE('',#1889,(#1892,#1898),.PCURVE_S1.);
#1889 = B_SPLINE_CURVE_WITH_KNOTS('',1,(#1890,#1891),.UNSPECIFIED.,.F.,
  .F.,(2,2),(0.,1.),.PIECEWISE_BEZIER_KNOTS.);
#1890 = CARTESIAN_POINT('',(-0.953285596217,7.446282940476E-02,
    6.017085332772E-02));
#1891 = CARTESIAN_POINT('',(-0.949469570768,7.446282940476E-02,
    5.979607902455E-02));
#1892 = PCURVE('',#87,#1893);
#1893 = DEFINITIONAL_REPRESENTATION('',(#1894),#1897);
#1894 = B_SPLINE_CURVE_WITH_KNOTS('',1,(#1895,#1896),.UNSPECIFIED.,.F.,
  .F.,(2,2),(0.,1.),.PIECEWISE_BEZIER_KNOTS.);
#1895 = CARTESIAN_POINT('',(0.351440111791,9.090102044744E-02));
#1896 = CARTESIAN_POINT('',(0.352999065767,9.440418594494E-02));
#1897 = ( GEOMETRIC_REPRESENTATION_CONTEXT(2) 
PARAMETRIC_REPRESENTATION_CONTEXT() REPRESENTATION_CONTEXT('2D SPACE',''
  ) );
#1898 = PCURVE('',#1899,#1904);
#1899 = B_SPLINE_SURFACE_WITH_KNOTS('',1,1,(
    (#1900,#1901)
    ,(#1902,#1903
    )),.UNSPECIFIED.,.F.,.F.,.F.,(2,2),(2,2),(0.,4.153575005899E-03),(0.
    ,1.),.PIECEWISE_BEZIER_KNOTS.);
#1900 = CARTESIAN_POINT('',(-0.955859144977,2.696363325877E-03,
    6.35065805921E-03));
#1901 = CARTESIAN_POINT('',(-0.931818584383,0.272715306703,
    0.207437278118));
#1902 = CARTESIAN_POINT('',(-0.96,2.503341195453E-03,6.611900210554E-03)
  );
#1903 = CARTESIAN_POINT('',(-0.9348,0.272576330769,0.207625372467));
#1904 = DEFINITIONAL_REPRESENTATION('',(#1905),#1908);
#1905 = B_SPLINE_CURVE_WITH_KNOTS('',1,(#1906,#1907),.UNSPECIFIED.,.F.,
  .F.,(2,2),(0.,1.),.PIECEWISE_BEZIER_KNOTS.);
#1906 = CARTESIAN_POINT('',(4.153575005899E-03,0.266444594563));
#1907 = CARTESIAN_POINT('',(0.,0.265783078703));
#1908 = ( GEOMETRIC_REPRESENTATION_CONTEXT(2) 
PARAMETRIC_REPRESENTATION_CONTEXT() REPRESENTATION_CONTEXT('2D SPACE',''
  ) );
#1909 = ADVANCED_FACE('',(#1910),#168,.T.);
#1910 = FACE_BOUND('',#1911,.T.);
#1911 = EDGE_LOOP('',(#1912,#1932,#1933,#1934));
#1912 = ORIENTED_EDGE('',*,*,#1913,.F.);
#1913 = EDGE_CURVE('',#1533,#671,#1914,.T.);
#1914 = SURFACE_CURVE('',#1915,(#1918,#1925),.PCURVE_S1.);
#1915 = B_SPLINE_CURVE_WITH_KNOTS('',1,(#1916,#1917),.UNSPECIFIED.,.F.,
  .F.,(2,2),(0.,1.),.PIECEWISE_BEZIER_KNOTS.);
#1916 = CARTESIAN_POINT('',(-1.003033284066,1.265079712203E-04,
    9.828780179293E-03));
#1917 = CARTESIAN_POINT('',(-0.965783964528,0.270865010848,
    0.209941526045));
#1918 = PCURVE('',#168,#1919);
#1919 = DEFINITIONAL_REPRESENTATION('',(#1920),#1924);
#1920 = LINE('',#1921,#1922);
#1921 = CARTESIAN_POINT('',(0.,0.));
#1922 = VECTOR('',#1923,1.);
#1923 = DIRECTION('',(0.,1.));
#1924 = ( GEOMETRIC_REPRESENTATION_CONTEXT(2) 
PARAMETRIC_REPRESENTATION_CONTEXT() REPRESENTATION_CONTEXT('2D SPACE',''
  ) );
#1925 = PCURVE('',#704,#1926);
#1926 = DEFINITIONAL_REPRESENTATION('',(#1927),#1931);
#1927 = LINE('',#1928,#1929);
#1928 = CARTESIAN_POINT('',(1.106245641354E-03,0.));
#1929 = VECTOR('',#1930,1.);
#1930 = DIRECTION('',(0.,1.));
#1931 = ( GEOMETRIC_REPRESENTATION_CONTEXT(2) 
PARAMETRIC_REPRESENTATION_CONTEXT() REPRESENTATION_CONTEXT('2D SPACE',''
  ) );
#1932 = ORIENTED_EDGE('',*,*,#1532,.F.);
#1933 = ORIENTED_EDGE('',*,*,#151,.T.);
#1934 = ORIENTED_EDGE('',*,*,#670,.T.);
#1935 = ADVANCED_FACE('',(#1936),#238,.T.);
#1936 = FACE_BOUND('',#1937,.T.);
#1937 = EDGE_LOOP('',(#1938,#1970,#1971,#2003,#2032,#2061,#2090,#2117,
    #2118,#2138,#2167,#2196,#2225));
#1938 = ORIENTED_EDGE('',*,*,#1939,.T.);
#1939 = EDGE_CURVE('',#1940,#1062,#1942,.T.);
#1940 = VERTEX_POINT('',#1941);
#1941 = CARTESIAN_POINT('',(-0.951,9.445196617703E-02,8.450100563758E-02
    ));
#1942 = SURFACE_CURVE('',#1943,(#1950,#1960),.PCURVE_S1.);
#1943 = B_SPLINE_CURVE_WITH_KNOTS('',5,(#1944,#1945,#1946,#1947,#1948,
    #1949),.UNSPECIFIED.,.F.,.F.,(6,6),(0.,1.),
  .PIECEWISE_BEZIER_KNOTS.);
#1944 = CARTESIAN_POINT('',(-0.951,9.445196617703E-02,8.450100563758E-02
    ));
#1945 = CARTESIAN_POINT('',(-0.951,8.975137263187E-02,8.109556859346E-02
    ));
#1946 = CARTESIAN_POINT('',(-0.951,8.684997890938E-02,7.899359709407E-02
    ));
#1947 = CARTESIAN_POINT('',(-0.951,8.201653908924E-02,7.549191696455E-02
    ));
#1948 = CARTESIAN_POINT('',(-0.951,7.592812895598E-02,7.108104901597E-02
    ));
#1949 = CARTESIAN_POINT('',(-0.951,7.446282940476E-02,7.001948406157E-02
    ));
#1950 = PCURVE('',#238,#1951);
#1951 = DEFINITIONAL_REPRESENTATION('',(#1952),#1959);
#1952 = B_SPLINE_CURVE_WITH_KNOTS('',5,(#1953,#1954,#1955,#1956,#1957,
    #1958),.UNSPECIFIED.,.F.,.F.,(6,6),(0.,1.),
  .PIECEWISE_BEZIER_KNOTS.);
#1953 = CARTESIAN_POINT('',(0.295286046875,0.134222248416));
#1954 = CARTESIAN_POINT('',(0.295218389796,0.102658892695));
#1955 = CARTESIAN_POINT('',(0.295176629151,8.317673128636E-02));
#1956 = CARTESIAN_POINT('',(0.295107059975,5.07213447633E-02));
#1957 = CARTESIAN_POINT('',(0.295019427629,9.839134255942E-03));
#1958 = CARTESIAN_POINT('',(0.294998337125,0.));
#1959 = ( GEOMETRIC_REPRESENTATION_CONTEXT(2) 
PARAMETRIC_REPRESENTATION_CONTEXT() REPRESENTATION_CONTEXT('2D SPACE',''
  ) );
#1960 = PCURVE('',#1100,#1961);
#1961 = DEFINITIONAL_REPRESENTATION('',(#1962),#1969);
#1962 = B_SPLINE_CURVE_WITH_KNOTS('',5,(#1963,#1964,#1965,#1966,#1967,
    #1968),.UNSPECIFIED.,.F.,.F.,(6,6),(0.,1.),
  .PIECEWISE_BEZIER_KNOTS.);
#1963 = CARTESIAN_POINT('',(0.,0.357142857143));
#1964 = CARTESIAN_POINT('',(4.841463133163E-04,0.339902433318));
#1965 = CARTESIAN_POINT('',(7.76892145172E-04,0.329260956454));
#1966 = CARTESIAN_POINT('',(1.270458251798E-03,0.311533290739));
#1967 = CARTESIAN_POINT('',(1.868641796883E-03,0.289202755221));
#1968 = CARTESIAN_POINT('',(2.013190314163E-03,0.283828458326));
#1969 = ( GEOMETRIC_REPRESENTATION_CONTEXT(2) 
PARAMETRIC_REPRESENTATION_CONTEXT() REPRESENTATION_CONTEXT('2D SPACE',''
  ) );
#1970 = ORIENTED_EDGE('',*,*,#1061,.T.);
#1971 = ORIENTED_EDGE('',*,*,#1972,.T.);
#1972 = EDGE_CURVE('',#1064,#1973,#1975,.T.);
#1973 = VERTEX_POINT('',#1974);
#1974 = CARTESIAN_POINT('',(-0.951,9.895798032885E-02,7.840242601658E-02
    ));
#1975 = SURFACE_CURVE('',#1976,(#1983,#1993),.PCURVE_S1.);
#1976 = B_SPLINE_CURVE_WITH_KNOTS('',5,(#1977,#1978,#1979,#1980,#1981,
    #1982),.UNSPECIFIED.,.F.,.F.,(6,6),(0.,1.),
  .PIECEWISE_BEZIER_KNOTS.);
#1977 = CARTESIAN_POINT('',(-0.951,7.446282940476E-02,5.994638345951E-02
    ));
#1978 = CARTESIAN_POINT('',(-0.951,8.026285422592E-02,6.431645267293E-02
    ));
#1979 = CARTESIAN_POINT('',(-0.951,8.41223504484E-02,6.722441705949E-02)
  );
#1980 = CARTESIAN_POINT('',(-0.951,8.982236789248E-02,7.151913501613E-02
    ));
#1981 = CARTESIAN_POINT('',(-0.951,9.681308280549E-02,7.678633799596E-02
    ));
#1982 = CARTESIAN_POINT('',(-0.951,9.895798032885E-02,7.840242601658E-02
    ));
#1983 = PCURVE('',#238,#1984);
#1984 = DEFINITIONAL_REPRESENTATION('',(#1985),#1992);
#1985 = B_SPLINE_CURVE_WITH_KNOTS('',5,(#1986,#1987,#1988,#1989,#1990,
    #1991),.UNSPECIFIED.,.F.,.F.,(6,6),(0.,1.),
  .PIECEWISE_BEZIER_KNOTS.);
#1986 = CARTESIAN_POINT('',(0.305071437727,0.));
#1987 = CARTESIAN_POINT('',(0.304986791604,3.894577245352E-02));
#1988 = CARTESIAN_POINT('',(0.304930465743,6.486136185744E-02));
#1989 = CARTESIAN_POINT('',(0.304847279137,0.10313560878));
#1990 = CARTESIAN_POINT('',(0.304745255967,0.150076579028));
#1991 = CARTESIAN_POINT('',(0.304713953125,0.164479050277));
#1992 = ( GEOMETRIC_REPRESENTATION_CONTEXT(2) 
PARAMETRIC_REPRESENTATION_CONTEXT() REPRESENTATION_CONTEXT('2D SPACE',''
  ) );
#1993 = PCURVE('',#1899,#1994);
#1994 = DEFINITIONAL_REPRESENTATION('',(#1995),#2002);
#1995 = B_SPLINE_CURVE_WITH_KNOTS('',5,(#1996,#1997,#1998,#1999,#2000,
    #2001),.UNSPECIFIED.,.F.,.F.,(6,6),(0.,1.),
  .PIECEWISE_BEZIER_KNOTS.);
#1996 = CARTESIAN_POINT('',(1.665604884611E-03,0.266048381758));
#1997 = CARTESIAN_POINT('',(2.238499322421E-03,0.287617965874));
#1998 = CARTESIAN_POINT('',(2.628951452105E-03,0.301970961074));
#1999 = CARTESIAN_POINT('',(3.199058789534E-03,0.323168629967));
#2000 = CARTESIAN_POINT('',(3.929792598028E-03,0.349166245149));
#2001 = CARTESIAN_POINT('',(4.153575005899E-03,0.357142857143));
#2002 = ( GEOMETRIC_REPRESENTATION_CONTEXT(2) 
PARAMETRIC_REPRESENTATION_CONTEXT() REPRESENTATION_CONTEXT('2D SPACE',''
  ) );
#2003 = ORIENTED_EDGE('',*,*,#2004,.T.);
#2004 = EDGE_CURVE('',#1973,#2005,#2007,.T.);
#2005 = VERTEX_POINT('',#2006);
#2006 = CARTESIAN_POINT('',(-0.951,0.135886551364,0.10623701539));
#2007 = SURFACE_CURVE('',#2008,(#2014,#2023),.PCURVE_S1.);
#2008 = B_SPLINE_CURVE_WITH_KNOTS('',4,(#2009,#2010,#2011,#2012,#2013),
  .UNSPECIFIED.,.F.,.F.,(5,5),(0.,1.),.PIECEWISE_BEZIER_KNOTS.);
#2009 = CARTESIAN_POINT('',(-0.951,9.895798032885E-02,7.840242601658E-02
    ));
#2010 = CARTESIAN_POINT('',(-0.951,0.108190199687,8.536113109616E-02));
#2011 = CARTESIAN_POINT('',(-0.951,0.117422371579,9.231980039877E-02));
#2012 = CARTESIAN_POINT('',(-0.951,0.12665449098,9.927843013645E-02));
#2013 = CARTESIAN_POINT('',(-0.951,0.135886551364,0.10623701539));
#2014 = PCURVE('',#238,#2015);
#2015 = DEFINITIONAL_REPRESENTATION('',(#2016),#2022);
#2016 = B_SPLINE_CURVE_WITH_KNOTS('',4,(#2017,#2018,#2019,#2020,#2021),
  .UNSPECIFIED.,.F.,.F.,(5,5),(0.,1.),.PIECEWISE_BEZIER_KNOTS.);
#2017 = CARTESIAN_POINT('',(0.304713953125,0.164479050286));
#2018 = CARTESIAN_POINT('',(0.304576592304,0.226471184027));
#2019 = CARTESIAN_POINT('',(0.304439232189,0.288462999036));
#2020 = CARTESIAN_POINT('',(0.304301872855,0.350454461603));
#2021 = CARTESIAN_POINT('',(0.304164514399,0.412445527853));
#2022 = ( GEOMETRIC_REPRESENTATION_CONTEXT(2) 
PARAMETRIC_REPRESENTATION_CONTEXT() REPRESENTATION_CONTEXT('2D SPACE',''
  ) );
#2023 = PCURVE('',#1876,#2024);
#2024 = DEFINITIONAL_REPRESENTATION('',(#2025),#2031);
#2025 = B_SPLINE_CURVE_WITH_KNOTS('',4,(#2026,#2027,#2028,#2029,#2030),
  .UNSPECIFIED.,.F.,.F.,(5,5),(0.,1.),.PIECEWISE_BEZIER_KNOTS.);
#2026 = CARTESIAN_POINT('',(0.,0.357142857143));
#2027 = CARTESIAN_POINT('',(9.646057626065E-04,0.391480986922));
#2028 = CARTESIAN_POINT('',(1.956687995455E-03,0.425818940158));
#2029 = CARTESIAN_POINT('',(2.977999217829E-03,0.460156698159));
#2030 = CARTESIAN_POINT('',(4.030627130218E-03,0.494494236652));
#2031 = ( GEOMETRIC_REPRESENTATION_CONTEXT(2) 
PARAMETRIC_REPRESENTATION_CONTEXT() REPRESENTATION_CONTEXT('2D SPACE',''
  ) );
#2032 = ORIENTED_EDGE('',*,*,#2033,.T.);
#2033 = EDGE_CURVE('',#2005,#2034,#2036,.T.);
#2034 = VERTEX_POINT('',#2035);
#2035 = CARTESIAN_POINT('',(-0.951,0.168695186597,0.130975647433));
#2036 = SURFACE_CURVE('',#2037,(#2043,#2052),.PCURVE_S1.);
#2037 = B_SPLINE_CURVE_WITH_KNOTS('',4,(#2038,#2039,#2040,#2041,#2042),
  .UNSPECIFIED.,.F.,.F.,(5,5),(0.,1.),.PIECEWISE_BEZIER_KNOTS.);
#2038 = CARTESIAN_POINT('',(-0.951,0.135886551364,0.10623701539));
#2039 = CARTESIAN_POINT('',(-0.951,0.144088785034,0.112421729849));
#2040 = CARTESIAN_POINT('',(-0.951,0.152290972063,0.118606409139));
#2041 = CARTESIAN_POINT('',(-0.951,0.160493107867,0.124791049804));
#2042 = CARTESIAN_POINT('',(-0.951,0.168695186597,0.130975647433));
#2043 = PCURVE('',#238,#2044);
#2044 = DEFINITIONAL_REPRESENTATION('',(#2045),#2051);
#2045 = B_SPLINE_CURVE_WITH_KNOTS('',4,(#2046,#2047,#2048,#2049,#2050),
  .UNSPECIFIED.,.F.,.F.,(5,5),(0.,1.),.PIECEWISE_BEZIER_KNOTS.);
#2046 = CARTESIAN_POINT('',(0.304164514399,0.412445527859));
#2047 = CARTESIAN_POINT('',(0.304040125998,0.467521555292));
#2048 = CARTESIAN_POINT('',(0.303915738305,0.522597269534));
#2049 = CARTESIAN_POINT('',(0.303791351388,0.577672639835));
#2050 = CARTESIAN_POINT('',(0.303666965337,0.632747626869));
#2051 = ( GEOMETRIC_REPRESENTATION_CONTEXT(2) 
PARAMETRIC_REPRESENTATION_CONTEXT() REPRESENTATION_CONTEXT('2D SPACE',''
  ) );
#2052 = PCURVE('',#1851,#2053);
#2053 = DEFINITIONAL_REPRESENTATION('',(#2054),#2060);
#2054 = B_SPLINE_CURVE_WITH_KNOTS('',4,(#2055,#2056,#2057,#2058,#2059),
  .UNSPECIFIED.,.F.,.F.,(5,5),(0.,1.),.PIECEWISE_BEZIER_KNOTS.);
#2055 = CARTESIAN_POINT('',(0.,0.494494236652));
#2056 = CARTESIAN_POINT('',(9.355139371427E-04,0.525005610282));
#2057 = CARTESIAN_POINT('',(1.89576179561E-03,0.555516810414));
#2058 = CARTESIAN_POINT('',(2.882208558158E-03,0.586027819993));
#2059 = CARTESIAN_POINT('',(3.896577456362E-03,0.616538617266));
#2060 = ( GEOMETRIC_REPRESENTATION_CONTEXT(2) 
PARAMETRIC_REPRESENTATION_CONTEXT() REPRESENTATION_CONTEXT('2D SPACE',''
  ) );
#2061 = ORIENTED_EDGE('',*,*,#2062,.T.);
#2062 = EDGE_CURVE('',#2034,#2063,#2065,.T.);
#2063 = VERTEX_POINT('',#2064);
#2064 = CARTESIAN_POINT('',(-0.951,0.197906469051,0.153010217843));
#2065 = SURFACE_CURVE('',#2066,(#2072,#2081),.PCURVE_S1.);
#2066 = B_SPLINE_CURVE_WITH_KNOTS('',4,(#2067,#2068,#2069,#2070,#2071),
  .UNSPECIFIED.,.F.,.F.,(5,5),(0.,1.),.PIECEWISE_BEZIER_KNOTS.);
#2067 = CARTESIAN_POINT('',(-0.951,0.168695186597,0.130975647433));
#2068 = CARTESIAN_POINT('',(-0.951,0.175998079548,0.136484344601));
#2069 = CARTESIAN_POINT('',(-0.951,0.183300927204,0.141993007602));
#2070 = CARTESIAN_POINT('',(-0.951,0.19060372543,0.147501633317));
#2071 = CARTESIAN_POINT('',(-0.951,0.197906469051,0.153010217843));
#2072 = PCURVE('',#238,#2073);
#2073 = DEFINITIONAL_REPRESENTATION('',(#2074),#2080);
#2074 = B_SPLINE_CURVE_WITH_KNOTS('',4,(#2075,#2076,#2077,#2078,#2079),
  .UNSPECIFIED.,.F.,.F.,(5,5),(0.,1.),.PIECEWISE_BEZIER_KNOTS.);
#2075 = CARTESIAN_POINT('',(0.303666965337,0.632747626874));
#2076 = CARTESIAN_POINT('',(0.303554104746,0.681784797564));
#2077 = CARTESIAN_POINT('',(0.303441244855,0.730821664096));
#2078 = CARTESIAN_POINT('',(0.303328385728,0.779858198744));
#2079 = CARTESIAN_POINT('',(0.303215527445,0.828894366706));
#2080 = ( GEOMETRIC_REPRESENTATION_CONTEXT(2) 
PARAMETRIC_REPRESENTATION_CONTEXT() REPRESENTATION_CONTEXT('2D SPACE',''
  ) );
#2081 = PCURVE('',#1826,#2082);
#2082 = DEFINITIONAL_REPRESENTATION('',(#2083),#2089);
#2083 = B_SPLINE_CURVE_WITH_KNOTS('',4,(#2084,#2085,#2086,#2087,#2088),
  .UNSPECIFIED.,.F.,.F.,(5,5),(0.,1.),.PIECEWISE_BEZIER_KNOTS.);
#2084 = CARTESIAN_POINT('',(0.,0.616538617266));
#2085 = CARTESIAN_POINT('',(9.0345968732E-04,0.643708271896));
#2086 = CARTESIAN_POINT('',(1.829067112339E-03,0.67087775801));
#2087 = CARTESIAN_POINT('',(2.778039294601E-03,0.698047060227));
#2088 = CARTESIAN_POINT('',(3.751790295395E-03,0.725216159291));
#2089 = ( GEOMETRIC_REPRESENTATION_CONTEXT(2) 
PARAMETRIC_REPRESENTATION_CONTEXT() REPRESENTATION_CONTEXT('2D SPACE',''
  ) );
#2090 = ORIENTED_EDGE('',*,*,#2091,.T.);
#2091 = EDGE_CURVE('',#2063,#223,#2092,.T.);
#2092 = SURFACE_CURVE('',#2093,(#2099,#2108),.PCURVE_S1.);
#2093 = B_SPLINE_CURVE_WITH_KNOTS('',4,(#2094,#2095,#2096,#2097,#2098),
  .UNSPECIFIED.,.F.,.F.,(5,5),(0.,1.),.PIECEWISE_BEZIER_KNOTS.);
#2094 = CARTESIAN_POINT('',(-0.951,0.197906469051,0.153010217843));
#2095 = CARTESIAN_POINT('',(-0.951,0.204277039874,0.157817501493));
#2096 = CARTESIAN_POINT('',(-0.951,0.2106475691,0.162624753753));
#2097 = CARTESIAN_POINT('',(-0.951,0.217018053289,0.167431972026));
#2098 = CARTESIAN_POINT('',(-0.951,0.223388488214,0.172239153126));
#2099 = PCURVE('',#238,#2100);
#2100 = DEFINITIONAL_REPRESENTATION('',(#2101),#2107);
#2101 = B_SPLINE_CURVE_WITH_KNOTS('',4,(#2102,#2103,#2104,#2105,#2106),
  .UNSPECIFIED.,.F.,.F.,(5,5),(0.,1.),.PIECEWISE_BEZIER_KNOTS.);
#2102 = CARTESIAN_POINT('',(0.303215527445,0.82889436671));
#2103 = CARTESIAN_POINT('',(0.303115222153,0.871671218426));
#2104 = CARTESIAN_POINT('',(0.303014917515,0.914447790827));
#2105 = CARTESIAN_POINT('',(0.302914613587,0.957224060806));
#2106 = CARTESIAN_POINT('',(0.302814310434,1.));
#2107 = ( GEOMETRIC_REPRESENTATION_CONTEXT(2) 
PARAMETRIC_REPRESENTATION_CONTEXT() REPRESENTATION_CONTEXT('2D SPACE',''
  ) );
#2108 = PCURVE('',#1002,#2109);
#2109 = DEFINITIONAL_REPRESENTATION('',(#2110),#2116);
#2110 = B_SPLINE_CURVE_WITH_KNOTS('',4,(#2111,#2112,#2113,#2114,#2115),
  .UNSPECIFIED.,.F.,.F.,(5,5),(0.,1.),.PIECEWISE_BEZIER_KNOTS.);
#2111 = CARTESIAN_POINT('',(0.,0.725216159291));
#2112 = CARTESIAN_POINT('',(8.497320403925E-04,0.748920477072));
#2113 = CARTESIAN_POINT('',(1.718330799698E-03,0.772624640072));
#2114 = CARTESIAN_POINT('',(2.60673584276E-03,0.79632863549));
#2115 = CARTESIAN_POINT('',(3.516023105257E-03,0.820032447606));
#2116 = ( GEOMETRIC_REPRESENTATION_CONTEXT(2) 
PARAMETRIC_REPRESENTATION_CONTEXT() REPRESENTATION_CONTEXT('2D SPACE',''
  ) );
#2117 = ORIENTED_EDGE('',*,*,#220,.F.);
#2118 = ORIENTED_EDGE('',*,*,#2119,.T.);
#2119 = EDGE_CURVE('',#221,#2120,#2122,.T.);
#2120 = VERTEX_POINT('',#2121);
#2121 = CARTESIAN_POINT('',(-0.951,0.221271316913,0.176294586582));
#2122 = SURFACE_CURVE('',#2123,(#2126,#2132),.PCURVE_S1.);
#2123 = B_SPLINE_CURVE_WITH_KNOTS('',1,(#2124,#2125),.UNSPECIFIED.,.F.,
  .F.,(2,2),(0.,1.),.PIECEWISE_BEZIER_KNOTS.);
#2124 = CARTESIAN_POINT('',(-0.951,0.223388488214,0.177825445388));
#2125 = CARTESIAN_POINT('',(-0.951,0.221271316913,0.176294586582));
#2126 = PCURVE('',#238,#2127);
#2127 = DEFINITIONAL_REPRESENTATION('',(#2128),#2131);
#2128 = B_SPLINE_CURVE_WITH_KNOTS('',1,(#2129,#2130),.UNSPECIFIED.,.F.,
  .F.,(2,2),(0.,1.),.PIECEWISE_BEZIER_KNOTS.);
#2129 = CARTESIAN_POINT('',(0.297228018173,1.));
#2130 = CARTESIAN_POINT('',(0.297194577676,0.985783703641));
#2131 = ( GEOMETRIC_REPRESENTATION_CONTEXT(2) 
PARAMETRIC_REPRESENTATION_CONTEXT() REPRESENTATION_CONTEXT('2D SPACE',''
  ) );
#2132 = PCURVE('',#264,#2133);
#2133 = DEFINITIONAL_REPRESENTATION('',(#2134),#2137);
#2134 = B_SPLINE_CURVE_WITH_KNOTS('',1,(#2135,#2136),.UNSPECIFIED.,.F.,
  .F.,(2,2),(0.,1.),.PIECEWISE_BEZIER_KNOTS.);
#2135 = CARTESIAN_POINT('',(3.132575243159E-03,0.829892837974));
#2136 = CARTESIAN_POINT('',(3.431604232115E-03,0.822132900951));
#2137 = ( GEOMETRIC_REPRESENTATION_CONTEXT(2) 
PARAMETRIC_REPRESENTATION_CONTEXT() REPRESENTATION_CONTEXT('2D SPACE',''
  ) );
#2138 = ORIENTED_EDGE('',*,*,#2139,.T.);
#2139 = EDGE_CURVE('',#2120,#2140,#2142,.T.);
#2140 = VERTEX_POINT('',#2141);
#2141 = CARTESIAN_POINT('',(-0.951,0.194832782956,0.157170240148));
#2142 = SURFACE_CURVE('',#2143,(#2149,#2158),.PCURVE_S1.);
#2143 = B_SPLINE_CURVE_WITH_KNOTS('',4,(#2144,#2145,#2146,#2147,#2148),
  .UNSPECIFIED.,.F.,.F.,(5,5),(0.,1.),.PIECEWISE_BEZIER_KNOTS.);
#2144 = CARTESIAN_POINT('',(-0.951,0.221271316913,0.176294586582));
#2145 = CARTESIAN_POINT('',(-0.951,0.214661756065,0.171513552519));
#2146 = CARTESIAN_POINT('',(-0.951,0.208052143934,0.16673248136));
#2147 = CARTESIAN_POINT('',(-0.951,0.201442485017,0.161951376358));
#2148 = CARTESIAN_POINT('',(-0.951,0.194832782956,0.157170240148));
#2149 = PCURVE('',#238,#2150);
#2150 = DEFINITIONAL_REPRESENTATION('',(#2151),#2157);
#2151 = B_SPLINE_CURVE_WITH_KNOTS('',4,(#2152,#2153,#2154,#2155,#2156),
  .UNSPECIFIED.,.F.,.F.,(5,5),(0.,1.),.PIECEWISE_BEZIER_KNOTS.);
#2152 = CARTESIAN_POINT('',(0.297194577676,0.985783703639));
#2153 = CARTESIAN_POINT('',(0.297092052523,0.941402091355));
#2154 = CARTESIAN_POINT('',(0.296989526574,0.897020134732));
#2155 = CARTESIAN_POINT('',(0.296886999899,0.852637863926));
#2156 = CARTESIAN_POINT('',(0.296784472555,0.808255303447));
#2157 = ( GEOMETRIC_REPRESENTATION_CONTEXT(2) 
PARAMETRIC_REPRESENTATION_CONTEXT() REPRESENTATION_CONTEXT('2D SPACE',''
  ) );
#2158 = PCURVE('',#1200,#2159);
#2159 = DEFINITIONAL_REPRESENTATION('',(#2160),#2166);
#2160 = B_SPLINE_CURVE_WITH_KNOTS('',4,(#2161,#2162,#2163,#2164,#2165),
  .UNSPECIFIED.,.F.,.F.,(5,5),(0.,1.),.PIECEWISE_BEZIER_KNOTS.);
#2161 = CARTESIAN_POINT('',(0.,0.822132900951));
#2162 = CARTESIAN_POINT('',(9.308512635881E-04,0.797903981819));
#2163 = CARTESIAN_POINT('',(1.839834717105E-03,0.773674874699));
#2164 = CARTESIAN_POINT('',(2.728102819056E-03,0.749445596074));
#2165 = CARTESIAN_POINT('',(3.596658862616E-03,0.725216159291));
#2166 = ( GEOMETRIC_REPRESENTATION_CONTEXT(2) 
PARAMETRIC_REPRESENTATION_CONTEXT() REPRESENTATION_CONTEXT('2D SPACE',''
  ) );
#2167 = ORIENTED_EDGE('',*,*,#2168,.T.);
#2168 = EDGE_CURVE('',#2140,#2169,#2171,.T.);
#2169 = VERTEX_POINT('',#2170);
#2170 = CARTESIAN_POINT('',(-0.951,0.165189976158,0.135719708199));
#2171 = SURFACE_CURVE('',#2172,(#2178,#2187),.PCURVE_S1.);
#2172 = B_SPLINE_CURVE_WITH_KNOTS('',4,(#2173,#2174,#2175,#2176,#2177),
  .UNSPECIFIED.,.F.,.F.,(5,5),(0.,1.),.PIECEWISE_BEZIER_KNOTS.);
#2173 = CARTESIAN_POINT('',(-0.951,0.194832782956,0.157170240148));
#2174 = CARTESIAN_POINT('',(-0.951,0.187422157692,0.151807662472));
#2175 = CARTESIAN_POINT('',(-0.951,0.180011478216,0.146445045566));
#2176 = CARTESIAN_POINT('',(-0.951,0.172600749673,0.141082393154));
#2177 = CARTESIAN_POINT('',(-0.951,0.165189976158,0.135719708199));
#2178 = PCURVE('',#238,#2179);
#2179 = DEFINITIONAL_REPRESENTATION('',(#2180),#2186);
#2180 = B_SPLINE_CURVE_WITH_KNOTS('',4,(#2181,#2182,#2183,#2184,#2185),
  .UNSPECIFIED.,.F.,.F.,(5,5),(0.,1.),.PIECEWISE_BEZIER_KNOTS.);
#2181 = CARTESIAN_POINT('',(0.296784472555,0.80825530344));
#2182 = CARTESIAN_POINT('',(0.296671614246,0.758494736165));
#2183 = CARTESIAN_POINT('',(0.296558755112,0.708733804883));
#2184 = CARTESIAN_POINT('',(0.29644589523,0.658972544093));
#2185 = CARTESIAN_POINT('',(0.296333034663,0.609210981372));
#2186 = ( GEOMETRIC_REPRESENTATION_CONTEXT(2) 
PARAMETRIC_REPRESENTATION_CONTEXT() REPRESENTATION_CONTEXT('2D SPACE',''
  ) );
#2187 = PCURVE('',#1175,#2188);
#2188 = DEFINITIONAL_REPRESENTATION('',(#2189),#2195);
#2189 = B_SPLINE_CURVE_WITH_KNOTS('',4,(#2190,#2191,#2192,#2193,#2194),
  .UNSPECIFIED.,.F.,.F.,(5,5),(0.,1.),.PIECEWISE_BEZIER_KNOTS.);
#2190 = CARTESIAN_POINT('',(0.,0.725216159291));
#2191 = CARTESIAN_POINT('',(9.737512094386E-04,0.698047054016));
#2192 = CARTESIAN_POINT('',(1.922723484241E-03,0.670877749985));
#2193 = CARTESIAN_POINT('',(2.848330779944E-03,0.643708266064));
#2194 = CARTESIAN_POINT('',(3.751790295395E-03,0.616538617266));
#2195 = ( GEOMETRIC_REPRESENTATION_CONTEXT(2) 
PARAMETRIC_REPRESENTATION_CONTEXT() REPRESENTATION_CONTEXT('2D SPACE',''
  ) );
#2196 = ORIENTED_EDGE('',*,*,#2197,.T.);
#2197 = EDGE_CURVE('',#2169,#2198,#2200,.T.);
#2198 = VERTEX_POINT('',#2199);
#2199 = CARTESIAN_POINT('',(-0.951,0.131905739439,0.111624769992));
#2200 = SURFACE_CURVE('',#2201,(#2207,#2216),.PCURVE_S1.);
#2201 = B_SPLINE_CURVE_WITH_KNOTS('',4,(#2202,#2203,#2204,#2205,#2206),
  .UNSPECIFIED.,.F.,.F.,(5,5),(0.,1.),.PIECEWISE_BEZIER_KNOTS.);
#2202 = CARTESIAN_POINT('',(-0.951,0.165189976158,0.135719708199));
#2203 = CARTESIAN_POINT('',(-0.951,0.156868996488,0.129696031205));
#2204 = CARTESIAN_POINT('',(-0.951,0.148547960149,0.123672313188));
#2205 = CARTESIAN_POINT('',(-0.951,0.14022687295,0.117648558353));
#2206 = CARTESIAN_POINT('',(-0.951,0.131905739439,0.111624769992));
#2207 = PCURVE('',#238,#2208);
#2208 = DEFINITIONAL_REPRESENTATION('',(#2209),#2215);
#2209 = B_SPLINE_CURVE_WITH_KNOTS('',4,(#2210,#2211,#2212,#2213,#2214),
  .UNSPECIFIED.,.F.,.F.,(5,5),(0.,1.),.PIECEWISE_BEZIER_KNOTS.);
#2210 = CARTESIAN_POINT('',(0.296333034663,0.609210981364));
#2211 = CARTESIAN_POINT('',(0.296208648586,0.553337603078));
#2212 = CARTESIAN_POINT('',(0.296084261662,0.497463844296));
#2213 = CARTESIAN_POINT('',(0.295959873978,0.44158974396));
#2214 = CARTESIAN_POINT('',(0.295835485601,0.385715332702));
#2215 = ( GEOMETRIC_REPRESENTATION_CONTEXT(2) 
PARAMETRIC_REPRESENTATION_CONTEXT() REPRESENTATION_CONTEXT('2D SPACE',''
  ) );
#2216 = PCURVE('',#1150,#2217);
#2217 = DEFINITIONAL_REPRESENTATION('',(#2218),#2224);
#2218 = B_SPLINE_CURVE_WITH_KNOTS('',4,(#2219,#2220,#2221,#2222,#2223),
  .UNSPECIFIED.,.F.,.F.,(5,5),(0.,1.),.PIECEWISE_BEZIER_KNOTS.);
#2219 = CARTESIAN_POINT('',(0.,0.616538617266));
#2220 = CARTESIAN_POINT('',(1.014369039147E-03,0.586027813651));
#2221 = CARTESIAN_POINT('',(2.000815991679E-03,0.555516802248));
#2222 = CARTESIAN_POINT('',(2.96106365078E-03,0.525005604357));
#2223 = CARTESIAN_POINT('',(3.896577456362E-03,0.494494236652));
#2224 = ( GEOMETRIC_REPRESENTATION_CONTEXT(2) 
PARAMETRIC_REPRESENTATION_CONTEXT() REPRESENTATION_CONTEXT('2D SPACE',''
  ) );
#2225 = ORIENTED_EDGE('',*,*,#2226,.T.);
#2226 = EDGE_CURVE('',#2198,#1940,#2227,.T.);
#2227 = SURFACE_CURVE('',#2228,(#2234,#2243),.PCURVE_S1.);
#2228 = B_SPLINE_CURVE_WITH_KNOTS('',4,(#2229,#2230,#2231,#2232,#2233),
  .UNSPECIFIED.,.F.,.F.,(5,5),(0.,1.),.PIECEWISE_BEZIER_KNOTS.);
#2229 = CARTESIAN_POINT('',(-0.951,0.131905739439,0.111624769992));
#2230 = CARTESIAN_POINT('',(-0.951,0.122542377925,0.104843888144));
#2231 = CARTESIAN_POINT('',(-0.951,0.1131789578,9.806296384915E-02));
#2232 = CARTESIAN_POINT('',(-0.951,0.10381548556,9.128200181388E-02));
#2233 = CARTESIAN_POINT('',(-0.951,9.445196617703E-02,8.450100563758E-02
    ));
#2234 = PCURVE('',#238,#2235);
#2235 = DEFINITIONAL_REPRESENTATION('',(#2236),#2242);
#2236 = B_SPLINE_CURVE_WITH_KNOTS('',4,(#2237,#2238,#2239,#2240,#2241),
  .UNSPECIFIED.,.F.,.F.,(5,5),(0.,1.),.PIECEWISE_BEZIER_KNOTS.);
#2237 = CARTESIAN_POINT('',(0.295835485601,0.385715332693));
#2238 = CARTESIAN_POINT('',(0.29569812712,0.322842610899));
#2239 = CARTESIAN_POINT('',(0.295560767778,0.259969495565));
#2240 = CARTESIAN_POINT('',(0.295423407672,0.197096030246));
#2241 = CARTESIAN_POINT('',(0.295286046875,0.134222248426));
#2242 = ( GEOMETRIC_REPRESENTATION_CONTEXT(2) 
PARAMETRIC_REPRESENTATION_CONTEXT() REPRESENTATION_CONTEXT('2D SPACE',''
  ) );
#2243 = PCURVE('',#1125,#2244);
#2244 = DEFINITIONAL_REPRESENTATION('',(#2245),#2251);
#2245 = B_SPLINE_CURVE_WITH_KNOTS('',4,(#2246,#2247,#2248,#2249,#2250),
  .UNSPECIFIED.,.F.,.F.,(5,5),(0.,1.),.PIECEWISE_BEZIER_KNOTS.);
#2246 = CARTESIAN_POINT('',(0.,0.494494236652));
#2247 = CARTESIAN_POINT('',(1.052628096702E-03,0.46015669176));
#2248 = CARTESIAN_POINT('',(2.073939422058E-03,0.425818931927));
#2249 = CARTESIAN_POINT('',(3.066021539951E-03,0.391480980978));
#2250 = CARTESIAN_POINT('',(4.030627130218E-03,0.357142857143));
#2251 = ( GEOMETRIC_REPRESENTATION_CONTEXT(2) 
PARAMETRIC_REPRESENTATION_CONTEXT() REPRESENTATION_CONTEXT('2D SPACE',''
  ) );
#2252 = ADVANCED_FACE('',(#2253),#1002,.T.);
#2253 = FACE_BOUND('',#2254,.T.);
#2254 = EDGE_LOOP('',(#2255,#2275,#2276,#2296,#2297));
#2255 = ORIENTED_EDGE('',*,*,#2256,.F.);
#2256 = EDGE_CURVE('',#1793,#2063,#2257,.T.);
#2257 = SURFACE_CURVE('',#2258,(#2261,#2268),.PCURVE_S1.);
#2258 = B_SPLINE_CURVE_WITH_KNOTS('',1,(#2259,#2260),.UNSPECIFIED.,.F.,
  .F.,(2,2),(0.,1.),.PIECEWISE_BEZIER_KNOTS.);
#2259 = CARTESIAN_POINT('',(-0.971638835194,1.928431323507E-03,
    7.390001102126E-03));
#2260 = CARTESIAN_POINT('',(-0.94317996134,0.272162395661,0.208185605109
    ));
#2261 = PCURVE('',#1002,#2262);
#2262 = DEFINITIONAL_REPRESENTATION('',(#2263),#2267);
#2263 = LINE('',#2264,#2265);
#2264 = CARTESIAN_POINT('',(0.,0.));
#2265 = VECTOR('',#2266,1.);
#2266 = DIRECTION('',(0.,1.));
#2267 = ( GEOMETRIC_REPRESENTATION_CONTEXT(2) 
PARAMETRIC_REPRESENTATION_CONTEXT() REPRESENTATION_CONTEXT('2D SPACE',''
  ) );
#2268 = PCURVE('',#1826,#2269);
#2269 = DEFINITIONAL_REPRESENTATION('',(#2270),#2274);
#2270 = LINE('',#2271,#2272);
#2271 = CARTESIAN_POINT('',(3.751790295395E-03,0.));
#2272 = VECTOR('',#2273,1.);
#2273 = DIRECTION('',(0.,1.));
#2274 = ( GEOMETRIC_REPRESENTATION_CONTEXT(2) 
PARAMETRIC_REPRESENTATION_CONTEXT() REPRESENTATION_CONTEXT('2D SPACE',''
  ) );
#2275 = ORIENTED_EDGE('',*,*,#1792,.F.);
#2276 = ORIENTED_EDGE('',*,*,#2277,.T.);
#2277 = EDGE_CURVE('',#1773,#966,#2278,.T.);
#2278 = SURFACE_CURVE('',#2279,(#2282,#2289),.PCURVE_S1.);
#2279 = B_SPLINE_CURVE_WITH_KNOTS('',1,(#2280,#2281),.UNSPECIFIED.,.F.,
  .F.,(2,2),(0.,1.),.PIECEWISE_BEZIER_KNOTS.);
#2280 = CARTESIAN_POINT('',(-0.975221754572,1.741791091798E-03,
    7.64260579337E-03));
#2281 = CARTESIAN_POINT('',(-0.945759663292,0.272028014694,
    0.208367480487));
#2282 = PCURVE('',#1002,#2283);
#2283 = DEFINITIONAL_REPRESENTATION('',(#2284),#2288);
#2284 = LINE('',#2285,#2286);
#2285 = CARTESIAN_POINT('',(3.596658862616E-03,0.));
#2286 = VECTOR('',#2287,1.);
#2287 = DIRECTION('',(0.,1.));
#2288 = ( GEOMETRIC_REPRESENTATION_CONTEXT(2) 
PARAMETRIC_REPRESENTATION_CONTEXT() REPRESENTATION_CONTEXT('2D SPACE',''
  ) );
#2289 = PCURVE('',#979,#2290);
#2290 = DEFINITIONAL_REPRESENTATION('',(#2291),#2295);
#2291 = LINE('',#2292,#2293);
#2292 = CARTESIAN_POINT('',(0.,0.));
#2293 = VECTOR('',#2294,1.);
#2294 = DIRECTION('',(0.,1.));
#2295 = ( GEOMETRIC_REPRESENTATION_CONTEXT(2) 
PARAMETRIC_REPRESENTATION_CONTEXT() REPRESENTATION_CONTEXT('2D SPACE',''
  ) );
#2296 = ORIENTED_EDGE('',*,*,#990,.T.);
#2297 = ORIENTED_EDGE('',*,*,#2091,.F.);
#2298 = ADVANCED_FACE('',(#2299),#979,.T.);
#2299 = FACE_BOUND('',#2300,.T.);
#2300 = EDGE_LOOP('',(#2301,#2302,#2303,#2323));
#2301 = ORIENTED_EDGE('',*,*,#2277,.F.);
#2302 = ORIENTED_EDGE('',*,*,#1772,.F.);
#2303 = ORIENTED_EDGE('',*,*,#2304,.T.);
#2304 = EDGE_CURVE('',#1753,#941,#2305,.T.);
#2305 = SURFACE_CURVE('',#2306,(#2309,#2316),.PCURVE_S1.);
#2306 = B_SPLINE_CURVE_WITH_KNOTS('',1,(#2307,#2308),.UNSPECIFIED.,.F.,
  .F.,(2,2),(0.,1.),.PIECEWISE_BEZIER_KNOTS.);
#2307 = CARTESIAN_POINT('',(-0.978639610307,1.55943244456E-03,
    7.889415655098E-03));
#2308 = CARTESIAN_POINT('',(-0.948220519421,0.271896716468,
    0.208545183587));
#2309 = PCURVE('',#979,#2310);
#2310 = DEFINITIONAL_REPRESENTATION('',(#2311),#2315);
#2311 = LINE('',#2312,#2313);
#2312 = CARTESIAN_POINT('',(3.431604232115E-03,0.));
#2313 = VECTOR('',#2314,1.);
#2314 = DIRECTION('',(0.,1.));
#2315 = ( GEOMETRIC_REPRESENTATION_CONTEXT(2) 
PARAMETRIC_REPRESENTATION_CONTEXT() REPRESENTATION_CONTEXT('2D SPACE',''
  ) );
#2316 = PCURVE('',#954,#2317);
#2317 = DEFINITIONAL_REPRESENTATION('',(#2318),#2322);
#2318 = LINE('',#2319,#2320);
#2319 = CARTESIAN_POINT('',(0.,0.));
#2320 = VECTOR('',#2321,1.);
#2321 = DIRECTION('',(0.,1.));
#2322 = ( GEOMETRIC_REPRESENTATION_CONTEXT(2) 
PARAMETRIC_REPRESENTATION_CONTEXT() REPRESENTATION_CONTEXT('2D SPACE',''
  ) );
#2323 = ORIENTED_EDGE('',*,*,#965,.T.);
#2324 = ADVANCED_FACE('',(#2325),#954,.T.);
#2325 = FACE_BOUND('',#2326,.T.);
#2326 = EDGE_LOOP('',(#2327,#2328,#2329,#2349));
#2327 = ORIENTED_EDGE('',*,*,#2304,.F.);
#2328 = ORIENTED_EDGE('',*,*,#1752,.F.);
#2329 = ORIENTED_EDGE('',*,*,#2330,.T.);
#2330 = EDGE_CURVE('',#1733,#916,#2331,.T.);
#2331 = SURFACE_CURVE('',#2332,(#2335,#2342),.PCURVE_S1.);
#2332 = B_SPLINE_CURVE_WITH_KNOTS('',1,(#2333,#2334),.UNSPECIFIED.,.F.,
  .F.,(2,2),(0.,1.),.PIECEWISE_BEZIER_KNOTS.);
#2333 = CARTESIAN_POINT('',(-0.981883034293,1.382415299739E-03,
    8.128996161418E-03));
#2334 = CARTESIAN_POINT('',(-0.950555784691,0.271769264124,
    0.208717681552));
#2335 = PCURVE('',#954,#2336);
#2336 = DEFINITIONAL_REPRESENTATION('',(#2337),#2341);
#2337 = LINE('',#2338,#2339);
#2338 = CARTESIAN_POINT('',(3.257074307208E-03,0.));
#2339 = VECTOR('',#2340,1.);
#2340 = DIRECTION('',(0.,1.));
#2341 = ( GEOMETRIC_REPRESENTATION_CONTEXT(2) 
PARAMETRIC_REPRESENTATION_CONTEXT() REPRESENTATION_CONTEXT('2D SPACE',''
  ) );
#2342 = PCURVE('',#929,#2343);
#2343 = DEFINITIONAL_REPRESENTATION('',(#2344),#2348);
#2344 = LINE('',#2345,#2346);
#2345 = CARTESIAN_POINT('',(0.,0.));
#2346 = VECTOR('',#2347,1.);
#2347 = DIRECTION('',(0.,1.));
#2348 = ( GEOMETRIC_REPRESENTATION_CONTEXT(2) 
PARAMETRIC_REPRESENTATION_CONTEXT() REPRESENTATION_CONTEXT('2D SPACE',''
  ) );
#2349 = ORIENTED_EDGE('',*,*,#940,.T.);
#2350 = ADVANCED_FACE('',(#2351),#929,.T.);
#2351 = FACE_BOUND('',#2352,.T.);
#2352 = EDGE_LOOP('',(#2353,#2354,#2355,#2375));
#2353 = ORIENTED_EDGE('',*,*,#2330,.F.);
#2354 = ORIENTED_EDGE('',*,*,#1732,.F.);
#2355 = ORIENTED_EDGE('',*,*,#2356,.T.);
#2356 = EDGE_CURVE('',#1713,#891,#2357,.T.);
#2357 = SURFACE_CURVE('',#2358,(#2361,#2368),.PCURVE_S1.);
#2358 = B_SPLINE_CURVE_WITH_KNOTS('',1,(#2359,#2360),.UNSPECIFIED.,.F.,
  .F.,(2,2),(0.,1.),.PIECEWISE_BEZIER_KNOTS.);
#2359 = CARTESIAN_POINT('',(-0.984943136531,1.211791896373E-03,
    8.359923179305E-03));
#2360 = CARTESIAN_POINT('',(-0.952759058302,0.271646415274,
    0.208883949005));
#2361 = PCURVE('',#929,#2362);
#2362 = DEFINITIONAL_REPRESENTATION('',(#2363),#2367);
#2363 = LINE('',#2364,#2365);
#2364 = CARTESIAN_POINT('',(3.073542799665E-03,0.));
#2365 = VECTOR('',#2366,1.);
#2366 = DIRECTION('',(0.,1.));
#2367 = ( GEOMETRIC_REPRESENTATION_CONTEXT(2) 
PARAMETRIC_REPRESENTATION_CONTEXT() REPRESENTATION_CONTEXT('2D SPACE',''
  ) );
#2368 = PCURVE('',#904,#2369);
#2369 = DEFINITIONAL_REPRESENTATION('',(#2370),#2374);
#2370 = LINE('',#2371,#2372);
#2371 = CARTESIAN_POINT('',(0.,0.));
#2372 = VECTOR('',#2373,1.);
#2373 = DIRECTION('',(0.,1.));
#2374 = ( GEOMETRIC_REPRESENTATION_CONTEXT(2) 
PARAMETRIC_REPRESENTATION_CONTEXT() REPRESENTATION_CONTEXT('2D SPACE',''
  ) );
#2375 = ORIENTED_EDGE('',*,*,#915,.T.);
#2376 = ADVANCED_FACE('',(#2377),#904,.T.);
#2377 = FACE_BOUND('',#2378,.T.);
#2378 = EDGE_LOOP('',(#2379,#2380,#2381,#2401));
#2379 = ORIENTED_EDGE('',*,*,#2356,.F.);
#2380 = ORIENTED_EDGE('',*,*,#1712,.F.);
#2381 = ORIENTED_EDGE('',*,*,#2382,.T.);
#2382 = EDGE_CURVE('',#1693,#866,#2383,.T.);
#2383 = SURFACE_CURVE('',#2384,(#2387,#2394),.PCURVE_S1.);
#2384 = B_SPLINE_CURVE_WITH_KNOTS('',1,(#2385,#2386),.UNSPECIFIED.,.F.,
  .F.,(2,2),(0.,1.),.PIECEWISE_BEZIER_KNOTS.);
#2385 = CARTESIAN_POINT('',(-0.987811529494,1.048603621253E-03,
    8.580787263504E-03));
#2386 = CARTESIAN_POINT('',(-0.954824301235,0.271528919716,
    0.209042971146));
#2387 = PCURVE('',#904,#2388);
#2388 = DEFINITIONAL_REPRESENTATION('',(#2389),#2393);
#2389 = LINE('',#2390,#2391);
#2390 = CARTESIAN_POINT('',(2.881508206621E-03,0.));
#2391 = VECTOR('',#2392,1.);
#2392 = DIRECTION('',(0.,1.));
#2393 = ( GEOMETRIC_REPRESENTATION_CONTEXT(2) 
PARAMETRIC_REPRESENTATION_CONTEXT() REPRESENTATION_CONTEXT('2D SPACE',''
  ) );
#2394 = PCURVE('',#879,#2395);
#2395 = DEFINITIONAL_REPRESENTATION('',(#2396),#2400);
#2396 = LINE('',#2397,#2398);
#2397 = CARTESIAN_POINT('',(0.,0.));
#2398 = VECTOR('',#2399,1.);
#2399 = DIRECTION('',(0.,1.));
#2400 = ( GEOMETRIC_REPRESENTATION_CONTEXT(2) 
PARAMETRIC_REPRESENTATION_CONTEXT() REPRESENTATION_CONTEXT('2D SPACE',''
  ) );
#2401 = ORIENTED_EDGE('',*,*,#890,.T.);
#2402 = ADVANCED_FACE('',(#2403),#879,.T.);
#2403 = FACE_BOUND('',#2404,.T.);
#2404 = EDGE_LOOP('',(#2405,#2406,#2407,#2427));
#2405 = ORIENTED_EDGE('',*,*,#2382,.F.);
#2406 = ORIENTED_EDGE('',*,*,#1692,.F.);
#2407 = ORIENTED_EDGE('',*,*,#2408,.T.);
#2408 = EDGE_CURVE('',#1673,#841,#2409,.T.);
#2409 = SURFACE_CURVE('',#2410,(#2413,#2420),.PCURVE_S1.);
#2410 = B_SPLINE_CURVE_WITH_KNOTS('',1,(#2411,#2412),.UNSPECIFIED.,.F.,
  .F.,(2,2),(0.,1.),.PIECEWISE_BEZIER_KNOTS.);
#2411 = CARTESIAN_POINT('',(-0.990480351115,8.93875866903E-04,
    8.790200615903E-03));
#2412 = CARTESIAN_POINT('',(-0.956745852803,0.271417515732,
    0.209193748759));
#2413 = PCURVE('',#879,#2414);
#2414 = DEFINITIONAL_REPRESENTATION('',(#2415),#2419);
#2415 = LINE('',#2416,#2417);
#2416 = CARTESIAN_POINT('',(2.681492770208E-03,0.));
#2417 = VECTOR('',#2418,1.);
#2418 = DIRECTION('',(0.,1.));
#2419 = ( GEOMETRIC_REPRESENTATION_CONTEXT(2) 
PARAMETRIC_REPRESENTATION_CONTEXT() REPRESENTATION_CONTEXT('2D SPACE',''
  ) );
#2420 = PCURVE('',#854,#2421);
#2421 = DEFINITIONAL_REPRESENTATION('',(#2422),#2426);
#2422 = LINE('',#2423,#2424);
#2423 = CARTESIAN_POINT('',(0.,0.));
#2424 = VECTOR('',#2425,1.);
#2425 = DIRECTION('',(0.,1.));
#2426 = ( GEOMETRIC_REPRESENTATION_CONTEXT(2) 
PARAMETRIC_REPRESENTATION_CONTEXT() REPRESENTATION_CONTEXT('2D SPACE',''
  ) );
#2427 = ORIENTED_EDGE('',*,*,#865,.T.);
#2428 = ADVANCED_FACE('',(#2429),#854,.T.);
#2429 = FACE_BOUND('',#2430,.T.);
#2430 = EDGE_LOOP('',(#2431,#2432,#2433,#2453));
#2431 = ORIENTED_EDGE('',*,*,#2408,.F.);
#2432 = ORIENTED_EDGE('',*,*,#1672,.F.);
#2433 = ORIENTED_EDGE('',*,*,#2434,.T.);
#2434 = EDGE_CURVE('',#1653,#816,#2435,.T.);
#2435 = SURFACE_CURVE('',#2436,(#2439,#2446),.PCURVE_S1.);
#2436 = B_SPLINE_CURVE_WITH_KNOTS('',1,(#2437,#2438),.UNSPECIFIED.,.F.,
  .F.,(2,2),(0.,1.),.PIECEWISE_BEZIER_KNOTS.);
#2437 = CARTESIAN_POINT('',(-0.992942286341,7.486109914676E-04,
    8.986806613827E-03));
#2438 = CARTESIAN_POINT('',(-0.958518446165,0.271312925022,
    0.209335305078));
#2439 = PCURVE('',#854,#2440);
#2440 = DEFINITIONAL_REPRESENTATION('',(#2441),#2445);
#2441 = LINE('',#2442,#2443);
#2442 = CARTESIAN_POINT('',(2.474041401648E-03,0.));
#2443 = VECTOR('',#2444,1.);
#2444 = DIRECTION('',(0.,1.));
#2445 = ( GEOMETRIC_REPRESENTATION_CONTEXT(2) 
PARAMETRIC_REPRESENTATION_CONTEXT() REPRESENTATION_CONTEXT('2D SPACE',''
  ) );
#2446 = PCURVE('',#829,#2447);
#2447 = DEFINITIONAL_REPRESENTATION('',(#2448),#2452);
#2448 = LINE('',#2449,#2450);
#2449 = CARTESIAN_POINT('',(0.,0.));
#2450 = VECTOR('',#2451,1.);
#2451 = DIRECTION('',(0.,1.));
#2452 = ( GEOMETRIC_REPRESENTATION_CONTEXT(2) 
PARAMETRIC_REPRESENTATION_CONTEXT() REPRESENTATION_CONTEXT('2D SPACE',''
  ) );
#2453 = ORIENTED_EDGE('',*,*,#840,.T.);
#2454 = ADVANCED_FACE('',(#2455),#829,.T.);
#2455 = FACE_BOUND('',#2456,.T.);
#2456 = EDGE_LOOP('',(#2457,#2458,#2459,#2479));
#2457 = ORIENTED_EDGE('',*,*,#2434,.F.);
#2458 = ORIENTED_EDGE('',*,*,#1652,.F.);
#2459 = ORIENTED_EDGE('',*,*,#2460,.T.);
#2460 = EDGE_CURVE('',#1633,#791,#2461,.T.);
#2461 = SURFACE_CURVE('',#2462,(#2465,#2472),.PCURVE_S1.);
#2462 = B_SPLINE_CURVE_WITH_KNOTS('',1,(#2463,#2464),.UNSPECIFIED.,.F.,
  .F.,(2,2),(0.,1.),.PIECEWISE_BEZIER_KNOTS.);
#2463 = CARTESIAN_POINT('',(-0.995190587177,6.137795593563E-04,
    9.169291665236E-03));
#2464 = CARTESIAN_POINT('',(-0.960137222767,0.271215846391,
    0.209466694315));
#2465 = PCURVE('',#829,#2466);
#2466 = DEFINITIONAL_REPRESENTATION('',(#2467),#2471);
#2467 = LINE('',#2468,#2469);
#2468 = CARTESIAN_POINT('',(2.259720549055E-03,0.));
#2469 = VECTOR('',#2470,1.);
#2470 = DIRECTION('',(0.,1.));
#2471 = ( GEOMETRIC_REPRESENTATION_CONTEXT(2) 
PARAMETRIC_REPRESENTATION_CONTEXT() REPRESENTATION_CONTEXT('2D SPACE',''
  ) );
#2472 = PCURVE('',#804,#2473);
#2473 = DEFINITIONAL_REPRESENTATION('',(#2474),#2478);
#2474 = LINE('',#2475,#2476);
#2475 = CARTESIAN_POINT('',(0.,0.));
#2476 = VECTOR('',#2477,1.);
#2477 = DIRECTION('',(0.,1.));
#2478 = ( GEOMETRIC_REPRESENTATION_CONTEXT(2) 
PARAMETRIC_REPRESENTATION_CONTEXT() REPRESENTATION_CONTEXT('2D SPACE',''
  ) );
#2479 = ORIENTED_EDGE('',*,*,#815,.T.);
#2480 = ADVANCED_FACE('',(#2481),#804,.T.);
#2481 = FACE_BOUND('',#2482,.T.);
#2482 = EDGE_LOOP('',(#2483,#2484,#2485,#2505));
#2483 = ORIENTED_EDGE('',*,*,#2460,.F.);
#2484 = ORIENTED_EDGE('',*,*,#1632,.F.);
#2485 = ORIENTED_EDGE('',*,*,#2486,.T.);
#2486 = EDGE_CURVE('',#1613,#766,#2487,.T.);
#2487 = SURFACE_CURVE('',#2488,(#2491,#2498),.PCURVE_S1.);
#2488 = B_SPLINE_CURVE_WITH_KNOTS('',1,(#2489,#2490),.UNSPECIFIED.,.F.,
  .F.,(2,2),(0.,1.),.PIECEWISE_BEZIER_KNOTS.);
#2489 = CARTESIAN_POINT('',(-0.997219091188,4.903101401181E-04,
    9.336399015238E-03));
#2490 = CARTESIAN_POINT('',(-0.961597745655,0.271126948409,
    0.209587011607));
#2491 = PCURVE('',#804,#2492);
#2492 = DEFINITIONAL_REPRESENTATION('',(#2493),#2497);
#2493 = LINE('',#2494,#2495);
#2494 = CARTESIAN_POINT('',(2.039116986853E-03,0.));
#2495 = VECTOR('',#2496,1.);
#2496 = DIRECTION('',(0.,1.));
#2497 = ( GEOMETRIC_REPRESENTATION_CONTEXT(2) 
PARAMETRIC_REPRESENTATION_CONTEXT() REPRESENTATION_CONTEXT('2D SPACE',''
  ) );
#2498 = PCURVE('',#779,#2499);
#2499 = DEFINITIONAL_REPRESENTATION('',(#2500),#2504);
#2500 = LINE('',#2501,#2502);
#2501 = CARTESIAN_POINT('',(0.,0.));
#2502 = VECTOR('',#2503,1.);
#2503 = DIRECTION('',(0.,1.));
#2504 = ( GEOMETRIC_REPRESENTATION_CONTEXT(2) 
PARAMETRIC_REPRESENTATION_CONTEXT() REPRESENTATION_CONTEXT('2D SPACE',''
  ) );
#2505 = ORIENTED_EDGE('',*,*,#790,.T.);
#2506 = ADVANCED_FACE('',(#2507),#779,.T.);
#2507 = FACE_BOUND('',#2508,.T.);
#2508 = EDGE_LOOP('',(#2509,#2510,#2511,#2531));
#2509 = ORIENTED_EDGE('',*,*,#2486,.F.);
#2510 = ORIENTED_EDGE('',*,*,#1612,.F.);
#2511 = ORIENTED_EDGE('',*,*,#2512,.T.);
#2512 = EDGE_CURVE('',#1593,#741,#2513,.T.);
#2513 = SURFACE_CURVE('',#2514,(#2517,#2524),.PCURVE_S1.);
#2514 = B_SPLINE_CURVE_WITH_KNOTS('',1,(#2515,#2516),.UNSPECIFIED.,.F.,
  .F.,(2,2),(0.,1.),.PIECEWISE_BEZIER_KNOTS.);
#2515 = CARTESIAN_POINT('',(-0.999022238385,3.790780273866E-04,
    9.486944014222E-03));
#2516 = CARTESIAN_POINT('',(-0.962896011637,0.271046861288,
    0.209695404006));
#2517 = PCURVE('',#779,#2518);
#2518 = DEFINITIONAL_REPRESENTATION('',(#2519),#2523);
#2519 = LINE('',#2520,#2521);
#2520 = CARTESIAN_POINT('',(1.812836504862E-03,0.));
#2521 = VECTOR('',#2522,1.);
#2522 = DIRECTION('',(0.,1.));
#2523 = ( GEOMETRIC_REPRESENTATION_CONTEXT(2) 
PARAMETRIC_REPRESENTATION_CONTEXT() REPRESENTATION_CONTEXT('2D SPACE',''
  ) );
#2524 = PCURVE('',#754,#2525);
#2525 = DEFINITIONAL_REPRESENTATION('',(#2526),#2530);
#2526 = LINE('',#2527,#2528);
#2527 = CARTESIAN_POINT('',(0.,0.));
#2528 = VECTOR('',#2529,1.);
#2529 = DIRECTION('',(0.,1.));
#2530 = ( GEOMETRIC_REPRESENTATION_CONTEXT(2) 
PARAMETRIC_REPRESENTATION_CONTEXT() REPRESENTATION_CONTEXT('2D SPACE',''
  ) );
#2531 = ORIENTED_EDGE('',*,*,#765,.T.);
#2532 = ADVANCED_FACE('',(#2533),#754,.T.);
#2533 = FACE_BOUND('',#2534,.T.);
#2534 = EDGE_LOOP('',(#2535,#2536,#2537,#2557));
#2535 = ORIENTED_EDGE('',*,*,#2512,.F.);
#2536 = ORIENTED_EDGE('',*,*,#1592,.F.);
#2537 = ORIENTED_EDGE('',*,*,#2538,.T.);
#2538 = EDGE_CURVE('',#1573,#716,#2539,.T.);
#2539 = SURFACE_CURVE('',#2540,(#2543,#2550),.PCURVE_S1.);
#2540 = B_SPLINE_CURVE_WITH_KNOTS('',1,(#2541,#2542),.UNSPECIFIED.,.F.,
  .F.,(2,2),(0.,1.),.PIECEWISE_BEZIER_KNOTS.);
#2541 = CARTESIAN_POINT('',(-1.000595086467,2.808933058284E-04,
    9.619830268418E-03));
#2542 = CARTESIAN_POINT('',(-0.964028462256,0.270976168288,
    0.209791082109));
#2543 = PCURVE('',#754,#2544);
#2544 = DEFINITIONAL_REPRESENTATION('',(#2545),#2549);
#2545 = LINE('',#2546,#2547);
#2546 = CARTESIAN_POINT('',(1.581502476942E-03,0.));
#2547 = VECTOR('',#2548,1.);
#2548 = DIRECTION('',(0.,1.));
#2549 = ( GEOMETRIC_REPRESENTATION_CONTEXT(2) 
PARAMETRIC_REPRESENTATION_CONTEXT() REPRESENTATION_CONTEXT('2D SPACE',''
  ) );
#2550 = PCURVE('',#729,#2551);
#2551 = DEFINITIONAL_REPRESENTATION('',(#2552),#2556);
#2552 = LINE('',#2553,#2554);
#2553 = CARTESIAN_POINT('',(0.,0.));
#2554 = VECTOR('',#2555,1.);
#2555 = DIRECTION('',(0.,1.));
#2556 = ( GEOMETRIC_REPRESENTATION_CONTEXT(2) 
PARAMETRIC_REPRESENTATION_CONTEXT() REPRESENTATION_CONTEXT('2D SPACE',''
  ) );
#2557 = ORIENTED_EDGE('',*,*,#740,.T.);
#2558 = ADVANCED_FACE('',(#2559),#729,.T.);
#2559 = FACE_BOUND('',#2560,.T.);
#2560 = EDGE_LOOP('',(#2561,#2562,#2563,#2583));
#2561 = ORIENTED_EDGE('',*,*,#2538,.F.);
#2562 = ORIENTED_EDGE('',*,*,#1572,.F.);
#2563 = ORIENTED_EDGE('',*,*,#2564,.T.);
#2564 = EDGE_CURVE('',#1553,#691,#2565,.T.);
#2565 = SURFACE_CURVE('',#2566,(#2569,#2576),.PCURVE_S1.);
#2566 = B_SPLINE_CURVE_WITH_KNOTS('',1,(#2567,#2568),.UNSPECIFIED.,.F.,
  .F.,(2,2),(0.,1.),.PIECEWISE_BEZIER_KNOTS.);
#2567 = CARTESIAN_POINT('',(-1.001933324366,1.964887388399E-04,
    9.734066033068E-03));
#2568 = CARTESIAN_POINT('',(-0.964991993544,0.270915397,0.20987333186));
#2569 = PCURVE('',#729,#2570);
#2570 = DEFINITIONAL_REPRESENTATION('',(#2571),#2575);
#2571 = LINE('',#2572,#2573);
#2572 = CARTESIAN_POINT('',(1.345754292724E-03,0.));
#2573 = VECTOR('',#2574,1.);
#2574 = DIRECTION('',(0.,1.));
#2575 = ( GEOMETRIC_REPRESENTATION_CONTEXT(2) 
PARAMETRIC_REPRESENTATION_CONTEXT() REPRESENTATION_CONTEXT('2D SPACE',''
  ) );
#2576 = PCURVE('',#704,#2577);
#2577 = DEFINITIONAL_REPRESENTATION('',(#2578),#2582);
#2578 = LINE('',#2579,#2580);
#2579 = CARTESIAN_POINT('',(0.,0.));
#2580 = VECTOR('',#2581,1.);
#2581 = DIRECTION('',(0.,1.));
#2582 = ( GEOMETRIC_REPRESENTATION_CONTEXT(2) 
PARAMETRIC_REPRESENTATION_CONTEXT() REPRESENTATION_CONTEXT('2D SPACE',''
  ) );
#2583 = ORIENTED_EDGE('',*,*,#715,.T.);
#2584 = ADVANCED_FACE('',(#2585),#704,.T.);
#2585 = FACE_BOUND('',#2586,.T.);
#2586 = EDGE_LOOP('',(#2587,#2588,#2589,#2590));
#2587 = ORIENTED_EDGE('',*,*,#2564,.F.);
#2588 = ORIENTED_EDGE('',*,*,#1552,.F.);
#2589 = ORIENTED_EDGE('',*,*,#1913,.T.);
#2590 = ORIENTED_EDGE('',*,*,#690,.T.);
#2591 = ADVANCED_FACE('',(#2592),#639,.T.);
#2592 = FACE_BOUND('',#2593,.T.);
#2593 = EDGE_LOOP('',(#2594,#2595,#2596,#2616));
#2594 = ORIENTED_EDGE('',*,*,#1037,.F.);
#2595 = ORIENTED_EDGE('',*,*,#1511,.F.);
#2596 = ORIENTED_EDGE('',*,*,#2597,.T.);
#2597 = EDGE_CURVE('',#1492,#601,#2598,.T.);
#2598 = SURFACE_CURVE('',#2599,(#2602,#2609),.PCURVE_S1.);
#2599 = B_SPLINE_CURVE_WITH_KNOTS('',1,(#2600,#2601),.UNSPECIFIED.,.F.,
  .F.,(2,2),(0.,1.),.PIECEWISE_BEZIER_KNOTS.);
#2600 = CARTESIAN_POINT('',(-1.004876658128,-7.986639595134E-06,
    1.001080936629E-02));
#2601 = CARTESIAN_POINT('',(-0.967111193852,0.270768174728,0.21007258706
    ));
#2602 = PCURVE('',#639,#2603);
#2603 = DEFINITIONAL_REPRESENTATION('',(#2604),#2608);
#2604 = LINE('',#2605,#2606);
#2605 = CARTESIAN_POINT('',(1.240719397039E-04,0.));
#2606 = VECTOR('',#2607,1.);
#2607 = DIRECTION('',(0.,1.));
#2608 = ( GEOMETRIC_REPRESENTATION_CONTEXT(2) 
PARAMETRIC_REPRESENTATION_CONTEXT() REPRESENTATION_CONTEXT('2D SPACE',''
  ) );
#2609 = PCURVE('',#614,#2610);
#2610 = DEFINITIONAL_REPRESENTATION('',(#2611),#2615);
#2611 = LINE('',#2612,#2613);
#2612 = CARTESIAN_POINT('',(0.,0.));
#2613 = VECTOR('',#2614,1.);
#2614 = DIRECTION('',(0.,1.));
#2615 = ( GEOMETRIC_REPRESENTATION_CONTEXT(2) 
PARAMETRIC_REPRESENTATION_CONTEXT() REPRESENTATION_CONTEXT('2D SPACE',''
  ) );
#2616 = ORIENTED_EDGE('',*,*,#625,.T.);
#2617 = ADVANCED_FACE('',(#2618),#614,.T.);
#2618 = FACE_BOUND('',#2619,.T.);
#2619 = EDGE_LOOP('',(#2620,#2621,#2622,#2642));
#2620 = ORIENTED_EDGE('',*,*,#2597,.F.);
#2621 = ORIENTED_EDGE('',*,*,#1491,.F.);
#2622 = ORIENTED_EDGE('',*,*,#2623,.T.);
#2623 = EDGE_CURVE('',#1472,#576,#2624,.T.);
#2624 = SURFACE_CURVE('',#2625,(#2628,#2635),.PCURVE_S1.);
#2625 = B_SPLINE_CURVE_WITH_KNOTS('',1,(#2626,#2627),.UNSPECIFIED.,.F.,
  .F.,(2,2),(0.,1.),.PIECEWISE_BEZIER_KNOTS.);
#2626 = CARTESIAN_POINT('',(-1.004506970583,-3.188214635737E-05,
    1.004315028793E-02));
#2627 = CARTESIAN_POINT('',(-0.96684501882,0.270750969963,0.210095872523
    ));
#2628 = PCURVE('',#614,#2629);
#2629 = DEFINITIONAL_REPRESENTATION('',(#2630),#2634);
#2630 = LINE('',#2631,#2632);
#2631 = CARTESIAN_POINT('',(3.718680024035E-04,0.));
#2632 = VECTOR('',#2633,1.);
#2633 = DIRECTION('',(0.,1.));
#2634 = ( GEOMETRIC_REPRESENTATION_CONTEXT(2) 
PARAMETRIC_REPRESENTATION_CONTEXT() REPRESENTATION_CONTEXT('2D SPACE',''
  ) );
#2635 = PCURVE('',#589,#2636);
#2636 = DEFINITIONAL_REPRESENTATION('',(#2637),#2641);
#2637 = LINE('',#2638,#2639);
#2638 = CARTESIAN_POINT('',(0.,0.));
#2639 = VECTOR('',#2640,1.);
#2640 = DIRECTION('',(0.,1.));
#2641 = ( GEOMETRIC_REPRESENTATION_CONTEXT(2) 
PARAMETRIC_REPRESENTATION_CONTEXT() REPRESENTATION_CONTEXT('2D SPACE',''
  ) );
#2642 = ORIENTED_EDGE('',*,*,#600,.T.);
#2643 = ADVANCED_FACE('',(#2644),#589,.T.);
#2644 = FACE_BOUND('',#2645,.T.);
#2645 = EDGE_LOOP('',(#2646,#2647,#2648,#2668));
#2646 = ORIENTED_EDGE('',*,*,#2623,.F.);
#2647 = ORIENTED_EDGE('',*,*,#1471,.F.);
#2648 = ORIENTED_EDGE('',*,*,#2649,.T.);
#2649 = EDGE_CURVE('',#1452,#551,#2650,.T.);
#2650 = SURFACE_CURVE('',#2651,(#2654,#2661),.PCURVE_S1.);
#2651 = B_SPLINE_CURVE_WITH_KNOTS('',1,(#2652,#2653),.UNSPECIFIED.,.F.,
  .F.,(2,2),(0.,1.),.PIECEWISE_BEZIER_KNOTS.);
#2652 = CARTESIAN_POINT('',(-1.003891950654,-7.149453830894E-05,
    1.009676293053E-02));
#2653 = CARTESIAN_POINT('',(-0.966402204471,0.270722449041,
    0.210134473626));
#2654 = PCURVE('',#589,#2655);
#2655 = DEFINITIONAL_REPRESENTATION('',(#2656),#2660);
#2656 = LINE('',#2657,#2658);
#2657 = CARTESIAN_POINT('',(6.186218318379E-04,0.));
#2658 = VECTOR('',#2659,1.);
#2659 = DIRECTION('',(0.,1.));
#2660 = ( GEOMETRIC_REPRESENTATION_CONTEXT(2) 
PARAMETRIC_REPRESENTATION_CONTEXT() REPRESENTATION_CONTEXT('2D SPACE',''
  ) );
#2661 = PCURVE('',#564,#2662);
#2662 = DEFINITIONAL_REPRESENTATION('',(#2663),#2667);
#2663 = LINE('',#2664,#2665);
#2664 = CARTESIAN_POINT('',(0.,0.));
#2665 = VECTOR('',#2666,1.);
#2666 = DIRECTION('',(0.,1.));
#2667 = ( GEOMETRIC_REPRESENTATION_CONTEXT(2) 
PARAMETRIC_REPRESENTATION_CONTEXT() REPRESENTATION_CONTEXT('2D SPACE',''
  ) );
#2668 = ORIENTED_EDGE('',*,*,#575,.T.);
#2669 = ADVANCED_FACE('',(#2670),#564,.T.);
#2670 = FACE_BOUND('',#2671,.T.);
#2671 = EDGE_LOOP('',(#2672,#2673,#2674,#2694));
#2672 = ORIENTED_EDGE('',*,*,#2649,.F.);
#2673 = ORIENTED_EDGE('',*,*,#1451,.F.);
#2674 = ORIENTED_EDGE('',*,*,#2675,.T.);
#2675 = EDGE_CURVE('',#1432,#526,#2676,.T.);
#2676 = SURFACE_CURVE('',#2677,(#2680,#2687),.PCURVE_S1.);
#2677 = B_SPLINE_CURVE_WITH_KNOTS('',1,(#2678,#2679),.UNSPECIFIED.,.F.,
  .F.,(2,2),(0.,1.),.PIECEWISE_BEZIER_KNOTS.);
#2678 = CARTESIAN_POINT('',(-1.003033284066,-1.265079712203E-04,
    1.017121982071E-02));
#2679 = CARTESIAN_POINT('',(-0.965783964528,0.270682839369,
    0.210188082587));
#2680 = PCURVE('',#564,#2681);
#2681 = DEFINITIONAL_REPRESENTATION('',(#2682),#2686);
#2682 = LINE('',#2683,#2684);
#2683 = CARTESIAN_POINT('',(8.636426430061E-04,0.));
#2684 = VECTOR('',#2685,1.);
#2685 = DIRECTION('',(0.,1.));
#2686 = ( GEOMETRIC_REPRESENTATION_CONTEXT(2) 
PARAMETRIC_REPRESENTATION_CONTEXT() REPRESENTATION_CONTEXT('2D SPACE',''
  ) );
#2687 = PCURVE('',#539,#2688);
#2688 = DEFINITIONAL_REPRESENTATION('',(#2689),#2693);
#2689 = LINE('',#2690,#2691);
#2690 = CARTESIAN_POINT('',(0.,0.));
#2691 = VECTOR('',#2692,1.);
#2692 = DIRECTION('',(0.,1.));
#2693 = ( GEOMETRIC_REPRESENTATION_CONTEXT(2) 
PARAMETRIC_REPRESENTATION_CONTEXT() REPRESENTATION_CONTEXT('2D SPACE',''
  ) );
#2694 = ORIENTED_EDGE('',*,*,#550,.T.);
#2695 = ADVANCED_FACE('',(#2696),#539,.T.);
#2696 = FACE_BOUND('',#2697,.T.);
#2697 = EDGE_LOOP('',(#2698,#2699,#2700,#2720));
#2698 = ORIENTED_EDGE('',*,*,#2675,.F.);
#2699 = ORIENTED_EDGE('',*,*,#1431,.F.);
#2700 = ORIENTED_EDGE('',*,*,#2701,.T.);
#2701 = EDGE_CURVE('',#1412,#501,#2702,.T.);
#2702 = SURFACE_CURVE('',#2703,(#2706,#2713),.PCURVE_S1.);
#2703 = B_SPLINE_CURVE_WITH_KNOTS('',1,(#2704,#2705),.UNSPECIFIED.,.F.,
  .F.,(2,2),(0.,1.),.PIECEWISE_BEZIER_KNOTS.);
#2704 = CARTESIAN_POINT('',(-1.001933324366,-1.964887388399E-04,
    1.026593396693E-02));
#2705 = CARTESIAN_POINT('',(-0.964991993544,0.270632453216,
    0.210256276772));
#2706 = PCURVE('',#539,#2707);
#2707 = DEFINITIONAL_REPRESENTATION('',(#2708),#2712);
#2708 = LINE('',#2709,#2710);
#2709 = CARTESIAN_POINT('',(1.106245641354E-03,0.));
#2710 = VECTOR('',#2711,1.);
#2711 = DIRECTION('',(0.,1.));
#2712 = ( GEOMETRIC_REPRESENTATION_CONTEXT(2) 
PARAMETRIC_REPRESENTATION_CONTEXT() REPRESENTATION_CONTEXT('2D SPACE',''
  ) );
#2713 = PCURVE('',#514,#2714);
#2714 = DEFINITIONAL_REPRESENTATION('',(#2715),#2719);
#2715 = LINE('',#2716,#2717);
#2716 = CARTESIAN_POINT('',(0.,0.));
#2717 = VECTOR('',#2718,1.);
#2718 = DIRECTION('',(0.,1.));
#2719 = ( GEOMETRIC_REPRESENTATION_CONTEXT(2) 
PARAMETRIC_REPRESENTATION_CONTEXT() REPRESENTATION_CONTEXT('2D SPACE',''
  ) );
#2720 = ORIENTED_EDGE('',*,*,#525,.T.);
#2721 = ADVANCED_FACE('',(#2722),#514,.T.);
#2722 = FACE_BOUND('',#2723,.T.);
#2723 = EDGE_LOOP('',(#2724,#2725,#2726,#2746));
#2724 = ORIENTED_EDGE('',*,*,#2701,.F.);
#2725 = ORIENTED_EDGE('',*,*,#1411,.F.);
#2726 = ORIENTED_EDGE('',*,*,#2727,.T.);
#2727 = EDGE_CURVE('',#1392,#476,#2728,.T.);
#2728 = SURFACE_CURVE('',#2729,(#2732,#2739),.PCURVE_S1.);
#2729 = B_SPLINE_CURVE_WITH_KNOTS('',1,(#2730,#2731),.UNSPECIFIED.,.F.,
  .F.,(2,2),(0.,1.),.PIECEWISE_BEZIER_KNOTS.);
#2730 = CARTESIAN_POINT('',(-1.000595086467,-2.808933058284E-04,
    1.038016973158E-02));
#2731 = CARTESIAN_POINT('',(-0.964028462256,0.270571681928,
    0.210338526523));
#2732 = PCURVE('',#514,#2733);
#2733 = DEFINITIONAL_REPRESENTATION('',(#2734),#2738);
#2734 = LINE('',#2735,#2736);
#2735 = CARTESIAN_POINT('',(1.345754292724E-03,0.));
#2736 = VECTOR('',#2737,1.);
#2737 = DIRECTION('',(0.,1.));
#2738 = ( GEOMETRIC_REPRESENTATION_CONTEXT(2) 
PARAMETRIC_REPRESENTATION_CONTEXT() REPRESENTATION_CONTEXT('2D SPACE',''
  ) );
#2739 = PCURVE('',#489,#2740);
#2740 = DEFINITIONAL_REPRESENTATION('',(#2741),#2745);
#2741 = LINE('',#2742,#2743);
#2742 = CARTESIAN_POINT('',(0.,0.));
#2743 = VECTOR('',#2744,1.);
#2744 = DIRECTION('',(0.,1.));
#2745 = ( GEOMETRIC_REPRESENTATION_CONTEXT(2) 
PARAMETRIC_REPRESENTATION_CONTEXT() REPRESENTATION_CONTEXT('2D SPACE',''
  ) );
#2746 = ORIENTED_EDGE('',*,*,#500,.T.);
#2747 = ADVANCED_FACE('',(#2748),#489,.T.);
#2748 = FACE_BOUND('',#2749,.T.);
#2749 = EDGE_LOOP('',(#2750,#2751,#2752,#2772));
#2750 = ORIENTED_EDGE('',*,*,#2727,.F.);
#2751 = ORIENTED_EDGE('',*,*,#1391,.F.);
#2752 = ORIENTED_EDGE('',*,*,#2753,.T.);
#2753 = EDGE_CURVE('',#1372,#451,#2754,.T.);
#2754 = SURFACE_CURVE('',#2755,(#2758,#2765),.PCURVE_S1.);
#2755 = B_SPLINE_CURVE_WITH_KNOTS('',1,(#2756,#2757),.UNSPECIFIED.,.F.,
  .F.,(2,2),(0.,1.),.PIECEWISE_BEZIER_KNOTS.);
#2756 = CARTESIAN_POINT('',(-0.999022238385,-3.790780273866E-04,
    1.051305598578E-02));
#2757 = CARTESIAN_POINT('',(-0.962896011637,0.270500988929,
    0.210434204626));
#2758 = PCURVE('',#489,#2759);
#2759 = DEFINITIONAL_REPRESENTATION('',(#2760),#2764);
#2760 = LINE('',#2761,#2762);
#2761 = CARTESIAN_POINT('',(1.581502476942E-03,0.));
#2762 = VECTOR('',#2763,1.);
#2763 = DIRECTION('',(0.,1.));
#2764 = ( GEOMETRIC_REPRESENTATION_CONTEXT(2) 
PARAMETRIC_REPRESENTATION_CONTEXT() REPRESENTATION_CONTEXT('2D SPACE',''
  ) );
#2765 = PCURVE('',#464,#2766);
#2766 = DEFINITIONAL_REPRESENTATION('',(#2767),#2771);
#2767 = LINE('',#2768,#2769);
#2768 = CARTESIAN_POINT('',(0.,0.));
#2769 = VECTOR('',#2770,1.);
#2770 = DIRECTION('',(0.,1.));
#2771 = ( GEOMETRIC_REPRESENTATION_CONTEXT(2) 
PARAMETRIC_REPRESENTATION_CONTEXT() REPRESENTATION_CONTEXT('2D SPACE',''
  ) );
#2772 = ORIENTED_EDGE('',*,*,#475,.T.);
#2773 = ADVANCED_FACE('',(#2774),#464,.T.);
#2774 = FACE_BOUND('',#2775,.T.);
#2775 = EDGE_LOOP('',(#2776,#2777,#2778,#2798));
#2776 = ORIENTED_EDGE('',*,*,#2753,.F.);
#2777 = ORIENTED_EDGE('',*,*,#1371,.F.);
#2778 = ORIENTED_EDGE('',*,*,#2779,.T.);
#2779 = EDGE_CURVE('',#1352,#426,#2780,.T.);
#2780 = SURFACE_CURVE('',#2781,(#2784,#2791),.PCURVE_S1.);
#2781 = B_SPLINE_CURVE_WITH_KNOTS('',1,(#2782,#2783),.UNSPECIFIED.,.F.,
  .F.,(2,2),(0.,1.),.PIECEWISE_BEZIER_KNOTS.);
#2782 = CARTESIAN_POINT('',(-0.997219091188,-4.903101401181E-04,
    1.066360098476E-02));
#2783 = CARTESIAN_POINT('',(-0.961597745655,0.270420901807,
    0.210542597025));
#2784 = PCURVE('',#464,#2785);
#2785 = DEFINITIONAL_REPRESENTATION('',(#2786),#2790);
#2786 = LINE('',#2787,#2788);
#2787 = CARTESIAN_POINT('',(1.812836504862E-03,0.));
#2788 = VECTOR('',#2789,1.);
#2789 = DIRECTION('',(0.,1.));
#2790 = ( GEOMETRIC_REPRESENTATION_CONTEXT(2) 
PARAMETRIC_REPRESENTATION_CONTEXT() REPRESENTATION_CONTEXT('2D SPACE',''
  ) );
#2791 = PCURVE('',#439,#2792);
#2792 = DEFINITIONAL_REPRESENTATION('',(#2793),#2797);
#2793 = LINE('',#2794,#2795);
#2794 = CARTESIAN_POINT('',(0.,0.));
#2795 = VECTOR('',#2796,1.);
#2796 = DIRECTION('',(0.,1.));
#2797 = ( GEOMETRIC_REPRESENTATION_CONTEXT(2) 
PARAMETRIC_REPRESENTATION_CONTEXT() REPRESENTATION_CONTEXT('2D SPACE',''
  ) );
#2798 = ORIENTED_EDGE('',*,*,#450,.T.);
#2799 = ADVANCED_FACE('',(#2800),#439,.T.);
#2800 = FACE_BOUND('',#2801,.T.);
#2801 = EDGE_LOOP('',(#2802,#2803,#2804,#2824));
#2802 = ORIENTED_EDGE('',*,*,#2779,.F.);
#2803 = ORIENTED_EDGE('',*,*,#1351,.F.);
#2804 = ORIENTED_EDGE('',*,*,#2805,.T.);
#2805 = EDGE_CURVE('',#1332,#401,#2806,.T.);
#2806 = SURFACE_CURVE('',#2807,(#2810,#2817),.PCURVE_S1.);
#2807 = B_SPLINE_CURVE_WITH_KNOTS('',1,(#2808,#2809),.UNSPECIFIED.,.F.,
  .F.,(2,2),(0.,1.),.PIECEWISE_BEZIER_KNOTS.);
#2808 = CARTESIAN_POINT('',(-0.995190587177,-6.137795593563E-04,
    1.083070833476E-02));
#2809 = CARTESIAN_POINT('',(-0.960137222767,0.270332003825,
    0.210662914317));
#2810 = PCURVE('',#439,#2811);
#2811 = DEFINITIONAL_REPRESENTATION('',(#2812),#2816);
#2812 = LINE('',#2813,#2814);
#2813 = CARTESIAN_POINT('',(2.039116986853E-03,0.));
#2814 = VECTOR('',#2815,1.);
#2815 = DIRECTION('',(0.,1.));
#2816 = ( GEOMETRIC_REPRESENTATION_CONTEXT(2) 
PARAMETRIC_REPRESENTATION_CONTEXT() REPRESENTATION_CONTEXT('2D SPACE',''
  ) );
#2817 = PCURVE('',#414,#2818);
#2818 = DEFINITIONAL_REPRESENTATION('',(#2819),#2823);
#2819 = LINE('',#2820,#2821);
#2820 = CARTESIAN_POINT('',(0.,0.));
#2821 = VECTOR('',#2822,1.);
#2822 = DIRECTION('',(0.,1.));
#2823 = ( GEOMETRIC_REPRESENTATION_CONTEXT(2) 
PARAMETRIC_REPRESENTATION_CONTEXT() REPRESENTATION_CONTEXT('2D SPACE',''
  ) );
#2824 = ORIENTED_EDGE('',*,*,#425,.T.);
#2825 = ADVANCED_FACE('',(#2826),#414,.T.);
#2826 = FACE_BOUND('',#2827,.T.);
#2827 = EDGE_LOOP('',(#2828,#2829,#2830,#2850));
#2828 = ORIENTED_EDGE('',*,*,#2805,.F.);
#2829 = ORIENTED_EDGE('',*,*,#1331,.F.);
#2830 = ORIENTED_EDGE('',*,*,#2831,.T.);
#2831 = EDGE_CURVE('',#1312,#376,#2832,.T.);
#2832 = SURFACE_CURVE('',#2833,(#2836,#2843),.PCURVE_S1.);
#2833 = B_SPLINE_CURVE_WITH_KNOTS('',1,(#2834,#2835),.UNSPECIFIED.,.F.,
  .F.,(2,2),(0.,1.),.PIECEWISE_BEZIER_KNOTS.);
#2834 = CARTESIAN_POINT('',(-0.992942286341,-7.486109914676E-04,
    1.101319338617E-02));
#2835 = CARTESIAN_POINT('',(-0.958518446165,0.270234925194,
    0.210794303554));
#2836 = PCURVE('',#414,#2837);
#2837 = DEFINITIONAL_REPRESENTATION('',(#2838),#2842);
#2838 = LINE('',#2839,#2840);
#2839 = CARTESIAN_POINT('',(2.259720549055E-03,0.));
#2840 = VECTOR('',#2841,1.);
#2841 = DIRECTION('',(0.,1.));
#2842 = ( GEOMETRIC_REPRESENTATION_CONTEXT(2) 
PARAMETRIC_REPRESENTATION_CONTEXT() REPRESENTATION_CONTEXT('2D SPACE',''
  ) );
#2843 = PCURVE('',#389,#2844);
#2844 = DEFINITIONAL_REPRESENTATION('',(#2845),#2849);
#2845 = LINE('',#2846,#2847);
#2846 = CARTESIAN_POINT('',(0.,0.));
#2847 = VECTOR('',#2848,1.);
#2848 = DIRECTION('',(0.,1.));
#2849 = ( GEOMETRIC_REPRESENTATION_CONTEXT(2) 
PARAMETRIC_REPRESENTATION_CONTEXT() REPRESENTATION_CONTEXT('2D SPACE',''
  ) );
#2850 = ORIENTED_EDGE('',*,*,#400,.T.);
#2851 = ADVANCED_FACE('',(#2852),#389,.T.);
#2852 = FACE_BOUND('',#2853,.T.);
#2853 = EDGE_LOOP('',(#2854,#2855,#2856,#2876));
#2854 = ORIENTED_EDGE('',*,*,#2831,.F.);
#2855 = ORIENTED_EDGE('',*,*,#1311,.F.);
#2856 = ORIENTED_EDGE('',*,*,#2857,.T.);
#2857 = EDGE_CURVE('',#1292,#351,#2858,.T.);
#2858 = SURFACE_CURVE('',#2859,(#2862,#2869),.PCURVE_S1.);
#2859 = B_SPLINE_CURVE_WITH_KNOTS('',1,(#2860,#2861),.UNSPECIFIED.,.F.,
  .F.,(2,2),(0.,1.),.PIECEWISE_BEZIER_KNOTS.);
#2860 = CARTESIAN_POINT('',(-0.990480351115,-8.93875866903E-04,
    1.12097993841E-02));
#2861 = CARTESIAN_POINT('',(-0.956745852803,0.270130334484,
    0.210935859872));
#2862 = PCURVE('',#389,#2863);
#2863 = DEFINITIONAL_REPRESENTATION('',(#2864),#2868);
#2864 = LINE('',#2865,#2866);
#2865 = CARTESIAN_POINT('',(2.474041401648E-03,0.));
#2866 = VECTOR('',#2867,1.);
#2867 = DIRECTION('',(0.,1.));
#2868 = ( GEOMETRIC_REPRESENTATION_CONTEXT(2) 
PARAMETRIC_REPRESENTATION_CONTEXT() REPRESENTATION_CONTEXT('2D SPACE',''
  ) );
#2869 = PCURVE('',#364,#2870);
#2870 = DEFINITIONAL_REPRESENTATION('',(#2871),#2875);
#2871 = LINE('',#2872,#2873);
#2872 = CARTESIAN_POINT('',(0.,0.));
#2873 = VECTOR('',#2874,1.);
#2874 = DIRECTION('',(0.,1.));
#2875 = ( GEOMETRIC_REPRESENTATION_CONTEXT(2) 
PARAMETRIC_REPRESENTATION_CONTEXT() REPRESENTATION_CONTEXT('2D SPACE',''
  ) );
#2876 = ORIENTED_EDGE('',*,*,#375,.T.);
#2877 = ADVANCED_FACE('',(#2878),#364,.T.);
#2878 = FACE_BOUND('',#2879,.T.);
#2879 = EDGE_LOOP('',(#2880,#2881,#2882,#2902));
#2880 = ORIENTED_EDGE('',*,*,#2857,.F.);
#2881 = ORIENTED_EDGE('',*,*,#1291,.F.);
#2882 = ORIENTED_EDGE('',*,*,#2883,.T.);
#2883 = EDGE_CURVE('',#1272,#326,#2884,.T.);
#2884 = SURFACE_CURVE('',#2885,(#2888,#2895),.PCURVE_S1.);
#2885 = B_SPLINE_CURVE_WITH_KNOTS('',1,(#2886,#2887),.UNSPECIFIED.,.F.,
  .F.,(2,2),(0.,1.),.PIECEWISE_BEZIER_KNOTS.);
#2886 = CARTESIAN_POINT('',(-0.987811529494,-1.048603621253E-03,
    1.14192127365E-02));
#2887 = CARTESIAN_POINT('',(-0.954824301235,0.270018930501,
    0.211086637486));
#2888 = PCURVE('',#364,#2889);
#2889 = DEFINITIONAL_REPRESENTATION('',(#2890),#2894);
#2890 = LINE('',#2891,#2892);
#2891 = CARTESIAN_POINT('',(2.681492770208E-03,0.));
#2892 = VECTOR('',#2893,1.);
#2893 = DIRECTION('',(0.,1.));
#2894 = ( GEOMETRIC_REPRESENTATION_CONTEXT(2) 
PARAMETRIC_REPRESENTATION_CONTEXT() REPRESENTATION_CONTEXT('2D SPACE',''
  ) );
#2895 = PCURVE('',#339,#2896);
#2896 = DEFINITIONAL_REPRESENTATION('',(#2897),#2901);
#2897 = LINE('',#2898,#2899);
#2898 = CARTESIAN_POINT('',(0.,0.));
#2899 = VECTOR('',#2900,1.);
#2900 = DIRECTION('',(0.,1.));
#2901 = ( GEOMETRIC_REPRESENTATION_CONTEXT(2) 
PARAMETRIC_REPRESENTATION_CONTEXT() REPRESENTATION_CONTEXT('2D SPACE',''
  ) );
#2902 = ORIENTED_EDGE('',*,*,#350,.T.);
#2903 = ADVANCED_FACE('',(#2904),#339,.T.);
#2904 = FACE_BOUND('',#2905,.T.);
#2905 = EDGE_LOOP('',(#2906,#2907,#2908,#2928));
#2906 = ORIENTED_EDGE('',*,*,#2883,.F.);
#2907 = ORIENTED_EDGE('',*,*,#1271,.F.);
#2908 = ORIENTED_EDGE('',*,*,#2909,.T.);
#2909 = EDGE_CURVE('',#1252,#301,#2910,.T.);
#2910 = SURFACE_CURVE('',#2911,(#2914,#2921),.PCURVE_S1.);
#2911 = B_SPLINE_CURVE_WITH_KNOTS('',1,(#2912,#2913),.UNSPECIFIED.,.F.,
  .F.,(2,2),(0.,1.),.PIECEWISE_BEZIER_KNOTS.);
#2912 = CARTESIAN_POINT('',(-0.984943136531,-1.211791896373E-03,
    1.16400768207E-02));
#2913 = CARTESIAN_POINT('',(-0.952759058302,0.269901434943,
    0.211245659627));
#2914 = PCURVE('',#339,#2915);
#2915 = DEFINITIONAL_REPRESENTATION('',(#2916),#2920);
#2916 = LINE('',#2917,#2918);
#2917 = CARTESIAN_POINT('',(2.881508206621E-03,0.));
#2918 = VECTOR('',#2919,1.);
#2919 = DIRECTION('',(0.,1.));
#2920 = ( GEOMETRIC_REPRESENTATION_CONTEXT(2) 
PARAMETRIC_REPRESENTATION_CONTEXT() REPRESENTATION_CONTEXT('2D SPACE',''
  ) );
#2921 = PCURVE('',#314,#2922);
#2922 = DEFINITIONAL_REPRESENTATION('',(#2923),#2927);
#2923 = LINE('',#2924,#2925);
#2924 = CARTESIAN_POINT('',(0.,0.));
#2925 = VECTOR('',#2926,1.);
#2926 = DIRECTION('',(0.,1.));
#2927 = ( GEOMETRIC_REPRESENTATION_CONTEXT(2) 
PARAMETRIC_REPRESENTATION_CONTEXT() REPRESENTATION_CONTEXT('2D SPACE',''
  ) );
#2928 = ORIENTED_EDGE('',*,*,#325,.T.);
#2929 = ADVANCED_FACE('',(#2930),#314,.T.);
#2930 = FACE_BOUND('',#2931,.T.);
#2931 = EDGE_LOOP('',(#2932,#2933,#2934,#2954));
#2932 = ORIENTED_EDGE('',*,*,#2909,.F.);
#2933 = ORIENTED_EDGE('',*,*,#1251,.F.);
#2934 = ORIENTED_EDGE('',*,*,#2935,.T.);
#2935 = EDGE_CURVE('',#1232,#276,#2936,.T.);
#2936 = SURFACE_CURVE('',#2937,(#2940,#2947),.PCURVE_S1.);
#2937 = B_SPLINE_CURVE_WITH_KNOTS('',1,(#2938,#2939),.UNSPECIFIED.,.F.,
  .F.,(2,2),(0.,1.),.PIECEWISE_BEZIER_KNOTS.);
#2938 = CARTESIAN_POINT('',(-0.981883034293,-1.382415299739E-03,
    1.187100383858E-02));
#2939 = CARTESIAN_POINT('',(-0.950555784691,0.269778586092,0.21141192708
    ));
#2940 = PCURVE('',#314,#2941);
#2941 = DEFINITIONAL_REPRESENTATION('',(#2942),#2946);
#2942 = LINE('',#2943,#2944);
#2943 = CARTESIAN_POINT('',(3.073542799665E-03,0.));
#2944 = VECTOR('',#2945,1.);
#2945 = DIRECTION('',(0.,1.));
#2946 = ( GEOMETRIC_REPRESENTATION_CONTEXT(2) 
PARAMETRIC_REPRESENTATION_CONTEXT() REPRESENTATION_CONTEXT('2D SPACE',''
  ) );
#2947 = PCURVE('',#289,#2948);
#2948 = DEFINITIONAL_REPRESENTATION('',(#2949),#2953);
#2949 = LINE('',#2950,#2951);
#2950 = CARTESIAN_POINT('',(0.,0.));
#2951 = VECTOR('',#2952,1.);
#2952 = DIRECTION('',(0.,1.));
#2953 = ( GEOMETRIC_REPRESENTATION_CONTEXT(2) 
PARAMETRIC_REPRESENTATION_CONTEXT() REPRESENTATION_CONTEXT('2D SPACE',''
  ) );
#2954 = ORIENTED_EDGE('',*,*,#300,.T.);
#2955 = ADVANCED_FACE('',(#2956),#289,.T.);
#2956 = FACE_BOUND('',#2957,.T.);
#2957 = EDGE_LOOP('',(#2958,#2959,#2960,#2980));
#2958 = ORIENTED_EDGE('',*,*,#2935,.F.);
#2959 = ORIENTED_EDGE('',*,*,#1231,.F.);
#2960 = ORIENTED_EDGE('',*,*,#2961,.T.);
#2961 = EDGE_CURVE('',#1212,#251,#2962,.T.);
#2962 = SURFACE_CURVE('',#2963,(#2966,#2973),.PCURVE_S1.);
#2963 = B_SPLINE_CURVE_WITH_KNOTS('',1,(#2964,#2965),.UNSPECIFIED.,.F.,
  .F.,(2,2),(0.,1.),.PIECEWISE_BEZIER_KNOTS.);
#2964 = CARTESIAN_POINT('',(-0.978639610307,-1.55943244456E-03,
    1.21105843449E-02));
#2965 = CARTESIAN_POINT('',(-0.948220519421,0.269651133748,
    0.211584425044));
#2966 = PCURVE('',#289,#2967);
#2967 = DEFINITIONAL_REPRESENTATION('',(#2968),#2972);
#2968 = LINE('',#2969,#2970);
#2969 = CARTESIAN_POINT('',(3.257074307208E-03,0.));
#2970 = VECTOR('',#2971,1.);
#2971 = DIRECTION('',(0.,1.));
#2972 = ( GEOMETRIC_REPRESENTATION_CONTEXT(2) 
PARAMETRIC_REPRESENTATION_CONTEXT() REPRESENTATION_CONTEXT('2D SPACE',''
  ) );
#2973 = PCURVE('',#264,#2974);
#2974 = DEFINITIONAL_REPRESENTATION('',(#2975),#2979);
#2975 = LINE('',#2976,#2977);
#2976 = CARTESIAN_POINT('',(0.,0.));
#2977 = VECTOR('',#2978,1.);
#2978 = DIRECTION('',(0.,1.));
#2979 = ( GEOMETRIC_REPRESENTATION_CONTEXT(2) 
PARAMETRIC_REPRESENTATION_CONTEXT() REPRESENTATION_CONTEXT('2D SPACE',''
  ) );
#2980 = ORIENTED_EDGE('',*,*,#275,.T.);
#2981 = ADVANCED_FACE('',(#2982),#264,.T.);
#2982 = FACE_BOUND('',#2983,.T.);
#2983 = EDGE_LOOP('',(#2984,#2985,#2986,#3006,#3007));
#2984 = ORIENTED_EDGE('',*,*,#2961,.F.);
#2985 = ORIENTED_EDGE('',*,*,#1211,.F.);
#2986 = ORIENTED_EDGE('',*,*,#2987,.T.);
#2987 = EDGE_CURVE('',#1187,#2120,#2988,.T.);
#2988 = SURFACE_CURVE('',#2989,(#2992,#2999),.PCURVE_S1.);
#2989 = B_SPLINE_CURVE_WITH_KNOTS('',1,(#2990,#2991),.UNSPECIFIED.,.F.,
  .F.,(2,2),(0.,1.),.PIECEWISE_BEZIER_KNOTS.);
#2990 = CARTESIAN_POINT('',(-0.975221754572,-1.741791091798E-03,
    1.235739420663E-02));
#2991 = CARTESIAN_POINT('',(-0.945759663292,0.269519835522,
    0.211762128145));
#2992 = PCURVE('',#264,#2993);
#2993 = DEFINITIONAL_REPRESENTATION('',(#2994),#2998);
#2994 = LINE('',#2995,#2996);
#2995 = CARTESIAN_POINT('',(3.431604232115E-03,0.));
#2996 = VECTOR('',#2997,1.);
#2997 = DIRECTION('',(0.,1.));
#2998 = ( GEOMETRIC_REPRESENTATION_CONTEXT(2) 
PARAMETRIC_REPRESENTATION_CONTEXT() REPRESENTATION_CONTEXT('2D SPACE',''
  ) );
#2999 = PCURVE('',#1200,#3000);
#3000 = DEFINITIONAL_REPRESENTATION('',(#3001),#3005);
#3001 = LINE('',#3002,#3003);
#3002 = CARTESIAN_POINT('',(0.,0.));
#3003 = VECTOR('',#3004,1.);
#3004 = DIRECTION('',(0.,1.));
#3005 = ( GEOMETRIC_REPRESENTATION_CONTEXT(2) 
PARAMETRIC_REPRESENTATION_CONTEXT() REPRESENTATION_CONTEXT('2D SPACE',''
  ) );
#3006 = ORIENTED_EDGE('',*,*,#2119,.F.);
#3007 = ORIENTED_EDGE('',*,*,#250,.T.);
#3008 = ADVANCED_FACE('',(#3009),#1899,.T.);
#3009 = FACE_BOUND('',#3010,.T.);
#3010 = EDGE_LOOP('',(#3011,#3012,#3032));
#3011 = ORIENTED_EDGE('',*,*,#1887,.F.);
#3012 = ORIENTED_EDGE('',*,*,#3013,.T.);
#3013 = EDGE_CURVE('',#1863,#1973,#3014,.T.);
#3014 = SURFACE_CURVE('',#3015,(#3018,#3025),.PCURVE_S1.);
#3015 = B_SPLINE_CURVE_WITH_KNOTS('',1,(#3016,#3017),.UNSPECIFIED.,.F.,
  .F.,(2,2),(0.,1.),.PIECEWISE_BEZIER_KNOTS.);
#3016 = CARTESIAN_POINT('',(-0.96,2.503341195453E-03,6.611900210554E-03)
  );
#3017 = CARTESIAN_POINT('',(-0.9348,0.272576330769,0.207625372467));
#3018 = PCURVE('',#1899,#3019);
#3019 = DEFINITIONAL_REPRESENTATION('',(#3020),#3024);
#3020 = LINE('',#3021,#3022);
#3021 = CARTESIAN_POINT('',(4.153575005899E-03,0.));
#3022 = VECTOR('',#3023,1.);
#3023 = DIRECTION('',(0.,1.));
#3024 = ( GEOMETRIC_REPRESENTATION_CONTEXT(2) 
PARAMETRIC_REPRESENTATION_CONTEXT() REPRESENTATION_CONTEXT('2D SPACE',''
  ) );
#3025 = PCURVE('',#1876,#3026);
#3026 = DEFINITIONAL_REPRESENTATION('',(#3027),#3031);
#3027 = LINE('',#3028,#3029);
#3028 = CARTESIAN_POINT('',(0.,0.));
#3029 = VECTOR('',#3030,1.);
#3030 = DIRECTION('',(0.,1.));
#3031 = ( GEOMETRIC_REPRESENTATION_CONTEXT(2) 
PARAMETRIC_REPRESENTATION_CONTEXT() REPRESENTATION_CONTEXT('2D SPACE',''
  ) );
#3032 = ORIENTED_EDGE('',*,*,#1972,.F.);
#3033 = ADVANCED_FACE('',(#3034),#1876,.T.);
#3034 = FACE_BOUND('',#3035,.T.);
#3035 = EDGE_LOOP('',(#3036,#3037,#3038,#3058));
#3036 = ORIENTED_EDGE('',*,*,#3013,.F.);
#3037 = ORIENTED_EDGE('',*,*,#1862,.F.);
#3038 = ORIENTED_EDGE('',*,*,#3039,.T.);
#3039 = EDGE_CURVE('',#1838,#2005,#3040,.T.);
#3040 = SURFACE_CURVE('',#3041,(#3044,#3051),.PCURVE_S1.);
#3041 = B_SPLINE_CURVE_WITH_KNOTS('',1,(#3042,#3043),.UNSPECIFIED.,.F.,
  .F.,(2,2),(0.,1.),.PIECEWISE_BEZIER_KNOTS.);
#3042 = CARTESIAN_POINT('',(-0.964017513151,2.310284182152E-03,
    6.873189573468E-03));
#3043 = CARTESIAN_POINT('',(-0.937692609469,0.272437329719,
    0.207813500809));
#3044 = PCURVE('',#1876,#3045);
#3045 = DEFINITIONAL_REPRESENTATION('',(#3046),#3050);
#3046 = LINE('',#3047,#3048);
#3047 = CARTESIAN_POINT('',(4.030627130218E-03,0.));
#3048 = VECTOR('',#3049,1.);
#3049 = DIRECTION('',(0.,1.));
#3050 = ( GEOMETRIC_REPRESENTATION_CONTEXT(2) 
PARAMETRIC_REPRESENTATION_CONTEXT() REPRESENTATION_CONTEXT('2D SPACE',''
  ) );
#3051 = PCURVE('',#1851,#3052);
#3052 = DEFINITIONAL_REPRESENTATION('',(#3053),#3057);
#3053 = LINE('',#3054,#3055);
#3054 = CARTESIAN_POINT('',(0.,0.));
#3055 = VECTOR('',#3056,1.);
#3056 = DIRECTION('',(0.,1.));
#3057 = ( GEOMETRIC_REPRESENTATION_CONTEXT(2) 
PARAMETRIC_REPRESENTATION_CONTEXT() REPRESENTATION_CONTEXT('2D SPACE',''
  ) );
#3058 = ORIENTED_EDGE('',*,*,#2004,.F.);
#3059 = ADVANCED_FACE('',(#3060),#1851,.T.);
#3060 = FACE_BOUND('',#3061,.T.);
#3061 = EDGE_LOOP('',(#3062,#3063,#3064,#3084));
#3062 = ORIENTED_EDGE('',*,*,#3039,.F.);
#3063 = ORIENTED_EDGE('',*,*,#1837,.F.);
#3064 = ORIENTED_EDGE('',*,*,#3065,.T.);
#3065 = EDGE_CURVE('',#1813,#2034,#3066,.T.);
#3066 = SURFACE_CURVE('',#3067,(#3070,#3077),.PCURVE_S1.);
#3067 = B_SPLINE_CURVE_WITH_KNOTS('',1,(#3068,#3069),.UNSPECIFIED.,.F.,
  .F.,(2,2),(0.,1.),.PIECEWISE_BEZIER_KNOTS.);
#3068 = CARTESIAN_POINT('',(-0.967900672706,2.118286789642E-03,
    7.133044812665E-03));
#3069 = CARTESIAN_POINT('',(-0.940488484349,0.272299091597,
    0.208000596581));
#3070 = PCURVE('',#1851,#3071);
#3071 = DEFINITIONAL_REPRESENTATION('',(#3072),#3076);
#3072 = LINE('',#3073,#3074);
#3073 = CARTESIAN_POINT('',(3.896577456362E-03,0.));
#3074 = VECTOR('',#3075,1.);
#3075 = DIRECTION('',(0.,1.));
#3076 = ( GEOMETRIC_REPRESENTATION_CONTEXT(2) 
PARAMETRIC_REPRESENTATION_CONTEXT() REPRESENTATION_CONTEXT('2D SPACE',''
  ) );
#3077 = PCURVE('',#1826,#3078);
#3078 = DEFINITIONAL_REPRESENTATION('',(#3079),#3083);
#3079 = LINE('',#3080,#3081);
#3080 = CARTESIAN_POINT('',(0.,0.));
#3081 = VECTOR('',#3082,1.);
#3082 = DIRECTION('',(0.,1.));
#3083 = ( GEOMETRIC_REPRESENTATION_CONTEXT(2) 
PARAMETRIC_REPRESENTATION_CONTEXT() REPRESENTATION_CONTEXT('2D SPACE',''
  ) );
#3084 = ORIENTED_EDGE('',*,*,#2033,.F.);
#3085 = ADVANCED_FACE('',(#3086),#1826,.T.);
#3086 = FACE_BOUND('',#3087,.T.);
#3087 = EDGE_LOOP('',(#3088,#3089,#3090,#3091));
#3088 = ORIENTED_EDGE('',*,*,#3065,.F.);
#3089 = ORIENTED_EDGE('',*,*,#1812,.F.);
#3090 = ORIENTED_EDGE('',*,*,#2256,.T.);
#3091 = ORIENTED_EDGE('',*,*,#2062,.F.);
#3092 = ADVANCED_FACE('',(#3093),#1200,.T.);
#3093 = FACE_BOUND('',#3094,.T.);
#3094 = EDGE_LOOP('',(#3095,#3096,#3097,#3117));
#3095 = ORIENTED_EDGE('',*,*,#2987,.F.);
#3096 = ORIENTED_EDGE('',*,*,#1186,.F.);
#3097 = ORIENTED_EDGE('',*,*,#3098,.T.);
#3098 = EDGE_CURVE('',#1162,#2140,#3099,.T.);
#3099 = SURFACE_CURVE('',#3100,(#3103,#3110),.PCURVE_S1.);
#3100 = B_SPLINE_CURVE_WITH_KNOTS('',1,(#3101,#3102),.UNSPECIFIED.,.F.,
  .F.,(2,2),(0.,1.),.PIECEWISE_BEZIER_KNOTS.);
#3101 = CARTESIAN_POINT('',(-0.971638835194,-1.928431323507E-03,
    1.260999889787E-02));
#3102 = CARTESIAN_POINT('',(-0.94317996134,0.269385454555,0.211944003522
    ));
#3103 = PCURVE('',#1200,#3104);
#3104 = DEFINITIONAL_REPRESENTATION('',(#3105),#3109);
#3105 = LINE('',#3106,#3107);
#3106 = CARTESIAN_POINT('',(3.596658862616E-03,0.));
#3107 = VECTOR('',#3108,1.);
#3108 = DIRECTION('',(0.,1.));
#3109 = ( GEOMETRIC_REPRESENTATION_CONTEXT(2) 
PARAMETRIC_REPRESENTATION_CONTEXT() REPRESENTATION_CONTEXT('2D SPACE',''
  ) );
#3110 = PCURVE('',#1175,#3111);
#3111 = DEFINITIONAL_REPRESENTATION('',(#3112),#3116);
#3112 = LINE('',#3113,#3114);
#3113 = CARTESIAN_POINT('',(0.,0.));
#3114 = VECTOR('',#3115,1.);
#3115 = DIRECTION('',(0.,1.));
#3116 = ( GEOMETRIC_REPRESENTATION_CONTEXT(2) 
PARAMETRIC_REPRESENTATION_CONTEXT() REPRESENTATION_CONTEXT('2D SPACE',''
  ) );
#3117 = ORIENTED_EDGE('',*,*,#2139,.F.);
#3118 = ADVANCED_FACE('',(#3119),#1175,.T.);
#3119 = FACE_BOUND('',#3120,.T.);
#3120 = EDGE_LOOP('',(#3121,#3122,#3123,#3143));
#3121 = ORIENTED_EDGE('',*,*,#3098,.F.);
#3122 = ORIENTED_EDGE('',*,*,#1161,.F.);
#3123 = ORIENTED_EDGE('',*,*,#3124,.T.);
#3124 = EDGE_CURVE('',#1137,#2169,#3125,.T.);
#3125 = SURFACE_CURVE('',#3126,(#3129,#3136),.PCURVE_S1.);
#3126 = B_SPLINE_CURVE_WITH_KNOTS('',1,(#3127,#3128),.UNSPECIFIED.,.F.,
  .F.,(2,2),(0.,1.),.PIECEWISE_BEZIER_KNOTS.);
#3127 = CARTESIAN_POINT('',(-0.967900672706,-2.118286789642E-03,
    1.286695518733E-02));
#3128 = CARTESIAN_POINT('',(-0.940488484349,0.26924875862,0.212129012051
    ));
#3129 = PCURVE('',#1175,#3130);
#3130 = DEFINITIONAL_REPRESENTATION('',(#3131),#3135);
#3131 = LINE('',#3132,#3133);
#3132 = CARTESIAN_POINT('',(3.751790295395E-03,0.));
#3133 = VECTOR('',#3134,1.);
#3134 = DIRECTION('',(0.,1.));
#3135 = ( GEOMETRIC_REPRESENTATION_CONTEXT(2) 
PARAMETRIC_REPRESENTATION_CONTEXT() REPRESENTATION_CONTEXT('2D SPACE',''
  ) );
#3136 = PCURVE('',#1150,#3137);
#3137 = DEFINITIONAL_REPRESENTATION('',(#3138),#3142);
#3138 = LINE('',#3139,#3140);
#3139 = CARTESIAN_POINT('',(0.,0.));
#3140 = VECTOR('',#3141,1.);
#3141 = DIRECTION('',(0.,1.));
#3142 = ( GEOMETRIC_REPRESENTATION_CONTEXT(2) 
PARAMETRIC_REPRESENTATION_CONTEXT() REPRESENTATION_CONTEXT('2D SPACE',''
  ) );
#3143 = ORIENTED_EDGE('',*,*,#2168,.F.);
#3144 = ADVANCED_FACE('',(#3145),#1150,.T.);
#3145 = FACE_BOUND('',#3146,.T.);
#3146 = EDGE_LOOP('',(#3147,#3148,#3149,#3169));
#3147 = ORIENTED_EDGE('',*,*,#3124,.F.);
#3148 = ORIENTED_EDGE('',*,*,#1136,.F.);
#3149 = ORIENTED_EDGE('',*,*,#3150,.T.);
#3150 = EDGE_CURVE('',#1112,#2198,#3151,.T.);
#3151 = SURFACE_CURVE('',#3152,(#3155,#3162),.PCURVE_S1.);
#3152 = B_SPLINE_CURVE_WITH_KNOTS('',1,(#3153,#3154),.UNSPECIFIED.,.F.,
  .F.,(2,2),(0.,1.),.PIECEWISE_BEZIER_KNOTS.);
#3153 = CARTESIAN_POINT('',(-0.964017513151,-2.310284182152E-03,
    1.312681042653E-02));
#3154 = CARTESIAN_POINT('',(-0.937692609469,0.269110520497,
    0.212316107823));
#3155 = PCURVE('',#1150,#3156);
#3156 = DEFINITIONAL_REPRESENTATION('',(#3157),#3161);
#3157 = LINE('',#3158,#3159);
#3158 = CARTESIAN_POINT('',(3.896577456362E-03,0.));
#3159 = VECTOR('',#3160,1.);
#3160 = DIRECTION('',(0.,1.));
#3161 = ( GEOMETRIC_REPRESENTATION_CONTEXT(2) 
PARAMETRIC_REPRESENTATION_CONTEXT() REPRESENTATION_CONTEXT('2D SPACE',''
  ) );
#3162 = PCURVE('',#1125,#3163);
#3163 = DEFINITIONAL_REPRESENTATION('',(#3164),#3168);
#3164 = LINE('',#3165,#3166);
#3165 = CARTESIAN_POINT('',(0.,0.));
#3166 = VECTOR('',#3167,1.);
#3167 = DIRECTION('',(0.,1.));
#3168 = ( GEOMETRIC_REPRESENTATION_CONTEXT(2) 
PARAMETRIC_REPRESENTATION_CONTEXT() REPRESENTATION_CONTEXT('2D SPACE',''
  ) );
#3169 = ORIENTED_EDGE('',*,*,#2197,.F.);
#3170 = ADVANCED_FACE('',(#3171),#1125,.T.);
#3171 = FACE_BOUND('',#3172,.T.);
#3172 = EDGE_LOOP('',(#3173,#3174,#3175,#3195));
#3173 = ORIENTED_EDGE('',*,*,#3150,.F.);
#3174 = ORIENTED_EDGE('',*,*,#1111,.F.);
#3175 = ORIENTED_EDGE('',*,*,#3176,.T.);
#3176 = EDGE_CURVE('',#1087,#1940,#3177,.T.);
#3177 = SURFACE_CURVE('',#3178,(#3181,#3188),.PCURVE_S1.);
#3178 = B_SPLINE_CURVE_WITH_KNOTS('',1,(#3179,#3180),.UNSPECIFIED.,.F.,
  .F.,(2,2),(0.,1.),.PIECEWISE_BEZIER_KNOTS.);
#3179 = CARTESIAN_POINT('',(-0.96,-2.503341195453E-03,1.338809978945E-02
    ));
#3180 = CARTESIAN_POINT('',(-0.9348,0.268971519448,0.212504236164));
#3181 = PCURVE('',#1125,#3182);
#3182 = DEFINITIONAL_REPRESENTATION('',(#3183),#3187);
#3183 = LINE('',#3184,#3185);
#3184 = CARTESIAN_POINT('',(4.030627130218E-03,0.));
#3185 = VECTOR('',#3186,1.);
#3186 = DIRECTION('',(0.,1.));
#3187 = ( GEOMETRIC_REPRESENTATION_CONTEXT(2) 
PARAMETRIC_REPRESENTATION_CONTEXT() REPRESENTATION_CONTEXT('2D SPACE',''
  ) );
#3188 = PCURVE('',#1100,#3189);
#3189 = DEFINITIONAL_REPRESENTATION('',(#3190),#3194);
#3190 = LINE('',#3191,#3192);
#3191 = CARTESIAN_POINT('',(0.,0.));
#3192 = VECTOR('',#3193,1.);
#3193 = DIRECTION('',(0.,1.));
#3194 = ( GEOMETRIC_REPRESENTATION_CONTEXT(2) 
PARAMETRIC_REPRESENTATION_CONTEXT() REPRESENTATION_CONTEXT('2D SPACE',''
  ) );
#3195 = ORIENTED_EDGE('',*,*,#2226,.F.);
#3196 = ADVANCED_FACE('',(#3197),#1100,.T.);
#3197 = FACE_BOUND('',#3198,.T.);
#3198 = EDGE_LOOP('',(#3199,#3200,#3201));
#3199 = ORIENTED_EDGE('',*,*,#3176,.F.);
#3200 = ORIENTED_EDGE('',*,*,#1086,.F.);
#3201 = ORIENTED_EDGE('',*,*,#1939,.F.);
#3202 = ( GEOMETRIC_REPRESENTATION_CONTEXT(3) 
GLOBAL_UNCERTAINTY_ASSIGNED_CONTEXT((#3206)) 
GLOBAL_UNIT_ASSIGNED_CONTEXT((#3203,#3204,#3205)) REPRESENTATION_CONTEXT
('Context #1','3D Context with UNIT and UNCERTAINTY') );
#3203 = ( LENGTH_UNIT() NAMED_UNIT(*) SI_UNIT(.MILLI.,.METRE.) );
#3204 = ( NAMED_UNIT(*) PLANE_ANGLE_UNIT() SI_UNIT($,.RADIAN.) );
#3205 = ( NAMED_UNIT(*) SI_UNIT($,.STERADIAN.) SOLID_ANGLE_UNIT() );
#3206 = UNCERTAINTY_MEASURE_WITH_UNIT(LENGTH_MEASURE(5.E-06),#3203,
  'distance_accuracy_value','confusion accuracy');
#3207 = CONTEXT_DEPENDENT_SHAPE_REPRESENTATION(#3208,#3210);
#3208 = ( REPRESENTATION_RELATIONSHIP('','',#32,#10) 
REPRESENTATION_RELATIONSHIP_WITH_TRANSFORMATION(#3209) 
SHAPE_REPRESENTATION_RELATIONSHIP() );
#3209 = ITEM_DEFINED_TRANSFORMATION('','',#11,#15);
#3210 = PRODUCT_DEFINITION_SHAPE('Placement','Placement of an item',
  #3211);
#3211 = NEXT_ASSEMBLY_USAGE_OCCURRENCE('3','=>[0:1:1:2]','',#5,#27,$);
#3212 = PRODUCT_RELATED_PRODUCT_CATEGORY('part',$,(#29));
ENDSEC;
END-ISO-10303-21;
