ISO-10303-21;
HEADER;
FILE_DESCRIPTION(('Open CASCADE Model'),'2;1');
FILE_NAME('Open CASCADE Shape Model','2026-08-02T01:03:27',('Author'),(
    'Open CASCADE'),'Open CASCADE STEP processor 7.9','build123d',
  'Unknown');
FILE_SCHEMA(('AUTOMOTIVE_DESIGN { 1 0 10303 214 1 1 1 1 }'));
ENDSEC;
DATA;
#1 = APPLICATION_PROTOCOL_DEFINITION('international standard',
  'automotive_design',2000,#2);
#2 = APPLICATION_CONTEXT(
  'core data for automotive mechanical design processes');
#3 = SHAPE_DEFINITION_REPRESENTATION(#4,#10);
#4 = PRODUCT_DEFINITION_SHAPE('','',#5);
#5 = PRODUCT_DEFINITION('design','',#6,#9);
#6 = PRODUCT_DEFINITION_FORMATION('','',#7);
#7 = PRODUCT('COMPOUND','COMPOUND','',(#8));
#8 = PRODUCT_CONTEXT('',#2,'mechanical');
#9 = PRODUCT_DEFINITION_CONTEXT('part definition',#2,'design');
#10 = ADVANCED_BREP_SHAPE_REPRESENTATION('',(#11,#15),#8745);
#11 = AXIS2_PLACEMENT_3D('',#12,#13,#14);
#12 = CARTESIAN_POINT('',(0.,0.,0.));
#13 = DIRECTION('',(0.,0.,1.));
#14 = DIRECTION('',(1.,0.,-0.));
#15 = MANIFOLD_SOLID_BREP('',#16);
#16 = CLOSED_SHELL('',(#17,#259,#378,#497,#616,#735,#854,#973,#1092,
    #1211,#1330,#1449,#1568,#1687,#1806,#1925,#2044,#2163,#2282,#2401,
    #2520,#2639,#2758,#2877,#2996,#3115,#3234,#3353,#3472,#3591,#3710,
    #3829,#3948,#4067,#4186,#4305,#4424,#4543,#4662,#4781,#4900,#5019,
    #5138,#5257,#5376,#5495,#5614,#5733,#5852,#5971,#6090,#6209,#6328,
    #6447,#6566,#6685,#6804,#6923,#7042,#7161,#7280,#7399,#7518,#7637,
    #7756,#7875,#7994,#8113,#8232,#8351,#8470,#8552,#8595,#8670));
#17 = ADVANCED_FACE('',(#18),#31,.F.);
#18 = FACE_BOUND('',#19,.F.);
#19 = EDGE_LOOP('',(#20,#85,#160,#186));
#20 = ORIENTED_EDGE('',*,*,#21,.T.);
#21 = EDGE_CURVE('',#22,#24,#26,.T.);
#22 = VERTEX_POINT('',#23);
#23 = CARTESIAN_POINT('',(0.5378,7.974623264059E-03,-1.047136570464E-03)
  );
#24 = VERTEX_POINT('',#25);
#25 = CARTESIAN_POINT('',(0.5378,8.E-03,0.));
#26 = SURFACE_CURVE('',#27,(#30,#74),.PCURVE_S1.);
#27 = B_SPLINE_CURVE_WITH_KNOTS('',1,(#28,#29),.UNSPECIFIED.,.F.,.F.,(2,
    2),(0.,1.),.PIECEWISE_BEZIER_KNOTS.);
#28 = CARTESIAN_POINT('',(0.5378,7.974623264059E-03,-1.047136570464E-03)
  );
#29 = CARTESIAN_POINT('',(0.5378,8.E-03,0.));
#30 = PCURVE('',#31,#68);
#31 = ( BOUNDED_SURFACE() B_SPLINE_SURFACE(1,3,(
    (#32,#33,#34,#35,#36,#37,#38,#39,#40,#41,#42,#43,#44,#45,#46,#47,#48
      ,#49)
    ,(#50,#51,#52,#53,#54,#55,#56,#57,#58,#59,#60,#61,#62,#63,#64,#65
,#66,#67
  )),.UNSPECIFIED.,.F.,.F.,.F.) B_SPLINE_SURFACE_WITH_KNOTS((2,2),(4,1,1
    ,1,1,1,1,1,1,1,1,1,1,1,1,4),(0.,1.),(0.,3.281818483209E-02,
    8.331472171401E-02,0.163169600212,0.282607356412,0.362210128519,
    0.441821211418,0.521490445595,0.611262750889,0.691167944743,
    0.761109091848,0.800978053181,0.860692828618,0.910445018305,
0.96019726339,1.),.UNSPECIFIED.) GEOMETRIC_REPRESENTATION_ITEM() 
RATIONAL_B_SPLINE_SURFACE((
    (1.,1.,1.,1.,1.,1.,1.,1.,1.,1.,1.,1.,1.,1.,0.999999999999
      ,1.000000000004,0.999999999993,1.)
    ,(1.,1.,1.,1.,1.,1.,1.,1.,1.,1.,1.,1.,1.,1.,0.999999999999
,1.000000000004,0.999999999993,1.
  ))) REPRESENTATION_ITEM('') SURFACE() );
#32 = CARTESIAN_POINT('',(0.5378,7.974623264059E-03,-1.047136570464E-03)
  );
#33 = CARTESIAN_POINT('',(0.523430650188,1.711426889251E-02,
    -2.461448031556E-03));
#34 = CARTESIAN_POINT('',(0.483258792956,3.136824292183E-02,
    -4.589785142168E-03));
#35 = CARTESIAN_POINT('',(0.398489817948,4.124256482783E-02,
    -6.089556646887E-03));
#36 = CARTESIAN_POINT('',(0.269462582488,4.882950809926E-02,
    -7.613477945503E-03));
#37 = CARTESIAN_POINT('',(0.124451460313,5.053381655699E-02,
    -7.807708489217E-03));
#38 = CARTESIAN_POINT('',(-2.019705092663E-02,5.24737149805E-02,
    -8.072038339069E-03));
#39 = CARTESIAN_POINT('',(-0.144245251992,5.030372029151E-02,
    -7.77276695576E-03));
#40 = CARTESIAN_POINT('',(-0.273480101183,4.514434051467E-02,
    -7.146504989256E-03));
#41 = CARTESIAN_POINT('',(-0.402617556702,3.66747415287E-02,
    -5.828976680699E-03));
#42 = CARTESIAN_POINT('',(-0.526576732963,2.624626779659E-02,
    -4.474116989278E-03));
#43 = CARTESIAN_POINT('',(-0.624580534573,1.845672470232E-02,
    -2.963570889527E-03));
#44 = CARTESIAN_POINT('',(-0.712476506696,1.423961556962E-02,
    -2.205517240429E-03));
#45 = CARTESIAN_POINT('',(-0.790028640266,1.257475780353E-02,
    -2.115902151659E-03));
#46 = CARTESIAN_POINT('',(-0.872701839491,1.321953832942E-02,
    -1.943859141285E-03));
#47 = CARTESIAN_POINT('',(-0.945025744455,1.232332885742E-02,
    -1.902655261662E-03));
#48 = CARTESIAN_POINT('',(-0.991548335241,1.078364268827E-02,
    -2.082457687371E-03));
#49 = CARTESIAN_POINT('',(-1.0122,1.196193489609E-02,-1.832488998312E-03
    ));
#50 = CARTESIAN_POINT('',(0.5378,8.E-03,0.));
#51 = CARTESIAN_POINT('',(0.523430650188,1.716872968247E-02,0.));
#52 = CARTESIAN_POINT('',(0.483258792956,3.146806251094E-02,0.));
#53 = CARTESIAN_POINT('',(0.398489817948,4.137380634765E-02,0.));
#54 = CARTESIAN_POINT('',(0.269462582488,4.89848926851E-02,0.));
#55 = CARTESIAN_POINT('',(0.124451460313,5.069462456966E-02,0.));
#56 = CARTESIAN_POINT('',(-2.019705092663E-02,5.264069611112E-02,0.));
#57 = CARTESIAN_POINT('',(-0.144245251992,5.046379609502E-02,0.));
#58 = CARTESIAN_POINT('',(-0.273480101183,4.528799821116E-02,0.));
#59 = CARTESIAN_POINT('',(-0.402617556702,3.679144738434E-02,0.));
#60 = CARTESIAN_POINT('',(-0.526576732963,2.632978830724E-02,0.));
#61 = CARTESIAN_POINT('',(-0.624580534573,1.851545743659E-02,0.));
#62 = CARTESIAN_POINT('',(-0.712476506696,1.428492867749E-02,0.));
#63 = CARTESIAN_POINT('',(-0.790028640266,1.2614773024E-02,0.));
#64 = CARTESIAN_POINT('',(-0.872701839491,1.326160536169E-02,0.));
#65 = CARTESIAN_POINT('',(-0.945025744455,1.236254398388E-02,0.));
#66 = CARTESIAN_POINT('',(-0.991548335241,1.081795824756E-02,0.));
#67 = CARTESIAN_POINT('',(-1.0122,1.2E-02,0.));
#68 = DEFINITIONAL_REPRESENTATION('',(#69),#73);
#69 = LINE('',#70,#71);
#70 = CARTESIAN_POINT('',(0.,0.));
#71 = VECTOR('',#72,1.);
#72 = DIRECTION('',(1.,0.));
#73 = ( GEOMETRIC_REPRESENTATION_CONTEXT(2) 
PARAMETRIC_REPRESENTATION_CONTEXT() REPRESENTATION_CONTEXT('2D SPACE',''
  ) );
#74 = PCURVE('',#75,#80);
#75 = PLANE('',#76);
#76 = AXIS2_PLACEMENT_3D('',#77,#78,#79);
#77 = CARTESIAN_POINT('',(0.5378,7.974623264059E-03,-1.047136570464E-03)
  );
#78 = DIRECTION('',(1.,0.,0.));
#79 = DIRECTION('',(0.,-0.974296753169,0.225268366098));
#80 = DEFINITIONAL_REPRESENTATION('',(#81),#84);
#81 = B_SPLINE_CURVE_WITH_KNOTS('',1,(#82,#83),.UNSPECIFIED.,.F.,.F.,(2,
    2),(0.,1.),.PIECEWISE_BEZIER_KNOTS.);
#82 = CARTESIAN_POINT('',(0.,0.));
#83 = CARTESIAN_POINT('',(2.111622728761E-04,-1.02593833657E-03));
#84 = ( GEOMETRIC_REPRESENTATION_CONTEXT(2) 
PARAMETRIC_REPRESENTATION_CONTEXT() REPRESENTATION_CONTEXT('2D SPACE',''
  ) );
#85 = ORIENTED_EDGE('',*,*,#86,.T.);
#86 = EDGE_CURVE('',#24,#87,#89,.T.);
#87 = VERTEX_POINT('',#88);
#88 = CARTESIAN_POINT('',(-1.0122,1.2E-02,0.));
#89 = SURFACE_CURVE('',#90,(#109,#116),.PCURVE_S1.);
#90 = ( BOUNDED_CURVE() B_SPLINE_CURVE(3,(#91,#92,#93,#94,#95,#96,#97,
    #98,#99,#100,#101,#102,#103,#104,#105,#106,#107,#108),
.UNSPECIFIED.,.F.,.F.) B_SPLINE_CURVE_WITH_KNOTS((4,1,1,1,1,1,1,1,1,1,1,
    1,1,1,1,4),(0.,3.281818483209E-02,8.331472171401E-02,0.163169600212,
    0.282607356412,0.362210128519,0.441821211418,0.521490445595,
    0.611262750889,0.691167944743,0.761109091848,0.800978053181,
0.860692828618,0.910445018305,0.96019726339,1.),.UNSPECIFIED.) CURVE() 
GEOMETRIC_REPRESENTATION_ITEM() RATIONAL_B_SPLINE_CURVE((1.,1.,1.,1.,1.,
    1.,1.,1.,1.,1.,1.,1.,1.,1.,0.999999999999,1.000000000004,
0.999999999993,1.)) REPRESENTATION_ITEM('') );
#91 = CARTESIAN_POINT('',(0.5378,8.E-03,0.));
#92 = CARTESIAN_POINT('',(0.523430650188,1.716872968247E-02,0.));
#93 = CARTESIAN_POINT('',(0.483258792956,3.146806251094E-02,0.));
#94 = CARTESIAN_POINT('',(0.398489817948,4.137380634765E-02,0.));
#95 = CARTESIAN_POINT('',(0.269462582488,4.89848926851E-02,0.));
#96 = CARTESIAN_POINT('',(0.124451460313,5.069462456966E-02,0.));
#97 = CARTESIAN_POINT('',(-2.019705092663E-02,5.264069611112E-02,0.));
#98 = CARTESIAN_POINT('',(-0.144245251992,5.046379609502E-02,0.));
#99 = CARTESIAN_POINT('',(-0.273480101183,4.528799821116E-02,0.));
#100 = CARTESIAN_POINT('',(-0.402617556702,3.679144738434E-02,0.));
#101 = CARTESIAN_POINT('',(-0.526576732963,2.632978830724E-02,0.));
#102 = CARTESIAN_POINT('',(-0.624580534573,1.851545743659E-02,0.));
#103 = CARTESIAN_POINT('',(-0.712476506696,1.428492867749E-02,0.));
#104 = CARTESIAN_POINT('',(-0.790028640266,1.2614773024E-02,0.));
#105 = CARTESIAN_POINT('',(-0.872701839491,1.326160536169E-02,0.));
#106 = CARTESIAN_POINT('',(-0.945025744455,1.236254398388E-02,0.));
#107 = CARTESIAN_POINT('',(-0.991548335241,1.081795824756E-02,0.));
#108 = CARTESIAN_POINT('',(-1.0122,1.2E-02,0.));
#109 = PCURVE('',#31,#110);
#110 = DEFINITIONAL_REPRESENTATION('',(#111),#115);
#111 = LINE('',#112,#113);
#112 = CARTESIAN_POINT('',(1.,0.));
#113 = VECTOR('',#114,1.);
#114 = DIRECTION('',(0.,1.));
#115 = ( GEOMETRIC_REPRESENTATION_CONTEXT(2) 
PARAMETRIC_REPRESENTATION_CONTEXT() REPRESENTATION_CONTEXT('2D SPACE',''
  ) );
#116 = PCURVE('',#117,#154);
#117 = ( BOUNDED_SURFACE() B_SPLINE_SURFACE(1,3,(
    (#118,#119,#120,#121,#122,#123,#124,#125,#126,#127,#128,#129,#130
      ,#131,#132,#133,#134,#135)
    ,(#136,#137,#138,#139,#140,#141,#142,#143,#144,#145,#146,#147,#148
      ,#149,#150,#151,#152,#153
)),.UNSPECIFIED.,.F.,.F.,.F.) B_SPLINE_SURFACE_WITH_KNOTS((2,2),(4,1,1,1
    ,1,1,1,1,1,1,1,1,1,1,1,4),(1.,2.),(0.,3.281818483209E-02,
    8.331472171401E-02,0.163169600212,0.282607356412,0.362210128519,
    0.441821211418,0.521490445595,0.611262750889,0.691167944743,
    0.761109091848,0.800978053181,0.860692828618,0.910445018305,
0.96019726339,1.),.UNSPECIFIED.) GEOMETRIC_REPRESENTATION_ITEM() 
RATIONAL_B_SPLINE_SURFACE((
    (1.,1.,1.,1.,1.,1.,1.,1.,1.,1.,1.,1.,1.,1.,0.999999999999
      ,1.000000000004,0.999999999993,1.)
    ,(1.,1.,1.,1.,1.,1.,1.,1.,1.,1.,1.,1.,1.,1.,0.999999999999
,1.000000000004,0.999999999993,1.
  ))) REPRESENTATION_ITEM('') SURFACE() );
#118 = CARTESIAN_POINT('',(0.5378,8.E-03,0.));
#119 = CARTESIAN_POINT('',(0.523430650188,1.716872968247E-02,0.));
#120 = CARTESIAN_POINT('',(0.483258792956,3.146806251094E-02,0.));
#121 = CARTESIAN_POINT('',(0.398489817948,4.137380634765E-02,0.));
#122 = CARTESIAN_POINT('',(0.269462582488,4.89848926851E-02,0.));
#123 = CARTESIAN_POINT('',(0.124451460313,5.069462456966E-02,0.));
#124 = CARTESIAN_POINT('',(-2.019705092663E-02,5.264069611112E-02,0.));
#125 = CARTESIAN_POINT('',(-0.144245251992,5.046379609502E-02,0.));
#126 = CARTESIAN_POINT('',(-0.273480101183,4.528799821116E-02,0.));
#127 = CARTESIAN_POINT('',(-0.402617556702,3.679144738434E-02,0.));
#128 = CARTESIAN_POINT('',(-0.526576732963,2.632978830724E-02,0.));
#129 = CARTESIAN_POINT('',(-0.624580534573,1.851545743659E-02,0.));
#130 = CARTESIAN_POINT('',(-0.712476506696,1.428492867749E-02,0.));
#131 = CARTESIAN_POINT('',(-0.790028640266,1.2614773024E-02,0.));
#132 = CARTESIAN_POINT('',(-0.872701839491,1.326160536169E-02,0.));
#133 = CARTESIAN_POINT('',(-0.945025744455,1.236254398388E-02,0.));
#134 = CARTESIAN_POINT('',(-0.991548335241,1.081795824756E-02,0.));
#135 = CARTESIAN_POINT('',(-1.0122,1.2E-02,0.));
#136 = CARTESIAN_POINT('',(0.5378,7.974623264059E-03,1.047136570464E-03)
  );
#137 = CARTESIAN_POINT('',(0.523430650188,1.711426889251E-02,
    2.461448031555E-03));
#138 = CARTESIAN_POINT('',(0.483258792956,3.136824292183E-02,
    4.589785142168E-03));
#139 = CARTESIAN_POINT('',(0.398489817948,4.124256482783E-02,
    6.089556646887E-03));
#140 = CARTESIAN_POINT('',(0.269462582488,4.882950809926E-02,
    7.613477945503E-03));
#141 = CARTESIAN_POINT('',(0.124451460313,5.053381655699E-02,
    7.807708489217E-03));
#142 = CARTESIAN_POINT('',(-2.019705092663E-02,5.24737149805E-02,
    8.072038339069E-03));
#143 = CARTESIAN_POINT('',(-0.144245251992,5.030372029151E-02,
    7.77276695576E-03));
#144 = CARTESIAN_POINT('',(-0.273480101183,4.514434051467E-02,
    7.146504989256E-03));
#145 = CARTESIAN_POINT('',(-0.402617556702,3.66747415287E-02,
    5.828976680699E-03));
#146 = CARTESIAN_POINT('',(-0.526576732963,2.624626779659E-02,
    4.474116989278E-03));
#147 = CARTESIAN_POINT('',(-0.624580534573,1.845672470232E-02,
    2.963570889527E-03));
#148 = CARTESIAN_POINT('',(-0.712476506696,1.423961556962E-02,
    2.205517240429E-03));
#149 = CARTESIAN_POINT('',(-0.790028640266,1.257475780353E-02,
    2.115902151659E-03));
#150 = CARTESIAN_POINT('',(-0.872701839491,1.321953832942E-02,
    1.943859141282E-03));
#151 = CARTESIAN_POINT('',(-0.945025744455,1.232332885742E-02,
    1.902655261671E-03));
#152 = CARTESIAN_POINT('',(-0.991548335241,1.078364268827E-02,
    2.082457687356E-03));
#153 = CARTESIAN_POINT('',(-1.0122,1.196193489609E-02,1.832488998312E-03
    ));
#154 = DEFINITIONAL_REPRESENTATION('',(#155),#159);
#155 = LINE('',#156,#157);
#156 = CARTESIAN_POINT('',(1.,0.));
#157 = VECTOR('',#158,1.);
#158 = DIRECTION('',(0.,1.));
#159 = ( GEOMETRIC_REPRESENTATION_CONTEXT(2) 
PARAMETRIC_REPRESENTATION_CONTEXT() REPRESENTATION_CONTEXT('2D SPACE',''
  ) );
#160 = ORIENTED_EDGE('',*,*,#161,.F.);
#161 = EDGE_CURVE('',#162,#87,#164,.T.);
#162 = VERTEX_POINT('',#163);
#163 = CARTESIAN_POINT('',(-1.0122,1.196193489609E-02,
    -1.832488998312E-03));
#164 = SURFACE_CURVE('',#165,(#168,#175),.PCURVE_S1.);
#165 = B_SPLINE_CURVE_WITH_KNOTS('',1,(#166,#167),.UNSPECIFIED.,.F.,.F.,
  (2,2),(0.,1.),.PIECEWISE_BEZIER_KNOTS.);
#166 = CARTESIAN_POINT('',(-1.0122,1.196193489609E-02,
    -1.832488998312E-03));
#167 = CARTESIAN_POINT('',(-1.0122,1.2E-02,0.));
#168 = PCURVE('',#31,#169);
#169 = DEFINITIONAL_REPRESENTATION('',(#170),#174);
#170 = LINE('',#171,#172);
#171 = CARTESIAN_POINT('',(0.,1.));
#172 = VECTOR('',#173,1.);
#173 = DIRECTION('',(1.,0.));
#174 = ( GEOMETRIC_REPRESENTATION_CONTEXT(2) 
PARAMETRIC_REPRESENTATION_CONTEXT() REPRESENTATION_CONTEXT('2D SPACE',''
  ) );
#175 = PCURVE('',#176,#181);
#176 = PLANE('',#177);
#177 = AXIS2_PLACEMENT_3D('',#178,#179,#180);
#178 = CARTESIAN_POINT('',(-1.0122,1.196193489609E-02,
    -1.832488998312E-03));
#179 = DIRECTION('',(1.,0.,0.));
#180 = DIRECTION('',(0.,-0.919126327051,0.393962935974));
#181 = DEFINITIONAL_REPRESENTATION('',(#182),#185);
#182 = B_SPLINE_CURVE_WITH_KNOTS('',1,(#183,#184),.UNSPECIFIED.,.F.,.F.,
  (2,2),(0.,1.),.PIECEWISE_BEZIER_KNOTS.);
#183 = CARTESIAN_POINT('',(0.,0.));
#184 = CARTESIAN_POINT('',(6.869461067668E-04,-1.699285122476E-03));
#185 = ( GEOMETRIC_REPRESENTATION_CONTEXT(2) 
PARAMETRIC_REPRESENTATION_CONTEXT() REPRESENTATION_CONTEXT('2D SPACE',''
  ) );
#186 = ORIENTED_EDGE('',*,*,#187,.F.);
#187 = EDGE_CURVE('',#22,#162,#188,.T.);
#188 = SURFACE_CURVE('',#189,(#208,#215),.PCURVE_S1.);
#189 = ( BOUNDED_CURVE() B_SPLINE_CURVE(3,(#190,#191,#192,#193,#194,#195
    ,#196,#197,#198,#199,#200,#201,#202,#203,#204,#205,#206,#207),
.UNSPECIFIED.,.F.,.F.) B_SPLINE_CURVE_WITH_KNOTS((4,1,1,1,1,1,1,1,1,1,1,
    1,1,1,1,4),(0.,3.281818483209E-02,8.331472171401E-02,0.163169600212,
    0.282607356412,0.362210128519,0.441821211418,0.521490445595,
    0.611262750889,0.691167944743,0.761109091848,0.800978053181,
0.860692828618,0.910445018305,0.96019726339,1.),.UNSPECIFIED.) CURVE() 
GEOMETRIC_REPRESENTATION_ITEM() RATIONAL_B_SPLINE_CURVE((1.,1.,1.,1.,1.,
    1.,1.,1.,1.,1.,1.,1.,1.,1.,0.999999999999,1.000000000004,
0.999999999993,1.)) REPRESENTATION_ITEM('') );
#190 = CARTESIAN_POINT('',(0.5378,7.974623264059E-03,-1.047136570464E-03
    ));
#191 = CARTESIAN_POINT('',(0.523430650188,1.711426889251E-02,
    -2.461448031556E-03));
#192 = CARTESIAN_POINT('',(0.483258792956,3.136824292183E-02,
    -4.589785142168E-03));
#193 = CARTESIAN_POINT('',(0.398489817948,4.124256482783E-02,
    -6.089556646887E-03));
#194 = CARTESIAN_POINT('',(0.269462582488,4.882950809926E-02,
    -7.613477945503E-03));
#195 = CARTESIAN_POINT('',(0.124451460313,5.053381655699E-02,
    -7.807708489217E-03));
#196 = CARTESIAN_POINT('',(-2.019705092663E-02,5.24737149805E-02,
    -8.072038339069E-03));
#197 = CARTESIAN_POINT('',(-0.144245251992,5.030372029151E-02,
    -7.77276695576E-03));
#198 = CARTESIAN_POINT('',(-0.273480101183,4.514434051467E-02,
    -7.146504989256E-03));
#199 = CARTESIAN_POINT('',(-0.402617556702,3.66747415287E-02,
    -5.828976680699E-03));
#200 = CARTESIAN_POINT('',(-0.526576732963,2.624626779659E-02,
    -4.474116989278E-03));
#201 = CARTESIAN_POINT('',(-0.624580534573,1.845672470232E-02,
    -2.963570889527E-03));
#202 = CARTESIAN_POINT('',(-0.712476506696,1.423961556962E-02,
    -2.205517240429E-03));
#203 = CARTESIAN_POINT('',(-0.790028640266,1.257475780353E-02,
    -2.115902151659E-03));
#204 = CARTESIAN_POINT('',(-0.872701839491,1.321953832942E-02,
    -1.943859141285E-03));
#205 = CARTESIAN_POINT('',(-0.945025744455,1.232332885742E-02,
    -1.902655261662E-03));
#206 = CARTESIAN_POINT('',(-0.991548335241,1.078364268827E-02,
    -2.082457687371E-03));
#207 = CARTESIAN_POINT('',(-1.0122,1.196193489609E-02,
    -1.832488998312E-03));
#208 = PCURVE('',#31,#209);
#209 = DEFINITIONAL_REPRESENTATION('',(#210),#214);
#210 = LINE('',#211,#212);
#211 = CARTESIAN_POINT('',(0.,0.));
#212 = VECTOR('',#213,1.);
#213 = DIRECTION('',(0.,1.));
#214 = ( GEOMETRIC_REPRESENTATION_CONTEXT(2) 
PARAMETRIC_REPRESENTATION_CONTEXT() REPRESENTATION_CONTEXT('2D SPACE',''
  ) );
#215 = PCURVE('',#216,#253);
#216 = ( BOUNDED_SURFACE() B_SPLINE_SURFACE(1,3,(
    (#217,#218,#219,#220,#221,#222,#223,#224,#225,#226,#227,#228,#229
      ,#230,#231,#232,#233,#234)
    ,(#235,#236,#237,#238,#239,#240,#241,#242,#243,#244,#245,#246,#247
      ,#248,#249,#250,#251,#252
)),.UNSPECIFIED.,.F.,.F.,.F.) B_SPLINE_SURFACE_WITH_KNOTS((2,2),(4,1,1,1
    ,1,1,1,1,1,1,1,1,1,1,1,4),(71.,72.),(0.,3.281818483209E-02,
    8.331472171401E-02,0.163169600212,0.282607356412,0.362210128519,
    0.441821211418,0.521490445595,0.611262750889,0.691167944743,
    0.761109091848,0.800978053181,0.860692828618,0.910445018305,
0.96019726339,1.),.UNSPECIFIED.) GEOMETRIC_REPRESENTATION_ITEM() 
RATIONAL_B_SPLINE_SURFACE((
    (1.,1.,1.,1.,1.,1.,1.,1.,1.,1.,1.,1.,1.,1.,0.999999999999
      ,1.000000000004,0.999999999993,1.)
    ,(1.,1.,1.,1.,1.,1.,1.,1.,1.,1.,1.,1.,1.,1.,0.999999999999
,1.000000000004,0.999999999993,1.
  ))) REPRESENTATION_ITEM('') SURFACE() );
#217 = CARTESIAN_POINT('',(0.5378,7.898589364907E-03,-1.859866814215E-03
    ));
#218 = CARTESIAN_POINT('',(0.523430650188,1.695109320985E-02,
    -4.371889625417E-03));
#219 = CARTESIAN_POINT('',(0.483258792956,3.106916298541E-02,
    -8.152125817281E-03));
#220 = CARTESIAN_POINT('',(0.398489817948,4.08493383504E-02,
    -1.081593809279E-02));
#221 = CARTESIAN_POINT('',(0.269462582488,4.836394405047E-02,
    -1.35226439139E-02));
#222 = CARTESIAN_POINT('',(0.124451460313,5.005200281048E-02,
    -1.386762560277E-02));
#223 = CARTESIAN_POINT('',(-2.019705092663E-02,5.197340530808E-02,
    -1.433711385255E-02));
#224 = CARTESIAN_POINT('',(-0.144245251992,4.982410039362E-02,
    -1.380556435847E-02));
#225 = CARTESIAN_POINT('',(-0.273480101183,4.471391262858E-02,
    -1.269323204065E-02));
#226 = CARTESIAN_POINT('',(-0.402617556702,3.632506687869E-02,
    -1.035311018167E-02));
#227 = CARTESIAN_POINT('',(-0.526576732963,2.599602323798E-02,
    -7.946682358338E-03));
#228 = CARTESIAN_POINT('',(-0.624580534573,1.828074939938E-02,
    -5.263732835311E-03));
#229 = CARTESIAN_POINT('',(-0.712476506696,1.410384821631E-02,
    -3.917319325251E-03));
#230 = CARTESIAN_POINT('',(-0.790028640266,1.245486400603E-02,
    -3.758149896572E-03));
#231 = CARTESIAN_POINT('',(-0.872701839491,1.309349688386E-02,
    -3.452576493262E-03));
#232 = CARTESIAN_POINT('',(-0.945025744455,1.220583230452E-02,
    -3.379392411417E-03));
#233 = CARTESIAN_POINT('',(-0.991548335241,1.068082624512E-02,
    -3.698747665006E-03));
#234 = CARTESIAN_POINT('',(-1.0122,1.184788404736E-02,
    -3.254766924877E-03));
#235 = CARTESIAN_POINT('',(0.5378,7.974623264059E-03,-1.047136570464E-03
    ));
#236 = CARTESIAN_POINT('',(0.523430650188,1.711426889251E-02,
    -2.461448031556E-03));
#237 = CARTESIAN_POINT('',(0.483258792956,3.136824292183E-02,
    -4.589785142168E-03));
#238 = CARTESIAN_POINT('',(0.398489817948,4.124256482783E-02,
    -6.089556646887E-03));
#239 = CARTESIAN_POINT('',(0.269462582488,4.882950809926E-02,
    -7.613477945503E-03));
#240 = CARTESIAN_POINT('',(0.124451460313,5.053381655699E-02,
    -7.807708489217E-03));
#241 = CARTESIAN_POINT('',(-2.019705092663E-02,5.24737149805E-02,
    -8.072038339069E-03));
#242 = CARTESIAN_POINT('',(-0.144245251992,5.030372029151E-02,
    -7.77276695576E-03));
#243 = CARTESIAN_POINT('',(-0.273480101183,4.514434051467E-02,
    -7.146504989256E-03));
#244 = CARTESIAN_POINT('',(-0.402617556702,3.66747415287E-02,
    -5.828976680699E-03));
#245 = CARTESIAN_POINT('',(-0.526576732963,2.624626779659E-02,
    -4.474116989278E-03));
#246 = CARTESIAN_POINT('',(-0.624580534573,1.845672470232E-02,
    -2.963570889527E-03));
#247 = CARTESIAN_POINT('',(-0.712476506696,1.423961556962E-02,
    -2.205517240429E-03));
#248 = CARTESIAN_POINT('',(-0.790028640266,1.257475780353E-02,
    -2.115902151659E-03));
#249 = CARTESIAN_POINT('',(-0.872701839491,1.321953832942E-02,
    -1.943859141285E-03));
#250 = CARTESIAN_POINT('',(-0.945025744455,1.232332885742E-02,
    -1.902655261662E-03));
#251 = CARTESIAN_POINT('',(-0.991548335241,1.078364268827E-02,
    -2.082457687371E-03));
#252 = CARTESIAN_POINT('',(-1.0122,1.196193489609E-02,
    -1.832488998312E-03));
#253 = DEFINITIONAL_REPRESENTATION('',(#254),#258);
#254 = LINE('',#255,#256);
#255 = CARTESIAN_POINT('',(72.,0.));
#256 = VECTOR('',#257,1.);
#257 = DIRECTION('',(0.,1.));
#258 = ( GEOMETRIC_REPRESENTATION_CONTEXT(2) 
PARAMETRIC_REPRESENTATION_CONTEXT() REPRESENTATION_CONTEXT('2D SPACE',''
  ) );
#259 = ADVANCED_FACE('',(#260),#117,.F.);
#260 = FACE_BOUND('',#261,.F.);
#261 = EDGE_LOOP('',(#262,#283,#358,#377));
#262 = ORIENTED_EDGE('',*,*,#263,.T.);
#263 = EDGE_CURVE('',#24,#264,#266,.T.);
#264 = VERTEX_POINT('',#265);
#265 = CARTESIAN_POINT('',(0.5378,7.974623264059E-03,1.047136570464E-03)
  );
#266 = SURFACE_CURVE('',#267,(#270,#277),.PCURVE_S1.);
#267 = B_SPLINE_CURVE_WITH_KNOTS('',1,(#268,#269),.UNSPECIFIED.,.F.,.F.,
  (2,2),(1.,2.),.PIECEWISE_BEZIER_KNOTS.);
#268 = CARTESIAN_POINT('',(0.5378,8.E-03,0.));
#269 = CARTESIAN_POINT('',(0.5378,7.974623264059E-03,1.047136570464E-03)
  );
#270 = PCURVE('',#117,#271);
#271 = DEFINITIONAL_REPRESENTATION('',(#272),#276);
#272 = LINE('',#273,#274);
#273 = CARTESIAN_POINT('',(0.,0.));
#274 = VECTOR('',#275,1.);
#275 = DIRECTION('',(1.,0.));
#276 = ( GEOMETRIC_REPRESENTATION_CONTEXT(2) 
PARAMETRIC_REPRESENTATION_CONTEXT() REPRESENTATION_CONTEXT('2D SPACE',''
  ) );
#277 = PCURVE('',#75,#278);
#278 = DEFINITIONAL_REPRESENTATION('',(#279),#282);
#279 = B_SPLINE_CURVE_WITH_KNOTS('',1,(#280,#281),.UNSPECIFIED.,.F.,.F.,
  (2,2),(1.,2.),.PIECEWISE_BEZIER_KNOTS.);
#280 = CARTESIAN_POINT('',(2.111622728761E-04,-1.02593833657E-03));
#281 = CARTESIAN_POINT('',(4.717734886196E-04,-2.040443521455E-03));
#282 = ( GEOMETRIC_REPRESENTATION_CONTEXT(2) 
PARAMETRIC_REPRESENTATION_CONTEXT() REPRESENTATION_CONTEXT('2D SPACE',''
  ) );
#283 = ORIENTED_EDGE('',*,*,#284,.T.);
#284 = EDGE_CURVE('',#264,#285,#287,.T.);
#285 = VERTEX_POINT('',#286);
#286 = CARTESIAN_POINT('',(-1.0122,1.196193489609E-02,1.832488998312E-03
    ));
#287 = SURFACE_CURVE('',#288,(#307,#314),.PCURVE_S1.);
#288 = ( BOUNDED_CURVE() B_SPLINE_CURVE(3,(#289,#290,#291,#292,#293,#294
    ,#295,#296,#297,#298,#299,#300,#301,#302,#303,#304,#305,#306),
.UNSPECIFIED.,.F.,.F.) B_SPLINE_CURVE_WITH_KNOTS((4,1,1,1,1,1,1,1,1,1,1,
    1,1,1,1,4),(0.,3.281818483209E-02,8.331472171401E-02,0.163169600212,
    0.282607356412,0.362210128519,0.441821211418,0.521490445595,
    0.611262750889,0.691167944743,0.761109091848,0.800978053181,
0.860692828618,0.910445018305,0.96019726339,1.),.UNSPECIFIED.) CURVE() 
GEOMETRIC_REPRESENTATION_ITEM() RATIONAL_B_SPLINE_CURVE((1.,1.,1.,1.,1.,
    1.,1.,1.,1.,1.,1.,1.,1.,1.,0.999999999999,1.000000000004,
0.999999999993,1.)) REPRESENTATION_ITEM('') );
#289 = CARTESIAN_POINT('',(0.5378,7.974623264059E-03,1.047136570464E-03)
  );
#290 = CARTESIAN_POINT('',(0.523430650188,1.711426889251E-02,
    2.461448031555E-03));
#291 = CARTESIAN_POINT('',(0.483258792956,3.136824292183E-02,
    4.589785142168E-03));
#292 = CARTESIAN_POINT('',(0.398489817948,4.124256482783E-02,
    6.089556646887E-03));
#293 = CARTESIAN_POINT('',(0.269462582488,4.882950809926E-02,
    7.613477945503E-03));
#294 = CARTESIAN_POINT('',(0.124451460313,5.053381655699E-02,
    7.807708489217E-03));
#295 = CARTESIAN_POINT('',(-2.019705092663E-02,5.24737149805E-02,
    8.072038339069E-03));
#296 = CARTESIAN_POINT('',(-0.144245251992,5.030372029151E-02,
    7.77276695576E-03));
#297 = CARTESIAN_POINT('',(-0.273480101183,4.514434051467E-02,
    7.146504989256E-03));
#298 = CARTESIAN_POINT('',(-0.402617556702,3.66747415287E-02,
    5.828976680699E-03));
#299 = CARTESIAN_POINT('',(-0.526576732963,2.624626779659E-02,
    4.474116989278E-03));
#300 = CARTESIAN_POINT('',(-0.624580534573,1.845672470232E-02,
    2.963570889527E-03));
#301 = CARTESIAN_POINT('',(-0.712476506696,1.423961556962E-02,
    2.205517240429E-03));
#302 = CARTESIAN_POINT('',(-0.790028640266,1.257475780353E-02,
    2.115902151659E-03));
#303 = CARTESIAN_POINT('',(-0.872701839491,1.321953832942E-02,
    1.943859141282E-03));
#304 = CARTESIAN_POINT('',(-0.945025744455,1.232332885742E-02,
    1.902655261671E-03));
#305 = CARTESIAN_POINT('',(-0.991548335241,1.078364268827E-02,
    2.082457687356E-03));
#306 = CARTESIAN_POINT('',(-1.0122,1.196193489609E-02,1.832488998312E-03
    ));
#307 = PCURVE('',#117,#308);
#308 = DEFINITIONAL_REPRESENTATION('',(#309),#313);
#309 = LINE('',#310,#311);
#310 = CARTESIAN_POINT('',(2.,0.));
#311 = VECTOR('',#312,1.);
#312 = DIRECTION('',(0.,1.));
#313 = ( GEOMETRIC_REPRESENTATION_CONTEXT(2) 
PARAMETRIC_REPRESENTATION_CONTEXT() REPRESENTATION_CONTEXT('2D SPACE',''
  ) );
#314 = PCURVE('',#315,#352);
#315 = ( BOUNDED_SURFACE() B_SPLINE_SURFACE(1,3,(
    (#316,#317,#318,#319,#320,#321,#322,#323,#324,#325,#326,#327,#328
      ,#329,#330,#331,#332,#333)
    ,(#334,#335,#336,#337,#338,#339,#340,#341,#342,#343,#344,#345,#346
      ,#347,#348,#349,#350,#351
)),.UNSPECIFIED.,.F.,.F.,.F.) B_SPLINE_SURFACE_WITH_KNOTS((2,2),(4,1,1,1
    ,1,1,1,1,1,1,1,1,1,1,1,4),(2.,3.),(0.,3.281818483209E-02,
    8.331472171401E-02,0.163169600212,0.282607356412,0.362210128519,
    0.441821211418,0.521490445595,0.611262750889,0.691167944743,
    0.761109091848,0.800978053181,0.860692828618,0.910445018305,
0.96019726339,1.),.UNSPECIFIED.) GEOMETRIC_REPRESENTATION_ITEM() 
RATIONAL_B_SPLINE_SURFACE((
    (1.,1.,1.,1.,1.,1.,1.,1.,1.,1.,1.,1.,1.,1.,0.999999999999
      ,1.000000000004,0.999999999993,1.)
    ,(1.,1.,1.,1.,1.,1.,1.,1.,1.,1.,1.,1.,1.,1.,0.999999999999
,1.000000000004,0.999999999993,1.
  ))) REPRESENTATION_ITEM('') SURFACE() );
#316 = CARTESIAN_POINT('',(0.5378,7.974623264059E-03,1.047136570464E-03)
  );
#317 = CARTESIAN_POINT('',(0.523430650188,1.711426889251E-02,
    2.461448031555E-03));
#318 = CARTESIAN_POINT('',(0.483258792956,3.136824292183E-02,
    4.589785142168E-03));
#319 = CARTESIAN_POINT('',(0.398489817948,4.124256482783E-02,
    6.089556646887E-03));
#320 = CARTESIAN_POINT('',(0.269462582488,4.882950809926E-02,
    7.613477945503E-03));
#321 = CARTESIAN_POINT('',(0.124451460313,5.053381655699E-02,
    7.807708489217E-03));
#322 = CARTESIAN_POINT('',(-2.019705092663E-02,5.24737149805E-02,
    8.072038339069E-03));
#323 = CARTESIAN_POINT('',(-0.144245251992,5.030372029151E-02,
    7.77276695576E-03));
#324 = CARTESIAN_POINT('',(-0.273480101183,4.514434051467E-02,
    7.146504989256E-03));
#325 = CARTESIAN_POINT('',(-0.402617556702,3.66747415287E-02,
    5.828976680699E-03));
#326 = CARTESIAN_POINT('',(-0.526576732963,2.624626779659E-02,
    4.474116989278E-03));
#327 = CARTESIAN_POINT('',(-0.624580534573,1.845672470232E-02,
    2.963570889527E-03));
#328 = CARTESIAN_POINT('',(-0.712476506696,1.423961556962E-02,
    2.205517240429E-03));
#329 = CARTESIAN_POINT('',(-0.790028640266,1.257475780353E-02,
    2.115902151659E-03));
#330 = CARTESIAN_POINT('',(-0.872701839491,1.321953832942E-02,
    1.943859141282E-03));
#331 = CARTESIAN_POINT('',(-0.945025744455,1.232332885742E-02,
    1.902655261671E-03));
#332 = CARTESIAN_POINT('',(-0.991548335241,1.078364268827E-02,
    2.082457687356E-03));
#333 = CARTESIAN_POINT('',(-1.0122,1.196193489609E-02,1.832488998312E-03
    ));
#334 = CARTESIAN_POINT('',(0.5378,7.898589364907E-03,1.859866814215E-03)
  );
#335 = CARTESIAN_POINT('',(0.523430650188,1.695109320985E-02,
    4.371889625422E-03));
#336 = CARTESIAN_POINT('',(0.483258792956,3.106916298541E-02,
    8.152125817277E-03));
#337 = CARTESIAN_POINT('',(0.398489817948,4.08493383504E-02,
    1.081593809279E-02));
#338 = CARTESIAN_POINT('',(0.269462582488,4.836394405047E-02,
    1.35226439139E-02));
#339 = CARTESIAN_POINT('',(0.124451460313,5.005200281048E-02,
    1.386762560277E-02));
#340 = CARTESIAN_POINT('',(-2.019705092663E-02,5.197340530808E-02,
    1.433711385255E-02));
#341 = CARTESIAN_POINT('',(-0.144245251992,4.982410039362E-02,
    1.380556435847E-02));
#342 = CARTESIAN_POINT('',(-0.273480101183,4.471391262858E-02,
    1.269323204065E-02));
#343 = CARTESIAN_POINT('',(-0.402617556702,3.632506687869E-02,
    1.035311018167E-02));
#344 = CARTESIAN_POINT('',(-0.526576732963,2.599602323798E-02,
    7.946682358338E-03));
#345 = CARTESIAN_POINT('',(-0.624580534573,1.828074939938E-02,
    5.263732835311E-03));
#346 = CARTESIAN_POINT('',(-0.712476506696,1.410384821631E-02,
    3.917319325251E-03));
#347 = CARTESIAN_POINT('',(-0.790028640266,1.245486400603E-02,
    3.758149896575E-03));
#348 = CARTESIAN_POINT('',(-0.872701839491,1.309349688386E-02,
    3.452576493255E-03));
#349 = CARTESIAN_POINT('',(-0.945025744455,1.220583230452E-02,
    3.379392411441E-03));
#350 = CARTESIAN_POINT('',(-0.991548335241,1.068082624512E-02,
    3.698747664965E-03));
#351 = CARTESIAN_POINT('',(-1.0122,1.184788404736E-02,3.254766924877E-03
    ));
#352 = DEFINITIONAL_REPRESENTATION('',(#353),#357);
#353 = LINE('',#354,#355);
#354 = CARTESIAN_POINT('',(2.,0.));
#355 = VECTOR('',#356,1.);
#356 = DIRECTION('',(0.,1.));
#357 = ( GEOMETRIC_REPRESENTATION_CONTEXT(2) 
PARAMETRIC_REPRESENTATION_CONTEXT() REPRESENTATION_CONTEXT('2D SPACE',''
  ) );
#358 = ORIENTED_EDGE('',*,*,#359,.F.);
#359 = EDGE_CURVE('',#87,#285,#360,.T.);
#360 = SURFACE_CURVE('',#361,(#364,#371),.PCURVE_S1.);
#361 = B_SPLINE_CURVE_WITH_KNOTS('',1,(#362,#363),.UNSPECIFIED.,.F.,.F.,
  (2,2),(1.,2.),.PIECEWISE_BEZIER_KNOTS.);
#362 = CARTESIAN_POINT('',(-1.0122,1.2E-02,0.));
#363 = CARTESIAN_POINT('',(-1.0122,1.196193489609E-02,1.832488998312E-03
    ));
#364 = PCURVE('',#117,#365);
#365 = DEFINITIONAL_REPRESENTATION('',(#366),#370);
#366 = LINE('',#367,#368);
#367 = CARTESIAN_POINT('',(0.,1.));
#368 = VECTOR('',#369,1.);
#369 = DIRECTION('',(1.,0.));
#370 = ( GEOMETRIC_REPRESENTATION_CONTEXT(2) 
PARAMETRIC_REPRESENTATION_CONTEXT() REPRESENTATION_CONTEXT('2D SPACE',''
  ) );
#371 = PCURVE('',#176,#372);
#372 = DEFINITIONAL_REPRESENTATION('',(#373),#376);
#373 = B_SPLINE_CURVE_WITH_KNOTS('',1,(#374,#375),.UNSPECIFIED.,.F.,.F.,
  (2,2),(1.,2.),.PIECEWISE_BEZIER_KNOTS.);
#374 = CARTESIAN_POINT('',(6.869461067668E-04,-1.699285122476E-03));
#375 = CARTESIAN_POINT('',(1.443865491829E-03,-3.368577764761E-03));
#376 = ( GEOMETRIC_REPRESENTATION_CONTEXT(2) 
PARAMETRIC_REPRESENTATION_CONTEXT() REPRESENTATION_CONTEXT('2D SPACE',''
  ) );
#377 = ORIENTED_EDGE('',*,*,#86,.F.);
#378 = ADVANCED_FACE('',(#379),#315,.F.);
#379 = FACE_BOUND('',#380,.F.);
#380 = EDGE_LOOP('',(#381,#402,#477,#496));
#381 = ORIENTED_EDGE('',*,*,#382,.T.);
#382 = EDGE_CURVE('',#264,#383,#385,.T.);
#383 = VERTEX_POINT('',#384);
#384 = CARTESIAN_POINT('',(0.5378,7.898589364907E-03,1.859866814215E-03)
  );
#385 = SURFACE_CURVE('',#386,(#389,#396),.PCURVE_S1.);
#386 = B_SPLINE_CURVE_WITH_KNOTS('',1,(#387,#388),.UNSPECIFIED.,.F.,.F.,
  (2,2),(2.,3.),.PIECEWISE_BEZIER_KNOTS.);
#387 = CARTESIAN_POINT('',(0.5378,7.974623264059E-03,1.047136570464E-03)
  );
#388 = CARTESIAN_POINT('',(0.5378,7.898589364907E-03,1.859866814215E-03)
  );
#389 = PCURVE('',#315,#390);
#390 = DEFINITIONAL_REPRESENTATION('',(#391),#395);
#391 = LINE('',#392,#393);
#392 = CARTESIAN_POINT('',(0.,0.));
#393 = VECTOR('',#394,1.);
#394 = DIRECTION('',(1.,0.));
#395 = ( GEOMETRIC_REPRESENTATION_CONTEXT(2) 
PARAMETRIC_REPRESENTATION_CONTEXT() REPRESENTATION_CONTEXT('2D SPACE',''
  ) );
#396 = PCURVE('',#75,#397);
#397 = DEFINITIONAL_REPRESENTATION('',(#398),#401);
#398 = B_SPLINE_CURVE_WITH_KNOTS('',1,(#399,#400),.UNSPECIFIED.,.F.,.F.,
  (2,2),(2.,3.),.PIECEWISE_BEZIER_KNOTS.);
#399 = CARTESIAN_POINT('',(4.717734886196E-04,-2.040443521455E-03));
#400 = CARTESIAN_POINT('',(7.289354837818E-04,-2.815155926914E-03));
#401 = ( GEOMETRIC_REPRESENTATION_CONTEXT(2) 
PARAMETRIC_REPRESENTATION_CONTEXT() REPRESENTATION_CONTEXT('2D SPACE',''
  ) );
#402 = ORIENTED_EDGE('',*,*,#403,.T.);
#403 = EDGE_CURVE('',#383,#404,#406,.T.);
#404 = VERTEX_POINT('',#405);
#405 = CARTESIAN_POINT('',(-1.0122,1.184788404736E-02,3.254766924877E-03
    ));
#406 = SURFACE_CURVE('',#407,(#426,#433),.PCURVE_S1.);
#407 = ( BOUNDED_CURVE() B_SPLINE_CURVE(3,(#408,#409,#410,#411,#412,#413
    ,#414,#415,#416,#417,#418,#419,#420,#421,#422,#423,#424,#425),
.UNSPECIFIED.,.F.,.F.) B_SPLINE_CURVE_WITH_KNOTS((4,1,1,1,1,1,1,1,1,1,1,
    1,1,1,1,4),(0.,3.281818483209E-02,8.331472171401E-02,0.163169600212,
    0.282607356412,0.362210128519,0.441821211418,0.521490445595,
    0.611262750889,0.691167944743,0.761109091848,0.800978053181,
0.860692828618,0.910445018305,0.96019726339,1.),.UNSPECIFIED.) CURVE() 
GEOMETRIC_REPRESENTATION_ITEM() RATIONAL_B_SPLINE_CURVE((1.,1.,1.,1.,1.,
    1.,1.,1.,1.,1.,1.,1.,1.,1.,0.999999999999,1.000000000004,
0.999999999993,1.)) REPRESENTATION_ITEM('') );
#408 = CARTESIAN_POINT('',(0.5378,7.898589364907E-03,1.859866814215E-03)
  );
#409 = CARTESIAN_POINT('',(0.523430650188,1.695109320985E-02,
    4.371889625422E-03));
#410 = CARTESIAN_POINT('',(0.483258792956,3.106916298541E-02,
    8.152125817277E-03));
#411 = CARTESIAN_POINT('',(0.398489817948,4.08493383504E-02,
    1.081593809279E-02));
#412 = CARTESIAN_POINT('',(0.269462582488,4.836394405047E-02,
    1.35226439139E-02));
#413 = CARTESIAN_POINT('',(0.124451460313,5.005200281048E-02,
    1.386762560277E-02));
#414 = CARTESIAN_POINT('',(-2.019705092663E-02,5.197340530808E-02,
    1.433711385255E-02));
#415 = CARTESIAN_POINT('',(-0.144245251992,4.982410039362E-02,
    1.380556435847E-02));
#416 = CARTESIAN_POINT('',(-0.273480101183,4.471391262858E-02,
    1.269323204065E-02));
#417 = CARTESIAN_POINT('',(-0.402617556702,3.632506687869E-02,
    1.035311018167E-02));
#418 = CARTESIAN_POINT('',(-0.526576732963,2.599602323798E-02,
    7.946682358338E-03));
#419 = CARTESIAN_POINT('',(-0.624580534573,1.828074939938E-02,
    5.263732835311E-03));
#420 = CARTESIAN_POINT('',(-0.712476506696,1.410384821631E-02,
    3.917319325251E-03));
#421 = CARTESIAN_POINT('',(-0.790028640266,1.245486400603E-02,
    3.758149896575E-03));
#422 = CARTESIAN_POINT('',(-0.872701839491,1.309349688386E-02,
    3.452576493255E-03));
#423 = CARTESIAN_POINT('',(-0.945025744455,1.220583230452E-02,
    3.379392411441E-03));
#424 = CARTESIAN_POINT('',(-0.991548335241,1.068082624512E-02,
    3.698747664965E-03));
#425 = CARTESIAN_POINT('',(-1.0122,1.184788404736E-02,3.254766924877E-03
    ));
#426 = PCURVE('',#315,#427);
#427 = DEFINITIONAL_REPRESENTATION('',(#428),#432);
#428 = LINE('',#429,#430);
#429 = CARTESIAN_POINT('',(3.,0.));
#430 = VECTOR('',#431,1.);
#431 = DIRECTION('',(0.,1.));
#432 = ( GEOMETRIC_REPRESENTATION_CONTEXT(2) 
PARAMETRIC_REPRESENTATION_CONTEXT() REPRESENTATION_CONTEXT('2D SPACE',''
  ) );
#433 = PCURVE('',#434,#471);
#434 = ( BOUNDED_SURFACE() B_SPLINE_SURFACE(1,3,(
    (#435,#436,#437,#438,#439,#440,#441,#442,#443,#444,#445,#446,#447
      ,#448,#449,#450,#451,#452)
    ,(#453,#454,#455,#456,#457,#458,#459,#460,#461,#462,#463,#464,#465
      ,#466,#467,#468,#469,#470
)),.UNSPECIFIED.,.F.,.F.,.F.) B_SPLINE_SURFACE_WITH_KNOTS((2,2),(4,1,1,1
    ,1,1,1,1,1,1,1,1,1,1,1,4),(3.,4.),(0.,3.281818483209E-02,
    8.331472171401E-02,0.163169600212,0.282607356412,0.362210128519,
    0.441821211418,0.521490445595,0.611262750889,0.691167944743,
    0.761109091848,0.800978053181,0.860692828618,0.910445018305,
0.96019726339,1.),.UNSPECIFIED.) GEOMETRIC_REPRESENTATION_ITEM() 
RATIONAL_B_SPLINE_SURFACE((
    (1.,1.,1.,1.,1.,1.,1.,1.,1.,1.,1.,1.,1.,1.,0.999999999999
      ,1.000000000004,0.999999999993,1.)
    ,(1.,1.,1.,1.,1.,1.,1.,1.,1.,1.,1.,1.,1.,1.,0.999999999999
,1.000000000004,0.999999999993,1.
  ))) REPRESENTATION_ITEM('') SURFACE() );
#435 = CARTESIAN_POINT('',(0.5378,7.898589364907E-03,1.859866814215E-03)
  );
#436 = CARTESIAN_POINT('',(0.523430650188,1.695109320985E-02,
    4.371889625422E-03));
#437 = CARTESIAN_POINT('',(0.483258792956,3.106916298541E-02,
    8.152125817277E-03));
#438 = CARTESIAN_POINT('',(0.398489817948,4.08493383504E-02,
    1.081593809279E-02));
#439 = CARTESIAN_POINT('',(0.269462582488,4.836394405047E-02,
    1.35226439139E-02));
#440 = CARTESIAN_POINT('',(0.124451460313,5.005200281048E-02,
    1.386762560277E-02));
#441 = CARTESIAN_POINT('',(-2.019705092663E-02,5.197340530808E-02,
    1.433711385255E-02));
#442 = CARTESIAN_POINT('',(-0.144245251992,4.982410039362E-02,
    1.380556435847E-02));
#443 = CARTESIAN_POINT('',(-0.273480101183,4.471391262858E-02,
    1.269323204065E-02));
#444 = CARTESIAN_POINT('',(-0.402617556702,3.632506687869E-02,
    1.035311018167E-02));
#445 = CARTESIAN_POINT('',(-0.526576732963,2.599602323798E-02,
    7.946682358338E-03));
#446 = CARTESIAN_POINT('',(-0.624580534573,1.828074939938E-02,
    5.263732835311E-03));
#447 = CARTESIAN_POINT('',(-0.712476506696,1.410384821631E-02,
    3.917319325251E-03));
#448 = CARTESIAN_POINT('',(-0.790028640266,1.245486400603E-02,
    3.758149896575E-03));
#449 = CARTESIAN_POINT('',(-0.872701839491,1.309349688386E-02,
    3.452576493255E-03));
#450 = CARTESIAN_POINT('',(-0.945025744455,1.220583230452E-02,
    3.379392411441E-03));
#451 = CARTESIAN_POINT('',(-0.991548335241,1.068082624512E-02,
    3.698747664965E-03));
#452 = CARTESIAN_POINT('',(-1.0122,1.184788404736E-02,3.254766924877E-03
    ));
#453 = CARTESIAN_POINT('',(0.5378,7.772185105986E-03,2.593702610453E-03)
  );
#454 = CARTESIAN_POINT('',(0.523430650188,1.667981814085E-02,
    6.096878253537E-03));
#455 = CARTESIAN_POINT('',(0.483258792956,3.057195084522E-02,
    1.136865814875E-02));
#456 = CARTESIAN_POINT('',(0.398489817948,4.019561018414E-02,
    1.508351385774E-02));
#457 = CARTESIAN_POINT('',(0.269462582488,4.758995666818E-02,
    1.885818734526E-02));
#458 = CARTESIAN_POINT('',(0.124451460313,4.925100075423E-02,
    1.93392862606E-02));
#459 = CARTESIAN_POINT('',(-2.019705092663E-02,5.114165428544E-02,
    1.999401749711E-02));
#460 = CARTESIAN_POINT('',(-0.144245251992,4.902674555015E-02,
    1.925273790664E-02));
#461 = CARTESIAN_POINT('',(-0.273480101183,4.399833814708E-02,
    1.770151971489E-02));
#462 = CARTESIAN_POINT('',(-0.402617556702,3.574374242353E-02,
    1.443807088726E-02));
#463 = CARTESIAN_POINT('',(-0.526576732963,2.557999856566E-02,
    1.108215417347E-02));
#464 = CARTESIAN_POINT('',(-0.624580534573,1.79881953149E-02,
    7.340610355174E-03));
#465 = CARTESIAN_POINT('',(-0.712476506696,1.387813873841E-02,
    5.462951046937E-03));
#466 = CARTESIAN_POINT('',(-0.790028640266,1.225554387656E-02,
    5.240979151152E-03));
#467 = CARTESIAN_POINT('',(-0.872701839491,1.28839564592E-02,
    4.814837597449E-03));
#468 = CARTESIAN_POINT('',(-0.945025744455,1.201049752795E-02,
    4.712777738893E-03));
#469 = CARTESIAN_POINT('',(-0.991548335241,1.050989674611E-02,
    5.158138959538E-03));
#470 = CARTESIAN_POINT('',(-1.0122,1.165827765898E-02,4.538979568293E-03
    ));
#471 = DEFINITIONAL_REPRESENTATION('',(#472),#476);
#472 = LINE('',#473,#474);
#473 = CARTESIAN_POINT('',(3.,0.));
#474 = VECTOR('',#475,1.);
#475 = DIRECTION('',(0.,1.));
#476 = ( GEOMETRIC_REPRESENTATION_CONTEXT(2) 
PARAMETRIC_REPRESENTATION_CONTEXT() REPRESENTATION_CONTEXT('2D SPACE',''
  ) );
#477 = ORIENTED_EDGE('',*,*,#478,.F.);
#478 = EDGE_CURVE('',#285,#404,#479,.T.);
#479 = SURFACE_CURVE('',#480,(#483,#490),.PCURVE_S1.);
#480 = B_SPLINE_CURVE_WITH_KNOTS('',1,(#481,#482),.UNSPECIFIED.,.F.,.F.,
  (2,2),(2.,3.),.PIECEWISE_BEZIER_KNOTS.);
#481 = CARTESIAN_POINT('',(-1.0122,1.196193489609E-02,1.832488998312E-03
    ));
#482 = CARTESIAN_POINT('',(-1.0122,1.184788404736E-02,3.254766924877E-03
    ));
#483 = PCURVE('',#315,#484);
#484 = DEFINITIONAL_REPRESENTATION('',(#485),#489);
#485 = LINE('',#486,#487);
#486 = CARTESIAN_POINT('',(0.,1.));
#487 = VECTOR('',#488,1.);
#488 = DIRECTION('',(1.,0.));
#489 = ( GEOMETRIC_REPRESENTATION_CONTEXT(2) 
PARAMETRIC_REPRESENTATION_CONTEXT() REPRESENTATION_CONTEXT('2D SPACE',''
  ) );
#490 = PCURVE('',#176,#491);
#491 = DEFINITIONAL_REPRESENTATION('',(#492),#495);
#492 = B_SPLINE_CURVE_WITH_KNOTS('',1,(#493,#494),.UNSPECIFIED.,.F.,.F.,
  (2,2),(2.,3.),.PIECEWISE_BEZIER_KNOTS.);
#493 = CARTESIAN_POINT('',(1.443865491829E-03,-3.368577764761E-03));
#494 = CARTESIAN_POINT('',(2.109017417236E-03,-4.630899044236E-03));
#495 = ( GEOMETRIC_REPRESENTATION_CONTEXT(2) 
PARAMETRIC_REPRESENTATION_CONTEXT() REPRESENTATION_CONTEXT('2D SPACE',''
  ) );
#496 = ORIENTED_EDGE('',*,*,#284,.F.);
#497 = ADVANCED_FACE('',(#498),#434,.F.);
#498 = FACE_BOUND('',#499,.F.);
#499 = EDGE_LOOP('',(#500,#521,#596,#615));
#500 = ORIENTED_EDGE('',*,*,#501,.T.);
#501 = EDGE_CURVE('',#383,#502,#504,.T.);
#502 = VERTEX_POINT('',#503);
#503 = CARTESIAN_POINT('',(0.5378,7.772185105986E-03,2.593702610453E-03)
  );
#504 = SURFACE_CURVE('',#505,(#508,#515),.PCURVE_S1.);
#505 = B_SPLINE_CURVE_WITH_KNOTS('',1,(#506,#507),.UNSPECIFIED.,.F.,.F.,
  (2,2),(3.,4.),.PIECEWISE_BEZIER_KNOTS.);
#506 = CARTESIAN_POINT('',(0.5378,7.898589364907E-03,1.859866814215E-03)
  );
#507 = CARTESIAN_POINT('',(0.5378,7.772185105986E-03,2.593702610453E-03)
  );
#508 = PCURVE('',#434,#509);
#509 = DEFINITIONAL_REPRESENTATION('',(#510),#514);
#510 = LINE('',#511,#512);
#511 = CARTESIAN_POINT('',(0.,0.));
#512 = VECTOR('',#513,1.);
#513 = DIRECTION('',(1.,0.));
#514 = ( GEOMETRIC_REPRESENTATION_CONTEXT(2) 
PARAMETRIC_REPRESENTATION_CONTEXT() REPRESENTATION_CONTEXT('2D SPACE',''
  ) );
#515 = PCURVE('',#75,#516);
#516 = DEFINITIONAL_REPRESENTATION('',(#517),#520);
#517 = B_SPLINE_CURVE_WITH_KNOTS('',1,(#518,#519),.UNSPECIFIED.,.F.,.F.,
  (2,2),(3.,4.),.PIECEWISE_BEZIER_KNOTS.);
#518 = CARTESIAN_POINT('',(7.289354837818E-04,-2.815155926914E-03));
#519 = CARTESIAN_POINT('',(1.017400733639E-03,-3.501654879672E-03));
#520 = ( GEOMETRIC_REPRESENTATION_CONTEXT(2) 
PARAMETRIC_REPRESENTATION_CONTEXT() REPRESENTATION_CONTEXT('2D SPACE',''
  ) );
#521 = ORIENTED_EDGE('',*,*,#522,.T.);
#522 = EDGE_CURVE('',#502,#523,#525,.T.);
#523 = VERTEX_POINT('',#524);
#524 = CARTESIAN_POINT('',(-1.0122,1.165827765898E-02,4.538979568293E-03
    ));
#525 = SURFACE_CURVE('',#526,(#545,#552),.PCURVE_S1.);
#526 = ( BOUNDED_CURVE() B_SPLINE_CURVE(3,(#527,#528,#529,#530,#531,#532
    ,#533,#534,#535,#536,#537,#538,#539,#540,#541,#542,#543,#544),
.UNSPECIFIED.,.F.,.F.) B_SPLINE_CURVE_WITH_KNOTS((4,1,1,1,1,1,1,1,1,1,1,
    1,1,1,1,4),(0.,3.281818483209E-02,8.331472171401E-02,0.163169600212,
    0.282607356412,0.362210128519,0.441821211418,0.521490445595,
    0.611262750889,0.691167944743,0.761109091848,0.800978053181,
0.860692828618,0.910445018305,0.96019726339,1.),.UNSPECIFIED.) CURVE() 
GEOMETRIC_REPRESENTATION_ITEM() RATIONAL_B_SPLINE_CURVE((1.,1.,1.,1.,1.,
    1.,1.,1.,1.,1.,1.,1.,1.,1.,0.999999999999,1.000000000004,
0.999999999993,1.)) REPRESENTATION_ITEM('') );
#527 = CARTESIAN_POINT('',(0.5378,7.772185105986E-03,2.593702610453E-03)
  );
#528 = CARTESIAN_POINT('',(0.523430650188,1.667981814085E-02,
    6.096878253537E-03));
#529 = CARTESIAN_POINT('',(0.483258792956,3.057195084522E-02,
    1.136865814875E-02));
#530 = CARTESIAN_POINT('',(0.398489817948,4.019561018414E-02,
    1.508351385774E-02));
#531 = CARTESIAN_POINT('',(0.269462582488,4.758995666818E-02,
    1.885818734526E-02));
#532 = CARTESIAN_POINT('',(0.124451460313,4.925100075423E-02,
    1.93392862606E-02));
#533 = CARTESIAN_POINT('',(-2.019705092663E-02,5.114165428544E-02,
    1.999401749711E-02));
#534 = CARTESIAN_POINT('',(-0.144245251992,4.902674555015E-02,
    1.925273790664E-02));
#535 = CARTESIAN_POINT('',(-0.273480101183,4.399833814708E-02,
    1.770151971489E-02));
#536 = CARTESIAN_POINT('',(-0.402617556702,3.574374242353E-02,
    1.443807088726E-02));
#537 = CARTESIAN_POINT('',(-0.526576732963,2.557999856566E-02,
    1.108215417347E-02));
#538 = CARTESIAN_POINT('',(-0.624580534573,1.79881953149E-02,
    7.340610355174E-03));
#539 = CARTESIAN_POINT('',(-0.712476506696,1.387813873841E-02,
    5.462951046937E-03));
#540 = CARTESIAN_POINT('',(-0.790028640266,1.225554387656E-02,
    5.240979151152E-03));
#541 = CARTESIAN_POINT('',(-0.872701839491,1.28839564592E-02,
    4.814837597449E-03));
#542 = CARTESIAN_POINT('',(-0.945025744455,1.201049752795E-02,
    4.712777738893E-03));
#543 = CARTESIAN_POINT('',(-0.991548335241,1.050989674611E-02,
    5.158138959538E-03));
#544 = CARTESIAN_POINT('',(-1.0122,1.165827765898E-02,4.538979568293E-03
    ));
#545 = PCURVE('',#434,#546);
#546 = DEFINITIONAL_REPRESENTATION('',(#547),#551);
#547 = LINE('',#548,#549);
#548 = CARTESIAN_POINT('',(4.,0.));
#549 = VECTOR('',#550,1.);
#550 = DIRECTION('',(0.,1.));
#551 = ( GEOMETRIC_REPRESENTATION_CONTEXT(2) 
PARAMETRIC_REPRESENTATION_CONTEXT() REPRESENTATION_CONTEXT('2D SPACE',''
  ) );
#552 = PCURVE('',#553,#590);
#553 = ( BOUNDED_SURFACE() B_SPLINE_SURFACE(1,3,(
    (#554,#555,#556,#557,#558,#559,#560,#561,#562,#563,#564,#565,#566
      ,#567,#568,#569,#570,#571)
    ,(#572,#573,#574,#575,#576,#577,#578,#579,#580,#581,#582,#583,#584
      ,#585,#586,#587,#588,#589
)),.UNSPECIFIED.,.F.,.F.,.F.) B_SPLINE_SURFACE_WITH_KNOTS((2,2),(4,1,1,1
    ,1,1,1,1,1,1,1,1,1,1,1,4),(4.,5.),(0.,3.281818483209E-02,
    8.331472171401E-02,0.163169600212,0.282607356412,0.362210128519,
    0.441821211418,0.521490445595,0.611262750889,0.691167944743,
    0.761109091848,0.800978053181,0.860692828618,0.910445018305,
0.96019726339,1.),.UNSPECIFIED.) GEOMETRIC_REPRESENTATION_ITEM() 
RATIONAL_B_SPLINE_SURFACE((
    (1.,1.,1.,1.,1.,1.,1.,1.,1.,1.,1.,1.,1.,1.,0.999999999999
      ,1.000000000004,0.999999999993,1.)
    ,(1.,1.,1.,1.,1.,1.,1.,1.,1.,1.,1.,1.,1.,1.,0.999999999999
,1.000000000004,0.999999999993,1.
  ))) REPRESENTATION_ITEM('') SURFACE() );
#554 = CARTESIAN_POINT('',(0.5378,7.772185105986E-03,2.593702610453E-03)
  );
#555 = CARTESIAN_POINT('',(0.523430650188,1.667981814085E-02,
    6.096878253537E-03));
#556 = CARTESIAN_POINT('',(0.483258792956,3.057195084522E-02,
    1.136865814875E-02));
#557 = CARTESIAN_POINT('',(0.398489817948,4.019561018414E-02,
    1.508351385774E-02));
#558 = CARTESIAN_POINT('',(0.269462582488,4.758995666818E-02,
    1.885818734526E-02));
#559 = CARTESIAN_POINT('',(0.124451460313,4.925100075423E-02,
    1.93392862606E-02));
#560 = CARTESIAN_POINT('',(-2.019705092663E-02,5.114165428544E-02,
    1.999401749711E-02));
#561 = CARTESIAN_POINT('',(-0.144245251992,4.902674555015E-02,
    1.925273790664E-02));
#562 = CARTESIAN_POINT('',(-0.273480101183,4.399833814708E-02,
    1.770151971489E-02));
#563 = CARTESIAN_POINT('',(-0.402617556702,3.574374242353E-02,
    1.443807088726E-02));
#564 = CARTESIAN_POINT('',(-0.526576732963,2.557999856566E-02,
    1.108215417347E-02));
#565 = CARTESIAN_POINT('',(-0.624580534573,1.79881953149E-02,
    7.340610355174E-03));
#566 = CARTESIAN_POINT('',(-0.712476506696,1.387813873841E-02,
    5.462951046937E-03));
#567 = CARTESIAN_POINT('',(-0.790028640266,1.225554387656E-02,
    5.240979151152E-03));
#568 = CARTESIAN_POINT('',(-0.872701839491,1.28839564592E-02,
    4.814837597449E-03));
#569 = CARTESIAN_POINT('',(-0.945025744455,1.201049752795E-02,
    4.712777738893E-03));
#570 = CARTESIAN_POINT('',(-0.991548335241,1.050989674611E-02,
    5.158138959538E-03));
#571 = CARTESIAN_POINT('',(-1.0122,1.165827765898E-02,4.538979568293E-03
    ));
#572 = CARTESIAN_POINT('',(0.5378,7.595881263534E-03,3.271897758377E-03)
  );
#573 = CARTESIAN_POINT('',(0.523430650188,1.630145401422E-02,
    7.691075380206E-03));
#574 = CARTESIAN_POINT('',(0.483258792956,2.987845830332E-02,
    1.434130765907E-02));
#575 = CARTESIAN_POINT('',(0.398489817948,3.928381505465E-02,
    1.902751494357E-02));
#576 = CARTESIAN_POINT('',(0.269462582488,4.651042856788E-02,
    2.37891810161E-02));
#577 = CARTESIAN_POINT('',(0.124451460313,4.813379361632E-02,
    2.439607652382E-02));
#578 = CARTESIAN_POINT('',(-2.019705092663E-02,4.998155966123E-02,
    2.52220053163E-02));
#579 = CARTESIAN_POINT('',(-0.144245251992,4.791462540562E-02,
    2.428689771351E-02));
#580 = CARTESIAN_POINT('',(-0.273480101183,4.300028213439E-02,
    2.23300707034E-02));
#581 = CARTESIAN_POINT('',(-0.402617556702,3.493293323063E-02,
    1.821330309069E-02));
#582 = CARTESIAN_POINT('',(-0.526576732963,2.499974320948E-02,
    1.397988931038E-02));
#583 = CARTESIAN_POINT('',(-0.624580534573,1.758015202854E-02,
    9.260015573651E-03));
#584 = CARTESIAN_POINT('',(-0.712476506696,1.356332776154E-02,
    6.891390405574E-03));
#585 = CARTESIAN_POINT('',(-0.790028640266,1.19775397571E-02,
    6.611377830009E-03));
#586 = CARTESIAN_POINT('',(-0.872701839491,1.259169746137E-02,
    6.073809803197E-03));
#587 = CARTESIAN_POINT('',(-0.945025744455,1.173805202722E-02,
    5.94506357737E-03));
#588 = CARTESIAN_POINT('',(-0.991548335241,1.027149079508E-02,
    6.506876783229E-03));
#589 = CARTESIAN_POINT('',(-1.0122,1.13938218953E-02,5.725821077159E-03)
  );
#590 = DEFINITIONAL_REPRESENTATION('',(#591),#595);
#591 = LINE('',#592,#593);
#592 = CARTESIAN_POINT('',(4.,0.));
#593 = VECTOR('',#594,1.);
#594 = DIRECTION('',(0.,1.));
#595 = ( GEOMETRIC_REPRESENTATION_CONTEXT(2) 
PARAMETRIC_REPRESENTATION_CONTEXT() REPRESENTATION_CONTEXT('2D SPACE',''
  ) );
#596 = ORIENTED_EDGE('',*,*,#597,.F.);
#597 = EDGE_CURVE('',#404,#523,#598,.T.);
#598 = SURFACE_CURVE('',#599,(#602,#609),.PCURVE_S1.);
#599 = B_SPLINE_CURVE_WITH_KNOTS('',1,(#600,#601),.UNSPECIFIED.,.F.,.F.,
  (2,2),(3.,4.),.PIECEWISE_BEZIER_KNOTS.);
#600 = CARTESIAN_POINT('',(-1.0122,1.184788404736E-02,3.254766924877E-03
    ));
#601 = CARTESIAN_POINT('',(-1.0122,1.165827765898E-02,4.538979568293E-03
    ));
#602 = PCURVE('',#434,#603);
#603 = DEFINITIONAL_REPRESENTATION('',(#604),#608);
#604 = LINE('',#605,#606);
#605 = CARTESIAN_POINT('',(0.,1.));
#606 = VECTOR('',#607,1.);
#607 = DIRECTION('',(1.,0.));
#608 = ( GEOMETRIC_REPRESENTATION_CONTEXT(2) 
PARAMETRIC_REPRESENTATION_CONTEXT() REPRESENTATION_CONTEXT('2D SPACE',''
  ) );
#609 = PCURVE('',#176,#610);
#610 = DEFINITIONAL_REPRESENTATION('',(#611),#614);
#611 = B_SPLINE_CURVE_WITH_KNOTS('',1,(#612,#613),.UNSPECIFIED.,.F.,.F.,
  (2,2),(3.,4.),.PIECEWISE_BEZIER_KNOTS.);
#612 = CARTESIAN_POINT('',(2.109017417236E-03,-4.630899044236E-03));
#613 = CARTESIAN_POINT('',(2.789221823991E-03,-5.736554804885E-03));
#614 = ( GEOMETRIC_REPRESENTATION_CONTEXT(2) 
PARAMETRIC_REPRESENTATION_CONTEXT() REPRESENTATION_CONTEXT('2D SPACE',''
  ) );
#615 = ORIENTED_EDGE('',*,*,#403,.F.);
#616 = ADVANCED_FACE('',(#617),#553,.F.);
#617 = FACE_BOUND('',#618,.F.);
#618 = EDGE_LOOP('',(#619,#640,#715,#734));
#619 = ORIENTED_EDGE('',*,*,#620,.T.);
#620 = EDGE_CURVE('',#502,#621,#623,.T.);
#621 = VERTEX_POINT('',#622);
#622 = CARTESIAN_POINT('',(0.5378,7.595881263534E-03,3.271897758377E-03)
  );
#623 = SURFACE_CURVE('',#624,(#627,#634),.PCURVE_S1.);
#624 = B_SPLINE_CURVE_WITH_KNOTS('',1,(#625,#626),.UNSPECIFIED.,.F.,.F.,
  (2,2),(4.,5.),.PIECEWISE_BEZIER_KNOTS.);
#625 = CARTESIAN_POINT('',(0.5378,7.772185105986E-03,2.593702610453E-03)
  );
#626 = CARTESIAN_POINT('',(0.5378,7.595881263534E-03,3.271897758377E-03)
  );
#627 = PCURVE('',#553,#628);
#628 = DEFINITIONAL_REPRESENTATION('',(#629),#633);
#629 = LINE('',#630,#631);
#630 = CARTESIAN_POINT('',(0.,0.));
#631 = VECTOR('',#632,1.);
#632 = DIRECTION('',(1.,0.));
#633 = ( GEOMETRIC_REPRESENTATION_CONTEXT(2) 
PARAMETRIC_REPRESENTATION_CONTEXT() REPRESENTATION_CONTEXT('2D SPACE',''
  ) );
#634 = PCURVE('',#75,#635);
#635 = DEFINITIONAL_REPRESENTATION('',(#636),#639);
#636 = B_SPLINE_CURVE_WITH_KNOTS('',1,(#637,#638),.UNSPECIFIED.,.F.,.F.,
  (2,2),(4.,5.),.PIECEWISE_BEZIER_KNOTS.);
#637 = CARTESIAN_POINT('',(1.017400733639E-03,-3.501654879672E-03));
#638 = CARTESIAN_POINT('',(1.341948907779E-03,-4.122702531784E-03));
#639 = ( GEOMETRIC_REPRESENTATION_CONTEXT(2) 
PARAMETRIC_REPRESENTATION_CONTEXT() REPRESENTATION_CONTEXT('2D SPACE',''
  ) );
#640 = ORIENTED_EDGE('',*,*,#641,.T.);
#641 = EDGE_CURVE('',#621,#642,#644,.T.);
#642 = VERTEX_POINT('',#643);
#643 = CARTESIAN_POINT('',(-1.0122,1.13938218953E-02,5.725821077159E-03)
  );
#644 = SURFACE_CURVE('',#645,(#664,#671),.PCURVE_S1.);
#645 = ( BOUNDED_CURVE() B_SPLINE_CURVE(3,(#646,#647,#648,#649,#650,#651
    ,#652,#653,#654,#655,#656,#657,#658,#659,#660,#661,#662,#663),
.UNSPECIFIED.,.F.,.F.) B_SPLINE_CURVE_WITH_KNOTS((4,1,1,1,1,1,1,1,1,1,1,
    1,1,1,1,4),(0.,3.281818483209E-02,8.331472171401E-02,0.163169600212,
    0.282607356412,0.362210128519,0.441821211418,0.521490445595,
    0.611262750889,0.691167944743,0.761109091848,0.800978053181,
0.860692828618,0.910445018305,0.96019726339,1.),.UNSPECIFIED.) CURVE() 
GEOMETRIC_REPRESENTATION_ITEM() RATIONAL_B_SPLINE_CURVE((1.,1.,1.,1.,1.,
    1.,1.,1.,1.,1.,1.,1.,1.,1.,0.999999999999,1.000000000004,
0.999999999993,1.)) REPRESENTATION_ITEM('') );
#646 = CARTESIAN_POINT('',(0.5378,7.595881263534E-03,3.271897758377E-03)
  );
#647 = CARTESIAN_POINT('',(0.523430650188,1.630145401422E-02,
    7.691075380206E-03));
#648 = CARTESIAN_POINT('',(0.483258792956,2.987845830332E-02,
    1.434130765907E-02));
#649 = CARTESIAN_POINT('',(0.398489817948,3.928381505465E-02,
    1.902751494357E-02));
#650 = CARTESIAN_POINT('',(0.269462582488,4.651042856788E-02,
    2.37891810161E-02));
#651 = CARTESIAN_POINT('',(0.124451460313,4.813379361632E-02,
    2.439607652382E-02));
#652 = CARTESIAN_POINT('',(-2.019705092663E-02,4.998155966123E-02,
    2.52220053163E-02));
#653 = CARTESIAN_POINT('',(-0.144245251992,4.791462540562E-02,
    2.428689771351E-02));
#654 = CARTESIAN_POINT('',(-0.273480101183,4.300028213439E-02,
    2.23300707034E-02));
#655 = CARTESIAN_POINT('',(-0.402617556702,3.493293323063E-02,
    1.821330309069E-02));
#656 = CARTESIAN_POINT('',(-0.526576732963,2.499974320948E-02,
    1.397988931038E-02));
#657 = CARTESIAN_POINT('',(-0.624580534573,1.758015202854E-02,
    9.260015573651E-03));
#658 = CARTESIAN_POINT('',(-0.712476506696,1.356332776154E-02,
    6.891390405574E-03));
#659 = CARTESIAN_POINT('',(-0.790028640266,1.19775397571E-02,
    6.611377830009E-03));
#660 = CARTESIAN_POINT('',(-0.872701839491,1.259169746137E-02,
    6.073809803197E-03));
#661 = CARTESIAN_POINT('',(-0.945025744455,1.173805202722E-02,
    5.94506357737E-03));
#662 = CARTESIAN_POINT('',(-0.991548335241,1.027149079508E-02,
    6.506876783229E-03));
#663 = CARTESIAN_POINT('',(-1.0122,1.13938218953E-02,5.725821077159E-03)
  );
#664 = PCURVE('',#553,#665);
#665 = DEFINITIONAL_REPRESENTATION('',(#666),#670);
#666 = LINE('',#667,#668);
#667 = CARTESIAN_POINT('',(5.,0.));
#668 = VECTOR('',#669,1.);
#669 = DIRECTION('',(0.,1.));
#670 = ( GEOMETRIC_REPRESENTATION_CONTEXT(2) 
PARAMETRIC_REPRESENTATION_CONTEXT() REPRESENTATION_CONTEXT('2D SPACE',''
  ) );
#671 = PCURVE('',#672,#709);
#672 = ( BOUNDED_SURFACE() B_SPLINE_SURFACE(1,3,(
    (#673,#674,#675,#676,#677,#678,#679,#680,#681,#682,#683,#684,#685
      ,#686,#687,#688,#689,#690)
    ,(#691,#692,#693,#694,#695,#696,#697,#698,#699,#700,#701,#702,#703
      ,#704,#705,#706,#707,#708
)),.UNSPECIFIED.,.F.,.F.,.F.) B_SPLINE_SURFACE_WITH_KNOTS((2,2),(4,1,1,1
    ,1,1,1,1,1,1,1,1,1,1,1,4),(5.,6.),(0.,3.281818483209E-02,
    8.331472171401E-02,0.163169600212,0.282607356412,0.362210128519,
    0.441821211418,0.521490445595,0.611262750889,0.691167944743,
    0.761109091848,0.800978053181,0.860692828618,0.910445018305,
0.96019726339,1.),.UNSPECIFIED.) GEOMETRIC_REPRESENTATION_ITEM() 
RATIONAL_B_SPLINE_SURFACE((
    (1.,1.,1.,1.,1.,1.,1.,1.,1.,1.,1.,1.,1.,1.,0.999999999999
      ,1.000000000004,0.999999999993,1.)
    ,(1.,1.,1.,1.,1.,1.,1.,1.,1.,1.,1.,1.,1.,1.,0.999999999999
,1.000000000004,0.999999999993,1.
  ))) REPRESENTATION_ITEM('') SURFACE() );
#673 = CARTESIAN_POINT('',(0.5378,7.595881263534E-03,3.271897758377E-03)
  );
#674 = CARTESIAN_POINT('',(0.523430650188,1.630145401422E-02,
    7.691075380206E-03));
#675 = CARTESIAN_POINT('',(0.483258792956,2.987845830332E-02,
    1.434130765907E-02));
#676 = CARTESIAN_POINT('',(0.398489817948,3.928381505465E-02,
    1.902751494357E-02));
#677 = CARTESIAN_POINT('',(0.269462582488,4.651042856788E-02,
    2.37891810161E-02));
#678 = CARTESIAN_POINT('',(0.124451460313,4.813379361632E-02,
    2.439607652382E-02));
#679 = CARTESIAN_POINT('',(-2.019705092663E-02,4.998155966123E-02,
    2.52220053163E-02));
#680 = CARTESIAN_POINT('',(-0.144245251992,4.791462540562E-02,
    2.428689771351E-02));
#681 = CARTESIAN_POINT('',(-0.273480101183,4.300028213439E-02,
    2.23300707034E-02));
#682 = CARTESIAN_POINT('',(-0.402617556702,3.493293323063E-02,
    1.821330309069E-02));
#683 = CARTESIAN_POINT('',(-0.526576732963,2.499974320948E-02,
    1.397988931038E-02));
#684 = CARTESIAN_POINT('',(-0.624580534573,1.758015202854E-02,
    9.260015573651E-03));
#685 = CARTESIAN_POINT('',(-0.712476506696,1.356332776154E-02,
    6.891390405574E-03));
#686 = CARTESIAN_POINT('',(-0.790028640266,1.19775397571E-02,
    6.611377830009E-03));
#687 = CARTESIAN_POINT('',(-0.872701839491,1.259169746137E-02,
    6.073809803197E-03));
#688 = CARTESIAN_POINT('',(-0.945025744455,1.173805202722E-02,
    5.94506357737E-03));
#689 = CARTESIAN_POINT('',(-0.991548335241,1.027149079508E-02,
    6.506876783229E-03));
#690 = CARTESIAN_POINT('',(-1.0122,1.13938218953E-02,5.725821077159E-03)
  );
#691 = CARTESIAN_POINT('',(0.5378,7.37032117154E-03,3.902835109119E-03)
  );
#692 = CARTESIAN_POINT('',(0.523430650188,1.58173814834E-02,
    9.174186126067E-03));
#693 = CARTESIAN_POINT('',(0.483258792956,2.899121591896E-02,
    1.71068178702E-02));
#694 = CARTESIAN_POINT('',(0.398489817948,3.811728010891E-02,
    2.269669129206E-02));
#695 = CARTESIAN_POINT('',(0.269462582488,4.512929895533E-02,
    2.837657461915E-02));
#696 = CARTESIAN_POINT('',(0.124451460313,4.670445809363E-02,
    2.910050099768E-02));
#697 = CARTESIAN_POINT('',(-2.019705092663E-02,4.849735462905E-02,
    3.008569800778E-02));
#698 = CARTESIAN_POINT('',(-0.144245251992,4.649179809442E-02,
    2.89702686599E-02));
#699 = CARTESIAN_POINT('',(-0.273480101183,4.172338650405E-02,
    2.663609634721E-02));
#700 = CARTESIAN_POINT('',(-0.402617556702,3.389559794855E-02,
    2.1725470661E-02));
#701 = CARTESIAN_POINT('',(-0.526576732963,2.425737452538E-02,
    1.66757053097E-02));
#702 = CARTESIAN_POINT('',(-0.624580534573,1.70581084932E-02,
    1.104567335556E-02));
#703 = CARTESIAN_POINT('',(-0.712476506696,1.316056403321E-02,
    8.220293668E-03));
#704 = CARTESIAN_POINT('',(-0.790028640266,1.162186608662E-02,
    7.886284786407E-03));
#705 = CARTESIAN_POINT('',(-0.872701839491,1.221778634572E-02,
    7.245054673691E-03));
#706 = CARTESIAN_POINT('',(-0.945025744455,1.138948995737E-02,
    7.091481631977E-03));
#707 = CARTESIAN_POINT('',(-0.991548335241,9.966478337992E-03,
    7.761632250301E-03));
#708 = CARTESIAN_POINT('',(-1.0122,1.105548175731E-02,6.829961440958E-03
    ));
#709 = DEFINITIONAL_REPRESENTATION('',(#710),#714);
#710 = LINE('',#711,#712);
#711 = CARTESIAN_POINT('',(5.,0.));
#712 = VECTOR('',#713,1.);
#713 = DIRECTION('',(0.,1.));
#714 = ( GEOMETRIC_REPRESENTATION_CONTEXT(2) 
PARAMETRIC_REPRESENTATION_CONTEXT() REPRESENTATION_CONTEXT('2D SPACE',''
  ) );
#715 = ORIENTED_EDGE('',*,*,#716,.F.);
#716 = EDGE_CURVE('',#523,#642,#717,.T.);
#717 = SURFACE_CURVE('',#718,(#721,#728),.PCURVE_S1.);
#718 = B_SPLINE_CURVE_WITH_KNOTS('',1,(#719,#720),.UNSPECIFIED.,.F.,.F.,
  (2,2),(4.,5.),.PIECEWISE_BEZIER_KNOTS.);
#719 = CARTESIAN_POINT('',(-1.0122,1.165827765898E-02,4.538979568293E-03
    ));
#720 = CARTESIAN_POINT('',(-1.0122,1.13938218953E-02,5.725821077159E-03)
  );
#721 = PCURVE('',#553,#722);
#722 = DEFINITIONAL_REPRESENTATION('',(#723),#727);
#723 = LINE('',#724,#725);
#724 = CARTESIAN_POINT('',(0.,1.));
#725 = VECTOR('',#726,1.);
#726 = DIRECTION('',(1.,0.));
#727 = ( GEOMETRIC_REPRESENTATION_CONTEXT(2) 
PARAMETRIC_REPRESENTATION_CONTEXT() REPRESENTATION_CONTEXT('2D SPACE',''
  ) );
#728 = PCURVE('',#176,#729);
#729 = DEFINITIONAL_REPRESENTATION('',(#730),#733);
#730 = B_SPLINE_CURVE_WITH_KNOTS('',1,(#731,#732),.UNSPECIFIED.,.F.,.F.,
  (2,2),(4.,5.),.PIECEWISE_BEZIER_KNOTS.);
#731 = CARTESIAN_POINT('',(2.789221823991E-03,-5.736554804885E-03));
#732 = CARTESIAN_POINT('',(3.499861644095E-03,-6.723226312628E-03));
#733 = ( GEOMETRIC_REPRESENTATION_CONTEXT(2) 
PARAMETRIC_REPRESENTATION_CONTEXT() REPRESENTATION_CONTEXT('2D SPACE',''
  ) );
#734 = ORIENTED_EDGE('',*,*,#522,.F.);
#735 = ADVANCED_FACE('',(#736),#672,.F.);
#736 = FACE_BOUND('',#737,.F.);
#737 = EDGE_LOOP('',(#738,#759,#834,#853));
#738 = ORIENTED_EDGE('',*,*,#739,.T.);
#739 = EDGE_CURVE('',#621,#740,#742,.T.);
#740 = VERTEX_POINT('',#741);
#741 = CARTESIAN_POINT('',(0.5378,7.37032117154E-03,3.902835109119E-03)
  );
#742 = SURFACE_CURVE('',#743,(#746,#753),.PCURVE_S1.);
#743 = B_SPLINE_CURVE_WITH_KNOTS('',1,(#744,#745),.UNSPECIFIED.,.F.,.F.,
  (2,2),(5.,6.),.PIECEWISE_BEZIER_KNOTS.);
#744 = CARTESIAN_POINT('',(0.5378,7.595881263534E-03,3.271897758377E-03)
  );
#745 = CARTESIAN_POINT('',(0.5378,7.37032117154E-03,3.902835109119E-03)
  );
#746 = PCURVE('',#672,#747);
#747 = DEFINITIONAL_REPRESENTATION('',(#748),#752);
#748 = LINE('',#749,#750);
#749 = CARTESIAN_POINT('',(0.,0.));
#750 = VECTOR('',#751,1.);
#751 = DIRECTION('',(1.,0.));
#752 = ( GEOMETRIC_REPRESENTATION_CONTEXT(2) 
PARAMETRIC_REPRESENTATION_CONTEXT() REPRESENTATION_CONTEXT('2D SPACE',''
  ) );
#753 = PCURVE('',#75,#754);
#754 = DEFINITIONAL_REPRESENTATION('',(#755),#758);
#755 = B_SPLINE_CURVE_WITH_KNOTS('',1,(#756,#757),.UNSPECIFIED.,.F.,.F.,
  (2,2),(5.,6.),.PIECEWISE_BEZIER_KNOTS.);
#756 = CARTESIAN_POINT('',(1.341948907779E-03,-4.122702531784E-03));
#757 = CARTESIAN_POINT('',(1.703841599165E-03,-4.686611190685E-03));
#758 = ( GEOMETRIC_REPRESENTATION_CONTEXT(2) 
PARAMETRIC_REPRESENTATION_CONTEXT() REPRESENTATION_CONTEXT('2D SPACE',''
  ) );
#759 = ORIENTED_EDGE('',*,*,#760,.T.);
#760 = EDGE_CURVE('',#740,#761,#763,.T.);
#761 = VERTEX_POINT('',#762);
#762 = CARTESIAN_POINT('',(-1.0122,1.105548175731E-02,6.829961440958E-03
    ));
#763 = SURFACE_CURVE('',#764,(#783,#790),.PCURVE_S1.);
#764 = ( BOUNDED_CURVE() B_SPLINE_CURVE(3,(#765,#766,#767,#768,#769,#770
    ,#771,#772,#773,#774,#775,#776,#777,#778,#779,#780,#781,#782),
.UNSPECIFIED.,.F.,.F.) B_SPLINE_CURVE_WITH_KNOTS((4,1,1,1,1,1,1,1,1,1,1,
    1,1,1,1,4),(0.,3.281818483209E-02,8.331472171401E-02,0.163169600212,
    0.282607356412,0.362210128519,0.441821211418,0.521490445595,
    0.611262750889,0.691167944743,0.761109091848,0.800978053181,
0.860692828618,0.910445018305,0.96019726339,1.),.UNSPECIFIED.) CURVE() 
GEOMETRIC_REPRESENTATION_ITEM() RATIONAL_B_SPLINE_CURVE((1.,1.,1.,1.,1.,
    1.,1.,1.,1.,1.,1.,1.,1.,1.,0.999999999999,1.000000000004,
0.999999999993,1.)) REPRESENTATION_ITEM('') );
#765 = CARTESIAN_POINT('',(0.5378,7.37032117154E-03,3.902835109119E-03)
  );
#766 = CARTESIAN_POINT('',(0.523430650188,1.58173814834E-02,
    9.174186126067E-03));
#767 = CARTESIAN_POINT('',(0.483258792956,2.899121591896E-02,
    1.71068178702E-02));
#768 = CARTESIAN_POINT('',(0.398489817948,3.811728010891E-02,
    2.269669129206E-02));
#769 = CARTESIAN_POINT('',(0.269462582488,4.512929895533E-02,
    2.837657461915E-02));
#770 = CARTESIAN_POINT('',(0.124451460313,4.670445809363E-02,
    2.910050099768E-02));
#771 = CARTESIAN_POINT('',(-2.019705092663E-02,4.849735462905E-02,
    3.008569800778E-02));
#772 = CARTESIAN_POINT('',(-0.144245251992,4.649179809442E-02,
    2.89702686599E-02));
#773 = CARTESIAN_POINT('',(-0.273480101183,4.172338650405E-02,
    2.663609634721E-02));
#774 = CARTESIAN_POINT('',(-0.402617556702,3.389559794855E-02,
    2.1725470661E-02));
#775 = CARTESIAN_POINT('',(-0.526576732963,2.425737452538E-02,
    1.66757053097E-02));
#776 = CARTESIAN_POINT('',(-0.624580534573,1.70581084932E-02,
    1.104567335556E-02));
#777 = CARTESIAN_POINT('',(-0.712476506696,1.316056403321E-02,
    8.220293668E-03));
#778 = CARTESIAN_POINT('',(-0.790028640266,1.162186608662E-02,
    7.886284786407E-03));
#779 = CARTESIAN_POINT('',(-0.872701839491,1.221778634572E-02,
    7.245054673691E-03));
#780 = CARTESIAN_POINT('',(-0.945025744455,1.138948995737E-02,
    7.091481631977E-03));
#781 = CARTESIAN_POINT('',(-0.991548335241,9.966478337992E-03,
    7.761632250301E-03));
#782 = CARTESIAN_POINT('',(-1.0122,1.105548175731E-02,6.829961440958E-03
    ));
#783 = PCURVE('',#672,#784);
#784 = DEFINITIONAL_REPRESENTATION('',(#785),#789);
#785 = LINE('',#786,#787);
#786 = CARTESIAN_POINT('',(6.,0.));
#787 = VECTOR('',#788,1.);
#788 = DIRECTION('',(0.,1.));
#789 = ( GEOMETRIC_REPRESENTATION_CONTEXT(2) 
PARAMETRIC_REPRESENTATION_CONTEXT() REPRESENTATION_CONTEXT('2D SPACE',''
  ) );
#790 = PCURVE('',#791,#828);
#791 = ( BOUNDED_SURFACE() B_SPLINE_SURFACE(1,3,(
    (#792,#793,#794,#795,#796,#797,#798,#799,#800,#801,#802,#803,#804
      ,#805,#806,#807,#808,#809)
    ,(#810,#811,#812,#813,#814,#815,#816,#817,#818,#819,#820,#821,#822
      ,#823,#824,#825,#826,#827
)),.UNSPECIFIED.,.F.,.F.,.F.) B_SPLINE_SURFACE_WITH_KNOTS((2,2),(4,1,1,1
    ,1,1,1,1,1,1,1,1,1,1,1,4),(6.,7.),(0.,3.281818483209E-02,
    8.331472171401E-02,0.163169600212,0.282607356412,0.362210128519,
    0.441821211418,0.521490445595,0.611262750889,0.691167944743,
    0.761109091848,0.800978053181,0.860692828618,0.910445018305,
0.96019726339,1.),.UNSPECIFIED.) GEOMETRIC_REPRESENTATION_ITEM() 
RATIONAL_B_SPLINE_SURFACE((
    (1.,1.,1.,1.,1.,1.,1.,1.,1.,1.,1.,1.,1.,1.,0.999999999999
      ,1.000000000004,0.999999999993,1.)
    ,(1.,1.,1.,1.,1.,1.,1.,1.,1.,1.,1.,1.,1.,1.,0.999999999999
,1.000000000004,0.999999999993,1.
  ))) REPRESENTATION_ITEM('') SURFACE() );
#792 = CARTESIAN_POINT('',(0.5378,7.37032117154E-03,3.902835109119E-03)
  );
#793 = CARTESIAN_POINT('',(0.523430650188,1.58173814834E-02,
    9.174186126067E-03));
#794 = CARTESIAN_POINT('',(0.483258792956,2.899121591896E-02,
    1.71068178702E-02));
#795 = CARTESIAN_POINT('',(0.398489817948,3.811728010891E-02,
    2.269669129206E-02));
#796 = CARTESIAN_POINT('',(0.269462582488,4.512929895533E-02,
    2.837657461915E-02));
#797 = CARTESIAN_POINT('',(0.124451460313,4.670445809363E-02,
    2.910050099768E-02));
#798 = CARTESIAN_POINT('',(-2.019705092663E-02,4.849735462905E-02,
    3.008569800778E-02));
#799 = CARTESIAN_POINT('',(-0.144245251992,4.649179809442E-02,
    2.89702686599E-02));
#800 = CARTESIAN_POINT('',(-0.273480101183,4.172338650405E-02,
    2.663609634721E-02));
#801 = CARTESIAN_POINT('',(-0.402617556702,3.389559794855E-02,
    2.1725470661E-02));
#802 = CARTESIAN_POINT('',(-0.526576732963,2.425737452538E-02,
    1.66757053097E-02));
#803 = CARTESIAN_POINT('',(-0.624580534573,1.70581084932E-02,
    1.104567335556E-02));
#804 = CARTESIAN_POINT('',(-0.712476506696,1.316056403321E-02,
    8.220293668E-03));
#805 = CARTESIAN_POINT('',(-0.790028640266,1.162186608662E-02,
    7.886284786407E-03));
#806 = CARTESIAN_POINT('',(-0.872701839491,1.221778634572E-02,
    7.245054673691E-03));
#807 = CARTESIAN_POINT('',(-0.945025744455,1.138948995737E-02,
    7.091481631977E-03));
#808 = CARTESIAN_POINT('',(-0.991548335241,9.966478337992E-03,
    7.761632250301E-03));
#809 = CARTESIAN_POINT('',(-1.0122,1.105548175731E-02,6.829961440958E-03
    ));
#810 = CARTESIAN_POINT('',(0.5378,7.096303477462E-03,4.489848193237E-03)
  );
#811 = CARTESIAN_POINT('',(0.523430650188,1.522931451866E-02,
    1.055404644337E-02));
#812 = CARTESIAN_POINT('',(0.483258792956,2.791336517818E-02,
    1.967980023731E-02));
#813 = CARTESIAN_POINT('',(0.398489817948,3.670013573258E-02,
    2.61104288398E-02));
#814 = CARTESIAN_POINT('',(0.269462582488,4.345145803805E-02,
    3.264460545269E-02));
#815 = CARTESIAN_POINT('',(0.124451460313,4.496805507779E-02,
    3.347741530802E-02));
#816 = CARTESIAN_POINT('',(-2.019705092663E-02,4.669429435867E-02,
    3.461079268424E-02));
#817 = CARTESIAN_POINT('',(-0.144245251992,4.476330146438E-02,
    3.332759513625E-02));
#818 = CARTESIAN_POINT('',(-0.273480101183,4.017217239914E-02,
    3.064234734898E-02));
#819 = CARTESIAN_POINT('',(-0.402617556702,3.26354095018E-02,
    2.499312998558E-02));
#820 = CARTESIAN_POINT('',(-0.526576732963,2.335552104069E-02,
    1.918384540017E-02));
#821 = CARTESIAN_POINT('',(-0.624580534573,1.642391312426E-02,
    1.270701814758E-02));
#822 = CARTESIAN_POINT('',(-0.712476506696,1.267127363118E-02,
    9.456682037864E-03));
#823 = CARTESIAN_POINT('',(-0.790028640266,1.118978220969E-02,
    9.072435936861E-03));
#824 = CARTESIAN_POINT('',(-0.872701839491,1.176354703064E-02,
    8.334760431091E-03));
#825 = CARTESIAN_POINT('',(-0.945025744455,1.096604548279E-02,
    8.158088953945E-03));
#826 = CARTESIAN_POINT('',(-0.991548335241,9.595939341556E-03,
    8.929034807043E-03));
#827 = CARTESIAN_POINT('',(-1.0122,1.064445521619E-02,7.857234338166E-03
    ));
#828 = DEFINITIONAL_REPRESENTATION('',(#829),#833);
#829 = LINE('',#830,#831);
#830 = CARTESIAN_POINT('',(6.,0.));
#831 = VECTOR('',#832,1.);
#832 = DIRECTION('',(0.,1.));
#833 = ( GEOMETRIC_REPRESENTATION_CONTEXT(2) 
PARAMETRIC_REPRESENTATION_CONTEXT() REPRESENTATION_CONTEXT('2D SPACE',''
  ) );
#834 = ORIENTED_EDGE('',*,*,#835,.F.);
#835 = EDGE_CURVE('',#642,#761,#836,.T.);
#836 = SURFACE_CURVE('',#837,(#840,#847),.PCURVE_S1.);
#837 = B_SPLINE_CURVE_WITH_KNOTS('',1,(#838,#839),.UNSPECIFIED.,.F.,.F.,
  (2,2),(5.,6.),.PIECEWISE_BEZIER_KNOTS.);
#838 = CARTESIAN_POINT('',(-1.0122,1.13938218953E-02,5.725821077159E-03)
  );
#839 = CARTESIAN_POINT('',(-1.0122,1.105548175731E-02,6.829961440958E-03
    ));
#840 = PCURVE('',#672,#841);
#841 = DEFINITIONAL_REPRESENTATION('',(#842),#846);
#842 = LINE('',#843,#844);
#843 = CARTESIAN_POINT('',(0.,1.));
#844 = VECTOR('',#845,1.);
#845 = DIRECTION('',(1.,0.));
#846 = ( GEOMETRIC_REPRESENTATION_CONTEXT(2) 
PARAMETRIC_REPRESENTATION_CONTEXT() REPRESENTATION_CONTEXT('2D SPACE',''
  ) );
#847 = PCURVE('',#176,#848);
#848 = DEFINITIONAL_REPRESENTATION('',(#849),#852);
#849 = B_SPLINE_CURVE_WITH_KNOTS('',1,(#850,#851),.UNSPECIFIED.,.F.,.F.,
  (2,2),(5.,6.),.PIECEWISE_BEZIER_KNOTS.);
#850 = CARTESIAN_POINT('',(3.499861644095E-03,-6.723226312628E-03));
#851 = CARTESIAN_POINT('',(4.245829351871E-03,-7.604777315635E-03));
#852 = ( GEOMETRIC_REPRESENTATION_CONTEXT(2) 
PARAMETRIC_REPRESENTATION_CONTEXT() REPRESENTATION_CONTEXT('2D SPACE',''
  ) );
#853 = ORIENTED_EDGE('',*,*,#641,.F.);
#854 = ADVANCED_FACE('',(#855),#791,.F.);
#855 = FACE_BOUND('',#856,.F.);
#856 = EDGE_LOOP('',(#857,#878,#953,#972));
#857 = ORIENTED_EDGE('',*,*,#858,.T.);
#858 = EDGE_CURVE('',#740,#859,#861,.T.);
#859 = VERTEX_POINT('',#860);
#860 = CARTESIAN_POINT('',(0.5378,7.096303477462E-03,4.489848193237E-03)
  );
#861 = SURFACE_CURVE('',#862,(#865,#872),.PCURVE_S1.);
#862 = B_SPLINE_CURVE_WITH_KNOTS('',1,(#863,#864),.UNSPECIFIED.,.F.,.F.,
  (2,2),(6.,7.),.PIECEWISE_BEZIER_KNOTS.);
#863 = CARTESIAN_POINT('',(0.5378,7.37032117154E-03,3.902835109119E-03)
  );
#864 = CARTESIAN_POINT('',(0.5378,7.096303477462E-03,4.489848193237E-03)
  );
#865 = PCURVE('',#791,#866);
#866 = DEFINITIONAL_REPRESENTATION('',(#867),#871);
#867 = LINE('',#868,#869);
#868 = CARTESIAN_POINT('',(0.,0.));
#869 = VECTOR('',#870,1.);
#870 = DIRECTION('',(1.,0.));
#871 = ( GEOMETRIC_REPRESENTATION_CONTEXT(2) 
PARAMETRIC_REPRESENTATION_CONTEXT() REPRESENTATION_CONTEXT('2D SPACE',''
  ) );
#872 = PCURVE('',#75,#873);
#873 = DEFINITIONAL_REPRESENTATION('',(#874),#877);
#874 = B_SPLINE_CURVE_WITH_KNOTS('',1,(#875,#876),.UNSPECIFIED.,.F.,.F.,
  (2,2),(6.,7.),.PIECEWISE_BEZIER_KNOTS.);
#875 = CARTESIAN_POINT('',(1.703841599165E-03,-4.686611190685E-03));
#876 = CARTESIAN_POINT('',(2.103051627153E-03,-5.196808614382E-03));
#877 = ( GEOMETRIC_REPRESENTATION_CONTEXT(2) 
PARAMETRIC_REPRESENTATION_CONTEXT() REPRESENTATION_CONTEXT('2D SPACE',''
  ) );
#878 = ORIENTED_EDGE('',*,*,#879,.T.);
#879 = EDGE_CURVE('',#859,#880,#882,.T.);
#880 = VERTEX_POINT('',#881);
#881 = CARTESIAN_POINT('',(-1.0122,1.064445521619E-02,7.857234338166E-03
    ));
#882 = SURFACE_CURVE('',#883,(#902,#909),.PCURVE_S1.);
#883 = ( BOUNDED_CURVE() B_SPLINE_CURVE(3,(#884,#885,#886,#887,#888,#889
    ,#890,#891,#892,#893,#894,#895,#896,#897,#898,#899,#900,#901),
.UNSPECIFIED.,.F.,.F.) B_SPLINE_CURVE_WITH_KNOTS((4,1,1,1,1,1,1,1,1,1,1,
    1,1,1,1,4),(0.,3.281818483209E-02,8.331472171401E-02,0.163169600212,
    0.282607356412,0.362210128519,0.441821211418,0.521490445595,
    0.611262750889,0.691167944743,0.761109091848,0.800978053181,
0.860692828618,0.910445018305,0.96019726339,1.),.UNSPECIFIED.) CURVE() 
GEOMETRIC_REPRESENTATION_ITEM() RATIONAL_B_SPLINE_CURVE((1.,1.,1.,1.,1.,
    1.,1.,1.,1.,1.,1.,1.,1.,1.,0.999999999999,1.000000000004,
0.999999999993,1.)) REPRESENTATION_ITEM('') );
#884 = CARTESIAN_POINT('',(0.5378,7.096303477462E-03,4.489848193237E-03)
  );
#885 = CARTESIAN_POINT('',(0.523430650188,1.522931451866E-02,
    1.055404644337E-02));
#886 = CARTESIAN_POINT('',(0.483258792956,2.791336517818E-02,
    1.967980023731E-02));
#887 = CARTESIAN_POINT('',(0.398489817948,3.670013573258E-02,
    2.61104288398E-02));
#888 = CARTESIAN_POINT('',(0.269462582488,4.345145803805E-02,
    3.264460545269E-02));
#889 = CARTESIAN_POINT('',(0.124451460313,4.496805507779E-02,
    3.347741530802E-02));
#890 = CARTESIAN_POINT('',(-2.019705092663E-02,4.669429435867E-02,
    3.461079268424E-02));
#891 = CARTESIAN_POINT('',(-0.144245251992,4.476330146438E-02,
    3.332759513625E-02));
#892 = CARTESIAN_POINT('',(-0.273480101183,4.017217239914E-02,
    3.064234734898E-02));
#893 = CARTESIAN_POINT('',(-0.402617556702,3.26354095018E-02,
    2.499312998558E-02));
#894 = CARTESIAN_POINT('',(-0.526576732963,2.335552104069E-02,
    1.918384540017E-02));
#895 = CARTESIAN_POINT('',(-0.624580534573,1.642391312426E-02,
    1.270701814758E-02));
#896 = CARTESIAN_POINT('',(-0.712476506696,1.267127363118E-02,
    9.456682037864E-03));
#897 = CARTESIAN_POINT('',(-0.790028640266,1.118978220969E-02,
    9.072435936861E-03));
#898 = CARTESIAN_POINT('',(-0.872701839491,1.176354703064E-02,
    8.334760431091E-03));
#899 = CARTESIAN_POINT('',(-0.945025744455,1.096604548279E-02,
    8.158088953945E-03));
#900 = CARTESIAN_POINT('',(-0.991548335241,9.595939341556E-03,
    8.929034807043E-03));
#901 = CARTESIAN_POINT('',(-1.0122,1.064445521619E-02,7.857234338166E-03
    ));
#902 = PCURVE('',#791,#903);
#903 = DEFINITIONAL_REPRESENTATION('',(#904),#908);
#904 = LINE('',#905,#906);
#905 = CARTESIAN_POINT('',(7.,0.));
#906 = VECTOR('',#907,1.);
#907 = DIRECTION('',(0.,1.));
#908 = ( GEOMETRIC_REPRESENTATION_CONTEXT(2) 
PARAMETRIC_REPRESENTATION_CONTEXT() REPRESENTATION_CONTEXT('2D SPACE',''
  ) );
#909 = PCURVE('',#910,#947);
#910 = ( BOUNDED_SURFACE() B_SPLINE_SURFACE(1,3,(
    (#911,#912,#913,#914,#915,#916,#917,#918,#919,#920,#921,#922,#923
      ,#924,#925,#926,#927,#928)
    ,(#929,#930,#931,#932,#933,#934,#935,#936,#937,#938,#939,#940,#941
      ,#942,#943,#944,#945,#946
)),.UNSPECIFIED.,.F.,.F.,.F.) B_SPLINE_SURFACE_WITH_KNOTS((2,2),(4,1,1,1
    ,1,1,1,1,1,1,1,1,1,1,1,4),(7.,8.),(0.,3.281818483209E-02,
    8.331472171401E-02,0.163169600212,0.282607356412,0.362210128519,
    0.441821211418,0.521490445595,0.611262750889,0.691167944743,
    0.761109091848,0.800978053181,0.860692828618,0.910445018305,
0.96019726339,1.),.UNSPECIFIED.) GEOMETRIC_REPRESENTATION_ITEM() 
RATIONAL_B_SPLINE_SURFACE((
    (1.,1.,1.,1.,1.,1.,1.,1.,1.,1.,1.,1.,1.,1.,0.999999999999
      ,1.000000000004,0.999999999993,1.)
    ,(1.,1.,1.,1.,1.,1.,1.,1.,1.,1.,1.,1.,1.,1.,0.999999999999
,1.000000000004,0.999999999993,1.
  ))) REPRESENTATION_ITEM('') SURFACE() );
#911 = CARTESIAN_POINT('',(0.5378,7.096303477462E-03,4.489848193237E-03)
  );
#912 = CARTESIAN_POINT('',(0.523430650188,1.522931451866E-02,
    1.055404644337E-02));
#913 = CARTESIAN_POINT('',(0.483258792956,2.791336517818E-02,
    1.967980023731E-02));
#914 = CARTESIAN_POINT('',(0.398489817948,3.670013573258E-02,
    2.61104288398E-02));
#915 = CARTESIAN_POINT('',(0.269462582488,4.345145803805E-02,
    3.264460545269E-02));
#916 = CARTESIAN_POINT('',(0.124451460313,4.496805507779E-02,
    3.347741530802E-02));
#917 = CARTESIAN_POINT('',(-2.019705092663E-02,4.669429435867E-02,
    3.461079268424E-02));
#918 = CARTESIAN_POINT('',(-0.144245251992,4.476330146438E-02,
    3.332759513625E-02));
#919 = CARTESIAN_POINT('',(-0.273480101183,4.017217239914E-02,
    3.064234734898E-02));
#920 = CARTESIAN_POINT('',(-0.402617556702,3.26354095018E-02,
    2.499312998558E-02));
#921 = CARTESIAN_POINT('',(-0.526576732963,2.335552104069E-02,
    1.918384540017E-02));
#922 = CARTESIAN_POINT('',(-0.624580534573,1.642391312426E-02,
    1.270701814758E-02));
#923 = CARTESIAN_POINT('',(-0.712476506696,1.267127363118E-02,
    9.456682037864E-03));
#924 = CARTESIAN_POINT('',(-0.790028640266,1.118978220969E-02,
    9.072435936861E-03));
#925 = CARTESIAN_POINT('',(-0.872701839491,1.176354703064E-02,
    8.334760431091E-03));
#926 = CARTESIAN_POINT('',(-0.945025744455,1.096604548279E-02,
    8.158088953945E-03));
#927 = CARTESIAN_POINT('',(-0.991548335241,9.595939341556E-03,
    8.929034807043E-03));
#928 = CARTESIAN_POINT('',(-1.0122,1.064445521619E-02,7.857234338166E-03
    ));
#929 = CARTESIAN_POINT('',(0.5378,6.774757480796E-03,5.034033153777E-03)
  );
#930 = CARTESIAN_POINT('',(0.523430650188,1.45392474815E-02,
    1.183323297712E-02));
#931 = CARTESIAN_POINT('',(0.483258792956,2.664856148777E-02,
    2.206505934956E-02));
#932 = CARTESIAN_POINT('',(0.398489817948,3.503718800784E-02,
    2.92751021375E-02));
#933 = CARTESIAN_POINT('',(0.269462582488,4.148259602055E-02,
    3.660124330892E-02));
#934 = CARTESIAN_POINT('',(0.124451460313,4.293047337993E-02,
    3.753499256772E-02));
#935 = CARTESIAN_POINT('',(-2.019705092663E-02,4.457849372164E-02,
    3.880573915915E-02));
#936 = CARTESIAN_POINT('',(-0.144245251992,4.273499751301E-02,
    3.736701367859E-02));
#937 = CARTESIAN_POINT('',(-0.273480101183,3.835190058392E-02,
    3.435630467343E-02));
#938 = CARTESIAN_POINT('',(-0.402617556702,3.115664167455E-02,
    2.802238283993E-02));
#939 = CARTESIAN_POINT('',(-0.526576732963,2.229724128778E-02,
    2.150899308953E-02));
#940 = CARTESIAN_POINT('',(-0.624580534573,1.567971672236E-02,
    1.424715221706E-02));
#941 = CARTESIAN_POINT('',(-0.712476506696,1.209711592756E-02,
    1.060286425163E-02));
#942 = CARTESIAN_POINT('',(-0.790028640266,1.068275348913E-02,
    1.017204620874E-02));
#943 = CARTESIAN_POINT('',(-0.872701839491,1.123052001638E-02,
    9.344961907971E-03));
#944 = CARTESIAN_POINT('',(-0.945025744455,1.046915466725E-02,
    9.146877243931E-03));
#945 = CARTESIAN_POINT('',(-0.991548335241,9.161130445236E-03,
    1.00112643707E-02));
#946 = CARTESIAN_POINT('',(-1.0122,1.016213622119E-02,8.80955801911E-03)
  );
#947 = DEFINITIONAL_REPRESENTATION('',(#948),#952);
#948 = LINE('',#949,#950);
#949 = CARTESIAN_POINT('',(7.,0.));
#950 = VECTOR('',#951,1.);
#951 = DIRECTION('',(0.,1.));
#952 = ( GEOMETRIC_REPRESENTATION_CONTEXT(2) 
PARAMETRIC_REPRESENTATION_CONTEXT() REPRESENTATION_CONTEXT('2D SPACE',''
  ) );
#953 = ORIENTED_EDGE('',*,*,#954,.F.);
#954 = EDGE_CURVE('',#761,#880,#955,.T.);
#955 = SURFACE_CURVE('',#956,(#959,#966),.PCURVE_S1.);
#956 = B_SPLINE_CURVE_WITH_KNOTS('',1,(#957,#958),.UNSPECIFIED.,.F.,.F.,
  (2,2),(6.,7.),.PIECEWISE_BEZIER_KNOTS.);
#957 = CARTESIAN_POINT('',(-1.0122,1.105548175731E-02,6.829961440958E-03
    ));
#958 = CARTESIAN_POINT('',(-1.0122,1.064445521619E-02,7.857234338166E-03
    ));
#959 = PCURVE('',#791,#960);
#960 = DEFINITIONAL_REPRESENTATION('',(#961),#965);
#961 = LINE('',#962,#963);
#962 = CARTESIAN_POINT('',(0.,1.));
#963 = VECTOR('',#964,1.);
#964 = DIRECTION('',(1.,0.));
#965 = ( GEOMETRIC_REPRESENTATION_CONTEXT(2) 
PARAMETRIC_REPRESENTATION_CONTEXT() REPRESENTATION_CONTEXT('2D SPACE',''
  ) );
#966 = PCURVE('',#176,#967);
#967 = DEFINITIONAL_REPRESENTATION('',(#968),#971);
#968 = B_SPLINE_CURVE_WITH_KNOTS('',1,(#969,#970),.UNSPECIFIED.,.F.,.F.,
  (2,2),(6.,7.),.PIECEWISE_BEZIER_KNOTS.);
#969 = CARTESIAN_POINT('',(4.245829351871E-03,-7.604777315635E-03));
#970 = CARTESIAN_POINT('',(5.028322113558E-03,-8.387041657624E-03));
#971 = ( GEOMETRIC_REPRESENTATION_CONTEXT(2) 
PARAMETRIC_REPRESENTATION_CONTEXT() REPRESENTATION_CONTEXT('2D SPACE',''
  ) );
#972 = ORIENTED_EDGE('',*,*,#760,.F.);
#973 = ADVANCED_FACE('',(#974),#910,.F.);
#974 = FACE_BOUND('',#975,.F.);
#975 = EDGE_LOOP('',(#976,#997,#1072,#1091));
#976 = ORIENTED_EDGE('',*,*,#977,.T.);
#977 = EDGE_CURVE('',#859,#978,#980,.T.);
#978 = VERTEX_POINT('',#979);
#979 = CARTESIAN_POINT('',(0.5378,6.774757480796E-03,5.034033153777E-03)
  );
#980 = SURFACE_CURVE('',#981,(#984,#991),.PCURVE_S1.);
#981 = B_SPLINE_CURVE_WITH_KNOTS('',1,(#982,#983),.UNSPECIFIED.,.F.,.F.,
  (2,2),(7.,8.),.PIECEWISE_BEZIER_KNOTS.);
#982 = CARTESIAN_POINT('',(0.5378,7.096303477462E-03,4.489848193237E-03)
  );
#983 = CARTESIAN_POINT('',(0.5378,6.774757480796E-03,5.034033153777E-03)
  );
#984 = PCURVE('',#910,#985);
#985 = DEFINITIONAL_REPRESENTATION('',(#986),#990);
#986 = LINE('',#987,#988);
#987 = CARTESIAN_POINT('',(0.,0.));
#988 = VECTOR('',#989,1.);
#989 = DIRECTION('',(1.,0.));
#990 = ( GEOMETRIC_REPRESENTATION_CONTEXT(2) 
PARAMETRIC_REPRESENTATION_CONTEXT() REPRESENTATION_CONTEXT('2D SPACE',''
  ) );
#991 = PCURVE('',#75,#992);
#992 = DEFINITIONAL_REPRESENTATION('',(#993),#996);
#993 = B_SPLINE_CURVE_WITH_KNOTS('',1,(#994,#995),.UNSPECIFIED.,.F.,.F.,
  (2,2),(7.,8.),.PIECEWISE_BEZIER_KNOTS.);
#994 = CARTESIAN_POINT('',(2.103051627153E-03,-5.196808614382E-03));
#995 = CARTESIAN_POINT('',(2.538920504615E-03,-5.654572113265E-03));
#996 = ( GEOMETRIC_REPRESENTATION_CONTEXT(2) 
PARAMETRIC_REPRESENTATION_CONTEXT() REPRESENTATION_CONTEXT('2D SPACE',''
  ) );
#997 = ORIENTED_EDGE('',*,*,#998,.T.);
#998 = EDGE_CURVE('',#978,#999,#1001,.T.);
#999 = VERTEX_POINT('',#1000);
#1000 = CARTESIAN_POINT('',(-1.0122,1.016213622119E-02,8.80955801911E-03
    ));
#1001 = SURFACE_CURVE('',#1002,(#1021,#1028),.PCURVE_S1.);
#1002 = ( BOUNDED_CURVE() B_SPLINE_CURVE(3,(#1003,#1004,#1005,#1006,
    #1007,#1008,#1009,#1010,#1011,#1012,#1013,#1014,#1015,#1016,#1017,
#1018,#1019,#1020),.UNSPECIFIED.,.F.,.F.) B_SPLINE_CURVE_WITH_KNOTS((4,1
    ,1,1,1,1,1,1,1,1,1,1,1,1,1,4),(0.,3.281818483209E-02,
    8.331472171401E-02,0.163169600212,0.282607356412,0.362210128519,
    0.441821211418,0.521490445595,0.611262750889,0.691167944743,
    0.761109091848,0.800978053181,0.860692828618,0.910445018305,
0.96019726339,1.),.UNSPECIFIED.) CURVE() GEOMETRIC_REPRESENTATION_ITEM()
 RATIONAL_B_SPLINE_CURVE((1.,1.,1.,1.,1.,1.,1.,1.,1.,1.,1.,1.,1.,1.,
    0.999999999999,1.000000000004,0.999999999993,1.)) 
REPRESENTATION_ITEM('') );
#1003 = CARTESIAN_POINT('',(0.5378,6.774757480796E-03,5.034033153777E-03
    ));
#1004 = CARTESIAN_POINT('',(0.523430650188,1.45392474815E-02,
    1.183323297712E-02));
#1005 = CARTESIAN_POINT('',(0.483258792956,2.664856148777E-02,
    2.206505934956E-02));
#1006 = CARTESIAN_POINT('',(0.398489817948,3.503718800784E-02,
    2.92751021375E-02));
#1007 = CARTESIAN_POINT('',(0.269462582488,4.148259602055E-02,
    3.660124330892E-02));
#1008 = CARTESIAN_POINT('',(0.124451460313,4.293047337993E-02,
    3.753499256772E-02));
#1009 = CARTESIAN_POINT('',(-2.019705092663E-02,4.457849372164E-02,
    3.880573915915E-02));
#1010 = CARTESIAN_POINT('',(-0.144245251992,4.273499751301E-02,
    3.736701367859E-02));
#1011 = CARTESIAN_POINT('',(-0.273480101183,3.835190058392E-02,
    3.435630467343E-02));
#1012 = CARTESIAN_POINT('',(-0.402617556702,3.115664167455E-02,
    2.802238283993E-02));
#1013 = CARTESIAN_POINT('',(-0.526576732963,2.229724128778E-02,
    2.150899308953E-02));
#1014 = CARTESIAN_POINT('',(-0.624580534573,1.567971672236E-02,
    1.424715221706E-02));
#1015 = CARTESIAN_POINT('',(-0.712476506696,1.209711592756E-02,
    1.060286425163E-02));
#1016 = CARTESIAN_POINT('',(-0.790028640266,1.068275348913E-02,
    1.017204620874E-02));
#1017 = CARTESIAN_POINT('',(-0.872701839491,1.123052001638E-02,
    9.344961907971E-03));
#1018 = CARTESIAN_POINT('',(-0.945025744455,1.046915466725E-02,
    9.146877243931E-03));
#1019 = CARTESIAN_POINT('',(-0.991548335241,9.161130445236E-03,
    1.00112643707E-02));
#1020 = CARTESIAN_POINT('',(-1.0122,1.016213622119E-02,8.80955801911E-03
    ));
#1021 = PCURVE('',#910,#1022);
#1022 = DEFINITIONAL_REPRESENTATION('',(#1023),#1027);
#1023 = LINE('',#1024,#1025);
#1024 = CARTESIAN_POINT('',(8.,0.));
#1025 = VECTOR('',#1026,1.);
#1026 = DIRECTION('',(0.,1.));
#1027 = ( GEOMETRIC_REPRESENTATION_CONTEXT(2) 
PARAMETRIC_REPRESENTATION_CONTEXT() REPRESENTATION_CONTEXT('2D SPACE',''
  ) );
#1028 = PCURVE('',#1029,#1066);
#1029 = ( BOUNDED_SURFACE() B_SPLINE_SURFACE(1,3,(
    (#1030,#1031,#1032,#1033,#1034,#1035,#1036,#1037,#1038,#1039,#1040
      ,#1041,#1042,#1043,#1044,#1045,#1046,#1047)
    ,(#1048,#1049,#1050,#1051,#1052,#1053,#1054,#1055,#1056,#1057,#1058
      ,#1059,#1060,#1061,#1062,#1063,#1064,#1065
)),.UNSPECIFIED.,.F.,.F.,.F.) B_SPLINE_SURFACE_WITH_KNOTS((2,2),(4,1,1,1
    ,1,1,1,1,1,1,1,1,1,1,1,4),(8.,9.),(0.,3.281818483209E-02,
    8.331472171401E-02,0.163169600212,0.282607356412,0.362210128519,
    0.441821211418,0.521490445595,0.611262750889,0.691167944743,
    0.761109091848,0.800978053181,0.860692828618,0.910445018305,
0.96019726339,1.),.UNSPECIFIED.) GEOMETRIC_REPRESENTATION_ITEM() 
RATIONAL_B_SPLINE_SURFACE((
    (1.,1.,1.,1.,1.,1.,1.,1.,1.,1.,1.,1.,1.,1.,0.999999999999
      ,1.000000000004,0.999999999993,1.)
    ,(1.,1.,1.,1.,1.,1.,1.,1.,1.,1.,1.,1.,1.,1.,0.999999999999
,1.000000000004,0.999999999993,1.
  ))) REPRESENTATION_ITEM('') SURFACE() );
#1030 = CARTESIAN_POINT('',(0.5378,6.774757480796E-03,5.034033153777E-03
    ));
#1031 = CARTESIAN_POINT('',(0.523430650188,1.45392474815E-02,
    1.183323297712E-02));
#1032 = CARTESIAN_POINT('',(0.483258792956,2.664856148777E-02,
    2.206505934956E-02));
#1033 = CARTESIAN_POINT('',(0.398489817948,3.503718800784E-02,
    2.92751021375E-02));
#1034 = CARTESIAN_POINT('',(0.269462582488,4.148259602055E-02,
    3.660124330892E-02));
#1035 = CARTESIAN_POINT('',(0.124451460313,4.293047337993E-02,
    3.753499256772E-02));
#1036 = CARTESIAN_POINT('',(-2.019705092663E-02,4.457849372164E-02,
    3.880573915915E-02));
#1037 = CARTESIAN_POINT('',(-0.144245251992,4.273499751301E-02,
    3.736701367859E-02));
#1038 = CARTESIAN_POINT('',(-0.273480101183,3.835190058392E-02,
    3.435630467343E-02));
#1039 = CARTESIAN_POINT('',(-0.402617556702,3.115664167455E-02,
    2.802238283993E-02));
#1040 = CARTESIAN_POINT('',(-0.526576732963,2.229724128778E-02,
    2.150899308953E-02));
#1041 = CARTESIAN_POINT('',(-0.624580534573,1.567971672236E-02,
    1.424715221706E-02));
#1042 = CARTESIAN_POINT('',(-0.712476506696,1.209711592756E-02,
    1.060286425163E-02));
#1043 = CARTESIAN_POINT('',(-0.790028640266,1.068275348913E-02,
    1.017204620874E-02));
#1044 = CARTESIAN_POINT('',(-0.872701839491,1.123052001638E-02,
    9.344961907971E-03));
#1045 = CARTESIAN_POINT('',(-0.945025744455,1.046915466725E-02,
    9.146877243931E-03));
#1046 = CARTESIAN_POINT('',(-0.991548335241,9.161130445236E-03,
    1.00112643707E-02));
#1047 = CARTESIAN_POINT('',(-1.0122,1.016213622119E-02,8.80955801911E-03
    ));
#1048 = CARTESIAN_POINT('',(0.5378,6.406708422145E-03,5.535364629139E-03
    ));
#1049 = CARTESIAN_POINT('',(0.523430650188,1.374938063178E-02,
    1.301168611113E-02));
#1050 = CARTESIAN_POINT('',(0.483258792956,2.520083763968E-02,
    2.426248404259E-02));
#1051 = CARTESIAN_POINT('',(0.398489817948,3.313373919797E-02,
    3.219056369638E-02));
#1052 = CARTESIAN_POINT('',(0.269462582488,3.922899056544E-02,
    4.024630378977E-02));
#1053 = CARTESIAN_POINT('',(0.124451460313,4.059820977349E-02,
    4.127304367443E-02));
#1054 = CARTESIAN_POINT('',(-2.019705092663E-02,4.215669889034E-02,
    4.267034192813E-02));
#1055 = CARTESIAN_POINT('',(-0.144245251992,4.041335343192E-02,
    4.10883360309E-02));
#1056 = CARTESIAN_POINT('',(-0.273480101183,3.626837494519E-02,
    3.777779523255E-02));
#1057 = CARTESIAN_POINT('',(-0.402617556702,2.946400947753E-02,
    3.081308804651E-02));
#1058 = CARTESIAN_POINT('',(-0.526576732963,2.108590956267E-02,
    2.365104001488E-02));
#1059 = CARTESIAN_POINT('',(-0.624580534573,1.482789213736E-02,
    1.566600378647E-02));
#1060 = CARTESIAN_POINT('',(-0.712476506696,1.143992160848E-02,
    1.165878689178E-02));
#1061 = CARTESIAN_POINT('',(-0.790028640266,1.010239657203E-02,
    1.118506435489E-02));
#1062 = CARTESIAN_POINT('',(-0.872701839491,1.062040484525E-02,
    1.027561202448E-02));
#1063 = CARTESIAN_POINT('',(-0.945025744455,9.900401832545E-03,
    1.00578004186E-02));
#1064 = CARTESIAN_POINT('',(-0.991548335241,8.663438026943E-03,
    1.100827050614E-02));
#1065 = CARTESIAN_POINT('',(-1.0122,9.610062633218E-03,
    9.686888100994E-03));
#1066 = DEFINITIONAL_REPRESENTATION('',(#1067),#1071);
#1067 = LINE('',#1068,#1069);
#1068 = CARTESIAN_POINT('',(8.,0.));
#1069 = VECTOR('',#1070,1.);
#1070 = DIRECTION('',(0.,1.));
#1071 = ( GEOMETRIC_REPRESENTATION_CONTEXT(2) 
PARAMETRIC_REPRESENTATION_CONTEXT() REPRESENTATION_CONTEXT('2D SPACE',''
  ) );
#1072 = ORIENTED_EDGE('',*,*,#1073,.F.);
#1073 = EDGE_CURVE('',#880,#999,#1074,.T.);
#1074 = SURFACE_CURVE('',#1075,(#1078,#1085),.PCURVE_S1.);
#1075 = B_SPLINE_CURVE_WITH_KNOTS('',1,(#1076,#1077),.UNSPECIFIED.,.F.,
  .F.,(2,2),(7.,8.),.PIECEWISE_BEZIER_KNOTS.);
#1076 = CARTESIAN_POINT('',(-1.0122,1.064445521619E-02,
    7.857234338166E-03));
#1077 = CARTESIAN_POINT('',(-1.0122,1.016213622119E-02,8.80955801911E-03
    ));
#1078 = PCURVE('',#910,#1079);
#1079 = DEFINITIONAL_REPRESENTATION('',(#1080),#1084);
#1080 = LINE('',#1081,#1082);
#1081 = CARTESIAN_POINT('',(0.,1.));
#1082 = VECTOR('',#1083,1.);
#1083 = DIRECTION('',(1.,0.));
#1084 = ( GEOMETRIC_REPRESENTATION_CONTEXT(2) 
PARAMETRIC_REPRESENTATION_CONTEXT() REPRESENTATION_CONTEXT('2D SPACE',''
  ) );
#1085 = PCURVE('',#176,#1086);
#1086 = DEFINITIONAL_REPRESENTATION('',(#1087),#1090);
#1087 = B_SPLINE_CURVE_WITH_KNOTS('',1,(#1088,#1089),.UNSPECIFIED.,.F.,
  .F.,(2,2),(7.,8.),.PIECEWISE_BEZIER_KNOTS.);
#1088 = CARTESIAN_POINT('',(5.028322113558E-03,-8.387041657624E-03));
#1089 = CARTESIAN_POINT('',(5.84681443324E-03,-9.072331617308E-03));
#1090 = ( GEOMETRIC_REPRESENTATION_CONTEXT(2) 
PARAMETRIC_REPRESENTATION_CONTEXT() REPRESENTATION_CONTEXT('2D SPACE',''
  ) );
#1091 = ORIENTED_EDGE('',*,*,#879,.F.);
#1092 = ADVANCED_FACE('',(#1093),#1029,.F.);
#1093 = FACE_BOUND('',#1094,.F.);
#1094 = EDGE_LOOP('',(#1095,#1116,#1191,#1210));
#1095 = ORIENTED_EDGE('',*,*,#1096,.T.);
#1096 = EDGE_CURVE('',#978,#1097,#1099,.T.);
#1097 = VERTEX_POINT('',#1098);
#1098 = CARTESIAN_POINT('',(0.5378,6.406708422145E-03,5.535364629139E-03
    ));
#1099 = SURFACE_CURVE('',#1100,(#1103,#1110),.PCURVE_S1.);
#1100 = B_SPLINE_CURVE_WITH_KNOTS('',1,(#1101,#1102),.UNSPECIFIED.,.F.,
  .F.,(2,2),(8.,9.),.PIECEWISE_BEZIER_KNOTS.);
#1101 = CARTESIAN_POINT('',(0.5378,6.774757480796E-03,5.034033153777E-03
    ));
#1102 = CARTESIAN_POINT('',(0.5378,6.406708422145E-03,5.535364629139E-03
    ));
#1103 = PCURVE('',#1029,#1104);
#1104 = DEFINITIONAL_REPRESENTATION('',(#1105),#1109);
#1105 = LINE('',#1106,#1107);
#1106 = CARTESIAN_POINT('',(0.,0.));
#1107 = VECTOR('',#1108,1.);
#1108 = DIRECTION('',(1.,0.));
#1109 = ( GEOMETRIC_REPRESENTATION_CONTEXT(2) 
PARAMETRIC_REPRESENTATION_CONTEXT() REPRESENTATION_CONTEXT('2D SPACE',''
  ) );
#1110 = PCURVE('',#75,#1111);
#1111 = DEFINITIONAL_REPRESENTATION('',(#1112),#1115);
#1112 = B_SPLINE_CURVE_WITH_KNOTS('',1,(#1113,#1114),.UNSPECIFIED.,.F.,
  .F.,(2,2),(8.,9.),.PIECEWISE_BEZIER_KNOTS.);
#1113 = CARTESIAN_POINT('',(2.538920504615E-03,-5.654572113265E-03));
#1114 = CARTESIAN_POINT('',(3.010443629794E-03,-6.060107931886E-03));
#1115 = ( GEOMETRIC_REPRESENTATION_CONTEXT(2) 
PARAMETRIC_REPRESENTATION_CONTEXT() REPRESENTATION_CONTEXT('2D SPACE',''
  ) );
#1116 = ORIENTED_EDGE('',*,*,#1117,.T.);
#1117 = EDGE_CURVE('',#1097,#1118,#1120,.T.);
#1118 = VERTEX_POINT('',#1119);
#1119 = CARTESIAN_POINT('',(-1.0122,9.610062633218E-03,
    9.686888100994E-03));
#1120 = SURFACE_CURVE('',#1121,(#1140,#1147),.PCURVE_S1.);
#1121 = ( BOUNDED_CURVE() B_SPLINE_CURVE(3,(#1122,#1123,#1124,#1125,
    #1126,#1127,#1128,#1129,#1130,#1131,#1132,#1133,#1134,#1135,#1136,
#1137,#1138,#1139),.UNSPECIFIED.,.F.,.F.) B_SPLINE_CURVE_WITH_KNOTS((4,1
    ,1,1,1,1,1,1,1,1,1,1,1,1,1,4),(0.,3.281818483209E-02,
    8.331472171401E-02,0.163169600212,0.282607356412,0.362210128519,
    0.441821211418,0.521490445595,0.611262750889,0.691167944743,
    0.761109091848,0.800978053181,0.860692828618,0.910445018305,
0.96019726339,1.),.UNSPECIFIED.) CURVE() GEOMETRIC_REPRESENTATION_ITEM()
 RATIONAL_B_SPLINE_CURVE((1.,1.,1.,1.,1.,1.,1.,1.,1.,1.,1.,1.,1.,1.,
    0.999999999999,1.000000000004,0.999999999993,1.)) 
REPRESENTATION_ITEM('') );
#1122 = CARTESIAN_POINT('',(0.5378,6.406708422145E-03,5.535364629139E-03
    ));
#1123 = CARTESIAN_POINT('',(0.523430650188,1.374938063178E-02,
    1.301168611113E-02));
#1124 = CARTESIAN_POINT('',(0.483258792956,2.520083763968E-02,
    2.426248404259E-02));
#1125 = CARTESIAN_POINT('',(0.398489817948,3.313373919797E-02,
    3.219056369638E-02));
#1126 = CARTESIAN_POINT('',(0.269462582488,3.922899056544E-02,
    4.024630378977E-02));
#1127 = CARTESIAN_POINT('',(0.124451460313,4.059820977349E-02,
    4.127304367443E-02));
#1128 = CARTESIAN_POINT('',(-2.019705092663E-02,4.215669889034E-02,
    4.267034192813E-02));
#1129 = CARTESIAN_POINT('',(-0.144245251992,4.041335343192E-02,
    4.10883360309E-02));
#1130 = CARTESIAN_POINT('',(-0.273480101183,3.626837494519E-02,
    3.777779523255E-02));
#1131 = CARTESIAN_POINT('',(-0.402617556702,2.946400947753E-02,
    3.081308804651E-02));
#1132 = CARTESIAN_POINT('',(-0.526576732963,2.108590956267E-02,
    2.365104001488E-02));
#1133 = CARTESIAN_POINT('',(-0.624580534573,1.482789213736E-02,
    1.566600378647E-02));
#1134 = CARTESIAN_POINT('',(-0.712476506696,1.143992160848E-02,
    1.165878689178E-02));
#1135 = CARTESIAN_POINT('',(-0.790028640266,1.010239657203E-02,
    1.118506435489E-02));
#1136 = CARTESIAN_POINT('',(-0.872701839491,1.062040484525E-02,
    1.027561202448E-02));
#1137 = CARTESIAN_POINT('',(-0.945025744455,9.900401832545E-03,
    1.00578004186E-02));
#1138 = CARTESIAN_POINT('',(-0.991548335241,8.663438026943E-03,
    1.100827050614E-02));
#1139 = CARTESIAN_POINT('',(-1.0122,9.610062633218E-03,
    9.686888100994E-03));
#1140 = PCURVE('',#1029,#1141);
#1141 = DEFINITIONAL_REPRESENTATION('',(#1142),#1146);
#1142 = LINE('',#1143,#1144);
#1143 = CARTESIAN_POINT('',(9.,0.));
#1144 = VECTOR('',#1145,1.);
#1145 = DIRECTION('',(0.,1.));
#1146 = ( GEOMETRIC_REPRESENTATION_CONTEXT(2) 
PARAMETRIC_REPRESENTATION_CONTEXT() REPRESENTATION_CONTEXT('2D SPACE',''
  ) );
#1147 = PCURVE('',#1148,#1185);
#1148 = ( BOUNDED_SURFACE() B_SPLINE_SURFACE(1,3,(
    (#1149,#1150,#1151,#1152,#1153,#1154,#1155,#1156,#1157,#1158,#1159
      ,#1160,#1161,#1162,#1163,#1164,#1165,#1166)
    ,(#1167,#1168,#1169,#1170,#1171,#1172,#1173,#1174,#1175,#1176,#1177
      ,#1178,#1179,#1180,#1181,#1182,#1183,#1184
)),.UNSPECIFIED.,.F.,.F.,.F.) B_SPLINE_SURFACE_WITH_KNOTS((2,2),(4,1,1,1
    ,1,1,1,1,1,1,1,1,1,1,1,4),(9.,10.),(0.,3.281818483209E-02,
    8.331472171401E-02,0.163169600212,0.282607356412,0.362210128519,
    0.441821211418,0.521490445595,0.611262750889,0.691167944743,
    0.761109091848,0.800978053181,0.860692828618,0.910445018305,
0.96019726339,1.),.UNSPECIFIED.) GEOMETRIC_REPRESENTATION_ITEM() 
RATIONAL_B_SPLINE_SURFACE((
    (1.,1.,1.,1.,1.,1.,1.,1.,1.,1.,1.,1.,1.,1.,0.999999999999
      ,1.000000000004,0.999999999993,1.)
    ,(1.,1.,1.,1.,1.,1.,1.,1.,1.,1.,1.,1.,1.,1.,0.999999999999
,1.000000000004,0.999999999993,1.
  ))) REPRESENTATION_ITEM('') SURFACE() );
#1149 = CARTESIAN_POINT('',(0.5378,6.406708422145E-03,5.535364629139E-03
    ));
#1150 = CARTESIAN_POINT('',(0.523430650188,1.374938063178E-02,
    1.301168611113E-02));
#1151 = CARTESIAN_POINT('',(0.483258792956,2.520083763968E-02,
    2.426248404259E-02));
#1152 = CARTESIAN_POINT('',(0.398489817948,3.313373919797E-02,
    3.219056369638E-02));
#1153 = CARTESIAN_POINT('',(0.269462582488,3.922899056544E-02,
    4.024630378977E-02));
#1154 = CARTESIAN_POINT('',(0.124451460313,4.059820977349E-02,
    4.127304367443E-02));
#1155 = CARTESIAN_POINT('',(-2.019705092663E-02,4.215669889034E-02,
    4.267034192813E-02));
#1156 = CARTESIAN_POINT('',(-0.144245251992,4.041335343192E-02,
    4.10883360309E-02));
#1157 = CARTESIAN_POINT('',(-0.273480101183,3.626837494519E-02,
    3.777779523255E-02));
#1158 = CARTESIAN_POINT('',(-0.402617556702,2.946400947753E-02,
    3.081308804651E-02));
#1159 = CARTESIAN_POINT('',(-0.526576732963,2.108590956267E-02,
    2.365104001488E-02));
#1160 = CARTESIAN_POINT('',(-0.624580534573,1.482789213736E-02,
    1.566600378647E-02));
#1161 = CARTESIAN_POINT('',(-0.712476506696,1.143992160848E-02,
    1.165878689178E-02));
#1162 = CARTESIAN_POINT('',(-0.790028640266,1.010239657203E-02,
    1.118506435489E-02));
#1163 = CARTESIAN_POINT('',(-0.872701839491,1.062040484525E-02,
    1.027561202448E-02));
#1164 = CARTESIAN_POINT('',(-0.945025744455,9.900401832545E-03,
    1.00578004186E-02));
#1165 = CARTESIAN_POINT('',(-0.991548335241,8.663438026943E-03,
    1.100827050614E-02));
#1166 = CARTESIAN_POINT('',(-1.0122,9.610062633218E-03,
    9.686888100994E-03));
#1167 = CARTESIAN_POINT('',(0.5378,5.993228307507E-03,5.993228307507E-03
    ));
#1168 = CARTESIAN_POINT('',(0.523430650188,1.286201459209E-02,
    1.408796181538E-02));
#1169 = CARTESIAN_POINT('',(0.483258792956,2.357441037789E-02,
    2.626938167887E-02));
#1170 = CARTESIAN_POINT('',(0.398489817948,3.0995333424E-02,
    3.485324102483E-02));
#1171 = CARTESIAN_POINT('',(0.269462582488,3.669720568507E-02,
    4.35753203819E-02));
#1172 = CARTESIAN_POINT('',(0.124451460313,3.797805737616E-02,
    4.468698816775E-02));
#1173 = CARTESIAN_POINT('',(-2.019705092663E-02,3.94359637575E-02,
    4.619986545934E-02));
#1174 = CARTESIAN_POINT('',(-0.144245251992,3.780513140761E-02,
    4.44870022315E-02));
#1175 = CARTESIAN_POINT('',(-0.273480101183,3.392766410868E-02,
    4.090262646675E-02));
#1176 = CARTESIAN_POINT('',(-0.402617556702,2.756244299225E-02,
    3.336182598521E-02));
#1177 = CARTESIAN_POINT('',(-0.526576732963,1.97250540767E-02,
    2.560736139639E-02));
#1178 = CARTESIAN_POINT('',(-0.624580534573,1.387092045443E-02,
    1.696183425105E-02));
#1179 = CARTESIAN_POINT('',(-0.712476506696,1.070160486508E-02,
    1.262315607235E-02));
#1180 = CARTESIAN_POINT('',(-0.790028640266,9.45040184753E-03,
    1.211024906293E-02));
#1181 = CARTESIAN_POINT('',(-0.872701839491,9.934978582069E-03,
    1.112557039836E-02));
#1182 = CARTESIAN_POINT('',(-0.945025744455,9.261443569669E-03,
    1.088974226966E-02));
#1183 = CARTESIAN_POINT('',(-0.991548335241,8.104311699754E-03,
    1.19188315196E-02));
#1184 = CARTESIAN_POINT('',(-1.0122,8.98984246126E-03,1.048814953814E-02
    ));
#1185 = DEFINITIONAL_REPRESENTATION('',(#1186),#1190);
#1186 = LINE('',#1187,#1188);
#1187 = CARTESIAN_POINT('',(9.,0.));
#1188 = VECTOR('',#1189,1.);
#1189 = DIRECTION('',(0.,1.));
#1190 = ( GEOMETRIC_REPRESENTATION_CONTEXT(2) 
PARAMETRIC_REPRESENTATION_CONTEXT() REPRESENTATION_CONTEXT('2D SPACE',''
  ) );
#1191 = ORIENTED_EDGE('',*,*,#1192,.F.);
#1192 = EDGE_CURVE('',#999,#1118,#1193,.T.);
#1193 = SURFACE_CURVE('',#1194,(#1197,#1204),.PCURVE_S1.);
#1194 = B_SPLINE_CURVE_WITH_KNOTS('',1,(#1195,#1196),.UNSPECIFIED.,.F.,
  .F.,(2,2),(8.,9.),.PIECEWISE_BEZIER_KNOTS.);
#1195 = CARTESIAN_POINT('',(-1.0122,1.016213622119E-02,8.80955801911E-03
    ));
#1196 = CARTESIAN_POINT('',(-1.0122,9.610062633218E-03,
    9.686888100994E-03));
#1197 = PCURVE('',#1029,#1198);
#1198 = DEFINITIONAL_REPRESENTATION('',(#1199),#1203);
#1199 = LINE('',#1200,#1201);
#1200 = CARTESIAN_POINT('',(0.,1.));
#1201 = VECTOR('',#1202,1.);
#1202 = DIRECTION('',(1.,0.));
#1203 = ( GEOMETRIC_REPRESENTATION_CONTEXT(2) 
PARAMETRIC_REPRESENTATION_CONTEXT() REPRESENTATION_CONTEXT('2D SPACE',''
  ) );
#1204 = PCURVE('',#176,#1205);
#1205 = DEFINITIONAL_REPRESENTATION('',(#1206),#1209);
#1206 = B_SPLINE_CURVE_WITH_KNOTS('',1,(#1207,#1208),.UNSPECIFIED.,.F.,
  .F.,(2,2),(8.,9.),.PIECEWISE_BEZIER_KNOTS.);
#1207 = CARTESIAN_POINT('',(5.84681443324E-03,-9.072331617308E-03));
#1208 = CARTESIAN_POINT('',(6.699875337296E-03,-9.66121226149E-03));
#1209 = ( GEOMETRIC_REPRESENTATION_CONTEXT(2) 
PARAMETRIC_REPRESENTATION_CONTEXT() REPRESENTATION_CONTEXT('2D SPACE',''
  ) );
#1210 = ORIENTED_EDGE('',*,*,#998,.F.);
#1211 = ADVANCED_FACE('',(#1212),#1148,.F.);
#1212 = FACE_BOUND('',#1213,.F.);
#1213 = EDGE_LOOP('',(#1214,#1235,#1310,#1329));
#1214 = ORIENTED_EDGE('',*,*,#1215,.T.);
#1215 = EDGE_CURVE('',#1097,#1216,#1218,.T.);
#1216 = VERTEX_POINT('',#1217);
#1217 = CARTESIAN_POINT('',(0.5378,5.993228307507E-03,5.993228307507E-03
    ));
#1218 = SURFACE_CURVE('',#1219,(#1222,#1229),.PCURVE_S1.);
#1219 = B_SPLINE_CURVE_WITH_KNOTS('',1,(#1220,#1221),.UNSPECIFIED.,.F.,
  .F.,(2,2),(9.,10.),.PIECEWISE_BEZIER_KNOTS.);
#1220 = CARTESIAN_POINT('',(0.5378,6.406708422145E-03,5.535364629139E-03
    ));
#1221 = CARTESIAN_POINT('',(0.5378,5.993228307507E-03,5.993228307507E-03
    ));
#1222 = PCURVE('',#1148,#1223);
#1223 = DEFINITIONAL_REPRESENTATION('',(#1224),#1228);
#1224 = LINE('',#1225,#1226);
#1225 = CARTESIAN_POINT('',(0.,0.));
#1226 = VECTOR('',#1227,1.);
#1227 = DIRECTION('',(1.,0.));
#1228 = ( GEOMETRIC_REPRESENTATION_CONTEXT(2) 
PARAMETRIC_REPRESENTATION_CONTEXT() REPRESENTATION_CONTEXT('2D SPACE',''
  ) );
#1229 = PCURVE('',#75,#1230);
#1230 = DEFINITIONAL_REPRESENTATION('',(#1231),#1234);
#1231 = B_SPLINE_CURVE_WITH_KNOTS('',1,(#1232,#1233),.UNSPECIFIED.,.F.,
  .F.,(2,2),(9.,10.),.PIECEWISE_BEZIER_KNOTS.);
#1232 = CARTESIAN_POINT('',(3.010443629794E-03,-6.060107931886E-03));
#1233 = CARTESIAN_POINT('',(3.516438165708E-03,-6.413059037274E-03));
#1234 = ( GEOMETRIC_REPRESENTATION_CONTEXT(2) 
PARAMETRIC_REPRESENTATION_CONTEXT() REPRESENTATION_CONTEXT('2D SPACE',''
  ) );
#1235 = ORIENTED_EDGE('',*,*,#1236,.T.);
#1236 = EDGE_CURVE('',#1216,#1237,#1239,.T.);
#1237 = VERTEX_POINT('',#1238);
#1238 = CARTESIAN_POINT('',(-1.0122,8.98984246126E-03,1.048814953814E-02
    ));
#1239 = SURFACE_CURVE('',#1240,(#1259,#1266),.PCURVE_S1.);
#1240 = ( BOUNDED_CURVE() B_SPLINE_CURVE(3,(#1241,#1242,#1243,#1244,
    #1245,#1246,#1247,#1248,#1249,#1250,#1251,#1252,#1253,#1254,#1255,
#1256,#1257,#1258),.UNSPECIFIED.,.F.,.F.) B_SPLINE_CURVE_WITH_KNOTS((4,1
    ,1,1,1,1,1,1,1,1,1,1,1,1,1,4),(0.,3.281818483209E-02,
    8.331472171401E-02,0.163169600212,0.282607356412,0.362210128519,
    0.441821211418,0.521490445595,0.611262750889,0.691167944743,
    0.761109091848,0.800978053181,0.860692828618,0.910445018305,
0.96019726339,1.),.UNSPECIFIED.) CURVE() GEOMETRIC_REPRESENTATION_ITEM()
 RATIONAL_B_SPLINE_CURVE((1.,1.,1.,1.,1.,1.,1.,1.,1.,1.,1.,1.,1.,1.,
    0.999999999999,1.000000000004,0.999999999993,1.)) 
REPRESENTATION_ITEM('') );
#1241 = CARTESIAN_POINT('',(0.5378,5.993228307507E-03,5.993228307507E-03
    ));
#1242 = CARTESIAN_POINT('',(0.523430650188,1.286201459209E-02,
    1.408796181538E-02));
#1243 = CARTESIAN_POINT('',(0.483258792956,2.357441037789E-02,
    2.626938167887E-02));
#1244 = CARTESIAN_POINT('',(0.398489817948,3.0995333424E-02,
    3.485324102483E-02));
#1245 = CARTESIAN_POINT('',(0.269462582488,3.669720568507E-02,
    4.35753203819E-02));
#1246 = CARTESIAN_POINT('',(0.124451460313,3.797805737616E-02,
    4.468698816775E-02));
#1247 = CARTESIAN_POINT('',(-2.019705092663E-02,3.94359637575E-02,
    4.619986545934E-02));
#1248 = CARTESIAN_POINT('',(-0.144245251992,3.780513140761E-02,
    4.44870022315E-02));
#1249 = CARTESIAN_POINT('',(-0.273480101183,3.392766410868E-02,
    4.090262646675E-02));
#1250 = CARTESIAN_POINT('',(-0.402617556702,2.756244299225E-02,
    3.336182598521E-02));
#1251 = CARTESIAN_POINT('',(-0.526576732963,1.97250540767E-02,
    2.560736139639E-02));
#1252 = CARTESIAN_POINT('',(-0.624580534573,1.387092045443E-02,
    1.696183425105E-02));
#1253 = CARTESIAN_POINT('',(-0.712476506696,1.070160486508E-02,
    1.262315607235E-02));
#1254 = CARTESIAN_POINT('',(-0.790028640266,9.45040184753E-03,
    1.211024906293E-02));
#1255 = CARTESIAN_POINT('',(-0.872701839491,9.934978582069E-03,
    1.112557039836E-02));
#1256 = CARTESIAN_POINT('',(-0.945025744455,9.261443569669E-03,
    1.088974226966E-02));
#1257 = CARTESIAN_POINT('',(-0.991548335241,8.104311699754E-03,
    1.19188315196E-02));
#1258 = CARTESIAN_POINT('',(-1.0122,8.98984246126E-03,1.048814953814E-02
    ));
#1259 = PCURVE('',#1148,#1260);
#1260 = DEFINITIONAL_REPRESENTATION('',(#1261),#1265);
#1261 = LINE('',#1262,#1263);
#1262 = CARTESIAN_POINT('',(10.,0.));
#1263 = VECTOR('',#1264,1.);
#1264 = DIRECTION('',(0.,1.));
#1265 = ( GEOMETRIC_REPRESENTATION_CONTEXT(2) 
PARAMETRIC_REPRESENTATION_CONTEXT() REPRESENTATION_CONTEXT('2D SPACE',''
  ) );
#1266 = PCURVE('',#1267,#1304);
#1267 = ( BOUNDED_SURFACE() B_SPLINE_SURFACE(1,3,(
    (#1268,#1269,#1270,#1271,#1272,#1273,#1274,#1275,#1276,#1277,#1278
      ,#1279,#1280,#1281,#1282,#1283,#1284,#1285)
    ,(#1286,#1287,#1288,#1289,#1290,#1291,#1292,#1293,#1294,#1295,#1296
      ,#1297,#1298,#1299,#1300,#1301,#1302,#1303
)),.UNSPECIFIED.,.F.,.F.,.F.) B_SPLINE_SURFACE_WITH_KNOTS((2,2),(4,1,1,1
    ,1,1,1,1,1,1,1,1,1,1,1,4),(10.,11.),(0.,3.281818483209E-02,
    8.331472171401E-02,0.163169600212,0.282607356412,0.362210128519,
    0.441821211418,0.521490445595,0.611262750889,0.691167944743,
    0.761109091848,0.800978053181,0.860692828618,0.910445018305,
0.96019726339,1.),.UNSPECIFIED.) GEOMETRIC_REPRESENTATION_ITEM() 
RATIONAL_B_SPLINE_SURFACE((
    (1.,1.,1.,1.,1.,1.,1.,1.,1.,1.,1.,1.,1.,1.,0.999999999999
      ,1.000000000004,0.999999999993,1.)
    ,(1.,1.,1.,1.,1.,1.,1.,1.,1.,1.,1.,1.,1.,1.,0.999999999999
,1.000000000004,0.999999999993,1.
  ))) REPRESENTATION_ITEM('') SURFACE() );
#1268 = CARTESIAN_POINT('',(0.5378,5.993228307507E-03,5.993228307507E-03
    ));
#1269 = CARTESIAN_POINT('',(0.523430650188,1.286201459209E-02,
    1.408796181538E-02));
#1270 = CARTESIAN_POINT('',(0.483258792956,2.357441037789E-02,
    2.626938167887E-02));
#1271 = CARTESIAN_POINT('',(0.398489817948,3.0995333424E-02,
    3.485324102483E-02));
#1272 = CARTESIAN_POINT('',(0.269462582488,3.669720568507E-02,
    4.35753203819E-02));
#1273 = CARTESIAN_POINT('',(0.124451460313,3.797805737616E-02,
    4.468698816775E-02));
#1274 = CARTESIAN_POINT('',(-2.019705092663E-02,3.94359637575E-02,
    4.619986545934E-02));
#1275 = CARTESIAN_POINT('',(-0.144245251992,3.780513140761E-02,
    4.44870022315E-02));
#1276 = CARTESIAN_POINT('',(-0.273480101183,3.392766410868E-02,
    4.090262646675E-02));
#1277 = CARTESIAN_POINT('',(-0.402617556702,2.756244299225E-02,
    3.336182598521E-02));
#1278 = CARTESIAN_POINT('',(-0.526576732963,1.97250540767E-02,
    2.560736139639E-02));
#1279 = CARTESIAN_POINT('',(-0.624580534573,1.387092045443E-02,
    1.696183425105E-02));
#1280 = CARTESIAN_POINT('',(-0.712476506696,1.070160486508E-02,
    1.262315607235E-02));
#1281 = CARTESIAN_POINT('',(-0.790028640266,9.45040184753E-03,
    1.211024906293E-02));
#1282 = CARTESIAN_POINT('',(-0.872701839491,9.934978582069E-03,
    1.112557039836E-02));
#1283 = CARTESIAN_POINT('',(-0.945025744455,9.261443569669E-03,
    1.088974226966E-02));
#1284 = CARTESIAN_POINT('',(-0.991548335241,8.104311699754E-03,
    1.19188315196E-02));
#1285 = CARTESIAN_POINT('',(-1.0122,8.98984246126E-03,1.048814953814E-02
    ));
#1286 = CARTESIAN_POINT('',(0.5378,5.535364629139E-03,6.406708422145E-03
    ));
#1287 = CARTESIAN_POINT('',(0.523430650188,1.187939737643E-02,
    1.505990744593E-02));
#1288 = CARTESIAN_POINT('',(0.483258792956,2.177340002134E-02,
    2.808173829049E-02));
#1289 = CARTESIAN_POINT('',(0.398489817948,2.86273880287E-02,
    3.725780853921E-02));
#1290 = CARTESIAN_POINT('',(0.269462582488,3.389365529142E-02,
    4.658163476582E-02));
#1291 = CARTESIAN_POINT('',(0.124451460313,3.50766539663E-02,
    4.77699978651E-02));
#1292 = CARTESIAN_POINT('',(-2.019705092663E-02,3.642318091335E-02,
    4.93872504022E-02));
#1293 = CARTESIAN_POINT('',(-0.144245251992,3.491693899456E-02,
    4.755621465573E-02));
#1294 = CARTESIAN_POINT('',(-0.273480101183,3.133569792782E-02,
    4.372454844481E-02));
#1295 = CARTESIAN_POINT('',(-0.402617556702,2.545675956327E-02,
    3.566349896096E-02));
#1296 = CARTESIAN_POINT('',(-0.526576732963,1.821812236108E-02,
    2.737404442305E-02));
#1297 = CARTESIAN_POINT('',(-0.624580534573,1.281122602335E-02,
    1.813205183842E-02));
#1298 = CARTESIAN_POINT('',(-0.712476506696,9.884036116395E-03,
    1.349404297205E-02));
#1299 = CARTESIAN_POINT('',(-0.790028640266,8.728421050224E-03,
    1.294574988384E-02));
#1300 = CARTESIAN_POINT('',(-0.872701839491,9.17597765554E-03,
    1.189313703987E-02));
#1301 = CARTESIAN_POINT('',(-0.945025744455,8.553898586983E-03,
    1.164103884151E-02));
#1302 = CARTESIAN_POINT('',(-0.991548335241,7.485167930097E-03,
    1.274112621133E-02));
#1303 = CARTESIAN_POINT('',(-1.0122,8.303046943709E-03,
    1.121173973875E-02));
#1304 = DEFINITIONAL_REPRESENTATION('',(#1305),#1309);
#1305 = LINE('',#1306,#1307);
#1306 = CARTESIAN_POINT('',(10.,0.));
#1307 = VECTOR('',#1308,1.);
#1308 = DIRECTION('',(0.,1.));
#1309 = ( GEOMETRIC_REPRESENTATION_CONTEXT(2) 
PARAMETRIC_REPRESENTATION_CONTEXT() REPRESENTATION_CONTEXT('2D SPACE',''
  ) );
#1310 = ORIENTED_EDGE('',*,*,#1311,.F.);
#1311 = EDGE_CURVE('',#1118,#1237,#1312,.T.);
#1312 = SURFACE_CURVE('',#1313,(#1316,#1323),.PCURVE_S1.);
#1313 = B_SPLINE_CURVE_WITH_KNOTS('',1,(#1314,#1315),.UNSPECIFIED.,.F.,
  .F.,(2,2),(9.,10.),.PIECEWISE_BEZIER_KNOTS.);
#1314 = CARTESIAN_POINT('',(-1.0122,9.610062633218E-03,
    9.686888100994E-03));
#1315 = CARTESIAN_POINT('',(-1.0122,8.98984246126E-03,1.048814953814E-02
    ));
#1316 = PCURVE('',#1148,#1317);
#1317 = DEFINITIONAL_REPRESENTATION('',(#1318),#1322);
#1318 = LINE('',#1319,#1320);
#1319 = CARTESIAN_POINT('',(0.,1.));
#1320 = VECTOR('',#1321,1.);
#1321 = DIRECTION('',(1.,0.));
#1322 = ( GEOMETRIC_REPRESENTATION_CONTEXT(2) 
PARAMETRIC_REPRESENTATION_CONTEXT() REPRESENTATION_CONTEXT('2D SPACE',''
  ) );
#1323 = PCURVE('',#176,#1324);
#1324 = DEFINITIONAL_REPRESENTATION('',(#1325),#1328);
#1325 = B_SPLINE_CURVE_WITH_KNOTS('',1,(#1326,#1327),.UNSPECIFIED.,.F.,
  .F.,(2,2),(9.,10.),.PIECEWISE_BEZIER_KNOTS.);
#1326 = CARTESIAN_POINT('',(6.699875337296E-03,-9.66121226149E-03));
#1327 = CARTESIAN_POINT('',(7.58560333417E-03,-1.015332898332E-02));
#1328 = ( GEOMETRIC_REPRESENTATION_CONTEXT(2) 
PARAMETRIC_REPRESENTATION_CONTEXT() REPRESENTATION_CONTEXT('2D SPACE',''
  ) );
#1329 = ORIENTED_EDGE('',*,*,#1117,.F.);
#1330 = ADVANCED_FACE('',(#1331),#1267,.F.);
#1331 = FACE_BOUND('',#1332,.F.);
#1332 = EDGE_LOOP('',(#1333,#1354,#1429,#1448));
#1333 = ORIENTED_EDGE('',*,*,#1334,.T.);
#1334 = EDGE_CURVE('',#1216,#1335,#1337,.T.);
#1335 = VERTEX_POINT('',#1336);
#1336 = CARTESIAN_POINT('',(0.5378,5.535364629139E-03,6.406708422145E-03
    ));
#1337 = SURFACE_CURVE('',#1338,(#1341,#1348),.PCURVE_S1.);
#1338 = B_SPLINE_CURVE_WITH_KNOTS('',1,(#1339,#1340),.UNSPECIFIED.,.F.,
  .F.,(2,2),(10.,11.),.PIECEWISE_BEZIER_KNOTS.);
#1339 = CARTESIAN_POINT('',(0.5378,5.993228307507E-03,5.993228307507E-03
    ));
#1340 = CARTESIAN_POINT('',(0.5378,5.535364629139E-03,6.406708422145E-03
    ));
#1341 = PCURVE('',#1267,#1342);
#1342 = DEFINITIONAL_REPRESENTATION('',(#1343),#1347);
#1343 = LINE('',#1344,#1345);
#1344 = CARTESIAN_POINT('',(0.,0.));
#1345 = VECTOR('',#1346,1.);
#1346 = DIRECTION('',(1.,0.));
#1347 = ( GEOMETRIC_REPRESENTATION_CONTEXT(2) 
PARAMETRIC_REPRESENTATION_CONTEXT() REPRESENTATION_CONTEXT('2D SPACE',''
  ) );
#1348 = PCURVE('',#75,#1349);
#1349 = DEFINITIONAL_REPRESENTATION('',(#1350),#1353);
#1350 = B_SPLINE_CURVE_WITH_KNOTS('',1,(#1351,#1352),.UNSPECIFIED.,.F.,
  .F.,(2,2),(10.,11.),.PIECEWISE_BEZIER_KNOTS.);
#1351 = CARTESIAN_POINT('',(3.516438165708E-03,-6.413059037274E-03));
#1352 = CARTESIAN_POINT('',(4.055677250774E-03,-6.712769167745E-03));
#1353 = ( GEOMETRIC_REPRESENTATION_CONTEXT(2) 
PARAMETRIC_REPRESENTATION_CONTEXT() REPRESENTATION_CONTEXT('2D SPACE',''
  ) );
#1354 = ORIENTED_EDGE('',*,*,#1355,.T.);
#1355 = EDGE_CURVE('',#1335,#1356,#1358,.T.);
#1356 = VERTEX_POINT('',#1357);
#1357 = CARTESIAN_POINT('',(-1.0122,8.303046943709E-03,
    1.121173973875E-02));
#1358 = SURFACE_CURVE('',#1359,(#1378,#1385),.PCURVE_S1.);
#1359 = ( BOUNDED_CURVE() B_SPLINE_CURVE(3,(#1360,#1361,#1362,#1363,
    #1364,#1365,#1366,#1367,#1368,#1369,#1370,#1371,#1372,#1373,#1374,
#1375,#1376,#1377),.UNSPECIFIED.,.F.,.F.) B_SPLINE_CURVE_WITH_KNOTS((4,1
    ,1,1,1,1,1,1,1,1,1,1,1,1,1,4),(0.,3.281818483209E-02,
    8.331472171401E-02,0.163169600212,0.282607356412,0.362210128519,
    0.441821211418,0.521490445595,0.611262750889,0.691167944743,
    0.761109091848,0.800978053181,0.860692828618,0.910445018305,
0.96019726339,1.),.UNSPECIFIED.) CURVE() GEOMETRIC_REPRESENTATION_ITEM()
 RATIONAL_B_SPLINE_CURVE((1.,1.,1.,1.,1.,1.,1.,1.,1.,1.,1.,1.,1.,1.,
    0.999999999999,1.000000000004,0.999999999993,1.)) 
REPRESENTATION_ITEM('') );
#1360 = CARTESIAN_POINT('',(0.5378,5.535364629139E-03,6.406708422145E-03
    ));
#1361 = CARTESIAN_POINT('',(0.523430650188,1.187939737643E-02,
    1.505990744593E-02));
#1362 = CARTESIAN_POINT('',(0.483258792956,2.177340002134E-02,
    2.808173829049E-02));
#1363 = CARTESIAN_POINT('',(0.398489817948,2.86273880287E-02,
    3.725780853921E-02));
#1364 = CARTESIAN_POINT('',(0.269462582488,3.389365529142E-02,
    4.658163476582E-02));
#1365 = CARTESIAN_POINT('',(0.124451460313,3.50766539663E-02,
    4.77699978651E-02));
#1366 = CARTESIAN_POINT('',(-2.019705092663E-02,3.642318091335E-02,
    4.93872504022E-02));
#1367 = CARTESIAN_POINT('',(-0.144245251992,3.491693899456E-02,
    4.755621465573E-02));
#1368 = CARTESIAN_POINT('',(-0.273480101183,3.133569792782E-02,
    4.372454844481E-02));
#1369 = CARTESIAN_POINT('',(-0.402617556702,2.545675956327E-02,
    3.566349896096E-02));
#1370 = CARTESIAN_POINT('',(-0.526576732963,1.821812236108E-02,
    2.737404442305E-02));
#1371 = CARTESIAN_POINT('',(-0.624580534573,1.281122602335E-02,
    1.813205183842E-02));
#1372 = CARTESIAN_POINT('',(-0.712476506696,9.884036116395E-03,
    1.349404297205E-02));
#1373 = CARTESIAN_POINT('',(-0.790028640266,8.728421050224E-03,
    1.294574988384E-02));
#1374 = CARTESIAN_POINT('',(-0.872701839491,9.17597765554E-03,
    1.189313703987E-02));
#1375 = CARTESIAN_POINT('',(-0.945025744455,8.553898586983E-03,
    1.164103884151E-02));
#1376 = CARTESIAN_POINT('',(-0.991548335241,7.485167930097E-03,
    1.274112621133E-02));
#1377 = CARTESIAN_POINT('',(-1.0122,8.303046943709E-03,
    1.121173973875E-02));
#1378 = PCURVE('',#1267,#1379);
#1379 = DEFINITIONAL_REPRESENTATION('',(#1380),#1384);
#1380 = LINE('',#1381,#1382);
#1381 = CARTESIAN_POINT('',(11.,0.));
#1382 = VECTOR('',#1383,1.);
#1383 = DIRECTION('',(0.,1.));
#1384 = ( GEOMETRIC_REPRESENTATION_CONTEXT(2) 
PARAMETRIC_REPRESENTATION_CONTEXT() REPRESENTATION_CONTEXT('2D SPACE',''
  ) );
#1385 = PCURVE('',#1386,#1423);
#1386 = ( BOUNDED_SURFACE() B_SPLINE_SURFACE(1,3,(
    (#1387,#1388,#1389,#1390,#1391,#1392,#1393,#1394,#1395,#1396,#1397
      ,#1398,#1399,#1400,#1401,#1402,#1403,#1404)
    ,(#1405,#1406,#1407,#1408,#1409,#1410,#1411,#1412,#1413,#1414,#1415
      ,#1416,#1417,#1418,#1419,#1420,#1421,#1422
)),.UNSPECIFIED.,.F.,.F.,.F.) B_SPLINE_SURFACE_WITH_KNOTS((2,2),(4,1,1,1
    ,1,1,1,1,1,1,1,1,1,1,1,4),(11.,12.),(0.,3.281818483209E-02,
    8.331472171401E-02,0.163169600212,0.282607356412,0.362210128519,
    0.441821211418,0.521490445595,0.611262750889,0.691167944743,
    0.761109091848,0.800978053181,0.860692828618,0.910445018305,
0.96019726339,1.),.UNSPECIFIED.) GEOMETRIC_REPRESENTATION_ITEM() 
RATIONAL_B_SPLINE_SURFACE((
    (1.,1.,1.,1.,1.,1.,1.,1.,1.,1.,1.,1.,1.,1.,0.999999999999
      ,1.000000000004,0.999999999993,1.)
    ,(1.,1.,1.,1.,1.,1.,1.,1.,1.,1.,1.,1.,1.,1.,0.999999999999
,1.000000000004,0.999999999993,1.
  ))) REPRESENTATION_ITEM('') SURFACE() );
#1387 = CARTESIAN_POINT('',(0.5378,5.535364629139E-03,6.406708422145E-03
    ));
#1388 = CARTESIAN_POINT('',(0.523430650188,1.187939737643E-02,
    1.505990744593E-02));
#1389 = CARTESIAN_POINT('',(0.483258792956,2.177340002134E-02,
    2.808173829049E-02));
#1390 = CARTESIAN_POINT('',(0.398489817948,2.86273880287E-02,
    3.725780853921E-02));
#1391 = CARTESIAN_POINT('',(0.269462582488,3.389365529142E-02,
    4.658163476582E-02));
#1392 = CARTESIAN_POINT('',(0.124451460313,3.50766539663E-02,
    4.77699978651E-02));
#1393 = CARTESIAN_POINT('',(-2.019705092663E-02,3.642318091335E-02,
    4.93872504022E-02));
#1394 = CARTESIAN_POINT('',(-0.144245251992,3.491693899456E-02,
    4.755621465573E-02));
#1395 = CARTESIAN_POINT('',(-0.273480101183,3.133569792782E-02,
    4.372454844481E-02));
#1396 = CARTESIAN_POINT('',(-0.402617556702,2.545675956327E-02,
    3.566349896096E-02));
#1397 = CARTESIAN_POINT('',(-0.526576732963,1.821812236108E-02,
    2.737404442305E-02));
#1398 = CARTESIAN_POINT('',(-0.624580534573,1.281122602335E-02,
    1.813205183842E-02));
#1399 = CARTESIAN_POINT('',(-0.712476506696,9.884036116395E-03,
    1.349404297205E-02));
#1400 = CARTESIAN_POINT('',(-0.790028640266,8.728421050224E-03,
    1.294574988384E-02));
#1401 = CARTESIAN_POINT('',(-0.872701839491,9.17597765554E-03,
    1.189313703987E-02));
#1402 = CARTESIAN_POINT('',(-0.945025744455,8.553898586983E-03,
    1.164103884151E-02));
#1403 = CARTESIAN_POINT('',(-0.991548335241,7.485167930097E-03,
    1.274112621133E-02));
#1404 = CARTESIAN_POINT('',(-1.0122,8.303046943709E-03,
    1.121173973875E-02));
#1405 = CARTESIAN_POINT('',(0.5378,5.034033153777E-03,6.774757480796E-03
    ));
#1406 = CARTESIAN_POINT('',(0.523430650188,1.080349430372E-02,
    1.592506071866E-02));
#1407 = CARTESIAN_POINT('',(0.483258792956,1.980140874565E-02,
    2.969496253328E-02));
#1408 = CARTESIAN_POINT('',(0.398489817948,2.60346391065E-02,
    3.939817461437E-02));
#1409 = CARTESIAN_POINT('',(0.269462582488,3.082394672638E-02,
    4.925763087744E-02));
#1410 = CARTESIAN_POINT('',(0.124451460313,3.189980260024E-02,
    5.051426240588E-02));
#1411 = CARTESIAN_POINT('',(-2.019705092663E-02,3.312437618266E-02,
    5.222442197645E-02));
#1412 = CARTESIAN_POINT('',(-0.144245251992,3.175455282597E-02,
    5.028819789638E-02));
#1413 = CARTESIAN_POINT('',(-0.273480101183,2.84976605579E-02,
    4.623641223424E-02));
#1414 = CARTESIAN_POINT('',(-0.402617556702,2.315117073853E-02,
    3.771227601712E-02));
#1415 = CARTESIAN_POINT('',(-0.526576732963,1.656812840882E-02,
    2.894661345811E-02));
#1416 = CARTESIAN_POINT('',(-0.624580534573,1.165092832414E-02,
    1.917369197105E-02));
#1417 = CARTESIAN_POINT('',(-0.712476506696,8.988850570232E-03,
    1.426924132446E-02));
#1418 = CARTESIAN_POINT('',(-0.790028640266,7.937898203764E-03,
    1.368945019677E-02));
#1419 = CARTESIAN_POINT('',(-0.872701839491,8.344920132907E-03,
    1.25763674295E-02));
#1420 = CARTESIAN_POINT('',(-0.945025744455,7.779182034897E-03,
    1.230978683292E-02));
#1421 = CARTESIAN_POINT('',(-0.991548335241,6.807245059444E-03,
    1.347307141573E-02));
#1422 = CARTESIAN_POINT('',(-1.0122,7.551049730665E-03,
    1.185582559139E-02));
#1423 = DEFINITIONAL_REPRESENTATION('',(#1424),#1428);
#1424 = LINE('',#1425,#1426);
#1425 = CARTESIAN_POINT('',(11.,0.));
#1426 = VECTOR('',#1427,1.);
#1427 = DIRECTION('',(0.,1.));
#1428 = ( GEOMETRIC_REPRESENTATION_CONTEXT(2) 
PARAMETRIC_REPRESENTATION_CONTEXT() REPRESENTATION_CONTEXT('2D SPACE',''
  ) );
#1429 = ORIENTED_EDGE('',*,*,#1430,.F.);
#1430 = EDGE_CURVE('',#1237,#1356,#1431,.T.);
#1431 = SURFACE_CURVE('',#1432,(#1435,#1442),.PCURVE_S1.);
#1432 = B_SPLINE_CURVE_WITH_KNOTS('',1,(#1433,#1434),.UNSPECIFIED.,.F.,
  .F.,(2,2),(10.,11.),.PIECEWISE_BEZIER_KNOTS.);
#1433 = CARTESIAN_POINT('',(-1.0122,8.98984246126E-03,1.048814953814E-02
    ));
#1434 = CARTESIAN_POINT('',(-1.0122,8.303046943709E-03,
    1.121173973875E-02));
#1435 = PCURVE('',#1267,#1436);
#1436 = DEFINITIONAL_REPRESENTATION('',(#1437),#1441);
#1437 = LINE('',#1438,#1439);
#1438 = CARTESIAN_POINT('',(0.,1.));
#1439 = VECTOR('',#1440,1.);
#1440 = DIRECTION('',(1.,0.));
#1441 = ( GEOMETRIC_REPRESENTATION_CONTEXT(2) 
PARAMETRIC_REPRESENTATION_CONTEXT() REPRESENTATION_CONTEXT('2D SPACE',''
  ) );
#1442 = PCURVE('',#176,#1443);
#1443 = DEFINITIONAL_REPRESENTATION('',(#1444),#1447);
#1444 = B_SPLINE_CURVE_WITH_KNOTS('',1,(#1445,#1446),.UNSPECIFIED.,.F.,
  .F.,(2,2),(10.,11.),.PIECEWISE_BEZIER_KNOTS.);
#1445 = CARTESIAN_POINT('',(7.58560333417E-03,-1.015332898332E-02));
#1446 = CARTESIAN_POINT('',(8.501922895529E-03,-1.05478278082E-02));
#1447 = ( GEOMETRIC_REPRESENTATION_CONTEXT(2) 
PARAMETRIC_REPRESENTATION_CONTEXT() REPRESENTATION_CONTEXT('2D SPACE',''
  ) );
#1448 = ORIENTED_EDGE('',*,*,#1236,.F.);
#1449 = ADVANCED_FACE('',(#1450),#1386,.F.);
#1450 = FACE_BOUND('',#1451,.F.);
#1451 = EDGE_LOOP('',(#1452,#1473,#1548,#1567));
#1452 = ORIENTED_EDGE('',*,*,#1453,.T.);
#1453 = EDGE_CURVE('',#1335,#1454,#1456,.T.);
#1454 = VERTEX_POINT('',#1455);
#1455 = CARTESIAN_POINT('',(0.5378,5.034033153777E-03,6.774757480796E-03
    ));
#1456 = SURFACE_CURVE('',#1457,(#1460,#1467),.PCURVE_S1.);
#1457 = B_SPLINE_CURVE_WITH_KNOTS('',1,(#1458,#1459),.UNSPECIFIED.,.F.,
  .F.,(2,2),(11.,12.),.PIECEWISE_BEZIER_KNOTS.);
#1458 = CARTESIAN_POINT('',(0.5378,5.535364629139E-03,6.406708422145E-03
    ));
#1459 = CARTESIAN_POINT('',(0.5378,5.034033153777E-03,6.774757480796E-03
    ));
#1460 = PCURVE('',#1386,#1461);
#1461 = DEFINITIONAL_REPRESENTATION('',(#1462),#1466);
#1462 = LINE('',#1463,#1464);
#1463 = CARTESIAN_POINT('',(0.,0.));
#1464 = VECTOR('',#1465,1.);
#1465 = DIRECTION('',(1.,0.));
#1466 = ( GEOMETRIC_REPRESENTATION_CONTEXT(2) 
PARAMETRIC_REPRESENTATION_CONTEXT() REPRESENTATION_CONTEXT('2D SPACE',''
  ) );
#1467 = PCURVE('',#75,#1468);
#1468 = DEFINITIONAL_REPRESENTATION('',(#1469),#1472);
#1469 = B_SPLINE_CURVE_WITH_KNOTS('',1,(#1470,#1471),.UNSPECIFIED.,.F.,
  .F.,(2,2),(11.,12.),.PIECEWISE_BEZIER_KNOTS.);
#1470 = CARTESIAN_POINT('',(4.055677250774E-03,-6.712769167745E-03));
#1471 = CARTESIAN_POINT('',(4.627032689567E-03,-6.958424048267E-03));
#1472 = ( GEOMETRIC_REPRESENTATION_CONTEXT(2) 
PARAMETRIC_REPRESENTATION_CONTEXT() REPRESENTATION_CONTEXT('2D SPACE',''
  ) );
#1473 = ORIENTED_EDGE('',*,*,#1474,.T.);
#1474 = EDGE_CURVE('',#1454,#1475,#1477,.T.);
#1475 = VERTEX_POINT('',#1476);
#1476 = CARTESIAN_POINT('',(-1.0122,7.551049730665E-03,
    1.185582559139E-02));
#1477 = SURFACE_CURVE('',#1478,(#1497,#1504),.PCURVE_S1.);
#1478 = ( BOUNDED_CURVE() B_SPLINE_CURVE(3,(#1479,#1480,#1481,#1482,
    #1483,#1484,#1485,#1486,#1487,#1488,#1489,#1490,#1491,#1492,#1493,
#1494,#1495,#1496),.UNSPECIFIED.,.F.,.F.) B_SPLINE_CURVE_WITH_KNOTS((4,1
    ,1,1,1,1,1,1,1,1,1,1,1,1,1,4),(0.,3.281818483209E-02,
    8.331472171401E-02,0.163169600212,0.282607356412,0.362210128519,
    0.441821211418,0.521490445595,0.611262750889,0.691167944743,
    0.761109091848,0.800978053181,0.860692828618,0.910445018305,
0.96019726339,1.),.UNSPECIFIED.) CURVE() GEOMETRIC_REPRESENTATION_ITEM()
 RATIONAL_B_SPLINE_CURVE((1.,1.,1.,1.,1.,1.,1.,1.,1.,1.,1.,1.,1.,1.,
    0.999999999999,1.000000000004,0.999999999993,1.)) 
REPRESENTATION_ITEM('') );
#1479 = CARTESIAN_POINT('',(0.5378,5.034033153777E-03,6.774757480796E-03
    ));
#1480 = CARTESIAN_POINT('',(0.523430650188,1.080349430372E-02,
    1.592506071866E-02));
#1481 = CARTESIAN_POINT('',(0.483258792956,1.980140874565E-02,
    2.969496253328E-02));
#1482 = CARTESIAN_POINT('',(0.398489817948,2.60346391065E-02,
    3.939817461437E-02));
#1483 = CARTESIAN_POINT('',(0.269462582488,3.082394672638E-02,
    4.925763087744E-02));
#1484 = CARTESIAN_POINT('',(0.124451460313,3.189980260024E-02,
    5.051426240588E-02));
#1485 = CARTESIAN_POINT('',(-2.019705092663E-02,3.312437618266E-02,
    5.222442197645E-02));
#1486 = CARTESIAN_POINT('',(-0.144245251992,3.175455282597E-02,
    5.028819789638E-02));
#1487 = CARTESIAN_POINT('',(-0.273480101183,2.84976605579E-02,
    4.623641223424E-02));
#1488 = CARTESIAN_POINT('',(-0.402617556702,2.315117073853E-02,
    3.771227601712E-02));
#1489 = CARTESIAN_POINT('',(-0.526576732963,1.656812840882E-02,
    2.894661345811E-02));
#1490 = CARTESIAN_POINT('',(-0.624580534573,1.165092832414E-02,
    1.917369197105E-02));
#1491 = CARTESIAN_POINT('',(-0.712476506696,8.988850570232E-03,
    1.426924132446E-02));
#1492 = CARTESIAN_POINT('',(-0.790028640266,7.937898203764E-03,
    1.368945019677E-02));
#1493 = CARTESIAN_POINT('',(-0.872701839491,8.344920132907E-03,
    1.25763674295E-02));
#1494 = CARTESIAN_POINT('',(-0.945025744455,7.779182034897E-03,
    1.230978683292E-02));
#1495 = CARTESIAN_POINT('',(-0.991548335241,6.807245059444E-03,
    1.347307141573E-02));
#1496 = CARTESIAN_POINT('',(-1.0122,7.551049730665E-03,
    1.185582559139E-02));
#1497 = PCURVE('',#1386,#1498);
#1498 = DEFINITIONAL_REPRESENTATION('',(#1499),#1503);
#1499 = LINE('',#1500,#1501);
#1500 = CARTESIAN_POINT('',(12.,0.));
#1501 = VECTOR('',#1502,1.);
#1502 = DIRECTION('',(0.,1.));
#1503 = ( GEOMETRIC_REPRESENTATION_CONTEXT(2) 
PARAMETRIC_REPRESENTATION_CONTEXT() REPRESENTATION_CONTEXT('2D SPACE',''
  ) );
#1504 = PCURVE('',#1505,#1542);
#1505 = ( BOUNDED_SURFACE() B_SPLINE_SURFACE(1,3,(
    (#1506,#1507,#1508,#1509,#1510,#1511,#1512,#1513,#1514,#1515,#1516
      ,#1517,#1518,#1519,#1520,#1521,#1522,#1523)
    ,(#1524,#1525,#1526,#1527,#1528,#1529,#1530,#1531,#1532,#1533,#1534
      ,#1535,#1536,#1537,#1538,#1539,#1540,#1541
)),.UNSPECIFIED.,.F.,.F.,.F.) B_SPLINE_SURFACE_WITH_KNOTS((2,2),(4,1,1,1
    ,1,1,1,1,1,1,1,1,1,1,1,4),(12.,13.),(0.,3.281818483209E-02,
    8.331472171401E-02,0.163169600212,0.282607356412,0.362210128519,
    0.441821211418,0.521490445595,0.611262750889,0.691167944743,
    0.761109091848,0.800978053181,0.860692828618,0.910445018305,
0.96019726339,1.),.UNSPECIFIED.) GEOMETRIC_REPRESENTATION_ITEM() 
RATIONAL_B_SPLINE_SURFACE((
    (1.,1.,1.,1.,1.,1.,1.,1.,1.,1.,1.,1.,1.,1.,0.999999999999
      ,1.000000000004,0.999999999993,1.)
    ,(1.,1.,1.,1.,1.,1.,1.,1.,1.,1.,1.,1.,1.,1.,0.999999999999
,1.000000000004,0.999999999993,1.
  ))) REPRESENTATION_ITEM('') SURFACE() );
#1506 = CARTESIAN_POINT('',(0.5378,5.034033153777E-03,6.774757480796E-03
    ));
#1507 = CARTESIAN_POINT('',(0.523430650188,1.080349430372E-02,
    1.592506071866E-02));
#1508 = CARTESIAN_POINT('',(0.483258792956,1.980140874565E-02,
    2.969496253328E-02));
#1509 = CARTESIAN_POINT('',(0.398489817948,2.60346391065E-02,
    3.939817461437E-02));
#1510 = CARTESIAN_POINT('',(0.269462582488,3.082394672638E-02,
    4.925763087744E-02));
#1511 = CARTESIAN_POINT('',(0.124451460313,3.189980260024E-02,
    5.051426240588E-02));
#1512 = CARTESIAN_POINT('',(-2.019705092663E-02,3.312437618266E-02,
    5.222442197645E-02));
#1513 = CARTESIAN_POINT('',(-0.144245251992,3.175455282597E-02,
    5.028819789638E-02));
#1514 = CARTESIAN_POINT('',(-0.273480101183,2.84976605579E-02,
    4.623641223424E-02));
#1515 = CARTESIAN_POINT('',(-0.402617556702,2.315117073853E-02,
    3.771227601712E-02));
#1516 = CARTESIAN_POINT('',(-0.526576732963,1.656812840882E-02,
    2.894661345811E-02));
#1517 = CARTESIAN_POINT('',(-0.624580534573,1.165092832414E-02,
    1.917369197105E-02));
#1518 = CARTESIAN_POINT('',(-0.712476506696,8.988850570232E-03,
    1.426924132446E-02));
#1519 = CARTESIAN_POINT('',(-0.790028640266,7.937898203764E-03,
    1.368945019677E-02));
#1520 = CARTESIAN_POINT('',(-0.872701839491,8.344920132907E-03,
    1.25763674295E-02));
#1521 = CARTESIAN_POINT('',(-0.945025744455,7.779182034897E-03,
    1.230978683292E-02));
#1522 = CARTESIAN_POINT('',(-0.991548335241,6.807245059444E-03,
    1.347307141573E-02));
#1523 = CARTESIAN_POINT('',(-1.0122,7.551049730665E-03,
    1.185582559139E-02));
#1524 = CARTESIAN_POINT('',(0.5378,4.489848193237E-03,7.096303477462E-03
    ));
#1525 = CARTESIAN_POINT('',(0.523430650188,9.63562374312E-03,
    1.668090172633E-02));
#1526 = CARTESIAN_POINT('',(0.483258792956,1.766085295118E-02,
    3.110435561497E-02));
#1527 = CARTESIAN_POINT('',(0.398489817948,2.322026370967E-02,
    4.126810506711E-02));
#1528 = CARTESIAN_POINT('',(0.269462582488,2.749184148977E-02,
    5.159551441921E-02));
#1529 = CARTESIAN_POINT('',(0.124451460313,2.845139606637E-02,
    5.291178864902E-02));
#1530 = CARTESIAN_POINT('',(-2.019705092663E-02,2.954359179066E-02,
    5.470311643339E-02));
#1531 = CARTESIAN_POINT('',(-0.144245251992,2.832184796514E-02,
    5.267499458378E-02));
#1532 = CARTESIAN_POINT('',(-0.273480101183,2.541702961796E-02,
    4.843090160102E-02));
#1533 = CARTESIAN_POINT('',(-0.402617556702,2.064850169565E-02,
    3.950218973917E-02));
#1534 = CARTESIAN_POINT('',(-0.526576732963,1.477709405745E-02,
    3.03204881246E-02));
#1535 = CARTESIAN_POINT('',(-0.624580534573,1.039144913983E-02,
    2.008372069341E-02));
#1536 = CARTESIAN_POINT('',(-0.712476506696,8.017145151649E-03,
    1.494649323147E-02));
#1537 = CARTESIAN_POINT('',(-0.790028640266,7.079801983729E-03,
    1.433918384695E-02));
#1538 = CARTESIAN_POINT('',(-0.872701839491,7.442824359105E-03,
    1.317327154184E-02));
#1539 = CARTESIAN_POINT('',(-0.945025744455,6.938243221133E-03,
    1.289403839977E-02));
#1540 = CARTESIAN_POINT('',(-0.991548335241,6.071373786703E-03,
    1.411253521846E-02));
#1541 = CARTESIAN_POINT('',(-1.0122,6.734772289856E-03,
    1.241853108556E-02));
#1542 = DEFINITIONAL_REPRESENTATION('',(#1543),#1547);
#1543 = LINE('',#1544,#1545);
#1544 = CARTESIAN_POINT('',(12.,0.));
#1545 = VECTOR('',#1546,1.);
#1546 = DIRECTION('',(0.,1.));
#1547 = ( GEOMETRIC_REPRESENTATION_CONTEXT(2) 
PARAMETRIC_REPRESENTATION_CONTEXT() REPRESENTATION_CONTEXT('2D SPACE',''
  ) );
#1548 = ORIENTED_EDGE('',*,*,#1549,.F.);
#1549 = EDGE_CURVE('',#1356,#1475,#1550,.T.);
#1550 = SURFACE_CURVE('',#1551,(#1554,#1561),.PCURVE_S1.);
#1551 = B_SPLINE_CURVE_WITH_KNOTS('',1,(#1552,#1553),.UNSPECIFIED.,.F.,
  .F.,(2,2),(11.,12.),.PIECEWISE_BEZIER_KNOTS.);
#1552 = CARTESIAN_POINT('',(-1.0122,8.303046943709E-03,
    1.121173973875E-02));
#1553 = CARTESIAN_POINT('',(-1.0122,7.551049730665E-03,
    1.185582559139E-02));
#1554 = PCURVE('',#1386,#1555);
#1555 = DEFINITIONAL_REPRESENTATION('',(#1556),#1560);
#1556 = LINE('',#1557,#1558);
#1557 = CARTESIAN_POINT('',(0.,1.));
#1558 = VECTOR('',#1559,1.);
#1559 = DIRECTION('',(1.,0.));
#1560 = ( GEOMETRIC_REPRESENTATION_CONTEXT(2) 
PARAMETRIC_REPRESENTATION_CONTEXT() REPRESENTATION_CONTEXT('2D SPACE',''
  ) );
#1561 = PCURVE('',#176,#1562);
#1562 = DEFINITIONAL_REPRESENTATION('',(#1563),#1566);
#1563 = B_SPLINE_CURVE_WITH_KNOTS('',1,(#1564,#1565),.UNSPECIFIED.,.F.,
  .F.,(2,2),(11.,12.),.PIECEWISE_BEZIER_KNOTS.);
#1564 = CARTESIAN_POINT('',(8.501922895529E-03,-1.05478278082E-02));
#1565 = CARTESIAN_POINT('',(9.446849285432E-03,-1.084356504235E-02));
#1566 = ( GEOMETRIC_REPRESENTATION_CONTEXT(2) 
PARAMETRIC_REPRESENTATION_CONTEXT() REPRESENTATION_CONTEXT('2D SPACE',''
  ) );
#1567 = ORIENTED_EDGE('',*,*,#1355,.F.);
#1568 = ADVANCED_FACE('',(#1569),#1505,.F.);
#1569 = FACE_BOUND('',#1570,.F.);
#1570 = EDGE_LOOP('',(#1571,#1592,#1667,#1686));
#1571 = ORIENTED_EDGE('',*,*,#1572,.T.);
#1572 = EDGE_CURVE('',#1454,#1573,#1575,.T.);
#1573 = VERTEX_POINT('',#1574);
#1574 = CARTESIAN_POINT('',(0.5378,4.489848193237E-03,7.096303477462E-03
    ));
#1575 = SURFACE_CURVE('',#1576,(#1579,#1586),.PCURVE_S1.);
#1576 = B_SPLINE_CURVE_WITH_KNOTS('',1,(#1577,#1578),.UNSPECIFIED.,.F.,
  .F.,(2,2),(12.,13.),.PIECEWISE_BEZIER_KNOTS.);
#1577 = CARTESIAN_POINT('',(0.5378,5.034033153777E-03,6.774757480796E-03
    ));
#1578 = CARTESIAN_POINT('',(0.5378,4.489848193237E-03,7.096303477462E-03
    ));
#1579 = PCURVE('',#1505,#1580);
#1580 = DEFINITIONAL_REPRESENTATION('',(#1581),#1585);
#1581 = LINE('',#1582,#1583);
#1582 = CARTESIAN_POINT('',(0.,0.));
#1583 = VECTOR('',#1584,1.);
#1584 = DIRECTION('',(1.,0.));
#1585 = ( GEOMETRIC_REPRESENTATION_CONTEXT(2) 
PARAMETRIC_REPRESENTATION_CONTEXT() REPRESENTATION_CONTEXT('2D SPACE',''
  ) );
#1586 = PCURVE('',#75,#1587);
#1587 = DEFINITIONAL_REPRESENTATION('',(#1588),#1591);
#1588 = B_SPLINE_CURVE_WITH_KNOTS('',1,(#1589,#1590),.UNSPECIFIED.,.F.,
  .F.,(2,2),(12.,13.),.PIECEWISE_BEZIER_KNOTS.);
#1589 = CARTESIAN_POINT('',(4.627032689567E-03,-6.958424048267E-03));
#1590 = CARTESIAN_POINT('',(5.229664471038E-03,-7.149117611897E-03));
#1591 = ( GEOMETRIC_REPRESENTATION_CONTEXT(2) 
PARAMETRIC_REPRESENTATION_CONTEXT() REPRESENTATION_CONTEXT('2D SPACE',''
  ) );
#1592 = ORIENTED_EDGE('',*,*,#1593,.T.);
#1593 = EDGE_CURVE('',#1573,#1594,#1596,.T.);
#1594 = VERTEX_POINT('',#1595);
#1595 = CARTESIAN_POINT('',(-1.0122,6.734772289856E-03,
    1.241853108556E-02));
#1596 = SURFACE_CURVE('',#1597,(#1616,#1623),.PCURVE_S1.);
#1597 = ( BOUNDED_CURVE() B_SPLINE_CURVE(3,(#1598,#1599,#1600,#1601,
    #1602,#1603,#1604,#1605,#1606,#1607,#1608,#1609,#1610,#1611,#1612,
#1613,#1614,#1615),.UNSPECIFIED.,.F.,.F.) B_SPLINE_CURVE_WITH_KNOTS((4,1
    ,1,1,1,1,1,1,1,1,1,1,1,1,1,4),(0.,3.281818483209E-02,
    8.331472171401E-02,0.163169600212,0.282607356412,0.362210128519,
    0.441821211418,0.521490445595,0.611262750889,0.691167944743,
    0.761109091848,0.800978053181,0.860692828618,0.910445018305,
0.96019726339,1.),.UNSPECIFIED.) CURVE() GEOMETRIC_REPRESENTATION_ITEM()
 RATIONAL_B_SPLINE_CURVE((1.,1.,1.,1.,1.,1.,1.,1.,1.,1.,1.,1.,1.,1.,
    0.999999999999,1.000000000004,0.999999999993,1.)) 
REPRESENTATION_ITEM('') );
#1598 = CARTESIAN_POINT('',(0.5378,4.489848193237E-03,7.096303477462E-03
    ));
#1599 = CARTESIAN_POINT('',(0.523430650188,9.63562374312E-03,
    1.668090172633E-02));
#1600 = CARTESIAN_POINT('',(0.483258792956,1.766085295118E-02,
    3.110435561497E-02));
#1601 = CARTESIAN_POINT('',(0.398489817948,2.322026370967E-02,
    4.126810506711E-02));
#1602 = CARTESIAN_POINT('',(0.269462582488,2.749184148977E-02,
    5.159551441921E-02));
#1603 = CARTESIAN_POINT('',(0.124451460313,2.845139606637E-02,
    5.291178864902E-02));
#1604 = CARTESIAN_POINT('',(-2.019705092663E-02,2.954359179066E-02,
    5.470311643339E-02));
#1605 = CARTESIAN_POINT('',(-0.144245251992,2.832184796514E-02,
    5.267499458378E-02));
#1606 = CARTESIAN_POINT('',(-0.273480101183,2.541702961796E-02,
    4.843090160102E-02));
#1607 = CARTESIAN_POINT('',(-0.402617556702,2.064850169565E-02,
    3.950218973917E-02));
#1608 = CARTESIAN_POINT('',(-0.526576732963,1.477709405745E-02,
    3.03204881246E-02));
#1609 = CARTESIAN_POINT('',(-0.624580534573,1.039144913983E-02,
    2.008372069341E-02));
#1610 = CARTESIAN_POINT('',(-0.712476506696,8.017145151649E-03,
    1.494649323147E-02));
#1611 = CARTESIAN_POINT('',(-0.790028640266,7.079801983729E-03,
    1.433918384695E-02));
#1612 = CARTESIAN_POINT('',(-0.872701839491,7.442824359105E-03,
    1.317327154184E-02));
#1613 = CARTESIAN_POINT('',(-0.945025744455,6.938243221133E-03,
    1.289403839977E-02));
#1614 = CARTESIAN_POINT('',(-0.991548335241,6.071373786703E-03,
    1.411253521846E-02));
#1615 = CARTESIAN_POINT('',(-1.0122,6.734772289856E-03,
    1.241853108556E-02));
#1616 = PCURVE('',#1505,#1617);
#1617 = DEFINITIONAL_REPRESENTATION('',(#1618),#1622);
#1618 = LINE('',#1619,#1620);
#1619 = CARTESIAN_POINT('',(13.,0.));
#1620 = VECTOR('',#1621,1.);
#1621 = DIRECTION('',(0.,1.));
#1622 = ( GEOMETRIC_REPRESENTATION_CONTEXT(2) 
PARAMETRIC_REPRESENTATION_CONTEXT() REPRESENTATION_CONTEXT('2D SPACE',''
  ) );
#1623 = PCURVE('',#1624,#1661);
#1624 = ( BOUNDED_SURFACE() B_SPLINE_SURFACE(1,3,(
    (#1625,#1626,#1627,#1628,#1629,#1630,#1631,#1632,#1633,#1634,#1635
      ,#1636,#1637,#1638,#1639,#1640,#1641,#1642)
    ,(#1643,#1644,#1645,#1646,#1647,#1648,#1649,#1650,#1651,#1652,#1653
      ,#1654,#1655,#1656,#1657,#1658,#1659,#1660
)),.UNSPECIFIED.,.F.,.F.,.F.) B_SPLINE_SURFACE_WITH_KNOTS((2,2),(4,1,1,1
    ,1,1,1,1,1,1,1,1,1,1,1,4),(13.,14.),(0.,3.281818483209E-02,
    8.331472171401E-02,0.163169600212,0.282607356412,0.362210128519,
    0.441821211418,0.521490445595,0.611262750889,0.691167944743,
    0.761109091848,0.800978053181,0.860692828618,0.910445018305,
0.96019726339,1.),.UNSPECIFIED.) GEOMETRIC_REPRESENTATION_ITEM() 
RATIONAL_B_SPLINE_SURFACE((
    (1.,1.,1.,1.,1.,1.,1.,1.,1.,1.,1.,1.,1.,1.,0.999999999999
      ,1.000000000004,0.999999999993,1.)
    ,(1.,1.,1.,1.,1.,1.,1.,1.,1.,1.,1.,1.,1.,1.,0.999999999999
,1.000000000004,0.999999999993,1.
  ))) REPRESENTATION_ITEM('') SURFACE() );
#1625 = CARTESIAN_POINT('',(0.5378,4.489848193237E-03,7.096303477462E-03
    ));
#1626 = CARTESIAN_POINT('',(0.523430650188,9.63562374312E-03,
    1.668090172633E-02));
#1627 = CARTESIAN_POINT('',(0.483258792956,1.766085295118E-02,
    3.110435561497E-02));
#1628 = CARTESIAN_POINT('',(0.398489817948,2.322026370967E-02,
    4.126810506711E-02));
#1629 = CARTESIAN_POINT('',(0.269462582488,2.749184148977E-02,
    5.159551441921E-02));
#1630 = CARTESIAN_POINT('',(0.124451460313,2.845139606637E-02,
    5.291178864902E-02));
#1631 = CARTESIAN_POINT('',(-2.019705092663E-02,2.954359179066E-02,
    5.470311643339E-02));
#1632 = CARTESIAN_POINT('',(-0.144245251992,2.832184796514E-02,
    5.267499458378E-02));
#1633 = CARTESIAN_POINT('',(-0.273480101183,2.541702961796E-02,
    4.843090160102E-02));
#1634 = CARTESIAN_POINT('',(-0.402617556702,2.064850169565E-02,
    3.950218973917E-02));
#1635 = CARTESIAN_POINT('',(-0.526576732963,1.477709405745E-02,
    3.03204881246E-02));
#1636 = CARTESIAN_POINT('',(-0.624580534573,1.039144913983E-02,
    2.008372069341E-02));
#1637 = CARTESIAN_POINT('',(-0.712476506696,8.017145151649E-03,
    1.494649323147E-02));
#1638 = CARTESIAN_POINT('',(-0.790028640266,7.079801983729E-03,
    1.433918384695E-02));
#1639 = CARTESIAN_POINT('',(-0.872701839491,7.442824359105E-03,
    1.317327154184E-02));
#1640 = CARTESIAN_POINT('',(-0.945025744455,6.938243221133E-03,
    1.289403839977E-02));
#1641 = CARTESIAN_POINT('',(-0.991548335241,6.071373786703E-03,
    1.411253521846E-02));
#1642 = CARTESIAN_POINT('',(-1.0122,6.734772289856E-03,
    1.241853108556E-02));
#1643 = CARTESIAN_POINT('',(0.5378,3.902835109119E-03,7.37032117154E-03)
  );
#1644 = CARTESIAN_POINT('',(0.523430650188,8.375840122967E-03,
    1.73250204905E-02));
#1645 = CARTESIAN_POINT('',(0.483258792956,1.535183239796E-02,
    3.230542372438E-02));
#1646 = CARTESIAN_POINT('',(0.398489817948,2.018439300144E-02,
    4.286163767537E-02));
#1647 = CARTESIAN_POINT('',(0.269462582488,2.389749487348E-02,
    5.358783111351E-02));
#1648 = CARTESIAN_POINT('',(0.124451460313,2.473159507676E-02,
    5.495493214777E-02));
#1649 = CARTESIAN_POINT('',(-2.019705092663E-02,2.568099461887E-02,
    5.681543052361E-02));
#1650 = CARTESIAN_POINT('',(-0.144245251992,2.461898439238E-02,
    5.470899448207E-02));
#1651 = CARTESIAN_POINT('',(-0.273480101183,2.209394868003E-02,
    5.030101947591E-02));
#1652 = CARTESIAN_POINT('',(-0.402617556702,1.794886907087E-02,
    4.102753303625E-02));
#1653 = CARTESIAN_POINT('',(-0.526576732963,1.284510277765E-02,
    3.149128786078E-02));
#1654 = CARTESIAN_POINT('',(-0.624580534573,9.032847168115E-03,
    2.085923640387E-02));
#1655 = CARTESIAN_POINT('',(-0.712476506696,6.968965146723E-03,
    1.55236392939E-02));
#1656 = CARTESIAN_POINT('',(-0.790028640266,6.154172381456E-03,
    1.489287917657E-02));
#1657 = CARTESIAN_POINT('',(-0.872701839491,6.469732376104E-03,
    1.368194616404E-02));
#1658 = CARTESIAN_POINT('',(-0.945025744455,6.031121337311E-03,
    1.339193067339E-02));
#1659 = CARTESIAN_POINT('',(-0.991548335241,5.277588407155E-03,
    1.465747870421E-02));
#1660 = CARTESIAN_POINT('',(-1.0122,5.854252663679E-03,
    1.289806205019E-02));
#1661 = DEFINITIONAL_REPRESENTATION('',(#1662),#1666);
#1662 = LINE('',#1663,#1664);
#1663 = CARTESIAN_POINT('',(13.,0.));
#1664 = VECTOR('',#1665,1.);
#1665 = DIRECTION('',(0.,1.));
#1666 = ( GEOMETRIC_REPRESENTATION_CONTEXT(2) 
PARAMETRIC_REPRESENTATION_CONTEXT() REPRESENTATION_CONTEXT('2D SPACE',''
  ) );
#1667 = ORIENTED_EDGE('',*,*,#1668,.F.);
#1668 = EDGE_CURVE('',#1475,#1594,#1669,.T.);
#1669 = SURFACE_CURVE('',#1670,(#1673,#1680),.PCURVE_S1.);
#1670 = B_SPLINE_CURVE_WITH_KNOTS('',1,(#1671,#1672),.UNSPECIFIED.,.F.,
  .F.,(2,2),(12.,13.),.PIECEWISE_BEZIER_KNOTS.);
#1671 = CARTESIAN_POINT('',(-1.0122,7.551049730665E-03,
    1.185582559139E-02));
#1672 = CARTESIAN_POINT('',(-1.0122,6.734772289856E-03,
    1.241853108556E-02));
#1673 = PCURVE('',#1505,#1674);
#1674 = DEFINITIONAL_REPRESENTATION('',(#1675),#1679);
#1675 = LINE('',#1676,#1677);
#1676 = CARTESIAN_POINT('',(0.,1.));
#1677 = VECTOR('',#1678,1.);
#1678 = DIRECTION('',(1.,0.));
#1679 = ( GEOMETRIC_REPRESENTATION_CONTEXT(2) 
PARAMETRIC_REPRESENTATION_CONTEXT() REPRESENTATION_CONTEXT('2D SPACE',''
  ) );
#1680 = PCURVE('',#176,#1681);
#1681 = DEFINITIONAL_REPRESENTATION('',(#1682),#1685);
#1682 = B_SPLINE_CURVE_WITH_KNOTS('',1,(#1683,#1684),.UNSPECIFIED.,.F.,
  .F.,(2,2),(12.,13.),.PIECEWISE_BEZIER_KNOTS.);
#1683 = CARTESIAN_POINT('',(9.446849285432E-03,-1.084356504235E-02));
#1684 = CARTESIAN_POINT('',(1.041879648003E-02,-1.103917941926E-02));
#1685 = ( GEOMETRIC_REPRESENTATION_CONTEXT(2) 
PARAMETRIC_REPRESENTATION_CONTEXT() REPRESENTATION_CONTEXT('2D SPACE',''
  ) );
#1686 = ORIENTED_EDGE('',*,*,#1474,.F.);
#1687 = ADVANCED_FACE('',(#1688),#1624,.F.);
#1688 = FACE_BOUND('',#1689,.F.);
#1689 = EDGE_LOOP('',(#1690,#1711,#1786,#1805));
#1690 = ORIENTED_EDGE('',*,*,#1691,.T.);
#1691 = EDGE_CURVE('',#1573,#1692,#1694,.T.);
#1692 = VERTEX_POINT('',#1693);
#1693 = CARTESIAN_POINT('',(0.5378,3.902835109119E-03,7.37032117154E-03)
  );
#1694 = SURFACE_CURVE('',#1695,(#1698,#1705),.PCURVE_S1.);
#1695 = B_SPLINE_CURVE_WITH_KNOTS('',1,(#1696,#1697),.UNSPECIFIED.,.F.,
  .F.,(2,2),(13.,14.),.PIECEWISE_BEZIER_KNOTS.);
#1696 = CARTESIAN_POINT('',(0.5378,4.489848193237E-03,7.096303477462E-03
    ));
#1697 = CARTESIAN_POINT('',(0.5378,3.902835109119E-03,7.37032117154E-03)
  );
#1698 = PCURVE('',#1624,#1699);
#1699 = DEFINITIONAL_REPRESENTATION('',(#1700),#1704);
#1700 = LINE('',#1701,#1702);
#1701 = CARTESIAN_POINT('',(0.,0.));
#1702 = VECTOR('',#1703,1.);
#1703 = DIRECTION('',(1.,0.));
#1704 = ( GEOMETRIC_REPRESENTATION_CONTEXT(2) 
PARAMETRIC_REPRESENTATION_CONTEXT() REPRESENTATION_CONTEXT('2D SPACE',''
  ) );
#1705 = PCURVE('',#75,#1706);
#1706 = DEFINITIONAL_REPRESENTATION('',(#1707),#1710);
#1707 = B_SPLINE_CURVE_WITH_KNOTS('',1,(#1708,#1709),.UNSPECIFIED.,.F.,
  .F.,(2,2),(13.,14.),.PIECEWISE_BEZIER_KNOTS.);
#1708 = CARTESIAN_POINT('',(5.229664471038E-03,-7.149117611897E-03));
#1709 = CARTESIAN_POINT('',(5.863316931189E-03,-7.283856683211E-03));
#1710 = ( GEOMETRIC_REPRESENTATION_CONTEXT(2) 
PARAMETRIC_REPRESENTATION_CONTEXT() REPRESENTATION_CONTEXT('2D SPACE',''
  ) );
#1711 = ORIENTED_EDGE('',*,*,#1712,.T.);
#1712 = EDGE_CURVE('',#1692,#1713,#1715,.T.);
#1713 = VERTEX_POINT('',#1714);
#1714 = CARTESIAN_POINT('',(-1.0122,5.854252663679E-03,
    1.289806205019E-02));
#1715 = SURFACE_CURVE('',#1716,(#1735,#1742),.PCURVE_S1.);
#1716 = ( BOUNDED_CURVE() B_SPLINE_CURVE(3,(#1717,#1718,#1719,#1720,
    #1721,#1722,#1723,#1724,#1725,#1726,#1727,#1728,#1729,#1730,#1731,
#1732,#1733,#1734),.UNSPECIFIED.,.F.,.F.) B_SPLINE_CURVE_WITH_KNOTS((4,1
    ,1,1,1,1,1,1,1,1,1,1,1,1,1,4),(0.,3.281818483209E-02,
    8.331472171401E-02,0.163169600212,0.282607356412,0.362210128519,
    0.441821211418,0.521490445595,0.611262750889,0.691167944743,
    0.761109091848,0.800978053181,0.860692828618,0.910445018305,
0.96019726339,1.),.UNSPECIFIED.) CURVE() GEOMETRIC_REPRESENTATION_ITEM()
 RATIONAL_B_SPLINE_CURVE((1.,1.,1.,1.,1.,1.,1.,1.,1.,1.,1.,1.,1.,1.,
    0.999999999999,1.000000000004,0.999999999993,1.)) 
REPRESENTATION_ITEM('') );
#1717 = CARTESIAN_POINT('',(0.5378,3.902835109119E-03,7.37032117154E-03)
  );
#1718 = CARTESIAN_POINT('',(0.523430650188,8.375840122967E-03,
    1.73250204905E-02));
#1719 = CARTESIAN_POINT('',(0.483258792956,1.535183239796E-02,
    3.230542372438E-02));
#1720 = CARTESIAN_POINT('',(0.398489817948,2.018439300144E-02,
    4.286163767537E-02));
#1721 = CARTESIAN_POINT('',(0.269462582488,2.389749487348E-02,
    5.358783111351E-02));
#1722 = CARTESIAN_POINT('',(0.124451460313,2.473159507676E-02,
    5.495493214777E-02));
#1723 = CARTESIAN_POINT('',(-2.019705092663E-02,2.568099461887E-02,
    5.681543052361E-02));
#1724 = CARTESIAN_POINT('',(-0.144245251992,2.461898439238E-02,
    5.470899448207E-02));
#1725 = CARTESIAN_POINT('',(-0.273480101183,2.209394868003E-02,
    5.030101947591E-02));
#1726 = CARTESIAN_POINT('',(-0.402617556702,1.794886907087E-02,
    4.102753303625E-02));
#1727 = CARTESIAN_POINT('',(-0.526576732963,1.284510277765E-02,
    3.149128786078E-02));
#1728 = CARTESIAN_POINT('',(-0.624580534573,9.032847168115E-03,
    2.085923640387E-02));
#1729 = CARTESIAN_POINT('',(-0.712476506696,6.968965146723E-03,
    1.55236392939E-02));
#1730 = CARTESIAN_POINT('',(-0.790028640266,6.154172381456E-03,
    1.489287917657E-02));
#1731 = CARTESIAN_POINT('',(-0.872701839491,6.469732376104E-03,
    1.368194616404E-02));
#1732 = CARTESIAN_POINT('',(-0.945025744455,6.031121337311E-03,
    1.339193067339E-02));
#1733 = CARTESIAN_POINT('',(-0.991548335241,5.277588407155E-03,
    1.465747870421E-02));
#1734 = CARTESIAN_POINT('',(-1.0122,5.854252663679E-03,
    1.289806205019E-02));
#1735 = PCURVE('',#1624,#1736);
#1736 = DEFINITIONAL_REPRESENTATION('',(#1737),#1741);
#1737 = LINE('',#1738,#1739);
#1738 = CARTESIAN_POINT('',(14.,0.));
#1739 = VECTOR('',#1740,1.);
#1740 = DIRECTION('',(0.,1.));
#1741 = ( GEOMETRIC_REPRESENTATION_CONTEXT(2) 
PARAMETRIC_REPRESENTATION_CONTEXT() REPRESENTATION_CONTEXT('2D SPACE',''
  ) );
#1742 = PCURVE('',#1743,#1780);
#1743 = ( BOUNDED_SURFACE() B_SPLINE_SURFACE(1,3,(
    (#1744,#1745,#1746,#1747,#1748,#1749,#1750,#1751,#1752,#1753,#1754
      ,#1755,#1756,#1757,#1758,#1759,#1760,#1761)
    ,(#1762,#1763,#1764,#1765,#1766,#1767,#1768,#1769,#1770,#1771,#1772
      ,#1773,#1774,#1775,#1776,#1777,#1778,#1779
)),.UNSPECIFIED.,.F.,.F.,.F.) B_SPLINE_SURFACE_WITH_KNOTS((2,2),(4,1,1,1
    ,1,1,1,1,1,1,1,1,1,1,1,4),(14.,15.),(0.,3.281818483209E-02,
    8.331472171401E-02,0.163169600212,0.282607356412,0.362210128519,
    0.441821211418,0.521490445595,0.611262750889,0.691167944743,
    0.761109091848,0.800978053181,0.860692828618,0.910445018305,
0.96019726339,1.),.UNSPECIFIED.) GEOMETRIC_REPRESENTATION_ITEM() 
RATIONAL_B_SPLINE_SURFACE((
    (1.,1.,1.,1.,1.,1.,1.,1.,1.,1.,1.,1.,1.,1.,0.999999999999
      ,1.000000000004,0.999999999993,1.)
    ,(1.,1.,1.,1.,1.,1.,1.,1.,1.,1.,1.,1.,1.,1.,0.999999999999
,1.000000000004,0.999999999993,1.
  ))) REPRESENTATION_ITEM('') SURFACE() );
#1744 = CARTESIAN_POINT('',(0.5378,3.902835109119E-03,7.37032117154E-03)
  );
#1745 = CARTESIAN_POINT('',(0.523430650188,8.375840122967E-03,
    1.73250204905E-02));
#1746 = CARTESIAN_POINT('',(0.483258792956,1.535183239796E-02,
    3.230542372438E-02));
#1747 = CARTESIAN_POINT('',(0.398489817948,2.018439300144E-02,
    4.286163767537E-02));
#1748 = CARTESIAN_POINT('',(0.269462582488,2.389749487348E-02,
    5.358783111351E-02));
#1749 = CARTESIAN_POINT('',(0.124451460313,2.473159507676E-02,
    5.495493214777E-02));
#1750 = CARTESIAN_POINT('',(-2.019705092663E-02,2.568099461887E-02,
    5.681543052361E-02));
#1751 = CARTESIAN_POINT('',(-0.144245251992,2.461898439238E-02,
    5.470899448207E-02));
#1752 = CARTESIAN_POINT('',(-0.273480101183,2.209394868003E-02,
    5.030101947591E-02));
#1753 = CARTESIAN_POINT('',(-0.402617556702,1.794886907087E-02,
    4.102753303625E-02));
#1754 = CARTESIAN_POINT('',(-0.526576732963,1.284510277765E-02,
    3.149128786078E-02));
#1755 = CARTESIAN_POINT('',(-0.624580534573,9.032847168115E-03,
    2.085923640387E-02));
#1756 = CARTESIAN_POINT('',(-0.712476506696,6.968965146723E-03,
    1.55236392939E-02));
#1757 = CARTESIAN_POINT('',(-0.790028640266,6.154172381456E-03,
    1.489287917657E-02));
#1758 = CARTESIAN_POINT('',(-0.872701839491,6.469732376104E-03,
    1.368194616404E-02));
#1759 = CARTESIAN_POINT('',(-0.945025744455,6.031121337311E-03,
    1.339193067339E-02));
#1760 = CARTESIAN_POINT('',(-0.991548335241,5.277588407155E-03,
    1.465747870421E-02));
#1761 = CARTESIAN_POINT('',(-1.0122,5.854252663679E-03,
    1.289806205019E-02));
#1762 = CARTESIAN_POINT('',(0.5378,3.271897758377E-03,7.595881263534E-03
    ));
#1763 = CARTESIAN_POINT('',(0.523430650188,7.021791020273E-03,
    1.785523255654E-02));
#1764 = CARTESIAN_POINT('',(0.483258792956,1.287003539876E-02,
    3.329409357709E-02));
#1765 = CARTESIAN_POINT('',(0.398489817948,1.692135803055E-02,
    4.417336815659E-02));
#1766 = CARTESIAN_POINT('',(0.269462582488,2.003419507134E-02,
    5.522782424737E-02));
#1767 = CARTESIAN_POINT('',(0.124451460313,2.07334535614E-02,
    5.663676381593E-02));
#1768 = CARTESIAN_POINT('',(-2.019705092663E-02,2.152937195067E-02,
    5.855420057682E-02));
#1769 = CARTESIAN_POINT('',(-0.144245251992,2.063904766531E-02,
    5.638329951452E-02));
#1770 = CARTESIAN_POINT('',(-0.273480101183,1.852221247856E-02,
    5.18404235692E-02));
#1771 = CARTESIAN_POINT('',(-0.402617556702,1.504723177803E-02,
    4.228313288197E-02));
#1772 = CARTESIAN_POINT('',(-0.526576732963,1.076854691763E-02,
    3.245504203398E-02));
#1773 = CARTESIAN_POINT('',(-0.624580534573,7.572585460262E-03,
    2.149760903006E-02));
#1774 = CARTESIAN_POINT('',(-0.712476506696,5.842353264808E-03,
    1.599872218726E-02));
#1775 = CARTESIAN_POINT('',(-0.790028640266,5.159280947458E-03,
    1.534865839147E-02));
#1776 = CARTESIAN_POINT('',(-0.872701839491,5.423827106919E-03,
    1.4100666185E-02));
#1777 = CARTESIAN_POINT('',(-0.945025744455,5.056122493603E-03,
    1.380177510818E-02));
#1778 = CARTESIAN_POINT('',(-0.991548335241,4.424406667518E-03,
    1.510605376191E-02));
#1779 = CARTESIAN_POINT('',(-1.0122,4.907846637565E-03,
    1.329279221118E-02));
#1780 = DEFINITIONAL_REPRESENTATION('',(#1781),#1785);
#1781 = LINE('',#1782,#1783);
#1782 = CARTESIAN_POINT('',(14.,0.));
#1783 = VECTOR('',#1784,1.);
#1784 = DIRECTION('',(0.,1.));
#1785 = ( GEOMETRIC_REPRESENTATION_CONTEXT(2) 
PARAMETRIC_REPRESENTATION_CONTEXT() REPRESENTATION_CONTEXT('2D SPACE',''
  ) );
#1786 = ORIENTED_EDGE('',*,*,#1787,.F.);
#1787 = EDGE_CURVE('',#1594,#1713,#1788,.T.);
#1788 = SURFACE_CURVE('',#1789,(#1792,#1799),.PCURVE_S1.);
#1789 = B_SPLINE_CURVE_WITH_KNOTS('',1,(#1790,#1791),.UNSPECIFIED.,.F.,
  .F.,(2,2),(13.,14.),.PIECEWISE_BEZIER_KNOTS.);
#1790 = CARTESIAN_POINT('',(-1.0122,6.734772289856E-03,
    1.241853108556E-02));
#1791 = CARTESIAN_POINT('',(-1.0122,5.854252663679E-03,
    1.289806205019E-02));
#1792 = PCURVE('',#1624,#1793);
#1793 = DEFINITIONAL_REPRESENTATION('',(#1794),#1798);
#1794 = LINE('',#1795,#1796);
#1795 = CARTESIAN_POINT('',(0.,1.));
#1796 = VECTOR('',#1797,1.);
#1797 = DIRECTION('',(1.,0.));
#1798 = ( GEOMETRIC_REPRESENTATION_CONTEXT(2) 
PARAMETRIC_REPRESENTATION_CONTEXT() REPRESENTATION_CONTEXT('2D SPACE',''
  ) );
#1799 = PCURVE('',#176,#1800);
#1800 = DEFINITIONAL_REPRESENTATION('',(#1801),#1804);
#1801 = B_SPLINE_CURVE_WITH_KNOTS('',1,(#1802,#1803),.UNSPECIFIED.,.F.,
  .F.,(2,2),(13.,14.),.PIECEWISE_BEZIER_KNOTS.);
#1802 = CARTESIAN_POINT('',(1.041879648003E-02,-1.103917941926E-02));
#1803 = CARTESIAN_POINT('',(1.141702267665E-02,-1.113303685638E-02));
#1804 = ( GEOMETRIC_REPRESENTATION_CONTEXT(2) 
PARAMETRIC_REPRESENTATION_CONTEXT() REPRESENTATION_CONTEXT('2D SPACE',''
  ) );
#1805 = ORIENTED_EDGE('',*,*,#1593,.F.);
#1806 = ADVANCED_FACE('',(#1807),#1743,.F.);
#1807 = FACE_BOUND('',#1808,.F.);
#1808 = EDGE_LOOP('',(#1809,#1830,#1905,#1924));
#1809 = ORIENTED_EDGE('',*,*,#1810,.T.);
#1810 = EDGE_CURVE('',#1692,#1811,#1813,.T.);
#1811 = VERTEX_POINT('',#1812);
#1812 = CARTESIAN_POINT('',(0.5378,3.271897758377E-03,7.595881263534E-03
    ));
#1813 = SURFACE_CURVE('',#1814,(#1817,#1824),.PCURVE_S1.);
#1814 = B_SPLINE_CURVE_WITH_KNOTS('',1,(#1815,#1816),.UNSPECIFIED.,.F.,
  .F.,(2,2),(14.,15.),.PIECEWISE_BEZIER_KNOTS.);
#1815 = CARTESIAN_POINT('',(0.5378,3.902835109119E-03,7.37032117154E-03)
  );
#1816 = CARTESIAN_POINT('',(0.5378,3.271897758377E-03,7.595881263534E-03
    ));
#1817 = PCURVE('',#1743,#1818);
#1818 = DEFINITIONAL_REPRESENTATION('',(#1819),#1823);
#1819 = LINE('',#1820,#1821);
#1820 = CARTESIAN_POINT('',(0.,0.));
#1821 = VECTOR('',#1822,1.);
#1822 = DIRECTION('',(1.,0.));
#1823 = ( GEOMETRIC_REPRESENTATION_CONTEXT(2) 
PARAMETRIC_REPRESENTATION_CONTEXT() REPRESENTATION_CONTEXT('2D SPACE',''
  ) );
#1824 = PCURVE('',#75,#1825);
#1825 = DEFINITIONAL_REPRESENTATION('',(#1826),#1829);
#1826 = B_SPLINE_CURVE_WITH_KNOTS('',1,(#1827,#1828),.UNSPECIFIED.,.F.,
  .F.,(2,2),(14.,15.),.PIECEWISE_BEZIER_KNOTS.);
#1827 = CARTESIAN_POINT('',(5.863316931189E-03,-7.283856683211E-03));
#1828 = CARTESIAN_POINT('',(6.528848696851E-03,-7.361488922373E-03));
#1829 = ( GEOMETRIC_REPRESENTATION_CONTEXT(2) 
PARAMETRIC_REPRESENTATION_CONTEXT() REPRESENTATION_CONTEXT('2D SPACE',''
  ) );
#1830 = ORIENTED_EDGE('',*,*,#1831,.T.);
#1831 = EDGE_CURVE('',#1811,#1832,#1834,.T.);
#1832 = VERTEX_POINT('',#1833);
#1833 = CARTESIAN_POINT('',(-1.0122,4.907846637565E-03,
    1.329279221118E-02));
#1834 = SURFACE_CURVE('',#1835,(#1854,#1861),.PCURVE_S1.);
#1835 = ( BOUNDED_CURVE() B_SPLINE_CURVE(3,(#1836,#1837,#1838,#1839,
    #1840,#1841,#1842,#1843,#1844,#1845,#1846,#1847,#1848,#1849,#1850,
#1851,#1852,#1853),.UNSPECIFIED.,.F.,.F.) B_SPLINE_CURVE_WITH_KNOTS((4,1
    ,1,1,1,1,1,1,1,1,1,1,1,1,1,4),(0.,3.281818483209E-02,
    8.331472171401E-02,0.163169600212,0.282607356412,0.362210128519,
    0.441821211418,0.521490445595,0.611262750889,0.691167944743,
    0.761109091848,0.800978053181,0.860692828618,0.910445018305,
0.96019726339,1.),.UNSPECIFIED.) CURVE() GEOMETRIC_REPRESENTATION_ITEM()
 RATIONAL_B_SPLINE_CURVE((1.,1.,1.,1.,1.,1.,1.,1.,1.,1.,1.,1.,1.,1.,
    0.999999999999,1.000000000004,0.999999999993,1.)) 
REPRESENTATION_ITEM('') );
#1836 = CARTESIAN_POINT('',(0.5378,3.271897758377E-03,7.595881263534E-03
    ));
#1837 = CARTESIAN_POINT('',(0.523430650188,7.021791020273E-03,
    1.785523255654E-02));
#1838 = CARTESIAN_POINT('',(0.483258792956,1.287003539876E-02,
    3.329409357709E-02));
#1839 = CARTESIAN_POINT('',(0.398489817948,1.692135803055E-02,
    4.417336815659E-02));
#1840 = CARTESIAN_POINT('',(0.269462582488,2.003419507134E-02,
    5.522782424737E-02));
#1841 = CARTESIAN_POINT('',(0.124451460313,2.07334535614E-02,
    5.663676381593E-02));
#1842 = CARTESIAN_POINT('',(-2.019705092663E-02,2.152937195067E-02,
    5.855420057682E-02));
#1843 = CARTESIAN_POINT('',(-0.144245251992,2.063904766531E-02,
    5.638329951452E-02));
#1844 = CARTESIAN_POINT('',(-0.273480101183,1.852221247856E-02,
    5.18404235692E-02));
#1845 = CARTESIAN_POINT('',(-0.402617556702,1.504723177803E-02,
    4.228313288197E-02));
#1846 = CARTESIAN_POINT('',(-0.526576732963,1.076854691763E-02,
    3.245504203398E-02));
#1847 = CARTESIAN_POINT('',(-0.624580534573,7.572585460262E-03,
    2.149760903006E-02));
#1848 = CARTESIAN_POINT('',(-0.712476506696,5.842353264808E-03,
    1.599872218726E-02));
#1849 = CARTESIAN_POINT('',(-0.790028640266,5.159280947458E-03,
    1.534865839147E-02));
#1850 = CARTESIAN_POINT('',(-0.872701839491,5.423827106919E-03,
    1.4100666185E-02));
#1851 = CARTESIAN_POINT('',(-0.945025744455,5.056122493603E-03,
    1.380177510818E-02));
#1852 = CARTESIAN_POINT('',(-0.991548335241,4.424406667518E-03,
    1.510605376191E-02));
#1853 = CARTESIAN_POINT('',(-1.0122,4.907846637565E-03,
    1.329279221118E-02));
#1854 = PCURVE('',#1743,#1855);
#1855 = DEFINITIONAL_REPRESENTATION('',(#1856),#1860);
#1856 = LINE('',#1857,#1858);
#1857 = CARTESIAN_POINT('',(15.,0.));
#1858 = VECTOR('',#1859,1.);
#1859 = DIRECTION('',(0.,1.));
#1860 = ( GEOMETRIC_REPRESENTATION_CONTEXT(2) 
PARAMETRIC_REPRESENTATION_CONTEXT() REPRESENTATION_CONTEXT('2D SPACE',''
  ) );
#1861 = PCURVE('',#1862,#1899);
#1862 = ( BOUNDED_SURFACE() B_SPLINE_SURFACE(1,3,(
    (#1863,#1864,#1865,#1866,#1867,#1868,#1869,#1870,#1871,#1872,#1873
      ,#1874,#1875,#1876,#1877,#1878,#1879,#1880)
    ,(#1881,#1882,#1883,#1884,#1885,#1886,#1887,#1888,#1889,#1890,#1891
      ,#1892,#1893,#1894,#1895,#1896,#1897,#1898
)),.UNSPECIFIED.,.F.,.F.,.F.) B_SPLINE_SURFACE_WITH_KNOTS((2,2),(4,1,1,1
    ,1,1,1,1,1,1,1,1,1,1,1,4),(15.,16.),(0.,3.281818483209E-02,
    8.331472171401E-02,0.163169600212,0.282607356412,0.362210128519,
    0.441821211418,0.521490445595,0.611262750889,0.691167944743,
    0.761109091848,0.800978053181,0.860692828618,0.910445018305,
0.96019726339,1.),.UNSPECIFIED.) GEOMETRIC_REPRESENTATION_ITEM() 
RATIONAL_B_SPLINE_SURFACE((
    (1.,1.,1.,1.,1.,1.,1.,1.,1.,1.,1.,1.,1.,1.,0.999999999999
      ,1.000000000004,0.999999999993,1.)
    ,(1.,1.,1.,1.,1.,1.,1.,1.,1.,1.,1.,1.,1.,1.,0.999999999999
,1.000000000004,0.999999999993,1.
  ))) REPRESENTATION_ITEM('') SURFACE() );
#1863 = CARTESIAN_POINT('',(0.5378,3.271897758377E-03,7.595881263534E-03
    ));
#1864 = CARTESIAN_POINT('',(0.523430650188,7.021791020273E-03,
    1.785523255654E-02));
#1865 = CARTESIAN_POINT('',(0.483258792956,1.287003539876E-02,
    3.329409357709E-02));
#1866 = CARTESIAN_POINT('',(0.398489817948,1.692135803055E-02,
    4.417336815659E-02));
#1867 = CARTESIAN_POINT('',(0.269462582488,2.003419507134E-02,
    5.522782424737E-02));
#1868 = CARTESIAN_POINT('',(0.124451460313,2.07334535614E-02,
    5.663676381593E-02));
#1869 = CARTESIAN_POINT('',(-2.019705092663E-02,2.152937195067E-02,
    5.855420057682E-02));
#1870 = CARTESIAN_POINT('',(-0.144245251992,2.063904766531E-02,
    5.638329951452E-02));
#1871 = CARTESIAN_POINT('',(-0.273480101183,1.852221247856E-02,
    5.18404235692E-02));
#1872 = CARTESIAN_POINT('',(-0.402617556702,1.504723177803E-02,
    4.228313288197E-02));
#1873 = CARTESIAN_POINT('',(-0.526576732963,1.076854691763E-02,
    3.245504203398E-02));
#1874 = CARTESIAN_POINT('',(-0.624580534573,7.572585460262E-03,
    2.149760903006E-02));
#1875 = CARTESIAN_POINT('',(-0.712476506696,5.842353264808E-03,
    1.599872218726E-02));
#1876 = CARTESIAN_POINT('',(-0.790028640266,5.159280947458E-03,
    1.534865839147E-02));
#1877 = CARTESIAN_POINT('',(-0.872701839491,5.423827106919E-03,
    1.4100666185E-02));
#1878 = CARTESIAN_POINT('',(-0.945025744455,5.056122493603E-03,
    1.380177510818E-02));
#1879 = CARTESIAN_POINT('',(-0.991548335241,4.424406667518E-03,
    1.510605376191E-02));
#1880 = CARTESIAN_POINT('',(-1.0122,4.907846637565E-03,
    1.329279221118E-02));
#1881 = CARTESIAN_POINT('',(0.5378,2.593702610453E-03,7.772185105986E-03
    ));
#1882 = CARTESIAN_POINT('',(0.523430650188,5.566322374443E-03,
    1.826966058643E-02));
#1883 = CARTESIAN_POINT('',(0.483258792956,1.020234948507E-02,
    3.406686455983E-02));
#1884 = CARTESIAN_POINT('',(0.398489817948,1.341391869103E-02,
    4.519865202686E-02));
#1885 = CARTESIAN_POINT('',(0.269462582488,1.588153050377E-02,
    5.650968704739E-02));
#1886 = CARTESIAN_POINT('',(0.124451460313,1.643584751028E-02,
    5.795132874109E-02));
#1887 = CARTESIAN_POINT('',(-2.019705092663E-02,1.706678886493E-02,
    5.991327007715E-02));
#1888 = CARTESIAN_POINT('',(-0.144245251992,1.636100995813E-02,
    5.769198141852E-02));
#1889 = CARTESIAN_POINT('',(-0.273480101183,1.468294989781E-02,
    5.304366326615E-02));
#1890 = CARTESIAN_POINT('',(-0.402617556702,1.192825914039E-02,
    4.32645435359E-02));
#1891 = CARTESIAN_POINT('',(-0.526576732963,8.536455083147E-03,
    3.320833825057E-02));
#1892 = CARTESIAN_POINT('',(-0.624580534573,6.002948785876E-03,
    2.199657826668E-02));
#1893 = CARTESIAN_POINT('',(-0.712476506696,4.63135710012E-03,
    1.637005977115E-02));
#1894 = CARTESIAN_POINT('',(-0.790028640266,4.089871215323E-03,
    1.57049077004E-02));
#1895 = CARTESIAN_POINT('',(-0.872701839491,4.299582555691E-03,
    1.442794902991E-02));
#1896 = CARTESIAN_POINT('',(-0.945025744455,4.008095325305E-03,
    1.412212055591E-02));
#1897 = CARTESIAN_POINT('',(-0.991548335241,3.507320818389E-03,
    1.545667210756E-02));
#1898 = CARTESIAN_POINT('',(-1.0122,3.890553915679E-03,
    1.360132393547E-02));
#1899 = DEFINITIONAL_REPRESENTATION('',(#1900),#1904);
#1900 = LINE('',#1901,#1902);
#1901 = CARTESIAN_POINT('',(15.,0.));
#1902 = VECTOR('',#1903,1.);
#1903 = DIRECTION('',(0.,1.));
#1904 = ( GEOMETRIC_REPRESENTATION_CONTEXT(2) 
PARAMETRIC_REPRESENTATION_CONTEXT() REPRESENTATION_CONTEXT('2D SPACE',''
  ) );
#1905 = ORIENTED_EDGE('',*,*,#1906,.F.);
#1906 = EDGE_CURVE('',#1713,#1832,#1907,.T.);
#1907 = SURFACE_CURVE('',#1908,(#1911,#1918),.PCURVE_S1.);
#1908 = B_SPLINE_CURVE_WITH_KNOTS('',1,(#1909,#1910),.UNSPECIFIED.,.F.,
  .F.,(2,2),(14.,15.),.PIECEWISE_BEZIER_KNOTS.);
#1909 = CARTESIAN_POINT('',(-1.0122,5.854252663679E-03,
    1.289806205019E-02));
#1910 = CARTESIAN_POINT('',(-1.0122,4.907846637565E-03,
    1.329279221118E-02));
#1911 = PCURVE('',#1743,#1912);
#1912 = DEFINITIONAL_REPRESENTATION('',(#1913),#1917);
#1913 = LINE('',#1914,#1915);
#1914 = CARTESIAN_POINT('',(0.,1.));
#1915 = VECTOR('',#1916,1.);
#1916 = DIRECTION('',(1.,0.));
#1917 = ( GEOMETRIC_REPRESENTATION_CONTEXT(2) 
PARAMETRIC_REPRESENTATION_CONTEXT() REPRESENTATION_CONTEXT('2D SPACE',''
  ) );
#1918 = PCURVE('',#176,#1919);
#1919 = DEFINITIONAL_REPRESENTATION('',(#1920),#1923);
#1920 = B_SPLINE_CURVE_WITH_KNOTS('',1,(#1921,#1922),.UNSPECIFIED.,.F.,
  .F.,(2,2),(14.,15.),.PIECEWISE_BEZIER_KNOTS.);
#1921 = CARTESIAN_POINT('',(1.141702267665E-02,-1.113303685638E-02));
#1922 = CARTESIAN_POINT('',(1.244239842447E-02,-1.112299484276E-02));
#1923 = ( GEOMETRIC_REPRESENTATION_CONTEXT(2) 
PARAMETRIC_REPRESENTATION_CONTEXT() REPRESENTATION_CONTEXT('2D SPACE',''
  ) );
#1924 = ORIENTED_EDGE('',*,*,#1712,.F.);
#1925 = ADVANCED_FACE('',(#1926),#1862,.F.);
#1926 = FACE_BOUND('',#1927,.F.);
#1927 = EDGE_LOOP('',(#1928,#1949,#2024,#2043));
#1928 = ORIENTED_EDGE('',*,*,#1929,.T.);
#1929 = EDGE_CURVE('',#1811,#1930,#1932,.T.);
#1930 = VERTEX_POINT('',#1931);
#1931 = CARTESIAN_POINT('',(0.5378,2.593702610453E-03,7.772185105986E-03
    ));
#1932 = SURFACE_CURVE('',#1933,(#1936,#1943),.PCURVE_S1.);
#1933 = B_SPLINE_CURVE_WITH_KNOTS('',1,(#1934,#1935),.UNSPECIFIED.,.F.,
  .F.,(2,2),(15.,16.),.PIECEWISE_BEZIER_KNOTS.);
#1934 = CARTESIAN_POINT('',(0.5378,3.271897758377E-03,7.595881263534E-03
    ));
#1935 = CARTESIAN_POINT('',(0.5378,2.593702610453E-03,7.772185105986E-03
    ));
#1936 = PCURVE('',#1862,#1937);
#1937 = DEFINITIONAL_REPRESENTATION('',(#1938),#1942);
#1938 = LINE('',#1939,#1940);
#1939 = CARTESIAN_POINT('',(0.,0.));
#1940 = VECTOR('',#1941,1.);
#1941 = DIRECTION('',(1.,0.));
#1942 = ( GEOMETRIC_REPRESENTATION_CONTEXT(2) 
PARAMETRIC_REPRESENTATION_CONTEXT() REPRESENTATION_CONTEXT('2D SPACE',''
  ) );
#1943 = PCURVE('',#75,#1944);
#1944 = DEFINITIONAL_REPRESENTATION('',(#1945),#1948);
#1945 = B_SPLINE_CURVE_WITH_KNOTS('',1,(#1946,#1947),.UNSPECIFIED.,.F.,
  .F.,(2,2),(15.,16.),.PIECEWISE_BEZIER_KNOTS.);
#1946 = CARTESIAN_POINT('',(6.528848696851E-03,-7.361488922373E-03));
#1947 = CARTESIAN_POINT('',(7.229327706014E-03,-7.380485270777E-03));
#1948 = ( GEOMETRIC_REPRESENTATION_CONTEXT(2) 
PARAMETRIC_REPRESENTATION_CONTEXT() REPRESENTATION_CONTEXT('2D SPACE',''
  ) );
#1949 = ORIENTED_EDGE('',*,*,#1950,.T.);
#1950 = EDGE_CURVE('',#1930,#1951,#1953,.T.);
#1951 = VERTEX_POINT('',#1952);
#1952 = CARTESIAN_POINT('',(-1.0122,3.890553915679E-03,
    1.360132393547E-02));
#1953 = SURFACE_CURVE('',#1954,(#1973,#1980),.PCURVE_S1.);
#1954 = ( BOUNDED_CURVE() B_SPLINE_CURVE(3,(#1955,#1956,#1957,#1958,
    #1959,#1960,#1961,#1962,#1963,#1964,#1965,#1966,#1967,#1968,#1969,
#1970,#1971,#1972),.UNSPECIFIED.,.F.,.F.) B_SPLINE_CURVE_WITH_KNOTS((4,1
    ,1,1,1,1,1,1,1,1,1,1,1,1,1,4),(0.,3.281818483209E-02,
    8.331472171401E-02,0.163169600212,0.282607356412,0.362210128519,
    0.441821211418,0.521490445595,0.611262750889,0.691167944743,
    0.761109091848,0.800978053181,0.860692828618,0.910445018305,
0.96019726339,1.),.UNSPECIFIED.) CURVE() GEOMETRIC_REPRESENTATION_ITEM()
 RATIONAL_B_SPLINE_CURVE((1.,1.,1.,1.,1.,1.,1.,1.,1.,1.,1.,1.,1.,1.,
    0.999999999999,1.000000000004,0.999999999993,1.)) 
REPRESENTATION_ITEM('') );
#1955 = CARTESIAN_POINT('',(0.5378,2.593702610453E-03,7.772185105986E-03
    ));
#1956 = CARTESIAN_POINT('',(0.523430650188,5.566322374443E-03,
    1.826966058643E-02));
#1957 = CARTESIAN_POINT('',(0.483258792956,1.020234948507E-02,
    3.406686455983E-02));
#1958 = CARTESIAN_POINT('',(0.398489817948,1.341391869103E-02,
    4.519865202686E-02));
#1959 = CARTESIAN_POINT('',(0.269462582488,1.588153050377E-02,
    5.650968704739E-02));
#1960 = CARTESIAN_POINT('',(0.124451460313,1.643584751028E-02,
    5.795132874109E-02));
#1961 = CARTESIAN_POINT('',(-2.019705092663E-02,1.706678886493E-02,
    5.991327007715E-02));
#1962 = CARTESIAN_POINT('',(-0.144245251992,1.636100995813E-02,
    5.769198141852E-02));
#1963 = CARTESIAN_POINT('',(-0.273480101183,1.468294989781E-02,
    5.304366326615E-02));
#1964 = CARTESIAN_POINT('',(-0.402617556702,1.192825914039E-02,
    4.32645435359E-02));
#1965 = CARTESIAN_POINT('',(-0.526576732963,8.536455083147E-03,
    3.320833825057E-02));
#1966 = CARTESIAN_POINT('',(-0.624580534573,6.002948785876E-03,
    2.199657826668E-02));
#1967 = CARTESIAN_POINT('',(-0.712476506696,4.63135710012E-03,
    1.637005977115E-02));
#1968 = CARTESIAN_POINT('',(-0.790028640266,4.089871215323E-03,
    1.57049077004E-02));
#1969 = CARTESIAN_POINT('',(-0.872701839491,4.299582555691E-03,
    1.442794902991E-02));
#1970 = CARTESIAN_POINT('',(-0.945025744455,4.008095325305E-03,
    1.412212055591E-02));
#1971 = CARTESIAN_POINT('',(-0.991548335241,3.507320818389E-03,
    1.545667210756E-02));
#1972 = CARTESIAN_POINT('',(-1.0122,3.890553915679E-03,
    1.360132393547E-02));
#1973 = PCURVE('',#1862,#1974);
#1974 = DEFINITIONAL_REPRESENTATION('',(#1975),#1979);
#1975 = LINE('',#1976,#1977);
#1976 = CARTESIAN_POINT('',(16.,0.));
#1977 = VECTOR('',#1978,1.);
#1978 = DIRECTION('',(0.,1.));
#1979 = ( GEOMETRIC_REPRESENTATION_CONTEXT(2) 
PARAMETRIC_REPRESENTATION_CONTEXT() REPRESENTATION_CONTEXT('2D SPACE',''
  ) );
#1980 = PCURVE('',#1981,#2018);
#1981 = ( BOUNDED_SURFACE() B_SPLINE_SURFACE(1,3,(
    (#1982,#1983,#1984,#1985,#1986,#1987,#1988,#1989,#1990,#1991,#1992
      ,#1993,#1994,#1995,#1996,#1997,#1998,#1999)
    ,(#2000,#2001,#2002,#2003,#2004,#2005,#2006,#2007,#2008,#2009,#2010
      ,#2011,#2012,#2013,#2014,#2015,#2016,#2017
)),.UNSPECIFIED.,.F.,.F.,.F.) B_SPLINE_SURFACE_WITH_KNOTS((2,2),(4,1,1,1
    ,1,1,1,1,1,1,1,1,1,1,1,4),(16.,17.),(0.,3.281818483209E-02,
    8.331472171401E-02,0.163169600212,0.282607356412,0.362210128519,
    0.441821211418,0.521490445595,0.611262750889,0.691167944743,
    0.761109091848,0.800978053181,0.860692828618,0.910445018305,
0.96019726339,1.),.UNSPECIFIED.) GEOMETRIC_REPRESENTATION_ITEM() 
RATIONAL_B_SPLINE_SURFACE((
    (1.,1.,1.,1.,1.,1.,1.,1.,1.,1.,1.,1.,1.,1.,0.999999999999
      ,1.000000000004,0.999999999993,1.)
    ,(1.,1.,1.,1.,1.,1.,1.,1.,1.,1.,1.,1.,1.,1.,0.999999999999
,1.000000000004,0.999999999993,1.
  ))) REPRESENTATION_ITEM('') SURFACE() );
#1982 = CARTESIAN_POINT('',(0.5378,2.593702610453E-03,7.772185105986E-03
    ));
#1983 = CARTESIAN_POINT('',(0.523430650188,5.566322374443E-03,
    1.826966058643E-02));
#1984 = CARTESIAN_POINT('',(0.483258792956,1.020234948507E-02,
    3.406686455983E-02));
#1985 = CARTESIAN_POINT('',(0.398489817948,1.341391869103E-02,
    4.519865202686E-02));
#1986 = CARTESIAN_POINT('',(0.269462582488,1.588153050377E-02,
    5.650968704739E-02));
#1987 = CARTESIAN_POINT('',(0.124451460313,1.643584751028E-02,
    5.795132874109E-02));
#1988 = CARTESIAN_POINT('',(-2.019705092663E-02,1.706678886493E-02,
    5.991327007715E-02));
#1989 = CARTESIAN_POINT('',(-0.144245251992,1.636100995813E-02,
    5.769198141852E-02));
#1990 = CARTESIAN_POINT('',(-0.273480101183,1.468294989781E-02,
    5.304366326615E-02));
#1991 = CARTESIAN_POINT('',(-0.402617556702,1.192825914039E-02,
    4.32645435359E-02));
#1992 = CARTESIAN_POINT('',(-0.526576732963,8.536455083147E-03,
    3.320833825057E-02));
#1993 = CARTESIAN_POINT('',(-0.624580534573,6.002948785876E-03,
    2.199657826668E-02));
#1994 = CARTESIAN_POINT('',(-0.712476506696,4.63135710012E-03,
    1.637005977115E-02));
#1995 = CARTESIAN_POINT('',(-0.790028640266,4.089871215323E-03,
    1.57049077004E-02));
#1996 = CARTESIAN_POINT('',(-0.872701839491,4.299582555691E-03,
    1.442794902991E-02));
#1997 = CARTESIAN_POINT('',(-0.945025744455,4.008095325305E-03,
    1.412212055591E-02));
#1998 = CARTESIAN_POINT('',(-0.991548335241,3.507320818389E-03,
    1.545667210756E-02));
#1999 = CARTESIAN_POINT('',(-1.0122,3.890553915679E-03,
    1.360132393547E-02));
#2000 = CARTESIAN_POINT('',(0.5378,1.859866814215E-03,7.898589364907E-03
    ));
#2001 = CARTESIAN_POINT('',(0.523430650188,3.991443822326E-03,
    1.856679232941E-02));
#2002 = CARTESIAN_POINT('',(0.483258792956,7.315800646474E-03,
    3.462091682565E-02));
#2003 = CARTESIAN_POINT('',(0.398489817948,9.618721175469E-03,
    4.593374801799E-02));
#2004 = CARTESIAN_POINT('',(0.269462582488,1.138817203787E-02,
    5.742874198699E-02));
#2005 = CARTESIAN_POINT('',(0.124451460313,1.178565623703E-02,
    5.889383006642E-02));
#2006 = CARTESIAN_POINT('',(-2.019705092663E-02,1.223808547178E-02,
    6.088767977023E-02));
#2007 = CARTESIAN_POINT('',(-0.144245251992,1.173199245956E-02,
    5.86302648044E-02));
#2008 = CARTESIAN_POINT('',(-0.273480101183,1.05287056194E-02,
    5.390634793645E-02));
#2009 = CARTESIAN_POINT('',(-0.402617556702,8.553399004637E-03,
    4.39681838235E-02));
#2010 = CARTESIAN_POINT('',(-0.526576732963,6.121237437245E-03,
    3.374842772725E-02));
#2011 = CARTESIAN_POINT('',(-0.624580534573,4.304535604541E-03,
    2.23543233714E-02));
#2012 = CARTESIAN_POINT('',(-0.712476506696,3.321008098838E-03,
    1.663629703206E-02));
#2013 = CARTESIAN_POINT('',(-0.790028640266,2.932724714524E-03,
    1.596032714707E-02));
#2014 = CARTESIAN_POINT('',(-0.872701839491,3.083102464431E-03,
    1.466260044138E-02));
#2015 = CARTESIAN_POINT('',(-0.945025744455,2.874085661855E-03,
    1.435179807353E-02));
#2016 = CARTESIAN_POINT('',(-0.991548335241,2.514995192786E-03,
    1.570805433269E-02));
#2017 = CARTESIAN_POINT('',(-1.0122,2.789800221323E-03,
    1.382253138859E-02));
#2018 = DEFINITIONAL_REPRESENTATION('',(#2019),#2023);
#2019 = LINE('',#2020,#2021);
#2020 = CARTESIAN_POINT('',(16.,0.));
#2021 = VECTOR('',#2022,1.);
#2022 = DIRECTION('',(0.,1.));
#2023 = ( GEOMETRIC_REPRESENTATION_CONTEXT(2) 
PARAMETRIC_REPRESENTATION_CONTEXT() REPRESENTATION_CONTEXT('2D SPACE',''
  ) );
#2024 = ORIENTED_EDGE('',*,*,#2025,.F.);
#2025 = EDGE_CURVE('',#1832,#1951,#2026,.T.);
#2026 = SURFACE_CURVE('',#2027,(#2030,#2037),.PCURVE_S1.);
#2027 = B_SPLINE_CURVE_WITH_KNOTS('',1,(#2028,#2029),.UNSPECIFIED.,.F.,
  .F.,(2,2),(15.,16.),.PIECEWISE_BEZIER_KNOTS.);
#2028 = CARTESIAN_POINT('',(-1.0122,4.907846637565E-03,
    1.329279221118E-02));
#2029 = CARTESIAN_POINT('',(-1.0122,3.890553915679E-03,
    1.360132393547E-02));
#2030 = PCURVE('',#1862,#2031);
#2031 = DEFINITIONAL_REPRESENTATION('',(#2032),#2036);
#2032 = LINE('',#2033,#2034);
#2033 = CARTESIAN_POINT('',(0.,1.));
#2034 = VECTOR('',#2035,1.);
#2035 = DIRECTION('',(1.,0.));
#2036 = ( GEOMETRIC_REPRESENTATION_CONTEXT(2) 
PARAMETRIC_REPRESENTATION_CONTEXT() REPRESENTATION_CONTEXT('2D SPACE',''
  ) );
#2037 = PCURVE('',#176,#2038);
#2038 = DEFINITIONAL_REPRESENTATION('',(#2039),#2042);
#2039 = B_SPLINE_CURVE_WITH_KNOTS('',1,(#2040,#2041),.UNSPECIFIED.,.F.,
  .F.,(2,2),(15.,16.),.PIECEWISE_BEZIER_KNOTS.);
#2040 = CARTESIAN_POINT('',(1.244239842447E-02,-1.112299484276E-02));
#2041 = CARTESIAN_POINT('',(1.349896901142E-02,-1.100579884583E-02));
#2042 = ( GEOMETRIC_REPRESENTATION_CONTEXT(2) 
PARAMETRIC_REPRESENTATION_CONTEXT() REPRESENTATION_CONTEXT('2D SPACE',''
  ) );
#2043 = ORIENTED_EDGE('',*,*,#1831,.F.);
#2044 = ADVANCED_FACE('',(#2045),#1981,.F.);
#2045 = FACE_BOUND('',#2046,.F.);
#2046 = EDGE_LOOP('',(#2047,#2068,#2143,#2162));
#2047 = ORIENTED_EDGE('',*,*,#2048,.T.);
#2048 = EDGE_CURVE('',#1930,#2049,#2051,.T.);
#2049 = VERTEX_POINT('',#2050);
#2050 = CARTESIAN_POINT('',(0.5378,1.859866814215E-03,7.898589364907E-03
    ));
#2051 = SURFACE_CURVE('',#2052,(#2055,#2062),.PCURVE_S1.);
#2052 = B_SPLINE_CURVE_WITH_KNOTS('',1,(#2053,#2054),.UNSPECIFIED.,.F.,
  .F.,(2,2),(16.,17.),.PIECEWISE_BEZIER_KNOTS.);
#2053 = CARTESIAN_POINT('',(0.5378,2.593702610453E-03,7.772185105986E-03
    ));
#2054 = CARTESIAN_POINT('',(0.5378,1.859866814215E-03,7.898589364907E-03
    ));
#2055 = PCURVE('',#1981,#2056);
#2056 = DEFINITIONAL_REPRESENTATION('',(#2057),#2061);
#2057 = LINE('',#2058,#2059);
#2058 = CARTESIAN_POINT('',(0.,0.));
#2059 = VECTOR('',#2060,1.);
#2060 = DIRECTION('',(1.,0.));
#2061 = ( GEOMETRIC_REPRESENTATION_CONTEXT(2) 
PARAMETRIC_REPRESENTATION_CONTEXT() REPRESENTATION_CONTEXT('2D SPACE',''
  ) );
#2062 = PCURVE('',#75,#2063);
#2063 = DEFINITIONAL_REPRESENTATION('',(#2064),#2067);
#2064 = B_SPLINE_CURVE_WITH_KNOTS('',1,(#2065,#2066),.UNSPECIFIED.,.F.,
  .F.,(2,2),(16.,17.),.PIECEWISE_BEZIER_KNOTS.);
#2065 = CARTESIAN_POINT('',(7.229327706014E-03,-7.380485270777E-03));
#2066 = CARTESIAN_POINT('',(7.972776420522E-03,-7.338330539028E-03));
#2067 = ( GEOMETRIC_REPRESENTATION_CONTEXT(2) 
PARAMETRIC_REPRESENTATION_CONTEXT() REPRESENTATION_CONTEXT('2D SPACE',''
  ) );
#2068 = ORIENTED_EDGE('',*,*,#2069,.T.);
#2069 = EDGE_CURVE('',#2049,#2070,#2072,.T.);
#2070 = VERTEX_POINT('',#2071);
#2071 = CARTESIAN_POINT('',(-1.0122,2.789800221323E-03,
    1.382253138859E-02));
#2072 = SURFACE_CURVE('',#2073,(#2092,#2099),.PCURVE_S1.);
#2073 = ( BOUNDED_CURVE() B_SPLINE_CURVE(3,(#2074,#2075,#2076,#2077,
    #2078,#2079,#2080,#2081,#2082,#2083,#2084,#2085,#2086,#2087,#2088,
#2089,#2090,#2091),.UNSPECIFIED.,.F.,.F.) B_SPLINE_CURVE_WITH_KNOTS((4,1
    ,1,1,1,1,1,1,1,1,1,1,1,1,1,4),(0.,3.281818483209E-02,
    8.331472171401E-02,0.163169600212,0.282607356412,0.362210128519,
    0.441821211418,0.521490445595,0.611262750889,0.691167944743,
    0.761109091848,0.800978053181,0.860692828618,0.910445018305,
0.96019726339,1.),.UNSPECIFIED.) CURVE() GEOMETRIC_REPRESENTATION_ITEM()
 RATIONAL_B_SPLINE_CURVE((1.,1.,1.,1.,1.,1.,1.,1.,1.,1.,1.,1.,1.,1.,
    0.999999999999,1.000000000004,0.999999999993,1.)) 
REPRESENTATION_ITEM('') );
#2074 = CARTESIAN_POINT('',(0.5378,1.859866814215E-03,7.898589364907E-03
    ));
#2075 = CARTESIAN_POINT('',(0.523430650188,3.991443822326E-03,
    1.856679232941E-02));
#2076 = CARTESIAN_POINT('',(0.483258792956,7.315800646474E-03,
    3.462091682565E-02));
#2077 = CARTESIAN_POINT('',(0.398489817948,9.618721175469E-03,
    4.593374801799E-02));
#2078 = CARTESIAN_POINT('',(0.269462582488,1.138817203787E-02,
    5.742874198699E-02));
#2079 = CARTESIAN_POINT('',(0.124451460313,1.178565623703E-02,
    5.889383006642E-02));
#2080 = CARTESIAN_POINT('',(-2.019705092663E-02,1.223808547178E-02,
    6.088767977023E-02));
#2081 = CARTESIAN_POINT('',(-0.144245251992,1.173199245956E-02,
    5.86302648044E-02));
#2082 = CARTESIAN_POINT('',(-0.273480101183,1.05287056194E-02,
    5.390634793645E-02));
#2083 = CARTESIAN_POINT('',(-0.402617556702,8.553399004637E-03,
    4.39681838235E-02));
#2084 = CARTESIAN_POINT('',(-0.526576732963,6.121237437245E-03,
    3.374842772725E-02));
#2085 = CARTESIAN_POINT('',(-0.624580534573,4.304535604541E-03,
    2.23543233714E-02));
#2086 = CARTESIAN_POINT('',(-0.712476506696,3.321008098838E-03,
    1.663629703206E-02));
#2087 = CARTESIAN_POINT('',(-0.790028640266,2.932724714524E-03,
    1.596032714707E-02));
#2088 = CARTESIAN_POINT('',(-0.872701839491,3.083102464431E-03,
    1.466260044138E-02));
#2089 = CARTESIAN_POINT('',(-0.945025744455,2.874085661855E-03,
    1.435179807353E-02));
#2090 = CARTESIAN_POINT('',(-0.991548335241,2.514995192786E-03,
    1.570805433269E-02));
#2091 = CARTESIAN_POINT('',(-1.0122,2.789800221323E-03,
    1.382253138859E-02));
#2092 = PCURVE('',#1981,#2093);
#2093 = DEFINITIONAL_REPRESENTATION('',(#2094),#2098);
#2094 = LINE('',#2095,#2096);
#2095 = CARTESIAN_POINT('',(17.,0.));
#2096 = VECTOR('',#2097,1.);
#2097 = DIRECTION('',(0.,1.));
#2098 = ( GEOMETRIC_REPRESENTATION_CONTEXT(2) 
PARAMETRIC_REPRESENTATION_CONTEXT() REPRESENTATION_CONTEXT('2D SPACE',''
  ) );
#2099 = PCURVE('',#2100,#2137);
#2100 = ( BOUNDED_SURFACE() B_SPLINE_SURFACE(1,3,(
    (#2101,#2102,#2103,#2104,#2105,#2106,#2107,#2108,#2109,#2110,#2111
      ,#2112,#2113,#2114,#2115,#2116,#2117,#2118)
    ,(#2119,#2120,#2121,#2122,#2123,#2124,#2125,#2126,#2127,#2128,#2129
      ,#2130,#2131,#2132,#2133,#2134,#2135,#2136
)),.UNSPECIFIED.,.F.,.F.,.F.) B_SPLINE_SURFACE_WITH_KNOTS((2,2),(4,1,1,1
    ,1,1,1,1,1,1,1,1,1,1,1,4),(17.,18.),(0.,3.281818483209E-02,
    8.331472171401E-02,0.163169600212,0.282607356412,0.362210128519,
    0.441821211418,0.521490445595,0.611262750889,0.691167944743,
    0.761109091848,0.800978053181,0.860692828618,0.910445018305,
0.96019726339,1.),.UNSPECIFIED.) GEOMETRIC_REPRESENTATION_ITEM() 
RATIONAL_B_SPLINE_SURFACE((
    (1.,1.,1.,1.,1.,1.,1.,1.,1.,1.,1.,1.,1.,1.,0.999999999999
      ,1.000000000004,0.999999999993,1.)
    ,(1.,1.,1.,1.,1.,1.,1.,1.,1.,1.,1.,1.,1.,1.,0.999999999999
,1.000000000004,0.999999999993,1.
  ))) REPRESENTATION_ITEM('') SURFACE() );
#2101 = CARTESIAN_POINT('',(0.5378,1.859866814215E-03,7.898589364907E-03
    ));
#2102 = CARTESIAN_POINT('',(0.523430650188,3.991443822326E-03,
    1.856679232941E-02));
#2103 = CARTESIAN_POINT('',(0.483258792956,7.315800646474E-03,
    3.462091682565E-02));
#2104 = CARTESIAN_POINT('',(0.398489817948,9.618721175469E-03,
    4.593374801799E-02));
#2105 = CARTESIAN_POINT('',(0.269462582488,1.138817203787E-02,
    5.742874198699E-02));
#2106 = CARTESIAN_POINT('',(0.124451460313,1.178565623703E-02,
    5.889383006642E-02));
#2107 = CARTESIAN_POINT('',(-2.019705092663E-02,1.223808547178E-02,
    6.088767977023E-02));
#2108 = CARTESIAN_POINT('',(-0.144245251992,1.173199245956E-02,
    5.86302648044E-02));
#2109 = CARTESIAN_POINT('',(-0.273480101183,1.05287056194E-02,
    5.390634793645E-02));
#2110 = CARTESIAN_POINT('',(-0.402617556702,8.553399004637E-03,
    4.39681838235E-02));
#2111 = CARTESIAN_POINT('',(-0.526576732963,6.121237437245E-03,
    3.374842772725E-02));
#2112 = CARTESIAN_POINT('',(-0.624580534573,4.304535604541E-03,
    2.23543233714E-02));
#2113 = CARTESIAN_POINT('',(-0.712476506696,3.321008098838E-03,
    1.663629703206E-02));
#2114 = CARTESIAN_POINT('',(-0.790028640266,2.932724714524E-03,
    1.596032714707E-02));
#2115 = CARTESIAN_POINT('',(-0.872701839491,3.083102464431E-03,
    1.466260044138E-02));
#2116 = CARTESIAN_POINT('',(-0.945025744455,2.874085661855E-03,
    1.435179807353E-02));
#2117 = CARTESIAN_POINT('',(-0.991548335241,2.514995192786E-03,
    1.570805433269E-02));
#2118 = CARTESIAN_POINT('',(-1.0122,2.789800221323E-03,
    1.382253138859E-02));
#2119 = CARTESIAN_POINT('',(0.5378,1.047136570464E-03,7.974623264059E-03
    ));
#2120 = CARTESIAN_POINT('',(0.523430650188,2.247250589863E-03,
    1.874552115685E-02));
#2121 = CARTESIAN_POINT('',(0.483258792956,4.118919882108E-03,
    3.495418687892E-02));
#2122 = CARTESIAN_POINT('',(0.398489817948,5.415503210738E-03,
    4.637591836045E-02));
#2123 = CARTESIAN_POINT('',(0.269462582488,6.411734066353E-03,
    5.798156616544E-02));
#2124 = CARTESIAN_POINT('',(0.124451460313,6.635524414103E-03,
    5.946075756816E-02));
#2125 = CARTESIAN_POINT('',(-2.019705092663E-02,6.890249749078E-03,
    6.147380059375E-02));
#2126 = CARTESIAN_POINT('',(-0.144245251992,6.60531079694E-03,
    5.919465515759E-02));
#2127 = CARTESIAN_POINT('',(-0.273480101183,5.927839891251E-03,
    5.442526462312E-02));
#2128 = CARTESIAN_POINT('',(-0.402617556702,4.815708754555E-03,
    4.439143312793E-02));
#2129 = CARTESIAN_POINT('',(-0.526576732963,3.446360528636E-03,
    3.407329897094E-02));
#2130 = CARTESIAN_POINT('',(-0.624580534573,2.42352657509E-03,
    2.256951196905E-02));
#2131 = CARTESIAN_POINT('',(-0.712476506696,1.869783903084E-03,
    1.679644240389E-02));
#2132 = CARTESIAN_POINT('',(-0.790028640266,1.65117377019E-03,
    1.611396545498E-02));
#2133 = CARTESIAN_POINT('',(-0.872701839491,1.735838994664E-03,
    1.480374649053E-02));
#2134 = CARTESIAN_POINT('',(-0.945025744455,1.618158988674E-03,
    1.448995225764E-02));
#2135 = CARTESIAN_POINT('',(-0.991548335241,1.415984962366E-03,
    1.585926419567E-02));
#2136 = CARTESIAN_POINT('',(-1.0122,1.570704855696E-03,1.39555907121E-02
    ));
#2137 = DEFINITIONAL_REPRESENTATION('',(#2138),#2142);
#2138 = LINE('',#2139,#2140);
#2139 = CARTESIAN_POINT('',(17.,0.));
#2140 = VECTOR('',#2141,1.);
#2141 = DIRECTION('',(0.,1.));
#2142 = ( GEOMETRIC_REPRESENTATION_CONTEXT(2) 
PARAMETRIC_REPRESENTATION_CONTEXT() REPRESENTATION_CONTEXT('2D SPACE',''
  ) );
#2143 = ORIENTED_EDGE('',*,*,#2144,.F.);
#2144 = EDGE_CURVE('',#1951,#2070,#2145,.T.);
#2145 = SURFACE_CURVE('',#2146,(#2149,#2156),.PCURVE_S1.);
#2146 = B_SPLINE_CURVE_WITH_KNOTS('',1,(#2147,#2148),.UNSPECIFIED.,.F.,
  .F.,(2,2),(16.,17.),.PIECEWISE_BEZIER_KNOTS.);
#2147 = CARTESIAN_POINT('',(-1.0122,3.890553915679E-03,
    1.360132393547E-02));
#2148 = CARTESIAN_POINT('',(-1.0122,2.789800221323E-03,
    1.382253138859E-02));
#2149 = PCURVE('',#1981,#2150);
#2150 = DEFINITIONAL_REPRESENTATION('',(#2151),#2155);
#2151 = LINE('',#2152,#2153);
#2152 = CARTESIAN_POINT('',(0.,1.));
#2153 = VECTOR('',#2154,1.);
#2154 = DIRECTION('',(1.,0.));
#2155 = ( GEOMETRIC_REPRESENTATION_CONTEXT(2) 
PARAMETRIC_REPRESENTATION_CONTEXT() REPRESENTATION_CONTEXT('2D SPACE',''
  ) );
#2156 = PCURVE('',#176,#2157);
#2157 = DEFINITIONAL_REPRESENTATION('',(#2158),#2161);
#2158 = B_SPLINE_CURVE_WITH_KNOTS('',1,(#2159,#2160),.UNSPECIFIED.,.F.,
  .F.,(2,2),(16.,17.),.PIECEWISE_BEZIER_KNOTS.);
#2159 = CARTESIAN_POINT('',(1.349896901142E-02,-1.100579884583E-02));
#2160 = CARTESIAN_POINT('',(1.459784824919E-02,-1.077546028251E-02));
#2161 = ( GEOMETRIC_REPRESENTATION_CONTEXT(2) 
PARAMETRIC_REPRESENTATION_CONTEXT() REPRESENTATION_CONTEXT('2D SPACE',''
  ) );
#2162 = ORIENTED_EDGE('',*,*,#1950,.F.);
#2163 = ADVANCED_FACE('',(#2164),#2100,.F.);
#2164 = FACE_BOUND('',#2165,.F.);
#2165 = EDGE_LOOP('',(#2166,#2187,#2262,#2281));
#2166 = ORIENTED_EDGE('',*,*,#2167,.T.);
#2167 = EDGE_CURVE('',#2049,#2168,#2170,.T.);
#2168 = VERTEX_POINT('',#2169);
#2169 = CARTESIAN_POINT('',(0.5378,1.047136570464E-03,7.974623264059E-03
    ));
#2170 = SURFACE_CURVE('',#2171,(#2174,#2181),.PCURVE_S1.);
#2171 = B_SPLINE_CURVE_WITH_KNOTS('',1,(#2172,#2173),.UNSPECIFIED.,.F.,
  .F.,(2,2),(17.,18.),.PIECEWISE_BEZIER_KNOTS.);
#2172 = CARTESIAN_POINT('',(0.5378,1.859866814215E-03,7.898589364907E-03
    ));
#2173 = CARTESIAN_POINT('',(0.5378,1.047136570464E-03,7.974623264059E-03
    ));
#2174 = PCURVE('',#2100,#2175);
#2175 = DEFINITIONAL_REPRESENTATION('',(#2176),#2180);
#2176 = LINE('',#2177,#2178);
#2177 = CARTESIAN_POINT('',(0.,0.));
#2178 = VECTOR('',#2179,1.);
#2179 = DIRECTION('',(1.,0.));
#2180 = ( GEOMETRIC_REPRESENTATION_CONTEXT(2) 
PARAMETRIC_REPRESENTATION_CONTEXT() REPRESENTATION_CONTEXT('2D SPACE',''
  ) );
#2181 = PCURVE('',#75,#2182);
#2182 = DEFINITIONAL_REPRESENTATION('',(#2183),#2186);
#2183 = B_SPLINE_CURVE_WITH_KNOTS('',1,(#2184,#2185),.UNSPECIFIED.,.F.,
  .F.,(2,2),(17.,18.),.PIECEWISE_BEZIER_KNOTS.);
#2184 = CARTESIAN_POINT('',(7.972776420522E-03,-7.338330539028E-03));
#2185 = CARTESIAN_POINT('',(8.781744890442E-03,-7.229327706014E-03));
#2186 = ( GEOMETRIC_REPRESENTATION_CONTEXT(2) 
PARAMETRIC_REPRESENTATION_CONTEXT() REPRESENTATION_CONTEXT('2D SPACE',''
  ) );
#2187 = ORIENTED_EDGE('',*,*,#2188,.T.);
#2188 = EDGE_CURVE('',#2168,#2189,#2191,.T.);
#2189 = VERTEX_POINT('',#2190);
#2190 = CARTESIAN_POINT('',(-1.0122,1.570704855696E-03,1.39555907121E-02
    ));
#2191 = SURFACE_CURVE('',#2192,(#2211,#2218),.PCURVE_S1.);
#2192 = ( BOUNDED_CURVE() B_SPLINE_CURVE(3,(#2193,#2194,#2195,#2196,
    #2197,#2198,#2199,#2200,#2201,#2202,#2203,#2204,#2205,#2206,#2207,
#2208,#2209,#2210),.UNSPECIFIED.,.F.,.F.) B_SPLINE_CURVE_WITH_KNOTS((4,1
    ,1,1,1,1,1,1,1,1,1,1,1,1,1,4),(0.,3.281818483209E-02,
    8.331472171401E-02,0.163169600212,0.282607356412,0.362210128519,
    0.441821211418,0.521490445595,0.611262750889,0.691167944743,
    0.761109091848,0.800978053181,0.860692828618,0.910445018305,
0.96019726339,1.),.UNSPECIFIED.) CURVE() GEOMETRIC_REPRESENTATION_ITEM()
 RATIONAL_B_SPLINE_CURVE((1.,1.,1.,1.,1.,1.,1.,1.,1.,1.,1.,1.,1.,1.,
    0.999999999999,1.000000000004,0.999999999993,1.)) 
REPRESENTATION_ITEM('') );
#2193 = CARTESIAN_POINT('',(0.5378,1.047136570464E-03,7.974623264059E-03
    ));
#2194 = CARTESIAN_POINT('',(0.523430650188,2.247250589863E-03,
    1.874552115685E-02));
#2195 = CARTESIAN_POINT('',(0.483258792956,4.118919882108E-03,
    3.495418687892E-02));
#2196 = CARTESIAN_POINT('',(0.398489817948,5.415503210738E-03,
    4.637591836045E-02));
#2197 = CARTESIAN_POINT('',(0.269462582488,6.411734066353E-03,
    5.798156616544E-02));
#2198 = CARTESIAN_POINT('',(0.124451460313,6.635524414103E-03,
    5.946075756816E-02));
#2199 = CARTESIAN_POINT('',(-2.019705092663E-02,6.890249749078E-03,
    6.147380059375E-02));
#2200 = CARTESIAN_POINT('',(-0.144245251992,6.60531079694E-03,
    5.919465515759E-02));
#2201 = CARTESIAN_POINT('',(-0.273480101183,5.927839891251E-03,
    5.442526462312E-02));
#2202 = CARTESIAN_POINT('',(-0.402617556702,4.815708754555E-03,
    4.439143312793E-02));
#2203 = CARTESIAN_POINT('',(-0.526576732963,3.446360528636E-03,
    3.407329897094E-02));
#2204 = CARTESIAN_POINT('',(-0.624580534573,2.42352657509E-03,
    2.256951196905E-02));
#2205 = CARTESIAN_POINT('',(-0.712476506696,1.869783903084E-03,
    1.679644240389E-02));
#2206 = CARTESIAN_POINT('',(-0.790028640266,1.65117377019E-03,
    1.611396545498E-02));
#2207 = CARTESIAN_POINT('',(-0.872701839491,1.735838994664E-03,
    1.480374649053E-02));
#2208 = CARTESIAN_POINT('',(-0.945025744455,1.618158988674E-03,
    1.448995225764E-02));
#2209 = CARTESIAN_POINT('',(-0.991548335241,1.415984962366E-03,
    1.585926419567E-02));
#2210 = CARTESIAN_POINT('',(-1.0122,1.570704855696E-03,1.39555907121E-02
    ));
#2211 = PCURVE('',#2100,#2212);
#2212 = DEFINITIONAL_REPRESENTATION('',(#2213),#2217);
#2213 = LINE('',#2214,#2215);
#2214 = CARTESIAN_POINT('',(18.,0.));
#2215 = VECTOR('',#2216,1.);
#2216 = DIRECTION('',(0.,1.));
#2217 = ( GEOMETRIC_REPRESENTATION_CONTEXT(2) 
PARAMETRIC_REPRESENTATION_CONTEXT() REPRESENTATION_CONTEXT('2D SPACE',''
  ) );
#2218 = PCURVE('',#2219,#2256);
#2219 = ( BOUNDED_SURFACE() B_SPLINE_SURFACE(1,3,(
    (#2220,#2221,#2222,#2223,#2224,#2225,#2226,#2227,#2228,#2229,#2230
      ,#2231,#2232,#2233,#2234,#2235,#2236,#2237)
    ,(#2238,#2239,#2240,#2241,#2242,#2243,#2244,#2245,#2246,#2247,#2248
      ,#2249,#2250,#2251,#2252,#2253,#2254,#2255
)),.UNSPECIFIED.,.F.,.F.,.F.) B_SPLINE_SURFACE_WITH_KNOTS((2,2),(4,1,1,1
    ,1,1,1,1,1,1,1,1,1,1,1,4),(18.,19.),(0.,3.281818483209E-02,
    8.331472171401E-02,0.163169600212,0.282607356412,0.362210128519,
    0.441821211418,0.521490445595,0.611262750889,0.691167944743,
    0.761109091848,0.800978053181,0.860692828618,0.910445018305,
0.96019726339,1.),.UNSPECIFIED.) GEOMETRIC_REPRESENTATION_ITEM() 
RATIONAL_B_SPLINE_SURFACE((
    (1.,1.,1.,1.,1.,1.,1.,1.,1.,1.,1.,1.,1.,1.,0.999999999999
      ,1.000000000004,0.999999999993,1.)
    ,(1.,1.,1.,1.,1.,1.,1.,1.,1.,1.,1.,1.,1.,1.,0.999999999999
,1.000000000004,0.999999999993,1.
  ))) REPRESENTATION_ITEM('') SURFACE() );
#2220 = CARTESIAN_POINT('',(0.5378,1.047136570464E-03,7.974623264059E-03
    ));
#2221 = CARTESIAN_POINT('',(0.523430650188,2.247250589863E-03,
    1.874552115685E-02));
#2222 = CARTESIAN_POINT('',(0.483258792956,4.118919882108E-03,
    3.495418687892E-02));
#2223 = CARTESIAN_POINT('',(0.398489817948,5.415503210738E-03,
    4.637591836045E-02));
#2224 = CARTESIAN_POINT('',(0.269462582488,6.411734066353E-03,
    5.798156616544E-02));
#2225 = CARTESIAN_POINT('',(0.124451460313,6.635524414103E-03,
    5.946075756816E-02));
#2226 = CARTESIAN_POINT('',(-2.019705092663E-02,6.890249749078E-03,
    6.147380059375E-02));
#2227 = CARTESIAN_POINT('',(-0.144245251992,6.60531079694E-03,
    5.919465515759E-02));
#2228 = CARTESIAN_POINT('',(-0.273480101183,5.927839891251E-03,
    5.442526462312E-02));
#2229 = CARTESIAN_POINT('',(-0.402617556702,4.815708754555E-03,
    4.439143312793E-02));
#2230 = CARTESIAN_POINT('',(-0.526576732963,3.446360528636E-03,
    3.407329897094E-02));
#2231 = CARTESIAN_POINT('',(-0.624580534573,2.42352657509E-03,
    2.256951196905E-02));
#2232 = CARTESIAN_POINT('',(-0.712476506696,1.869783903084E-03,
    1.679644240389E-02));
#2233 = CARTESIAN_POINT('',(-0.790028640266,1.65117377019E-03,
    1.611396545498E-02));
#2234 = CARTESIAN_POINT('',(-0.872701839491,1.735838994664E-03,
    1.480374649053E-02));
#2235 = CARTESIAN_POINT('',(-0.945025744455,1.618158988674E-03,
    1.448995225764E-02));
#2236 = CARTESIAN_POINT('',(-0.991548335241,1.415984962366E-03,
    1.585926419567E-02));
#2237 = CARTESIAN_POINT('',(-1.0122,1.570704855696E-03,1.39555907121E-02
    ));
#2238 = CARTESIAN_POINT('',(0.5378,2.467406476662E-16,8.E-03));
#2239 = CARTESIAN_POINT('',(0.523430650188,5.295279351818E-16,
    1.880517289519E-02));
#2240 = CARTESIAN_POINT('',(0.483258792956,9.705562655939E-16,
    3.506541760936E-02));
#2241 = CARTESIAN_POINT('',(0.398489817948,1.276074971829E-15,
    4.652349516694E-02));
#2242 = CARTESIAN_POINT('',(0.269462582488,1.510820518373E-15,
    5.816607430399E-02));
#2243 = CARTESIAN_POINT('',(0.124451460313,1.563553062439E-15,
    5.964997276914E-02));
#2244 = CARTESIAN_POINT('',(-2.019705092663E-02,1.623574931507E-15,
    6.166942167243E-02));
#2245 = CARTESIAN_POINT('',(-0.144245251992,1.556433716522E-15,
    5.938302357116E-02));
#2246 = CARTESIAN_POINT('',(-0.273480101183,1.396798751266E-15,
    5.459845594804E-02));
#2247 = CARTESIAN_POINT('',(-0.402617556702,1.134743194524E-15,
    4.453269493294E-02));
#2248 = CARTESIAN_POINT('',(-0.526576732963,8.120786274803E-16,
    3.418172655203E-02));
#2249 = CARTESIAN_POINT('',(-0.624580534573,5.710644949674E-16,
    2.264133235812E-02));
#2250 = CARTESIAN_POINT('',(-0.712476506696,4.405840692187E-16,
    1.684989181078E-02));
#2251 = CARTESIAN_POINT('',(-0.790028640266,3.890721582632E-16,
    1.616524309314E-02));
#2252 = CARTESIAN_POINT('',(-0.872701839491,4.090221370034E-16,
    1.485085476807E-02));
#2253 = CARTESIAN_POINT('',(-0.945025744455,3.812927636767E-16,
    1.45360619833E-02));
#2254 = CARTESIAN_POINT('',(-0.991548335241,3.336537530469E-16,
    1.590973132729E-02));
#2255 = CARTESIAN_POINT('',(-1.0122,3.701109714992E-16,1.4E-02));
#2256 = DEFINITIONAL_REPRESENTATION('',(#2257),#2261);
#2257 = LINE('',#2258,#2259);
#2258 = CARTESIAN_POINT('',(18.,0.));
#2259 = VECTOR('',#2260,1.);
#2260 = DIRECTION('',(0.,1.));
#2261 = ( GEOMETRIC_REPRESENTATION_CONTEXT(2) 
PARAMETRIC_REPRESENTATION_CONTEXT() REPRESENTATION_CONTEXT('2D SPACE',''
  ) );
#2262 = ORIENTED_EDGE('',*,*,#2263,.F.);
#2263 = EDGE_CURVE('',#2070,#2189,#2264,.T.);
#2264 = SURFACE_CURVE('',#2265,(#2268,#2275),.PCURVE_S1.);
#2265 = B_SPLINE_CURVE_WITH_KNOTS('',1,(#2266,#2267),.UNSPECIFIED.,.F.,
  .F.,(2,2),(17.,18.),.PIECEWISE_BEZIER_KNOTS.);
#2266 = CARTESIAN_POINT('',(-1.0122,2.789800221323E-03,
    1.382253138859E-02));
#2267 = CARTESIAN_POINT('',(-1.0122,1.570704855696E-03,1.39555907121E-02
    ));
#2268 = PCURVE('',#2100,#2269);
#2269 = DEFINITIONAL_REPRESENTATION('',(#2270),#2274);
#2270 = LINE('',#2271,#2272);
#2271 = CARTESIAN_POINT('',(0.,1.));
#2272 = VECTOR('',#2273,1.);
#2273 = DIRECTION('',(1.,0.));
#2274 = ( GEOMETRIC_REPRESENTATION_CONTEXT(2) 
PARAMETRIC_REPRESENTATION_CONTEXT() REPRESENTATION_CONTEXT('2D SPACE',''
  ) );
#2275 = PCURVE('',#176,#2276);
#2276 = DEFINITIONAL_REPRESENTATION('',(#2277),#2280);
#2277 = B_SPLINE_CURVE_WITH_KNOTS('',1,(#2278,#2279),.UNSPECIFIED.,.F.,
  .F.,(2,2),(17.,18.),.PIECEWISE_BEZIER_KNOTS.);
#2278 = CARTESIAN_POINT('',(1.459784824919E-02,-1.077546028251E-02));
#2279 = CARTESIAN_POINT('',(1.577077133667E-02,-1.041748022034E-02));
#2280 = ( GEOMETRIC_REPRESENTATION_CONTEXT(2) 
PARAMETRIC_REPRESENTATION_CONTEXT() REPRESENTATION_CONTEXT('2D SPACE',''
  ) );
#2281 = ORIENTED_EDGE('',*,*,#2069,.F.);
#2282 = ADVANCED_FACE('',(#2283),#2219,.F.);
#2283 = FACE_BOUND('',#2284,.F.);
#2284 = EDGE_LOOP('',(#2285,#2306,#2381,#2400));
#2285 = ORIENTED_EDGE('',*,*,#2286,.T.);
#2286 = EDGE_CURVE('',#2168,#2287,#2289,.T.);
#2287 = VERTEX_POINT('',#2288);
#2288 = CARTESIAN_POINT('',(0.5378,2.467406476662E-16,8.E-03));
#2289 = SURFACE_CURVE('',#2290,(#2293,#2300),.PCURVE_S1.);
#2290 = B_SPLINE_CURVE_WITH_KNOTS('',1,(#2291,#2292),.UNSPECIFIED.,.F.,
  .F.,(2,2),(18.,19.),.PIECEWISE_BEZIER_KNOTS.);
#2291 = CARTESIAN_POINT('',(0.5378,1.047136570464E-03,7.974623264059E-03
    ));
#2292 = CARTESIAN_POINT('',(0.5378,2.467406476662E-16,8.E-03));
#2293 = PCURVE('',#2219,#2294);
#2294 = DEFINITIONAL_REPRESENTATION('',(#2295),#2299);
#2295 = LINE('',#2296,#2297);
#2296 = CARTESIAN_POINT('',(0.,0.));
#2297 = VECTOR('',#2298,1.);
#2298 = DIRECTION('',(1.,0.));
#2299 = ( GEOMETRIC_REPRESENTATION_CONTEXT(2) 
PARAMETRIC_REPRESENTATION_CONTEXT() REPRESENTATION_CONTEXT('2D SPACE',''
  ) );
#2300 = PCURVE('',#75,#2301);
#2301 = DEFINITIONAL_REPRESENTATION('',(#2302),#2305);
#2302 = B_SPLINE_CURVE_WITH_KNOTS('',1,(#2303,#2304),.UNSPECIFIED.,.F.,
  .F.,(2,2),(18.,19.),.PIECEWISE_BEZIER_KNOTS.);
#2303 = CARTESIAN_POINT('',(8.781744890442E-03,-7.229327706014E-03));
#2304 = CARTESIAN_POINT('',(9.807683227011E-03,-7.018165433138E-03));
#2305 = ( GEOMETRIC_REPRESENTATION_CONTEXT(2) 
PARAMETRIC_REPRESENTATION_CONTEXT() REPRESENTATION_CONTEXT('2D SPACE',''
  ) );
#2306 = ORIENTED_EDGE('',*,*,#2307,.T.);
#2307 = EDGE_CURVE('',#2287,#2308,#2310,.T.);
#2308 = VERTEX_POINT('',#2309);
#2309 = CARTESIAN_POINT('',(-1.0122,3.701109714992E-16,1.4E-02));
#2310 = SURFACE_CURVE('',#2311,(#2330,#2337),.PCURVE_S1.);
#2311 = ( BOUNDED_CURVE() B_SPLINE_CURVE(3,(#2312,#2313,#2314,#2315,
    #2316,#2317,#2318,#2319,#2320,#2321,#2322,#2323,#2324,#2325,#2326,
#2327,#2328,#2329),.UNSPECIFIED.,.F.,.F.) B_SPLINE_CURVE_WITH_KNOTS((4,1
    ,1,1,1,1,1,1,1,1,1,1,1,1,1,4),(0.,3.281818483209E-02,
    8.331472171401E-02,0.163169600212,0.282607356412,0.362210128519,
    0.441821211418,0.521490445595,0.611262750889,0.691167944743,
    0.761109091848,0.800978053181,0.860692828618,0.910445018305,
0.96019726339,1.),.UNSPECIFIED.) CURVE() GEOMETRIC_REPRESENTATION_ITEM()
 RATIONAL_B_SPLINE_CURVE((1.,1.,1.,1.,1.,1.,1.,1.,1.,1.,1.,1.,1.,1.,
    0.999999999999,1.000000000004,0.999999999993,1.)) 
REPRESENTATION_ITEM('') );
#2312 = CARTESIAN_POINT('',(0.5378,2.467406476662E-16,8.E-03));
#2313 = CARTESIAN_POINT('',(0.523430650188,5.295279351818E-16,
    1.880517289519E-02));
#2314 = CARTESIAN_POINT('',(0.483258792956,9.705562655939E-16,
    3.506541760936E-02));
#2315 = CARTESIAN_POINT('',(0.398489817948,1.276074971829E-15,
    4.652349516694E-02));
#2316 = CARTESIAN_POINT('',(0.269462582488,1.510820518373E-15,
    5.816607430399E-02));
#2317 = CARTESIAN_POINT('',(0.124451460313,1.563553062439E-15,
    5.964997276914E-02));
#2318 = CARTESIAN_POINT('',(-2.019705092663E-02,1.623574931507E-15,
    6.166942167243E-02));
#2319 = CARTESIAN_POINT('',(-0.144245251992,1.556433716522E-15,
    5.938302357116E-02));
#2320 = CARTESIAN_POINT('',(-0.273480101183,1.396798751266E-15,
    5.459845594804E-02));
#2321 = CARTESIAN_POINT('',(-0.402617556702,1.134743194524E-15,
    4.453269493294E-02));
#2322 = CARTESIAN_POINT('',(-0.526576732963,8.120786274803E-16,
    3.418172655203E-02));
#2323 = CARTESIAN_POINT('',(-0.624580534573,5.710644949674E-16,
    2.264133235812E-02));
#2324 = CARTESIAN_POINT('',(-0.712476506696,4.405840692187E-16,
    1.684989181078E-02));
#2325 = CARTESIAN_POINT('',(-0.790028640266,3.890721582632E-16,
    1.616524309314E-02));
#2326 = CARTESIAN_POINT('',(-0.872701839491,4.090221370034E-16,
    1.485085476807E-02));
#2327 = CARTESIAN_POINT('',(-0.945025744455,3.812927636767E-16,
    1.45360619833E-02));
#2328 = CARTESIAN_POINT('',(-0.991548335241,3.336537530469E-16,
    1.590973132729E-02));
#2329 = CARTESIAN_POINT('',(-1.0122,3.701109714992E-16,1.4E-02));
#2330 = PCURVE('',#2219,#2331);
#2331 = DEFINITIONAL_REPRESENTATION('',(#2332),#2336);
#2332 = LINE('',#2333,#2334);
#2333 = CARTESIAN_POINT('',(19.,0.));
#2334 = VECTOR('',#2335,1.);
#2335 = DIRECTION('',(0.,1.));
#2336 = ( GEOMETRIC_REPRESENTATION_CONTEXT(2) 
PARAMETRIC_REPRESENTATION_CONTEXT() REPRESENTATION_CONTEXT('2D SPACE',''
  ) );
#2337 = PCURVE('',#2338,#2375);
#2338 = ( BOUNDED_SURFACE() B_SPLINE_SURFACE(1,3,(
    (#2339,#2340,#2341,#2342,#2343,#2344,#2345,#2346,#2347,#2348,#2349
      ,#2350,#2351,#2352,#2353,#2354,#2355,#2356)
    ,(#2357,#2358,#2359,#2360,#2361,#2362,#2363,#2364,#2365,#2366,#2367
      ,#2368,#2369,#2370,#2371,#2372,#2373,#2374
)),.UNSPECIFIED.,.F.,.F.,.F.) B_SPLINE_SURFACE_WITH_KNOTS((2,2),(4,1,1,1
    ,1,1,1,1,1,1,1,1,1,1,1,4),(19.,20.),(0.,3.281818483209E-02,
    8.331472171401E-02,0.163169600212,0.282607356412,0.362210128519,
    0.441821211418,0.521490445595,0.611262750889,0.691167944743,
    0.761109091848,0.800978053181,0.860692828618,0.910445018305,
0.96019726339,1.),.UNSPECIFIED.) GEOMETRIC_REPRESENTATION_ITEM() 
RATIONAL_B_SPLINE_SURFACE((
    (1.,1.,1.,1.,1.,1.,1.,1.,1.,1.,1.,1.,1.,1.,0.999999999999
      ,1.000000000004,0.999999999993,1.)
    ,(1.,1.,1.,1.,1.,1.,1.,1.,1.,1.,1.,1.,1.,1.,0.999999999999
,1.000000000004,0.999999999993,1.
  ))) REPRESENTATION_ITEM('') SURFACE() );
#2339 = CARTESIAN_POINT('',(0.5378,2.467406476662E-16,8.E-03));
#2340 = CARTESIAN_POINT('',(0.523430650188,5.295279351818E-16,
    1.880517289519E-02));
#2341 = CARTESIAN_POINT('',(0.483258792956,9.705562655939E-16,
    3.506541760936E-02));
#2342 = CARTESIAN_POINT('',(0.398489817948,1.276074971829E-15,
    4.652349516694E-02));
#2343 = CARTESIAN_POINT('',(0.269462582488,1.510820518373E-15,
    5.816607430399E-02));
#2344 = CARTESIAN_POINT('',(0.124451460313,1.563553062439E-15,
    5.964997276914E-02));
#2345 = CARTESIAN_POINT('',(-2.019705092663E-02,1.623574931507E-15,
    6.166942167243E-02));
#2346 = CARTESIAN_POINT('',(-0.144245251992,1.556433716522E-15,
    5.938302357116E-02));
#2347 = CARTESIAN_POINT('',(-0.273480101183,1.396798751266E-15,
    5.459845594804E-02));
#2348 = CARTESIAN_POINT('',(-0.402617556702,1.134743194524E-15,
    4.453269493294E-02));
#2349 = CARTESIAN_POINT('',(-0.526576732963,8.120786274803E-16,
    3.418172655203E-02));
#2350 = CARTESIAN_POINT('',(-0.624580534573,5.710644949674E-16,
    2.264133235812E-02));
#2351 = CARTESIAN_POINT('',(-0.712476506696,4.405840692187E-16,
    1.684989181078E-02));
#2352 = CARTESIAN_POINT('',(-0.790028640266,3.890721582632E-16,
    1.616524309314E-02));
#2353 = CARTESIAN_POINT('',(-0.872701839491,4.090221370034E-16,
    1.485085476807E-02));
#2354 = CARTESIAN_POINT('',(-0.945025744455,3.812927636767E-16,
    1.45360619833E-02));
#2355 = CARTESIAN_POINT('',(-0.991548335241,3.336537530469E-16,
    1.590973132729E-02));
#2356 = CARTESIAN_POINT('',(-1.0122,3.701109714992E-16,1.4E-02));
#2357 = CARTESIAN_POINT('',(0.5378,-1.047136570464E-03,
    7.974623264059E-03));
#2358 = CARTESIAN_POINT('',(0.523430650188,-2.247250589862E-03,
    1.874552115685E-02));
#2359 = CARTESIAN_POINT('',(0.483258792956,-4.118919882108E-03,
    3.495418687892E-02));
#2360 = CARTESIAN_POINT('',(0.398489817948,-5.415503210738E-03,
    4.637591836045E-02));
#2361 = CARTESIAN_POINT('',(0.269462582488,-6.411734066353E-03,
    5.798156616544E-02));
#2362 = CARTESIAN_POINT('',(0.124451460313,-6.635524414103E-03,
    5.946075756816E-02));
#2363 = CARTESIAN_POINT('',(-2.019705092663E-02,-6.890249749078E-03,
    6.147380059375E-02));
#2364 = CARTESIAN_POINT('',(-0.144245251992,-6.60531079694E-03,
    5.919465515759E-02));
#2365 = CARTESIAN_POINT('',(-0.273480101183,-5.927839891251E-03,
    5.442526462312E-02));
#2366 = CARTESIAN_POINT('',(-0.402617556702,-4.815708754555E-03,
    4.439143312793E-02));
#2367 = CARTESIAN_POINT('',(-0.526576732963,-3.446360528636E-03,
    3.407329897094E-02));
#2368 = CARTESIAN_POINT('',(-0.624580534573,-2.42352657509E-03,
    2.256951196905E-02));
#2369 = CARTESIAN_POINT('',(-0.712476506696,-1.869783903084E-03,
    1.679644240389E-02));
#2370 = CARTESIAN_POINT('',(-0.790028640266,-1.651173770191E-03,
    1.611396545498E-02));
#2371 = CARTESIAN_POINT('',(-0.872701839491,-1.735838994662E-03,
    1.480374649053E-02));
#2372 = CARTESIAN_POINT('',(-0.945025744455,-1.618158988682E-03,
    1.448995225764E-02));
#2373 = CARTESIAN_POINT('',(-0.991548335241,-1.415984962352E-03,
    1.585926419567E-02));
#2374 = CARTESIAN_POINT('',(-1.0122,-1.570704855696E-03,
    1.39555907121E-02));
#2375 = DEFINITIONAL_REPRESENTATION('',(#2376),#2380);
#2376 = LINE('',#2377,#2378);
#2377 = CARTESIAN_POINT('',(19.,0.));
#2378 = VECTOR('',#2379,1.);
#2379 = DIRECTION('',(0.,1.));
#2380 = ( GEOMETRIC_REPRESENTATION_CONTEXT(2) 
PARAMETRIC_REPRESENTATION_CONTEXT() REPRESENTATION_CONTEXT('2D SPACE',''
  ) );
#2381 = ORIENTED_EDGE('',*,*,#2382,.F.);
#2382 = EDGE_CURVE('',#2189,#2308,#2383,.T.);
#2383 = SURFACE_CURVE('',#2384,(#2387,#2394),.PCURVE_S1.);
#2384 = B_SPLINE_CURVE_WITH_KNOTS('',1,(#2385,#2386),.UNSPECIFIED.,.F.,
  .F.,(2,2),(18.,19.),.PIECEWISE_BEZIER_KNOTS.);
#2385 = CARTESIAN_POINT('',(-1.0122,1.570704855696E-03,1.39555907121E-02
    ));
#2386 = CARTESIAN_POINT('',(-1.0122,3.701109714992E-16,1.4E-02));
#2387 = PCURVE('',#2219,#2388);
#2388 = DEFINITIONAL_REPRESENTATION('',(#2389),#2393);
#2389 = LINE('',#2390,#2391);
#2390 = CARTESIAN_POINT('',(0.,1.));
#2391 = VECTOR('',#2392,1.);
#2392 = DIRECTION('',(1.,0.));
#2393 = ( GEOMETRIC_REPRESENTATION_CONTEXT(2) 
PARAMETRIC_REPRESENTATION_CONTEXT() REPRESENTATION_CONTEXT('2D SPACE',''
  ) );
#2394 = PCURVE('',#176,#2395);
#2395 = DEFINITIONAL_REPRESENTATION('',(#2396),#2399);
#2396 = B_SPLINE_CURVE_WITH_KNOTS('',1,(#2397,#2398),.UNSPECIFIED.,.F.,
  .F.,(2,2),(18.,19.),.PIECEWISE_BEZIER_KNOTS.);
#2397 = CARTESIAN_POINT('',(1.577077133667E-02,-1.041748022034E-02));
#2398 = CARTESIAN_POINT('',(1.723194313501E-02,-9.839498469511E-03));
#2399 = ( GEOMETRIC_REPRESENTATION_CONTEXT(2) 
PARAMETRIC_REPRESENTATION_CONTEXT() REPRESENTATION_CONTEXT('2D SPACE',''
  ) );
#2400 = ORIENTED_EDGE('',*,*,#2188,.F.);
#2401 = ADVANCED_FACE('',(#2402),#2338,.F.);
#2402 = FACE_BOUND('',#2403,.F.);
#2403 = EDGE_LOOP('',(#2404,#2425,#2500,#2519));
#2404 = ORIENTED_EDGE('',*,*,#2405,.T.);
#2405 = EDGE_CURVE('',#2287,#2406,#2408,.T.);
#2406 = VERTEX_POINT('',#2407);
#2407 = CARTESIAN_POINT('',(0.5378,-1.047136570464E-03,
    7.974623264059E-03));
#2408 = SURFACE_CURVE('',#2409,(#2412,#2419),.PCURVE_S1.);
#2409 = B_SPLINE_CURVE_WITH_KNOTS('',1,(#2410,#2411),.UNSPECIFIED.,.F.,
  .F.,(2,2),(19.,20.),.PIECEWISE_BEZIER_KNOTS.);
#2410 = CARTESIAN_POINT('',(0.5378,2.467406476662E-16,8.E-03));
#2411 = CARTESIAN_POINT('',(0.5378,-1.047136570464E-03,
    7.974623264059E-03));
#2412 = PCURVE('',#2338,#2413);
#2413 = DEFINITIONAL_REPRESENTATION('',(#2414),#2418);
#2414 = LINE('',#2415,#2416);
#2415 = CARTESIAN_POINT('',(0.,0.));
#2416 = VECTOR('',#2417,1.);
#2417 = DIRECTION('',(1.,0.));
#2418 = ( GEOMETRIC_REPRESENTATION_CONTEXT(2) 
PARAMETRIC_REPRESENTATION_CONTEXT() REPRESENTATION_CONTEXT('2D SPACE',''
  ) );
#2419 = PCURVE('',#75,#2420);
#2420 = DEFINITIONAL_REPRESENTATION('',(#2421),#2424);
#2421 = B_SPLINE_CURVE_WITH_KNOTS('',1,(#2422,#2423),.UNSPECIFIED.,.F.,
  .F.,(2,2),(19.,20.),.PIECEWISE_BEZIER_KNOTS.);
#2422 = CARTESIAN_POINT('',(9.807683227011E-03,-7.018165433138E-03));
#2423 = CARTESIAN_POINT('',(1.08221884119E-02,-6.757554217394E-03));
#2424 = ( GEOMETRIC_REPRESENTATION_CONTEXT(2) 
PARAMETRIC_REPRESENTATION_CONTEXT() REPRESENTATION_CONTEXT('2D SPACE',''
  ) );
#2425 = ORIENTED_EDGE('',*,*,#2426,.T.);
#2426 = EDGE_CURVE('',#2406,#2427,#2429,.T.);
#2427 = VERTEX_POINT('',#2428);
#2428 = CARTESIAN_POINT('',(-1.0122,-1.570704855696E-03,
    1.39555907121E-02));
#2429 = SURFACE_CURVE('',#2430,(#2449,#2456),.PCURVE_S1.);
#2430 = ( BOUNDED_CURVE() B_SPLINE_CURVE(3,(#2431,#2432,#2433,#2434,
    #2435,#2436,#2437,#2438,#2439,#2440,#2441,#2442,#2443,#2444,#2445,
#2446,#2447,#2448),.UNSPECIFIED.,.F.,.F.) B_SPLINE_CURVE_WITH_KNOTS((4,1
    ,1,1,1,1,1,1,1,1,1,1,1,1,1,4),(0.,3.281818483209E-02,
    8.331472171401E-02,0.163169600212,0.282607356412,0.362210128519,
    0.441821211418,0.521490445595,0.611262750889,0.691167944743,
    0.761109091848,0.800978053181,0.860692828618,0.910445018305,
0.96019726339,1.),.UNSPECIFIED.) CURVE() GEOMETRIC_REPRESENTATION_ITEM()
 RATIONAL_B_SPLINE_CURVE((1.,1.,1.,1.,1.,1.,1.,1.,1.,1.,1.,1.,1.,1.,
    0.999999999999,1.000000000004,0.999999999993,1.)) 
REPRESENTATION_ITEM('') );
#2431 = CARTESIAN_POINT('',(0.5378,-1.047136570464E-03,
    7.974623264059E-03));
#2432 = CARTESIAN_POINT('',(0.523430650188,-2.247250589862E-03,
    1.874552115685E-02));
#2433 = CARTESIAN_POINT('',(0.483258792956,-4.118919882108E-03,
    3.495418687892E-02));
#2434 = CARTESIAN_POINT('',(0.398489817948,-5.415503210738E-03,
    4.637591836045E-02));
#2435 = CARTESIAN_POINT('',(0.269462582488,-6.411734066353E-03,
    5.798156616544E-02));
#2436 = CARTESIAN_POINT('',(0.124451460313,-6.635524414103E-03,
    5.946075756816E-02));
#2437 = CARTESIAN_POINT('',(-2.019705092663E-02,-6.890249749078E-03,
    6.147380059375E-02));
#2438 = CARTESIAN_POINT('',(-0.144245251992,-6.60531079694E-03,
    5.919465515759E-02));
#2439 = CARTESIAN_POINT('',(-0.273480101183,-5.927839891251E-03,
    5.442526462312E-02));
#2440 = CARTESIAN_POINT('',(-0.402617556702,-4.815708754555E-03,
    4.439143312793E-02));
#2441 = CARTESIAN_POINT('',(-0.526576732963,-3.446360528636E-03,
    3.407329897094E-02));
#2442 = CARTESIAN_POINT('',(-0.624580534573,-2.42352657509E-03,
    2.256951196905E-02));
#2443 = CARTESIAN_POINT('',(-0.712476506696,-1.869783903084E-03,
    1.679644240389E-02));
#2444 = CARTESIAN_POINT('',(-0.790028640266,-1.651173770191E-03,
    1.611396545498E-02));
#2445 = CARTESIAN_POINT('',(-0.872701839491,-1.735838994662E-03,
    1.480374649053E-02));
#2446 = CARTESIAN_POINT('',(-0.945025744455,-1.618158988682E-03,
    1.448995225764E-02));
#2447 = CARTESIAN_POINT('',(-0.991548335241,-1.415984962352E-03,
    1.585926419567E-02));
#2448 = CARTESIAN_POINT('',(-1.0122,-1.570704855696E-03,
    1.39555907121E-02));
#2449 = PCURVE('',#2338,#2450);
#2450 = DEFINITIONAL_REPRESENTATION('',(#2451),#2455);
#2451 = LINE('',#2452,#2453);
#2452 = CARTESIAN_POINT('',(20.,0.));
#2453 = VECTOR('',#2454,1.);
#2454 = DIRECTION('',(0.,1.));
#2455 = ( GEOMETRIC_REPRESENTATION_CONTEXT(2) 
PARAMETRIC_REPRESENTATION_CONTEXT() REPRESENTATION_CONTEXT('2D SPACE',''
  ) );
#2456 = PCURVE('',#2457,#2494);
#2457 = ( BOUNDED_SURFACE() B_SPLINE_SURFACE(1,3,(
    (#2458,#2459,#2460,#2461,#2462,#2463,#2464,#2465,#2466,#2467,#2468
      ,#2469,#2470,#2471,#2472,#2473,#2474,#2475)
    ,(#2476,#2477,#2478,#2479,#2480,#2481,#2482,#2483,#2484,#2485,#2486
      ,#2487,#2488,#2489,#2490,#2491,#2492,#2493
)),.UNSPECIFIED.,.F.,.F.,.F.) B_SPLINE_SURFACE_WITH_KNOTS((2,2),(4,1,1,1
    ,1,1,1,1,1,1,1,1,1,1,1,4),(20.,21.),(0.,3.281818483209E-02,
    8.331472171401E-02,0.163169600212,0.282607356412,0.362210128519,
    0.441821211418,0.521490445595,0.611262750889,0.691167944743,
    0.761109091848,0.800978053181,0.860692828618,0.910445018305,
0.96019726339,1.),.UNSPECIFIED.) GEOMETRIC_REPRESENTATION_ITEM() 
RATIONAL_B_SPLINE_SURFACE((
    (1.,1.,1.,1.,1.,1.,1.,1.,1.,1.,1.,1.,1.,1.,0.999999999999
      ,1.000000000004,0.999999999993,1.)
    ,(1.,1.,1.,1.,1.,1.,1.,1.,1.,1.,1.,1.,1.,1.,0.999999999999
,1.000000000004,0.999999999993,1.
  ))) REPRESENTATION_ITEM('') SURFACE() );
#2458 = CARTESIAN_POINT('',(0.5378,-1.047136570464E-03,
    7.974623264059E-03));
#2459 = CARTESIAN_POINT('',(0.523430650188,-2.247250589862E-03,
    1.874552115685E-02));
#2460 = CARTESIAN_POINT('',(0.483258792956,-4.118919882108E-03,
    3.495418687892E-02));
#2461 = CARTESIAN_POINT('',(0.398489817948,-5.415503210738E-03,
    4.637591836045E-02));
#2462 = CARTESIAN_POINT('',(0.269462582488,-6.411734066353E-03,
    5.798156616544E-02));
#2463 = CARTESIAN_POINT('',(0.124451460313,-6.635524414103E-03,
    5.946075756816E-02));
#2464 = CARTESIAN_POINT('',(-2.019705092663E-02,-6.890249749078E-03,
    6.147380059375E-02));
#2465 = CARTESIAN_POINT('',(-0.144245251992,-6.60531079694E-03,
    5.919465515759E-02));
#2466 = CARTESIAN_POINT('',(-0.273480101183,-5.927839891251E-03,
    5.442526462312E-02));
#2467 = CARTESIAN_POINT('',(-0.402617556702,-4.815708754555E-03,
    4.439143312793E-02));
#2468 = CARTESIAN_POINT('',(-0.526576732963,-3.446360528636E-03,
    3.407329897094E-02));
#2469 = CARTESIAN_POINT('',(-0.624580534573,-2.42352657509E-03,
    2.256951196905E-02));
#2470 = CARTESIAN_POINT('',(-0.712476506696,-1.869783903084E-03,
    1.679644240389E-02));
#2471 = CARTESIAN_POINT('',(-0.790028640266,-1.651173770191E-03,
    1.611396545498E-02));
#2472 = CARTESIAN_POINT('',(-0.872701839491,-1.735838994662E-03,
    1.480374649053E-02));
#2473 = CARTESIAN_POINT('',(-0.945025744455,-1.618158988682E-03,
    1.448995225764E-02));
#2474 = CARTESIAN_POINT('',(-0.991548335241,-1.415984962352E-03,
    1.585926419567E-02));
#2475 = CARTESIAN_POINT('',(-1.0122,-1.570704855696E-03,
    1.39555907121E-02));
#2476 = CARTESIAN_POINT('',(0.5378,-1.859866814215E-03,
    7.898589364907E-03));
#2477 = CARTESIAN_POINT('',(0.523430650188,-3.99144382233E-03,
    1.856679232941E-02));
#2478 = CARTESIAN_POINT('',(0.483258792956,-7.315800646471E-03,
    3.462091682565E-02));
#2479 = CARTESIAN_POINT('',(0.398489817948,-9.61872117547E-03,
    4.593374801799E-02));
#2480 = CARTESIAN_POINT('',(0.269462582488,-1.138817203787E-02,
    5.742874198699E-02));
#2481 = CARTESIAN_POINT('',(0.124451460313,-1.178565623703E-02,
    5.889383006642E-02));
#2482 = CARTESIAN_POINT('',(-2.019705092663E-02,-1.223808547178E-02,
    6.088767977023E-02));
#2483 = CARTESIAN_POINT('',(-0.144245251992,-1.173199245956E-02,
    5.86302648044E-02));
#2484 = CARTESIAN_POINT('',(-0.273480101183,-1.05287056194E-02,
    5.390634793645E-02));
#2485 = CARTESIAN_POINT('',(-0.402617556702,-8.553399004637E-03,
    4.39681838235E-02));
#2486 = CARTESIAN_POINT('',(-0.526576732963,-6.121237437245E-03,
    3.374842772725E-02));
#2487 = CARTESIAN_POINT('',(-0.624580534573,-4.304535604541E-03,
    2.23543233714E-02));
#2488 = CARTESIAN_POINT('',(-0.712476506696,-3.321008098838E-03,
    1.663629703206E-02));
#2489 = CARTESIAN_POINT('',(-0.790028640266,-2.932724714525E-03,
    1.596032714707E-02));
#2490 = CARTESIAN_POINT('',(-0.872701839491,-3.083102464425E-03,
    1.466260044138E-02));
#2491 = CARTESIAN_POINT('',(-0.945025744455,-2.874085661873E-03,
    1.435179807353E-02));
#2492 = CARTESIAN_POINT('',(-0.991548335241,-2.514995192755E-03,
    1.570805433269E-02));
#2493 = CARTESIAN_POINT('',(-1.0122,-2.789800221323E-03,
    1.382253138859E-02));
#2494 = DEFINITIONAL_REPRESENTATION('',(#2495),#2499);
#2495 = LINE('',#2496,#2497);
#2496 = CARTESIAN_POINT('',(20.,0.));
#2497 = VECTOR('',#2498,1.);
#2498 = DIRECTION('',(0.,1.));
#2499 = ( GEOMETRIC_REPRESENTATION_CONTEXT(2) 
PARAMETRIC_REPRESENTATION_CONTEXT() REPRESENTATION_CONTEXT('2D SPACE',''
  ) );
#2500 = ORIENTED_EDGE('',*,*,#2501,.F.);
#2501 = EDGE_CURVE('',#2308,#2427,#2502,.T.);
#2502 = SURFACE_CURVE('',#2503,(#2506,#2513),.PCURVE_S1.);
#2503 = B_SPLINE_CURVE_WITH_KNOTS('',1,(#2504,#2505),.UNSPECIFIED.,.F.,
  .F.,(2,2),(19.,20.),.PIECEWISE_BEZIER_KNOTS.);
#2504 = CARTESIAN_POINT('',(-1.0122,3.701109714992E-16,1.4E-02));
#2505 = CARTESIAN_POINT('',(-1.0122,-1.570704855696E-03,
    1.39555907121E-02));
#2506 = PCURVE('',#2338,#2507);
#2507 = DEFINITIONAL_REPRESENTATION('',(#2508),#2512);
#2508 = LINE('',#2509,#2510);
#2509 = CARTESIAN_POINT('',(0.,1.));
#2510 = VECTOR('',#2511,1.);
#2511 = DIRECTION('',(1.,0.));
#2512 = ( GEOMETRIC_REPRESENTATION_CONTEXT(2) 
PARAMETRIC_REPRESENTATION_CONTEXT() REPRESENTATION_CONTEXT('2D SPACE',''
  ) );
#2513 = PCURVE('',#176,#2514);
#2514 = DEFINITIONAL_REPRESENTATION('',(#2515),#2518);
#2515 = B_SPLINE_CURVE_WITH_KNOTS('',1,(#2516,#2517),.UNSPECIFIED.,.F.,
  .F.,(2,2),(19.,20.),.PIECEWISE_BEZIER_KNOTS.);
#2516 = CARTESIAN_POINT('',(1.723194313501E-02,-9.839498469511E-03));
#2517 = CARTESIAN_POINT('',(1.865812370647E-02,-9.179881227341E-03));
#2518 = ( GEOMETRIC_REPRESENTATION_CONTEXT(2) 
PARAMETRIC_REPRESENTATION_CONTEXT() REPRESENTATION_CONTEXT('2D SPACE',''
  ) );
#2519 = ORIENTED_EDGE('',*,*,#2307,.F.);
#2520 = ADVANCED_FACE('',(#2521),#2457,.F.);
#2521 = FACE_BOUND('',#2522,.F.);
#2522 = EDGE_LOOP('',(#2523,#2544,#2619,#2638));
#2523 = ORIENTED_EDGE('',*,*,#2524,.T.);
#2524 = EDGE_CURVE('',#2406,#2525,#2527,.T.);
#2525 = VERTEX_POINT('',#2526);
#2526 = CARTESIAN_POINT('',(0.5378,-1.859866814215E-03,
    7.898589364907E-03));
#2527 = SURFACE_CURVE('',#2528,(#2531,#2538),.PCURVE_S1.);
#2528 = B_SPLINE_CURVE_WITH_KNOTS('',1,(#2529,#2530),.UNSPECIFIED.,.F.,
  .F.,(2,2),(20.,21.),.PIECEWISE_BEZIER_KNOTS.);
#2529 = CARTESIAN_POINT('',(0.5378,-1.047136570464E-03,
    7.974623264059E-03));
#2530 = CARTESIAN_POINT('',(0.5378,-1.859866814215E-03,
    7.898589364907E-03));
#2531 = PCURVE('',#2457,#2532);
#2532 = DEFINITIONAL_REPRESENTATION('',(#2533),#2537);
#2533 = LINE('',#2534,#2535);
#2534 = CARTESIAN_POINT('',(0.,0.));
#2535 = VECTOR('',#2536,1.);
#2536 = DIRECTION('',(1.,0.));
#2537 = ( GEOMETRIC_REPRESENTATION_CONTEXT(2) 
PARAMETRIC_REPRESENTATION_CONTEXT() REPRESENTATION_CONTEXT('2D SPACE',''
  ) );
#2538 = PCURVE('',#75,#2539);
#2539 = DEFINITIONAL_REPRESENTATION('',(#2540),#2543);
#2540 = B_SPLINE_CURVE_WITH_KNOTS('',1,(#2541,#2542),.UNSPECIFIED.,.F.,
  .F.,(2,2),(20.,21.),.PIECEWISE_BEZIER_KNOTS.);
#2541 = CARTESIAN_POINT('',(1.08221884119E-02,-6.757554217394E-03));
#2542 = CARTESIAN_POINT('',(1.159690081736E-02,-6.500392222232E-03));
#2543 = ( GEOMETRIC_REPRESENTATION_CONTEXT(2) 
PARAMETRIC_REPRESENTATION_CONTEXT() REPRESENTATION_CONTEXT('2D SPACE',''
  ) );
#2544 = ORIENTED_EDGE('',*,*,#2545,.T.);
#2545 = EDGE_CURVE('',#2525,#2546,#2548,.T.);
#2546 = VERTEX_POINT('',#2547);
#2547 = CARTESIAN_POINT('',(-1.0122,-2.789800221323E-03,
    1.382253138859E-02));
#2548 = SURFACE_CURVE('',#2549,(#2568,#2575),.PCURVE_S1.);
#2549 = ( BOUNDED_CURVE() B_SPLINE_CURVE(3,(#2550,#2551,#2552,#2553,
    #2554,#2555,#2556,#2557,#2558,#2559,#2560,#2561,#2562,#2563,#2564,
#2565,#2566,#2567),.UNSPECIFIED.,.F.,.F.) B_SPLINE_CURVE_WITH_KNOTS((4,1
    ,1,1,1,1,1,1,1,1,1,1,1,1,1,4),(0.,3.281818483209E-02,
    8.331472171401E-02,0.163169600212,0.282607356412,0.362210128519,
    0.441821211418,0.521490445595,0.611262750889,0.691167944743,
    0.761109091848,0.800978053181,0.860692828618,0.910445018305,
0.96019726339,1.),.UNSPECIFIED.) CURVE() GEOMETRIC_REPRESENTATION_ITEM()
 RATIONAL_B_SPLINE_CURVE((1.,1.,1.,1.,1.,1.,1.,1.,1.,1.,1.,1.,1.,1.,
    0.999999999999,1.000000000004,0.999999999993,1.)) 
REPRESENTATION_ITEM('') );
#2550 = CARTESIAN_POINT('',(0.5378,-1.859866814215E-03,
    7.898589364907E-03));
#2551 = CARTESIAN_POINT('',(0.523430650188,-3.99144382233E-03,
    1.856679232941E-02));
#2552 = CARTESIAN_POINT('',(0.483258792956,-7.315800646471E-03,
    3.462091682565E-02));
#2553 = CARTESIAN_POINT('',(0.398489817948,-9.61872117547E-03,
    4.593374801799E-02));
#2554 = CARTESIAN_POINT('',(0.269462582488,-1.138817203787E-02,
    5.742874198699E-02));
#2555 = CARTESIAN_POINT('',(0.124451460313,-1.178565623703E-02,
    5.889383006642E-02));
#2556 = CARTESIAN_POINT('',(-2.019705092663E-02,-1.223808547178E-02,
    6.088767977023E-02));
#2557 = CARTESIAN_POINT('',(-0.144245251992,-1.173199245956E-02,
    5.86302648044E-02));
#2558 = CARTESIAN_POINT('',(-0.273480101183,-1.05287056194E-02,
    5.390634793645E-02));
#2559 = CARTESIAN_POINT('',(-0.402617556702,-8.553399004637E-03,
    4.39681838235E-02));
#2560 = CARTESIAN_POINT('',(-0.526576732963,-6.121237437245E-03,
    3.374842772725E-02));
#2561 = CARTESIAN_POINT('',(-0.624580534573,-4.304535604541E-03,
    2.23543233714E-02));
#2562 = CARTESIAN_POINT('',(-0.712476506696,-3.321008098838E-03,
    1.663629703206E-02));
#2563 = CARTESIAN_POINT('',(-0.790028640266,-2.932724714525E-03,
    1.596032714707E-02));
#2564 = CARTESIAN_POINT('',(-0.872701839491,-3.083102464425E-03,
    1.466260044138E-02));
#2565 = CARTESIAN_POINT('',(-0.945025744455,-2.874085661873E-03,
    1.435179807353E-02));
#2566 = CARTESIAN_POINT('',(-0.991548335241,-2.514995192755E-03,
    1.570805433269E-02));
#2567 = CARTESIAN_POINT('',(-1.0122,-2.789800221323E-03,
    1.382253138859E-02));
#2568 = PCURVE('',#2457,#2569);
#2569 = DEFINITIONAL_REPRESENTATION('',(#2570),#2574);
#2570 = LINE('',#2571,#2572);
#2571 = CARTESIAN_POINT('',(21.,0.));
#2572 = VECTOR('',#2573,1.);
#2573 = DIRECTION('',(0.,1.));
#2574 = ( GEOMETRIC_REPRESENTATION_CONTEXT(2) 
PARAMETRIC_REPRESENTATION_CONTEXT() REPRESENTATION_CONTEXT('2D SPACE',''
  ) );
#2575 = PCURVE('',#2576,#2613);
#2576 = ( BOUNDED_SURFACE() B_SPLINE_SURFACE(1,3,(
    (#2577,#2578,#2579,#2580,#2581,#2582,#2583,#2584,#2585,#2586,#2587
      ,#2588,#2589,#2590,#2591,#2592,#2593,#2594)
    ,(#2595,#2596,#2597,#2598,#2599,#2600,#2601,#2602,#2603,#2604,#2605
      ,#2606,#2607,#2608,#2609,#2610,#2611,#2612
)),.UNSPECIFIED.,.F.,.F.,.F.) B_SPLINE_SURFACE_WITH_KNOTS((2,2),(4,1,1,1
    ,1,1,1,1,1,1,1,1,1,1,1,4),(21.,22.),(0.,3.281818483209E-02,
    8.331472171401E-02,0.163169600212,0.282607356412,0.362210128519,
    0.441821211418,0.521490445595,0.611262750889,0.691167944743,
    0.761109091848,0.800978053181,0.860692828618,0.910445018305,
0.96019726339,1.),.UNSPECIFIED.) GEOMETRIC_REPRESENTATION_ITEM() 
RATIONAL_B_SPLINE_SURFACE((
    (1.,1.,1.,1.,1.,1.,1.,1.,1.,1.,1.,1.,1.,1.,0.999999999999
      ,1.000000000004,0.999999999993,1.)
    ,(1.,1.,1.,1.,1.,1.,1.,1.,1.,1.,1.,1.,1.,1.,0.999999999999
,1.000000000004,0.999999999993,1.
  ))) REPRESENTATION_ITEM('') SURFACE() );
#2577 = CARTESIAN_POINT('',(0.5378,-1.859866814215E-03,
    7.898589364907E-03));
#2578 = CARTESIAN_POINT('',(0.523430650188,-3.99144382233E-03,
    1.856679232941E-02));
#2579 = CARTESIAN_POINT('',(0.483258792956,-7.315800646471E-03,
    3.462091682565E-02));
#2580 = CARTESIAN_POINT('',(0.398489817948,-9.61872117547E-03,
    4.593374801799E-02));
#2581 = CARTESIAN_POINT('',(0.269462582488,-1.138817203787E-02,
    5.742874198699E-02));
#2582 = CARTESIAN_POINT('',(0.124451460313,-1.178565623703E-02,
    5.889383006642E-02));
#2583 = CARTESIAN_POINT('',(-2.019705092663E-02,-1.223808547178E-02,
    6.088767977023E-02));
#2584 = CARTESIAN_POINT('',(-0.144245251992,-1.173199245956E-02,
    5.86302648044E-02));
#2585 = CARTESIAN_POINT('',(-0.273480101183,-1.05287056194E-02,
    5.390634793645E-02));
#2586 = CARTESIAN_POINT('',(-0.402617556702,-8.553399004637E-03,
    4.39681838235E-02));
#2587 = CARTESIAN_POINT('',(-0.526576732963,-6.121237437245E-03,
    3.374842772725E-02));
#2588 = CARTESIAN_POINT('',(-0.624580534573,-4.304535604541E-03,
    2.23543233714E-02));
#2589 = CARTESIAN_POINT('',(-0.712476506696,-3.321008098838E-03,
    1.663629703206E-02));
#2590 = CARTESIAN_POINT('',(-0.790028640266,-2.932724714525E-03,
    1.596032714707E-02));
#2591 = CARTESIAN_POINT('',(-0.872701839491,-3.083102464425E-03,
    1.466260044138E-02));
#2592 = CARTESIAN_POINT('',(-0.945025744455,-2.874085661873E-03,
    1.435179807353E-02));
#2593 = CARTESIAN_POINT('',(-0.991548335241,-2.514995192755E-03,
    1.570805433269E-02));
#2594 = CARTESIAN_POINT('',(-1.0122,-2.789800221323E-03,
    1.382253138859E-02));
#2595 = CARTESIAN_POINT('',(0.5378,-2.593702610453E-03,
    7.772185105986E-03));
#2596 = CARTESIAN_POINT('',(0.523430650188,-5.56632237444E-03,
    1.826966058643E-02));
#2597 = CARTESIAN_POINT('',(0.483258792956,-1.020234948507E-02,
    3.406686455982E-02));
#2598 = CARTESIAN_POINT('',(0.398489817948,-1.341391869103E-02,
    4.519865202686E-02));
#2599 = CARTESIAN_POINT('',(0.269462582488,-1.588153050377E-02,
    5.650968704739E-02));
#2600 = CARTESIAN_POINT('',(0.124451460313,-1.643584751028E-02,
    5.795132874109E-02));
#2601 = CARTESIAN_POINT('',(-2.019705092663E-02,-1.706678886493E-02,
    5.991327007715E-02));
#2602 = CARTESIAN_POINT('',(-0.144245251992,-1.636100995813E-02,
    5.769198141852E-02));
#2603 = CARTESIAN_POINT('',(-0.273480101183,-1.468294989781E-02,
    5.304366326615E-02));
#2604 = CARTESIAN_POINT('',(-0.402617556702,-1.192825914039E-02,
    4.32645435359E-02));
#2605 = CARTESIAN_POINT('',(-0.526576732963,-8.536455083147E-03,
    3.320833825057E-02));
#2606 = CARTESIAN_POINT('',(-0.624580534573,-6.002948785876E-03,
    2.199657826669E-02));
#2607 = CARTESIAN_POINT('',(-0.712476506696,-4.63135710012E-03,
    1.637005977115E-02));
#2608 = CARTESIAN_POINT('',(-0.790028640266,-4.089871215323E-03,
    1.570490770042E-02));
#2609 = CARTESIAN_POINT('',(-0.872701839491,-4.29958255569E-03,
    1.442794902987E-02));
#2610 = CARTESIAN_POINT('',(-0.945025744455,-4.008095325307E-03,
    1.412212055604E-02));
#2611 = CARTESIAN_POINT('',(-0.991548335241,-3.507320818386E-03,
    1.545667210735E-02));
#2612 = CARTESIAN_POINT('',(-1.0122,-3.890553915679E-03,
    1.360132393547E-02));
#2613 = DEFINITIONAL_REPRESENTATION('',(#2614),#2618);
#2614 = LINE('',#2615,#2616);
#2615 = CARTESIAN_POINT('',(21.,0.));
#2616 = VECTOR('',#2617,1.);
#2617 = DIRECTION('',(0.,1.));
#2618 = ( GEOMETRIC_REPRESENTATION_CONTEXT(2) 
PARAMETRIC_REPRESENTATION_CONTEXT() REPRESENTATION_CONTEXT('2D SPACE',''
  ) );
#2619 = ORIENTED_EDGE('',*,*,#2620,.F.);
#2620 = EDGE_CURVE('',#2427,#2546,#2621,.T.);
#2621 = SURFACE_CURVE('',#2622,(#2625,#2632),.PCURVE_S1.);
#2622 = B_SPLINE_CURVE_WITH_KNOTS('',1,(#2623,#2624),.UNSPECIFIED.,.F.,
  .F.,(2,2),(20.,21.),.PIECEWISE_BEZIER_KNOTS.);
#2623 = CARTESIAN_POINT('',(-1.0122,-1.570704855696E-03,
    1.39555907121E-02));
#2624 = CARTESIAN_POINT('',(-1.0122,-2.789800221323E-03,
    1.382253138859E-02));
#2625 = PCURVE('',#2457,#2626);
#2626 = DEFINITIONAL_REPRESENTATION('',(#2627),#2631);
#2627 = LINE('',#2628,#2629);
#2628 = CARTESIAN_POINT('',(0.,1.));
#2629 = VECTOR('',#2630,1.);
#2630 = DIRECTION('',(1.,0.));
#2631 = ( GEOMETRIC_REPRESENTATION_CONTEXT(2) 
PARAMETRIC_REPRESENTATION_CONTEXT() REPRESENTATION_CONTEXT('2D SPACE',''
  ) );
#2632 = PCURVE('',#176,#2633);
#2633 = DEFINITIONAL_REPRESENTATION('',(#2634),#2637);
#2634 = B_SPLINE_CURVE_WITH_KNOTS('',1,(#2635,#2636),.UNSPECIFIED.,.F.,
  .F.,(2,2),(20.,21.),.PIECEWISE_BEZIER_KNOTS.);
#2635 = CARTESIAN_POINT('',(1.865812370647E-02,-9.179881227341E-03));
#2636 = CARTESIAN_POINT('',(1.972620591045E-02,-8.577304510564E-03));
#2637 = ( GEOMETRIC_REPRESENTATION_CONTEXT(2) 
PARAMETRIC_REPRESENTATION_CONTEXT() REPRESENTATION_CONTEXT('2D SPACE',''
  ) );
#2638 = ORIENTED_EDGE('',*,*,#2426,.F.);
#2639 = ADVANCED_FACE('',(#2640),#2576,.F.);
#2640 = FACE_BOUND('',#2641,.F.);
#2641 = EDGE_LOOP('',(#2642,#2663,#2738,#2757));
#2642 = ORIENTED_EDGE('',*,*,#2643,.T.);
#2643 = EDGE_CURVE('',#2525,#2644,#2646,.T.);
#2644 = VERTEX_POINT('',#2645);
#2645 = CARTESIAN_POINT('',(0.5378,-2.593702610453E-03,
    7.772185105986E-03));
#2646 = SURFACE_CURVE('',#2647,(#2650,#2657),.PCURVE_S1.);
#2647 = B_SPLINE_CURVE_WITH_KNOTS('',1,(#2648,#2649),.UNSPECIFIED.,.F.,
  .F.,(2,2),(21.,22.),.PIECEWISE_BEZIER_KNOTS.);
#2648 = CARTESIAN_POINT('',(0.5378,-1.859866814215E-03,
    7.898589364907E-03));
#2649 = CARTESIAN_POINT('',(0.5378,-2.593702610453E-03,
    7.772185105986E-03));
#2650 = PCURVE('',#2576,#2651);
#2651 = DEFINITIONAL_REPRESENTATION('',(#2652),#2656);
#2652 = LINE('',#2653,#2654);
#2653 = CARTESIAN_POINT('',(0.,0.));
#2654 = VECTOR('',#2655,1.);
#2655 = DIRECTION('',(1.,0.));
#2656 = ( GEOMETRIC_REPRESENTATION_CONTEXT(2) 
PARAMETRIC_REPRESENTATION_CONTEXT() REPRESENTATION_CONTEXT('2D SPACE',''
  ) );
#2657 = PCURVE('',#75,#2658);
#2658 = DEFINITIONAL_REPRESENTATION('',(#2659),#2662);
#2659 = B_SPLINE_CURVE_WITH_KNOTS('',1,(#2660,#2661),.UNSPECIFIED.,.F.,
  .F.,(2,2),(21.,22.),.PIECEWISE_BEZIER_KNOTS.);
#2660 = CARTESIAN_POINT('',(1.159690081736E-02,-6.500392222232E-03));
#2661 = CARTESIAN_POINT('',(1.228339977011E-02,-6.211926972375E-03));
#2662 = ( GEOMETRIC_REPRESENTATION_CONTEXT(2) 
PARAMETRIC_REPRESENTATION_CONTEXT() REPRESENTATION_CONTEXT('2D SPACE',''
  ) );
#2663 = ORIENTED_EDGE('',*,*,#2664,.T.);
#2664 = EDGE_CURVE('',#2644,#2665,#2667,.T.);
#2665 = VERTEX_POINT('',#2666);
#2666 = CARTESIAN_POINT('',(-1.0122,-3.890553915679E-03,
    1.360132393547E-02));
#2667 = SURFACE_CURVE('',#2668,(#2687,#2694),.PCURVE_S1.);
#2668 = ( BOUNDED_CURVE() B_SPLINE_CURVE(3,(#2669,#2670,#2671,#2672,
    #2673,#2674,#2675,#2676,#2677,#2678,#2679,#2680,#2681,#2682,#2683,
#2684,#2685,#2686),.UNSPECIFIED.,.F.,.F.) B_SPLINE_CURVE_WITH_KNOTS((4,1
    ,1,1,1,1,1,1,1,1,1,1,1,1,1,4),(0.,3.281818483209E-02,
    8.331472171401E-02,0.163169600212,0.282607356412,0.362210128519,
    0.441821211418,0.521490445595,0.611262750889,0.691167944743,
    0.761109091848,0.800978053181,0.860692828618,0.910445018305,
0.96019726339,1.),.UNSPECIFIED.) CURVE() GEOMETRIC_REPRESENTATION_ITEM()
 RATIONAL_B_SPLINE_CURVE((1.,1.,1.,1.,1.,1.,1.,1.,1.,1.,1.,1.,1.,1.,
    0.999999999999,1.000000000004,0.999999999993,1.)) 
REPRESENTATION_ITEM('') );
#2669 = CARTESIAN_POINT('',(0.5378,-2.593702610453E-03,
    7.772185105986E-03));
#2670 = CARTESIAN_POINT('',(0.523430650188,-5.56632237444E-03,
    1.826966058643E-02));
#2671 = CARTESIAN_POINT('',(0.483258792956,-1.020234948507E-02,
    3.406686455982E-02));
#2672 = CARTESIAN_POINT('',(0.398489817948,-1.341391869103E-02,
    4.519865202686E-02));
#2673 = CARTESIAN_POINT('',(0.269462582488,-1.588153050377E-02,
    5.650968704739E-02));
#2674 = CARTESIAN_POINT('',(0.124451460313,-1.643584751028E-02,
    5.795132874109E-02));
#2675 = CARTESIAN_POINT('',(-2.019705092663E-02,-1.706678886493E-02,
    5.991327007715E-02));
#2676 = CARTESIAN_POINT('',(-0.144245251992,-1.636100995813E-02,
    5.769198141852E-02));
#2677 = CARTESIAN_POINT('',(-0.273480101183,-1.468294989781E-02,
    5.304366326615E-02));
#2678 = CARTESIAN_POINT('',(-0.402617556702,-1.192825914039E-02,
    4.32645435359E-02));
#2679 = CARTESIAN_POINT('',(-0.526576732963,-8.536455083147E-03,
    3.320833825057E-02));
#2680 = CARTESIAN_POINT('',(-0.624580534573,-6.002948785876E-03,
    2.199657826669E-02));
#2681 = CARTESIAN_POINT('',(-0.712476506696,-4.63135710012E-03,
    1.637005977115E-02));
#2682 = CARTESIAN_POINT('',(-0.790028640266,-4.089871215323E-03,
    1.570490770042E-02));
#2683 = CARTESIAN_POINT('',(-0.872701839491,-4.29958255569E-03,
    1.442794902987E-02));
#2684 = CARTESIAN_POINT('',(-0.945025744455,-4.008095325307E-03,
    1.412212055604E-02));
#2685 = CARTESIAN_POINT('',(-0.991548335241,-3.507320818386E-03,
    1.545667210735E-02));
#2686 = CARTESIAN_POINT('',(-1.0122,-3.890553915679E-03,
    1.360132393547E-02));
#2687 = PCURVE('',#2576,#2688);
#2688 = DEFINITIONAL_REPRESENTATION('',(#2689),#2693);
#2689 = LINE('',#2690,#2691);
#2690 = CARTESIAN_POINT('',(22.,0.));
#2691 = VECTOR('',#2692,1.);
#2692 = DIRECTION('',(0.,1.));
#2693 = ( GEOMETRIC_REPRESENTATION_CONTEXT(2) 
PARAMETRIC_REPRESENTATION_CONTEXT() REPRESENTATION_CONTEXT('2D SPACE',''
  ) );
#2694 = PCURVE('',#2695,#2732);
#2695 = ( BOUNDED_SURFACE() B_SPLINE_SURFACE(1,3,(
    (#2696,#2697,#2698,#2699,#2700,#2701,#2702,#2703,#2704,#2705,#2706
      ,#2707,#2708,#2709,#2710,#2711,#2712,#2713)
    ,(#2714,#2715,#2716,#2717,#2718,#2719,#2720,#2721,#2722,#2723,#2724
      ,#2725,#2726,#2727,#2728,#2729,#2730,#2731
)),.UNSPECIFIED.,.F.,.F.,.F.) B_SPLINE_SURFACE_WITH_KNOTS((2,2),(4,1,1,1
    ,1,1,1,1,1,1,1,1,1,1,1,4),(22.,23.),(0.,3.281818483209E-02,
    8.331472171401E-02,0.163169600212,0.282607356412,0.362210128519,
    0.441821211418,0.521490445595,0.611262750889,0.691167944743,
    0.761109091848,0.800978053181,0.860692828618,0.910445018305,
0.96019726339,1.),.UNSPECIFIED.) GEOMETRIC_REPRESENTATION_ITEM() 
RATIONAL_B_SPLINE_SURFACE((
    (1.,1.,1.,1.,1.,1.,1.,1.,1.,1.,1.,1.,1.,1.,0.999999999999
      ,1.000000000004,0.999999999993,1.)
    ,(1.,1.,1.,1.,1.,1.,1.,1.,1.,1.,1.,1.,1.,1.,0.999999999999
,1.000000000004,0.999999999993,1.
  ))) REPRESENTATION_ITEM('') SURFACE() );
#2696 = CARTESIAN_POINT('',(0.5378,-2.593702610453E-03,
    7.772185105986E-03));
#2697 = CARTESIAN_POINT('',(0.523430650188,-5.56632237444E-03,
    1.826966058643E-02));
#2698 = CARTESIAN_POINT('',(0.483258792956,-1.020234948507E-02,
    3.406686455982E-02));
#2699 = CARTESIAN_POINT('',(0.398489817948,-1.341391869103E-02,
    4.519865202686E-02));
#2700 = CARTESIAN_POINT('',(0.269462582488,-1.588153050377E-02,
    5.650968704739E-02));
#2701 = CARTESIAN_POINT('',(0.124451460313,-1.643584751028E-02,
    5.795132874109E-02));
#2702 = CARTESIAN_POINT('',(-2.019705092663E-02,-1.706678886493E-02,
    5.991327007715E-02));
#2703 = CARTESIAN_POINT('',(-0.144245251992,-1.636100995813E-02,
    5.769198141852E-02));
#2704 = CARTESIAN_POINT('',(-0.273480101183,-1.468294989781E-02,
    5.304366326615E-02));
#2705 = CARTESIAN_POINT('',(-0.402617556702,-1.192825914039E-02,
    4.32645435359E-02));
#2706 = CARTESIAN_POINT('',(-0.526576732963,-8.536455083147E-03,
    3.320833825057E-02));
#2707 = CARTESIAN_POINT('',(-0.624580534573,-6.002948785876E-03,
    2.199657826669E-02));
#2708 = CARTESIAN_POINT('',(-0.712476506696,-4.63135710012E-03,
    1.637005977115E-02));
#2709 = CARTESIAN_POINT('',(-0.790028640266,-4.089871215323E-03,
    1.570490770042E-02));
#2710 = CARTESIAN_POINT('',(-0.872701839491,-4.29958255569E-03,
    1.442794902987E-02));
#2711 = CARTESIAN_POINT('',(-0.945025744455,-4.008095325307E-03,
    1.412212055604E-02));
#2712 = CARTESIAN_POINT('',(-0.991548335241,-3.507320818386E-03,
    1.545667210735E-02));
#2713 = CARTESIAN_POINT('',(-1.0122,-3.890553915679E-03,
    1.360132393547E-02));
#2714 = CARTESIAN_POINT('',(0.5378,-3.271897758377E-03,
    7.595881263534E-03));
#2715 = CARTESIAN_POINT('',(0.523430650188,-7.021791020273E-03,
    1.785523255651E-02));
#2716 = CARTESIAN_POINT('',(0.483258792956,-1.287003539876E-02,
    3.329409357711E-02));
#2717 = CARTESIAN_POINT('',(0.398489817948,-1.692135803055E-02,
    4.417336815658E-02));
#2718 = CARTESIAN_POINT('',(0.269462582488,-2.003419507134E-02,
    5.522782424738E-02));
#2719 = CARTESIAN_POINT('',(0.124451460313,-2.07334535614E-02,
    5.663676381593E-02));
#2720 = CARTESIAN_POINT('',(-2.019705092663E-02,-2.152937195067E-02,
    5.855420057682E-02));
#2721 = CARTESIAN_POINT('',(-0.144245251992,-2.063904766531E-02,
    5.638329951452E-02));
#2722 = CARTESIAN_POINT('',(-0.273480101183,-1.852221247856E-02,
    5.18404235692E-02));
#2723 = CARTESIAN_POINT('',(-0.402617556702,-1.504723177803E-02,
    4.228313288197E-02));
#2724 = CARTESIAN_POINT('',(-0.526576732963,-1.076854691763E-02,
    3.245504203398E-02));
#2725 = CARTESIAN_POINT('',(-0.624580534573,-7.572585460262E-03,
    2.149760903007E-02));
#2726 = CARTESIAN_POINT('',(-0.712476506696,-5.842353264808E-03,
    1.599872218726E-02));
#2727 = CARTESIAN_POINT('',(-0.790028640266,-5.159280947459E-03,
    1.534865839147E-02));
#2728 = CARTESIAN_POINT('',(-0.872701839491,-5.423827106916E-03,
    1.410066618498E-02));
#2729 = CARTESIAN_POINT('',(-0.945025744455,-5.056122493613E-03,
    1.380177510825E-02));
#2730 = CARTESIAN_POINT('',(-0.991548335241,-4.424406667503E-03,
    1.510605376178E-02));
#2731 = CARTESIAN_POINT('',(-1.0122,-4.907846637565E-03,
    1.329279221118E-02));
#2732 = DEFINITIONAL_REPRESENTATION('',(#2733),#2737);
#2733 = LINE('',#2734,#2735);
#2734 = CARTESIAN_POINT('',(22.,0.));
#2735 = VECTOR('',#2736,1.);
#2736 = DIRECTION('',(0.,1.));
#2737 = ( GEOMETRIC_REPRESENTATION_CONTEXT(2) 
PARAMETRIC_REPRESENTATION_CONTEXT() REPRESENTATION_CONTEXT('2D SPACE',''
  ) );
#2738 = ORIENTED_EDGE('',*,*,#2739,.F.);
#2739 = EDGE_CURVE('',#2546,#2665,#2740,.T.);
#2740 = SURFACE_CURVE('',#2741,(#2744,#2751),.PCURVE_S1.);
#2741 = B_SPLINE_CURVE_WITH_KNOTS('',1,(#2742,#2743),.UNSPECIFIED.,.F.,
  .F.,(2,2),(21.,22.),.PIECEWISE_BEZIER_KNOTS.);
#2742 = CARTESIAN_POINT('',(-1.0122,-2.789800221323E-03,
    1.382253138859E-02));
#2743 = CARTESIAN_POINT('',(-1.0122,-3.890553915679E-03,
    1.360132393547E-02));
#2744 = PCURVE('',#2576,#2745);
#2745 = DEFINITIONAL_REPRESENTATION('',(#2746),#2750);
#2746 = LINE('',#2747,#2748);
#2747 = CARTESIAN_POINT('',(0.,1.));
#2748 = VECTOR('',#2749,1.);
#2749 = DIRECTION('',(1.,0.));
#2750 = ( GEOMETRIC_REPRESENTATION_CONTEXT(2) 
PARAMETRIC_REPRESENTATION_CONTEXT() REPRESENTATION_CONTEXT('2D SPACE',''
  ) );
#2751 = PCURVE('',#176,#2752);
#2752 = DEFINITIONAL_REPRESENTATION('',(#2753),#2756);
#2753 = B_SPLINE_CURVE_WITH_KNOTS('',1,(#2754,#2755),.UNSPECIFIED.,.F.,
  .F.,(2,2),(21.,22.),.PIECEWISE_BEZIER_KNOTS.);
#2754 = CARTESIAN_POINT('',(1.972620591045E-02,-8.577304510564E-03));
#2755 = CARTESIAN_POINT('',(2.065079007285E-02,-7.940330759456E-03));
#2756 = ( GEOMETRIC_REPRESENTATION_CONTEXT(2) 
PARAMETRIC_REPRESENTATION_CONTEXT() REPRESENTATION_CONTEXT('2D SPACE',''
  ) );
#2757 = ORIENTED_EDGE('',*,*,#2545,.F.);
#2758 = ADVANCED_FACE('',(#2759),#2695,.F.);
#2759 = FACE_BOUND('',#2760,.F.);
#2760 = EDGE_LOOP('',(#2761,#2782,#2857,#2876));
#2761 = ORIENTED_EDGE('',*,*,#2762,.T.);
#2762 = EDGE_CURVE('',#2644,#2763,#2765,.T.);
#2763 = VERTEX_POINT('',#2764);
#2764 = CARTESIAN_POINT('',(0.5378,-3.271897758377E-03,
    7.595881263534E-03));
#2765 = SURFACE_CURVE('',#2766,(#2769,#2776),.PCURVE_S1.);
#2766 = B_SPLINE_CURVE_WITH_KNOTS('',1,(#2767,#2768),.UNSPECIFIED.,.F.,
  .F.,(2,2),(22.,23.),.PIECEWISE_BEZIER_KNOTS.);
#2767 = CARTESIAN_POINT('',(0.5378,-2.593702610453E-03,
    7.772185105986E-03));
#2768 = CARTESIAN_POINT('',(0.5378,-3.271897758377E-03,
    7.595881263534E-03));
#2769 = PCURVE('',#2695,#2770);
#2770 = DEFINITIONAL_REPRESENTATION('',(#2771),#2775);
#2771 = LINE('',#2772,#2773);
#2772 = CARTESIAN_POINT('',(0.,0.));
#2773 = VECTOR('',#2774,1.);
#2774 = DIRECTION('',(1.,0.));
#2775 = ( GEOMETRIC_REPRESENTATION_CONTEXT(2) 
PARAMETRIC_REPRESENTATION_CONTEXT() REPRESENTATION_CONTEXT('2D SPACE',''
  ) );
#2776 = PCURVE('',#75,#2777);
#2777 = DEFINITIONAL_REPRESENTATION('',(#2778),#2781);
#2778 = B_SPLINE_CURVE_WITH_KNOTS('',1,(#2779,#2780),.UNSPECIFIED.,.F.,
  .F.,(2,2),(22.,23.),.PIECEWISE_BEZIER_KNOTS.);
#2779 = CARTESIAN_POINT('',(1.228339977011E-02,-6.211926972375E-03));
#2780 = CARTESIAN_POINT('',(1.290444742223E-02,-5.887378798235E-03));
#2781 = ( GEOMETRIC_REPRESENTATION_CONTEXT(2) 
PARAMETRIC_REPRESENTATION_CONTEXT() REPRESENTATION_CONTEXT('2D SPACE',''
  ) );
#2782 = ORIENTED_EDGE('',*,*,#2783,.T.);
#2783 = EDGE_CURVE('',#2763,#2784,#2786,.T.);
#2784 = VERTEX_POINT('',#2785);
#2785 = CARTESIAN_POINT('',(-1.0122,-4.907846637565E-03,
    1.329279221118E-02));
#2786 = SURFACE_CURVE('',#2787,(#2806,#2813),.PCURVE_S1.);
#2787 = ( BOUNDED_CURVE() B_SPLINE_CURVE(3,(#2788,#2789,#2790,#2791,
    #2792,#2793,#2794,#2795,#2796,#2797,#2798,#2799,#2800,#2801,#2802,
#2803,#2804,#2805),.UNSPECIFIED.,.F.,.F.) B_SPLINE_CURVE_WITH_KNOTS((4,1
    ,1,1,1,1,1,1,1,1,1,1,1,1,1,4),(0.,3.281818483209E-02,
    8.331472171401E-02,0.163169600212,0.282607356412,0.362210128519,
    0.441821211418,0.521490445595,0.611262750889,0.691167944743,
    0.761109091848,0.800978053181,0.860692828618,0.910445018305,
0.96019726339,1.),.UNSPECIFIED.) CURVE() GEOMETRIC_REPRESENTATION_ITEM()
 RATIONAL_B_SPLINE_CURVE((1.,1.,1.,1.,1.,1.,1.,1.,1.,1.,1.,1.,1.,1.,
    0.999999999999,1.000000000004,0.999999999993,1.)) 
REPRESENTATION_ITEM('') );
#2788 = CARTESIAN_POINT('',(0.5378,-3.271897758377E-03,
    7.595881263534E-03));
#2789 = CARTESIAN_POINT('',(0.523430650188,-7.021791020273E-03,
    1.785523255651E-02));
#2790 = CARTESIAN_POINT('',(0.483258792956,-1.287003539876E-02,
    3.329409357711E-02));
#2791 = CARTESIAN_POINT('',(0.398489817948,-1.692135803055E-02,
    4.417336815658E-02));
#2792 = CARTESIAN_POINT('',(0.269462582488,-2.003419507134E-02,
    5.522782424738E-02));
#2793 = CARTESIAN_POINT('',(0.124451460313,-2.07334535614E-02,
    5.663676381593E-02));
#2794 = CARTESIAN_POINT('',(-2.019705092663E-02,-2.152937195067E-02,
    5.855420057682E-02));
#2795 = CARTESIAN_POINT('',(-0.144245251992,-2.063904766531E-02,
    5.638329951452E-02));
#2796 = CARTESIAN_POINT('',(-0.273480101183,-1.852221247856E-02,
    5.18404235692E-02));
#2797 = CARTESIAN_POINT('',(-0.402617556702,-1.504723177803E-02,
    4.228313288197E-02));
#2798 = CARTESIAN_POINT('',(-0.526576732963,-1.076854691763E-02,
    3.245504203398E-02));
#2799 = CARTESIAN_POINT('',(-0.624580534573,-7.572585460262E-03,
    2.149760903007E-02));
#2800 = CARTESIAN_POINT('',(-0.712476506696,-5.842353264808E-03,
    1.599872218726E-02));
#2801 = CARTESIAN_POINT('',(-0.790028640266,-5.159280947459E-03,
    1.534865839147E-02));
#2802 = CARTESIAN_POINT('',(-0.872701839491,-5.423827106916E-03,
    1.410066618498E-02));
#2803 = CARTESIAN_POINT('',(-0.945025744455,-5.056122493613E-03,
    1.380177510825E-02));
#2804 = CARTESIAN_POINT('',(-0.991548335241,-4.424406667503E-03,
    1.510605376178E-02));
#2805 = CARTESIAN_POINT('',(-1.0122,-4.907846637565E-03,
    1.329279221118E-02));
#2806 = PCURVE('',#2695,#2807);
#2807 = DEFINITIONAL_REPRESENTATION('',(#2808),#2812);
#2808 = LINE('',#2809,#2810);
#2809 = CARTESIAN_POINT('',(23.,0.));
#2810 = VECTOR('',#2811,1.);
#2811 = DIRECTION('',(0.,1.));
#2812 = ( GEOMETRIC_REPRESENTATION_CONTEXT(2) 
PARAMETRIC_REPRESENTATION_CONTEXT() REPRESENTATION_CONTEXT('2D SPACE',''
  ) );
#2813 = PCURVE('',#2814,#2851);
#2814 = ( BOUNDED_SURFACE() B_SPLINE_SURFACE(1,3,(
    (#2815,#2816,#2817,#2818,#2819,#2820,#2821,#2822,#2823,#2824,#2825
      ,#2826,#2827,#2828,#2829,#2830,#2831,#2832)
    ,(#2833,#2834,#2835,#2836,#2837,#2838,#2839,#2840,#2841,#2842,#2843
      ,#2844,#2845,#2846,#2847,#2848,#2849,#2850
)),.UNSPECIFIED.,.F.,.F.,.F.) B_SPLINE_SURFACE_WITH_KNOTS((2,2),(4,1,1,1
    ,1,1,1,1,1,1,1,1,1,1,1,4),(23.,24.),(0.,3.281818483209E-02,
    8.331472171401E-02,0.163169600212,0.282607356412,0.362210128519,
    0.441821211418,0.521490445595,0.611262750889,0.691167944743,
    0.761109091848,0.800978053181,0.860692828618,0.910445018305,
0.96019726339,1.),.UNSPECIFIED.) GEOMETRIC_REPRESENTATION_ITEM() 
RATIONAL_B_SPLINE_SURFACE((
    (1.,1.,1.,1.,1.,1.,1.,1.,1.,1.,1.,1.,1.,1.,0.999999999999
      ,1.000000000004,0.999999999993,1.)
    ,(1.,1.,1.,1.,1.,1.,1.,1.,1.,1.,1.,1.,1.,1.,0.999999999999
,1.000000000004,0.999999999993,1.
  ))) REPRESENTATION_ITEM('') SURFACE() );
#2815 = CARTESIAN_POINT('',(0.5378,-3.271897758377E-03,
    7.595881263534E-03));
#2816 = CARTESIAN_POINT('',(0.523430650188,-7.021791020273E-03,
    1.785523255651E-02));
#2817 = CARTESIAN_POINT('',(0.483258792956,-1.287003539876E-02,
    3.329409357711E-02));
#2818 = CARTESIAN_POINT('',(0.398489817948,-1.692135803055E-02,
    4.417336815658E-02));
#2819 = CARTESIAN_POINT('',(0.269462582488,-2.003419507134E-02,
    5.522782424738E-02));
#2820 = CARTESIAN_POINT('',(0.124451460313,-2.07334535614E-02,
    5.663676381593E-02));
#2821 = CARTESIAN_POINT('',(-2.019705092663E-02,-2.152937195067E-02,
    5.855420057682E-02));
#2822 = CARTESIAN_POINT('',(-0.144245251992,-2.063904766531E-02,
    5.638329951452E-02));
#2823 = CARTESIAN_POINT('',(-0.273480101183,-1.852221247856E-02,
    5.18404235692E-02));
#2824 = CARTESIAN_POINT('',(-0.402617556702,-1.504723177803E-02,
    4.228313288197E-02));
#2825 = CARTESIAN_POINT('',(-0.526576732963,-1.076854691763E-02,
    3.245504203398E-02));
#2826 = CARTESIAN_POINT('',(-0.624580534573,-7.572585460262E-03,
    2.149760903007E-02));
#2827 = CARTESIAN_POINT('',(-0.712476506696,-5.842353264808E-03,
    1.599872218726E-02));
#2828 = CARTESIAN_POINT('',(-0.790028640266,-5.159280947459E-03,
    1.534865839147E-02));
#2829 = CARTESIAN_POINT('',(-0.872701839491,-5.423827106916E-03,
    1.410066618498E-02));
#2830 = CARTESIAN_POINT('',(-0.945025744455,-5.056122493613E-03,
    1.380177510825E-02));
#2831 = CARTESIAN_POINT('',(-0.991548335241,-4.424406667503E-03,
    1.510605376178E-02));
#2832 = CARTESIAN_POINT('',(-1.0122,-4.907846637565E-03,
    1.329279221118E-02));
#2833 = CARTESIAN_POINT('',(0.5378,-3.902835109119E-03,7.37032117154E-03
    ));
#2834 = CARTESIAN_POINT('',(0.523430650188,-8.375840122959E-03,
    1.732502049049E-02));
#2835 = CARTESIAN_POINT('',(0.483258792956,-1.535183239796E-02,
    3.230542372438E-02));
#2836 = CARTESIAN_POINT('',(0.398489817948,-2.018439300144E-02,
    4.286163767537E-02));
#2837 = CARTESIAN_POINT('',(0.269462582488,-2.389749487348E-02,
    5.358783111351E-02));
#2838 = CARTESIAN_POINT('',(0.124451460313,-2.473159507676E-02,
    5.495493214777E-02));
#2839 = CARTESIAN_POINT('',(-2.019705092663E-02,-2.568099461887E-02,
    5.681543052361E-02));
#2840 = CARTESIAN_POINT('',(-0.144245251992,-2.461898439238E-02,
    5.470899448207E-02));
#2841 = CARTESIAN_POINT('',(-0.273480101183,-2.209394868003E-02,
    5.030101947591E-02));
#2842 = CARTESIAN_POINT('',(-0.402617556702,-1.794886907087E-02,
    4.102753303625E-02));
#2843 = CARTESIAN_POINT('',(-0.526576732963,-1.284510277765E-02,
    3.149128786078E-02));
#2844 = CARTESIAN_POINT('',(-0.624580534573,-9.032847168115E-03,
    2.085923640387E-02));
#2845 = CARTESIAN_POINT('',(-0.712476506696,-6.968965146723E-03,
    1.55236392939E-02));
#2846 = CARTESIAN_POINT('',(-0.790028640266,-6.154172381456E-03,
    1.489287917657E-02));
#2847 = CARTESIAN_POINT('',(-0.872701839491,-6.469732376104E-03,
    1.368194616404E-02));
#2848 = CARTESIAN_POINT('',(-0.945025744455,-6.031121337312E-03,
    1.339193067339E-02));
#2849 = CARTESIAN_POINT('',(-0.991548335241,-5.277588407152E-03,
    1.465747870421E-02));
#2850 = CARTESIAN_POINT('',(-1.0122,-5.854252663679E-03,
    1.289806205019E-02));
#2851 = DEFINITIONAL_REPRESENTATION('',(#2852),#2856);
#2852 = LINE('',#2853,#2854);
#2853 = CARTESIAN_POINT('',(23.,0.));
#2854 = VECTOR('',#2855,1.);
#2855 = DIRECTION('',(0.,1.));
#2856 = ( GEOMETRIC_REPRESENTATION_CONTEXT(2) 
PARAMETRIC_REPRESENTATION_CONTEXT() REPRESENTATION_CONTEXT('2D SPACE',''
  ) );
#2857 = ORIENTED_EDGE('',*,*,#2858,.F.);
#2858 = EDGE_CURVE('',#2665,#2784,#2859,.T.);
#2859 = SURFACE_CURVE('',#2860,(#2863,#2870),.PCURVE_S1.);
#2860 = B_SPLINE_CURVE_WITH_KNOTS('',1,(#2861,#2862),.UNSPECIFIED.,.F.,
  .F.,(2,2),(22.,23.),.PIECEWISE_BEZIER_KNOTS.);
#2861 = CARTESIAN_POINT('',(-1.0122,-3.890553915679E-03,
    1.360132393547E-02));
#2862 = CARTESIAN_POINT('',(-1.0122,-4.907846637565E-03,
    1.329279221118E-02));
#2863 = PCURVE('',#2695,#2864);
#2864 = DEFINITIONAL_REPRESENTATION('',(#2865),#2869);
#2865 = LINE('',#2866,#2867);
#2866 = CARTESIAN_POINT('',(0.,1.));
#2867 = VECTOR('',#2868,1.);
#2868 = DIRECTION('',(1.,0.));
#2869 = ( GEOMETRIC_REPRESENTATION_CONTEXT(2) 
PARAMETRIC_REPRESENTATION_CONTEXT() REPRESENTATION_CONTEXT('2D SPACE',''
  ) );
#2870 = PCURVE('',#176,#2871);
#2871 = DEFINITIONAL_REPRESENTATION('',(#2872),#2875);
#2872 = B_SPLINE_CURVE_WITH_KNOTS('',1,(#2873,#2874),.UNSPECIFIED.,.F.,
  .F.,(2,2),(22.,23.),.PIECEWISE_BEZIER_KNOTS.);
#2873 = CARTESIAN_POINT('',(2.065079007285E-02,-7.940330759456E-03));
#2874 = CARTESIAN_POINT('',(2.146426053191E-02,-7.255975501471E-03));
#2875 = ( GEOMETRIC_REPRESENTATION_CONTEXT(2) 
PARAMETRIC_REPRESENTATION_CONTEXT() REPRESENTATION_CONTEXT('2D SPACE',''
  ) );
#2876 = ORIENTED_EDGE('',*,*,#2664,.F.);
#2877 = ADVANCED_FACE('',(#2878),#2814,.F.);
#2878 = FACE_BOUND('',#2879,.F.);
#2879 = EDGE_LOOP('',(#2880,#2901,#2976,#2995));
#2880 = ORIENTED_EDGE('',*,*,#2881,.T.);
#2881 = EDGE_CURVE('',#2763,#2882,#2884,.T.);
#2882 = VERTEX_POINT('',#2883);
#2883 = CARTESIAN_POINT('',(0.5378,-3.902835109119E-03,7.37032117154E-03
    ));
#2884 = SURFACE_CURVE('',#2885,(#2888,#2895),.PCURVE_S1.);
#2885 = B_SPLINE_CURVE_WITH_KNOTS('',1,(#2886,#2887),.UNSPECIFIED.,.F.,
  .F.,(2,2),(23.,24.),.PIECEWISE_BEZIER_KNOTS.);
#2886 = CARTESIAN_POINT('',(0.5378,-3.271897758377E-03,
    7.595881263534E-03));
#2887 = CARTESIAN_POINT('',(0.5378,-3.902835109119E-03,7.37032117154E-03
    ));
#2888 = PCURVE('',#2814,#2889);
#2889 = DEFINITIONAL_REPRESENTATION('',(#2890),#2894);
#2890 = LINE('',#2891,#2892);
#2891 = CARTESIAN_POINT('',(0.,0.));
#2892 = VECTOR('',#2893,1.);
#2893 = DIRECTION('',(1.,0.));
#2894 = ( GEOMETRIC_REPRESENTATION_CONTEXT(2) 
PARAMETRIC_REPRESENTATION_CONTEXT() REPRESENTATION_CONTEXT('2D SPACE',''
  ) );
#2895 = PCURVE('',#75,#2896);
#2896 = DEFINITIONAL_REPRESENTATION('',(#2897),#2900);
#2897 = B_SPLINE_CURVE_WITH_KNOTS('',1,(#2898,#2899),.UNSPECIFIED.,.F.,
  .F.,(2,2),(23.,24.),.PIECEWISE_BEZIER_KNOTS.);
#2898 = CARTESIAN_POINT('',(1.290444742223E-02,-5.887378798235E-03));
#2899 = CARTESIAN_POINT('',(1.346835608113E-02,-5.525486106849E-03));
#2900 = ( GEOMETRIC_REPRESENTATION_CONTEXT(2) 
PARAMETRIC_REPRESENTATION_CONTEXT() REPRESENTATION_CONTEXT('2D SPACE',''
  ) );
#2901 = ORIENTED_EDGE('',*,*,#2902,.T.);
#2902 = EDGE_CURVE('',#2882,#2903,#2905,.T.);
#2903 = VERTEX_POINT('',#2904);
#2904 = CARTESIAN_POINT('',(-1.0122,-5.854252663679E-03,
    1.289806205019E-02));
#2905 = SURFACE_CURVE('',#2906,(#2925,#2932),.PCURVE_S1.);
#2906 = ( BOUNDED_CURVE() B_SPLINE_CURVE(3,(#2907,#2908,#2909,#2910,
    #2911,#2912,#2913,#2914,#2915,#2916,#2917,#2918,#2919,#2920,#2921,
#2922,#2923,#2924),.UNSPECIFIED.,.F.,.F.) B_SPLINE_CURVE_WITH_KNOTS((4,1
    ,1,1,1,1,1,1,1,1,1,1,1,1,1,4),(0.,3.281818483209E-02,
    8.331472171401E-02,0.163169600212,0.282607356412,0.362210128519,
    0.441821211418,0.521490445595,0.611262750889,0.691167944743,
    0.761109091848,0.800978053181,0.860692828618,0.910445018305,
0.96019726339,1.),.UNSPECIFIED.) CURVE() GEOMETRIC_REPRESENTATION_ITEM()
 RATIONAL_B_SPLINE_CURVE((1.,1.,1.,1.,1.,1.,1.,1.,1.,1.,1.,1.,1.,1.,
    0.999999999999,1.000000000004,0.999999999993,1.)) 
REPRESENTATION_ITEM('') );
#2907 = CARTESIAN_POINT('',(0.5378,-3.902835109119E-03,7.37032117154E-03
    ));
#2908 = CARTESIAN_POINT('',(0.523430650188,-8.375840122959E-03,
    1.732502049049E-02));
#2909 = CARTESIAN_POINT('',(0.483258792956,-1.535183239796E-02,
    3.230542372438E-02));
#2910 = CARTESIAN_POINT('',(0.398489817948,-2.018439300144E-02,
    4.286163767537E-02));
#2911 = CARTESIAN_POINT('',(0.269462582488,-2.389749487348E-02,
    5.358783111351E-02));
#2912 = CARTESIAN_POINT('',(0.124451460313,-2.473159507676E-02,
    5.495493214777E-02));
#2913 = CARTESIAN_POINT('',(-2.019705092663E-02,-2.568099461887E-02,
    5.681543052361E-02));
#2914 = CARTESIAN_POINT('',(-0.144245251992,-2.461898439238E-02,
    5.470899448207E-02));
#2915 = CARTESIAN_POINT('',(-0.273480101183,-2.209394868003E-02,
    5.030101947591E-02));
#2916 = CARTESIAN_POINT('',(-0.402617556702,-1.794886907087E-02,
    4.102753303625E-02));
#2917 = CARTESIAN_POINT('',(-0.526576732963,-1.284510277765E-02,
    3.149128786078E-02));
#2918 = CARTESIAN_POINT('',(-0.624580534573,-9.032847168115E-03,
    2.085923640387E-02));
#2919 = CARTESIAN_POINT('',(-0.712476506696,-6.968965146723E-03,
    1.55236392939E-02));
#2920 = CARTESIAN_POINT('',(-0.790028640266,-6.154172381456E-03,
    1.489287917657E-02));
#2921 = CARTESIAN_POINT('',(-0.872701839491,-6.469732376104E-03,
    1.368194616404E-02));
#2922 = CARTESIAN_POINT('',(-0.945025744455,-6.031121337312E-03,
    1.339193067339E-02));
#2923 = CARTESIAN_POINT('',(-0.991548335241,-5.277588407152E-03,
    1.465747870421E-02));
#2924 = CARTESIAN_POINT('',(-1.0122,-5.854252663679E-03,
    1.289806205019E-02));
#2925 = PCURVE('',#2814,#2926);
#2926 = DEFINITIONAL_REPRESENTATION('',(#2927),#2931);
#2927 = LINE('',#2928,#2929);
#2928 = CARTESIAN_POINT('',(24.,0.));
#2929 = VECTOR('',#2930,1.);
#2930 = DIRECTION('',(0.,1.));
#2931 = ( GEOMETRIC_REPRESENTATION_CONTEXT(2) 
PARAMETRIC_REPRESENTATION_CONTEXT() REPRESENTATION_CONTEXT('2D SPACE',''
  ) );
#2932 = PCURVE('',#2933,#2970);
#2933 = ( BOUNDED_SURFACE() B_SPLINE_SURFACE(1,3,(
    (#2934,#2935,#2936,#2937,#2938,#2939,#2940,#2941,#2942,#2943,#2944
      ,#2945,#2946,#2947,#2948,#2949,#2950,#2951)
    ,(#2952,#2953,#2954,#2955,#2956,#2957,#2958,#2959,#2960,#2961,#2962
      ,#2963,#2964,#2965,#2966,#2967,#2968,#2969
)),.UNSPECIFIED.,.F.,.F.,.F.) B_SPLINE_SURFACE_WITH_KNOTS((2,2),(4,1,1,1
    ,1,1,1,1,1,1,1,1,1,1,1,4),(24.,25.),(0.,3.281818483209E-02,
    8.331472171401E-02,0.163169600212,0.282607356412,0.362210128519,
    0.441821211418,0.521490445595,0.611262750889,0.691167944743,
    0.761109091848,0.800978053181,0.860692828618,0.910445018305,
0.96019726339,1.),.UNSPECIFIED.) GEOMETRIC_REPRESENTATION_ITEM() 
RATIONAL_B_SPLINE_SURFACE((
    (1.,1.,1.,1.,1.,1.,1.,1.,1.,1.,1.,1.,1.,1.,0.999999999999
      ,1.000000000004,0.999999999993,1.)
    ,(1.,1.,1.,1.,1.,1.,1.,1.,1.,1.,1.,1.,1.,1.,0.999999999999
,1.000000000004,0.999999999993,1.
  ))) REPRESENTATION_ITEM('') SURFACE() );
#2934 = CARTESIAN_POINT('',(0.5378,-3.902835109119E-03,7.37032117154E-03
    ));
#2935 = CARTESIAN_POINT('',(0.523430650188,-8.375840122959E-03,
    1.732502049049E-02));
#2936 = CARTESIAN_POINT('',(0.483258792956,-1.535183239796E-02,
    3.230542372438E-02));
#2937 = CARTESIAN_POINT('',(0.398489817948,-2.018439300144E-02,
    4.286163767537E-02));
#2938 = CARTESIAN_POINT('',(0.269462582488,-2.389749487348E-02,
    5.358783111351E-02));
#2939 = CARTESIAN_POINT('',(0.124451460313,-2.473159507676E-02,
    5.495493214777E-02));
#2940 = CARTESIAN_POINT('',(-2.019705092663E-02,-2.568099461887E-02,
    5.681543052361E-02));
#2941 = CARTESIAN_POINT('',(-0.144245251992,-2.461898439238E-02,
    5.470899448207E-02));
#2942 = CARTESIAN_POINT('',(-0.273480101183,-2.209394868003E-02,
    5.030101947591E-02));
#2943 = CARTESIAN_POINT('',(-0.402617556702,-1.794886907087E-02,
    4.102753303625E-02));
#2944 = CARTESIAN_POINT('',(-0.526576732963,-1.284510277765E-02,
    3.149128786078E-02));
#2945 = CARTESIAN_POINT('',(-0.624580534573,-9.032847168115E-03,
    2.085923640387E-02));
#2946 = CARTESIAN_POINT('',(-0.712476506696,-6.968965146723E-03,
    1.55236392939E-02));
#2947 = CARTESIAN_POINT('',(-0.790028640266,-6.154172381456E-03,
    1.489287917657E-02));
#2948 = CARTESIAN_POINT('',(-0.872701839491,-6.469732376104E-03,
    1.368194616404E-02));
#2949 = CARTESIAN_POINT('',(-0.945025744455,-6.031121337312E-03,
    1.339193067339E-02));
#2950 = CARTESIAN_POINT('',(-0.991548335241,-5.277588407152E-03,
    1.465747870421E-02));
#2951 = CARTESIAN_POINT('',(-1.0122,-5.854252663679E-03,
    1.289806205019E-02));
#2952 = CARTESIAN_POINT('',(0.5378,-4.489848193237E-03,
    7.096303477462E-03));
#2953 = CARTESIAN_POINT('',(0.523430650188,-9.635623743122E-03,
    1.66809017263E-02));
#2954 = CARTESIAN_POINT('',(0.483258792956,-1.766085295118E-02,
    3.110435561499E-02));
#2955 = CARTESIAN_POINT('',(0.398489817948,-2.322026370967E-02,
    4.12681050671E-02));
#2956 = CARTESIAN_POINT('',(0.269462582488,-2.749184148977E-02,
    5.159551441922E-02));
#2957 = CARTESIAN_POINT('',(0.124451460313,-2.845139606637E-02,
    5.291178864902E-02));
#2958 = CARTESIAN_POINT('',(-2.019705092663E-02,-2.954359179066E-02,
    5.470311643339E-02));
#2959 = CARTESIAN_POINT('',(-0.144245251992,-2.832184796514E-02,
    5.267499458378E-02));
#2960 = CARTESIAN_POINT('',(-0.273480101183,-2.541702961796E-02,
    4.843090160102E-02));
#2961 = CARTESIAN_POINT('',(-0.402617556702,-2.064850169565E-02,
    3.950218973917E-02));
#2962 = CARTESIAN_POINT('',(-0.526576732963,-1.477709405745E-02,
    3.03204881246E-02));
#2963 = CARTESIAN_POINT('',(-0.624580534573,-1.039144913983E-02,
    2.008372069342E-02));
#2964 = CARTESIAN_POINT('',(-0.712476506696,-8.017145151648E-03,
    1.494649323146E-02));
#2965 = CARTESIAN_POINT('',(-0.790028640266,-7.079801983733E-03,
    1.4339183847E-02));
#2966 = CARTESIAN_POINT('',(-0.872701839491,-7.442824359092E-03,
    1.31732715417E-02));
#2967 = CARTESIAN_POINT('',(-0.945025744455,-6.938243221176E-03,
    1.289403840023E-02));
#2968 = CARTESIAN_POINT('',(-0.991548335241,-6.07137378663E-03,
    1.411253521767E-02));
#2969 = CARTESIAN_POINT('',(-1.0122,-6.734772289856E-03,
    1.241853108556E-02));
#2970 = DEFINITIONAL_REPRESENTATION('',(#2971),#2975);
#2971 = LINE('',#2972,#2973);
#2972 = CARTESIAN_POINT('',(24.,0.));
#2973 = VECTOR('',#2974,1.);
#2974 = DIRECTION('',(0.,1.));
#2975 = ( GEOMETRIC_REPRESENTATION_CONTEXT(2) 
PARAMETRIC_REPRESENTATION_CONTEXT() REPRESENTATION_CONTEXT('2D SPACE',''
  ) );
#2976 = ORIENTED_EDGE('',*,*,#2977,.F.);
#2977 = EDGE_CURVE('',#2784,#2903,#2978,.T.);
#2978 = SURFACE_CURVE('',#2979,(#2982,#2989),.PCURVE_S1.);
#2979 = B_SPLINE_CURVE_WITH_KNOTS('',1,(#2980,#2981),.UNSPECIFIED.,.F.,
  .F.,(2,2),(23.,24.),.PIECEWISE_BEZIER_KNOTS.);
#2980 = CARTESIAN_POINT('',(-1.0122,-4.907846637565E-03,
    1.329279221118E-02));
#2981 = CARTESIAN_POINT('',(-1.0122,-5.854252663679E-03,
    1.289806205019E-02));
#2982 = PCURVE('',#2814,#2983);
#2983 = DEFINITIONAL_REPRESENTATION('',(#2984),#2988);
#2984 = LINE('',#2985,#2986);
#2985 = CARTESIAN_POINT('',(0.,1.));
#2986 = VECTOR('',#2987,1.);
#2987 = DIRECTION('',(1.,0.));
#2988 = ( GEOMETRIC_REPRESENTATION_CONTEXT(2) 
PARAMETRIC_REPRESENTATION_CONTEXT() REPRESENTATION_CONTEXT('2D SPACE',''
  ) );
#2989 = PCURVE('',#176,#2990);
#2990 = DEFINITIONAL_REPRESENTATION('',(#2991),#2994);
#2991 = B_SPLINE_CURVE_WITH_KNOTS('',1,(#2992,#2993),.UNSPECIFIED.,.F.,
  .F.,(2,2),(23.,24.),.PIECEWISE_BEZIER_KNOTS.);
#2992 = CARTESIAN_POINT('',(2.146426053191E-02,-7.255975501471E-03));
#2993 = CARTESIAN_POINT('',(2.217861817345E-02,-6.520319721753E-03));
#2994 = ( GEOMETRIC_REPRESENTATION_CONTEXT(2) 
PARAMETRIC_REPRESENTATION_CONTEXT() REPRESENTATION_CONTEXT('2D SPACE',''
  ) );
#2995 = ORIENTED_EDGE('',*,*,#2783,.F.);
#2996 = ADVANCED_FACE('',(#2997),#2933,.F.);
#2997 = FACE_BOUND('',#2998,.F.);
#2998 = EDGE_LOOP('',(#2999,#3020,#3095,#3114));
#2999 = ORIENTED_EDGE('',*,*,#3000,.T.);
#3000 = EDGE_CURVE('',#2882,#3001,#3003,.T.);
#3001 = VERTEX_POINT('',#3002);
#3002 = CARTESIAN_POINT('',(0.5378,-4.489848193237E-03,
    7.096303477462E-03));
#3003 = SURFACE_CURVE('',#3004,(#3007,#3014),.PCURVE_S1.);
#3004 = B_SPLINE_CURVE_WITH_KNOTS('',1,(#3005,#3006),.UNSPECIFIED.,.F.,
  .F.,(2,2),(24.,25.),.PIECEWISE_BEZIER_KNOTS.);
#3005 = CARTESIAN_POINT('',(0.5378,-3.902835109119E-03,7.37032117154E-03
    ));
#3006 = CARTESIAN_POINT('',(0.5378,-4.489848193237E-03,
    7.096303477462E-03));
#3007 = PCURVE('',#2933,#3008);
#3008 = DEFINITIONAL_REPRESENTATION('',(#3009),#3013);
#3009 = LINE('',#3010,#3011);
#3010 = CARTESIAN_POINT('',(0.,0.));
#3011 = VECTOR('',#3012,1.);
#3012 = DIRECTION('',(1.,0.));
#3013 = ( GEOMETRIC_REPRESENTATION_CONTEXT(2) 
PARAMETRIC_REPRESENTATION_CONTEXT() REPRESENTATION_CONTEXT('2D SPACE',''
  ) );
#3014 = PCURVE('',#75,#3015);
#3015 = DEFINITIONAL_REPRESENTATION('',(#3016),#3019);
#3016 = B_SPLINE_CURVE_WITH_KNOTS('',1,(#3017,#3018),.UNSPECIFIED.,.F.,
  .F.,(2,2),(24.,25.),.PIECEWISE_BEZIER_KNOTS.);
#3017 = CARTESIAN_POINT('',(1.346835608113E-02,-5.525486106849E-03));
#3018 = CARTESIAN_POINT('',(1.397855350482E-02,-5.12627607886E-03));
#3019 = ( GEOMETRIC_REPRESENTATION_CONTEXT(2) 
PARAMETRIC_REPRESENTATION_CONTEXT() REPRESENTATION_CONTEXT('2D SPACE',''
  ) );
#3020 = ORIENTED_EDGE('',*,*,#3021,.T.);
#3021 = EDGE_CURVE('',#3001,#3022,#3024,.T.);
#3022 = VERTEX_POINT('',#3023);
#3023 = CARTESIAN_POINT('',(-1.0122,-6.734772289856E-03,
    1.241853108556E-02));
#3024 = SURFACE_CURVE('',#3025,(#3044,#3051),.PCURVE_S1.);
#3025 = ( BOUNDED_CURVE() B_SPLINE_CURVE(3,(#3026,#3027,#3028,#3029,
    #3030,#3031,#3032,#3033,#3034,#3035,#3036,#3037,#3038,#3039,#3040,
#3041,#3042,#3043),.UNSPECIFIED.,.F.,.F.) B_SPLINE_CURVE_WITH_KNOTS((4,1
    ,1,1,1,1,1,1,1,1,1,1,1,1,1,4),(0.,3.281818483209E-02,
    8.331472171401E-02,0.163169600212,0.282607356412,0.362210128519,
    0.441821211418,0.521490445595,0.611262750889,0.691167944743,
    0.761109091848,0.800978053181,0.860692828618,0.910445018305,
0.96019726339,1.),.UNSPECIFIED.) CURVE() GEOMETRIC_REPRESENTATION_ITEM()
 RATIONAL_B_SPLINE_CURVE((1.,1.,1.,1.,1.,1.,1.,1.,1.,1.,1.,1.,1.,1.,
    0.999999999999,1.000000000004,0.999999999993,1.)) 
REPRESENTATION_ITEM('') );
#3026 = CARTESIAN_POINT('',(0.5378,-4.489848193237E-03,
    7.096303477462E-03));
#3027 = CARTESIAN_POINT('',(0.523430650188,-9.635623743122E-03,
    1.66809017263E-02));
#3028 = CARTESIAN_POINT('',(0.483258792956,-1.766085295118E-02,
    3.110435561499E-02));
#3029 = CARTESIAN_POINT('',(0.398489817948,-2.322026370967E-02,
    4.12681050671E-02));
#3030 = CARTESIAN_POINT('',(0.269462582488,-2.749184148977E-02,
    5.159551441922E-02));
#3031 = CARTESIAN_POINT('',(0.124451460313,-2.845139606637E-02,
    5.291178864902E-02));
#3032 = CARTESIAN_POINT('',(-2.019705092663E-02,-2.954359179066E-02,
    5.470311643339E-02));
#3033 = CARTESIAN_POINT('',(-0.144245251992,-2.832184796514E-02,
    5.267499458378E-02));
#3034 = CARTESIAN_POINT('',(-0.273480101183,-2.541702961796E-02,
    4.843090160102E-02));
#3035 = CARTESIAN_POINT('',(-0.402617556702,-2.064850169565E-02,
    3.950218973917E-02));
#3036 = CARTESIAN_POINT('',(-0.526576732963,-1.477709405745E-02,
    3.03204881246E-02));
#3037 = CARTESIAN_POINT('',(-0.624580534573,-1.039144913983E-02,
    2.008372069342E-02));
#3038 = CARTESIAN_POINT('',(-0.712476506696,-8.017145151648E-03,
    1.494649323146E-02));
#3039 = CARTESIAN_POINT('',(-0.790028640266,-7.079801983733E-03,
    1.4339183847E-02));
#3040 = CARTESIAN_POINT('',(-0.872701839491,-7.442824359092E-03,
    1.31732715417E-02));
#3041 = CARTESIAN_POINT('',(-0.945025744455,-6.938243221176E-03,
    1.289403840023E-02));
#3042 = CARTESIAN_POINT('',(-0.991548335241,-6.07137378663E-03,
    1.411253521767E-02));
#3043 = CARTESIAN_POINT('',(-1.0122,-6.734772289856E-03,
    1.241853108556E-02));
#3044 = PCURVE('',#2933,#3045);
#3045 = DEFINITIONAL_REPRESENTATION('',(#3046),#3050);
#3046 = LINE('',#3047,#3048);
#3047 = CARTESIAN_POINT('',(25.,0.));
#3048 = VECTOR('',#3049,1.);
#3049 = DIRECTION('',(0.,1.));
#3050 = ( GEOMETRIC_REPRESENTATION_CONTEXT(2) 
PARAMETRIC_REPRESENTATION_CONTEXT() REPRESENTATION_CONTEXT('2D SPACE',''
  ) );
#3051 = PCURVE('',#3052,#3089);
#3052 = ( BOUNDED_SURFACE() B_SPLINE_SURFACE(1,3,(
    (#3053,#3054,#3055,#3056,#3057,#3058,#3059,#3060,#3061,#3062,#3063
      ,#3064,#3065,#3066,#3067,#3068,#3069,#3070)
    ,(#3071,#3072,#3073,#3074,#3075,#3076,#3077,#3078,#3079,#3080,#3081
      ,#3082,#3083,#3084,#3085,#3086,#3087,#3088
)),.UNSPECIFIED.,.F.,.F.,.F.) B_SPLINE_SURFACE_WITH_KNOTS((2,2),(4,1,1,1
    ,1,1,1,1,1,1,1,1,1,1,1,4),(25.,26.),(0.,3.281818483209E-02,
    8.331472171401E-02,0.163169600212,0.282607356412,0.362210128519,
    0.441821211418,0.521490445595,0.611262750889,0.691167944743,
    0.761109091848,0.800978053181,0.860692828618,0.910445018305,
0.96019726339,1.),.UNSPECIFIED.) GEOMETRIC_REPRESENTATION_ITEM() 
RATIONAL_B_SPLINE_SURFACE((
    (1.,1.,1.,1.,1.,1.,1.,1.,1.,1.,1.,1.,1.,1.,0.999999999999
      ,1.000000000004,0.999999999993,1.)
    ,(1.,1.,1.,1.,1.,1.,1.,1.,1.,1.,1.,1.,1.,1.,0.999999999999
,1.000000000004,0.999999999993,1.
  ))) REPRESENTATION_ITEM('') SURFACE() );
#3053 = CARTESIAN_POINT('',(0.5378,-4.489848193237E-03,
    7.096303477462E-03));
#3054 = CARTESIAN_POINT('',(0.523430650188,-9.635623743122E-03,
    1.66809017263E-02));
#3055 = CARTESIAN_POINT('',(0.483258792956,-1.766085295118E-02,
    3.110435561499E-02));
#3056 = CARTESIAN_POINT('',(0.398489817948,-2.322026370967E-02,
    4.12681050671E-02));
#3057 = CARTESIAN_POINT('',(0.269462582488,-2.749184148977E-02,
    5.159551441922E-02));
#3058 = CARTESIAN_POINT('',(0.124451460313,-2.845139606637E-02,
    5.291178864902E-02));
#3059 = CARTESIAN_POINT('',(-2.019705092663E-02,-2.954359179066E-02,
    5.470311643339E-02));
#3060 = CARTESIAN_POINT('',(-0.144245251992,-2.832184796514E-02,
    5.267499458378E-02));
#3061 = CARTESIAN_POINT('',(-0.273480101183,-2.541702961796E-02,
    4.843090160102E-02));
#3062 = CARTESIAN_POINT('',(-0.402617556702,-2.064850169565E-02,
    3.950218973917E-02));
#3063 = CARTESIAN_POINT('',(-0.526576732963,-1.477709405745E-02,
    3.03204881246E-02));
#3064 = CARTESIAN_POINT('',(-0.624580534573,-1.039144913983E-02,
    2.008372069342E-02));
#3065 = CARTESIAN_POINT('',(-0.712476506696,-8.017145151648E-03,
    1.494649323146E-02));
#3066 = CARTESIAN_POINT('',(-0.790028640266,-7.079801983733E-03,
    1.4339183847E-02));
#3067 = CARTESIAN_POINT('',(-0.872701839491,-7.442824359092E-03,
    1.31732715417E-02));
#3068 = CARTESIAN_POINT('',(-0.945025744455,-6.938243221176E-03,
    1.289403840023E-02));
#3069 = CARTESIAN_POINT('',(-0.991548335241,-6.07137378663E-03,
    1.411253521767E-02));
#3070 = CARTESIAN_POINT('',(-1.0122,-6.734772289856E-03,
    1.241853108556E-02));
#3071 = CARTESIAN_POINT('',(0.5378,-5.034033153777E-03,
    6.774757480796E-03));
#3072 = CARTESIAN_POINT('',(0.523430650188,-1.080349430372E-02,
    1.592506071866E-02));
#3073 = CARTESIAN_POINT('',(0.483258792956,-1.980140874565E-02,
    2.969496253328E-02));
#3074 = CARTESIAN_POINT('',(0.398489817948,-2.60346391065E-02,
    3.939817461437E-02));
#3075 = CARTESIAN_POINT('',(0.269462582488,-3.082394672638E-02,
    4.925763087744E-02));
#3076 = CARTESIAN_POINT('',(0.124451460313,-3.189980260024E-02,
    5.051426240588E-02));
#3077 = CARTESIAN_POINT('',(-2.019705092663E-02,-3.312437618266E-02,
    5.222442197645E-02));
#3078 = CARTESIAN_POINT('',(-0.144245251992,-3.175455282597E-02,
    5.028819789638E-02));
#3079 = CARTESIAN_POINT('',(-0.273480101183,-2.84976605579E-02,
    4.623641223424E-02));
#3080 = CARTESIAN_POINT('',(-0.402617556702,-2.315117073853E-02,
    3.771227601712E-02));
#3081 = CARTESIAN_POINT('',(-0.526576732963,-1.656812840882E-02,
    2.894661345811E-02));
#3082 = CARTESIAN_POINT('',(-0.624580534573,-1.165092832414E-02,
    1.917369197105E-02));
#3083 = CARTESIAN_POINT('',(-0.712476506696,-8.988850570232E-03,
    1.426924132446E-02));
#3084 = CARTESIAN_POINT('',(-0.790028640266,-7.937898203764E-03,
    1.368945019677E-02));
#3085 = CARTESIAN_POINT('',(-0.872701839491,-8.344920132907E-03,
    1.25763674295E-02));
#3086 = CARTESIAN_POINT('',(-0.945025744455,-7.779182034897E-03,
    1.230978683292E-02));
#3087 = CARTESIAN_POINT('',(-0.991548335241,-6.807245059444E-03,
    1.347307141573E-02));
#3088 = CARTESIAN_POINT('',(-1.0122,-7.551049730665E-03,
    1.185582559139E-02));
#3089 = DEFINITIONAL_REPRESENTATION('',(#3090),#3094);
#3090 = LINE('',#3091,#3092);
#3091 = CARTESIAN_POINT('',(25.,0.));
#3092 = VECTOR('',#3093,1.);
#3093 = DIRECTION('',(0.,1.));
#3094 = ( GEOMETRIC_REPRESENTATION_CONTEXT(2) 
PARAMETRIC_REPRESENTATION_CONTEXT() REPRESENTATION_CONTEXT('2D SPACE',''
  ) );
#3095 = ORIENTED_EDGE('',*,*,#3096,.F.);
#3096 = EDGE_CURVE('',#2903,#3022,#3097,.T.);
#3097 = SURFACE_CURVE('',#3098,(#3101,#3108),.PCURVE_S1.);
#3098 = B_SPLINE_CURVE_WITH_KNOTS('',1,(#3099,#3100),.UNSPECIFIED.,.F.,
  .F.,(2,2),(24.,25.),.PIECEWISE_BEZIER_KNOTS.);
#3099 = CARTESIAN_POINT('',(-1.0122,-5.854252663679E-03,
    1.289806205019E-02));
#3100 = CARTESIAN_POINT('',(-1.0122,-6.734772289856E-03,
    1.241853108556E-02));
#3101 = PCURVE('',#2933,#3102);
#3102 = DEFINITIONAL_REPRESENTATION('',(#3103),#3107);
#3103 = LINE('',#3104,#3105);
#3104 = CARTESIAN_POINT('',(0.,1.));
#3105 = VECTOR('',#3106,1.);
#3106 = DIRECTION('',(1.,0.));
#3107 = ( GEOMETRIC_REPRESENTATION_CONTEXT(2) 
PARAMETRIC_REPRESENTATION_CONTEXT() REPRESENTATION_CONTEXT('2D SPACE',''
  ) );
#3108 = PCURVE('',#176,#3109);
#3109 = DEFINITIONAL_REPRESENTATION('',(#3110),#3113);
#3110 = B_SPLINE_CURVE_WITH_KNOTS('',1,(#3111,#3112),.UNSPECIFIED.,.F.,
  .F.,(2,2),(24.,25.),.PIECEWISE_BEZIER_KNOTS.);
#3111 = CARTESIAN_POINT('',(2.217861817345E-02,-6.520319721753E-03));
#3112 = CARTESIAN_POINT('',(2.279900951663E-02,-5.732678090408E-03));
#3113 = ( GEOMETRIC_REPRESENTATION_CONTEXT(2) 
PARAMETRIC_REPRESENTATION_CONTEXT() REPRESENTATION_CONTEXT('2D SPACE',''
  ) );
#3114 = ORIENTED_EDGE('',*,*,#2902,.F.);
#3115 = ADVANCED_FACE('',(#3116),#3052,.F.);
#3116 = FACE_BOUND('',#3117,.F.);
#3117 = EDGE_LOOP('',(#3118,#3139,#3214,#3233));
#3118 = ORIENTED_EDGE('',*,*,#3119,.T.);
#3119 = EDGE_CURVE('',#3001,#3120,#3122,.T.);
#3120 = VERTEX_POINT('',#3121);
#3121 = CARTESIAN_POINT('',(0.5378,-5.034033153777E-03,
    6.774757480796E-03));
#3122 = SURFACE_CURVE('',#3123,(#3126,#3133),.PCURVE_S1.);
#3123 = B_SPLINE_CURVE_WITH_KNOTS('',1,(#3124,#3125),.UNSPECIFIED.,.F.,
  .F.,(2,2),(25.,26.),.PIECEWISE_BEZIER_KNOTS.);
#3124 = CARTESIAN_POINT('',(0.5378,-4.489848193237E-03,
    7.096303477462E-03));
#3125 = CARTESIAN_POINT('',(0.5378,-5.034033153777E-03,
    6.774757480796E-03));
#3126 = PCURVE('',#3052,#3127);
#3127 = DEFINITIONAL_REPRESENTATION('',(#3128),#3132);
#3128 = LINE('',#3129,#3130);
#3129 = CARTESIAN_POINT('',(0.,0.));
#3130 = VECTOR('',#3131,1.);
#3131 = DIRECTION('',(1.,0.));
#3132 = ( GEOMETRIC_REPRESENTATION_CONTEXT(2) 
PARAMETRIC_REPRESENTATION_CONTEXT() REPRESENTATION_CONTEXT('2D SPACE',''
  ) );
#3133 = PCURVE('',#75,#3134);
#3134 = DEFINITIONAL_REPRESENTATION('',(#3135),#3138);
#3135 = B_SPLINE_CURVE_WITH_KNOTS('',1,(#3136,#3137),.UNSPECIFIED.,.F.,
  .F.,(2,2),(25.,26.),.PIECEWISE_BEZIER_KNOTS.);
#3136 = CARTESIAN_POINT('',(1.397855350482E-02,-5.12627607886E-03));
#3137 = CARTESIAN_POINT('',(1.443631700371E-02,-4.690407201398E-03));
#3138 = ( GEOMETRIC_REPRESENTATION_CONTEXT(2) 
PARAMETRIC_REPRESENTATION_CONTEXT() REPRESENTATION_CONTEXT('2D SPACE',''
  ) );
#3139 = ORIENTED_EDGE('',*,*,#3140,.T.);
#3140 = EDGE_CURVE('',#3120,#3141,#3143,.T.);
#3141 = VERTEX_POINT('',#3142);
#3142 = CARTESIAN_POINT('',(-1.0122,-7.551049730665E-03,
    1.185582559139E-02));
#3143 = SURFACE_CURVE('',#3144,(#3163,#3170),.PCURVE_S1.);
#3144 = ( BOUNDED_CURVE() B_SPLINE_CURVE(3,(#3145,#3146,#3147,#3148,
    #3149,#3150,#3151,#3152,#3153,#3154,#3155,#3156,#3157,#3158,#3159,
#3160,#3161,#3162),.UNSPECIFIED.,.F.,.F.) B_SPLINE_CURVE_WITH_KNOTS((4,1
    ,1,1,1,1,1,1,1,1,1,1,1,1,1,4),(0.,3.281818483209E-02,
    8.331472171401E-02,0.163169600212,0.282607356412,0.362210128519,
    0.441821211418,0.521490445595,0.611262750889,0.691167944743,
    0.761109091848,0.800978053181,0.860692828618,0.910445018305,
0.96019726339,1.),.UNSPECIFIED.) CURVE() GEOMETRIC_REPRESENTATION_ITEM()
 RATIONAL_B_SPLINE_CURVE((1.,1.,1.,1.,1.,1.,1.,1.,1.,1.,1.,1.,1.,1.,
    0.999999999999,1.000000000004,0.999999999993,1.)) 
REPRESENTATION_ITEM('') );
#3145 = CARTESIAN_POINT('',(0.5378,-5.034033153777E-03,
    6.774757480796E-03));
#3146 = CARTESIAN_POINT('',(0.523430650188,-1.080349430372E-02,
    1.592506071866E-02));
#3147 = CARTESIAN_POINT('',(0.483258792956,-1.980140874565E-02,
    2.969496253328E-02));
#3148 = CARTESIAN_POINT('',(0.398489817948,-2.60346391065E-02,
    3.939817461437E-02));
#3149 = CARTESIAN_POINT('',(0.269462582488,-3.082394672638E-02,
    4.925763087744E-02));
#3150 = CARTESIAN_POINT('',(0.124451460313,-3.189980260024E-02,
    5.051426240588E-02));
#3151 = CARTESIAN_POINT('',(-2.019705092663E-02,-3.312437618266E-02,
    5.222442197645E-02));
#3152 = CARTESIAN_POINT('',(-0.144245251992,-3.175455282597E-02,
    5.028819789638E-02));
#3153 = CARTESIAN_POINT('',(-0.273480101183,-2.84976605579E-02,
    4.623641223424E-02));
#3154 = CARTESIAN_POINT('',(-0.402617556702,-2.315117073853E-02,
    3.771227601712E-02));
#3155 = CARTESIAN_POINT('',(-0.526576732963,-1.656812840882E-02,
    2.894661345811E-02));
#3156 = CARTESIAN_POINT('',(-0.624580534573,-1.165092832414E-02,
    1.917369197105E-02));
#3157 = CARTESIAN_POINT('',(-0.712476506696,-8.988850570232E-03,
    1.426924132446E-02));
#3158 = CARTESIAN_POINT('',(-0.790028640266,-7.937898203764E-03,
    1.368945019677E-02));
#3159 = CARTESIAN_POINT('',(-0.872701839491,-8.344920132907E-03,
    1.25763674295E-02));
#3160 = CARTESIAN_POINT('',(-0.945025744455,-7.779182034897E-03,
    1.230978683292E-02));
#3161 = CARTESIAN_POINT('',(-0.991548335241,-6.807245059444E-03,
    1.347307141573E-02));
#3162 = CARTESIAN_POINT('',(-1.0122,-7.551049730665E-03,
    1.185582559139E-02));
#3163 = PCURVE('',#3052,#3164);
#3164 = DEFINITIONAL_REPRESENTATION('',(#3165),#3169);
#3165 = LINE('',#3166,#3167);
#3166 = CARTESIAN_POINT('',(26.,0.));
#3167 = VECTOR('',#3168,1.);
#3168 = DIRECTION('',(0.,1.));
#3169 = ( GEOMETRIC_REPRESENTATION_CONTEXT(2) 
PARAMETRIC_REPRESENTATION_CONTEXT() REPRESENTATION_CONTEXT('2D SPACE',''
  ) );
#3170 = PCURVE('',#3171,#3208);
#3171 = ( BOUNDED_SURFACE() B_SPLINE_SURFACE(1,3,(
    (#3172,#3173,#3174,#3175,#3176,#3177,#3178,#3179,#3180,#3181,#3182
      ,#3183,#3184,#3185,#3186,#3187,#3188,#3189)
    ,(#3190,#3191,#3192,#3193,#3194,#3195,#3196,#3197,#3198,#3199,#3200
      ,#3201,#3202,#3203,#3204,#3205,#3206,#3207
)),.UNSPECIFIED.,.F.,.F.,.F.) B_SPLINE_SURFACE_WITH_KNOTS((2,2),(4,1,1,1
    ,1,1,1,1,1,1,1,1,1,1,1,4),(26.,27.),(0.,3.281818483209E-02,
    8.331472171401E-02,0.163169600212,0.282607356412,0.362210128519,
    0.441821211418,0.521490445595,0.611262750889,0.691167944743,
    0.761109091848,0.800978053181,0.860692828618,0.910445018305,
0.96019726339,1.),.UNSPECIFIED.) GEOMETRIC_REPRESENTATION_ITEM() 
RATIONAL_B_SPLINE_SURFACE((
    (1.,1.,1.,1.,1.,1.,1.,1.,1.,1.,1.,1.,1.,1.,0.999999999999
      ,1.000000000004,0.999999999993,1.)
    ,(1.,1.,1.,1.,1.,1.,1.,1.,1.,1.,1.,1.,1.,1.,0.999999999999
,1.000000000004,0.999999999993,1.
  ))) REPRESENTATION_ITEM('') SURFACE() );
#3172 = CARTESIAN_POINT('',(0.5378,-5.034033153777E-03,
    6.774757480796E-03));
#3173 = CARTESIAN_POINT('',(0.523430650188,-1.080349430372E-02,
    1.592506071866E-02));
#3174 = CARTESIAN_POINT('',(0.483258792956,-1.980140874565E-02,
    2.969496253328E-02));
#3175 = CARTESIAN_POINT('',(0.398489817948,-2.60346391065E-02,
    3.939817461437E-02));
#3176 = CARTESIAN_POINT('',(0.269462582488,-3.082394672638E-02,
    4.925763087744E-02));
#3177 = CARTESIAN_POINT('',(0.124451460313,-3.189980260024E-02,
    5.051426240588E-02));
#3178 = CARTESIAN_POINT('',(-2.019705092663E-02,-3.312437618266E-02,
    5.222442197645E-02));
#3179 = CARTESIAN_POINT('',(-0.144245251992,-3.175455282597E-02,
    5.028819789638E-02));
#3180 = CARTESIAN_POINT('',(-0.273480101183,-2.84976605579E-02,
    4.623641223424E-02));
#3181 = CARTESIAN_POINT('',(-0.402617556702,-2.315117073853E-02,
    3.771227601712E-02));
#3182 = CARTESIAN_POINT('',(-0.526576732963,-1.656812840882E-02,
    2.894661345811E-02));
#3183 = CARTESIAN_POINT('',(-0.624580534573,-1.165092832414E-02,
    1.917369197105E-02));
#3184 = CARTESIAN_POINT('',(-0.712476506696,-8.988850570232E-03,
    1.426924132446E-02));
#3185 = CARTESIAN_POINT('',(-0.790028640266,-7.937898203764E-03,
    1.368945019677E-02));
#3186 = CARTESIAN_POINT('',(-0.872701839491,-8.344920132907E-03,
    1.25763674295E-02));
#3187 = CARTESIAN_POINT('',(-0.945025744455,-7.779182034897E-03,
    1.230978683292E-02));
#3188 = CARTESIAN_POINT('',(-0.991548335241,-6.807245059444E-03,
    1.347307141573E-02));
#3189 = CARTESIAN_POINT('',(-1.0122,-7.551049730665E-03,
    1.185582559139E-02));
#3190 = CARTESIAN_POINT('',(0.5378,-5.535364629139E-03,
    6.406708422145E-03));
#3191 = CARTESIAN_POINT('',(0.523430650188,-1.187939737643E-02,
    1.505990744593E-02));
#3192 = CARTESIAN_POINT('',(0.483258792956,-2.177340002134E-02,
    2.808173829049E-02));
#3193 = CARTESIAN_POINT('',(0.398489817948,-2.86273880287E-02,
    3.725780853921E-02));
#3194 = CARTESIAN_POINT('',(0.269462582488,-3.389365529142E-02,
    4.658163476582E-02));
#3195 = CARTESIAN_POINT('',(0.124451460313,-3.50766539663E-02,
    4.77699978651E-02));
#3196 = CARTESIAN_POINT('',(-2.019705092663E-02,-3.642318091335E-02,
    4.93872504022E-02));
#3197 = CARTESIAN_POINT('',(-0.144245251992,-3.491693899456E-02,
    4.755621465573E-02));
#3198 = CARTESIAN_POINT('',(-0.273480101183,-3.133569792782E-02,
    4.372454844481E-02));
#3199 = CARTESIAN_POINT('',(-0.402617556702,-2.545675956327E-02,
    3.566349896096E-02));
#3200 = CARTESIAN_POINT('',(-0.526576732963,-1.821812236108E-02,
    2.737404442305E-02));
#3201 = CARTESIAN_POINT('',(-0.624580534573,-1.281122602335E-02,
    1.813205183842E-02));
#3202 = CARTESIAN_POINT('',(-0.712476506696,-9.884036116395E-03,
    1.349404297205E-02));
#3203 = CARTESIAN_POINT('',(-0.790028640266,-8.728421050224E-03,
    1.294574988384E-02));
#3204 = CARTESIAN_POINT('',(-0.872701839491,-9.17597765554E-03,
    1.189313703987E-02));
#3205 = CARTESIAN_POINT('',(-0.945025744455,-8.553898586983E-03,
    1.164103884151E-02));
#3206 = CARTESIAN_POINT('',(-0.991548335241,-7.485167930097E-03,
    1.274112621133E-02));
#3207 = CARTESIAN_POINT('',(-1.0122,-8.303046943709E-03,
    1.121173973875E-02));
#3208 = DEFINITIONAL_REPRESENTATION('',(#3209),#3213);
#3209 = LINE('',#3210,#3211);
#3210 = CARTESIAN_POINT('',(26.,0.));
#3211 = VECTOR('',#3212,1.);
#3212 = DIRECTION('',(0.,1.));
#3213 = ( GEOMETRIC_REPRESENTATION_CONTEXT(2) 
PARAMETRIC_REPRESENTATION_CONTEXT() REPRESENTATION_CONTEXT('2D SPACE',''
  ) );
#3214 = ORIENTED_EDGE('',*,*,#3215,.F.);
#3215 = EDGE_CURVE('',#3022,#3141,#3216,.T.);
#3216 = SURFACE_CURVE('',#3217,(#3220,#3227),.PCURVE_S1.);
#3217 = B_SPLINE_CURVE_WITH_KNOTS('',1,(#3218,#3219),.UNSPECIFIED.,.F.,
  .F.,(2,2),(25.,26.),.PIECEWISE_BEZIER_KNOTS.);
#3218 = CARTESIAN_POINT('',(-1.0122,-6.734772289856E-03,
    1.241853108556E-02));
#3219 = CARTESIAN_POINT('',(-1.0122,-7.551049730665E-03,
    1.185582559139E-02));
#3220 = PCURVE('',#3052,#3221);
#3221 = DEFINITIONAL_REPRESENTATION('',(#3222),#3226);
#3222 = LINE('',#3223,#3224);
#3223 = CARTESIAN_POINT('',(0.,1.));
#3224 = VECTOR('',#3225,1.);
#3225 = DIRECTION('',(1.,0.));
#3226 = ( GEOMETRIC_REPRESENTATION_CONTEXT(2) 
PARAMETRIC_REPRESENTATION_CONTEXT() REPRESENTATION_CONTEXT('2D SPACE',''
  ) );
#3227 = PCURVE('',#176,#3228);
#3228 = DEFINITIONAL_REPRESENTATION('',(#3229),#3232);
#3229 = B_SPLINE_CURVE_WITH_KNOTS('',1,(#3230,#3231),.UNSPECIFIED.,.F.,
  .F.,(2,2),(25.,26.),.PIECEWISE_BEZIER_KNOTS.);
#3230 = CARTESIAN_POINT('',(2.279900951663E-02,-5.732678090408E-03));
#3231 = CARTESIAN_POINT('',(2.332758649409E-02,-4.893897599194E-03));
#3232 = ( GEOMETRIC_REPRESENTATION_CONTEXT(2) 
PARAMETRIC_REPRESENTATION_CONTEXT() REPRESENTATION_CONTEXT('2D SPACE',''
  ) );
#3233 = ORIENTED_EDGE('',*,*,#3021,.F.);
#3234 = ADVANCED_FACE('',(#3235),#3171,.F.);
#3235 = FACE_BOUND('',#3236,.F.);
#3236 = EDGE_LOOP('',(#3237,#3258,#3333,#3352));
#3237 = ORIENTED_EDGE('',*,*,#3238,.T.);
#3238 = EDGE_CURVE('',#3120,#3239,#3241,.T.);
#3239 = VERTEX_POINT('',#3240);
#3240 = CARTESIAN_POINT('',(0.5378,-5.535364629139E-03,
    6.406708422145E-03));
#3241 = SURFACE_CURVE('',#3242,(#3245,#3252),.PCURVE_S1.);
#3242 = B_SPLINE_CURVE_WITH_KNOTS('',1,(#3243,#3244),.UNSPECIFIED.,.F.,
  .F.,(2,2),(26.,27.),.PIECEWISE_BEZIER_KNOTS.);
#3243 = CARTESIAN_POINT('',(0.5378,-5.034033153777E-03,
    6.774757480796E-03));
#3244 = CARTESIAN_POINT('',(0.5378,-5.535364629139E-03,
    6.406708422145E-03));
#3245 = PCURVE('',#3171,#3246);
#3246 = DEFINITIONAL_REPRESENTATION('',(#3247),#3251);
#3247 = LINE('',#3248,#3249);
#3248 = CARTESIAN_POINT('',(0.,0.));
#3249 = VECTOR('',#3250,1.);
#3250 = DIRECTION('',(1.,0.));
#3251 = ( GEOMETRIC_REPRESENTATION_CONTEXT(2) 
PARAMETRIC_REPRESENTATION_CONTEXT() REPRESENTATION_CONTEXT('2D SPACE',''
  ) );
#3252 = PCURVE('',#75,#3253);
#3253 = DEFINITIONAL_REPRESENTATION('',(#3254),#3257);
#3254 = B_SPLINE_CURVE_WITH_KNOTS('',1,(#3255,#3256),.UNSPECIFIED.,.F.,
  .F.,(2,2),(26.,27.),.PIECEWISE_BEZIER_KNOTS.);
#3255 = CARTESIAN_POINT('',(1.443631700371E-02,-4.690407201398E-03));
#3256 = CARTESIAN_POINT('',(1.484185282233E-02,-4.21888407622E-03));
#3257 = ( GEOMETRIC_REPRESENTATION_CONTEXT(2) 
PARAMETRIC_REPRESENTATION_CONTEXT() REPRESENTATION_CONTEXT('2D SPACE',''
  ) );
#3258 = ORIENTED_EDGE('',*,*,#3259,.T.);
#3259 = EDGE_CURVE('',#3239,#3260,#3262,.T.);
#3260 = VERTEX_POINT('',#3261);
#3261 = CARTESIAN_POINT('',(-1.0122,-8.303046943709E-03,
    1.121173973875E-02));
#3262 = SURFACE_CURVE('',#3263,(#3282,#3289),.PCURVE_S1.);
#3263 = ( BOUNDED_CURVE() B_SPLINE_CURVE(3,(#3264,#3265,#3266,#3267,
    #3268,#3269,#3270,#3271,#3272,#3273,#3274,#3275,#3276,#3277,#3278,
#3279,#3280,#3281),.UNSPECIFIED.,.F.,.F.) B_SPLINE_CURVE_WITH_KNOTS((4,1
    ,1,1,1,1,1,1,1,1,1,1,1,1,1,4),(0.,3.281818483209E-02,
    8.331472171401E-02,0.163169600212,0.282607356412,0.362210128519,
    0.441821211418,0.521490445595,0.611262750889,0.691167944743,
    0.761109091848,0.800978053181,0.860692828618,0.910445018305,
0.96019726339,1.),.UNSPECIFIED.) CURVE() GEOMETRIC_REPRESENTATION_ITEM()
 RATIONAL_B_SPLINE_CURVE((1.,1.,1.,1.,1.,1.,1.,1.,1.,1.,1.,1.,1.,1.,
    0.999999999999,1.000000000004,0.999999999993,1.)) 
REPRESENTATION_ITEM('') );
#3264 = CARTESIAN_POINT('',(0.5378,-5.535364629139E-03,
    6.406708422145E-03));
#3265 = CARTESIAN_POINT('',(0.523430650188,-1.187939737643E-02,
    1.505990744593E-02));
#3266 = CARTESIAN_POINT('',(0.483258792956,-2.177340002134E-02,
    2.808173829049E-02));
#3267 = CARTESIAN_POINT('',(0.398489817948,-2.86273880287E-02,
    3.725780853921E-02));
#3268 = CARTESIAN_POINT('',(0.269462582488,-3.389365529142E-02,
    4.658163476582E-02));
#3269 = CARTESIAN_POINT('',(0.124451460313,-3.50766539663E-02,
    4.77699978651E-02));
#3270 = CARTESIAN_POINT('',(-2.019705092663E-02,-3.642318091335E-02,
    4.93872504022E-02));
#3271 = CARTESIAN_POINT('',(-0.144245251992,-3.491693899456E-02,
    4.755621465573E-02));
#3272 = CARTESIAN_POINT('',(-0.273480101183,-3.133569792782E-02,
    4.372454844481E-02));
#3273 = CARTESIAN_POINT('',(-0.402617556702,-2.545675956327E-02,
    3.566349896096E-02));
#3274 = CARTESIAN_POINT('',(-0.526576732963,-1.821812236108E-02,
    2.737404442305E-02));
#3275 = CARTESIAN_POINT('',(-0.624580534573,-1.281122602335E-02,
    1.813205183842E-02));
#3276 = CARTESIAN_POINT('',(-0.712476506696,-9.884036116395E-03,
    1.349404297205E-02));
#3277 = CARTESIAN_POINT('',(-0.790028640266,-8.728421050224E-03,
    1.294574988384E-02));
#3278 = CARTESIAN_POINT('',(-0.872701839491,-9.17597765554E-03,
    1.189313703987E-02));
#3279 = CARTESIAN_POINT('',(-0.945025744455,-8.553898586983E-03,
    1.164103884151E-02));
#3280 = CARTESIAN_POINT('',(-0.991548335241,-7.485167930097E-03,
    1.274112621133E-02));
#3281 = CARTESIAN_POINT('',(-1.0122,-8.303046943709E-03,
    1.121173973875E-02));
#3282 = PCURVE('',#3171,#3283);
#3283 = DEFINITIONAL_REPRESENTATION('',(#3284),#3288);
#3284 = LINE('',#3285,#3286);
#3285 = CARTESIAN_POINT('',(27.,0.));
#3286 = VECTOR('',#3287,1.);
#3287 = DIRECTION('',(0.,1.));
#3288 = ( GEOMETRIC_REPRESENTATION_CONTEXT(2) 
PARAMETRIC_REPRESENTATION_CONTEXT() REPRESENTATION_CONTEXT('2D SPACE',''
  ) );
#3289 = PCURVE('',#3290,#3327);
#3290 = ( BOUNDED_SURFACE() B_SPLINE_SURFACE(1,3,(
    (#3291,#3292,#3293,#3294,#3295,#3296,#3297,#3298,#3299,#3300,#3301
      ,#3302,#3303,#3304,#3305,#3306,#3307,#3308)
    ,(#3309,#3310,#3311,#3312,#3313,#3314,#3315,#3316,#3317,#3318,#3319
      ,#3320,#3321,#3322,#3323,#3324,#3325,#3326
)),.UNSPECIFIED.,.F.,.F.,.F.) B_SPLINE_SURFACE_WITH_KNOTS((2,2),(4,1,1,1
    ,1,1,1,1,1,1,1,1,1,1,1,4),(27.,28.),(0.,3.281818483209E-02,
    8.331472171401E-02,0.163169600212,0.282607356412,0.362210128519,
    0.441821211418,0.521490445595,0.611262750889,0.691167944743,
    0.761109091848,0.800978053181,0.860692828618,0.910445018305,
0.96019726339,1.),.UNSPECIFIED.) GEOMETRIC_REPRESENTATION_ITEM() 
RATIONAL_B_SPLINE_SURFACE((
    (1.,1.,1.,1.,1.,1.,1.,1.,1.,1.,1.,1.,1.,1.,0.999999999999
      ,1.000000000004,0.999999999993,1.)
    ,(1.,1.,1.,1.,1.,1.,1.,1.,1.,1.,1.,1.,1.,1.,0.999999999999
,1.000000000004,0.999999999993,1.
  ))) REPRESENTATION_ITEM('') SURFACE() );
#3291 = CARTESIAN_POINT('',(0.5378,-5.535364629139E-03,
    6.406708422145E-03));
#3292 = CARTESIAN_POINT('',(0.523430650188,-1.187939737643E-02,
    1.505990744593E-02));
#3293 = CARTESIAN_POINT('',(0.483258792956,-2.177340002134E-02,
    2.808173829049E-02));
#3294 = CARTESIAN_POINT('',(0.398489817948,-2.86273880287E-02,
    3.725780853921E-02));
#3295 = CARTESIAN_POINT('',(0.269462582488,-3.389365529142E-02,
    4.658163476582E-02));
#3296 = CARTESIAN_POINT('',(0.124451460313,-3.50766539663E-02,
    4.77699978651E-02));
#3297 = CARTESIAN_POINT('',(-2.019705092663E-02,-3.642318091335E-02,
    4.93872504022E-02));
#3298 = CARTESIAN_POINT('',(-0.144245251992,-3.491693899456E-02,
    4.755621465573E-02));
#3299 = CARTESIAN_POINT('',(-0.273480101183,-3.133569792782E-02,
    4.372454844481E-02));
#3300 = CARTESIAN_POINT('',(-0.402617556702,-2.545675956327E-02,
    3.566349896096E-02));
#3301 = CARTESIAN_POINT('',(-0.526576732963,-1.821812236108E-02,
    2.737404442305E-02));
#3302 = CARTESIAN_POINT('',(-0.624580534573,-1.281122602335E-02,
    1.813205183842E-02));
#3303 = CARTESIAN_POINT('',(-0.712476506696,-9.884036116395E-03,
    1.349404297205E-02));
#3304 = CARTESIAN_POINT('',(-0.790028640266,-8.728421050224E-03,
    1.294574988384E-02));
#3305 = CARTESIAN_POINT('',(-0.872701839491,-9.17597765554E-03,
    1.189313703987E-02));
#3306 = CARTESIAN_POINT('',(-0.945025744455,-8.553898586983E-03,
    1.164103884151E-02));
#3307 = CARTESIAN_POINT('',(-0.991548335241,-7.485167930097E-03,
    1.274112621133E-02));
#3308 = CARTESIAN_POINT('',(-1.0122,-8.303046943709E-03,
    1.121173973875E-02));
#3309 = CARTESIAN_POINT('',(0.5378,-5.993228307507E-03,
    5.993228307507E-03));
#3310 = CARTESIAN_POINT('',(0.523430650188,-1.286201459214E-02,
    1.408796181538E-02));
#3311 = CARTESIAN_POINT('',(0.483258792956,-2.357441037785E-02,
    2.626938167887E-02));
#3312 = CARTESIAN_POINT('',(0.398489817948,-3.099533342401E-02,
    3.485324102483E-02));
#3313 = CARTESIAN_POINT('',(0.269462582488,-3.669720568506E-02,
    4.35753203819E-02));
#3314 = CARTESIAN_POINT('',(0.124451460313,-3.797805737616E-02,
    4.468698816775E-02));
#3315 = CARTESIAN_POINT('',(-2.019705092663E-02,-3.94359637575E-02,
    4.619986545934E-02));
#3316 = CARTESIAN_POINT('',(-0.144245251992,-3.780513140761E-02,
    4.44870022315E-02));
#3317 = CARTESIAN_POINT('',(-0.273480101183,-3.392766410868E-02,
    4.090262646675E-02));
#3318 = CARTESIAN_POINT('',(-0.402617556702,-2.756244299225E-02,
    3.336182598521E-02));
#3319 = CARTESIAN_POINT('',(-0.526576732963,-1.97250540767E-02,
    2.560736139639E-02));
#3320 = CARTESIAN_POINT('',(-0.624580534573,-1.387092045443E-02,
    1.696183425105E-02));
#3321 = CARTESIAN_POINT('',(-0.712476506696,-1.070160486508E-02,
    1.262315607235E-02));
#3322 = CARTESIAN_POINT('',(-0.790028640266,-9.450401847532E-03,
    1.211024906293E-02));
#3323 = CARTESIAN_POINT('',(-0.872701839491,-9.934978582064E-03,
    1.112557039836E-02));
#3324 = CARTESIAN_POINT('',(-0.945025744455,-9.261443569689E-03,
    1.088974226966E-02));
#3325 = CARTESIAN_POINT('',(-0.991548335241,-8.104311699721E-03,
    1.19188315196E-02));
#3326 = CARTESIAN_POINT('',(-1.0122,-8.98984246126E-03,
    1.048814953814E-02));
#3327 = DEFINITIONAL_REPRESENTATION('',(#3328),#3332);
#3328 = LINE('',#3329,#3330);
#3329 = CARTESIAN_POINT('',(27.,0.));
#3330 = VECTOR('',#3331,1.);
#3331 = DIRECTION('',(0.,1.));
#3332 = ( GEOMETRIC_REPRESENTATION_CONTEXT(2) 
PARAMETRIC_REPRESENTATION_CONTEXT() REPRESENTATION_CONTEXT('2D SPACE',''
  ) );
#3333 = ORIENTED_EDGE('',*,*,#3334,.F.);
#3334 = EDGE_CURVE('',#3141,#3260,#3335,.T.);
#3335 = SURFACE_CURVE('',#3336,(#3339,#3346),.PCURVE_S1.);
#3336 = B_SPLINE_CURVE_WITH_KNOTS('',1,(#3337,#3338),.UNSPECIFIED.,.F.,
  .F.,(2,2),(26.,27.),.PIECEWISE_BEZIER_KNOTS.);
#3337 = CARTESIAN_POINT('',(-1.0122,-7.551049730665E-03,
    1.185582559139E-02));
#3338 = CARTESIAN_POINT('',(-1.0122,-8.303046943709E-03,
    1.121173973875E-02));
#3339 = PCURVE('',#3171,#3340);
#3340 = DEFINITIONAL_REPRESENTATION('',(#3341),#3345);
#3341 = LINE('',#3342,#3343);
#3342 = CARTESIAN_POINT('',(0.,1.));
#3343 = VECTOR('',#3344,1.);
#3344 = DIRECTION('',(1.,0.));
#3345 = ( GEOMETRIC_REPRESENTATION_CONTEXT(2) 
PARAMETRIC_REPRESENTATION_CONTEXT() REPRESENTATION_CONTEXT('2D SPACE',''
  ) );
#3346 = PCURVE('',#176,#3347);
#3347 = DEFINITIONAL_REPRESENTATION('',(#3348),#3351);
#3348 = B_SPLINE_CURVE_WITH_KNOTS('',1,(#3349,#3350),.UNSPECIFIED.,.F.,
  .F.,(2,2),(26.,27.),.PIECEWISE_BEZIER_KNOTS.);
#3349 = CARTESIAN_POINT('',(2.332758649409E-02,-4.893897599194E-03));
#3350 = CARTESIAN_POINT('',(2.376502097694E-02,-4.005642305258E-03));
#3351 = ( GEOMETRIC_REPRESENTATION_CONTEXT(2) 
PARAMETRIC_REPRESENTATION_CONTEXT() REPRESENTATION_CONTEXT('2D SPACE',''
  ) );
#3352 = ORIENTED_EDGE('',*,*,#3140,.F.);
#3353 = ADVANCED_FACE('',(#3354),#3290,.F.);
#3354 = FACE_BOUND('',#3355,.F.);
#3355 = EDGE_LOOP('',(#3356,#3377,#3452,#3471));
#3356 = ORIENTED_EDGE('',*,*,#3357,.T.);
#3357 = EDGE_CURVE('',#3239,#3358,#3360,.T.);
#3358 = VERTEX_POINT('',#3359);
#3359 = CARTESIAN_POINT('',(0.5378,-5.993228307507E-03,
    5.993228307507E-03));
#3360 = SURFACE_CURVE('',#3361,(#3364,#3371),.PCURVE_S1.);
#3361 = B_SPLINE_CURVE_WITH_KNOTS('',1,(#3362,#3363),.UNSPECIFIED.,.F.,
  .F.,(2,2),(27.,28.),.PIECEWISE_BEZIER_KNOTS.);
#3362 = CARTESIAN_POINT('',(0.5378,-5.535364629139E-03,
    6.406708422145E-03));
#3363 = CARTESIAN_POINT('',(0.5378,-5.993228307507E-03,
    5.993228307507E-03));
#3364 = PCURVE('',#3290,#3365);
#3365 = DEFINITIONAL_REPRESENTATION('',(#3366),#3370);
#3366 = LINE('',#3367,#3368);
#3367 = CARTESIAN_POINT('',(0.,0.));
#3368 = VECTOR('',#3369,1.);
#3369 = DIRECTION('',(1.,0.));
#3370 = ( GEOMETRIC_REPRESENTATION_CONTEXT(2) 
PARAMETRIC_REPRESENTATION_CONTEXT() REPRESENTATION_CONTEXT('2D SPACE',''
  ) );
#3371 = PCURVE('',#75,#3372);
#3372 = DEFINITIONAL_REPRESENTATION('',(#3373),#3376);
#3373 = B_SPLINE_CURVE_WITH_KNOTS('',1,(#3374,#3375),.UNSPECIFIED.,.F.,
  .F.,(2,2),(27.,28.),.PIECEWISE_BEZIER_KNOTS.);
#3374 = CARTESIAN_POINT('',(1.484185282233E-02,-4.21888407622E-03));
#3375 = CARTESIAN_POINT('',(1.519480392772E-02,-3.712889540306E-03));
#3376 = ( GEOMETRIC_REPRESENTATION_CONTEXT(2) 
PARAMETRIC_REPRESENTATION_CONTEXT() REPRESENTATION_CONTEXT('2D SPACE',''
  ) );
#3377 = ORIENTED_EDGE('',*,*,#3378,.T.);
#3378 = EDGE_CURVE('',#3358,#3379,#3381,.T.);
#3379 = VERTEX_POINT('',#3380);
#3380 = CARTESIAN_POINT('',(-1.0122,-8.98984246126E-03,
    1.048814953814E-02));
#3381 = SURFACE_CURVE('',#3382,(#3401,#3408),.PCURVE_S1.);
#3382 = ( BOUNDED_CURVE() B_SPLINE_CURVE(3,(#3383,#3384,#3385,#3386,
    #3387,#3388,#3389,#3390,#3391,#3392,#3393,#3394,#3395,#3396,#3397,
#3398,#3399,#3400),.UNSPECIFIED.,.F.,.F.) B_SPLINE_CURVE_WITH_KNOTS((4,1
    ,1,1,1,1,1,1,1,1,1,1,1,1,1,4),(0.,3.281818483209E-02,
    8.331472171401E-02,0.163169600212,0.282607356412,0.362210128519,
    0.441821211418,0.521490445595,0.611262750889,0.691167944743,
    0.761109091848,0.800978053181,0.860692828618,0.910445018305,
0.96019726339,1.),.UNSPECIFIED.) CURVE() GEOMETRIC_REPRESENTATION_ITEM()
 RATIONAL_B_SPLINE_CURVE((1.,1.,1.,1.,1.,1.,1.,1.,1.,1.,1.,1.,1.,1.,
    0.999999999999,1.000000000004,0.999999999993,1.)) 
REPRESENTATION_ITEM('') );
#3383 = CARTESIAN_POINT('',(0.5378,-5.993228307507E-03,
    5.993228307507E-03));
#3384 = CARTESIAN_POINT('',(0.523430650188,-1.286201459214E-02,
    1.408796181538E-02));
#3385 = CARTESIAN_POINT('',(0.483258792956,-2.357441037785E-02,
    2.626938167887E-02));
#3386 = CARTESIAN_POINT('',(0.398489817948,-3.099533342401E-02,
    3.485324102483E-02));
#3387 = CARTESIAN_POINT('',(0.269462582488,-3.669720568506E-02,
    4.35753203819E-02));
#3388 = CARTESIAN_POINT('',(0.124451460313,-3.797805737616E-02,
    4.468698816775E-02));
#3389 = CARTESIAN_POINT('',(-2.019705092663E-02,-3.94359637575E-02,
    4.619986545934E-02));
#3390 = CARTESIAN_POINT('',(-0.144245251992,-3.780513140761E-02,
    4.44870022315E-02));
#3391 = CARTESIAN_POINT('',(-0.273480101183,-3.392766410868E-02,
    4.090262646675E-02));
#3392 = CARTESIAN_POINT('',(-0.402617556702,-2.756244299225E-02,
    3.336182598521E-02));
#3393 = CARTESIAN_POINT('',(-0.526576732963,-1.97250540767E-02,
    2.560736139639E-02));
#3394 = CARTESIAN_POINT('',(-0.624580534573,-1.387092045443E-02,
    1.696183425105E-02));
#3395 = CARTESIAN_POINT('',(-0.712476506696,-1.070160486508E-02,
    1.262315607235E-02));
#3396 = CARTESIAN_POINT('',(-0.790028640266,-9.450401847532E-03,
    1.211024906293E-02));
#3397 = CARTESIAN_POINT('',(-0.872701839491,-9.934978582064E-03,
    1.112557039836E-02));
#3398 = CARTESIAN_POINT('',(-0.945025744455,-9.261443569689E-03,
    1.088974226966E-02));
#3399 = CARTESIAN_POINT('',(-0.991548335241,-8.104311699721E-03,
    1.19188315196E-02));
#3400 = CARTESIAN_POINT('',(-1.0122,-8.98984246126E-03,
    1.048814953814E-02));
#3401 = PCURVE('',#3290,#3402);
#3402 = DEFINITIONAL_REPRESENTATION('',(#3403),#3407);
#3403 = LINE('',#3404,#3405);
#3404 = CARTESIAN_POINT('',(28.,0.));
#3405 = VECTOR('',#3406,1.);
#3406 = DIRECTION('',(0.,1.));
#3407 = ( GEOMETRIC_REPRESENTATION_CONTEXT(2) 
PARAMETRIC_REPRESENTATION_CONTEXT() REPRESENTATION_CONTEXT('2D SPACE',''
  ) );
#3408 = PCURVE('',#3409,#3446);
#3409 = ( BOUNDED_SURFACE() B_SPLINE_SURFACE(1,3,(
    (#3410,#3411,#3412,#3413,#3414,#3415,#3416,#3417,#3418,#3419,#3420
      ,#3421,#3422,#3423,#3424,#3425,#3426,#3427)
    ,(#3428,#3429,#3430,#3431,#3432,#3433,#3434,#3435,#3436,#3437,#3438
      ,#3439,#3440,#3441,#3442,#3443,#3444,#3445
)),.UNSPECIFIED.,.F.,.F.,.F.) B_SPLINE_SURFACE_WITH_KNOTS((2,2),(4,1,1,1
    ,1,1,1,1,1,1,1,1,1,1,1,4),(28.,29.),(0.,3.281818483209E-02,
    8.331472171401E-02,0.163169600212,0.282607356412,0.362210128519,
    0.441821211418,0.521490445595,0.611262750889,0.691167944743,
    0.761109091848,0.800978053181,0.860692828618,0.910445018305,
0.96019726339,1.),.UNSPECIFIED.) GEOMETRIC_REPRESENTATION_ITEM() 
RATIONAL_B_SPLINE_SURFACE((
    (1.,1.,1.,1.,1.,1.,1.,1.,1.,1.,1.,1.,1.,1.,0.999999999999
      ,1.000000000004,0.999999999993,1.)
    ,(1.,1.,1.,1.,1.,1.,1.,1.,1.,1.,1.,1.,1.,1.,0.999999999999
,1.000000000004,0.999999999993,1.
  ))) REPRESENTATION_ITEM('') SURFACE() );
#3410 = CARTESIAN_POINT('',(0.5378,-5.993228307507E-03,
    5.993228307507E-03));
#3411 = CARTESIAN_POINT('',(0.523430650188,-1.286201459214E-02,
    1.408796181538E-02));
#3412 = CARTESIAN_POINT('',(0.483258792956,-2.357441037785E-02,
    2.626938167887E-02));
#3413 = CARTESIAN_POINT('',(0.398489817948,-3.099533342401E-02,
    3.485324102483E-02));
#3414 = CARTESIAN_POINT('',(0.269462582488,-3.669720568506E-02,
    4.35753203819E-02));
#3415 = CARTESIAN_POINT('',(0.124451460313,-3.797805737616E-02,
    4.468698816775E-02));
#3416 = CARTESIAN_POINT('',(-2.019705092663E-02,-3.94359637575E-02,
    4.619986545934E-02));
#3417 = CARTESIAN_POINT('',(-0.144245251992,-3.780513140761E-02,
    4.44870022315E-02));
#3418 = CARTESIAN_POINT('',(-0.273480101183,-3.392766410868E-02,
    4.090262646675E-02));
#3419 = CARTESIAN_POINT('',(-0.402617556702,-2.756244299225E-02,
    3.336182598521E-02));
#3420 = CARTESIAN_POINT('',(-0.526576732963,-1.97250540767E-02,
    2.560736139639E-02));
#3421 = CARTESIAN_POINT('',(-0.624580534573,-1.387092045443E-02,
    1.696183425105E-02));
#3422 = CARTESIAN_POINT('',(-0.712476506696,-1.070160486508E-02,
    1.262315607235E-02));
#3423 = CARTESIAN_POINT('',(-0.790028640266,-9.450401847532E-03,
    1.211024906293E-02));
#3424 = CARTESIAN_POINT('',(-0.872701839491,-9.934978582064E-03,
    1.112557039836E-02));
#3425 = CARTESIAN_POINT('',(-0.945025744455,-9.261443569689E-03,
    1.088974226966E-02));
#3426 = CARTESIAN_POINT('',(-0.991548335241,-8.104311699721E-03,
    1.19188315196E-02));
#3427 = CARTESIAN_POINT('',(-1.0122,-8.98984246126E-03,
    1.048814953814E-02));
#3428 = CARTESIAN_POINT('',(0.5378,-6.406708422145E-03,
    5.535364629139E-03));
#3429 = CARTESIAN_POINT('',(0.523430650188,-1.374938063178E-02,
    1.301168611112E-02));
#3430 = CARTESIAN_POINT('',(0.483258792956,-2.520083763968E-02,
    2.42624840426E-02));
#3431 = CARTESIAN_POINT('',(0.398489817948,-3.313373919797E-02,
    3.219056369638E-02));
#3432 = CARTESIAN_POINT('',(0.269462582488,-3.922899056544E-02,
    4.024630378978E-02));
#3433 = CARTESIAN_POINT('',(0.124451460313,-4.059820977349E-02,
    4.127304367443E-02));
#3434 = CARTESIAN_POINT('',(-2.019705092663E-02,-4.215669889034E-02,
    4.267034192813E-02));
#3435 = CARTESIAN_POINT('',(-0.144245251992,-4.041335343192E-02,
    4.10883360309E-02));
#3436 = CARTESIAN_POINT('',(-0.273480101183,-3.626837494519E-02,
    3.777779523255E-02));
#3437 = CARTESIAN_POINT('',(-0.402617556702,-2.946400947753E-02,
    3.081308804651E-02));
#3438 = CARTESIAN_POINT('',(-0.526576732963,-2.108590956267E-02,
    2.365104001488E-02));
#3439 = CARTESIAN_POINT('',(-0.624580534573,-1.482789213736E-02,
    1.566600378647E-02));
#3440 = CARTESIAN_POINT('',(-0.712476506696,-1.143992160848E-02,
    1.165878689178E-02));
#3441 = CARTESIAN_POINT('',(-0.790028640266,-1.010239657203E-02,
    1.118506435491E-02));
#3442 = CARTESIAN_POINT('',(-0.872701839491,-1.062040484525E-02,
    1.027561202442E-02));
#3443 = CARTESIAN_POINT('',(-0.945025744455,-9.900401832545E-03,
    1.005780041879E-02));
#3444 = CARTESIAN_POINT('',(-0.991548335241,-8.663438026943E-03,
    1.100827050581E-02));
#3445 = CARTESIAN_POINT('',(-1.0122,-9.610062633218E-03,
    9.686888100994E-03));
#3446 = DEFINITIONAL_REPRESENTATION('',(#3447),#3451);
#3447 = LINE('',#3448,#3449);
#3448 = CARTESIAN_POINT('',(28.,0.));
#3449 = VECTOR('',#3450,1.);
#3450 = DIRECTION('',(0.,1.));
#3451 = ( GEOMETRIC_REPRESENTATION_CONTEXT(2) 
PARAMETRIC_REPRESENTATION_CONTEXT() REPRESENTATION_CONTEXT('2D SPACE',''
  ) );
#3452 = ORIENTED_EDGE('',*,*,#3453,.F.);
#3453 = EDGE_CURVE('',#3260,#3379,#3454,.T.);
#3454 = SURFACE_CURVE('',#3455,(#3458,#3465),.PCURVE_S1.);
#3455 = B_SPLINE_CURVE_WITH_KNOTS('',1,(#3456,#3457),.UNSPECIFIED.,.F.,
  .F.,(2,2),(27.,28.),.PIECEWISE_BEZIER_KNOTS.);
#3456 = CARTESIAN_POINT('',(-1.0122,-8.303046943709E-03,
    1.121173973875E-02));
#3457 = CARTESIAN_POINT('',(-1.0122,-8.98984246126E-03,
    1.048814953814E-02));
#3458 = PCURVE('',#3290,#3459);
#3459 = DEFINITIONAL_REPRESENTATION('',(#3460),#3464);
#3460 = LINE('',#3461,#3462);
#3461 = CARTESIAN_POINT('',(0.,1.));
#3462 = VECTOR('',#3463,1.);
#3463 = DIRECTION('',(1.,0.));
#3464 = ( GEOMETRIC_REPRESENTATION_CONTEXT(2) 
PARAMETRIC_REPRESENTATION_CONTEXT() REPRESENTATION_CONTEXT('2D SPACE',''
  ) );
#3465 = PCURVE('',#176,#3466);
#3466 = DEFINITIONAL_REPRESENTATION('',(#3467),#3470);
#3467 = B_SPLINE_CURVE_WITH_KNOTS('',1,(#3468,#3469),.UNSPECIFIED.,.F.,
  .F.,(2,2),(27.,28.),.PIECEWISE_BEZIER_KNOTS.);
#3468 = CARTESIAN_POINT('',(2.376502097694E-02,-4.005642305258E-03));
#3469 = CARTESIAN_POINT('',(2.411120509855E-02,-3.069999523366E-03));
#3470 = ( GEOMETRIC_REPRESENTATION_CONTEXT(2) 
PARAMETRIC_REPRESENTATION_CONTEXT() REPRESENTATION_CONTEXT('2D SPACE',''
  ) );
#3471 = ORIENTED_EDGE('',*,*,#3259,.F.);
#3472 = ADVANCED_FACE('',(#3473),#3409,.F.);
#3473 = FACE_BOUND('',#3474,.F.);
#3474 = EDGE_LOOP('',(#3475,#3496,#3571,#3590));
#3475 = ORIENTED_EDGE('',*,*,#3476,.T.);
#3476 = EDGE_CURVE('',#3358,#3477,#3479,.T.);
#3477 = VERTEX_POINT('',#3478);
#3478 = CARTESIAN_POINT('',(0.5378,-6.406708422145E-03,
    5.535364629139E-03));
#3479 = SURFACE_CURVE('',#3480,(#3483,#3490),.PCURVE_S1.);
#3480 = B_SPLINE_CURVE_WITH_KNOTS('',1,(#3481,#3482),.UNSPECIFIED.,.F.,
  .F.,(2,2),(28.,29.),.PIECEWISE_BEZIER_KNOTS.);
#3481 = CARTESIAN_POINT('',(0.5378,-5.993228307507E-03,
    5.993228307507E-03));
#3482 = CARTESIAN_POINT('',(0.5378,-6.406708422145E-03,
    5.535364629139E-03));
#3483 = PCURVE('',#3409,#3484);
#3484 = DEFINITIONAL_REPRESENTATION('',(#3485),#3489);
#3485 = LINE('',#3486,#3487);
#3486 = CARTESIAN_POINT('',(0.,0.));
#3487 = VECTOR('',#3488,1.);
#3488 = DIRECTION('',(1.,0.));
#3489 = ( GEOMETRIC_REPRESENTATION_CONTEXT(2) 
PARAMETRIC_REPRESENTATION_CONTEXT() REPRESENTATION_CONTEXT('2D SPACE',''
  ) );
#3490 = PCURVE('',#75,#3491);
#3491 = DEFINITIONAL_REPRESENTATION('',(#3492),#3495);
#3492 = B_SPLINE_CURVE_WITH_KNOTS('',1,(#3493,#3494),.UNSPECIFIED.,.F.,
  .F.,(2,2),(28.,29.),.PIECEWISE_BEZIER_KNOTS.);
#3493 = CARTESIAN_POINT('',(1.519480392772E-02,-3.712889540306E-03));
#3494 = CARTESIAN_POINT('',(1.549451405819E-02,-3.17365045524E-03));
#3495 = ( GEOMETRIC_REPRESENTATION_CONTEXT(2) 
PARAMETRIC_REPRESENTATION_CONTEXT() REPRESENTATION_CONTEXT('2D SPACE',''
  ) );
#3496 = ORIENTED_EDGE('',*,*,#3497,.T.);
#3497 = EDGE_CURVE('',#3477,#3498,#3500,.T.);
#3498 = VERTEX_POINT('',#3499);
#3499 = CARTESIAN_POINT('',(-1.0122,-9.610062633218E-03,
    9.686888100994E-03));
#3500 = SURFACE_CURVE('',#3501,(#3520,#3527),.PCURVE_S1.);
#3501 = ( BOUNDED_CURVE() B_SPLINE_CURVE(3,(#3502,#3503,#3504,#3505,
    #3506,#3507,#3508,#3509,#3510,#3511,#3512,#3513,#3514,#3515,#3516,
#3517,#3518,#3519),.UNSPECIFIED.,.F.,.F.) B_SPLINE_CURVE_WITH_KNOTS((4,1
    ,1,1,1,1,1,1,1,1,1,1,1,1,1,4),(0.,3.281818483209E-02,
    8.331472171401E-02,0.163169600212,0.282607356412,0.362210128519,
    0.441821211418,0.521490445595,0.611262750889,0.691167944743,
    0.761109091848,0.800978053181,0.860692828618,0.910445018305,
0.96019726339,1.),.UNSPECIFIED.) CURVE() GEOMETRIC_REPRESENTATION_ITEM()
 RATIONAL_B_SPLINE_CURVE((1.,1.,1.,1.,1.,1.,1.,1.,1.,1.,1.,1.,1.,1.,
    0.999999999999,1.000000000004,0.999999999993,1.)) 
REPRESENTATION_ITEM('') );
#3502 = CARTESIAN_POINT('',(0.5378,-6.406708422145E-03,
    5.535364629139E-03));
#3503 = CARTESIAN_POINT('',(0.523430650188,-1.374938063178E-02,
    1.301168611112E-02));
#3504 = CARTESIAN_POINT('',(0.483258792956,-2.520083763968E-02,
    2.42624840426E-02));
#3505 = CARTESIAN_POINT('',(0.398489817948,-3.313373919797E-02,
    3.219056369638E-02));
#3506 = CARTESIAN_POINT('',(0.269462582488,-3.922899056544E-02,
    4.024630378978E-02));
#3507 = CARTESIAN_POINT('',(0.124451460313,-4.059820977349E-02,
    4.127304367443E-02));
#3508 = CARTESIAN_POINT('',(-2.019705092663E-02,-4.215669889034E-02,
    4.267034192813E-02));
#3509 = CARTESIAN_POINT('',(-0.144245251992,-4.041335343192E-02,
    4.10883360309E-02));
#3510 = CARTESIAN_POINT('',(-0.273480101183,-3.626837494519E-02,
    3.777779523255E-02));
#3511 = CARTESIAN_POINT('',(-0.402617556702,-2.946400947753E-02,
    3.081308804651E-02));
#3512 = CARTESIAN_POINT('',(-0.526576732963,-2.108590956267E-02,
    2.365104001488E-02));
#3513 = CARTESIAN_POINT('',(-0.624580534573,-1.482789213736E-02,
    1.566600378647E-02));
#3514 = CARTESIAN_POINT('',(-0.712476506696,-1.143992160848E-02,
    1.165878689178E-02));
#3515 = CARTESIAN_POINT('',(-0.790028640266,-1.010239657203E-02,
    1.118506435491E-02));
#3516 = CARTESIAN_POINT('',(-0.872701839491,-1.062040484525E-02,
    1.027561202442E-02));
#3517 = CARTESIAN_POINT('',(-0.945025744455,-9.900401832545E-03,
    1.005780041879E-02));
#3518 = CARTESIAN_POINT('',(-0.991548335241,-8.663438026943E-03,
    1.100827050581E-02));
#3519 = CARTESIAN_POINT('',(-1.0122,-9.610062633218E-03,
    9.686888100994E-03));
#3520 = PCURVE('',#3409,#3521);
#3521 = DEFINITIONAL_REPRESENTATION('',(#3522),#3526);
#3522 = LINE('',#3523,#3524);
#3523 = CARTESIAN_POINT('',(29.,0.));
#3524 = VECTOR('',#3525,1.);
#3525 = DIRECTION('',(0.,1.));
#3526 = ( GEOMETRIC_REPRESENTATION_CONTEXT(2) 
PARAMETRIC_REPRESENTATION_CONTEXT() REPRESENTATION_CONTEXT('2D SPACE',''
  ) );
#3527 = PCURVE('',#3528,#3565);
#3528 = ( BOUNDED_SURFACE() B_SPLINE_SURFACE(1,3,(
    (#3529,#3530,#3531,#3532,#3533,#3534,#3535,#3536,#3537,#3538,#3539
      ,#3540,#3541,#3542,#3543,#3544,#3545,#3546)
    ,(#3547,#3548,#3549,#3550,#3551,#3552,#3553,#3554,#3555,#3556,#3557
      ,#3558,#3559,#3560,#3561,#3562,#3563,#3564
)),.UNSPECIFIED.,.F.,.F.,.F.) B_SPLINE_SURFACE_WITH_KNOTS((2,2),(4,1,1,1
    ,1,1,1,1,1,1,1,1,1,1,1,4),(29.,30.),(0.,3.281818483209E-02,
    8.331472171401E-02,0.163169600212,0.282607356412,0.362210128519,
    0.441821211418,0.521490445595,0.611262750889,0.691167944743,
    0.761109091848,0.800978053181,0.860692828618,0.910445018305,
0.96019726339,1.),.UNSPECIFIED.) GEOMETRIC_REPRESENTATION_ITEM() 
RATIONAL_B_SPLINE_SURFACE((
    (1.,1.,1.,1.,1.,1.,1.,1.,1.,1.,1.,1.,1.,1.,0.999999999999
      ,1.000000000004,0.999999999993,1.)
    ,(1.,1.,1.,1.,1.,1.,1.,1.,1.,1.,1.,1.,1.,1.,0.999999999999
,1.000000000004,0.999999999993,1.
  ))) REPRESENTATION_ITEM('') SURFACE() );
#3529 = CARTESIAN_POINT('',(0.5378,-6.406708422145E-03,
    5.535364629139E-03));
#3530 = CARTESIAN_POINT('',(0.523430650188,-1.374938063178E-02,
    1.301168611112E-02));
#3531 = CARTESIAN_POINT('',(0.483258792956,-2.520083763968E-02,
    2.42624840426E-02));
#3532 = CARTESIAN_POINT('',(0.398489817948,-3.313373919797E-02,
    3.219056369638E-02));
#3533 = CARTESIAN_POINT('',(0.269462582488,-3.922899056544E-02,
    4.024630378978E-02));
#3534 = CARTESIAN_POINT('',(0.124451460313,-4.059820977349E-02,
    4.127304367443E-02));
#3535 = CARTESIAN_POINT('',(-2.019705092663E-02,-4.215669889034E-02,
    4.267034192813E-02));
#3536 = CARTESIAN_POINT('',(-0.144245251992,-4.041335343192E-02,
    4.10883360309E-02));
#3537 = CARTESIAN_POINT('',(-0.273480101183,-3.626837494519E-02,
    3.777779523255E-02));
#3538 = CARTESIAN_POINT('',(-0.402617556702,-2.946400947753E-02,
    3.081308804651E-02));
#3539 = CARTESIAN_POINT('',(-0.526576732963,-2.108590956267E-02,
    2.365104001488E-02));
#3540 = CARTESIAN_POINT('',(-0.624580534573,-1.482789213736E-02,
    1.566600378647E-02));
#3541 = CARTESIAN_POINT('',(-0.712476506696,-1.143992160848E-02,
    1.165878689178E-02));
#3542 = CARTESIAN_POINT('',(-0.790028640266,-1.010239657203E-02,
    1.118506435491E-02));
#3543 = CARTESIAN_POINT('',(-0.872701839491,-1.062040484525E-02,
    1.027561202442E-02));
#3544 = CARTESIAN_POINT('',(-0.945025744455,-9.900401832545E-03,
    1.005780041879E-02));
#3545 = CARTESIAN_POINT('',(-0.991548335241,-8.663438026943E-03,
    1.100827050581E-02));
#3546 = CARTESIAN_POINT('',(-1.0122,-9.610062633218E-03,
    9.686888100994E-03));
#3547 = CARTESIAN_POINT('',(0.5378,-6.774757480796E-03,
    5.034033153777E-03));
#3548 = CARTESIAN_POINT('',(0.523430650188,-1.45392474815E-02,
    1.183323297711E-02));
#3549 = CARTESIAN_POINT('',(0.483258792956,-2.664856148778E-02,
    2.206505934957E-02));
#3550 = CARTESIAN_POINT('',(0.398489817948,-3.503718800784E-02,
    2.927510213749E-02));
#3551 = CARTESIAN_POINT('',(0.269462582488,-4.148259602055E-02,
    3.660124330892E-02));
#3552 = CARTESIAN_POINT('',(0.124451460313,-4.293047337993E-02,
    3.753499256772E-02));
#3553 = CARTESIAN_POINT('',(-2.019705092663E-02,-4.457849372164E-02,
    3.880573915915E-02));
#3554 = CARTESIAN_POINT('',(-0.144245251992,-4.273499751301E-02,
    3.736701367859E-02));
#3555 = CARTESIAN_POINT('',(-0.273480101183,-3.835190058392E-02,
    3.435630467343E-02));
#3556 = CARTESIAN_POINT('',(-0.402617556702,-3.115664167455E-02,
    2.802238283993E-02));
#3557 = CARTESIAN_POINT('',(-0.526576732963,-2.229724128779E-02,
    2.150899308953E-02));
#3558 = CARTESIAN_POINT('',(-0.624580534573,-1.567971672236E-02,
    1.424715221706E-02));
#3559 = CARTESIAN_POINT('',(-0.712476506696,-1.209711592756E-02,
    1.060286425163E-02));
#3560 = CARTESIAN_POINT('',(-0.790028640266,-1.068275348911E-02,
    1.017204620875E-02));
#3561 = CARTESIAN_POINT('',(-0.872701839491,-1.123052001643E-02,
    9.344961907962E-03));
#3562 = CARTESIAN_POINT('',(-0.945025744455,-1.046915466707E-02,
    9.146877243963E-03));
#3563 = CARTESIAN_POINT('',(-0.991548335241,-9.161130445545E-03,
    1.001126437064E-02));
#3564 = CARTESIAN_POINT('',(-1.0122,-1.016213622119E-02,
    8.80955801911E-03));
#3565 = DEFINITIONAL_REPRESENTATION('',(#3566),#3570);
#3566 = LINE('',#3567,#3568);
#3567 = CARTESIAN_POINT('',(29.,0.));
#3568 = VECTOR('',#3569,1.);
#3569 = DIRECTION('',(0.,1.));
#3570 = ( GEOMETRIC_REPRESENTATION_CONTEXT(2) 
PARAMETRIC_REPRESENTATION_CONTEXT() REPRESENTATION_CONTEXT('2D SPACE',''
  ) );
#3571 = ORIENTED_EDGE('',*,*,#3572,.F.);
#3572 = EDGE_CURVE('',#3379,#3498,#3573,.T.);
#3573 = SURFACE_CURVE('',#3574,(#3577,#3584),.PCURVE_S1.);
#3574 = B_SPLINE_CURVE_WITH_KNOTS('',1,(#3575,#3576),.UNSPECIFIED.,.F.,
  .F.,(2,2),(28.,29.),.PIECEWISE_BEZIER_KNOTS.);
#3575 = CARTESIAN_POINT('',(-1.0122,-8.98984246126E-03,
    1.048814953814E-02));
#3576 = CARTESIAN_POINT('',(-1.0122,-9.610062633218E-03,
    9.686888100994E-03));
#3577 = PCURVE('',#3409,#3578);
#3578 = DEFINITIONAL_REPRESENTATION('',(#3579),#3583);
#3579 = LINE('',#3580,#3581);
#3580 = CARTESIAN_POINT('',(0.,1.));
#3581 = VECTOR('',#3582,1.);
#3582 = DIRECTION('',(1.,0.));
#3583 = ( GEOMETRIC_REPRESENTATION_CONTEXT(2) 
PARAMETRIC_REPRESENTATION_CONTEXT() REPRESENTATION_CONTEXT('2D SPACE',''
  ) );
#3584 = PCURVE('',#176,#3585);
#3585 = DEFINITIONAL_REPRESENTATION('',(#3586),#3589);
#3586 = B_SPLINE_CURVE_WITH_KNOTS('',1,(#3587,#3588),.UNSPECIFIED.,.F.,
  .F.,(2,2),(28.,29.),.PIECEWISE_BEZIER_KNOTS.);
#3587 = CARTESIAN_POINT('',(2.411120509855E-02,-3.069999523366E-03));
#3588 = CARTESIAN_POINT('',(2.43655984789E-02,-2.089195281742E-03));
#3589 = ( GEOMETRIC_REPRESENTATION_CONTEXT(2) 
PARAMETRIC_REPRESENTATION_CONTEXT() REPRESENTATION_CONTEXT('2D SPACE',''
  ) );
#3590 = ORIENTED_EDGE('',*,*,#3378,.F.);
#3591 = ADVANCED_FACE('',(#3592),#3528,.F.);
#3592 = FACE_BOUND('',#3593,.F.);
#3593 = EDGE_LOOP('',(#3594,#3615,#3690,#3709));
#3594 = ORIENTED_EDGE('',*,*,#3595,.T.);
#3595 = EDGE_CURVE('',#3477,#3596,#3598,.T.);
#3596 = VERTEX_POINT('',#3597);
#3597 = CARTESIAN_POINT('',(0.5378,-6.774757480796E-03,
    5.034033153777E-03));
#3598 = SURFACE_CURVE('',#3599,(#3602,#3609),.PCURVE_S1.);
#3599 = B_SPLINE_CURVE_WITH_KNOTS('',1,(#3600,#3601),.UNSPECIFIED.,.F.,
  .F.,(2,2),(29.,30.),.PIECEWISE_BEZIER_KNOTS.);
#3600 = CARTESIAN_POINT('',(0.5378,-6.406708422145E-03,
    5.535364629139E-03));
#3601 = CARTESIAN_POINT('',(0.5378,-6.774757480796E-03,
    5.034033153777E-03));
#3602 = PCURVE('',#3528,#3603);
#3603 = DEFINITIONAL_REPRESENTATION('',(#3604),#3608);
#3604 = LINE('',#3605,#3606);
#3605 = CARTESIAN_POINT('',(0.,0.));
#3606 = VECTOR('',#3607,1.);
#3607 = DIRECTION('',(1.,0.));
#3608 = ( GEOMETRIC_REPRESENTATION_CONTEXT(2) 
PARAMETRIC_REPRESENTATION_CONTEXT() REPRESENTATION_CONTEXT('2D SPACE',''
  ) );
#3609 = PCURVE('',#75,#3610);
#3610 = DEFINITIONAL_REPRESENTATION('',(#3611),#3614);
#3611 = B_SPLINE_CURVE_WITH_KNOTS('',1,(#3612,#3613),.UNSPECIFIED.,.F.,
  .F.,(2,2),(29.,30.),.PIECEWISE_BEZIER_KNOTS.);
#3612 = CARTESIAN_POINT('',(1.549451405819E-02,-3.17365045524E-03));
#3613 = CARTESIAN_POINT('',(1.574016893871E-02,-2.602295016447E-03));
#3614 = ( GEOMETRIC_REPRESENTATION_CONTEXT(2) 
PARAMETRIC_REPRESENTATION_CONTEXT() REPRESENTATION_CONTEXT('2D SPACE',''
  ) );
#3615 = ORIENTED_EDGE('',*,*,#3616,.T.);
#3616 = EDGE_CURVE('',#3596,#3617,#3619,.T.);
#3617 = VERTEX_POINT('',#3618);
#3618 = CARTESIAN_POINT('',(-1.0122,-1.016213622119E-02,
    8.80955801911E-03));
#3619 = SURFACE_CURVE('',#3620,(#3639,#3646),.PCURVE_S1.);
#3620 = ( BOUNDED_CURVE() B_SPLINE_CURVE(3,(#3621,#3622,#3623,#3624,
    #3625,#3626,#3627,#3628,#3629,#3630,#3631,#3632,#3633,#3634,#3635,
#3636,#3637,#3638),.UNSPECIFIED.,.F.,.F.) B_SPLINE_CURVE_WITH_KNOTS((4,1
    ,1,1,1,1,1,1,1,1,1,1,1,1,1,4),(0.,3.281818483209E-02,
    8.331472171401E-02,0.163169600212,0.282607356412,0.362210128519,
    0.441821211418,0.521490445595,0.611262750889,0.691167944743,
    0.761109091848,0.800978053181,0.860692828618,0.910445018305,
0.96019726339,1.),.UNSPECIFIED.) CURVE() GEOMETRIC_REPRESENTATION_ITEM()
 RATIONAL_B_SPLINE_CURVE((1.,1.,1.,1.,1.,1.,1.,1.,1.,1.,1.,1.,1.,1.,
    0.999999999999,1.000000000004,0.999999999993,1.)) 
REPRESENTATION_ITEM('') );
#3621 = CARTESIAN_POINT('',(0.5378,-6.774757480796E-03,
    5.034033153777E-03));
#3622 = CARTESIAN_POINT('',(0.523430650188,-1.45392474815E-02,
    1.183323297711E-02));
#3623 = CARTESIAN_POINT('',(0.483258792956,-2.664856148778E-02,
    2.206505934957E-02));
#3624 = CARTESIAN_POINT('',(0.398489817948,-3.503718800784E-02,
    2.927510213749E-02));
#3625 = CARTESIAN_POINT('',(0.269462582488,-4.148259602055E-02,
    3.660124330892E-02));
#3626 = CARTESIAN_POINT('',(0.124451460313,-4.293047337993E-02,
    3.753499256772E-02));
#3627 = CARTESIAN_POINT('',(-2.019705092663E-02,-4.457849372164E-02,
    3.880573915915E-02));
#3628 = CARTESIAN_POINT('',(-0.144245251992,-4.273499751301E-02,
    3.736701367859E-02));
#3629 = CARTESIAN_POINT('',(-0.273480101183,-3.835190058392E-02,
    3.435630467343E-02));
#3630 = CARTESIAN_POINT('',(-0.402617556702,-3.115664167455E-02,
    2.802238283993E-02));
#3631 = CARTESIAN_POINT('',(-0.526576732963,-2.229724128779E-02,
    2.150899308953E-02));
#3632 = CARTESIAN_POINT('',(-0.624580534573,-1.567971672236E-02,
    1.424715221706E-02));
#3633 = CARTESIAN_POINT('',(-0.712476506696,-1.209711592756E-02,
    1.060286425163E-02));
#3634 = CARTESIAN_POINT('',(-0.790028640266,-1.068275348911E-02,
    1.017204620875E-02));
#3635 = CARTESIAN_POINT('',(-0.872701839491,-1.123052001643E-02,
    9.344961907962E-03));
#3636 = CARTESIAN_POINT('',(-0.945025744455,-1.046915466707E-02,
    9.146877243963E-03));
#3637 = CARTESIAN_POINT('',(-0.991548335241,-9.161130445545E-03,
    1.001126437064E-02));
#3638 = CARTESIAN_POINT('',(-1.0122,-1.016213622119E-02,
    8.80955801911E-03));
#3639 = PCURVE('',#3528,#3640);
#3640 = DEFINITIONAL_REPRESENTATION('',(#3641),#3645);
#3641 = LINE('',#3642,#3643);
#3642 = CARTESIAN_POINT('',(30.,0.));
#3643 = VECTOR('',#3644,1.);
#3644 = DIRECTION('',(0.,1.));
#3645 = ( GEOMETRIC_REPRESENTATION_CONTEXT(2) 
PARAMETRIC_REPRESENTATION_CONTEXT() REPRESENTATION_CONTEXT('2D SPACE',''
  ) );
#3646 = PCURVE('',#3647,#3684);
#3647 = ( BOUNDED_SURFACE() B_SPLINE_SURFACE(1,3,(
    (#3648,#3649,#3650,#3651,#3652,#3653,#3654,#3655,#3656,#3657,#3658
      ,#3659,#3660,#3661,#3662,#3663,#3664,#3665)
    ,(#3666,#3667,#3668,#3669,#3670,#3671,#3672,#3673,#3674,#3675,#3676
      ,#3677,#3678,#3679,#3680,#3681,#3682,#3683
)),.UNSPECIFIED.,.F.,.F.,.F.) B_SPLINE_SURFACE_WITH_KNOTS((2,2),(4,1,1,1
    ,1,1,1,1,1,1,1,1,1,1,1,4),(30.,31.),(0.,3.281818483209E-02,
    8.331472171401E-02,0.163169600212,0.282607356412,0.362210128519,
    0.441821211418,0.521490445595,0.611262750889,0.691167944743,
    0.761109091848,0.800978053181,0.860692828618,0.910445018305,
0.96019726339,1.),.UNSPECIFIED.) GEOMETRIC_REPRESENTATION_ITEM() 
RATIONAL_B_SPLINE_SURFACE((
    (1.,1.,1.,1.,1.,1.,1.,1.,1.,1.,1.,1.,1.,1.,0.999999999999
      ,1.000000000004,0.999999999993,1.)
    ,(1.,1.,1.,1.,1.,1.,1.,1.,1.,1.,1.,1.,1.,1.,0.999999999999
,1.000000000004,0.999999999993,1.
  ))) REPRESENTATION_ITEM('') SURFACE() );
#3648 = CARTESIAN_POINT('',(0.5378,-6.774757480796E-03,
    5.034033153777E-03));
#3649 = CARTESIAN_POINT('',(0.523430650188,-1.45392474815E-02,
    1.183323297711E-02));
#3650 = CARTESIAN_POINT('',(0.483258792956,-2.664856148778E-02,
    2.206505934957E-02));
#3651 = CARTESIAN_POINT('',(0.398489817948,-3.503718800784E-02,
    2.927510213749E-02));
#3652 = CARTESIAN_POINT('',(0.269462582488,-4.148259602055E-02,
    3.660124330892E-02));
#3653 = CARTESIAN_POINT('',(0.124451460313,-4.293047337993E-02,
    3.753499256772E-02));
#3654 = CARTESIAN_POINT('',(-2.019705092663E-02,-4.457849372164E-02,
    3.880573915915E-02));
#3655 = CARTESIAN_POINT('',(-0.144245251992,-4.273499751301E-02,
    3.736701367859E-02));
#3656 = CARTESIAN_POINT('',(-0.273480101183,-3.835190058392E-02,
    3.435630467343E-02));
#3657 = CARTESIAN_POINT('',(-0.402617556702,-3.115664167455E-02,
    2.802238283993E-02));
#3658 = CARTESIAN_POINT('',(-0.526576732963,-2.229724128779E-02,
    2.150899308953E-02));
#3659 = CARTESIAN_POINT('',(-0.624580534573,-1.567971672236E-02,
    1.424715221706E-02));
#3660 = CARTESIAN_POINT('',(-0.712476506696,-1.209711592756E-02,
    1.060286425163E-02));
#3661 = CARTESIAN_POINT('',(-0.790028640266,-1.068275348911E-02,
    1.017204620875E-02));
#3662 = CARTESIAN_POINT('',(-0.872701839491,-1.123052001643E-02,
    9.344961907962E-03));
#3663 = CARTESIAN_POINT('',(-0.945025744455,-1.046915466707E-02,
    9.146877243963E-03));
#3664 = CARTESIAN_POINT('',(-0.991548335241,-9.161130445545E-03,
    1.001126437064E-02));
#3665 = CARTESIAN_POINT('',(-1.0122,-1.016213622119E-02,
    8.80955801911E-03));
#3666 = CARTESIAN_POINT('',(0.5378,-7.096303477462E-03,
    4.489848193237E-03));
#3667 = CARTESIAN_POINT('',(0.523430650188,-1.522931451868E-02,
    1.055404644337E-02));
#3668 = CARTESIAN_POINT('',(0.483258792956,-2.791336517816E-02,
    1.967980023731E-02));
#3669 = CARTESIAN_POINT('',(0.398489817948,-3.670013573259E-02,
    2.61104288398E-02));
#3670 = CARTESIAN_POINT('',(0.269462582488,-4.345145803805E-02,
    3.264460545269E-02));
#3671 = CARTESIAN_POINT('',(0.124451460313,-4.496805507779E-02,
    3.347741530802E-02));
#3672 = CARTESIAN_POINT('',(-2.019705092663E-02,-4.669429435867E-02,
    3.461079268424E-02));
#3673 = CARTESIAN_POINT('',(-0.144245251992,-4.476330146438E-02,
    3.332759513625E-02));
#3674 = CARTESIAN_POINT('',(-0.273480101183,-4.017217239914E-02,
    3.064234734898E-02));
#3675 = CARTESIAN_POINT('',(-0.402617556702,-3.26354095018E-02,
    2.499312998558E-02));
#3676 = CARTESIAN_POINT('',(-0.526576732963,-2.335552104069E-02,
    1.918384540017E-02));
#3677 = CARTESIAN_POINT('',(-0.624580534573,-1.642391312426E-02,
    1.270701814758E-02));
#3678 = CARTESIAN_POINT('',(-0.712476506696,-1.267127363117E-02,
    9.456682037862E-03));
#3679 = CARTESIAN_POINT('',(-0.790028640266,-1.118978220971E-02,
    9.072435936873E-03));
#3680 = CARTESIAN_POINT('',(-0.872701839491,-1.176354703057E-02,
    8.334760431054E-03));
#3681 = CARTESIAN_POINT('',(-0.945025744455,-1.096604548303E-02,
    8.158088954074E-03));
#3682 = CARTESIAN_POINT('',(-0.991548335241,-9.595939341141E-03,
    8.929034806823E-03));
#3683 = CARTESIAN_POINT('',(-1.0122,-1.064445521619E-02,
    7.857234338166E-03));
#3684 = DEFINITIONAL_REPRESENTATION('',(#3685),#3689);
#3685 = LINE('',#3686,#3687);
#3686 = CARTESIAN_POINT('',(30.,0.));
#3687 = VECTOR('',#3688,1.);
#3688 = DIRECTION('',(0.,1.));
#3689 = ( GEOMETRIC_REPRESENTATION_CONTEXT(2) 
PARAMETRIC_REPRESENTATION_CONTEXT() REPRESENTATION_CONTEXT('2D SPACE',''
  ) );
#3690 = ORIENTED_EDGE('',*,*,#3691,.F.);
#3691 = EDGE_CURVE('',#3498,#3617,#3692,.T.);
#3692 = SURFACE_CURVE('',#3693,(#3696,#3703),.PCURVE_S1.);
#3693 = B_SPLINE_CURVE_WITH_KNOTS('',1,(#3694,#3695),.UNSPECIFIED.,.F.,
  .F.,(2,2),(29.,30.),.PIECEWISE_BEZIER_KNOTS.);
#3694 = CARTESIAN_POINT('',(-1.0122,-9.610062633218E-03,
    9.686888100994E-03));
#3695 = CARTESIAN_POINT('',(-1.0122,-1.016213622119E-02,
    8.80955801911E-03));
#3696 = PCURVE('',#3528,#3697);
#3697 = DEFINITIONAL_REPRESENTATION('',(#3698),#3702);
#3698 = LINE('',#3699,#3700);
#3699 = CARTESIAN_POINT('',(0.,1.));
#3700 = VECTOR('',#3701,1.);
#3701 = DIRECTION('',(1.,0.));
#3702 = ( GEOMETRIC_REPRESENTATION_CONTEXT(2) 
PARAMETRIC_REPRESENTATION_CONTEXT() REPRESENTATION_CONTEXT('2D SPACE',''
  ) );
#3703 = PCURVE('',#176,#3704);
#3704 = DEFINITIONAL_REPRESENTATION('',(#3705),#3708);
#3705 = B_SPLINE_CURVE_WITH_KNOTS('',1,(#3706,#3707),.UNSPECIFIED.,.F.,
  .F.,(2,2),(29.,30.),.PIECEWISE_BEZIER_KNOTS.);
#3706 = CARTESIAN_POINT('',(2.43655984789E-02,-2.089195281742E-03));
#3707 = CARTESIAN_POINT('',(2.45273883132E-02,-1.065321574376E-03));
#3708 = ( GEOMETRIC_REPRESENTATION_CONTEXT(2) 
PARAMETRIC_REPRESENTATION_CONTEXT() REPRESENTATION_CONTEXT('2D SPACE',''
  ) );
#3709 = ORIENTED_EDGE('',*,*,#3497,.F.);
#3710 = ADVANCED_FACE('',(#3711),#3647,.F.);
#3711 = FACE_BOUND('',#3712,.F.);
#3712 = EDGE_LOOP('',(#3713,#3734,#3809,#3828));
#3713 = ORIENTED_EDGE('',*,*,#3714,.T.);
#3714 = EDGE_CURVE('',#3596,#3715,#3717,.T.);
#3715 = VERTEX_POINT('',#3716);
#3716 = CARTESIAN_POINT('',(0.5378,-7.096303477462E-03,
    4.489848193237E-03));
#3717 = SURFACE_CURVE('',#3718,(#3721,#3728),.PCURVE_S1.);
#3718 = B_SPLINE_CURVE_WITH_KNOTS('',1,(#3719,#3720),.UNSPECIFIED.,.F.,
  .F.,(2,2),(30.,31.),.PIECEWISE_BEZIER_KNOTS.);
#3719 = CARTESIAN_POINT('',(0.5378,-6.774757480796E-03,
    5.034033153777E-03));
#3720 = CARTESIAN_POINT('',(0.5378,-7.096303477462E-03,
    4.489848193237E-03));
#3721 = PCURVE('',#3647,#3722);
#3722 = DEFINITIONAL_REPRESENTATION('',(#3723),#3727);
#3723 = LINE('',#3724,#3725);
#3724 = CARTESIAN_POINT('',(0.,0.));
#3725 = VECTOR('',#3726,1.);
#3726 = DIRECTION('',(1.,0.));
#3727 = ( GEOMETRIC_REPRESENTATION_CONTEXT(2) 
PARAMETRIC_REPRESENTATION_CONTEXT() REPRESENTATION_CONTEXT('2D SPACE',''
  ) );
#3728 = PCURVE('',#75,#3729);
#3729 = DEFINITIONAL_REPRESENTATION('',(#3730),#3733);
#3730 = B_SPLINE_CURVE_WITH_KNOTS('',1,(#3731,#3732),.UNSPECIFIED.,.F.,
  .F.,(2,2),(30.,31.),.PIECEWISE_BEZIER_KNOTS.);
#3731 = CARTESIAN_POINT('',(1.574016893871E-02,-2.602295016447E-03));
#3732 = CARTESIAN_POINT('',(1.593086250234E-02,-1.999663234976E-03));
#3733 = ( GEOMETRIC_REPRESENTATION_CONTEXT(2) 
PARAMETRIC_REPRESENTATION_CONTEXT() REPRESENTATION_CONTEXT('2D SPACE',''
  ) );
#3734 = ORIENTED_EDGE('',*,*,#3735,.T.);
#3735 = EDGE_CURVE('',#3715,#3736,#3738,.T.);
#3736 = VERTEX_POINT('',#3737);
#3737 = CARTESIAN_POINT('',(-1.0122,-1.064445521619E-02,
    7.857234338166E-03));
#3738 = SURFACE_CURVE('',#3739,(#3758,#3765),.PCURVE_S1.);
#3739 = ( BOUNDED_CURVE() B_SPLINE_CURVE(3,(#3740,#3741,#3742,#3743,
    #3744,#3745,#3746,#3747,#3748,#3749,#3750,#3751,#3752,#3753,#3754,
#3755,#3756,#3757),.UNSPECIFIED.,.F.,.F.) B_SPLINE_CURVE_WITH_KNOTS((4,1
    ,1,1,1,1,1,1,1,1,1,1,1,1,1,4),(0.,3.281818483209E-02,
    8.331472171401E-02,0.163169600212,0.282607356412,0.362210128519,
    0.441821211418,0.521490445595,0.611262750889,0.691167944743,
    0.761109091848,0.800978053181,0.860692828618,0.910445018305,
0.96019726339,1.),.UNSPECIFIED.) CURVE() GEOMETRIC_REPRESENTATION_ITEM()
 RATIONAL_B_SPLINE_CURVE((1.,1.,1.,1.,1.,1.,1.,1.,1.,1.,1.,1.,1.,1.,
    0.999999999999,1.000000000004,0.999999999993,1.)) 
REPRESENTATION_ITEM('') );
#3740 = CARTESIAN_POINT('',(0.5378,-7.096303477462E-03,
    4.489848193237E-03));
#3741 = CARTESIAN_POINT('',(0.523430650188,-1.522931451868E-02,
    1.055404644337E-02));
#3742 = CARTESIAN_POINT('',(0.483258792956,-2.791336517816E-02,
    1.967980023731E-02));
#3743 = CARTESIAN_POINT('',(0.398489817948,-3.670013573259E-02,
    2.61104288398E-02));
#3744 = CARTESIAN_POINT('',(0.269462582488,-4.345145803805E-02,
    3.264460545269E-02));
#3745 = CARTESIAN_POINT('',(0.124451460313,-4.496805507779E-02,
    3.347741530802E-02));
#3746 = CARTESIAN_POINT('',(-2.019705092663E-02,-4.669429435867E-02,
    3.461079268424E-02));
#3747 = CARTESIAN_POINT('',(-0.144245251992,-4.476330146438E-02,
    3.332759513625E-02));
#3748 = CARTESIAN_POINT('',(-0.273480101183,-4.017217239914E-02,
    3.064234734898E-02));
#3749 = CARTESIAN_POINT('',(-0.402617556702,-3.26354095018E-02,
    2.499312998558E-02));
#3750 = CARTESIAN_POINT('',(-0.526576732963,-2.335552104069E-02,
    1.918384540017E-02));
#3751 = CARTESIAN_POINT('',(-0.624580534573,-1.642391312426E-02,
    1.270701814758E-02));
#3752 = CARTESIAN_POINT('',(-0.712476506696,-1.267127363117E-02,
    9.456682037862E-03));
#3753 = CARTESIAN_POINT('',(-0.790028640266,-1.118978220971E-02,
    9.072435936873E-03));
#3754 = CARTESIAN_POINT('',(-0.872701839491,-1.176354703057E-02,
    8.334760431054E-03));
#3755 = CARTESIAN_POINT('',(-0.945025744455,-1.096604548303E-02,
    8.158088954074E-03));
#3756 = CARTESIAN_POINT('',(-0.991548335241,-9.595939341141E-03,
    8.929034806823E-03));
#3757 = CARTESIAN_POINT('',(-1.0122,-1.064445521619E-02,
    7.857234338166E-03));
#3758 = PCURVE('',#3647,#3759);
#3759 = DEFINITIONAL_REPRESENTATION('',(#3760),#3764);
#3760 = LINE('',#3761,#3762);
#3761 = CARTESIAN_POINT('',(31.,0.));
#3762 = VECTOR('',#3763,1.);
#3763 = DIRECTION('',(0.,1.));
#3764 = ( GEOMETRIC_REPRESENTATION_CONTEXT(2) 
PARAMETRIC_REPRESENTATION_CONTEXT() REPRESENTATION_CONTEXT('2D SPACE',''
  ) );
#3765 = PCURVE('',#3766,#3803);
#3766 = ( BOUNDED_SURFACE() B_SPLINE_SURFACE(1,3,(
    (#3767,#3768,#3769,#3770,#3771,#3772,#3773,#3774,#3775,#3776,#3777
      ,#3778,#3779,#3780,#3781,#3782,#3783,#3784)
    ,(#3785,#3786,#3787,#3788,#3789,#3790,#3791,#3792,#3793,#3794,#3795
      ,#3796,#3797,#3798,#3799,#3800,#3801,#3802
)),.UNSPECIFIED.,.F.,.F.,.F.) B_SPLINE_SURFACE_WITH_KNOTS((2,2),(4,1,1,1
    ,1,1,1,1,1,1,1,1,1,1,1,4),(31.,32.),(0.,3.281818483209E-02,
    8.331472171401E-02,0.163169600212,0.282607356412,0.362210128519,
    0.441821211418,0.521490445595,0.611262750889,0.691167944743,
    0.761109091848,0.800978053181,0.860692828618,0.910445018305,
0.96019726339,1.),.UNSPECIFIED.) GEOMETRIC_REPRESENTATION_ITEM() 
RATIONAL_B_SPLINE_SURFACE((
    (1.,1.,1.,1.,1.,1.,1.,1.,1.,1.,1.,1.,1.,1.,0.999999999999
      ,1.000000000004,0.999999999993,1.)
    ,(1.,1.,1.,1.,1.,1.,1.,1.,1.,1.,1.,1.,1.,1.,0.999999999999
,1.000000000004,0.999999999993,1.
  ))) REPRESENTATION_ITEM('') SURFACE() );
#3767 = CARTESIAN_POINT('',(0.5378,-7.096303477462E-03,
    4.489848193237E-03));
#3768 = CARTESIAN_POINT('',(0.523430650188,-1.522931451868E-02,
    1.055404644337E-02));
#3769 = CARTESIAN_POINT('',(0.483258792956,-2.791336517816E-02,
    1.967980023731E-02));
#3770 = CARTESIAN_POINT('',(0.398489817948,-3.670013573259E-02,
    2.61104288398E-02));
#3771 = CARTESIAN_POINT('',(0.269462582488,-4.345145803805E-02,
    3.264460545269E-02));
#3772 = CARTESIAN_POINT('',(0.124451460313,-4.496805507779E-02,
    3.347741530802E-02));
#3773 = CARTESIAN_POINT('',(-2.019705092663E-02,-4.669429435867E-02,
    3.461079268424E-02));
#3774 = CARTESIAN_POINT('',(-0.144245251992,-4.476330146438E-02,
    3.332759513625E-02));
#3775 = CARTESIAN_POINT('',(-0.273480101183,-4.017217239914E-02,
    3.064234734898E-02));
#3776 = CARTESIAN_POINT('',(-0.402617556702,-3.26354095018E-02,
    2.499312998558E-02));
#3777 = CARTESIAN_POINT('',(-0.526576732963,-2.335552104069E-02,
    1.918384540017E-02));
#3778 = CARTESIAN_POINT('',(-0.624580534573,-1.642391312426E-02,
    1.270701814758E-02));
#3779 = CARTESIAN_POINT('',(-0.712476506696,-1.267127363117E-02,
    9.456682037862E-03));
#3780 = CARTESIAN_POINT('',(-0.790028640266,-1.118978220971E-02,
    9.072435936873E-03));
#3781 = CARTESIAN_POINT('',(-0.872701839491,-1.176354703057E-02,
    8.334760431054E-03));
#3782 = CARTESIAN_POINT('',(-0.945025744455,-1.096604548303E-02,
    8.158088954074E-03));
#3783 = CARTESIAN_POINT('',(-0.991548335241,-9.595939341141E-03,
    8.929034806823E-03));
#3784 = CARTESIAN_POINT('',(-1.0122,-1.064445521619E-02,
    7.857234338166E-03));
#3785 = CARTESIAN_POINT('',(0.5378,-7.37032117154E-03,3.902835109119E-03
    ));
#3786 = CARTESIAN_POINT('',(0.523430650188,-1.58173814834E-02,
    9.174186126048E-03));
#3787 = CARTESIAN_POINT('',(0.483258792956,-2.899121591896E-02,
    1.710681787022E-02));
#3788 = CARTESIAN_POINT('',(0.398489817948,-3.811728010891E-02,
    2.269669129206E-02));
#3789 = CARTESIAN_POINT('',(0.269462582488,-4.512929895533E-02,
    2.837657461916E-02));
#3790 = CARTESIAN_POINT('',(0.124451460313,-4.670445809363E-02,
    2.910050099767E-02));
#3791 = CARTESIAN_POINT('',(-2.019705092663E-02,-4.849735462905E-02,
    3.008569800778E-02));
#3792 = CARTESIAN_POINT('',(-0.144245251992,-4.649179809442E-02,
    2.89702686599E-02));
#3793 = CARTESIAN_POINT('',(-0.273480101183,-4.172338650405E-02,
    2.663609634721E-02));
#3794 = CARTESIAN_POINT('',(-0.402617556702,-3.389559794855E-02,
    2.1725470661E-02));
#3795 = CARTESIAN_POINT('',(-0.526576732963,-2.425737452538E-02,
    1.66757053097E-02));
#3796 = CARTESIAN_POINT('',(-0.624580534573,-1.70581084932E-02,
    1.104567335556E-02));
#3797 = CARTESIAN_POINT('',(-0.712476506696,-1.316056403321E-02,
    8.220293668001E-03));
#3798 = CARTESIAN_POINT('',(-0.790028640266,-1.162186608662E-02,
    7.886284786403E-03));
#3799 = CARTESIAN_POINT('',(-0.872701839491,-1.221778634572E-02,
    7.245054673704E-03));
#3800 = CARTESIAN_POINT('',(-0.945025744455,-1.138948995737E-02,
    7.091481631933E-03));
#3801 = CARTESIAN_POINT('',(-0.991548335241,-9.966478337992E-03,
    7.761632250376E-03));
#3802 = CARTESIAN_POINT('',(-1.0122,-1.105548175731E-02,
    6.829961440958E-03));
#3803 = DEFINITIONAL_REPRESENTATION('',(#3804),#3808);
#3804 = LINE('',#3805,#3806);
#3805 = CARTESIAN_POINT('',(31.,0.));
#3806 = VECTOR('',#3807,1.);
#3807 = DIRECTION('',(0.,1.));
#3808 = ( GEOMETRIC_REPRESENTATION_CONTEXT(2) 
PARAMETRIC_REPRESENTATION_CONTEXT() REPRESENTATION_CONTEXT('2D SPACE',''
  ) );
#3809 = ORIENTED_EDGE('',*,*,#3810,.F.);
#3810 = EDGE_CURVE('',#3617,#3736,#3811,.T.);
#3811 = SURFACE_CURVE('',#3812,(#3815,#3822),.PCURVE_S1.);
#3812 = B_SPLINE_CURVE_WITH_KNOTS('',1,(#3813,#3814),.UNSPECIFIED.,.F.,
  .F.,(2,2),(30.,31.),.PIECEWISE_BEZIER_KNOTS.);
#3813 = CARTESIAN_POINT('',(-1.0122,-1.016213622119E-02,
    8.80955801911E-03));
#3814 = CARTESIAN_POINT('',(-1.0122,-1.064445521619E-02,
    7.857234338166E-03));
#3815 = PCURVE('',#3647,#3816);
#3816 = DEFINITIONAL_REPRESENTATION('',(#3817),#3821);
#3817 = LINE('',#3818,#3819);
#3818 = CARTESIAN_POINT('',(0.,1.));
#3819 = VECTOR('',#3820,1.);
#3820 = DIRECTION('',(1.,0.));
#3821 = ( GEOMETRIC_REPRESENTATION_CONTEXT(2) 
PARAMETRIC_REPRESENTATION_CONTEXT() REPRESENTATION_CONTEXT('2D SPACE',''
  ) );
#3822 = PCURVE('',#176,#3823);
#3823 = DEFINITIONAL_REPRESENTATION('',(#3824),#3827);
#3824 = B_SPLINE_CURVE_WITH_KNOTS('',1,(#3825,#3826),.UNSPECIFIED.,.F.,
  .F.,(2,2),(30.,31.),.PIECEWISE_BEZIER_KNOTS.);
#3825 = CARTESIAN_POINT('',(2.45273883132E-02,-1.065321574376E-03));
#3826 = CARTESIAN_POINT('',(2.45955201662E-02,8.673617379884E-19));
#3827 = ( GEOMETRIC_REPRESENTATION_CONTEXT(2) 
PARAMETRIC_REPRESENTATION_CONTEXT() REPRESENTATION_CONTEXT('2D SPACE',''
  ) );
#3828 = ORIENTED_EDGE('',*,*,#3616,.F.);
#3829 = ADVANCED_FACE('',(#3830),#3766,.F.);
#3830 = FACE_BOUND('',#3831,.F.);
#3831 = EDGE_LOOP('',(#3832,#3853,#3928,#3947));
#3832 = ORIENTED_EDGE('',*,*,#3833,.T.);
#3833 = EDGE_CURVE('',#3715,#3834,#3836,.T.);
#3834 = VERTEX_POINT('',#3835);
#3835 = CARTESIAN_POINT('',(0.5378,-7.37032117154E-03,3.902835109119E-03
    ));
#3836 = SURFACE_CURVE('',#3837,(#3840,#3847),.PCURVE_S1.);
#3837 = B_SPLINE_CURVE_WITH_KNOTS('',1,(#3838,#3839),.UNSPECIFIED.,.F.,
  .F.,(2,2),(31.,32.),.PIECEWISE_BEZIER_KNOTS.);
#3838 = CARTESIAN_POINT('',(0.5378,-7.096303477462E-03,
    4.489848193237E-03));
#3839 = CARTESIAN_POINT('',(0.5378,-7.37032117154E-03,3.902835109119E-03
    ));
#3840 = PCURVE('',#3766,#3841);
#3841 = DEFINITIONAL_REPRESENTATION('',(#3842),#3846);
#3842 = LINE('',#3843,#3844);
#3843 = CARTESIAN_POINT('',(0.,0.));
#3844 = VECTOR('',#3845,1.);
#3845 = DIRECTION('',(1.,0.));
#3846 = ( GEOMETRIC_REPRESENTATION_CONTEXT(2) 
PARAMETRIC_REPRESENTATION_CONTEXT() REPRESENTATION_CONTEXT('2D SPACE',''
  ) );
#3847 = PCURVE('',#75,#3848);
#3848 = DEFINITIONAL_REPRESENTATION('',(#3849),#3852);
#3849 = B_SPLINE_CURVE_WITH_KNOTS('',1,(#3850,#3851),.UNSPECIFIED.,.F.,
  .F.,(2,2),(31.,32.),.PIECEWISE_BEZIER_KNOTS.);
#3850 = CARTESIAN_POINT('',(1.593086250234E-02,-1.999663234976E-03));
#3851 = CARTESIAN_POINT('',(1.606560157365E-02,-1.366010774825E-03));
#3852 = ( GEOMETRIC_REPRESENTATION_CONTEXT(2) 
PARAMETRIC_REPRESENTATION_CONTEXT() REPRESENTATION_CONTEXT('2D SPACE',''
  ) );
#3853 = ORIENTED_EDGE('',*,*,#3854,.T.);
#3854 = EDGE_CURVE('',#3834,#3855,#3857,.T.);
#3855 = VERTEX_POINT('',#3856);
#3856 = CARTESIAN_POINT('',(-1.0122,-1.105548175731E-02,
    6.829961440958E-03));
#3857 = SURFACE_CURVE('',#3858,(#3877,#3884),.PCURVE_S1.);
#3858 = ( BOUNDED_CURVE() B_SPLINE_CURVE(3,(#3859,#3860,#3861,#3862,
    #3863,#3864,#3865,#3866,#3867,#3868,#3869,#3870,#3871,#3872,#3873,
#3874,#3875,#3876),.UNSPECIFIED.,.F.,.F.) B_SPLINE_CURVE_WITH_KNOTS((4,1
    ,1,1,1,1,1,1,1,1,1,1,1,1,1,4),(0.,3.281818483209E-02,
    8.331472171401E-02,0.163169600212,0.282607356412,0.362210128519,
    0.441821211418,0.521490445595,0.611262750889,0.691167944743,
    0.761109091848,0.800978053181,0.860692828618,0.910445018305,
0.96019726339,1.),.UNSPECIFIED.) CURVE() GEOMETRIC_REPRESENTATION_ITEM()
 RATIONAL_B_SPLINE_CURVE((1.,1.,1.,1.,1.,1.,1.,1.,1.,1.,1.,1.,1.,1.,
    0.999999999999,1.000000000004,0.999999999993,1.)) 
REPRESENTATION_ITEM('') );
#3859 = CARTESIAN_POINT('',(0.5378,-7.37032117154E-03,3.902835109119E-03
    ));
#3860 = CARTESIAN_POINT('',(0.523430650188,-1.58173814834E-02,
    9.174186126048E-03));
#3861 = CARTESIAN_POINT('',(0.483258792956,-2.899121591896E-02,
    1.710681787022E-02));
#3862 = CARTESIAN_POINT('',(0.398489817948,-3.811728010891E-02,
    2.269669129206E-02));
#3863 = CARTESIAN_POINT('',(0.269462582488,-4.512929895533E-02,
    2.837657461916E-02));
#3864 = CARTESIAN_POINT('',(0.124451460313,-4.670445809363E-02,
    2.910050099767E-02));
#3865 = CARTESIAN_POINT('',(-2.019705092663E-02,-4.849735462905E-02,
    3.008569800778E-02));
#3866 = CARTESIAN_POINT('',(-0.144245251992,-4.649179809442E-02,
    2.89702686599E-02));
#3867 = CARTESIAN_POINT('',(-0.273480101183,-4.172338650405E-02,
    2.663609634721E-02));
#3868 = CARTESIAN_POINT('',(-0.402617556702,-3.389559794855E-02,
    2.1725470661E-02));
#3869 = CARTESIAN_POINT('',(-0.526576732963,-2.425737452538E-02,
    1.66757053097E-02));
#3870 = CARTESIAN_POINT('',(-0.624580534573,-1.70581084932E-02,
    1.104567335556E-02));
#3871 = CARTESIAN_POINT('',(-0.712476506696,-1.316056403321E-02,
    8.220293668001E-03));
#3872 = CARTESIAN_POINT('',(-0.790028640266,-1.162186608662E-02,
    7.886284786403E-03));
#3873 = CARTESIAN_POINT('',(-0.872701839491,-1.221778634572E-02,
    7.245054673704E-03));
#3874 = CARTESIAN_POINT('',(-0.945025744455,-1.138948995737E-02,
    7.091481631933E-03));
#3875 = CARTESIAN_POINT('',(-0.991548335241,-9.966478337992E-03,
    7.761632250376E-03));
#3876 = CARTESIAN_POINT('',(-1.0122,-1.105548175731E-02,
    6.829961440958E-03));
#3877 = PCURVE('',#3766,#3878);
#3878 = DEFINITIONAL_REPRESENTATION('',(#3879),#3883);
#3879 = LINE('',#3880,#3881);
#3880 = CARTESIAN_POINT('',(32.,0.));
#3881 = VECTOR('',#3882,1.);
#3882 = DIRECTION('',(0.,1.));
#3883 = ( GEOMETRIC_REPRESENTATION_CONTEXT(2) 
PARAMETRIC_REPRESENTATION_CONTEXT() REPRESENTATION_CONTEXT('2D SPACE',''
  ) );
#3884 = PCURVE('',#3885,#3922);
#3885 = ( BOUNDED_SURFACE() B_SPLINE_SURFACE(1,3,(
    (#3886,#3887,#3888,#3889,#3890,#3891,#3892,#3893,#3894,#3895,#3896
      ,#3897,#3898,#3899,#3900,#3901,#3902,#3903)
    ,(#3904,#3905,#3906,#3907,#3908,#3909,#3910,#3911,#3912,#3913,#3914
      ,#3915,#3916,#3917,#3918,#3919,#3920,#3921
)),.UNSPECIFIED.,.F.,.F.,.F.) B_SPLINE_SURFACE_WITH_KNOTS((2,2),(4,1,1,1
    ,1,1,1,1,1,1,1,1,1,1,1,4),(32.,33.),(0.,3.281818483209E-02,
    8.331472171401E-02,0.163169600212,0.282607356412,0.362210128519,
    0.441821211418,0.521490445595,0.611262750889,0.691167944743,
    0.761109091848,0.800978053181,0.860692828618,0.910445018305,
0.96019726339,1.),.UNSPECIFIED.) GEOMETRIC_REPRESENTATION_ITEM() 
RATIONAL_B_SPLINE_SURFACE((
    (1.,1.,1.,1.,1.,1.,1.,1.,1.,1.,1.,1.,1.,1.,0.999999999999
      ,1.000000000004,0.999999999993,1.)
    ,(1.,1.,1.,1.,1.,1.,1.,1.,1.,1.,1.,1.,1.,1.,0.999999999999
,1.000000000004,0.999999999993,1.
  ))) REPRESENTATION_ITEM('') SURFACE() );
#3886 = CARTESIAN_POINT('',(0.5378,-7.37032117154E-03,3.902835109119E-03
    ));
#3887 = CARTESIAN_POINT('',(0.523430650188,-1.58173814834E-02,
    9.174186126048E-03));
#3888 = CARTESIAN_POINT('',(0.483258792956,-2.899121591896E-02,
    1.710681787022E-02));
#3889 = CARTESIAN_POINT('',(0.398489817948,-3.811728010891E-02,
    2.269669129206E-02));
#3890 = CARTESIAN_POINT('',(0.269462582488,-4.512929895533E-02,
    2.837657461916E-02));
#3891 = CARTESIAN_POINT('',(0.124451460313,-4.670445809363E-02,
    2.910050099767E-02));
#3892 = CARTESIAN_POINT('',(-2.019705092663E-02,-4.849735462905E-02,
    3.008569800778E-02));
#3893 = CARTESIAN_POINT('',(-0.144245251992,-4.649179809442E-02,
    2.89702686599E-02));
#3894 = CARTESIAN_POINT('',(-0.273480101183,-4.172338650405E-02,
    2.663609634721E-02));
#3895 = CARTESIAN_POINT('',(-0.402617556702,-3.389559794855E-02,
    2.1725470661E-02));
#3896 = CARTESIAN_POINT('',(-0.526576732963,-2.425737452538E-02,
    1.66757053097E-02));
#3897 = CARTESIAN_POINT('',(-0.624580534573,-1.70581084932E-02,
    1.104567335556E-02));
#3898 = CARTESIAN_POINT('',(-0.712476506696,-1.316056403321E-02,
    8.220293668001E-03));
#3899 = CARTESIAN_POINT('',(-0.790028640266,-1.162186608662E-02,
    7.886284786403E-03));
#3900 = CARTESIAN_POINT('',(-0.872701839491,-1.221778634572E-02,
    7.245054673704E-03));
#3901 = CARTESIAN_POINT('',(-0.945025744455,-1.138948995737E-02,
    7.091481631933E-03));
#3902 = CARTESIAN_POINT('',(-0.991548335241,-9.966478337992E-03,
    7.761632250376E-03));
#3903 = CARTESIAN_POINT('',(-1.0122,-1.105548175731E-02,
    6.829961440958E-03));
#3904 = CARTESIAN_POINT('',(0.5378,-7.595881263534E-03,
    3.271897758377E-03));
#3905 = CARTESIAN_POINT('',(0.523430650188,-1.630145401422E-02,
    7.691075380204E-03));
#3906 = CARTESIAN_POINT('',(0.483258792956,-2.987845830332E-02,
    1.434130765908E-02));
#3907 = CARTESIAN_POINT('',(0.398489817948,-3.928381505465E-02,
    1.902751494357E-02));
#3908 = CARTESIAN_POINT('',(0.269462582488,-4.651042856788E-02,
    2.37891810161E-02));
#3909 = CARTESIAN_POINT('',(0.124451460313,-4.813379361632E-02,
    2.439607652382E-02));
#3910 = CARTESIAN_POINT('',(-2.019705092663E-02,-4.998155966123E-02,
    2.52220053163E-02));
#3911 = CARTESIAN_POINT('',(-0.144245251992,-4.791462540562E-02,
    2.428689771351E-02));
#3912 = CARTESIAN_POINT('',(-0.273480101183,-4.300028213439E-02,
    2.23300707034E-02));
#3913 = CARTESIAN_POINT('',(-0.402617556702,-3.493293323063E-02,
    1.821330309069E-02));
#3914 = CARTESIAN_POINT('',(-0.526576732963,-2.499974320948E-02,
    1.397988931038E-02));
#3915 = CARTESIAN_POINT('',(-0.624580534573,-1.758015202854E-02,
    9.260015573651E-03));
#3916 = CARTESIAN_POINT('',(-0.712476506696,-1.356332776153E-02,
    6.891390405574E-03));
#3917 = CARTESIAN_POINT('',(-0.790028640266,-1.197753975711E-02,
    6.611377830008E-03));
#3918 = CARTESIAN_POINT('',(-0.872701839491,-1.259169746134E-02,
    6.0738098032E-03));
#3919 = CARTESIAN_POINT('',(-0.945025744455,-1.173805202733E-02,
    5.94506357736E-03));
#3920 = CARTESIAN_POINT('',(-0.991548335241,-1.027149079488E-02,
    6.506876783247E-03));
#3921 = CARTESIAN_POINT('',(-1.0122,-1.13938218953E-02,
    5.725821077159E-03));
#3922 = DEFINITIONAL_REPRESENTATION('',(#3923),#3927);
#3923 = LINE('',#3924,#3925);
#3924 = CARTESIAN_POINT('',(32.,0.));
#3925 = VECTOR('',#3926,1.);
#3926 = DIRECTION('',(0.,1.));
#3927 = ( GEOMETRIC_REPRESENTATION_CONTEXT(2) 
PARAMETRIC_REPRESENTATION_CONTEXT() REPRESENTATION_CONTEXT('2D SPACE',''
  ) );
#3928 = ORIENTED_EDGE('',*,*,#3929,.F.);
#3929 = EDGE_CURVE('',#3736,#3855,#3930,.T.);
#3930 = SURFACE_CURVE('',#3931,(#3934,#3941),.PCURVE_S1.);
#3931 = B_SPLINE_CURVE_WITH_KNOTS('',1,(#3932,#3933),.UNSPECIFIED.,.F.,
  .F.,(2,2),(31.,32.),.PIECEWISE_BEZIER_KNOTS.);
#3932 = CARTESIAN_POINT('',(-1.0122,-1.064445521619E-02,
    7.857234338166E-03));
#3933 = CARTESIAN_POINT('',(-1.0122,-1.105548175731E-02,
    6.829961440958E-03));
#3934 = PCURVE('',#3766,#3935);
#3935 = DEFINITIONAL_REPRESENTATION('',(#3936),#3940);
#3936 = LINE('',#3937,#3938);
#3937 = CARTESIAN_POINT('',(0.,1.));
#3938 = VECTOR('',#3939,1.);
#3939 = DIRECTION('',(1.,0.));
#3940 = ( GEOMETRIC_REPRESENTATION_CONTEXT(2) 
PARAMETRIC_REPRESENTATION_CONTEXT() REPRESENTATION_CONTEXT('2D SPACE',''
  ) );
#3941 = PCURVE('',#176,#3942);
#3942 = DEFINITIONAL_REPRESENTATION('',(#3943),#3946);
#3943 = B_SPLINE_CURVE_WITH_KNOTS('',1,(#3944,#3945),.UNSPECIFIED.,.F.,
  .F.,(2,2),(31.,32.),.PIECEWISE_BEZIER_KNOTS.);
#3944 = CARTESIAN_POINT('',(2.45955201662E-02,8.673617379884E-19));
#3945 = CARTESIAN_POINT('',(2.456859803463E-02,1.106122787791E-03));
#3946 = ( GEOMETRIC_REPRESENTATION_CONTEXT(2) 
PARAMETRIC_REPRESENTATION_CONTEXT() REPRESENTATION_CONTEXT('2D SPACE',''
  ) );
#3947 = ORIENTED_EDGE('',*,*,#3735,.F.);
#3948 = ADVANCED_FACE('',(#3949),#3885,.F.);
#3949 = FACE_BOUND('',#3950,.F.);
#3950 = EDGE_LOOP('',(#3951,#3972,#4047,#4066));
#3951 = ORIENTED_EDGE('',*,*,#3952,.T.);
#3952 = EDGE_CURVE('',#3834,#3953,#3955,.T.);
#3953 = VERTEX_POINT('',#3954);
#3954 = CARTESIAN_POINT('',(0.5378,-7.595881263534E-03,
    3.271897758377E-03));
#3955 = SURFACE_CURVE('',#3956,(#3959,#3966),.PCURVE_S1.);
#3956 = B_SPLINE_CURVE_WITH_KNOTS('',1,(#3957,#3958),.UNSPECIFIED.,.F.,
  .F.,(2,2),(32.,33.),.PIECEWISE_BEZIER_KNOTS.);
#3957 = CARTESIAN_POINT('',(0.5378,-7.37032117154E-03,3.902835109119E-03
    ));
#3958 = CARTESIAN_POINT('',(0.5378,-7.595881263534E-03,
    3.271897758377E-03));
#3959 = PCURVE('',#3885,#3960);
#3960 = DEFINITIONAL_REPRESENTATION('',(#3961),#3965);
#3961 = LINE('',#3962,#3963);
#3962 = CARTESIAN_POINT('',(0.,0.));
#3963 = VECTOR('',#3964,1.);
#3964 = DIRECTION('',(1.,0.));
#3965 = ( GEOMETRIC_REPRESENTATION_CONTEXT(2) 
PARAMETRIC_REPRESENTATION_CONTEXT() REPRESENTATION_CONTEXT('2D SPACE',''
  ) );
#3966 = PCURVE('',#75,#3967);
#3967 = DEFINITIONAL_REPRESENTATION('',(#3968),#3971);
#3968 = B_SPLINE_CURVE_WITH_KNOTS('',1,(#3969,#3970),.UNSPECIFIED.,.F.,
  .F.,(2,2),(32.,33.),.PIECEWISE_BEZIER_KNOTS.);
#3969 = CARTESIAN_POINT('',(1.606560157365E-02,-1.366010774825E-03));
#3970 = CARTESIAN_POINT('',(1.614323381281E-02,-7.004790091629E-04));
#3971 = ( GEOMETRIC_REPRESENTATION_CONTEXT(2) 
PARAMETRIC_REPRESENTATION_CONTEXT() REPRESENTATION_CONTEXT('2D SPACE',''
  ) );
#3972 = ORIENTED_EDGE('',*,*,#3973,.T.);
#3973 = EDGE_CURVE('',#3953,#3974,#3976,.T.);
#3974 = VERTEX_POINT('',#3975);
#3975 = CARTESIAN_POINT('',(-1.0122,-1.13938218953E-02,
    5.725821077159E-03));
#3976 = SURFACE_CURVE('',#3977,(#3996,#4003),.PCURVE_S1.);
#3977 = ( BOUNDED_CURVE() B_SPLINE_CURVE(3,(#3978,#3979,#3980,#3981,
    #3982,#3983,#3984,#3985,#3986,#3987,#3988,#3989,#3990,#3991,#3992,
#3993,#3994,#3995),.UNSPECIFIED.,.F.,.F.) B_SPLINE_CURVE_WITH_KNOTS((4,1
    ,1,1,1,1,1,1,1,1,1,1,1,1,1,4),(0.,3.281818483209E-02,
    8.331472171401E-02,0.163169600212,0.282607356412,0.362210128519,
    0.441821211418,0.521490445595,0.611262750889,0.691167944743,
    0.761109091848,0.800978053181,0.860692828618,0.910445018305,
0.96019726339,1.),.UNSPECIFIED.) CURVE() GEOMETRIC_REPRESENTATION_ITEM()
 RATIONAL_B_SPLINE_CURVE((1.,1.,1.,1.,1.,1.,1.,1.,1.,1.,1.,1.,1.,1.,
    0.999999999999,1.000000000004,0.999999999993,1.)) 
REPRESENTATION_ITEM('') );
#3978 = CARTESIAN_POINT('',(0.5378,-7.595881263534E-03,
    3.271897758377E-03));
#3979 = CARTESIAN_POINT('',(0.523430650188,-1.630145401422E-02,
    7.691075380204E-03));
#3980 = CARTESIAN_POINT('',(0.483258792956,-2.987845830332E-02,
    1.434130765908E-02));
#3981 = CARTESIAN_POINT('',(0.398489817948,-3.928381505465E-02,
    1.902751494357E-02));
#3982 = CARTESIAN_POINT('',(0.269462582488,-4.651042856788E-02,
    2.37891810161E-02));
#3983 = CARTESIAN_POINT('',(0.124451460313,-4.813379361632E-02,
    2.439607652382E-02));
#3984 = CARTESIAN_POINT('',(-2.019705092663E-02,-4.998155966123E-02,
    2.52220053163E-02));
#3985 = CARTESIAN_POINT('',(-0.144245251992,-4.791462540562E-02,
    2.428689771351E-02));
#3986 = CARTESIAN_POINT('',(-0.273480101183,-4.300028213439E-02,
    2.23300707034E-02));
#3987 = CARTESIAN_POINT('',(-0.402617556702,-3.493293323063E-02,
    1.821330309069E-02));
#3988 = CARTESIAN_POINT('',(-0.526576732963,-2.499974320948E-02,
    1.397988931038E-02));
#3989 = CARTESIAN_POINT('',(-0.624580534573,-1.758015202854E-02,
    9.260015573651E-03));
#3990 = CARTESIAN_POINT('',(-0.712476506696,-1.356332776153E-02,
    6.891390405574E-03));
#3991 = CARTESIAN_POINT('',(-0.790028640266,-1.197753975711E-02,
    6.611377830008E-03));
#3992 = CARTESIAN_POINT('',(-0.872701839491,-1.259169746134E-02,
    6.0738098032E-03));
#3993 = CARTESIAN_POINT('',(-0.945025744455,-1.173805202733E-02,
    5.94506357736E-03));
#3994 = CARTESIAN_POINT('',(-0.991548335241,-1.027149079488E-02,
    6.506876783247E-03));
#3995 = CARTESIAN_POINT('',(-1.0122,-1.13938218953E-02,
    5.725821077159E-03));
#3996 = PCURVE('',#3885,#3997);
#3997 = DEFINITIONAL_REPRESENTATION('',(#3998),#4002);
#3998 = LINE('',#3999,#4000);
#3999 = CARTESIAN_POINT('',(33.,0.));
#4000 = VECTOR('',#4001,1.);
#4001 = DIRECTION('',(0.,1.));
#4002 = ( GEOMETRIC_REPRESENTATION_CONTEXT(2) 
PARAMETRIC_REPRESENTATION_CONTEXT() REPRESENTATION_CONTEXT('2D SPACE',''
  ) );
#4003 = PCURVE('',#4004,#4041);
#4004 = ( BOUNDED_SURFACE() B_SPLINE_SURFACE(1,3,(
    (#4005,#4006,#4007,#4008,#4009,#4010,#4011,#4012,#4013,#4014,#4015
      ,#4016,#4017,#4018,#4019,#4020,#4021,#4022)
    ,(#4023,#4024,#4025,#4026,#4027,#4028,#4029,#4030,#4031,#4032,#4033
      ,#4034,#4035,#4036,#4037,#4038,#4039,#4040
)),.UNSPECIFIED.,.F.,.F.,.F.) B_SPLINE_SURFACE_WITH_KNOTS((2,2),(4,1,1,1
    ,1,1,1,1,1,1,1,1,1,1,1,4),(33.,34.),(0.,3.281818483209E-02,
    8.331472171401E-02,0.163169600212,0.282607356412,0.362210128519,
    0.441821211418,0.521490445595,0.611262750889,0.691167944743,
    0.761109091848,0.800978053181,0.860692828618,0.910445018305,
0.96019726339,1.),.UNSPECIFIED.) GEOMETRIC_REPRESENTATION_ITEM() 
RATIONAL_B_SPLINE_SURFACE((
    (1.,1.,1.,1.,1.,1.,1.,1.,1.,1.,1.,1.,1.,1.,0.999999999999
      ,1.000000000004,0.999999999993,1.)
    ,(1.,1.,1.,1.,1.,1.,1.,1.,1.,1.,1.,1.,1.,1.,0.999999999999
,1.000000000004,0.999999999993,1.
  ))) REPRESENTATION_ITEM('') SURFACE() );
#4005 = CARTESIAN_POINT('',(0.5378,-7.595881263534E-03,
    3.271897758377E-03));
#4006 = CARTESIAN_POINT('',(0.523430650188,-1.630145401422E-02,
    7.691075380204E-03));
#4007 = CARTESIAN_POINT('',(0.483258792956,-2.987845830332E-02,
    1.434130765908E-02));
#4008 = CARTESIAN_POINT('',(0.398489817948,-3.928381505465E-02,
    1.902751494357E-02));
#4009 = CARTESIAN_POINT('',(0.269462582488,-4.651042856788E-02,
    2.37891810161E-02));
#4010 = CARTESIAN_POINT('',(0.124451460313,-4.813379361632E-02,
    2.439607652382E-02));
#4011 = CARTESIAN_POINT('',(-2.019705092663E-02,-4.998155966123E-02,
    2.52220053163E-02));
#4012 = CARTESIAN_POINT('',(-0.144245251992,-4.791462540562E-02,
    2.428689771351E-02));
#4013 = CARTESIAN_POINT('',(-0.273480101183,-4.300028213439E-02,
    2.23300707034E-02));
#4014 = CARTESIAN_POINT('',(-0.402617556702,-3.493293323063E-02,
    1.821330309069E-02));
#4015 = CARTESIAN_POINT('',(-0.526576732963,-2.499974320948E-02,
    1.397988931038E-02));
#4016 = CARTESIAN_POINT('',(-0.624580534573,-1.758015202854E-02,
    9.260015573651E-03));
#4017 = CARTESIAN_POINT('',(-0.712476506696,-1.356332776153E-02,
    6.891390405574E-03));
#4018 = CARTESIAN_POINT('',(-0.790028640266,-1.197753975711E-02,
    6.611377830008E-03));
#4019 = CARTESIAN_POINT('',(-0.872701839491,-1.259169746134E-02,
    6.0738098032E-03));
#4020 = CARTESIAN_POINT('',(-0.945025744455,-1.173805202733E-02,
    5.94506357736E-03));
#4021 = CARTESIAN_POINT('',(-0.991548335241,-1.027149079488E-02,
    6.506876783247E-03));
#4022 = CARTESIAN_POINT('',(-1.0122,-1.13938218953E-02,
    5.725821077159E-03));
#4023 = CARTESIAN_POINT('',(0.5378,-7.772185105986E-03,
    2.593702610453E-03));
#4024 = CARTESIAN_POINT('',(0.523430650188,-1.667981814085E-02,
    6.096878253535E-03));
#4025 = CARTESIAN_POINT('',(0.483258792956,-3.057195084522E-02,
    1.136865814875E-02));
#4026 = CARTESIAN_POINT('',(0.398489817948,-4.019561018414E-02,
    1.508351385774E-02));
#4027 = CARTESIAN_POINT('',(0.269462582488,-4.758995666818E-02,
    1.885818734526E-02));
#4028 = CARTESIAN_POINT('',(0.124451460313,-4.925100075423E-02,
    1.93392862606E-02));
#4029 = CARTESIAN_POINT('',(-2.019705092663E-02,-5.114165428544E-02,
    1.999401749711E-02));
#4030 = CARTESIAN_POINT('',(-0.144245251992,-4.902674555015E-02,
    1.925273790664E-02));
#4031 = CARTESIAN_POINT('',(-0.273480101183,-4.399833814708E-02,
    1.770151971489E-02));
#4032 = CARTESIAN_POINT('',(-0.402617556702,-3.574374242353E-02,
    1.443807088726E-02));
#4033 = CARTESIAN_POINT('',(-0.526576732963,-2.557999856566E-02,
    1.108215417347E-02));
#4034 = CARTESIAN_POINT('',(-0.624580534573,-1.79881953149E-02,
    7.340610355175E-03));
#4035 = CARTESIAN_POINT('',(-0.712476506696,-1.387813873841E-02,
    5.462951046935E-03));
#4036 = CARTESIAN_POINT('',(-0.790028640266,-1.225554387656E-02,
    5.240979151162E-03));
#4037 = CARTESIAN_POINT('',(-0.872701839491,-1.28839564592E-02,
    4.814837597422E-03));
#4038 = CARTESIAN_POINT('',(-0.945025744455,-1.201049752795E-02,
    4.712777738987E-03));
#4039 = CARTESIAN_POINT('',(-0.991548335241,-1.050989674611E-02,
    5.158138959377E-03));
#4040 = CARTESIAN_POINT('',(-1.0122,-1.165827765898E-02,
    4.538979568293E-03));
#4041 = DEFINITIONAL_REPRESENTATION('',(#4042),#4046);
#4042 = LINE('',#4043,#4044);
#4043 = CARTESIAN_POINT('',(33.,0.));
#4044 = VECTOR('',#4045,1.);
#4045 = DIRECTION('',(0.,1.));
#4046 = ( GEOMETRIC_REPRESENTATION_CONTEXT(2) 
PARAMETRIC_REPRESENTATION_CONTEXT() REPRESENTATION_CONTEXT('2D SPACE',''
  ) );
#4047 = ORIENTED_EDGE('',*,*,#4048,.F.);
#4048 = EDGE_CURVE('',#3855,#3974,#4049,.T.);
#4049 = SURFACE_CURVE('',#4050,(#4053,#4060),.PCURVE_S1.);
#4050 = B_SPLINE_CURVE_WITH_KNOTS('',1,(#4051,#4052),.UNSPECIFIED.,.F.,
  .F.,(2,2),(32.,33.),.PIECEWISE_BEZIER_KNOTS.);
#4051 = CARTESIAN_POINT('',(-1.0122,-1.105548175731E-02,
    6.829961440958E-03));
#4052 = CARTESIAN_POINT('',(-1.0122,-1.13938218953E-02,
    5.725821077159E-03));
#4053 = PCURVE('',#3885,#4054);
#4054 = DEFINITIONAL_REPRESENTATION('',(#4055),#4059);
#4055 = LINE('',#4056,#4057);
#4056 = CARTESIAN_POINT('',(0.,1.));
#4057 = VECTOR('',#4058,1.);
#4058 = DIRECTION('',(1.,0.));
#4059 = ( GEOMETRIC_REPRESENTATION_CONTEXT(2) 
PARAMETRIC_REPRESENTATION_CONTEXT() REPRESENTATION_CONTEXT('2D SPACE',''
  ) );
#4060 = PCURVE('',#176,#4061);
#4061 = DEFINITIONAL_REPRESENTATION('',(#4062),#4065);
#4062 = B_SPLINE_CURVE_WITH_KNOTS('',1,(#4063,#4064),.UNSPECIFIED.,.F.,
  .F.,(2,2),(32.,33.),.PIECEWISE_BEZIER_KNOTS.);
#4063 = CARTESIAN_POINT('',(2.456859803463E-02,1.106122787791E-03));
#4064 = CARTESIAN_POINT('',(2.444458498351E-02,2.25426073904E-03));
#4065 = ( GEOMETRIC_REPRESENTATION_CONTEXT(2) 
PARAMETRIC_REPRESENTATION_CONTEXT() REPRESENTATION_CONTEXT('2D SPACE',''
  ) );
#4066 = ORIENTED_EDGE('',*,*,#3854,.F.);
#4067 = ADVANCED_FACE('',(#4068),#4004,.F.);
#4068 = FACE_BOUND('',#4069,.F.);
#4069 = EDGE_LOOP('',(#4070,#4091,#4166,#4185));
#4070 = ORIENTED_EDGE('',*,*,#4071,.T.);
#4071 = EDGE_CURVE('',#3953,#4072,#4074,.T.);
#4072 = VERTEX_POINT('',#4073);
#4073 = CARTESIAN_POINT('',(0.5378,-7.772185105986E-03,
    2.593702610453E-03));
#4074 = SURFACE_CURVE('',#4075,(#4078,#4085),.PCURVE_S1.);
#4075 = B_SPLINE_CURVE_WITH_KNOTS('',1,(#4076,#4077),.UNSPECIFIED.,.F.,
  .F.,(2,2),(33.,34.),.PIECEWISE_BEZIER_KNOTS.);
#4076 = CARTESIAN_POINT('',(0.5378,-7.595881263534E-03,
    3.271897758377E-03));
#4077 = CARTESIAN_POINT('',(0.5378,-7.772185105986E-03,
    2.593702610453E-03));
#4078 = PCURVE('',#4004,#4079);
#4079 = DEFINITIONAL_REPRESENTATION('',(#4080),#4084);
#4080 = LINE('',#4081,#4082);
#4081 = CARTESIAN_POINT('',(0.,0.));
#4082 = VECTOR('',#4083,1.);
#4083 = DIRECTION('',(1.,0.));
#4084 = ( GEOMETRIC_REPRESENTATION_CONTEXT(2) 
PARAMETRIC_REPRESENTATION_CONTEXT() REPRESENTATION_CONTEXT('2D SPACE',''
  ) );
#4085 = PCURVE('',#75,#4086);
#4086 = DEFINITIONAL_REPRESENTATION('',(#4087),#4090);
#4087 = B_SPLINE_CURVE_WITH_KNOTS('',1,(#4088,#4089),.UNSPECIFIED.,.F.,
  .F.,(2,2),(33.,34.),.PIECEWISE_BEZIER_KNOTS.);
#4088 = CARTESIAN_POINT('',(1.614323381281E-02,-7.004790091629E-04));
#4089 = CARTESIAN_POINT('',(1.616223016122E-02,-2.168404344971E-19));
#4090 = ( GEOMETRIC_REPRESENTATION_CONTEXT(2) 
PARAMETRIC_REPRESENTATION_CONTEXT() REPRESENTATION_CONTEXT('2D SPACE',''
  ) );
#4091 = ORIENTED_EDGE('',*,*,#4092,.T.);
#4092 = EDGE_CURVE('',#4072,#4093,#4095,.T.);
#4093 = VERTEX_POINT('',#4094);
#4094 = CARTESIAN_POINT('',(-1.0122,-1.165827765898E-02,
    4.538979568293E-03));
#4095 = SURFACE_CURVE('',#4096,(#4115,#4122),.PCURVE_S1.);
#4096 = ( BOUNDED_CURVE() B_SPLINE_CURVE(3,(#4097,#4098,#4099,#4100,
    #4101,#4102,#4103,#4104,#4105,#4106,#4107,#4108,#4109,#4110,#4111,
#4112,#4113,#4114),.UNSPECIFIED.,.F.,.F.) B_SPLINE_CURVE_WITH_KNOTS((4,1
    ,1,1,1,1,1,1,1,1,1,1,1,1,1,4),(0.,3.281818483209E-02,
    8.331472171401E-02,0.163169600212,0.282607356412,0.362210128519,
    0.441821211418,0.521490445595,0.611262750889,0.691167944743,
    0.761109091848,0.800978053181,0.860692828618,0.910445018305,
0.96019726339,1.),.UNSPECIFIED.) CURVE() GEOMETRIC_REPRESENTATION_ITEM()
 RATIONAL_B_SPLINE_CURVE((1.,1.,1.,1.,1.,1.,1.,1.,1.,1.,1.,1.,1.,1.,
    0.999999999999,1.000000000004,0.999999999993,1.)) 
REPRESENTATION_ITEM('') );
#4097 = CARTESIAN_POINT('',(0.5378,-7.772185105986E-03,
    2.593702610453E-03));
#4098 = CARTESIAN_POINT('',(0.523430650188,-1.667981814085E-02,
    6.096878253535E-03));
#4099 = CARTESIAN_POINT('',(0.483258792956,-3.057195084522E-02,
    1.136865814875E-02));
#4100 = CARTESIAN_POINT('',(0.398489817948,-4.019561018414E-02,
    1.508351385774E-02));
#4101 = CARTESIAN_POINT('',(0.269462582488,-4.758995666818E-02,
    1.885818734526E-02));
#4102 = CARTESIAN_POINT('',(0.124451460313,-4.925100075423E-02,
    1.93392862606E-02));
#4103 = CARTESIAN_POINT('',(-2.019705092663E-02,-5.114165428544E-02,
    1.999401749711E-02));
#4104 = CARTESIAN_POINT('',(-0.144245251992,-4.902674555015E-02,
    1.925273790664E-02));
#4105 = CARTESIAN_POINT('',(-0.273480101183,-4.399833814708E-02,
    1.770151971489E-02));
#4106 = CARTESIAN_POINT('',(-0.402617556702,-3.574374242353E-02,
    1.443807088726E-02));
#4107 = CARTESIAN_POINT('',(-0.526576732963,-2.557999856566E-02,
    1.108215417347E-02));
#4108 = CARTESIAN_POINT('',(-0.624580534573,-1.79881953149E-02,
    7.340610355175E-03));
#4109 = CARTESIAN_POINT('',(-0.712476506696,-1.387813873841E-02,
    5.462951046935E-03));
#4110 = CARTESIAN_POINT('',(-0.790028640266,-1.225554387656E-02,
    5.240979151162E-03));
#4111 = CARTESIAN_POINT('',(-0.872701839491,-1.28839564592E-02,
    4.814837597422E-03));
#4112 = CARTESIAN_POINT('',(-0.945025744455,-1.201049752795E-02,
    4.712777738987E-03));
#4113 = CARTESIAN_POINT('',(-0.991548335241,-1.050989674611E-02,
    5.158138959377E-03));
#4114 = CARTESIAN_POINT('',(-1.0122,-1.165827765898E-02,
    4.538979568293E-03));
#4115 = PCURVE('',#4004,#4116);
#4116 = DEFINITIONAL_REPRESENTATION('',(#4117),#4121);
#4117 = LINE('',#4118,#4119);
#4118 = CARTESIAN_POINT('',(34.,0.));
#4119 = VECTOR('',#4120,1.);
#4120 = DIRECTION('',(0.,1.));
#4121 = ( GEOMETRIC_REPRESENTATION_CONTEXT(2) 
PARAMETRIC_REPRESENTATION_CONTEXT() REPRESENTATION_CONTEXT('2D SPACE',''
  ) );
#4122 = PCURVE('',#4123,#4160);
#4123 = ( BOUNDED_SURFACE() B_SPLINE_SURFACE(1,3,(
    (#4124,#4125,#4126,#4127,#4128,#4129,#4130,#4131,#4132,#4133,#4134
      ,#4135,#4136,#4137,#4138,#4139,#4140,#4141)
    ,(#4142,#4143,#4144,#4145,#4146,#4147,#4148,#4149,#4150,#4151,#4152
      ,#4153,#4154,#4155,#4156,#4157,#4158,#4159
)),.UNSPECIFIED.,.F.,.F.,.F.) B_SPLINE_SURFACE_WITH_KNOTS((2,2),(4,1,1,1
    ,1,1,1,1,1,1,1,1,1,1,1,4),(34.,35.),(0.,3.281818483209E-02,
    8.331472171401E-02,0.163169600212,0.282607356412,0.362210128519,
    0.441821211418,0.521490445595,0.611262750889,0.691167944743,
    0.761109091848,0.800978053181,0.860692828618,0.910445018305,
0.96019726339,1.),.UNSPECIFIED.) GEOMETRIC_REPRESENTATION_ITEM() 
RATIONAL_B_SPLINE_SURFACE((
    (1.,1.,1.,1.,1.,1.,1.,1.,1.,1.,1.,1.,1.,1.,0.999999999999
      ,1.000000000004,0.999999999993,1.)
    ,(1.,1.,1.,1.,1.,1.,1.,1.,1.,1.,1.,1.,1.,1.,0.999999999999
,1.000000000004,0.999999999993,1.
  ))) REPRESENTATION_ITEM('') SURFACE() );
#4124 = CARTESIAN_POINT('',(0.5378,-7.772185105986E-03,
    2.593702610453E-03));
#4125 = CARTESIAN_POINT('',(0.523430650188,-1.667981814085E-02,
    6.096878253535E-03));
#4126 = CARTESIAN_POINT('',(0.483258792956,-3.057195084522E-02,
    1.136865814875E-02));
#4127 = CARTESIAN_POINT('',(0.398489817948,-4.019561018414E-02,
    1.508351385774E-02));
#4128 = CARTESIAN_POINT('',(0.269462582488,-4.758995666818E-02,
    1.885818734526E-02));
#4129 = CARTESIAN_POINT('',(0.124451460313,-4.925100075423E-02,
    1.93392862606E-02));
#4130 = CARTESIAN_POINT('',(-2.019705092663E-02,-5.114165428544E-02,
    1.999401749711E-02));
#4131 = CARTESIAN_POINT('',(-0.144245251992,-4.902674555015E-02,
    1.925273790664E-02));
#4132 = CARTESIAN_POINT('',(-0.273480101183,-4.399833814708E-02,
    1.770151971489E-02));
#4133 = CARTESIAN_POINT('',(-0.402617556702,-3.574374242353E-02,
    1.443807088726E-02));
#4134 = CARTESIAN_POINT('',(-0.526576732963,-2.557999856566E-02,
    1.108215417347E-02));
#4135 = CARTESIAN_POINT('',(-0.624580534573,-1.79881953149E-02,
    7.340610355175E-03));
#4136 = CARTESIAN_POINT('',(-0.712476506696,-1.387813873841E-02,
    5.462951046935E-03));
#4137 = CARTESIAN_POINT('',(-0.790028640266,-1.225554387656E-02,
    5.240979151162E-03));
#4138 = CARTESIAN_POINT('',(-0.872701839491,-1.28839564592E-02,
    4.814837597422E-03));
#4139 = CARTESIAN_POINT('',(-0.945025744455,-1.201049752795E-02,
    4.712777738987E-03));
#4140 = CARTESIAN_POINT('',(-0.991548335241,-1.050989674611E-02,
    5.158138959377E-03));
#4141 = CARTESIAN_POINT('',(-1.0122,-1.165827765898E-02,
    4.538979568293E-03));
#4142 = CARTESIAN_POINT('',(0.5378,-7.898589364907E-03,
    1.859866814215E-03));
#4143 = CARTESIAN_POINT('',(0.523430650188,-1.695109320985E-02,
    4.371889625415E-03));
#4144 = CARTESIAN_POINT('',(0.483258792956,-3.106916298541E-02,
    8.152125817282E-03));
#4145 = CARTESIAN_POINT('',(0.398489817948,-4.08493383504E-02,
    1.081593809279E-02));
#4146 = CARTESIAN_POINT('',(0.269462582488,-4.836394405047E-02,
    1.35226439139E-02));
#4147 = CARTESIAN_POINT('',(0.124451460313,-5.005200281048E-02,
    1.386762560277E-02));
#4148 = CARTESIAN_POINT('',(-2.019705092663E-02,-5.197340530808E-02,
    1.433711385255E-02));
#4149 = CARTESIAN_POINT('',(-0.144245251992,-4.982410039362E-02,
    1.380556435847E-02));
#4150 = CARTESIAN_POINT('',(-0.273480101183,-4.471391262858E-02,
    1.269323204065E-02));
#4151 = CARTESIAN_POINT('',(-0.402617556702,-3.632506687869E-02,
    1.035311018167E-02));
#4152 = CARTESIAN_POINT('',(-0.526576732963,-2.599602323798E-02,
    7.946682358338E-03));
#4153 = CARTESIAN_POINT('',(-0.624580534573,-1.828074939938E-02,
    5.263732835312E-03));
#4154 = CARTESIAN_POINT('',(-0.712476506696,-1.410384821631E-02,
    3.917319325249E-03));
#4155 = CARTESIAN_POINT('',(-0.790028640266,-1.245486400603E-02,
    3.758149896584E-03));
#4156 = CARTESIAN_POINT('',(-0.872701839491,-1.309349688386E-02,
    3.452576493226E-03));
#4157 = CARTESIAN_POINT('',(-0.945025744455,-1.220583230452E-02,
    3.379392411541E-03));
#4158 = CARTESIAN_POINT('',(-0.991548335241,-1.068082624512E-02,
    3.698747664793E-03));
#4159 = CARTESIAN_POINT('',(-1.0122,-1.184788404736E-02,
    3.254766924877E-03));
#4160 = DEFINITIONAL_REPRESENTATION('',(#4161),#4165);
#4161 = LINE('',#4162,#4163);
#4162 = CARTESIAN_POINT('',(34.,0.));
#4163 = VECTOR('',#4164,1.);
#4164 = DIRECTION('',(0.,1.));
#4165 = ( GEOMETRIC_REPRESENTATION_CONTEXT(2) 
PARAMETRIC_REPRESENTATION_CONTEXT() REPRESENTATION_CONTEXT('2D SPACE',''
  ) );
#4166 = ORIENTED_EDGE('',*,*,#4167,.F.);
#4167 = EDGE_CURVE('',#3974,#4093,#4168,.T.);
#4168 = SURFACE_CURVE('',#4169,(#4172,#4179),.PCURVE_S1.);
#4169 = B_SPLINE_CURVE_WITH_KNOTS('',1,(#4170,#4171),.UNSPECIFIED.,.F.,
  .F.,(2,2),(33.,34.),.PIECEWISE_BEZIER_KNOTS.);
#4170 = CARTESIAN_POINT('',(-1.0122,-1.13938218953E-02,
    5.725821077159E-03));
#4171 = CARTESIAN_POINT('',(-1.0122,-1.165827765898E-02,
    4.538979568293E-03));
#4172 = PCURVE('',#4004,#4173);
#4173 = DEFINITIONAL_REPRESENTATION('',(#4174),#4178);
#4174 = LINE('',#4175,#4176);
#4175 = CARTESIAN_POINT('',(0.,1.));
#4176 = VECTOR('',#4177,1.);
#4177 = DIRECTION('',(1.,0.));
#4178 = ( GEOMETRIC_REPRESENTATION_CONTEXT(2) 
PARAMETRIC_REPRESENTATION_CONTEXT() REPRESENTATION_CONTEXT('2D SPACE',''
  ) );
#4179 = PCURVE('',#176,#4180);
#4180 = DEFINITIONAL_REPRESENTATION('',(#4181),#4184);
#4181 = B_SPLINE_CURVE_WITH_KNOTS('',1,(#4182,#4183),.UNSPECIFIED.,.F.,
  .F.,(2,2),(33.,34.),.PIECEWISE_BEZIER_KNOTS.);
#4182 = CARTESIAN_POINT('',(2.444458498351E-02,2.25426073904E-03));
#4183 = CARTESIAN_POINT('',(2.422008167287E-02,3.44930378497E-03));
#4184 = ( GEOMETRIC_REPRESENTATION_CONTEXT(2) 
PARAMETRIC_REPRESENTATION_CONTEXT() REPRESENTATION_CONTEXT('2D SPACE',''
  ) );
#4185 = ORIENTED_EDGE('',*,*,#3973,.F.);
#4186 = ADVANCED_FACE('',(#4187),#4123,.F.);
#4187 = FACE_BOUND('',#4188,.F.);
#4188 = EDGE_LOOP('',(#4189,#4210,#4285,#4304));
#4189 = ORIENTED_EDGE('',*,*,#4190,.T.);
#4190 = EDGE_CURVE('',#4072,#4191,#4193,.T.);
#4191 = VERTEX_POINT('',#4192);
#4192 = CARTESIAN_POINT('',(0.5378,-7.898589364907E-03,
    1.859866814215E-03));
#4193 = SURFACE_CURVE('',#4194,(#4197,#4204),.PCURVE_S1.);
#4194 = B_SPLINE_CURVE_WITH_KNOTS('',1,(#4195,#4196),.UNSPECIFIED.,.F.,
  .F.,(2,2),(34.,35.),.PIECEWISE_BEZIER_KNOTS.);
#4195 = CARTESIAN_POINT('',(0.5378,-7.772185105986E-03,
    2.593702610453E-03));
#4196 = CARTESIAN_POINT('',(0.5378,-7.898589364907E-03,
    1.859866814215E-03));
#4197 = PCURVE('',#4123,#4198);
#4198 = DEFINITIONAL_REPRESENTATION('',(#4199),#4203);
#4199 = LINE('',#4200,#4201);
#4200 = CARTESIAN_POINT('',(0.,0.));
#4201 = VECTOR('',#4202,1.);
#4202 = DIRECTION('',(1.,0.));
#4203 = ( GEOMETRIC_REPRESENTATION_CONTEXT(2) 
PARAMETRIC_REPRESENTATION_CONTEXT() REPRESENTATION_CONTEXT('2D SPACE',''
  ) );
#4204 = PCURVE('',#75,#4205);
#4205 = DEFINITIONAL_REPRESENTATION('',(#4206),#4209);
#4206 = B_SPLINE_CURVE_WITH_KNOTS('',1,(#4207,#4208),.UNSPECIFIED.,.F.,
  .F.,(2,2),(34.,35.),.PIECEWISE_BEZIER_KNOTS.);
#4207 = CARTESIAN_POINT('',(1.616223016122E-02,-2.168404344971E-19));
#4208 = CARTESIAN_POINT('',(1.612007542947E-02,7.434487145085E-04));
#4209 = ( GEOMETRIC_REPRESENTATION_CONTEXT(2) 
PARAMETRIC_REPRESENTATION_CONTEXT() REPRESENTATION_CONTEXT('2D SPACE',''
  ) );
#4210 = ORIENTED_EDGE('',*,*,#4211,.T.);
#4211 = EDGE_CURVE('',#4191,#4212,#4214,.T.);
#4212 = VERTEX_POINT('',#4213);
#4213 = CARTESIAN_POINT('',(-1.0122,-1.184788404736E-02,
    3.254766924877E-03));
#4214 = SURFACE_CURVE('',#4215,(#4234,#4241),.PCURVE_S1.);
#4215 = ( BOUNDED_CURVE() B_SPLINE_CURVE(3,(#4216,#4217,#4218,#4219,
    #4220,#4221,#4222,#4223,#4224,#4225,#4226,#4227,#4228,#4229,#4230,
#4231,#4232,#4233),.UNSPECIFIED.,.F.,.F.) B_SPLINE_CURVE_WITH_KNOTS((4,1
    ,1,1,1,1,1,1,1,1,1,1,1,1,1,4),(0.,3.281818483209E-02,
    8.331472171401E-02,0.163169600212,0.282607356412,0.362210128519,
    0.441821211418,0.521490445595,0.611262750889,0.691167944743,
    0.761109091848,0.800978053181,0.860692828618,0.910445018305,
0.96019726339,1.),.UNSPECIFIED.) CURVE() GEOMETRIC_REPRESENTATION_ITEM()
 RATIONAL_B_SPLINE_CURVE((1.,1.,1.,1.,1.,1.,1.,1.,1.,1.,1.,1.,1.,1.,
    0.999999999999,1.000000000004,0.999999999993,1.)) 
REPRESENTATION_ITEM('') );
#4216 = CARTESIAN_POINT('',(0.5378,-7.898589364907E-03,
    1.859866814215E-03));
#4217 = CARTESIAN_POINT('',(0.523430650188,-1.695109320985E-02,
    4.371889625415E-03));
#4218 = CARTESIAN_POINT('',(0.483258792956,-3.106916298541E-02,
    8.152125817282E-03));
#4219 = CARTESIAN_POINT('',(0.398489817948,-4.08493383504E-02,
    1.081593809279E-02));
#4220 = CARTESIAN_POINT('',(0.269462582488,-4.836394405047E-02,
    1.35226439139E-02));
#4221 = CARTESIAN_POINT('',(0.124451460313,-5.005200281048E-02,
    1.386762560277E-02));
#4222 = CARTESIAN_POINT('',(-2.019705092663E-02,-5.197340530808E-02,
    1.433711385255E-02));
#4223 = CARTESIAN_POINT('',(-0.144245251992,-4.982410039362E-02,
    1.380556435847E-02));
#4224 = CARTESIAN_POINT('',(-0.273480101183,-4.471391262858E-02,
    1.269323204065E-02));
#4225 = CARTESIAN_POINT('',(-0.402617556702,-3.632506687869E-02,
    1.035311018167E-02));
#4226 = CARTESIAN_POINT('',(-0.526576732963,-2.599602323798E-02,
    7.946682358338E-03));
#4227 = CARTESIAN_POINT('',(-0.624580534573,-1.828074939938E-02,
    5.263732835312E-03));
#4228 = CARTESIAN_POINT('',(-0.712476506696,-1.410384821631E-02,
    3.917319325249E-03));
#4229 = CARTESIAN_POINT('',(-0.790028640266,-1.245486400603E-02,
    3.758149896584E-03));
#4230 = CARTESIAN_POINT('',(-0.872701839491,-1.309349688386E-02,
    3.452576493226E-03));
#4231 = CARTESIAN_POINT('',(-0.945025744455,-1.220583230452E-02,
    3.379392411541E-03));
#4232 = CARTESIAN_POINT('',(-0.991548335241,-1.068082624512E-02,
    3.698747664793E-03));
#4233 = CARTESIAN_POINT('',(-1.0122,-1.184788404736E-02,
    3.254766924877E-03));
#4234 = PCURVE('',#4123,#4235);
#4235 = DEFINITIONAL_REPRESENTATION('',(#4236),#4240);
#4236 = LINE('',#4237,#4238);
#4237 = CARTESIAN_POINT('',(35.,0.));
#4238 = VECTOR('',#4239,1.);
#4239 = DIRECTION('',(0.,1.));
#4240 = ( GEOMETRIC_REPRESENTATION_CONTEXT(2) 
PARAMETRIC_REPRESENTATION_CONTEXT() REPRESENTATION_CONTEXT('2D SPACE',''
  ) );
#4241 = PCURVE('',#4242,#4279);
#4242 = ( BOUNDED_SURFACE() B_SPLINE_SURFACE(1,3,(
    (#4243,#4244,#4245,#4246,#4247,#4248,#4249,#4250,#4251,#4252,#4253
      ,#4254,#4255,#4256,#4257,#4258,#4259,#4260)
    ,(#4261,#4262,#4263,#4264,#4265,#4266,#4267,#4268,#4269,#4270,#4271
      ,#4272,#4273,#4274,#4275,#4276,#4277,#4278
)),.UNSPECIFIED.,.F.,.F.,.F.) B_SPLINE_SURFACE_WITH_KNOTS((2,2),(4,1,1,1
    ,1,1,1,1,1,1,1,1,1,1,1,4),(35.,36.),(0.,3.281818483209E-02,
    8.331472171401E-02,0.163169600212,0.282607356412,0.362210128519,
    0.441821211418,0.521490445595,0.611262750889,0.691167944743,
    0.761109091848,0.800978053181,0.860692828618,0.910445018305,
0.96019726339,1.),.UNSPECIFIED.) GEOMETRIC_REPRESENTATION_ITEM() 
RATIONAL_B_SPLINE_SURFACE((
    (1.,1.,1.,1.,1.,1.,1.,1.,1.,1.,1.,1.,1.,1.,0.999999999999
      ,1.000000000004,0.999999999993,1.)
    ,(1.,1.,1.,1.,1.,1.,1.,1.,1.,1.,1.,1.,1.,1.,0.999999999999
,1.000000000004,0.999999999993,1.
  ))) REPRESENTATION_ITEM('') SURFACE() );
#4243 = CARTESIAN_POINT('',(0.5378,-7.898589364907E-03,
    1.859866814215E-03));
#4244 = CARTESIAN_POINT('',(0.523430650188,-1.695109320985E-02,
    4.371889625415E-03));
#4245 = CARTESIAN_POINT('',(0.483258792956,-3.106916298541E-02,
    8.152125817282E-03));
#4246 = CARTESIAN_POINT('',(0.398489817948,-4.08493383504E-02,
    1.081593809279E-02));
#4247 = CARTESIAN_POINT('',(0.269462582488,-4.836394405047E-02,
    1.35226439139E-02));
#4248 = CARTESIAN_POINT('',(0.124451460313,-5.005200281048E-02,
    1.386762560277E-02));
#4249 = CARTESIAN_POINT('',(-2.019705092663E-02,-5.197340530808E-02,
    1.433711385255E-02));
#4250 = CARTESIAN_POINT('',(-0.144245251992,-4.982410039362E-02,
    1.380556435847E-02));
#4251 = CARTESIAN_POINT('',(-0.273480101183,-4.471391262858E-02,
    1.269323204065E-02));
#4252 = CARTESIAN_POINT('',(-0.402617556702,-3.632506687869E-02,
    1.035311018167E-02));
#4253 = CARTESIAN_POINT('',(-0.526576732963,-2.599602323798E-02,
    7.946682358338E-03));
#4254 = CARTESIAN_POINT('',(-0.624580534573,-1.828074939938E-02,
    5.263732835312E-03));
#4255 = CARTESIAN_POINT('',(-0.712476506696,-1.410384821631E-02,
    3.917319325249E-03));
#4256 = CARTESIAN_POINT('',(-0.790028640266,-1.245486400603E-02,
    3.758149896584E-03));
#4257 = CARTESIAN_POINT('',(-0.872701839491,-1.309349688386E-02,
    3.452576493226E-03));
#4258 = CARTESIAN_POINT('',(-0.945025744455,-1.220583230452E-02,
    3.379392411541E-03));
#4259 = CARTESIAN_POINT('',(-0.991548335241,-1.068082624512E-02,
    3.698747664793E-03));
#4260 = CARTESIAN_POINT('',(-1.0122,-1.184788404736E-02,
    3.254766924877E-03));
#4261 = CARTESIAN_POINT('',(0.5378,-7.974623264059E-03,
    1.047136570464E-03));
#4262 = CARTESIAN_POINT('',(0.523430650188,-1.711426889251E-02,
    2.461448031559E-03));
#4263 = CARTESIAN_POINT('',(0.483258792956,-3.136824292183E-02,
    4.589785142165E-03));
#4264 = CARTESIAN_POINT('',(0.398489817948,-4.124256482783E-02,
    6.089556646888E-03));
#4265 = CARTESIAN_POINT('',(0.269462582488,-4.882950809926E-02,
    7.613477945503E-03));
#4266 = CARTESIAN_POINT('',(0.124451460313,-5.053381655699E-02,
    7.807708489217E-03));
#4267 = CARTESIAN_POINT('',(-2.019705092663E-02,-5.24737149805E-02,
    8.072038339069E-03));
#4268 = CARTESIAN_POINT('',(-0.144245251992,-5.030372029151E-02,
    7.77276695576E-03));
#4269 = CARTESIAN_POINT('',(-0.273480101183,-4.514434051467E-02,
    7.146504989256E-03));
#4270 = CARTESIAN_POINT('',(-0.402617556702,-3.66747415287E-02,
    5.828976680698E-03));
#4271 = CARTESIAN_POINT('',(-0.526576732963,-2.624626779659E-02,
    4.474116989278E-03));
#4272 = CARTESIAN_POINT('',(-0.624580534573,-1.845672470232E-02,
    2.963570889527E-03));
#4273 = CARTESIAN_POINT('',(-0.712476506696,-1.423961556962E-02,
    2.205517240429E-03));
#4274 = CARTESIAN_POINT('',(-0.790028640266,-1.257475780353E-02,
    2.115902151655E-03));
#4275 = CARTESIAN_POINT('',(-0.872701839491,-1.321953832942E-02,
    1.943859141297E-03));
#4276 = CARTESIAN_POINT('',(-0.945025744455,-1.232332885742E-02,
    1.902655261621E-03));
#4277 = CARTESIAN_POINT('',(-0.991548335241,-1.078364268827E-02,
    2.082457687441E-03));
#4278 = CARTESIAN_POINT('',(-1.0122,-1.196193489609E-02,
    1.832488998312E-03));
#4279 = DEFINITIONAL_REPRESENTATION('',(#4280),#4284);
#4280 = LINE('',#4281,#4282);
#4281 = CARTESIAN_POINT('',(35.,0.));
#4282 = VECTOR('',#4283,1.);
#4283 = DIRECTION('',(0.,1.));
#4284 = ( GEOMETRIC_REPRESENTATION_CONTEXT(2) 
PARAMETRIC_REPRESENTATION_CONTEXT() REPRESENTATION_CONTEXT('2D SPACE',''
  ) );
#4285 = ORIENTED_EDGE('',*,*,#4286,.F.);
#4286 = EDGE_CURVE('',#4093,#4212,#4287,.T.);
#4287 = SURFACE_CURVE('',#4288,(#4291,#4298),.PCURVE_S1.);
#4288 = B_SPLINE_CURVE_WITH_KNOTS('',1,(#4289,#4290),.UNSPECIFIED.,.F.,
  .F.,(2,2),(34.,35.),.PIECEWISE_BEZIER_KNOTS.);
#4289 = CARTESIAN_POINT('',(-1.0122,-1.165827765898E-02,
    4.538979568293E-03));
#4290 = CARTESIAN_POINT('',(-1.0122,-1.184788404736E-02,
    3.254766924877E-03));
#4291 = PCURVE('',#4123,#4292);
#4292 = DEFINITIONAL_REPRESENTATION('',(#4293),#4297);
#4293 = LINE('',#4294,#4295);
#4294 = CARTESIAN_POINT('',(0.,1.));
#4295 = VECTOR('',#4296,1.);
#4296 = DIRECTION('',(1.,0.));
#4297 = ( GEOMETRIC_REPRESENTATION_CONTEXT(2) 
PARAMETRIC_REPRESENTATION_CONTEXT() REPRESENTATION_CONTEXT('2D SPACE',''
  ) );
#4298 = PCURVE('',#176,#4299);
#4299 = DEFINITIONAL_REPRESENTATION('',(#4300),#4303);
#4300 = B_SPLINE_CURVE_WITH_KNOTS('',1,(#4301,#4302),.UNSPECIFIED.,.F.,
  .F.,(2,2),(34.,35.),.PIECEWISE_BEZIER_KNOTS.);
#4301 = CARTESIAN_POINT('',(2.422008167287E-02,3.44930378497E-03));
#4302 = CARTESIAN_POINT('',(2.38884217128E-02,4.704355324512E-03));
#4303 = ( GEOMETRIC_REPRESENTATION_CONTEXT(2) 
PARAMETRIC_REPRESENTATION_CONTEXT() REPRESENTATION_CONTEXT('2D SPACE',''
  ) );
#4304 = ORIENTED_EDGE('',*,*,#4092,.F.);
#4305 = ADVANCED_FACE('',(#4306),#4242,.F.);
#4306 = FACE_BOUND('',#4307,.F.);
#4307 = EDGE_LOOP('',(#4308,#4329,#4404,#4423));
#4308 = ORIENTED_EDGE('',*,*,#4309,.T.);
#4309 = EDGE_CURVE('',#4191,#4310,#4312,.T.);
#4310 = VERTEX_POINT('',#4311);
#4311 = CARTESIAN_POINT('',(0.5378,-7.974623264059E-03,
    1.047136570464E-03));
#4312 = SURFACE_CURVE('',#4313,(#4316,#4323),.PCURVE_S1.);
#4313 = B_SPLINE_CURVE_WITH_KNOTS('',1,(#4314,#4315),.UNSPECIFIED.,.F.,
  .F.,(2,2),(35.,36.),.PIECEWISE_BEZIER_KNOTS.);
#4314 = CARTESIAN_POINT('',(0.5378,-7.898589364907E-03,
    1.859866814215E-03));
#4315 = CARTESIAN_POINT('',(0.5378,-7.974623264059E-03,
    1.047136570464E-03));
#4316 = PCURVE('',#4242,#4317);
#4317 = DEFINITIONAL_REPRESENTATION('',(#4318),#4322);
#4318 = LINE('',#4319,#4320);
#4319 = CARTESIAN_POINT('',(0.,0.));
#4320 = VECTOR('',#4321,1.);
#4321 = DIRECTION('',(1.,0.));
#4322 = ( GEOMETRIC_REPRESENTATION_CONTEXT(2) 
PARAMETRIC_REPRESENTATION_CONTEXT() REPRESENTATION_CONTEXT('2D SPACE',''
  ) );
#4323 = PCURVE('',#75,#4324);
#4324 = DEFINITIONAL_REPRESENTATION('',(#4325),#4328);
#4325 = B_SPLINE_CURVE_WITH_KNOTS('',1,(#4326,#4327),.UNSPECIFIED.,.F.,
  .F.,(2,2),(35.,36.),.PIECEWISE_BEZIER_KNOTS.);
#4326 = CARTESIAN_POINT('',(1.612007542947E-02,7.434487145085E-04));
#4327 = CARTESIAN_POINT('',(1.601107259646E-02,1.552417184428E-03));
#4328 = ( GEOMETRIC_REPRESENTATION_CONTEXT(2) 
PARAMETRIC_REPRESENTATION_CONTEXT() REPRESENTATION_CONTEXT('2D SPACE',''
  ) );
#4329 = ORIENTED_EDGE('',*,*,#4330,.T.);
#4330 = EDGE_CURVE('',#4310,#4331,#4333,.T.);
#4331 = VERTEX_POINT('',#4332);
#4332 = CARTESIAN_POINT('',(-1.0122,-1.196193489609E-02,
    1.832488998312E-03));
#4333 = SURFACE_CURVE('',#4334,(#4353,#4360),.PCURVE_S1.);
#4334 = ( BOUNDED_CURVE() B_SPLINE_CURVE(3,(#4335,#4336,#4337,#4338,
    #4339,#4340,#4341,#4342,#4343,#4344,#4345,#4346,#4347,#4348,#4349,
#4350,#4351,#4352),.UNSPECIFIED.,.F.,.F.) B_SPLINE_CURVE_WITH_KNOTS((4,1
    ,1,1,1,1,1,1,1,1,1,1,1,1,1,4),(0.,3.281818483209E-02,
    8.331472171401E-02,0.163169600212,0.282607356412,0.362210128519,
    0.441821211418,0.521490445595,0.611262750889,0.691167944743,
    0.761109091848,0.800978053181,0.860692828618,0.910445018305,
0.96019726339,1.),.UNSPECIFIED.) CURVE() GEOMETRIC_REPRESENTATION_ITEM()
 RATIONAL_B_SPLINE_CURVE((1.,1.,1.,1.,1.,1.,1.,1.,1.,1.,1.,1.,1.,1.,
    0.999999999999,1.000000000004,0.999999999993,1.)) 
REPRESENTATION_ITEM('') );
#4335 = CARTESIAN_POINT('',(0.5378,-7.974623264059E-03,
    1.047136570464E-03));
#4336 = CARTESIAN_POINT('',(0.523430650188,-1.711426889251E-02,
    2.461448031559E-03));
#4337 = CARTESIAN_POINT('',(0.483258792956,-3.136824292183E-02,
    4.589785142165E-03));
#4338 = CARTESIAN_POINT('',(0.398489817948,-4.124256482783E-02,
    6.089556646888E-03));
#4339 = CARTESIAN_POINT('',(0.269462582488,-4.882950809926E-02,
    7.613477945503E-03));
#4340 = CARTESIAN_POINT('',(0.124451460313,-5.053381655699E-02,
    7.807708489217E-03));
#4341 = CARTESIAN_POINT('',(-2.019705092663E-02,-5.24737149805E-02,
    8.072038339069E-03));
#4342 = CARTESIAN_POINT('',(-0.144245251992,-5.030372029151E-02,
    7.77276695576E-03));
#4343 = CARTESIAN_POINT('',(-0.273480101183,-4.514434051467E-02,
    7.146504989256E-03));
#4344 = CARTESIAN_POINT('',(-0.402617556702,-3.66747415287E-02,
    5.828976680698E-03));
#4345 = CARTESIAN_POINT('',(-0.526576732963,-2.624626779659E-02,
    4.474116989278E-03));
#4346 = CARTESIAN_POINT('',(-0.624580534573,-1.845672470232E-02,
    2.963570889527E-03));
#4347 = CARTESIAN_POINT('',(-0.712476506696,-1.423961556962E-02,
    2.205517240429E-03));
#4348 = CARTESIAN_POINT('',(-0.790028640266,-1.257475780353E-02,
    2.115902151655E-03));
#4349 = CARTESIAN_POINT('',(-0.872701839491,-1.321953832942E-02,
    1.943859141297E-03));
#4350 = CARTESIAN_POINT('',(-0.945025744455,-1.232332885742E-02,
    1.902655261621E-03));
#4351 = CARTESIAN_POINT('',(-0.991548335241,-1.078364268827E-02,
    2.082457687441E-03));
#4352 = CARTESIAN_POINT('',(-1.0122,-1.196193489609E-02,
    1.832488998312E-03));
#4353 = PCURVE('',#4242,#4354);
#4354 = DEFINITIONAL_REPRESENTATION('',(#4355),#4359);
#4355 = LINE('',#4356,#4357);
#4356 = CARTESIAN_POINT('',(36.,0.));
#4357 = VECTOR('',#4358,1.);
#4358 = DIRECTION('',(0.,1.));
#4359 = ( GEOMETRIC_REPRESENTATION_CONTEXT(2) 
PARAMETRIC_REPRESENTATION_CONTEXT() REPRESENTATION_CONTEXT('2D SPACE',''
  ) );
#4360 = PCURVE('',#4361,#4398);
#4361 = ( BOUNDED_SURFACE() B_SPLINE_SURFACE(1,3,(
    (#4362,#4363,#4364,#4365,#4366,#4367,#4368,#4369,#4370,#4371,#4372
      ,#4373,#4374,#4375,#4376,#4377,#4378,#4379)
    ,(#4380,#4381,#4382,#4383,#4384,#4385,#4386,#4387,#4388,#4389,#4390
      ,#4391,#4392,#4393,#4394,#4395,#4396,#4397
)),.UNSPECIFIED.,.F.,.F.,.F.) B_SPLINE_SURFACE_WITH_KNOTS((2,2),(4,1,1,1
    ,1,1,1,1,1,1,1,1,1,1,1,4),(36.,37.),(0.,3.281818483209E-02,
    8.331472171401E-02,0.163169600212,0.282607356412,0.362210128519,
    0.441821211418,0.521490445595,0.611262750889,0.691167944743,
    0.761109091848,0.800978053181,0.860692828618,0.910445018305,
0.96019726339,1.),.UNSPECIFIED.) GEOMETRIC_REPRESENTATION_ITEM() 
RATIONAL_B_SPLINE_SURFACE((
    (1.,1.,1.,1.,1.,1.,1.,1.,1.,1.,1.,1.,1.,1.,0.999999999999
      ,1.000000000004,0.999999999993,1.)
    ,(1.,1.,1.,1.,1.,1.,1.,1.,1.,1.,1.,1.,1.,1.,0.999999999999
,1.000000000004,0.999999999993,1.
  ))) REPRESENTATION_ITEM('') SURFACE() );
#4362 = CARTESIAN_POINT('',(0.5378,-7.974623264059E-03,
    1.047136570464E-03));
#4363 = CARTESIAN_POINT('',(0.523430650188,-1.711426889251E-02,
    2.461448031559E-03));
#4364 = CARTESIAN_POINT('',(0.483258792956,-3.136824292183E-02,
    4.589785142165E-03));
#4365 = CARTESIAN_POINT('',(0.398489817948,-4.124256482783E-02,
    6.089556646888E-03));
#4366 = CARTESIAN_POINT('',(0.269462582488,-4.882950809926E-02,
    7.613477945503E-03));
#4367 = CARTESIAN_POINT('',(0.124451460313,-5.053381655699E-02,
    7.807708489217E-03));
#4368 = CARTESIAN_POINT('',(-2.019705092663E-02,-5.24737149805E-02,
    8.072038339069E-03));
#4369 = CARTESIAN_POINT('',(-0.144245251992,-5.030372029151E-02,
    7.77276695576E-03));
#4370 = CARTESIAN_POINT('',(-0.273480101183,-4.514434051467E-02,
    7.146504989256E-03));
#4371 = CARTESIAN_POINT('',(-0.402617556702,-3.66747415287E-02,
    5.828976680698E-03));
#4372 = CARTESIAN_POINT('',(-0.526576732963,-2.624626779659E-02,
    4.474116989278E-03));
#4373 = CARTESIAN_POINT('',(-0.624580534573,-1.845672470232E-02,
    2.963570889527E-03));
#4374 = CARTESIAN_POINT('',(-0.712476506696,-1.423961556962E-02,
    2.205517240429E-03));
#4375 = CARTESIAN_POINT('',(-0.790028640266,-1.257475780353E-02,
    2.115902151655E-03));
#4376 = CARTESIAN_POINT('',(-0.872701839491,-1.321953832942E-02,
    1.943859141297E-03));
#4377 = CARTESIAN_POINT('',(-0.945025744455,-1.232332885742E-02,
    1.902655261621E-03));
#4378 = CARTESIAN_POINT('',(-0.991548335241,-1.078364268827E-02,
    2.082457687441E-03));
#4379 = CARTESIAN_POINT('',(-1.0122,-1.196193489609E-02,
    1.832488998312E-03));
#4380 = CARTESIAN_POINT('',(0.5378,-8.E-03,4.396418534378E-16));
#4381 = CARTESIAN_POINT('',(0.523430650188,-1.716872968247E-02,
    1.033442633233E-15));
#4382 = CARTESIAN_POINT('',(0.483258792956,-3.146806251094E-02,
    1.927028148668E-15));
#4383 = CARTESIAN_POINT('',(0.398489817948,-4.137380634765E-02,
    2.55670945545E-15));
#4384 = CARTESIAN_POINT('',(0.269462582488,-4.89848926851E-02,
    3.196530089276E-15));
#4385 = CARTESIAN_POINT('',(0.124451460313,-5.069462456966E-02,
    3.278078073217E-15));
#4386 = CARTESIAN_POINT('',(-2.019705092663E-02,-5.264069611112E-02,
    3.389057355563E-15));
#4387 = CARTESIAN_POINT('',(-0.144245251992,-5.046379609502E-02,
    3.263407818196E-15));
#4388 = CARTESIAN_POINT('',(-0.273480101183,-4.528799821116E-02,
    3.00047079598E-15));
#4389 = CARTESIAN_POINT('',(-0.402617556702,-3.679144738434E-02,
    2.447304567362E-15));
#4390 = CARTESIAN_POINT('',(-0.526576732963,-2.632978830724E-02,
    1.87846470188E-15));
#4391 = CARTESIAN_POINT('',(-0.624580534573,-1.851545743659E-02,
    1.244259665278E-15));
#4392 = CARTESIAN_POINT('',(-0.712476506696,-1.428492867749E-02,
    9.259897082397E-16));
#4393 = CARTESIAN_POINT('',(-0.790028640266,-1.2614773024E-02,
    8.883646793435E-16));
#4394 = CARTESIAN_POINT('',(-0.872701839491,-1.326160536169E-02,
    8.161321644182E-16));
#4395 = CARTESIAN_POINT('',(-0.945025744455,-1.236254398388E-02,
    7.988326540135E-16));
#4396 = CARTESIAN_POINT('',(-0.991548335241,-1.081795824756E-02,
    8.743229710355E-16));
#4397 = CARTESIAN_POINT('',(-1.0122,-1.2E-02,7.693732435161E-16));
#4398 = DEFINITIONAL_REPRESENTATION('',(#4399),#4403);
#4399 = LINE('',#4400,#4401);
#4400 = CARTESIAN_POINT('',(36.,0.));
#4401 = VECTOR('',#4402,1.);
#4402 = DIRECTION('',(0.,1.));
#4403 = ( GEOMETRIC_REPRESENTATION_CONTEXT(2) 
PARAMETRIC_REPRESENTATION_CONTEXT() REPRESENTATION_CONTEXT('2D SPACE',''
  ) );
#4404 = ORIENTED_EDGE('',*,*,#4405,.F.);
#4405 = EDGE_CURVE('',#4212,#4331,#4406,.T.);
#4406 = SURFACE_CURVE('',#4407,(#4410,#4417),.PCURVE_S1.);
#4407 = B_SPLINE_CURVE_WITH_KNOTS('',1,(#4408,#4409),.UNSPECIFIED.,.F.,
  .F.,(2,2),(35.,36.),.PIECEWISE_BEZIER_KNOTS.);
#4408 = CARTESIAN_POINT('',(-1.0122,-1.184788404736E-02,
    3.254766924877E-03));
#4409 = CARTESIAN_POINT('',(-1.0122,-1.196193489609E-02,
    1.832488998312E-03));
#4410 = PCURVE('',#4242,#4411);
#4411 = DEFINITIONAL_REPRESENTATION('',(#4412),#4416);
#4412 = LINE('',#4413,#4414);
#4413 = CARTESIAN_POINT('',(0.,1.));
#4414 = VECTOR('',#4415,1.);
#4415 = DIRECTION('',(1.,0.));
#4416 = ( GEOMETRIC_REPRESENTATION_CONTEXT(2) 
PARAMETRIC_REPRESENTATION_CONTEXT() REPRESENTATION_CONTEXT('2D SPACE',''
  ) );
#4417 = PCURVE('',#176,#4418);
#4418 = DEFINITIONAL_REPRESENTATION('',(#4419),#4422);
#4419 = B_SPLINE_CURVE_WITH_KNOTS('',1,(#4420,#4421),.UNSPECIFIED.,.F.,
  .F.,(2,2),(35.,36.),.PIECEWISE_BEZIER_KNOTS.);
#4420 = CARTESIAN_POINT('',(2.38884217128E-02,4.704355324512E-03));
#4421 = CARTESIAN_POINT('',(2.343292406277E-02,6.056540218417E-03));
#4422 = ( GEOMETRIC_REPRESENTATION_CONTEXT(2) 
PARAMETRIC_REPRESENTATION_CONTEXT() REPRESENTATION_CONTEXT('2D SPACE',''
  ) );
#4423 = ORIENTED_EDGE('',*,*,#4211,.F.);
#4424 = ADVANCED_FACE('',(#4425),#4361,.F.);
#4425 = FACE_BOUND('',#4426,.F.);
#4426 = EDGE_LOOP('',(#4427,#4448,#4523,#4542));
#4427 = ORIENTED_EDGE('',*,*,#4428,.T.);
#4428 = EDGE_CURVE('',#4310,#4429,#4431,.T.);
#4429 = VERTEX_POINT('',#4430);
#4430 = CARTESIAN_POINT('',(0.5378,-8.E-03,4.396418534378E-16));
#4431 = SURFACE_CURVE('',#4432,(#4435,#4442),.PCURVE_S1.);
#4432 = B_SPLINE_CURVE_WITH_KNOTS('',1,(#4433,#4434),.UNSPECIFIED.,.F.,
  .F.,(2,2),(36.,37.),.PIECEWISE_BEZIER_KNOTS.);
#4433 = CARTESIAN_POINT('',(0.5378,-7.974623264059E-03,
    1.047136570464E-03));
#4434 = CARTESIAN_POINT('',(0.5378,-8.E-03,4.396418534378E-16));
#4435 = PCURVE('',#4361,#4436);
#4436 = DEFINITIONAL_REPRESENTATION('',(#4437),#4441);
#4437 = LINE('',#4438,#4439);
#4438 = CARTESIAN_POINT('',(0.,0.));
#4439 = VECTOR('',#4440,1.);
#4440 = DIRECTION('',(1.,0.));
#4441 = ( GEOMETRIC_REPRESENTATION_CONTEXT(2) 
PARAMETRIC_REPRESENTATION_CONTEXT() REPRESENTATION_CONTEXT('2D SPACE',''
  ) );
#4442 = PCURVE('',#75,#4443);
#4443 = DEFINITIONAL_REPRESENTATION('',(#4444),#4447);
#4444 = B_SPLINE_CURVE_WITH_KNOTS('',1,(#4445,#4446),.UNSPECIFIED.,.F.,
  .F.,(2,2),(36.,37.),.PIECEWISE_BEZIER_KNOTS.);
#4445 = CARTESIAN_POINT('',(1.601107259646E-02,1.552417184428E-03));
#4446 = CARTESIAN_POINT('',(1.579991032358E-02,2.578355520997E-03));
#4447 = ( GEOMETRIC_REPRESENTATION_CONTEXT(2) 
PARAMETRIC_REPRESENTATION_CONTEXT() REPRESENTATION_CONTEXT('2D SPACE',''
  ) );
#4448 = ORIENTED_EDGE('',*,*,#4449,.T.);
#4449 = EDGE_CURVE('',#4429,#4450,#4452,.T.);
#4450 = VERTEX_POINT('',#4451);
#4451 = CARTESIAN_POINT('',(-1.0122,-1.2E-02,7.693732435161E-16));
#4452 = SURFACE_CURVE('',#4453,(#4472,#4479),.PCURVE_S1.);
#4453 = ( BOUNDED_CURVE() B_SPLINE_CURVE(3,(#4454,#4455,#4456,#4457,
    #4458,#4459,#4460,#4461,#4462,#4463,#4464,#4465,#4466,#4467,#4468,
#4469,#4470,#4471),.UNSPECIFIED.,.F.,.F.) B_SPLINE_CURVE_WITH_KNOTS((4,1
    ,1,1,1,1,1,1,1,1,1,1,1,1,1,4),(0.,3.281818483209E-02,
    8.331472171401E-02,0.163169600212,0.282607356412,0.362210128519,
    0.441821211418,0.521490445595,0.611262750889,0.691167944743,
    0.761109091848,0.800978053181,0.860692828618,0.910445018305,
0.96019726339,1.),.UNSPECIFIED.) CURVE() GEOMETRIC_REPRESENTATION_ITEM()
 RATIONAL_B_SPLINE_CURVE((1.,1.,1.,1.,1.,1.,1.,1.,1.,1.,1.,1.,1.,1.,
    0.999999999999,1.000000000004,0.999999999993,1.)) 
REPRESENTATION_ITEM('') );
#4454 = CARTESIAN_POINT('',(0.5378,-8.E-03,4.396418534378E-16));
#4455 = CARTESIAN_POINT('',(0.523430650188,-1.716872968247E-02,
    1.033442633233E-15));
#4456 = CARTESIAN_POINT('',(0.483258792956,-3.146806251094E-02,
    1.927028148668E-15));
#4457 = CARTESIAN_POINT('',(0.398489817948,-4.137380634765E-02,
    2.55670945545E-15));
#4458 = CARTESIAN_POINT('',(0.269462582488,-4.89848926851E-02,
    3.196530089276E-15));
#4459 = CARTESIAN_POINT('',(0.124451460313,-5.069462456966E-02,
    3.278078073217E-15));
#4460 = CARTESIAN_POINT('',(-2.019705092663E-02,-5.264069611112E-02,
    3.389057355563E-15));
#4461 = CARTESIAN_POINT('',(-0.144245251992,-5.046379609502E-02,
    3.263407818196E-15));
#4462 = CARTESIAN_POINT('',(-0.273480101183,-4.528799821116E-02,
    3.00047079598E-15));
#4463 = CARTESIAN_POINT('',(-0.402617556702,-3.679144738434E-02,
    2.447304567362E-15));
#4464 = CARTESIAN_POINT('',(-0.526576732963,-2.632978830724E-02,
    1.87846470188E-15));
#4465 = CARTESIAN_POINT('',(-0.624580534573,-1.851545743659E-02,
    1.244259665278E-15));
#4466 = CARTESIAN_POINT('',(-0.712476506696,-1.428492867749E-02,
    9.259897082397E-16));
#4467 = CARTESIAN_POINT('',(-0.790028640266,-1.2614773024E-02,
    8.883646793435E-16));
#4468 = CARTESIAN_POINT('',(-0.872701839491,-1.326160536169E-02,
    8.161321644182E-16));
#4469 = CARTESIAN_POINT('',(-0.945025744455,-1.236254398388E-02,
    7.988326540135E-16));
#4470 = CARTESIAN_POINT('',(-0.991548335241,-1.081795824756E-02,
    8.743229710355E-16));
#4471 = CARTESIAN_POINT('',(-1.0122,-1.2E-02,7.693732435161E-16));
#4472 = PCURVE('',#4361,#4473);
#4473 = DEFINITIONAL_REPRESENTATION('',(#4474),#4478);
#4474 = LINE('',#4475,#4476);
#4475 = CARTESIAN_POINT('',(37.,0.));
#4476 = VECTOR('',#4477,1.);
#4477 = DIRECTION('',(0.,1.));
#4478 = ( GEOMETRIC_REPRESENTATION_CONTEXT(2) 
PARAMETRIC_REPRESENTATION_CONTEXT() REPRESENTATION_CONTEXT('2D SPACE',''
  ) );
#4479 = PCURVE('',#4480,#4517);
#4480 = ( BOUNDED_SURFACE() B_SPLINE_SURFACE(1,3,(
    (#4481,#4482,#4483,#4484,#4485,#4486,#4487,#4488,#4489,#4490,#4491
      ,#4492,#4493,#4494,#4495,#4496,#4497,#4498)
    ,(#4499,#4500,#4501,#4502,#4503,#4504,#4505,#4506,#4507,#4508,#4509
      ,#4510,#4511,#4512,#4513,#4514,#4515,#4516
)),.UNSPECIFIED.,.F.,.F.,.F.) B_SPLINE_SURFACE_WITH_KNOTS((2,2),(4,1,1,1
    ,1,1,1,1,1,1,1,1,1,1,1,4),(37.,38.),(0.,3.281818483209E-02,
    8.331472171401E-02,0.163169600212,0.282607356412,0.362210128519,
    0.441821211418,0.521490445595,0.611262750889,0.691167944743,
    0.761109091848,0.800978053181,0.860692828618,0.910445018305,
0.96019726339,1.),.UNSPECIFIED.) GEOMETRIC_REPRESENTATION_ITEM() 
RATIONAL_B_SPLINE_SURFACE((
    (1.,1.,1.,1.,1.,1.,1.,1.,1.,1.,1.,1.,1.,1.,0.999999999999
      ,1.000000000004,0.999999999993,1.)
    ,(1.,1.,1.,1.,1.,1.,1.,1.,1.,1.,1.,1.,1.,1.,0.999999999999
,1.000000000004,0.999999999993,1.
  ))) REPRESENTATION_ITEM('') SURFACE() );
#4481 = CARTESIAN_POINT('',(0.5378,-8.E-03,4.396418534378E-16));
#4482 = CARTESIAN_POINT('',(0.523430650188,-1.716872968247E-02,
    1.033442633233E-15));
#4483 = CARTESIAN_POINT('',(0.483258792956,-3.146806251094E-02,
    1.927028148668E-15));
#4484 = CARTESIAN_POINT('',(0.398489817948,-4.137380634765E-02,
    2.55670945545E-15));
#4485 = CARTESIAN_POINT('',(0.269462582488,-4.89848926851E-02,
    3.196530089276E-15));
#4486 = CARTESIAN_POINT('',(0.124451460313,-5.069462456966E-02,
    3.278078073217E-15));
#4487 = CARTESIAN_POINT('',(-2.019705092663E-02,-5.264069611112E-02,
    3.389057355563E-15));
#4488 = CARTESIAN_POINT('',(-0.144245251992,-5.046379609502E-02,
    3.263407818196E-15));
#4489 = CARTESIAN_POINT('',(-0.273480101183,-4.528799821116E-02,
    3.00047079598E-15));
#4490 = CARTESIAN_POINT('',(-0.402617556702,-3.679144738434E-02,
    2.447304567362E-15));
#4491 = CARTESIAN_POINT('',(-0.526576732963,-2.632978830724E-02,
    1.87846470188E-15));
#4492 = CARTESIAN_POINT('',(-0.624580534573,-1.851545743659E-02,
    1.244259665278E-15));
#4493 = CARTESIAN_POINT('',(-0.712476506696,-1.428492867749E-02,
    9.259897082397E-16));
#4494 = CARTESIAN_POINT('',(-0.790028640266,-1.2614773024E-02,
    8.883646793435E-16));
#4495 = CARTESIAN_POINT('',(-0.872701839491,-1.326160536169E-02,
    8.161321644182E-16));
#4496 = CARTESIAN_POINT('',(-0.945025744455,-1.236254398388E-02,
    7.988326540135E-16));
#4497 = CARTESIAN_POINT('',(-0.991548335241,-1.081795824756E-02,
    8.743229710355E-16));
#4498 = CARTESIAN_POINT('',(-1.0122,-1.2E-02,7.693732435161E-16));
#4499 = CARTESIAN_POINT('',(0.5378,-7.974623264059E-03,
    -1.047136570464E-03));
#4500 = CARTESIAN_POINT('',(0.523430650188,-1.711426889251E-02,
    -2.461448031557E-03));
#4501 = CARTESIAN_POINT('',(0.483258792956,-3.136824292183E-02,
    -4.589785142167E-03));
#4502 = CARTESIAN_POINT('',(0.398489817948,-4.124256482783E-02,
    -6.089556646887E-03));
#4503 = CARTESIAN_POINT('',(0.269462582488,-4.882950809926E-02,
    -7.613477945503E-03));
#4504 = CARTESIAN_POINT('',(0.124451460313,-5.053381655699E-02,
    -7.807708489217E-03));
#4505 = CARTESIAN_POINT('',(-2.019705092663E-02,-5.24737149805E-02,
    -8.072038339069E-03));
#4506 = CARTESIAN_POINT('',(-0.144245251992,-5.030372029151E-02,
    -7.77276695576E-03));
#4507 = CARTESIAN_POINT('',(-0.273480101183,-4.514434051467E-02,
    -7.146504989256E-03));
#4508 = CARTESIAN_POINT('',(-0.402617556702,-3.66747415287E-02,
    -5.828976680699E-03));
#4509 = CARTESIAN_POINT('',(-0.526576732963,-2.624626779659E-02,
    -4.474116989278E-03));
#4510 = CARTESIAN_POINT('',(-0.624580534573,-1.845672470232E-02,
    -2.963570889527E-03));
#4511 = CARTESIAN_POINT('',(-0.712476506696,-1.423961556962E-02,
    -2.205517240429E-03));
#4512 = CARTESIAN_POINT('',(-0.790028640266,-1.257475780353E-02,
    -2.115902151659E-03));
#4513 = CARTESIAN_POINT('',(-0.872701839491,-1.321953832942E-02,
    -1.943859141285E-03));
#4514 = CARTESIAN_POINT('',(-0.945025744455,-1.232332885742E-02,
    -1.902655261662E-03));
#4515 = CARTESIAN_POINT('',(-0.991548335241,-1.078364268827E-02,
    -2.082457687371E-03));
#4516 = CARTESIAN_POINT('',(-1.0122,-1.196193489609E-02,
    -1.832488998312E-03));
#4517 = DEFINITIONAL_REPRESENTATION('',(#4518),#4522);
#4518 = LINE('',#4519,#4520);
#4519 = CARTESIAN_POINT('',(37.,0.));
#4520 = VECTOR('',#4521,1.);
#4521 = DIRECTION('',(0.,1.));
#4522 = ( GEOMETRIC_REPRESENTATION_CONTEXT(2) 
PARAMETRIC_REPRESENTATION_CONTEXT() REPRESENTATION_CONTEXT('2D SPACE',''
  ) );
#4523 = ORIENTED_EDGE('',*,*,#4524,.F.);
#4524 = EDGE_CURVE('',#4331,#4450,#4525,.T.);
#4525 = SURFACE_CURVE('',#4526,(#4529,#4536),.PCURVE_S1.);
#4526 = B_SPLINE_CURVE_WITH_KNOTS('',1,(#4527,#4528),.UNSPECIFIED.,.F.,
  .F.,(2,2),(36.,37.),.PIECEWISE_BEZIER_KNOTS.);
#4527 = CARTESIAN_POINT('',(-1.0122,-1.196193489609E-02,
    1.832488998312E-03));
#4528 = CARTESIAN_POINT('',(-1.0122,-1.2E-02,7.693732435161E-16));
#4529 = PCURVE('',#4361,#4530);
#4530 = DEFINITIONAL_REPRESENTATION('',(#4531),#4535);
#4531 = LINE('',#4532,#4533);
#4532 = CARTESIAN_POINT('',(0.,1.));
#4533 = VECTOR('',#4534,1.);
#4534 = DIRECTION('',(1.,0.));
#4535 = ( GEOMETRIC_REPRESENTATION_CONTEXT(2) 
PARAMETRIC_REPRESENTATION_CONTEXT() REPRESENTATION_CONTEXT('2D SPACE',''
  ) );
#4536 = PCURVE('',#176,#4537);
#4537 = DEFINITIONAL_REPRESENTATION('',(#4538),#4541);
#4538 = B_SPLINE_CURVE_WITH_KNOTS('',1,(#4539,#4540),.UNSPECIFIED.,.F.,
  .F.,(2,2),(36.,37.),.PIECEWISE_BEZIER_KNOTS.);
#4539 = CARTESIAN_POINT('',(2.343292406277E-02,6.056540218417E-03));
#4540 = CARTESIAN_POINT('',(2.2745977956E-02,7.755825340892E-03));
#4541 = ( GEOMETRIC_REPRESENTATION_CONTEXT(2) 
PARAMETRIC_REPRESENTATION_CONTEXT() REPRESENTATION_CONTEXT('2D SPACE',''
  ) );
#4542 = ORIENTED_EDGE('',*,*,#4330,.F.);
#4543 = ADVANCED_FACE('',(#4544),#4480,.F.);
#4544 = FACE_BOUND('',#4545,.F.);
#4545 = EDGE_LOOP('',(#4546,#4567,#4642,#4661));
#4546 = ORIENTED_EDGE('',*,*,#4547,.T.);
#4547 = EDGE_CURVE('',#4429,#4548,#4550,.T.);
#4548 = VERTEX_POINT('',#4549);
#4549 = CARTESIAN_POINT('',(0.5378,-7.974623264059E-03,
    -1.047136570464E-03));
#4550 = SURFACE_CURVE('',#4551,(#4554,#4561),.PCURVE_S1.);
#4551 = B_SPLINE_CURVE_WITH_KNOTS('',1,(#4552,#4553),.UNSPECIFIED.,.F.,
  .F.,(2,2),(37.,38.),.PIECEWISE_BEZIER_KNOTS.);
#4552 = CARTESIAN_POINT('',(0.5378,-8.E-03,4.396418534378E-16));
#4553 = CARTESIAN_POINT('',(0.5378,-7.974623264059E-03,
    -1.047136570464E-03));
#4554 = PCURVE('',#4480,#4555);
#4555 = DEFINITIONAL_REPRESENTATION('',(#4556),#4560);
#4556 = LINE('',#4557,#4558);
#4557 = CARTESIAN_POINT('',(0.,0.));
#4558 = VECTOR('',#4559,1.);
#4559 = DIRECTION('',(1.,0.));
#4560 = ( GEOMETRIC_REPRESENTATION_CONTEXT(2) 
PARAMETRIC_REPRESENTATION_CONTEXT() REPRESENTATION_CONTEXT('2D SPACE',''
  ) );
#4561 = PCURVE('',#75,#4562);
#4562 = DEFINITIONAL_REPRESENTATION('',(#4563),#4566);
#4563 = B_SPLINE_CURVE_WITH_KNOTS('',1,(#4564,#4565),.UNSPECIFIED.,.F.,
  .F.,(2,2),(37.,38.),.PIECEWISE_BEZIER_KNOTS.);
#4564 = CARTESIAN_POINT('',(1.579991032358E-02,2.578355520997E-03));
#4565 = CARTESIAN_POINT('',(1.553929910784E-02,3.592860705882E-03));
#4566 = ( GEOMETRIC_REPRESENTATION_CONTEXT(2) 
PARAMETRIC_REPRESENTATION_CONTEXT() REPRESENTATION_CONTEXT('2D SPACE',''
  ) );
#4567 = ORIENTED_EDGE('',*,*,#4568,.T.);
#4568 = EDGE_CURVE('',#4548,#4569,#4571,.T.);
#4569 = VERTEX_POINT('',#4570);
#4570 = CARTESIAN_POINT('',(-1.0122,-1.196193489609E-02,
    -1.832488998312E-03));
#4571 = SURFACE_CURVE('',#4572,(#4591,#4598),.PCURVE_S1.);
#4572 = ( BOUNDED_CURVE() B_SPLINE_CURVE(3,(#4573,#4574,#4575,#4576,
    #4577,#4578,#4579,#4580,#4581,#4582,#4583,#4584,#4585,#4586,#4587,
#4588,#4589,#4590),.UNSPECIFIED.,.F.,.F.) B_SPLINE_CURVE_WITH_KNOTS((4,1
    ,1,1,1,1,1,1,1,1,1,1,1,1,1,4),(0.,3.281818483209E-02,
    8.331472171401E-02,0.163169600212,0.282607356412,0.362210128519,
    0.441821211418,0.521490445595,0.611262750889,0.691167944743,
    0.761109091848,0.800978053181,0.860692828618,0.910445018305,
0.96019726339,1.),.UNSPECIFIED.) CURVE() GEOMETRIC_REPRESENTATION_ITEM()
 RATIONAL_B_SPLINE_CURVE((1.,1.,1.,1.,1.,1.,1.,1.,1.,1.,1.,1.,1.,1.,
    0.999999999999,1.000000000004,0.999999999993,1.)) 
REPRESENTATION_ITEM('') );
#4573 = CARTESIAN_POINT('',(0.5378,-7.974623264059E-03,
    -1.047136570464E-03));
#4574 = CARTESIAN_POINT('',(0.523430650188,-1.711426889251E-02,
    -2.461448031557E-03));
#4575 = CARTESIAN_POINT('',(0.483258792956,-3.136824292183E-02,
    -4.589785142167E-03));
#4576 = CARTESIAN_POINT('',(0.398489817948,-4.124256482783E-02,
    -6.089556646887E-03));
#4577 = CARTESIAN_POINT('',(0.269462582488,-4.882950809926E-02,
    -7.613477945503E-03));
#4578 = CARTESIAN_POINT('',(0.124451460313,-5.053381655699E-02,
    -7.807708489217E-03));
#4579 = CARTESIAN_POINT('',(-2.019705092663E-02,-5.24737149805E-02,
    -8.072038339069E-03));
#4580 = CARTESIAN_POINT('',(-0.144245251992,-5.030372029151E-02,
    -7.77276695576E-03));
#4581 = CARTESIAN_POINT('',(-0.273480101183,-4.514434051467E-02,
    -7.146504989256E-03));
#4582 = CARTESIAN_POINT('',(-0.402617556702,-3.66747415287E-02,
    -5.828976680699E-03));
#4583 = CARTESIAN_POINT('',(-0.526576732963,-2.624626779659E-02,
    -4.474116989278E-03));
#4584 = CARTESIAN_POINT('',(-0.624580534573,-1.845672470232E-02,
    -2.963570889527E-03));
#4585 = CARTESIAN_POINT('',(-0.712476506696,-1.423961556962E-02,
    -2.205517240429E-03));
#4586 = CARTESIAN_POINT('',(-0.790028640266,-1.257475780353E-02,
    -2.115902151659E-03));
#4587 = CARTESIAN_POINT('',(-0.872701839491,-1.321953832942E-02,
    -1.943859141285E-03));
#4588 = CARTESIAN_POINT('',(-0.945025744455,-1.232332885742E-02,
    -1.902655261662E-03));
#4589 = CARTESIAN_POINT('',(-0.991548335241,-1.078364268827E-02,
    -2.082457687371E-03));
#4590 = CARTESIAN_POINT('',(-1.0122,-1.196193489609E-02,
    -1.832488998312E-03));
#4591 = PCURVE('',#4480,#4592);
#4592 = DEFINITIONAL_REPRESENTATION('',(#4593),#4597);
#4593 = LINE('',#4594,#4595);
#4594 = CARTESIAN_POINT('',(38.,0.));
#4595 = VECTOR('',#4596,1.);
#4596 = DIRECTION('',(0.,1.));
#4597 = ( GEOMETRIC_REPRESENTATION_CONTEXT(2) 
PARAMETRIC_REPRESENTATION_CONTEXT() REPRESENTATION_CONTEXT('2D SPACE',''
  ) );
#4598 = PCURVE('',#4599,#4636);
#4599 = ( BOUNDED_SURFACE() B_SPLINE_SURFACE(1,3,(
    (#4600,#4601,#4602,#4603,#4604,#4605,#4606,#4607,#4608,#4609,#4610
      ,#4611,#4612,#4613,#4614,#4615,#4616,#4617)
    ,(#4618,#4619,#4620,#4621,#4622,#4623,#4624,#4625,#4626,#4627,#4628
      ,#4629,#4630,#4631,#4632,#4633,#4634,#4635
)),.UNSPECIFIED.,.F.,.F.,.F.) B_SPLINE_SURFACE_WITH_KNOTS((2,2),(4,1,1,1
    ,1,1,1,1,1,1,1,1,1,1,1,4),(38.,39.),(0.,3.281818483209E-02,
    8.331472171401E-02,0.163169600212,0.282607356412,0.362210128519,
    0.441821211418,0.521490445595,0.611262750889,0.691167944743,
    0.761109091848,0.800978053181,0.860692828618,0.910445018305,
0.96019726339,1.),.UNSPECIFIED.) GEOMETRIC_REPRESENTATION_ITEM() 
RATIONAL_B_SPLINE_SURFACE((
    (1.,1.,1.,1.,1.,1.,1.,1.,1.,1.,1.,1.,1.,1.,0.999999999999
      ,1.000000000004,0.999999999993,1.)
    ,(1.,1.,1.,1.,1.,1.,1.,1.,1.,1.,1.,1.,1.,1.,0.999999999999
,1.000000000004,0.999999999993,1.
  ))) REPRESENTATION_ITEM('') SURFACE() );
#4600 = CARTESIAN_POINT('',(0.5378,-7.974623264059E-03,
    -1.047136570464E-03));
#4601 = CARTESIAN_POINT('',(0.523430650188,-1.711426889251E-02,
    -2.461448031557E-03));
#4602 = CARTESIAN_POINT('',(0.483258792956,-3.136824292183E-02,
    -4.589785142167E-03));
#4603 = CARTESIAN_POINT('',(0.398489817948,-4.124256482783E-02,
    -6.089556646887E-03));
#4604 = CARTESIAN_POINT('',(0.269462582488,-4.882950809926E-02,
    -7.613477945503E-03));
#4605 = CARTESIAN_POINT('',(0.124451460313,-5.053381655699E-02,
    -7.807708489217E-03));
#4606 = CARTESIAN_POINT('',(-2.019705092663E-02,-5.24737149805E-02,
    -8.072038339069E-03));
#4607 = CARTESIAN_POINT('',(-0.144245251992,-5.030372029151E-02,
    -7.77276695576E-03));
#4608 = CARTESIAN_POINT('',(-0.273480101183,-4.514434051467E-02,
    -7.146504989256E-03));
#4609 = CARTESIAN_POINT('',(-0.402617556702,-3.66747415287E-02,
    -5.828976680699E-03));
#4610 = CARTESIAN_POINT('',(-0.526576732963,-2.624626779659E-02,
    -4.474116989278E-03));
#4611 = CARTESIAN_POINT('',(-0.624580534573,-1.845672470232E-02,
    -2.963570889527E-03));
#4612 = CARTESIAN_POINT('',(-0.712476506696,-1.423961556962E-02,
    -2.205517240429E-03));
#4613 = CARTESIAN_POINT('',(-0.790028640266,-1.257475780353E-02,
    -2.115902151659E-03));
#4614 = CARTESIAN_POINT('',(-0.872701839491,-1.321953832942E-02,
    -1.943859141285E-03));
#4615 = CARTESIAN_POINT('',(-0.945025744455,-1.232332885742E-02,
    -1.902655261662E-03));
#4616 = CARTESIAN_POINT('',(-0.991548335241,-1.078364268827E-02,
    -2.082457687371E-03));
#4617 = CARTESIAN_POINT('',(-1.0122,-1.196193489609E-02,
    -1.832488998312E-03));
#4618 = CARTESIAN_POINT('',(0.5378,-7.898589364907E-03,
    -1.859866814215E-03));
#4619 = CARTESIAN_POINT('',(0.523430650188,-1.695109320985E-02,
    -4.371889625414E-03));
#4620 = CARTESIAN_POINT('',(0.483258792956,-3.106916298541E-02,
    -8.152125817283E-03));
#4621 = CARTESIAN_POINT('',(0.398489817948,-4.08493383504E-02,
    -1.081593809279E-02));
#4622 = CARTESIAN_POINT('',(0.269462582488,-4.836394405047E-02,
    -1.35226439139E-02));
#4623 = CARTESIAN_POINT('',(0.124451460313,-5.005200281048E-02,
    -1.386762560277E-02));
#4624 = CARTESIAN_POINT('',(-2.019705092663E-02,-5.197340530808E-02,
    -1.433711385255E-02));
#4625 = CARTESIAN_POINT('',(-0.144245251992,-4.982410039362E-02,
    -1.380556435847E-02));
#4626 = CARTESIAN_POINT('',(-0.273480101183,-4.471391262858E-02,
    -1.269323204065E-02));
#4627 = CARTESIAN_POINT('',(-0.402617556702,-3.632506687869E-02,
    -1.035311018167E-02));
#4628 = CARTESIAN_POINT('',(-0.526576732963,-2.599602323798E-02,
    -7.946682358338E-03));
#4629 = CARTESIAN_POINT('',(-0.624580534573,-1.828074939938E-02,
    -5.263732835311E-03));
#4630 = CARTESIAN_POINT('',(-0.712476506696,-1.410384821631E-02,
    -3.917319325251E-03));
#4631 = CARTESIAN_POINT('',(-0.790028640266,-1.245486400603E-02,
    -3.758149896574E-03));
#4632 = CARTESIAN_POINT('',(-0.872701839491,-1.309349688386E-02,
    -3.452576493257E-03));
#4633 = CARTESIAN_POINT('',(-0.945025744455,-1.220583230452E-02,
    -3.379392411433E-03));
#4634 = CARTESIAN_POINT('',(-0.991548335241,-1.068082624512E-02,
    -3.698747664977E-03));
#4635 = CARTESIAN_POINT('',(-1.0122,-1.184788404736E-02,
    -3.254766924877E-03));
#4636 = DEFINITIONAL_REPRESENTATION('',(#4637),#4641);
#4637 = LINE('',#4638,#4639);
#4638 = CARTESIAN_POINT('',(38.,0.));
#4639 = VECTOR('',#4640,1.);
#4640 = DIRECTION('',(0.,1.));
#4641 = ( GEOMETRIC_REPRESENTATION_CONTEXT(2) 
PARAMETRIC_REPRESENTATION_CONTEXT() REPRESENTATION_CONTEXT('2D SPACE',''
  ) );
#4642 = ORIENTED_EDGE('',*,*,#4643,.F.);
#4643 = EDGE_CURVE('',#4450,#4569,#4644,.T.);
#4644 = SURFACE_CURVE('',#4645,(#4648,#4655),.PCURVE_S1.);
#4645 = B_SPLINE_CURVE_WITH_KNOTS('',1,(#4646,#4647),.UNSPECIFIED.,.F.,
  .F.,(2,2),(37.,38.),.PIECEWISE_BEZIER_KNOTS.);
#4646 = CARTESIAN_POINT('',(-1.0122,-1.2E-02,7.693732435161E-16));
#4647 = CARTESIAN_POINT('',(-1.0122,-1.196193489609E-02,
    -1.832488998312E-03));
#4648 = PCURVE('',#4480,#4649);
#4649 = DEFINITIONAL_REPRESENTATION('',(#4650),#4654);
#4650 = LINE('',#4651,#4652);
#4651 = CARTESIAN_POINT('',(0.,1.));
#4652 = VECTOR('',#4653,1.);
#4653 = DIRECTION('',(1.,0.));
#4654 = ( GEOMETRIC_REPRESENTATION_CONTEXT(2) 
PARAMETRIC_REPRESENTATION_CONTEXT() REPRESENTATION_CONTEXT('2D SPACE',''
  ) );
#4655 = PCURVE('',#176,#4656);
#4656 = DEFINITIONAL_REPRESENTATION('',(#4657),#4660);
#4657 = B_SPLINE_CURVE_WITH_KNOTS('',1,(#4658,#4659),.UNSPECIFIED.,.F.,
  .F.,(2,2),(37.,38.),.PIECEWISE_BEZIER_KNOTS.);
#4658 = CARTESIAN_POINT('',(2.2745977956E-02,7.755825340892E-03));
#4659 = CARTESIAN_POINT('',(2.198905857094E-02,9.425117983178E-03));
#4660 = ( GEOMETRIC_REPRESENTATION_CONTEXT(2) 
PARAMETRIC_REPRESENTATION_CONTEXT() REPRESENTATION_CONTEXT('2D SPACE',''
  ) );
#4661 = ORIENTED_EDGE('',*,*,#4449,.F.);
#4662 = ADVANCED_FACE('',(#4663),#4599,.F.);
#4663 = FACE_BOUND('',#4664,.F.);
#4664 = EDGE_LOOP('',(#4665,#4686,#4761,#4780));
#4665 = ORIENTED_EDGE('',*,*,#4666,.T.);
#4666 = EDGE_CURVE('',#4548,#4667,#4669,.T.);
#4667 = VERTEX_POINT('',#4668);
#4668 = CARTESIAN_POINT('',(0.5378,-7.898589364907E-03,
    -1.859866814215E-03));
#4669 = SURFACE_CURVE('',#4670,(#4673,#4680),.PCURVE_S1.);
#4670 = B_SPLINE_CURVE_WITH_KNOTS('',1,(#4671,#4672),.UNSPECIFIED.,.F.,
  .F.,(2,2),(38.,39.),.PIECEWISE_BEZIER_KNOTS.);
#4671 = CARTESIAN_POINT('',(0.5378,-7.974623264059E-03,
    -1.047136570464E-03));
#4672 = CARTESIAN_POINT('',(0.5378,-7.898589364907E-03,
    -1.859866814215E-03));
#4673 = PCURVE('',#4599,#4674);
#4674 = DEFINITIONAL_REPRESENTATION('',(#4675),#4679);
#4675 = LINE('',#4676,#4677);
#4676 = CARTESIAN_POINT('',(0.,0.));
#4677 = VECTOR('',#4678,1.);
#4678 = DIRECTION('',(1.,0.));
#4679 = ( GEOMETRIC_REPRESENTATION_CONTEXT(2) 
PARAMETRIC_REPRESENTATION_CONTEXT() REPRESENTATION_CONTEXT('2D SPACE',''
  ) );
#4680 = PCURVE('',#75,#4681);
#4681 = DEFINITIONAL_REPRESENTATION('',(#4682),#4685);
#4682 = B_SPLINE_CURVE_WITH_KNOTS('',1,(#4683,#4684),.UNSPECIFIED.,.F.,
  .F.,(2,2),(38.,39.),.PIECEWISE_BEZIER_KNOTS.);
#4683 = CARTESIAN_POINT('',(1.553929910784E-02,3.592860705882E-03));
#4684 = CARTESIAN_POINT('',(1.528213711267E-02,4.367573111342E-03));
#4685 = ( GEOMETRIC_REPRESENTATION_CONTEXT(2) 
PARAMETRIC_REPRESENTATION_CONTEXT() REPRESENTATION_CONTEXT('2D SPACE',''
  ) );
#4686 = ORIENTED_EDGE('',*,*,#4687,.T.);
#4687 = EDGE_CURVE('',#4667,#4688,#4690,.T.);
#4688 = VERTEX_POINT('',#4689);
#4689 = CARTESIAN_POINT('',(-1.0122,-1.184788404736E-02,
    -3.254766924877E-03));
#4690 = SURFACE_CURVE('',#4691,(#4710,#4717),.PCURVE_S1.);
#4691 = ( BOUNDED_CURVE() B_SPLINE_CURVE(3,(#4692,#4693,#4694,#4695,
    #4696,#4697,#4698,#4699,#4700,#4701,#4702,#4703,#4704,#4705,#4706,
#4707,#4708,#4709),.UNSPECIFIED.,.F.,.F.) B_SPLINE_CURVE_WITH_KNOTS((4,1
    ,1,1,1,1,1,1,1,1,1,1,1,1,1,4),(0.,3.281818483209E-02,
    8.331472171401E-02,0.163169600212,0.282607356412,0.362210128519,
    0.441821211418,0.521490445595,0.611262750889,0.691167944743,
    0.761109091848,0.800978053181,0.860692828618,0.910445018305,
0.96019726339,1.),.UNSPECIFIED.) CURVE() GEOMETRIC_REPRESENTATION_ITEM()
 RATIONAL_B_SPLINE_CURVE((1.,1.,1.,1.,1.,1.,1.,1.,1.,1.,1.,1.,1.,1.,
    0.999999999999,1.000000000004,0.999999999993,1.)) 
REPRESENTATION_ITEM('') );
#4692 = CARTESIAN_POINT('',(0.5378,-7.898589364907E-03,
    -1.859866814215E-03));
#4693 = CARTESIAN_POINT('',(0.523430650188,-1.695109320985E-02,
    -4.371889625414E-03));
#4694 = CARTESIAN_POINT('',(0.483258792956,-3.106916298541E-02,
    -8.152125817283E-03));
#4695 = CARTESIAN_POINT('',(0.398489817948,-4.08493383504E-02,
    -1.081593809279E-02));
#4696 = CARTESIAN_POINT('',(0.269462582488,-4.836394405047E-02,
    -1.35226439139E-02));
#4697 = CARTESIAN_POINT('',(0.124451460313,-5.005200281048E-02,
    -1.386762560277E-02));
#4698 = CARTESIAN_POINT('',(-2.019705092663E-02,-5.197340530808E-02,
    -1.433711385255E-02));
#4699 = CARTESIAN_POINT('',(-0.144245251992,-4.982410039362E-02,
    -1.380556435847E-02));
#4700 = CARTESIAN_POINT('',(-0.273480101183,-4.471391262858E-02,
    -1.269323204065E-02));
#4701 = CARTESIAN_POINT('',(-0.402617556702,-3.632506687869E-02,
    -1.035311018167E-02));
#4702 = CARTESIAN_POINT('',(-0.526576732963,-2.599602323798E-02,
    -7.946682358338E-03));
#4703 = CARTESIAN_POINT('',(-0.624580534573,-1.828074939938E-02,
    -5.263732835311E-03));
#4704 = CARTESIAN_POINT('',(-0.712476506696,-1.410384821631E-02,
    -3.917319325251E-03));
#4705 = CARTESIAN_POINT('',(-0.790028640266,-1.245486400603E-02,
    -3.758149896574E-03));
#4706 = CARTESIAN_POINT('',(-0.872701839491,-1.309349688386E-02,
    -3.452576493257E-03));
#4707 = CARTESIAN_POINT('',(-0.945025744455,-1.220583230452E-02,
    -3.379392411433E-03));
#4708 = CARTESIAN_POINT('',(-0.991548335241,-1.068082624512E-02,
    -3.698747664977E-03));
#4709 = CARTESIAN_POINT('',(-1.0122,-1.184788404736E-02,
    -3.254766924877E-03));
#4710 = PCURVE('',#4599,#4711);
#4711 = DEFINITIONAL_REPRESENTATION('',(#4712),#4716);
#4712 = LINE('',#4713,#4714);
#4713 = CARTESIAN_POINT('',(39.,0.));
#4714 = VECTOR('',#4715,1.);
#4715 = DIRECTION('',(0.,1.));
#4716 = ( GEOMETRIC_REPRESENTATION_CONTEXT(2) 
PARAMETRIC_REPRESENTATION_CONTEXT() REPRESENTATION_CONTEXT('2D SPACE',''
  ) );
#4717 = PCURVE('',#4718,#4755);
#4718 = ( BOUNDED_SURFACE() B_SPLINE_SURFACE(1,3,(
    (#4719,#4720,#4721,#4722,#4723,#4724,#4725,#4726,#4727,#4728,#4729
      ,#4730,#4731,#4732,#4733,#4734,#4735,#4736)
    ,(#4737,#4738,#4739,#4740,#4741,#4742,#4743,#4744,#4745,#4746,#4747
      ,#4748,#4749,#4750,#4751,#4752,#4753,#4754
)),.UNSPECIFIED.,.F.,.F.,.F.) B_SPLINE_SURFACE_WITH_KNOTS((2,2),(4,1,1,1
    ,1,1,1,1,1,1,1,1,1,1,1,4),(39.,40.),(0.,3.281818483209E-02,
    8.331472171401E-02,0.163169600212,0.282607356412,0.362210128519,
    0.441821211418,0.521490445595,0.611262750889,0.691167944743,
    0.761109091848,0.800978053181,0.860692828618,0.910445018305,
0.96019726339,1.),.UNSPECIFIED.) GEOMETRIC_REPRESENTATION_ITEM() 
RATIONAL_B_SPLINE_SURFACE((
    (1.,1.,1.,1.,1.,1.,1.,1.,1.,1.,1.,1.,1.,1.,0.999999999999
      ,1.000000000004,0.999999999993,1.)
    ,(1.,1.,1.,1.,1.,1.,1.,1.,1.,1.,1.,1.,1.,1.,0.999999999999
,1.000000000004,0.999999999993,1.
  ))) REPRESENTATION_ITEM('') SURFACE() );
#4719 = CARTESIAN_POINT('',(0.5378,-7.898589364907E-03,
    -1.859866814215E-03));
#4720 = CARTESIAN_POINT('',(0.523430650188,-1.695109320985E-02,
    -4.371889625414E-03));
#4721 = CARTESIAN_POINT('',(0.483258792956,-3.106916298541E-02,
    -8.152125817283E-03));
#4722 = CARTESIAN_POINT('',(0.398489817948,-4.08493383504E-02,
    -1.081593809279E-02));
#4723 = CARTESIAN_POINT('',(0.269462582488,-4.836394405047E-02,
    -1.35226439139E-02));
#4724 = CARTESIAN_POINT('',(0.124451460313,-5.005200281048E-02,
    -1.386762560277E-02));
#4725 = CARTESIAN_POINT('',(-2.019705092663E-02,-5.197340530808E-02,
    -1.433711385255E-02));
#4726 = CARTESIAN_POINT('',(-0.144245251992,-4.982410039362E-02,
    -1.380556435847E-02));
#4727 = CARTESIAN_POINT('',(-0.273480101183,-4.471391262858E-02,
    -1.269323204065E-02));
#4728 = CARTESIAN_POINT('',(-0.402617556702,-3.632506687869E-02,
    -1.035311018167E-02));
#4729 = CARTESIAN_POINT('',(-0.526576732963,-2.599602323798E-02,
    -7.946682358338E-03));
#4730 = CARTESIAN_POINT('',(-0.624580534573,-1.828074939938E-02,
    -5.263732835311E-03));
#4731 = CARTESIAN_POINT('',(-0.712476506696,-1.410384821631E-02,
    -3.917319325251E-03));
#4732 = CARTESIAN_POINT('',(-0.790028640266,-1.245486400603E-02,
    -3.758149896574E-03));
#4733 = CARTESIAN_POINT('',(-0.872701839491,-1.309349688386E-02,
    -3.452576493257E-03));
#4734 = CARTESIAN_POINT('',(-0.945025744455,-1.220583230452E-02,
    -3.379392411433E-03));
#4735 = CARTESIAN_POINT('',(-0.991548335241,-1.068082624512E-02,
    -3.698747664977E-03));
#4736 = CARTESIAN_POINT('',(-1.0122,-1.184788404736E-02,
    -3.254766924877E-03));
#4737 = CARTESIAN_POINT('',(0.5378,-7.772185105986E-03,
    -2.593702610453E-03));
#4738 = CARTESIAN_POINT('',(0.523430650188,-1.667981814085E-02,
    -6.096878253524E-03));
#4739 = CARTESIAN_POINT('',(0.483258792956,-3.057195084522E-02,
    -1.136865814876E-02));
#4740 = CARTESIAN_POINT('',(0.398489817948,-4.019561018414E-02,
    -1.508351385773E-02));
#4741 = CARTESIAN_POINT('',(0.269462582488,-4.758995666818E-02,
    -1.885818734526E-02));
#4742 = CARTESIAN_POINT('',(0.124451460313,-4.925100075423E-02,
    -1.93392862606E-02));
#4743 = CARTESIAN_POINT('',(-2.019705092663E-02,-5.114165428544E-02,
    -1.999401749711E-02));
#4744 = CARTESIAN_POINT('',(-0.144245251992,-4.902674555015E-02,
    -1.925273790664E-02));
#4745 = CARTESIAN_POINT('',(-0.273480101183,-4.399833814708E-02,
    -1.770151971489E-02));
#4746 = CARTESIAN_POINT('',(-0.402617556702,-3.574374242353E-02,
    -1.443807088726E-02));
#4747 = CARTESIAN_POINT('',(-0.526576732963,-2.557999856566E-02,
    -1.108215417347E-02));
#4748 = CARTESIAN_POINT('',(-0.624580534573,-1.79881953149E-02,
    -7.340610355174E-03));
#4749 = CARTESIAN_POINT('',(-0.712476506696,-1.387813873841E-02,
    -5.462951046936E-03));
#4750 = CARTESIAN_POINT('',(-0.790028640266,-1.225554387656E-02,
    -5.240979151156E-03));
#4751 = CARTESIAN_POINT('',(-0.872701839491,-1.28839564592E-02,
    -4.814837597438E-03));
#4752 = CARTESIAN_POINT('',(-0.945025744455,-1.201049752795E-02,
    -4.712777738931E-03));
#4753 = CARTESIAN_POINT('',(-0.991548335241,-1.050989674611E-02,
    -5.158138959474E-03));
#4754 = CARTESIAN_POINT('',(-1.0122,-1.165827765898E-02,
    -4.538979568293E-03));
#4755 = DEFINITIONAL_REPRESENTATION('',(#4756),#4760);
#4756 = LINE('',#4757,#4758);
#4757 = CARTESIAN_POINT('',(39.,0.));
#4758 = VECTOR('',#4759,1.);
#4759 = DIRECTION('',(0.,1.));
#4760 = ( GEOMETRIC_REPRESENTATION_CONTEXT(2) 
PARAMETRIC_REPRESENTATION_CONTEXT() REPRESENTATION_CONTEXT('2D SPACE',''
  ) );
#4761 = ORIENTED_EDGE('',*,*,#4762,.F.);
#4762 = EDGE_CURVE('',#4569,#4688,#4763,.T.);
#4763 = SURFACE_CURVE('',#4764,(#4767,#4774),.PCURVE_S1.);
#4764 = B_SPLINE_CURVE_WITH_KNOTS('',1,(#4765,#4766),.UNSPECIFIED.,.F.,
  .F.,(2,2),(38.,39.),.PIECEWISE_BEZIER_KNOTS.);
#4765 = CARTESIAN_POINT('',(-1.0122,-1.196193489609E-02,
    -1.832488998312E-03));
#4766 = CARTESIAN_POINT('',(-1.0122,-1.184788404736E-02,
    -3.254766924877E-03));
#4767 = PCURVE('',#4599,#4768);
#4768 = DEFINITIONAL_REPRESENTATION('',(#4769),#4773);
#4769 = LINE('',#4770,#4771);
#4770 = CARTESIAN_POINT('',(0.,1.));
#4771 = VECTOR('',#4772,1.);
#4772 = DIRECTION('',(1.,0.));
#4773 = ( GEOMETRIC_REPRESENTATION_CONTEXT(2) 
PARAMETRIC_REPRESENTATION_CONTEXT() REPRESENTATION_CONTEXT('2D SPACE',''
  ) );
#4774 = PCURVE('',#176,#4775);
#4775 = DEFINITIONAL_REPRESENTATION('',(#4776),#4779);
#4776 = B_SPLINE_CURVE_WITH_KNOTS('',1,(#4777,#4778),.UNSPECIFIED.,.F.,
  .F.,(2,2),(38.,39.),.PIECEWISE_BEZIER_KNOTS.);
#4777 = CARTESIAN_POINT('',(2.198905857094E-02,9.425117983178E-03));
#4778 = CARTESIAN_POINT('',(2.132390664553E-02,1.068743926265E-02));
#4779 = ( GEOMETRIC_REPRESENTATION_CONTEXT(2) 
PARAMETRIC_REPRESENTATION_CONTEXT() REPRESENTATION_CONTEXT('2D SPACE',''
  ) );
#4780 = ORIENTED_EDGE('',*,*,#4568,.F.);
#4781 = ADVANCED_FACE('',(#4782),#4718,.F.);
#4782 = FACE_BOUND('',#4783,.F.);
#4783 = EDGE_LOOP('',(#4784,#4805,#4880,#4899));
#4784 = ORIENTED_EDGE('',*,*,#4785,.T.);
#4785 = EDGE_CURVE('',#4667,#4786,#4788,.T.);
#4786 = VERTEX_POINT('',#4787);
#4787 = CARTESIAN_POINT('',(0.5378,-7.772185105986E-03,
    -2.593702610453E-03));
#4788 = SURFACE_CURVE('',#4789,(#4792,#4799),.PCURVE_S1.);
#4789 = B_SPLINE_CURVE_WITH_KNOTS('',1,(#4790,#4791),.UNSPECIFIED.,.F.,
  .F.,(2,2),(39.,40.),.PIECEWISE_BEZIER_KNOTS.);
#4790 = CARTESIAN_POINT('',(0.5378,-7.898589364907E-03,
    -1.859866814215E-03));
#4791 = CARTESIAN_POINT('',(0.5378,-7.772185105986E-03,
    -2.593702610453E-03));
#4792 = PCURVE('',#4718,#4793);
#4793 = DEFINITIONAL_REPRESENTATION('',(#4794),#4798);
#4794 = LINE('',#4795,#4796);
#4795 = CARTESIAN_POINT('',(0.,0.));
#4796 = VECTOR('',#4797,1.);
#4797 = DIRECTION('',(1.,0.));
#4798 = ( GEOMETRIC_REPRESENTATION_CONTEXT(2) 
PARAMETRIC_REPRESENTATION_CONTEXT() REPRESENTATION_CONTEXT('2D SPACE',''
  ) );
#4799 = PCURVE('',#75,#4800);
#4800 = DEFINITIONAL_REPRESENTATION('',(#4801),#4804);
#4801 = B_SPLINE_CURVE_WITH_KNOTS('',1,(#4802,#4803),.UNSPECIFIED.,.F.,
  .F.,(2,2),(39.,40.),.PIECEWISE_BEZIER_KNOTS.);
#4802 = CARTESIAN_POINT('',(1.528213711267E-02,4.367573111342E-03));
#4803 = CARTESIAN_POINT('',(1.499367186282E-02,5.0540720641E-03));
#4804 = ( GEOMETRIC_REPRESENTATION_CONTEXT(2) 
PARAMETRIC_REPRESENTATION_CONTEXT() REPRESENTATION_CONTEXT('2D SPACE',''
  ) );
#4805 = ORIENTED_EDGE('',*,*,#4806,.T.);
#4806 = EDGE_CURVE('',#4786,#4807,#4809,.T.);
#4807 = VERTEX_POINT('',#4808);
#4808 = CARTESIAN_POINT('',(-1.0122,-1.165827765898E-02,
    -4.538979568293E-03));
#4809 = SURFACE_CURVE('',#4810,(#4829,#4836),.PCURVE_S1.);
#4810 = ( BOUNDED_CURVE() B_SPLINE_CURVE(3,(#4811,#4812,#4813,#4814,
    #4815,#4816,#4817,#4818,#4819,#4820,#4821,#4822,#4823,#4824,#4825,
#4826,#4827,#4828),.UNSPECIFIED.,.F.,.F.) B_SPLINE_CURVE_WITH_KNOTS((4,1
    ,1,1,1,1,1,1,1,1,1,1,1,1,1,4),(0.,3.281818483209E-02,
    8.331472171401E-02,0.163169600212,0.282607356412,0.362210128519,
    0.441821211418,0.521490445595,0.611262750889,0.691167944743,
    0.761109091848,0.800978053181,0.860692828618,0.910445018305,
0.96019726339,1.),.UNSPECIFIED.) CURVE() GEOMETRIC_REPRESENTATION_ITEM()
 RATIONAL_B_SPLINE_CURVE((1.,1.,1.,1.,1.,1.,1.,1.,1.,1.,1.,1.,1.,1.,
    0.999999999999,1.000000000004,0.999999999993,1.)) 
REPRESENTATION_ITEM('') );
#4811 = CARTESIAN_POINT('',(0.5378,-7.772185105986E-03,
    -2.593702610453E-03));
#4812 = CARTESIAN_POINT('',(0.523430650188,-1.667981814085E-02,
    -6.096878253524E-03));
#4813 = CARTESIAN_POINT('',(0.483258792956,-3.057195084522E-02,
    -1.136865814876E-02));
#4814 = CARTESIAN_POINT('',(0.398489817948,-4.019561018414E-02,
    -1.508351385773E-02));
#4815 = CARTESIAN_POINT('',(0.269462582488,-4.758995666818E-02,
    -1.885818734526E-02));
#4816 = CARTESIAN_POINT('',(0.124451460313,-4.925100075423E-02,
    -1.93392862606E-02));
#4817 = CARTESIAN_POINT('',(-2.019705092663E-02,-5.114165428544E-02,
    -1.999401749711E-02));
#4818 = CARTESIAN_POINT('',(-0.144245251992,-4.902674555015E-02,
    -1.925273790664E-02));
#4819 = CARTESIAN_POINT('',(-0.273480101183,-4.399833814708E-02,
    -1.770151971489E-02));
#4820 = CARTESIAN_POINT('',(-0.402617556702,-3.574374242353E-02,
    -1.443807088726E-02));
#4821 = CARTESIAN_POINT('',(-0.526576732963,-2.557999856566E-02,
    -1.108215417347E-02));
#4822 = CARTESIAN_POINT('',(-0.624580534573,-1.79881953149E-02,
    -7.340610355174E-03));
#4823 = CARTESIAN_POINT('',(-0.712476506696,-1.387813873841E-02,
    -5.462951046936E-03));
#4824 = CARTESIAN_POINT('',(-0.790028640266,-1.225554387656E-02,
    -5.240979151156E-03));
#4825 = CARTESIAN_POINT('',(-0.872701839491,-1.28839564592E-02,
    -4.814837597438E-03));
#4826 = CARTESIAN_POINT('',(-0.945025744455,-1.201049752795E-02,
    -4.712777738931E-03));
#4827 = CARTESIAN_POINT('',(-0.991548335241,-1.050989674611E-02,
    -5.158138959474E-03));
#4828 = CARTESIAN_POINT('',(-1.0122,-1.165827765898E-02,
    -4.538979568293E-03));
#4829 = PCURVE('',#4718,#4830);
#4830 = DEFINITIONAL_REPRESENTATION('',(#4831),#4835);
#4831 = LINE('',#4832,#4833);
#4832 = CARTESIAN_POINT('',(40.,0.));
#4833 = VECTOR('',#4834,1.);
#4834 = DIRECTION('',(0.,1.));
#4835 = ( GEOMETRIC_REPRESENTATION_CONTEXT(2) 
PARAMETRIC_REPRESENTATION_CONTEXT() REPRESENTATION_CONTEXT('2D SPACE',''
  ) );
#4836 = PCURVE('',#4837,#4874);
#4837 = ( BOUNDED_SURFACE() B_SPLINE_SURFACE(1,3,(
    (#4838,#4839,#4840,#4841,#4842,#4843,#4844,#4845,#4846,#4847,#4848
      ,#4849,#4850,#4851,#4852,#4853,#4854,#4855)
    ,(#4856,#4857,#4858,#4859,#4860,#4861,#4862,#4863,#4864,#4865,#4866
      ,#4867,#4868,#4869,#4870,#4871,#4872,#4873
)),.UNSPECIFIED.,.F.,.F.,.F.) B_SPLINE_SURFACE_WITH_KNOTS((2,2),(4,1,1,1
    ,1,1,1,1,1,1,1,1,1,1,1,4),(40.,41.),(0.,3.281818483209E-02,
    8.331472171401E-02,0.163169600212,0.282607356412,0.362210128519,
    0.441821211418,0.521490445595,0.611262750889,0.691167944743,
    0.761109091848,0.800978053181,0.860692828618,0.910445018305,
0.96019726339,1.),.UNSPECIFIED.) GEOMETRIC_REPRESENTATION_ITEM() 
RATIONAL_B_SPLINE_SURFACE((
    (1.,1.,1.,1.,1.,1.,1.,1.,1.,1.,1.,1.,1.,1.,0.999999999999
      ,1.000000000004,0.999999999993,1.)
    ,(1.,1.,1.,1.,1.,1.,1.,1.,1.,1.,1.,1.,1.,1.,0.999999999999
,1.000000000004,0.999999999993,1.
  ))) REPRESENTATION_ITEM('') SURFACE() );
#4838 = CARTESIAN_POINT('',(0.5378,-7.772185105986E-03,
    -2.593702610453E-03));
#4839 = CARTESIAN_POINT('',(0.523430650188,-1.667981814085E-02,
    -6.096878253524E-03));
#4840 = CARTESIAN_POINT('',(0.483258792956,-3.057195084522E-02,
    -1.136865814876E-02));
#4841 = CARTESIAN_POINT('',(0.398489817948,-4.019561018414E-02,
    -1.508351385773E-02));
#4842 = CARTESIAN_POINT('',(0.269462582488,-4.758995666818E-02,
    -1.885818734526E-02));
#4843 = CARTESIAN_POINT('',(0.124451460313,-4.925100075423E-02,
    -1.93392862606E-02));
#4844 = CARTESIAN_POINT('',(-2.019705092663E-02,-5.114165428544E-02,
    -1.999401749711E-02));
#4845 = CARTESIAN_POINT('',(-0.144245251992,-4.902674555015E-02,
    -1.925273790664E-02));
#4846 = CARTESIAN_POINT('',(-0.273480101183,-4.399833814708E-02,
    -1.770151971489E-02));
#4847 = CARTESIAN_POINT('',(-0.402617556702,-3.574374242353E-02,
    -1.443807088726E-02));
#4848 = CARTESIAN_POINT('',(-0.526576732963,-2.557999856566E-02,
    -1.108215417347E-02));
#4849 = CARTESIAN_POINT('',(-0.624580534573,-1.79881953149E-02,
    -7.340610355174E-03));
#4850 = CARTESIAN_POINT('',(-0.712476506696,-1.387813873841E-02,
    -5.462951046936E-03));
#4851 = CARTESIAN_POINT('',(-0.790028640266,-1.225554387656E-02,
    -5.240979151156E-03));
#4852 = CARTESIAN_POINT('',(-0.872701839491,-1.28839564592E-02,
    -4.814837597438E-03));
#4853 = CARTESIAN_POINT('',(-0.945025744455,-1.201049752795E-02,
    -4.712777738931E-03));
#4854 = CARTESIAN_POINT('',(-0.991548335241,-1.050989674611E-02,
    -5.158138959474E-03));
#4855 = CARTESIAN_POINT('',(-1.0122,-1.165827765898E-02,
    -4.538979568293E-03));
#4856 = CARTESIAN_POINT('',(0.5378,-7.595881263534E-03,
    -3.271897758377E-03));
#4857 = CARTESIAN_POINT('',(0.523430650188,-1.630145401422E-02,
    -7.691075380212E-03));
#4858 = CARTESIAN_POINT('',(0.483258792956,-2.987845830332E-02,
    -1.434130765907E-02));
#4859 = CARTESIAN_POINT('',(0.398489817948,-3.928381505465E-02,
    -1.902751494357E-02));
#4860 = CARTESIAN_POINT('',(0.269462582488,-4.651042856788E-02,
    -2.37891810161E-02));
#4861 = CARTESIAN_POINT('',(0.124451460313,-4.813379361632E-02,
    -2.439607652382E-02));
#4862 = CARTESIAN_POINT('',(-2.019705092663E-02,-4.998155966123E-02,
    -2.52220053163E-02));
#4863 = CARTESIAN_POINT('',(-0.144245251992,-4.791462540562E-02,
    -2.428689771351E-02));
#4864 = CARTESIAN_POINT('',(-0.273480101183,-4.300028213439E-02,
    -2.23300707034E-02));
#4865 = CARTESIAN_POINT('',(-0.402617556702,-3.493293323063E-02,
    -1.821330309069E-02));
#4866 = CARTESIAN_POINT('',(-0.526576732963,-2.499974320948E-02,
    -1.397988931038E-02));
#4867 = CARTESIAN_POINT('',(-0.624580534573,-1.758015202854E-02,
    -9.260015573651E-03));
#4868 = CARTESIAN_POINT('',(-0.712476506696,-1.356332776154E-02,
    -6.891390405573E-03));
#4869 = CARTESIAN_POINT('',(-0.790028640266,-1.19775397571E-02,
    -6.611377830015E-03));
#4870 = CARTESIAN_POINT('',(-0.872701839491,-1.259169746137E-02,
    -6.07380980318E-03));
#4871 = CARTESIAN_POINT('',(-0.945025744455,-1.173805202722E-02,
    -5.945063577431E-03));
#4872 = CARTESIAN_POINT('',(-0.991548335241,-1.027149079508E-02,
    -6.506876783125E-03));
#4873 = CARTESIAN_POINT('',(-1.0122,-1.13938218953E-02,
    -5.725821077159E-03));
#4874 = DEFINITIONAL_REPRESENTATION('',(#4875),#4879);
#4875 = LINE('',#4876,#4877);
#4876 = CARTESIAN_POINT('',(40.,0.));
#4877 = VECTOR('',#4878,1.);
#4878 = DIRECTION('',(0.,1.));
#4879 = ( GEOMETRIC_REPRESENTATION_CONTEXT(2) 
PARAMETRIC_REPRESENTATION_CONTEXT() REPRESENTATION_CONTEXT('2D SPACE',''
  ) );
#4880 = ORIENTED_EDGE('',*,*,#4881,.F.);
#4881 = EDGE_CURVE('',#4688,#4807,#4882,.T.);
#4882 = SURFACE_CURVE('',#4883,(#4886,#4893),.PCURVE_S1.);
#4883 = B_SPLINE_CURVE_WITH_KNOTS('',1,(#4884,#4885),.UNSPECIFIED.,.F.,
  .F.,(2,2),(39.,40.),.PIECEWISE_BEZIER_KNOTS.);
#4884 = CARTESIAN_POINT('',(-1.0122,-1.184788404736E-02,
    -3.254766924877E-03));
#4885 = CARTESIAN_POINT('',(-1.0122,-1.165827765898E-02,
    -4.538979568293E-03));
#4886 = PCURVE('',#4718,#4887);
#4887 = DEFINITIONAL_REPRESENTATION('',(#4888),#4892);
#4888 = LINE('',#4889,#4890);
#4889 = CARTESIAN_POINT('',(0.,1.));
#4890 = VECTOR('',#4891,1.);
#4891 = DIRECTION('',(1.,0.));
#4892 = ( GEOMETRIC_REPRESENTATION_CONTEXT(2) 
PARAMETRIC_REPRESENTATION_CONTEXT() REPRESENTATION_CONTEXT('2D SPACE',''
  ) );
#4893 = PCURVE('',#176,#4894);
#4894 = DEFINITIONAL_REPRESENTATION('',(#4895),#4898);
#4895 = B_SPLINE_CURVE_WITH_KNOTS('',1,(#4896,#4897),.UNSPECIFIED.,.F.,
  .F.,(2,2),(39.,40.),.PIECEWISE_BEZIER_KNOTS.);
#4896 = CARTESIAN_POINT('',(2.132390664553E-02,1.068743926265E-02));
#4897 = CARTESIAN_POINT('',(2.064370223878E-02,1.17930950233E-02));
#4898 = ( GEOMETRIC_REPRESENTATION_CONTEXT(2) 
PARAMETRIC_REPRESENTATION_CONTEXT() REPRESENTATION_CONTEXT('2D SPACE',''
  ) );
#4899 = ORIENTED_EDGE('',*,*,#4687,.F.);
#4900 = ADVANCED_FACE('',(#4901),#4837,.F.);
#4901 = FACE_BOUND('',#4902,.F.);
#4902 = EDGE_LOOP('',(#4903,#4924,#4999,#5018));
#4903 = ORIENTED_EDGE('',*,*,#4904,.T.);
#4904 = EDGE_CURVE('',#4786,#4905,#4907,.T.);
#4905 = VERTEX_POINT('',#4906);
#4906 = CARTESIAN_POINT('',(0.5378,-7.595881263534E-03,
    -3.271897758377E-03));
#4907 = SURFACE_CURVE('',#4908,(#4911,#4918),.PCURVE_S1.);
#4908 = B_SPLINE_CURVE_WITH_KNOTS('',1,(#4909,#4910),.UNSPECIFIED.,.F.,
  .F.,(2,2),(40.,41.),.PIECEWISE_BEZIER_KNOTS.);
#4909 = CARTESIAN_POINT('',(0.5378,-7.772185105986E-03,
    -2.593702610453E-03));
#4910 = CARTESIAN_POINT('',(0.5378,-7.595881263534E-03,
    -3.271897758377E-03));
#4911 = PCURVE('',#4837,#4912);
#4912 = DEFINITIONAL_REPRESENTATION('',(#4913),#4917);
#4913 = LINE('',#4914,#4915);
#4914 = CARTESIAN_POINT('',(0.,0.));
#4915 = VECTOR('',#4916,1.);
#4916 = DIRECTION('',(1.,0.));
#4917 = ( GEOMETRIC_REPRESENTATION_CONTEXT(2) 
PARAMETRIC_REPRESENTATION_CONTEXT() REPRESENTATION_CONTEXT('2D SPACE',''
  ) );
#4918 = PCURVE('',#75,#4919);
#4919 = DEFINITIONAL_REPRESENTATION('',(#4920),#4923);
#4920 = B_SPLINE_CURVE_WITH_KNOTS('',1,(#4921,#4922),.UNSPECIFIED.,.F.,
  .F.,(2,2),(40.,41.),.PIECEWISE_BEZIER_KNOTS.);
#4921 = CARTESIAN_POINT('',(1.499367186282E-02,5.0540720641E-03));
#4922 = CARTESIAN_POINT('',(1.466912368868E-02,5.675119716211E-03));
#4923 = ( GEOMETRIC_REPRESENTATION_CONTEXT(2) 
PARAMETRIC_REPRESENTATION_CONTEXT() REPRESENTATION_CONTEXT('2D SPACE',''
  ) );
#4924 = ORIENTED_EDGE('',*,*,#4925,.T.);
#4925 = EDGE_CURVE('',#4905,#4926,#4928,.T.);
#4926 = VERTEX_POINT('',#4927);
#4927 = CARTESIAN_POINT('',(-1.0122,-1.13938218953E-02,
    -5.725821077159E-03));
#4928 = SURFACE_CURVE('',#4929,(#4948,#4955),.PCURVE_S1.);
#4929 = ( BOUNDED_CURVE() B_SPLINE_CURVE(3,(#4930,#4931,#4932,#4933,
    #4934,#4935,#4936,#4937,#4938,#4939,#4940,#4941,#4942,#4943,#4944,
#4945,#4946,#4947),.UNSPECIFIED.,.F.,.F.) B_SPLINE_CURVE_WITH_KNOTS((4,1
    ,1,1,1,1,1,1,1,1,1,1,1,1,1,4),(0.,3.281818483209E-02,
    8.331472171401E-02,0.163169600212,0.282607356412,0.362210128519,
    0.441821211418,0.521490445595,0.611262750889,0.691167944743,
    0.761109091848,0.800978053181,0.860692828618,0.910445018305,
0.96019726339,1.),.UNSPECIFIED.) CURVE() GEOMETRIC_REPRESENTATION_ITEM()
 RATIONAL_B_SPLINE_CURVE((1.,1.,1.,1.,1.,1.,1.,1.,1.,1.,1.,1.,1.,1.,
    0.999999999999,1.000000000004,0.999999999993,1.)) 
REPRESENTATION_ITEM('') );
#4930 = CARTESIAN_POINT('',(0.5378,-7.595881263534E-03,
    -3.271897758377E-03));
#4931 = CARTESIAN_POINT('',(0.523430650188,-1.630145401422E-02,
    -7.691075380212E-03));
#4932 = CARTESIAN_POINT('',(0.483258792956,-2.987845830332E-02,
    -1.434130765907E-02));
#4933 = CARTESIAN_POINT('',(0.398489817948,-3.928381505465E-02,
    -1.902751494357E-02));
#4934 = CARTESIAN_POINT('',(0.269462582488,-4.651042856788E-02,
    -2.37891810161E-02));
#4935 = CARTESIAN_POINT('',(0.124451460313,-4.813379361632E-02,
    -2.439607652382E-02));
#4936 = CARTESIAN_POINT('',(-2.019705092663E-02,-4.998155966123E-02,
    -2.52220053163E-02));
#4937 = CARTESIAN_POINT('',(-0.144245251992,-4.791462540562E-02,
    -2.428689771351E-02));
#4938 = CARTESIAN_POINT('',(-0.273480101183,-4.300028213439E-02,
    -2.23300707034E-02));
#4939 = CARTESIAN_POINT('',(-0.402617556702,-3.493293323063E-02,
    -1.821330309069E-02));
#4940 = CARTESIAN_POINT('',(-0.526576732963,-2.499974320948E-02,
    -1.397988931038E-02));
#4941 = CARTESIAN_POINT('',(-0.624580534573,-1.758015202854E-02,
    -9.260015573651E-03));
#4942 = CARTESIAN_POINT('',(-0.712476506696,-1.356332776154E-02,
    -6.891390405573E-03));
#4943 = CARTESIAN_POINT('',(-0.790028640266,-1.19775397571E-02,
    -6.611377830015E-03));
#4944 = CARTESIAN_POINT('',(-0.872701839491,-1.259169746137E-02,
    -6.07380980318E-03));
#4945 = CARTESIAN_POINT('',(-0.945025744455,-1.173805202722E-02,
    -5.945063577431E-03));
#4946 = CARTESIAN_POINT('',(-0.991548335241,-1.027149079508E-02,
    -6.506876783125E-03));
#4947 = CARTESIAN_POINT('',(-1.0122,-1.13938218953E-02,
    -5.725821077159E-03));
#4948 = PCURVE('',#4837,#4949);
#4949 = DEFINITIONAL_REPRESENTATION('',(#4950),#4954);
#4950 = LINE('',#4951,#4952);
#4951 = CARTESIAN_POINT('',(41.,0.));
#4952 = VECTOR('',#4953,1.);
#4953 = DIRECTION('',(0.,1.));
#4954 = ( GEOMETRIC_REPRESENTATION_CONTEXT(2) 
PARAMETRIC_REPRESENTATION_CONTEXT() REPRESENTATION_CONTEXT('2D SPACE',''
  ) );
#4955 = PCURVE('',#4956,#4993);
#4956 = ( BOUNDED_SURFACE() B_SPLINE_SURFACE(1,3,(
    (#4957,#4958,#4959,#4960,#4961,#4962,#4963,#4964,#4965,#4966,#4967
      ,#4968,#4969,#4970,#4971,#4972,#4973,#4974)
    ,(#4975,#4976,#4977,#4978,#4979,#4980,#4981,#4982,#4983,#4984,#4985
      ,#4986,#4987,#4988,#4989,#4990,#4991,#4992
)),.UNSPECIFIED.,.F.,.F.,.F.) B_SPLINE_SURFACE_WITH_KNOTS((2,2),(4,1,1,1
    ,1,1,1,1,1,1,1,1,1,1,1,4),(41.,42.),(0.,3.281818483209E-02,
    8.331472171401E-02,0.163169600212,0.282607356412,0.362210128519,
    0.441821211418,0.521490445595,0.611262750889,0.691167944743,
    0.761109091848,0.800978053181,0.860692828618,0.910445018305,
0.96019726339,1.),.UNSPECIFIED.) GEOMETRIC_REPRESENTATION_ITEM() 
RATIONAL_B_SPLINE_SURFACE((
    (1.,1.,1.,1.,1.,1.,1.,1.,1.,1.,1.,1.,1.,1.,0.999999999999
      ,1.000000000004,0.999999999993,1.)
    ,(1.,1.,1.,1.,1.,1.,1.,1.,1.,1.,1.,1.,1.,1.,0.999999999999
,1.000000000004,0.999999999993,1.
  ))) REPRESENTATION_ITEM('') SURFACE() );
#4957 = CARTESIAN_POINT('',(0.5378,-7.595881263534E-03,
    -3.271897758377E-03));
#4958 = CARTESIAN_POINT('',(0.523430650188,-1.630145401422E-02,
    -7.691075380212E-03));
#4959 = CARTESIAN_POINT('',(0.483258792956,-2.987845830332E-02,
    -1.434130765907E-02));
#4960 = CARTESIAN_POINT('',(0.398489817948,-3.928381505465E-02,
    -1.902751494357E-02));
#4961 = CARTESIAN_POINT('',(0.269462582488,-4.651042856788E-02,
    -2.37891810161E-02));
#4962 = CARTESIAN_POINT('',(0.124451460313,-4.813379361632E-02,
    -2.439607652382E-02));
#4963 = CARTESIAN_POINT('',(-2.019705092663E-02,-4.998155966123E-02,
    -2.52220053163E-02));
#4964 = CARTESIAN_POINT('',(-0.144245251992,-4.791462540562E-02,
    -2.428689771351E-02));
#4965 = CARTESIAN_POINT('',(-0.273480101183,-4.300028213439E-02,
    -2.23300707034E-02));
#4966 = CARTESIAN_POINT('',(-0.402617556702,-3.493293323063E-02,
    -1.821330309069E-02));
#4967 = CARTESIAN_POINT('',(-0.526576732963,-2.499974320948E-02,
    -1.397988931038E-02));
#4968 = CARTESIAN_POINT('',(-0.624580534573,-1.758015202854E-02,
    -9.260015573651E-03));
#4969 = CARTESIAN_POINT('',(-0.712476506696,-1.356332776154E-02,
    -6.891390405573E-03));
#4970 = CARTESIAN_POINT('',(-0.790028640266,-1.19775397571E-02,
    -6.611377830015E-03));
#4971 = CARTESIAN_POINT('',(-0.872701839491,-1.259169746137E-02,
    -6.07380980318E-03));
#4972 = CARTESIAN_POINT('',(-0.945025744455,-1.173805202722E-02,
    -5.945063577431E-03));
#4973 = CARTESIAN_POINT('',(-0.991548335241,-1.027149079508E-02,
    -6.506876783125E-03));
#4974 = CARTESIAN_POINT('',(-1.0122,-1.13938218953E-02,
    -5.725821077159E-03));
#4975 = CARTESIAN_POINT('',(0.5378,-7.37032117154E-03,
    -3.902835109119E-03));
#4976 = CARTESIAN_POINT('',(0.523430650188,-1.581738148342E-02,
    -9.174186126055E-03));
#4977 = CARTESIAN_POINT('',(0.483258792956,-2.899121591895E-02,
    -1.710681787021E-02));
#4978 = CARTESIAN_POINT('',(0.398489817948,-3.811728010892E-02,
    -2.269669129206E-02));
#4979 = CARTESIAN_POINT('',(0.269462582488,-4.512929895532E-02,
    -2.837657461916E-02));
#4980 = CARTESIAN_POINT('',(0.124451460313,-4.670445809363E-02,
    -2.910050099767E-02));
#4981 = CARTESIAN_POINT('',(-2.019705092663E-02,-4.849735462905E-02,
    -3.008569800778E-02));
#4982 = CARTESIAN_POINT('',(-0.144245251992,-4.649179809442E-02,
    -2.89702686599E-02));
#4983 = CARTESIAN_POINT('',(-0.273480101183,-4.172338650405E-02,
    -2.663609634721E-02));
#4984 = CARTESIAN_POINT('',(-0.402617556702,-3.389559794855E-02,
    -2.1725470661E-02));
#4985 = CARTESIAN_POINT('',(-0.526576732963,-2.425737452538E-02,
    -1.66757053097E-02));
#4986 = CARTESIAN_POINT('',(-0.624580534573,-1.705810849321E-02,
    -1.104567335556E-02));
#4987 = CARTESIAN_POINT('',(-0.712476506696,-1.316056403321E-02,
    -8.220293668E-03));
#4988 = CARTESIAN_POINT('',(-0.790028640266,-1.162186608663E-02,
    -7.886284786408E-03));
#4989 = CARTESIAN_POINT('',(-0.872701839491,-1.221778634569E-02,
    -7.245054673689E-03));
#4990 = CARTESIAN_POINT('',(-0.945025744455,-1.138948995746E-02,
    -7.091481631985E-03));
#4991 = CARTESIAN_POINT('',(-0.991548335241,-9.966478337835E-03,
    -7.761632250287E-03));
#4992 = CARTESIAN_POINT('',(-1.0122,-1.105548175731E-02,
    -6.829961440958E-03));
#4993 = DEFINITIONAL_REPRESENTATION('',(#4994),#4998);
#4994 = LINE('',#4995,#4996);
#4995 = CARTESIAN_POINT('',(41.,0.));
#4996 = VECTOR('',#4997,1.);
#4997 = DIRECTION('',(0.,1.));
#4998 = ( GEOMETRIC_REPRESENTATION_CONTEXT(2) 
PARAMETRIC_REPRESENTATION_CONTEXT() REPRESENTATION_CONTEXT('2D SPACE',''
  ) );
#4999 = ORIENTED_EDGE('',*,*,#5000,.F.);
#5000 = EDGE_CURVE('',#4807,#4926,#5001,.T.);
#5001 = SURFACE_CURVE('',#5002,(#5005,#5012),.PCURVE_S1.);
#5002 = B_SPLINE_CURVE_WITH_KNOTS('',1,(#5003,#5004),.UNSPECIFIED.,.F.,
  .F.,(2,2),(40.,41.),.PIECEWISE_BEZIER_KNOTS.);
#5003 = CARTESIAN_POINT('',(-1.0122,-1.165827765898E-02,
    -4.538979568293E-03));
#5004 = CARTESIAN_POINT('',(-1.0122,-1.13938218953E-02,
    -5.725821077159E-03));
#5005 = PCURVE('',#4837,#5006);
#5006 = DEFINITIONAL_REPRESENTATION('',(#5007),#5011);
#5007 = LINE('',#5008,#5009);
#5008 = CARTESIAN_POINT('',(0.,1.));
#5009 = VECTOR('',#5010,1.);
#5010 = DIRECTION('',(1.,0.));
#5011 = ( GEOMETRIC_REPRESENTATION_CONTEXT(2) 
PARAMETRIC_REPRESENTATION_CONTEXT() REPRESENTATION_CONTEXT('2D SPACE',''
  ) );
#5012 = PCURVE('',#176,#5013);
#5013 = DEFINITIONAL_REPRESENTATION('',(#5014),#5017);
#5014 = B_SPLINE_CURVE_WITH_KNOTS('',1,(#5015,#5016),.UNSPECIFIED.,.F.,
  .F.,(2,2),(40.,41.),.PIECEWISE_BEZIER_KNOTS.);
#5015 = CARTESIAN_POINT('',(2.064370223878E-02,1.17930950233E-02));
#5016 = CARTESIAN_POINT('',(1.993306241867E-02,1.277976653105E-02));
#5017 = ( GEOMETRIC_REPRESENTATION_CONTEXT(2) 
PARAMETRIC_REPRESENTATION_CONTEXT() REPRESENTATION_CONTEXT('2D SPACE',''
  ) );
#5018 = ORIENTED_EDGE('',*,*,#4806,.F.);
#5019 = ADVANCED_FACE('',(#5020),#4956,.F.);
#5020 = FACE_BOUND('',#5021,.F.);
#5021 = EDGE_LOOP('',(#5022,#5043,#5118,#5137));
#5022 = ORIENTED_EDGE('',*,*,#5023,.T.);
#5023 = EDGE_CURVE('',#4905,#5024,#5026,.T.);
#5024 = VERTEX_POINT('',#5025);
#5025 = CARTESIAN_POINT('',(0.5378,-7.37032117154E-03,
    -3.902835109119E-03));
#5026 = SURFACE_CURVE('',#5027,(#5030,#5037),.PCURVE_S1.);
#5027 = B_SPLINE_CURVE_WITH_KNOTS('',1,(#5028,#5029),.UNSPECIFIED.,.F.,
  .F.,(2,2),(41.,42.),.PIECEWISE_BEZIER_KNOTS.);
#5028 = CARTESIAN_POINT('',(0.5378,-7.595881263534E-03,
    -3.271897758377E-03));
#5029 = CARTESIAN_POINT('',(0.5378,-7.37032117154E-03,
    -3.902835109119E-03));
#5030 = PCURVE('',#4956,#5031);
#5031 = DEFINITIONAL_REPRESENTATION('',(#5032),#5036);
#5032 = LINE('',#5033,#5034);
#5033 = CARTESIAN_POINT('',(0.,0.));
#5034 = VECTOR('',#5035,1.);
#5035 = DIRECTION('',(1.,0.));
#5036 = ( GEOMETRIC_REPRESENTATION_CONTEXT(2) 
PARAMETRIC_REPRESENTATION_CONTEXT() REPRESENTATION_CONTEXT('2D SPACE',''
  ) );
#5037 = PCURVE('',#75,#5038);
#5038 = DEFINITIONAL_REPRESENTATION('',(#5039),#5042);
#5039 = B_SPLINE_CURVE_WITH_KNOTS('',1,(#5040,#5041),.UNSPECIFIED.,.F.,
  .F.,(2,2),(41.,42.),.PIECEWISE_BEZIER_KNOTS.);
#5040 = CARTESIAN_POINT('',(1.466912368868E-02,5.675119716211E-03));
#5041 = CARTESIAN_POINT('',(1.430723099729E-02,6.239028375112E-03));
#5042 = ( GEOMETRIC_REPRESENTATION_CONTEXT(2) 
PARAMETRIC_REPRESENTATION_CONTEXT() REPRESENTATION_CONTEXT('2D SPACE',''
  ) );
#5043 = ORIENTED_EDGE('',*,*,#5044,.T.);
#5044 = EDGE_CURVE('',#5024,#5045,#5047,.T.);
#5045 = VERTEX_POINT('',#5046);
#5046 = CARTESIAN_POINT('',(-1.0122,-1.105548175731E-02,
    -6.829961440958E-03));
#5047 = SURFACE_CURVE('',#5048,(#5067,#5074),.PCURVE_S1.);
#5048 = ( BOUNDED_CURVE() B_SPLINE_CURVE(3,(#5049,#5050,#5051,#5052,
    #5053,#5054,#5055,#5056,#5057,#5058,#5059,#5060,#5061,#5062,#5063,
#5064,#5065,#5066),.UNSPECIFIED.,.F.,.F.) B_SPLINE_CURVE_WITH_KNOTS((4,1
    ,1,1,1,1,1,1,1,1,1,1,1,1,1,4),(0.,3.281818483209E-02,
    8.331472171401E-02,0.163169600212,0.282607356412,0.362210128519,
    0.441821211418,0.521490445595,0.611262750889,0.691167944743,
    0.761109091848,0.800978053181,0.860692828618,0.910445018305,
0.96019726339,1.),.UNSPECIFIED.) CURVE() GEOMETRIC_REPRESENTATION_ITEM()
 RATIONAL_B_SPLINE_CURVE((1.,1.,1.,1.,1.,1.,1.,1.,1.,1.,1.,1.,1.,1.,
    0.999999999999,1.000000000004,0.999999999993,1.)) 
REPRESENTATION_ITEM('') );
#5049 = CARTESIAN_POINT('',(0.5378,-7.37032117154E-03,
    -3.902835109119E-03));
#5050 = CARTESIAN_POINT('',(0.523430650188,-1.581738148342E-02,
    -9.174186126055E-03));
#5051 = CARTESIAN_POINT('',(0.483258792956,-2.899121591895E-02,
    -1.710681787021E-02));
#5052 = CARTESIAN_POINT('',(0.398489817948,-3.811728010892E-02,
    -2.269669129206E-02));
#5053 = CARTESIAN_POINT('',(0.269462582488,-4.512929895532E-02,
    -2.837657461916E-02));
#5054 = CARTESIAN_POINT('',(0.124451460313,-4.670445809363E-02,
    -2.910050099767E-02));
#5055 = CARTESIAN_POINT('',(-2.019705092663E-02,-4.849735462905E-02,
    -3.008569800778E-02));
#5056 = CARTESIAN_POINT('',(-0.144245251992,-4.649179809442E-02,
    -2.89702686599E-02));
#5057 = CARTESIAN_POINT('',(-0.273480101183,-4.172338650405E-02,
    -2.663609634721E-02));
#5058 = CARTESIAN_POINT('',(-0.402617556702,-3.389559794855E-02,
    -2.1725470661E-02));
#5059 = CARTESIAN_POINT('',(-0.526576732963,-2.425737452538E-02,
    -1.66757053097E-02));
#5060 = CARTESIAN_POINT('',(-0.624580534573,-1.705810849321E-02,
    -1.104567335556E-02));
#5061 = CARTESIAN_POINT('',(-0.712476506696,-1.316056403321E-02,
    -8.220293668E-03));
#5062 = CARTESIAN_POINT('',(-0.790028640266,-1.162186608663E-02,
    -7.886284786408E-03));
#5063 = CARTESIAN_POINT('',(-0.872701839491,-1.221778634569E-02,
    -7.245054673689E-03));
#5064 = CARTESIAN_POINT('',(-0.945025744455,-1.138948995746E-02,
    -7.091481631985E-03));
#5065 = CARTESIAN_POINT('',(-0.991548335241,-9.966478337835E-03,
    -7.761632250287E-03));
#5066 = CARTESIAN_POINT('',(-1.0122,-1.105548175731E-02,
    -6.829961440958E-03));
#5067 = PCURVE('',#4956,#5068);
#5068 = DEFINITIONAL_REPRESENTATION('',(#5069),#5073);
#5069 = LINE('',#5070,#5071);
#5070 = CARTESIAN_POINT('',(42.,0.));
#5071 = VECTOR('',#5072,1.);
#5072 = DIRECTION('',(0.,1.));
#5073 = ( GEOMETRIC_REPRESENTATION_CONTEXT(2) 
PARAMETRIC_REPRESENTATION_CONTEXT() REPRESENTATION_CONTEXT('2D SPACE',''
  ) );
#5074 = PCURVE('',#5075,#5112);
#5075 = ( BOUNDED_SURFACE() B_SPLINE_SURFACE(1,3,(
    (#5076,#5077,#5078,#5079,#5080,#5081,#5082,#5083,#5084,#5085,#5086
      ,#5087,#5088,#5089,#5090,#5091,#5092,#5093)
    ,(#5094,#5095,#5096,#5097,#5098,#5099,#5100,#5101,#5102,#5103,#5104
      ,#5105,#5106,#5107,#5108,#5109,#5110,#5111
)),.UNSPECIFIED.,.F.,.F.,.F.) B_SPLINE_SURFACE_WITH_KNOTS((2,2),(4,1,1,1
    ,1,1,1,1,1,1,1,1,1,1,1,4),(42.,43.),(0.,3.281818483209E-02,
    8.331472171401E-02,0.163169600212,0.282607356412,0.362210128519,
    0.441821211418,0.521490445595,0.611262750889,0.691167944743,
    0.761109091848,0.800978053181,0.860692828618,0.910445018305,
0.96019726339,1.),.UNSPECIFIED.) GEOMETRIC_REPRESENTATION_ITEM() 
RATIONAL_B_SPLINE_SURFACE((
    (1.,1.,1.,1.,1.,1.,1.,1.,1.,1.,1.,1.,1.,1.,0.999999999999
      ,1.000000000004,0.999999999993,1.)
    ,(1.,1.,1.,1.,1.,1.,1.,1.,1.,1.,1.,1.,1.,1.,0.999999999999
,1.000000000004,0.999999999993,1.
  ))) REPRESENTATION_ITEM('') SURFACE() );
#5076 = CARTESIAN_POINT('',(0.5378,-7.37032117154E-03,
    -3.902835109119E-03));
#5077 = CARTESIAN_POINT('',(0.523430650188,-1.581738148342E-02,
    -9.174186126055E-03));
#5078 = CARTESIAN_POINT('',(0.483258792956,-2.899121591895E-02,
    -1.710681787021E-02));
#5079 = CARTESIAN_POINT('',(0.398489817948,-3.811728010892E-02,
    -2.269669129206E-02));
#5080 = CARTESIAN_POINT('',(0.269462582488,-4.512929895532E-02,
    -2.837657461916E-02));
#5081 = CARTESIAN_POINT('',(0.124451460313,-4.670445809363E-02,
    -2.910050099767E-02));
#5082 = CARTESIAN_POINT('',(-2.019705092663E-02,-4.849735462905E-02,
    -3.008569800778E-02));
#5083 = CARTESIAN_POINT('',(-0.144245251992,-4.649179809442E-02,
    -2.89702686599E-02));
#5084 = CARTESIAN_POINT('',(-0.273480101183,-4.172338650405E-02,
    -2.663609634721E-02));
#5085 = CARTESIAN_POINT('',(-0.402617556702,-3.389559794855E-02,
    -2.1725470661E-02));
#5086 = CARTESIAN_POINT('',(-0.526576732963,-2.425737452538E-02,
    -1.66757053097E-02));
#5087 = CARTESIAN_POINT('',(-0.624580534573,-1.705810849321E-02,
    -1.104567335556E-02));
#5088 = CARTESIAN_POINT('',(-0.712476506696,-1.316056403321E-02,
    -8.220293668E-03));
#5089 = CARTESIAN_POINT('',(-0.790028640266,-1.162186608663E-02,
    -7.886284786408E-03));
#5090 = CARTESIAN_POINT('',(-0.872701839491,-1.221778634569E-02,
    -7.245054673689E-03));
#5091 = CARTESIAN_POINT('',(-0.945025744455,-1.138948995746E-02,
    -7.091481631985E-03));
#5092 = CARTESIAN_POINT('',(-0.991548335241,-9.966478337835E-03,
    -7.761632250287E-03));
#5093 = CARTESIAN_POINT('',(-1.0122,-1.105548175731E-02,
    -6.829961440958E-03));
#5094 = CARTESIAN_POINT('',(0.5378,-7.096303477462E-03,
    -4.489848193237E-03));
#5095 = CARTESIAN_POINT('',(0.523430650188,-1.522931451867E-02,
    -1.055404644336E-02));
#5096 = CARTESIAN_POINT('',(0.483258792956,-2.791336517817E-02,
    -1.967980023732E-02));
#5097 = CARTESIAN_POINT('',(0.398489817948,-3.670013573259E-02,
    -2.611042883979E-02));
#5098 = CARTESIAN_POINT('',(0.269462582488,-4.345145803805E-02,
    -3.264460545269E-02));
#5099 = CARTESIAN_POINT('',(0.124451460313,-4.496805507779E-02,
    -3.347741530802E-02));
#5100 = CARTESIAN_POINT('',(-2.019705092663E-02,-4.669429435867E-02,
    -3.461079268424E-02));
#5101 = CARTESIAN_POINT('',(-0.144245251992,-4.476330146438E-02,
    -3.332759513625E-02));
#5102 = CARTESIAN_POINT('',(-0.273480101183,-4.017217239914E-02,
    -3.064234734898E-02));
#5103 = CARTESIAN_POINT('',(-0.402617556702,-3.26354095018E-02,
    -2.499312998558E-02));
#5104 = CARTESIAN_POINT('',(-0.526576732963,-2.335552104069E-02,
    -1.918384540017E-02));
#5105 = CARTESIAN_POINT('',(-0.624580534573,-1.642391312426E-02,
    -1.270701814758E-02));
#5106 = CARTESIAN_POINT('',(-0.712476506696,-1.267127363118E-02,
    -9.456682037858E-03));
#5107 = CARTESIAN_POINT('',(-0.790028640266,-1.118978220969E-02,
    -9.072435936895E-03));
#5108 = CARTESIAN_POINT('',(-0.872701839491,-1.176354703064E-02,
    -8.334760430987E-03));
#5109 = CARTESIAN_POINT('',(-0.945025744455,-1.096604548279E-02,
    -8.158088954304E-03));
#5110 = CARTESIAN_POINT('',(-0.991548335241,-9.595939341556E-03,
    -8.92903480643E-03));
#5111 = CARTESIAN_POINT('',(-1.0122,-1.064445521619E-02,
    -7.857234338166E-03));
#5112 = DEFINITIONAL_REPRESENTATION('',(#5113),#5117);
#5113 = LINE('',#5114,#5115);
#5114 = CARTESIAN_POINT('',(42.,0.));
#5115 = VECTOR('',#5116,1.);
#5116 = DIRECTION('',(0.,1.));
#5117 = ( GEOMETRIC_REPRESENTATION_CONTEXT(2) 
PARAMETRIC_REPRESENTATION_CONTEXT() REPRESENTATION_CONTEXT('2D SPACE',''
  ) );
#5118 = ORIENTED_EDGE('',*,*,#5119,.F.);
#5119 = EDGE_CURVE('',#4926,#5045,#5120,.T.);
#5120 = SURFACE_CURVE('',#5121,(#5124,#5131),.PCURVE_S1.);
#5121 = B_SPLINE_CURVE_WITH_KNOTS('',1,(#5122,#5123),.UNSPECIFIED.,.F.,
  .F.,(2,2),(41.,42.),.PIECEWISE_BEZIER_KNOTS.);
#5122 = CARTESIAN_POINT('',(-1.0122,-1.13938218953E-02,
    -5.725821077159E-03));
#5123 = CARTESIAN_POINT('',(-1.0122,-1.105548175731E-02,
    -6.829961440958E-03));
#5124 = PCURVE('',#4956,#5125);
#5125 = DEFINITIONAL_REPRESENTATION('',(#5126),#5130);
#5126 = LINE('',#5127,#5128);
#5127 = CARTESIAN_POINT('',(0.,1.));
#5128 = VECTOR('',#5129,1.);
#5129 = DIRECTION('',(1.,0.));
#5130 = ( GEOMETRIC_REPRESENTATION_CONTEXT(2) 
PARAMETRIC_REPRESENTATION_CONTEXT() REPRESENTATION_CONTEXT('2D SPACE',''
  ) );
#5131 = PCURVE('',#176,#5132);
#5132 = DEFINITIONAL_REPRESENTATION('',(#5133),#5136);
#5133 = B_SPLINE_CURVE_WITH_KNOTS('',1,(#5134,#5135),.UNSPECIFIED.,.F.,
  .F.,(2,2),(41.,42.),.PIECEWISE_BEZIER_KNOTS.);
#5134 = CARTESIAN_POINT('',(1.993306241867E-02,1.277976653105E-02));
#5135 = CARTESIAN_POINT('',(1.91870947109E-02,1.366131753405E-02));
#5136 = ( GEOMETRIC_REPRESENTATION_CONTEXT(2) 
PARAMETRIC_REPRESENTATION_CONTEXT() REPRESENTATION_CONTEXT('2D SPACE',''
  ) );
#5137 = ORIENTED_EDGE('',*,*,#4925,.F.);
#5138 = ADVANCED_FACE('',(#5139),#5075,.F.);
#5139 = FACE_BOUND('',#5140,.F.);
#5140 = EDGE_LOOP('',(#5141,#5162,#5237,#5256));
#5141 = ORIENTED_EDGE('',*,*,#5142,.T.);
#5142 = EDGE_CURVE('',#5024,#5143,#5145,.T.);
#5143 = VERTEX_POINT('',#5144);
#5144 = CARTESIAN_POINT('',(0.5378,-7.096303477462E-03,
    -4.489848193237E-03));
#5145 = SURFACE_CURVE('',#5146,(#5149,#5156),.PCURVE_S1.);
#5146 = B_SPLINE_CURVE_WITH_KNOTS('',1,(#5147,#5148),.UNSPECIFIED.,.F.,
  .F.,(2,2),(42.,43.),.PIECEWISE_BEZIER_KNOTS.);
#5147 = CARTESIAN_POINT('',(0.5378,-7.37032117154E-03,
    -3.902835109119E-03));
#5148 = CARTESIAN_POINT('',(0.5378,-7.096303477462E-03,
    -4.489848193237E-03));
#5149 = PCURVE('',#5075,#5150);
#5150 = DEFINITIONAL_REPRESENTATION('',(#5151),#5155);
#5151 = LINE('',#5152,#5153);
#5152 = CARTESIAN_POINT('',(0.,0.));
#5153 = VECTOR('',#5154,1.);
#5154 = DIRECTION('',(1.,0.));
#5155 = ( GEOMETRIC_REPRESENTATION_CONTEXT(2) 
PARAMETRIC_REPRESENTATION_CONTEXT() REPRESENTATION_CONTEXT('2D SPACE',''
  ) );
#5156 = PCURVE('',#75,#5157);
#5157 = DEFINITIONAL_REPRESENTATION('',(#5158),#5161);
#5158 = B_SPLINE_CURVE_WITH_KNOTS('',1,(#5159,#5160),.UNSPECIFIED.,.F.,
  .F.,(2,2),(42.,43.),.PIECEWISE_BEZIER_KNOTS.);
#5159 = CARTESIAN_POINT('',(1.430723099729E-02,6.239028375112E-03));
#5160 = CARTESIAN_POINT('',(1.39080209693E-02,6.74922579881E-03));
#5161 = ( GEOMETRIC_REPRESENTATION_CONTEXT(2) 
PARAMETRIC_REPRESENTATION_CONTEXT() REPRESENTATION_CONTEXT('2D SPACE',''
  ) );
#5162 = ORIENTED_EDGE('',*,*,#5163,.T.);
#5163 = EDGE_CURVE('',#5143,#5164,#5166,.T.);
#5164 = VERTEX_POINT('',#5165);
#5165 = CARTESIAN_POINT('',(-1.0122,-1.064445521619E-02,
    -7.857234338166E-03));
#5166 = SURFACE_CURVE('',#5167,(#5186,#5193),.PCURVE_S1.);
#5167 = ( BOUNDED_CURVE() B_SPLINE_CURVE(3,(#5168,#5169,#5170,#5171,
    #5172,#5173,#5174,#5175,#5176,#5177,#5178,#5179,#5180,#5181,#5182,
#5183,#5184,#5185),.UNSPECIFIED.,.F.,.F.) B_SPLINE_CURVE_WITH_KNOTS((4,1
    ,1,1,1,1,1,1,1,1,1,1,1,1,1,4),(0.,3.281818483209E-02,
    8.331472171401E-02,0.163169600212,0.282607356412,0.362210128519,
    0.441821211418,0.521490445595,0.611262750889,0.691167944743,
    0.761109091848,0.800978053181,0.860692828618,0.910445018305,
0.96019726339,1.),.UNSPECIFIED.) CURVE() GEOMETRIC_REPRESENTATION_ITEM()
 RATIONAL_B_SPLINE_CURVE((1.,1.,1.,1.,1.,1.,1.,1.,1.,1.,1.,1.,1.,1.,
    0.999999999999,1.000000000004,0.999999999993,1.)) 
REPRESENTATION_ITEM('') );
#5168 = CARTESIAN_POINT('',(0.5378,-7.096303477462E-03,
    -4.489848193237E-03));
#5169 = CARTESIAN_POINT('',(0.523430650188,-1.522931451867E-02,
    -1.055404644336E-02));
#5170 = CARTESIAN_POINT('',(0.483258792956,-2.791336517817E-02,
    -1.967980023732E-02));
#5171 = CARTESIAN_POINT('',(0.398489817948,-3.670013573259E-02,
    -2.611042883979E-02));
#5172 = CARTESIAN_POINT('',(0.269462582488,-4.345145803805E-02,
    -3.264460545269E-02));
#5173 = CARTESIAN_POINT('',(0.124451460313,-4.496805507779E-02,
    -3.347741530802E-02));
#5174 = CARTESIAN_POINT('',(-2.019705092663E-02,-4.669429435867E-02,
    -3.461079268424E-02));
#5175 = CARTESIAN_POINT('',(-0.144245251992,-4.476330146438E-02,
    -3.332759513625E-02));
#5176 = CARTESIAN_POINT('',(-0.273480101183,-4.017217239914E-02,
    -3.064234734898E-02));
#5177 = CARTESIAN_POINT('',(-0.402617556702,-3.26354095018E-02,
    -2.499312998558E-02));
#5178 = CARTESIAN_POINT('',(-0.526576732963,-2.335552104069E-02,
    -1.918384540017E-02));
#5179 = CARTESIAN_POINT('',(-0.624580534573,-1.642391312426E-02,
    -1.270701814758E-02));
#5180 = CARTESIAN_POINT('',(-0.712476506696,-1.267127363118E-02,
    -9.456682037858E-03));
#5181 = CARTESIAN_POINT('',(-0.790028640266,-1.118978220969E-02,
    -9.072435936895E-03));
#5182 = CARTESIAN_POINT('',(-0.872701839491,-1.176354703064E-02,
    -8.334760430987E-03));
#5183 = CARTESIAN_POINT('',(-0.945025744455,-1.096604548279E-02,
    -8.158088954304E-03));
#5184 = CARTESIAN_POINT('',(-0.991548335241,-9.595939341556E-03,
    -8.92903480643E-03));
#5185 = CARTESIAN_POINT('',(-1.0122,-1.064445521619E-02,
    -7.857234338166E-03));
#5186 = PCURVE('',#5075,#5187);
#5187 = DEFINITIONAL_REPRESENTATION('',(#5188),#5192);
#5188 = LINE('',#5189,#5190);
#5189 = CARTESIAN_POINT('',(43.,0.));
#5190 = VECTOR('',#5191,1.);
#5191 = DIRECTION('',(0.,1.));
#5192 = ( GEOMETRIC_REPRESENTATION_CONTEXT(2) 
PARAMETRIC_REPRESENTATION_CONTEXT() REPRESENTATION_CONTEXT('2D SPACE',''
  ) );
#5193 = PCURVE('',#5194,#5231);
#5194 = ( BOUNDED_SURFACE() B_SPLINE_SURFACE(1,3,(
    (#5195,#5196,#5197,#5198,#5199,#5200,#5201,#5202,#5203,#5204,#5205
      ,#5206,#5207,#5208,#5209,#5210,#5211,#5212)
    ,(#5213,#5214,#5215,#5216,#5217,#5218,#5219,#5220,#5221,#5222,#5223
      ,#5224,#5225,#5226,#5227,#5228,#5229,#5230
)),.UNSPECIFIED.,.F.,.F.,.F.) B_SPLINE_SURFACE_WITH_KNOTS((2,2),(4,1,1,1
    ,1,1,1,1,1,1,1,1,1,1,1,4),(43.,44.),(0.,3.281818483209E-02,
    8.331472171401E-02,0.163169600212,0.282607356412,0.362210128519,
    0.441821211418,0.521490445595,0.611262750889,0.691167944743,
    0.761109091848,0.800978053181,0.860692828618,0.910445018305,
0.96019726339,1.),.UNSPECIFIED.) GEOMETRIC_REPRESENTATION_ITEM() 
RATIONAL_B_SPLINE_SURFACE((
    (1.,1.,1.,1.,1.,1.,1.,1.,1.,1.,1.,1.,1.,1.,0.999999999999
      ,1.000000000004,0.999999999993,1.)
    ,(1.,1.,1.,1.,1.,1.,1.,1.,1.,1.,1.,1.,1.,1.,0.999999999999
,1.000000000004,0.999999999993,1.
  ))) REPRESENTATION_ITEM('') SURFACE() );
#5195 = CARTESIAN_POINT('',(0.5378,-7.096303477462E-03,
    -4.489848193237E-03));
#5196 = CARTESIAN_POINT('',(0.523430650188,-1.522931451867E-02,
    -1.055404644336E-02));
#5197 = CARTESIAN_POINT('',(0.483258792956,-2.791336517817E-02,
    -1.967980023732E-02));
#5198 = CARTESIAN_POINT('',(0.398489817948,-3.670013573259E-02,
    -2.611042883979E-02));
#5199 = CARTESIAN_POINT('',(0.269462582488,-4.345145803805E-02,
    -3.264460545269E-02));
#5200 = CARTESIAN_POINT('',(0.124451460313,-4.496805507779E-02,
    -3.347741530802E-02));
#5201 = CARTESIAN_POINT('',(-2.019705092663E-02,-4.669429435867E-02,
    -3.461079268424E-02));
#5202 = CARTESIAN_POINT('',(-0.144245251992,-4.476330146438E-02,
    -3.332759513625E-02));
#5203 = CARTESIAN_POINT('',(-0.273480101183,-4.017217239914E-02,
    -3.064234734898E-02));
#5204 = CARTESIAN_POINT('',(-0.402617556702,-3.26354095018E-02,
    -2.499312998558E-02));
#5205 = CARTESIAN_POINT('',(-0.526576732963,-2.335552104069E-02,
    -1.918384540017E-02));
#5206 = CARTESIAN_POINT('',(-0.624580534573,-1.642391312426E-02,
    -1.270701814758E-02));
#5207 = CARTESIAN_POINT('',(-0.712476506696,-1.267127363118E-02,
    -9.456682037858E-03));
#5208 = CARTESIAN_POINT('',(-0.790028640266,-1.118978220969E-02,
    -9.072435936895E-03));
#5209 = CARTESIAN_POINT('',(-0.872701839491,-1.176354703064E-02,
    -8.334760430987E-03));
#5210 = CARTESIAN_POINT('',(-0.945025744455,-1.096604548279E-02,
    -8.158088954304E-03));
#5211 = CARTESIAN_POINT('',(-0.991548335241,-9.595939341556E-03,
    -8.92903480643E-03));
#5212 = CARTESIAN_POINT('',(-1.0122,-1.064445521619E-02,
    -7.857234338166E-03));
#5213 = CARTESIAN_POINT('',(0.5378,-6.774757480796E-03,
    -5.034033153777E-03));
#5214 = CARTESIAN_POINT('',(0.523430650188,-1.453924748151E-02,
    -1.183323297711E-02));
#5215 = CARTESIAN_POINT('',(0.483258792956,-2.664856148777E-02,
    -2.206505934957E-02));
#5216 = CARTESIAN_POINT('',(0.398489817948,-3.503718800784E-02,
    -2.927510213749E-02));
#5217 = CARTESIAN_POINT('',(0.269462582488,-4.148259602055E-02,
    -3.660124330892E-02));
#5218 = CARTESIAN_POINT('',(0.124451460313,-4.293047337993E-02,
    -3.753499256772E-02));
#5219 = CARTESIAN_POINT('',(-2.019705092663E-02,-4.457849372164E-02,
    -3.880573915915E-02));
#5220 = CARTESIAN_POINT('',(-0.144245251992,-4.273499751301E-02,
    -3.736701367859E-02));
#5221 = CARTESIAN_POINT('',(-0.273480101183,-3.835190058392E-02,
    -3.435630467343E-02));
#5222 = CARTESIAN_POINT('',(-0.402617556702,-3.115664167455E-02,
    -2.802238283993E-02));
#5223 = CARTESIAN_POINT('',(-0.526576732963,-2.229724128778E-02,
    -2.150899308953E-02));
#5224 = CARTESIAN_POINT('',(-0.624580534573,-1.567971672236E-02,
    -1.424715221706E-02));
#5225 = CARTESIAN_POINT('',(-0.712476506696,-1.209711592756E-02,
    -1.060286425163E-02));
#5226 = CARTESIAN_POINT('',(-0.790028640266,-1.068275348913E-02,
    -1.017204620871E-02));
#5227 = CARTESIAN_POINT('',(-0.872701839491,-1.123052001638E-02,
    -9.344961908081E-03));
#5228 = CARTESIAN_POINT('',(-0.945025744455,-1.046915466725E-02,
    -9.146877243553E-03));
#5229 = CARTESIAN_POINT('',(-0.991548335241,-9.161130445242E-03,
    -1.001126437134E-02));
#5230 = CARTESIAN_POINT('',(-1.0122,-1.016213622119E-02,
    -8.80955801911E-03));
#5231 = DEFINITIONAL_REPRESENTATION('',(#5232),#5236);
#5232 = LINE('',#5233,#5234);
#5233 = CARTESIAN_POINT('',(43.,0.));
#5234 = VECTOR('',#5235,1.);
#5235 = DIRECTION('',(0.,1.));
#5236 = ( GEOMETRIC_REPRESENTATION_CONTEXT(2) 
PARAMETRIC_REPRESENTATION_CONTEXT() REPRESENTATION_CONTEXT('2D SPACE',''
  ) );
#5237 = ORIENTED_EDGE('',*,*,#5238,.F.);
#5238 = EDGE_CURVE('',#5045,#5164,#5239,.T.);
#5239 = SURFACE_CURVE('',#5240,(#5243,#5250),.PCURVE_S1.);
#5240 = B_SPLINE_CURVE_WITH_KNOTS('',1,(#5241,#5242),.UNSPECIFIED.,.F.,
  .F.,(2,2),(42.,43.),.PIECEWISE_BEZIER_KNOTS.);
#5241 = CARTESIAN_POINT('',(-1.0122,-1.105548175731E-02,
    -6.829961440958E-03));
#5242 = CARTESIAN_POINT('',(-1.0122,-1.064445521619E-02,
    -7.857234338166E-03));
#5243 = PCURVE('',#5075,#5244);
#5244 = DEFINITIONAL_REPRESENTATION('',(#5245),#5249);
#5245 = LINE('',#5246,#5247);
#5246 = CARTESIAN_POINT('',(0.,1.));
#5247 = VECTOR('',#5248,1.);
#5248 = DIRECTION('',(1.,0.));
#5249 = ( GEOMETRIC_REPRESENTATION_CONTEXT(2) 
PARAMETRIC_REPRESENTATION_CONTEXT() REPRESENTATION_CONTEXT('2D SPACE',''
  ) );
#5250 = PCURVE('',#176,#5251);
#5251 = DEFINITIONAL_REPRESENTATION('',(#5252),#5255);
#5252 = B_SPLINE_CURVE_WITH_KNOTS('',1,(#5253,#5254),.UNSPECIFIED.,.F.,
  .F.,(2,2),(42.,43.),.PIECEWISE_BEZIER_KNOTS.);
#5253 = CARTESIAN_POINT('',(1.91870947109E-02,1.366131753405E-02));
#5254 = CARTESIAN_POINT('',(1.840460194921E-02,1.444358187604E-02));
#5255 = ( GEOMETRIC_REPRESENTATION_CONTEXT(2) 
PARAMETRIC_REPRESENTATION_CONTEXT() REPRESENTATION_CONTEXT('2D SPACE',''
  ) );
#5256 = ORIENTED_EDGE('',*,*,#5044,.F.);
#5257 = ADVANCED_FACE('',(#5258),#5194,.F.);
#5258 = FACE_BOUND('',#5259,.F.);
#5259 = EDGE_LOOP('',(#5260,#5281,#5356,#5375));
#5260 = ORIENTED_EDGE('',*,*,#5261,.T.);
#5261 = EDGE_CURVE('',#5143,#5262,#5264,.T.);
#5262 = VERTEX_POINT('',#5263);
#5263 = CARTESIAN_POINT('',(0.5378,-6.774757480796E-03,
    -5.034033153777E-03));
#5264 = SURFACE_CURVE('',#5265,(#5268,#5275),.PCURVE_S1.);
#5265 = B_SPLINE_CURVE_WITH_KNOTS('',1,(#5266,#5267),.UNSPECIFIED.,.F.,
  .F.,(2,2),(43.,44.),.PIECEWISE_BEZIER_KNOTS.);
#5266 = CARTESIAN_POINT('',(0.5378,-7.096303477462E-03,
    -4.489848193237E-03));
#5267 = CARTESIAN_POINT('',(0.5378,-6.774757480796E-03,
    -5.034033153777E-03));
#5268 = PCURVE('',#5194,#5269);
#5269 = DEFINITIONAL_REPRESENTATION('',(#5270),#5274);
#5270 = LINE('',#5271,#5272);
#5271 = CARTESIAN_POINT('',(0.,0.));
#5272 = VECTOR('',#5273,1.);
#5273 = DIRECTION('',(1.,0.));
#5274 = ( GEOMETRIC_REPRESENTATION_CONTEXT(2) 
PARAMETRIC_REPRESENTATION_CONTEXT() REPRESENTATION_CONTEXT('2D SPACE',''
  ) );
#5275 = PCURVE('',#75,#5276);
#5276 = DEFINITIONAL_REPRESENTATION('',(#5277),#5280);
#5277 = B_SPLINE_CURVE_WITH_KNOTS('',1,(#5278,#5279),.UNSPECIFIED.,.F.,
  .F.,(2,2),(43.,44.),.PIECEWISE_BEZIER_KNOTS.);
#5278 = CARTESIAN_POINT('',(1.39080209693E-02,6.74922579881E-03));
#5279 = CARTESIAN_POINT('',(1.347215209184E-02,7.206989297692E-03));
#5280 = ( GEOMETRIC_REPRESENTATION_CONTEXT(2) 
PARAMETRIC_REPRESENTATION_CONTEXT() REPRESENTATION_CONTEXT('2D SPACE',''
  ) );
#5281 = ORIENTED_EDGE('',*,*,#5282,.T.);
#5282 = EDGE_CURVE('',#5262,#5283,#5285,.T.);
#5283 = VERTEX_POINT('',#5284);
#5284 = CARTESIAN_POINT('',(-1.0122,-1.016213622119E-02,
    -8.80955801911E-03));
#5285 = SURFACE_CURVE('',#5286,(#5305,#5312),.PCURVE_S1.);
#5286 = ( BOUNDED_CURVE() B_SPLINE_CURVE(3,(#5287,#5288,#5289,#5290,
    #5291,#5292,#5293,#5294,#5295,#5296,#5297,#5298,#5299,#5300,#5301,
#5302,#5303,#5304),.UNSPECIFIED.,.F.,.F.) B_SPLINE_CURVE_WITH_KNOTS((4,1
    ,1,1,1,1,1,1,1,1,1,1,1,1,1,4),(0.,3.281818483209E-02,
    8.331472171401E-02,0.163169600212,0.282607356412,0.362210128519,
    0.441821211418,0.521490445595,0.611262750889,0.691167944743,
    0.761109091848,0.800978053181,0.860692828618,0.910445018305,
0.96019726339,1.),.UNSPECIFIED.) CURVE() GEOMETRIC_REPRESENTATION_ITEM()
 RATIONAL_B_SPLINE_CURVE((1.,1.,1.,1.,1.,1.,1.,1.,1.,1.,1.,1.,1.,1.,
    0.999999999999,1.000000000004,0.999999999993,1.)) 
REPRESENTATION_ITEM('') );
#5287 = CARTESIAN_POINT('',(0.5378,-6.774757480796E-03,
    -5.034033153777E-03));
#5288 = CARTESIAN_POINT('',(0.523430650188,-1.453924748151E-02,
    -1.183323297711E-02));
#5289 = CARTESIAN_POINT('',(0.483258792956,-2.664856148777E-02,
    -2.206505934957E-02));
#5290 = CARTESIAN_POINT('',(0.398489817948,-3.503718800784E-02,
    -2.927510213749E-02));
#5291 = CARTESIAN_POINT('',(0.269462582488,-4.148259602055E-02,
    -3.660124330892E-02));
#5292 = CARTESIAN_POINT('',(0.124451460313,-4.293047337993E-02,
    -3.753499256772E-02));
#5293 = CARTESIAN_POINT('',(-2.019705092663E-02,-4.457849372164E-02,
    -3.880573915915E-02));
#5294 = CARTESIAN_POINT('',(-0.144245251992,-4.273499751301E-02,
    -3.736701367859E-02));
#5295 = CARTESIAN_POINT('',(-0.273480101183,-3.835190058392E-02,
    -3.435630467343E-02));
#5296 = CARTESIAN_POINT('',(-0.402617556702,-3.115664167455E-02,
    -2.802238283993E-02));
#5297 = CARTESIAN_POINT('',(-0.526576732963,-2.229724128778E-02,
    -2.150899308953E-02));
#5298 = CARTESIAN_POINT('',(-0.624580534573,-1.567971672236E-02,
    -1.424715221706E-02));
#5299 = CARTESIAN_POINT('',(-0.712476506696,-1.209711592756E-02,
    -1.060286425163E-02));
#5300 = CARTESIAN_POINT('',(-0.790028640266,-1.068275348913E-02,
    -1.017204620871E-02));
#5301 = CARTESIAN_POINT('',(-0.872701839491,-1.123052001638E-02,
    -9.344961908081E-03));
#5302 = CARTESIAN_POINT('',(-0.945025744455,-1.046915466725E-02,
    -9.146877243553E-03));
#5303 = CARTESIAN_POINT('',(-0.991548335241,-9.161130445242E-03,
    -1.001126437134E-02));
#5304 = CARTESIAN_POINT('',(-1.0122,-1.016213622119E-02,
    -8.80955801911E-03));
#5305 = PCURVE('',#5194,#5306);
#5306 = DEFINITIONAL_REPRESENTATION('',(#5307),#5311);
#5307 = LINE('',#5308,#5309);
#5308 = CARTESIAN_POINT('',(44.,0.));
#5309 = VECTOR('',#5310,1.);
#5310 = DIRECTION('',(0.,1.));
#5311 = ( GEOMETRIC_REPRESENTATION_CONTEXT(2) 
PARAMETRIC_REPRESENTATION_CONTEXT() REPRESENTATION_CONTEXT('2D SPACE',''
  ) );
#5312 = PCURVE('',#5313,#5350);
#5313 = ( BOUNDED_SURFACE() B_SPLINE_SURFACE(1,3,(
    (#5314,#5315,#5316,#5317,#5318,#5319,#5320,#5321,#5322,#5323,#5324
      ,#5325,#5326,#5327,#5328,#5329,#5330,#5331)
    ,(#5332,#5333,#5334,#5335,#5336,#5337,#5338,#5339,#5340,#5341,#5342
      ,#5343,#5344,#5345,#5346,#5347,#5348,#5349
)),.UNSPECIFIED.,.F.,.F.,.F.) B_SPLINE_SURFACE_WITH_KNOTS((2,2),(4,1,1,1
    ,1,1,1,1,1,1,1,1,1,1,1,4),(44.,45.),(0.,3.281818483209E-02,
    8.331472171401E-02,0.163169600212,0.282607356412,0.362210128519,
    0.441821211418,0.521490445595,0.611262750889,0.691167944743,
    0.761109091848,0.800978053181,0.860692828618,0.910445018305,
0.96019726339,1.),.UNSPECIFIED.) GEOMETRIC_REPRESENTATION_ITEM() 
RATIONAL_B_SPLINE_SURFACE((
    (1.,1.,1.,1.,1.,1.,1.,1.,1.,1.,1.,1.,1.,1.,0.999999999999
      ,1.000000000004,0.999999999993,1.)
    ,(1.,1.,1.,1.,1.,1.,1.,1.,1.,1.,1.,1.,1.,1.,0.999999999999
,1.000000000004,0.999999999993,1.
  ))) REPRESENTATION_ITEM('') SURFACE() );
#5314 = CARTESIAN_POINT('',(0.5378,-6.774757480796E-03,
    -5.034033153777E-03));
#5315 = CARTESIAN_POINT('',(0.523430650188,-1.453924748151E-02,
    -1.183323297711E-02));
#5316 = CARTESIAN_POINT('',(0.483258792956,-2.664856148777E-02,
    -2.206505934957E-02));
#5317 = CARTESIAN_POINT('',(0.398489817948,-3.503718800784E-02,
    -2.927510213749E-02));
#5318 = CARTESIAN_POINT('',(0.269462582488,-4.148259602055E-02,
    -3.660124330892E-02));
#5319 = CARTESIAN_POINT('',(0.124451460313,-4.293047337993E-02,
    -3.753499256772E-02));
#5320 = CARTESIAN_POINT('',(-2.019705092663E-02,-4.457849372164E-02,
    -3.880573915915E-02));
#5321 = CARTESIAN_POINT('',(-0.144245251992,-4.273499751301E-02,
    -3.736701367859E-02));
#5322 = CARTESIAN_POINT('',(-0.273480101183,-3.835190058392E-02,
    -3.435630467343E-02));
#5323 = CARTESIAN_POINT('',(-0.402617556702,-3.115664167455E-02,
    -2.802238283993E-02));
#5324 = CARTESIAN_POINT('',(-0.526576732963,-2.229724128778E-02,
    -2.150899308953E-02));
#5325 = CARTESIAN_POINT('',(-0.624580534573,-1.567971672236E-02,
    -1.424715221706E-02));
#5326 = CARTESIAN_POINT('',(-0.712476506696,-1.209711592756E-02,
    -1.060286425163E-02));
#5327 = CARTESIAN_POINT('',(-0.790028640266,-1.068275348913E-02,
    -1.017204620871E-02));
#5328 = CARTESIAN_POINT('',(-0.872701839491,-1.123052001638E-02,
    -9.344961908081E-03));
#5329 = CARTESIAN_POINT('',(-0.945025744455,-1.046915466725E-02,
    -9.146877243553E-03));
#5330 = CARTESIAN_POINT('',(-0.991548335241,-9.161130445242E-03,
    -1.001126437134E-02));
#5331 = CARTESIAN_POINT('',(-1.0122,-1.016213622119E-02,
    -8.80955801911E-03));
#5332 = CARTESIAN_POINT('',(0.5378,-6.406708422145E-03,
    -5.535364629139E-03));
#5333 = CARTESIAN_POINT('',(0.523430650188,-1.374938063177E-02,
    -1.301168611111E-02));
#5334 = CARTESIAN_POINT('',(0.483258792956,-2.520083763968E-02,
    -2.426248404261E-02));
#5335 = CARTESIAN_POINT('',(0.398489817948,-3.313373919796E-02,
    -3.219056369637E-02));
#5336 = CARTESIAN_POINT('',(0.269462582488,-3.922899056545E-02,
    -4.024630378978E-02));
#5337 = CARTESIAN_POINT('',(0.124451460313,-4.059820977349E-02,
    -4.127304367443E-02));
#5338 = CARTESIAN_POINT('',(-2.019705092663E-02,-4.215669889034E-02,
    -4.267034192813E-02));
#5339 = CARTESIAN_POINT('',(-0.144245251992,-4.041335343192E-02,
    -4.10883360309E-02));
#5340 = CARTESIAN_POINT('',(-0.273480101183,-3.626837494519E-02,
    -3.777779523255E-02));
#5341 = CARTESIAN_POINT('',(-0.402617556702,-2.946400947753E-02,
    -3.081308804651E-02));
#5342 = CARTESIAN_POINT('',(-0.526576732963,-2.108590956267E-02,
    -2.365104001488E-02));
#5343 = CARTESIAN_POINT('',(-0.624580534573,-1.482789213736E-02,
    -1.566600378647E-02));
#5344 = CARTESIAN_POINT('',(-0.712476506696,-1.143992160848E-02,
    -1.165878689178E-02));
#5345 = CARTESIAN_POINT('',(-0.790028640266,-1.010239657204E-02,
    -1.11850643549E-02));
#5346 = CARTESIAN_POINT('',(-0.872701839491,-1.062040484522E-02,
    -1.027561202445E-02));
#5347 = CARTESIAN_POINT('',(-0.945025744455,-9.900401832646E-03,
    -1.005780041869E-02));
#5348 = CARTESIAN_POINT('',(-0.991548335241,-8.66343802677E-03,
    -1.100827050599E-02));
#5349 = CARTESIAN_POINT('',(-1.0122,-9.610062633218E-03,
    -9.686888100994E-03));
#5350 = DEFINITIONAL_REPRESENTATION('',(#5351),#5355);
#5351 = LINE('',#5352,#5353);
#5352 = CARTESIAN_POINT('',(44.,0.));
#5353 = VECTOR('',#5354,1.);
#5354 = DIRECTION('',(0.,1.));
#5355 = ( GEOMETRIC_REPRESENTATION_CONTEXT(2) 
PARAMETRIC_REPRESENTATION_CONTEXT() REPRESENTATION_CONTEXT('2D SPACE',''
  ) );
#5356 = ORIENTED_EDGE('',*,*,#5357,.F.);
#5357 = EDGE_CURVE('',#5164,#5283,#5358,.T.);
#5358 = SURFACE_CURVE('',#5359,(#5362,#5369),.PCURVE_S1.);
#5359 = B_SPLINE_CURVE_WITH_KNOTS('',1,(#5360,#5361),.UNSPECIFIED.,.F.,
  .F.,(2,2),(43.,44.),.PIECEWISE_BEZIER_KNOTS.);
#5360 = CARTESIAN_POINT('',(-1.0122,-1.064445521619E-02,
    -7.857234338166E-03));
#5361 = CARTESIAN_POINT('',(-1.0122,-1.016213622119E-02,
    -8.80955801911E-03));
#5362 = PCURVE('',#5194,#5363);
#5363 = DEFINITIONAL_REPRESENTATION('',(#5364),#5368);
#5364 = LINE('',#5365,#5366);
#5365 = CARTESIAN_POINT('',(0.,1.));
#5366 = VECTOR('',#5367,1.);
#5367 = DIRECTION('',(1.,0.));
#5368 = ( GEOMETRIC_REPRESENTATION_CONTEXT(2) 
PARAMETRIC_REPRESENTATION_CONTEXT() REPRESENTATION_CONTEXT('2D SPACE',''
  ) );
#5369 = PCURVE('',#176,#5370);
#5370 = DEFINITIONAL_REPRESENTATION('',(#5371),#5374);
#5371 = B_SPLINE_CURVE_WITH_KNOTS('',1,(#5372,#5373),.UNSPECIFIED.,.F.,
  .F.,(2,2),(43.,44.),.PIECEWISE_BEZIER_KNOTS.);
#5372 = CARTESIAN_POINT('',(1.840460194921E-02,1.444358187604E-02));
#5373 = CARTESIAN_POINT('',(1.758610962953E-02,1.512887183572E-02));
#5374 = ( GEOMETRIC_REPRESENTATION_CONTEXT(2) 
PARAMETRIC_REPRESENTATION_CONTEXT() REPRESENTATION_CONTEXT('2D SPACE',''
  ) );
#5375 = ORIENTED_EDGE('',*,*,#5163,.F.);
#5376 = ADVANCED_FACE('',(#5377),#5313,.F.);
#5377 = FACE_BOUND('',#5378,.F.);
#5378 = EDGE_LOOP('',(#5379,#5400,#5475,#5494));
#5379 = ORIENTED_EDGE('',*,*,#5380,.T.);
#5380 = EDGE_CURVE('',#5262,#5381,#5383,.T.);
#5381 = VERTEX_POINT('',#5382);
#5382 = CARTESIAN_POINT('',(0.5378,-6.406708422145E-03,
    -5.535364629139E-03));
#5383 = SURFACE_CURVE('',#5384,(#5387,#5394),.PCURVE_S1.);
#5384 = B_SPLINE_CURVE_WITH_KNOTS('',1,(#5385,#5386),.UNSPECIFIED.,.F.,
  .F.,(2,2),(44.,45.),.PIECEWISE_BEZIER_KNOTS.);
#5385 = CARTESIAN_POINT('',(0.5378,-6.774757480796E-03,
    -5.034033153777E-03));
#5386 = CARTESIAN_POINT('',(0.5378,-6.406708422145E-03,
    -5.535364629139E-03));
#5387 = PCURVE('',#5313,#5388);
#5388 = DEFINITIONAL_REPRESENTATION('',(#5389),#5393);
#5389 = LINE('',#5390,#5391);
#5390 = CARTESIAN_POINT('',(0.,0.));
#5391 = VECTOR('',#5392,1.);
#5392 = DIRECTION('',(1.,0.));
#5393 = ( GEOMETRIC_REPRESENTATION_CONTEXT(2) 
PARAMETRIC_REPRESENTATION_CONTEXT() REPRESENTATION_CONTEXT('2D SPACE',''
  ) );
#5394 = PCURVE('',#75,#5395);
#5395 = DEFINITIONAL_REPRESENTATION('',(#5396),#5399);
#5396 = B_SPLINE_CURVE_WITH_KNOTS('',1,(#5397,#5398),.UNSPECIFIED.,.F.,
  .F.,(2,2),(44.,45.),.PIECEWISE_BEZIER_KNOTS.);
#5397 = CARTESIAN_POINT('',(1.347215209184E-02,7.206989297692E-03));
#5398 = CARTESIAN_POINT('',(1.300062896666E-02,7.612525116313E-03));
#5399 = ( GEOMETRIC_REPRESENTATION_CONTEXT(2) 
PARAMETRIC_REPRESENTATION_CONTEXT() REPRESENTATION_CONTEXT('2D SPACE',''
  ) );
#5400 = ORIENTED_EDGE('',*,*,#5401,.T.);
#5401 = EDGE_CURVE('',#5381,#5402,#5404,.T.);
#5402 = VERTEX_POINT('',#5403);
#5403 = CARTESIAN_POINT('',(-1.0122,-9.610062633218E-03,
    -9.686888100994E-03));
#5404 = SURFACE_CURVE('',#5405,(#5424,#5431),.PCURVE_S1.);
#5405 = ( BOUNDED_CURVE() B_SPLINE_CURVE(3,(#5406,#5407,#5408,#5409,
    #5410,#5411,#5412,#5413,#5414,#5415,#5416,#5417,#5418,#5419,#5420,
#5421,#5422,#5423),.UNSPECIFIED.,.F.,.F.) B_SPLINE_CURVE_WITH_KNOTS((4,1
    ,1,1,1,1,1,1,1,1,1,1,1,1,1,4),(0.,3.281818483209E-02,
    8.331472171401E-02,0.163169600212,0.282607356412,0.362210128519,
    0.441821211418,0.521490445595,0.611262750889,0.691167944743,
    0.761109091848,0.800978053181,0.860692828618,0.910445018305,
0.96019726339,1.),.UNSPECIFIED.) CURVE() GEOMETRIC_REPRESENTATION_ITEM()
 RATIONAL_B_SPLINE_CURVE((1.,1.,1.,1.,1.,1.,1.,1.,1.,1.,1.,1.,1.,1.,
    0.999999999999,1.000000000004,0.999999999993,1.)) 
REPRESENTATION_ITEM('') );
#5406 = CARTESIAN_POINT('',(0.5378,-6.406708422145E-03,
    -5.535364629139E-03));
#5407 = CARTESIAN_POINT('',(0.523430650188,-1.374938063177E-02,
    -1.301168611111E-02));
#5408 = CARTESIAN_POINT('',(0.483258792956,-2.520083763968E-02,
    -2.426248404261E-02));
#5409 = CARTESIAN_POINT('',(0.398489817948,-3.313373919796E-02,
    -3.219056369637E-02));
#5410 = CARTESIAN_POINT('',(0.269462582488,-3.922899056545E-02,
    -4.024630378978E-02));
#5411 = CARTESIAN_POINT('',(0.124451460313,-4.059820977349E-02,
    -4.127304367443E-02));
#5412 = CARTESIAN_POINT('',(-2.019705092663E-02,-4.215669889034E-02,
    -4.267034192813E-02));
#5413 = CARTESIAN_POINT('',(-0.144245251992,-4.041335343192E-02,
    -4.10883360309E-02));
#5414 = CARTESIAN_POINT('',(-0.273480101183,-3.626837494519E-02,
    -3.777779523255E-02));
#5415 = CARTESIAN_POINT('',(-0.402617556702,-2.946400947753E-02,
    -3.081308804651E-02));
#5416 = CARTESIAN_POINT('',(-0.526576732963,-2.108590956267E-02,
    -2.365104001488E-02));
#5417 = CARTESIAN_POINT('',(-0.624580534573,-1.482789213736E-02,
    -1.566600378647E-02));
#5418 = CARTESIAN_POINT('',(-0.712476506696,-1.143992160848E-02,
    -1.165878689178E-02));
#5419 = CARTESIAN_POINT('',(-0.790028640266,-1.010239657204E-02,
    -1.11850643549E-02));
#5420 = CARTESIAN_POINT('',(-0.872701839491,-1.062040484522E-02,
    -1.027561202445E-02));
#5421 = CARTESIAN_POINT('',(-0.945025744455,-9.900401832646E-03,
    -1.005780041869E-02));
#5422 = CARTESIAN_POINT('',(-0.991548335241,-8.66343802677E-03,
    -1.100827050599E-02));
#5423 = CARTESIAN_POINT('',(-1.0122,-9.610062633218E-03,
    -9.686888100994E-03));
#5424 = PCURVE('',#5313,#5425);
#5425 = DEFINITIONAL_REPRESENTATION('',(#5426),#5430);
#5426 = LINE('',#5427,#5428);
#5427 = CARTESIAN_POINT('',(45.,0.));
#5428 = VECTOR('',#5429,1.);
#5429 = DIRECTION('',(0.,1.));
#5430 = ( GEOMETRIC_REPRESENTATION_CONTEXT(2) 
PARAMETRIC_REPRESENTATION_CONTEXT() REPRESENTATION_CONTEXT('2D SPACE',''
  ) );
#5431 = PCURVE('',#5432,#5469);
#5432 = ( BOUNDED_SURFACE() B_SPLINE_SURFACE(1,3,(
    (#5433,#5434,#5435,#5436,#5437,#5438,#5439,#5440,#5441,#5442,#5443
      ,#5444,#5445,#5446,#5447,#5448,#5449,#5450)
    ,(#5451,#5452,#5453,#5454,#5455,#5456,#5457,#5458,#5459,#5460,#5461
      ,#5462,#5463,#5464,#5465,#5466,#5467,#5468
)),.UNSPECIFIED.,.F.,.F.,.F.) B_SPLINE_SURFACE_WITH_KNOTS((2,2),(4,1,1,1
    ,1,1,1,1,1,1,1,1,1,1,1,4),(45.,46.),(0.,3.281818483209E-02,
    8.331472171401E-02,0.163169600212,0.282607356412,0.362210128519,
    0.441821211418,0.521490445595,0.611262750889,0.691167944743,
    0.761109091848,0.800978053181,0.860692828618,0.910445018305,
0.96019726339,1.),.UNSPECIFIED.) GEOMETRIC_REPRESENTATION_ITEM() 
RATIONAL_B_SPLINE_SURFACE((
    (1.,1.,1.,1.,1.,1.,1.,1.,1.,1.,1.,1.,1.,1.,0.999999999999
      ,1.000000000004,0.999999999993,1.)
    ,(1.,1.,1.,1.,1.,1.,1.,1.,1.,1.,1.,1.,1.,1.,0.999999999999
,1.000000000004,0.999999999993,1.
  ))) REPRESENTATION_ITEM('') SURFACE() );
#5433 = CARTESIAN_POINT('',(0.5378,-6.406708422145E-03,
    -5.535364629139E-03));
#5434 = CARTESIAN_POINT('',(0.523430650188,-1.374938063177E-02,
    -1.301168611111E-02));
#5435 = CARTESIAN_POINT('',(0.483258792956,-2.520083763968E-02,
    -2.426248404261E-02));
#5436 = CARTESIAN_POINT('',(0.398489817948,-3.313373919796E-02,
    -3.219056369637E-02));
#5437 = CARTESIAN_POINT('',(0.269462582488,-3.922899056545E-02,
    -4.024630378978E-02));
#5438 = CARTESIAN_POINT('',(0.124451460313,-4.059820977349E-02,
    -4.127304367443E-02));
#5439 = CARTESIAN_POINT('',(-2.019705092663E-02,-4.215669889034E-02,
    -4.267034192813E-02));
#5440 = CARTESIAN_POINT('',(-0.144245251992,-4.041335343192E-02,
    -4.10883360309E-02));
#5441 = CARTESIAN_POINT('',(-0.273480101183,-3.626837494519E-02,
    -3.777779523255E-02));
#5442 = CARTESIAN_POINT('',(-0.402617556702,-2.946400947753E-02,
    -3.081308804651E-02));
#5443 = CARTESIAN_POINT('',(-0.526576732963,-2.108590956267E-02,
    -2.365104001488E-02));
#5444 = CARTESIAN_POINT('',(-0.624580534573,-1.482789213736E-02,
    -1.566600378647E-02));
#5445 = CARTESIAN_POINT('',(-0.712476506696,-1.143992160848E-02,
    -1.165878689178E-02));
#5446 = CARTESIAN_POINT('',(-0.790028640266,-1.010239657204E-02,
    -1.11850643549E-02));
#5447 = CARTESIAN_POINT('',(-0.872701839491,-1.062040484522E-02,
    -1.027561202445E-02));
#5448 = CARTESIAN_POINT('',(-0.945025744455,-9.900401832646E-03,
    -1.005780041869E-02));
#5449 = CARTESIAN_POINT('',(-0.991548335241,-8.66343802677E-03,
    -1.100827050599E-02));
#5450 = CARTESIAN_POINT('',(-1.0122,-9.610062633218E-03,
    -9.686888100994E-03));
#5451 = CARTESIAN_POINT('',(0.5378,-5.993228307507E-03,
    -5.993228307507E-03));
#5452 = CARTESIAN_POINT('',(0.523430650188,-1.286201459211E-02,
    -1.408796181537E-02));
#5453 = CARTESIAN_POINT('',(0.483258792956,-2.357441037787E-02,
    -2.626938167887E-02));
#5454 = CARTESIAN_POINT('',(0.398489817948,-3.0995333424E-02,
    -3.485324102483E-02));
#5455 = CARTESIAN_POINT('',(0.269462582488,-3.669720568507E-02,
    -4.35753203819E-02));
#5456 = CARTESIAN_POINT('',(0.124451460313,-3.797805737616E-02,
    -4.468698816775E-02));
#5457 = CARTESIAN_POINT('',(-2.019705092663E-02,-3.94359637575E-02,
    -4.619986545934E-02));
#5458 = CARTESIAN_POINT('',(-0.144245251992,-3.780513140761E-02,
    -4.44870022315E-02));
#5459 = CARTESIAN_POINT('',(-0.273480101183,-3.392766410868E-02,
    -4.090262646675E-02));
#5460 = CARTESIAN_POINT('',(-0.402617556702,-2.756244299225E-02,
    -3.336182598521E-02));
#5461 = CARTESIAN_POINT('',(-0.526576732963,-1.97250540767E-02,
    -2.560736139639E-02));
#5462 = CARTESIAN_POINT('',(-0.624580534573,-1.387092045442E-02,
    -1.696183425105E-02));
#5463 = CARTESIAN_POINT('',(-0.712476506696,-1.070160486509E-02,
    -1.262315607235E-02));
#5464 = CARTESIAN_POINT('',(-0.790028640266,-9.450401847521E-03,
    -1.211024906293E-02));
#5465 = CARTESIAN_POINT('',(-0.872701839491,-9.934978582096E-03,
    -1.112557039836E-02));
#5466 = CARTESIAN_POINT('',(-0.945025744455,-9.261443569578E-03,
    -1.088974226966E-02));
#5467 = CARTESIAN_POINT('',(-0.991548335241,-8.104311699909E-03,
    -1.19188315196E-02));
#5468 = CARTESIAN_POINT('',(-1.0122,-8.98984246126E-03,
    -1.048814953814E-02));
#5469 = DEFINITIONAL_REPRESENTATION('',(#5470),#5474);
#5470 = LINE('',#5471,#5472);
#5471 = CARTESIAN_POINT('',(45.,0.));
#5472 = VECTOR('',#5473,1.);
#5473 = DIRECTION('',(0.,1.));
#5474 = ( GEOMETRIC_REPRESENTATION_CONTEXT(2) 
PARAMETRIC_REPRESENTATION_CONTEXT() REPRESENTATION_CONTEXT('2D SPACE',''
  ) );
#5475 = ORIENTED_EDGE('',*,*,#5476,.F.);
#5476 = EDGE_CURVE('',#5283,#5402,#5477,.T.);
#5477 = SURFACE_CURVE('',#5478,(#5481,#5488),.PCURVE_S1.);
#5478 = B_SPLINE_CURVE_WITH_KNOTS('',1,(#5479,#5480),.UNSPECIFIED.,.F.,
  .F.,(2,2),(44.,45.),.PIECEWISE_BEZIER_KNOTS.);
#5479 = CARTESIAN_POINT('',(-1.0122,-1.016213622119E-02,
    -8.80955801911E-03));
#5480 = CARTESIAN_POINT('',(-1.0122,-9.610062633218E-03,
    -9.686888100994E-03));
#5481 = PCURVE('',#5313,#5482);
#5482 = DEFINITIONAL_REPRESENTATION('',(#5483),#5487);
#5483 = LINE('',#5484,#5485);
#5484 = CARTESIAN_POINT('',(0.,1.));
#5485 = VECTOR('',#5486,1.);
#5486 = DIRECTION('',(1.,0.));
#5487 = ( GEOMETRIC_REPRESENTATION_CONTEXT(2) 
PARAMETRIC_REPRESENTATION_CONTEXT() REPRESENTATION_CONTEXT('2D SPACE',''
  ) );
#5488 = PCURVE('',#176,#5489);
#5489 = DEFINITIONAL_REPRESENTATION('',(#5490),#5493);
#5490 = B_SPLINE_CURVE_WITH_KNOTS('',1,(#5491,#5492),.UNSPECIFIED.,.F.,
  .F.,(2,2),(44.,45.),.PIECEWISE_BEZIER_KNOTS.);
#5491 = CARTESIAN_POINT('',(1.758610962953E-02,1.512887183572E-02));
#5492 = CARTESIAN_POINT('',(1.673304872547E-02,1.571775247991E-02));
#5493 = ( GEOMETRIC_REPRESENTATION_CONTEXT(2) 
PARAMETRIC_REPRESENTATION_CONTEXT() REPRESENTATION_CONTEXT('2D SPACE',''
  ) );
#5494 = ORIENTED_EDGE('',*,*,#5282,.F.);
#5495 = ADVANCED_FACE('',(#5496),#5432,.F.);
#5496 = FACE_BOUND('',#5497,.F.);
#5497 = EDGE_LOOP('',(#5498,#5519,#5594,#5613));
#5498 = ORIENTED_EDGE('',*,*,#5499,.T.);
#5499 = EDGE_CURVE('',#5381,#5500,#5502,.T.);
#5500 = VERTEX_POINT('',#5501);
#5501 = CARTESIAN_POINT('',(0.5378,-5.993228307507E-03,
    -5.993228307507E-03));
#5502 = SURFACE_CURVE('',#5503,(#5506,#5513),.PCURVE_S1.);
#5503 = B_SPLINE_CURVE_WITH_KNOTS('',1,(#5504,#5505),.UNSPECIFIED.,.F.,
  .F.,(2,2),(45.,46.),.PIECEWISE_BEZIER_KNOTS.);
#5504 = CARTESIAN_POINT('',(0.5378,-6.406708422145E-03,
    -5.535364629139E-03));
#5505 = CARTESIAN_POINT('',(0.5378,-5.993228307507E-03,
    -5.993228307507E-03));
#5506 = PCURVE('',#5432,#5507);
#5507 = DEFINITIONAL_REPRESENTATION('',(#5508),#5512);
#5508 = LINE('',#5509,#5510);
#5509 = CARTESIAN_POINT('',(0.,0.));
#5510 = VECTOR('',#5511,1.);
#5511 = DIRECTION('',(1.,0.));
#5512 = ( GEOMETRIC_REPRESENTATION_CONTEXT(2) 
PARAMETRIC_REPRESENTATION_CONTEXT() REPRESENTATION_CONTEXT('2D SPACE',''
  ) );
#5513 = PCURVE('',#75,#5514);
#5514 = DEFINITIONAL_REPRESENTATION('',(#5515),#5518);
#5515 = B_SPLINE_CURVE_WITH_KNOTS('',1,(#5516,#5517),.UNSPECIFIED.,.F.,
  .F.,(2,2),(45.,46.),.PIECEWISE_BEZIER_KNOTS.);
#5516 = CARTESIAN_POINT('',(1.300062896666E-02,7.612525116313E-03));
#5517 = CARTESIAN_POINT('',(1.249463443075E-02,7.965476221702E-03));
#5518 = ( GEOMETRIC_REPRESENTATION_CONTEXT(2) 
PARAMETRIC_REPRESENTATION_CONTEXT() REPRESENTATION_CONTEXT('2D SPACE',''
  ) );
#5519 = ORIENTED_EDGE('',*,*,#5520,.T.);
#5520 = EDGE_CURVE('',#5500,#5521,#5523,.T.);
#5521 = VERTEX_POINT('',#5522);
#5522 = CARTESIAN_POINT('',(-1.0122,-8.98984246126E-03,
    -1.048814953814E-02));
#5523 = SURFACE_CURVE('',#5524,(#5543,#5550),.PCURVE_S1.);
#5524 = ( BOUNDED_CURVE() B_SPLINE_CURVE(3,(#5525,#5526,#5527,#5528,
    #5529,#5530,#5531,#5532,#5533,#5534,#5535,#5536,#5537,#5538,#5539,
#5540,#5541,#5542),.UNSPECIFIED.,.F.,.F.) B_SPLINE_CURVE_WITH_KNOTS((4,1
    ,1,1,1,1,1,1,1,1,1,1,1,1,1,4),(0.,3.281818483209E-02,
    8.331472171401E-02,0.163169600212,0.282607356412,0.362210128519,
    0.441821211418,0.521490445595,0.611262750889,0.691167944743,
    0.761109091848,0.800978053181,0.860692828618,0.910445018305,
0.96019726339,1.),.UNSPECIFIED.) CURVE() GEOMETRIC_REPRESENTATION_ITEM()
 RATIONAL_B_SPLINE_CURVE((1.,1.,1.,1.,1.,1.,1.,1.,1.,1.,1.,1.,1.,1.,
    0.999999999999,1.000000000004,0.999999999993,1.)) 
REPRESENTATION_ITEM('') );
#5525 = CARTESIAN_POINT('',(0.5378,-5.993228307507E-03,
    -5.993228307507E-03));
#5526 = CARTESIAN_POINT('',(0.523430650188,-1.286201459211E-02,
    -1.408796181537E-02));
#5527 = CARTESIAN_POINT('',(0.483258792956,-2.357441037787E-02,
    -2.626938167887E-02));
#5528 = CARTESIAN_POINT('',(0.398489817948,-3.0995333424E-02,
    -3.485324102483E-02));
#5529 = CARTESIAN_POINT('',(0.269462582488,-3.669720568507E-02,
    -4.35753203819E-02));
#5530 = CARTESIAN_POINT('',(0.124451460313,-3.797805737616E-02,
    -4.468698816775E-02));
#5531 = CARTESIAN_POINT('',(-2.019705092663E-02,-3.94359637575E-02,
    -4.619986545934E-02));
#5532 = CARTESIAN_POINT('',(-0.144245251992,-3.780513140761E-02,
    -4.44870022315E-02));
#5533 = CARTESIAN_POINT('',(-0.273480101183,-3.392766410868E-02,
    -4.090262646675E-02));
#5534 = CARTESIAN_POINT('',(-0.402617556702,-2.756244299225E-02,
    -3.336182598521E-02));
#5535 = CARTESIAN_POINT('',(-0.526576732963,-1.97250540767E-02,
    -2.560736139639E-02));
#5536 = CARTESIAN_POINT('',(-0.624580534573,-1.387092045442E-02,
    -1.696183425105E-02));
#5537 = CARTESIAN_POINT('',(-0.712476506696,-1.070160486509E-02,
    -1.262315607235E-02));
#5538 = CARTESIAN_POINT('',(-0.790028640266,-9.450401847521E-03,
    -1.211024906293E-02));
#5539 = CARTESIAN_POINT('',(-0.872701839491,-9.934978582096E-03,
    -1.112557039836E-02));
#5540 = CARTESIAN_POINT('',(-0.945025744455,-9.261443569578E-03,
    -1.088974226966E-02));
#5541 = CARTESIAN_POINT('',(-0.991548335241,-8.104311699909E-03,
    -1.19188315196E-02));
#5542 = CARTESIAN_POINT('',(-1.0122,-8.98984246126E-03,
    -1.048814953814E-02));
#5543 = PCURVE('',#5432,#5544);
#5544 = DEFINITIONAL_REPRESENTATION('',(#5545),#5549);
#5545 = LINE('',#5546,#5547);
#5546 = CARTESIAN_POINT('',(46.,0.));
#5547 = VECTOR('',#5548,1.);
#5548 = DIRECTION('',(0.,1.));
#5549 = ( GEOMETRIC_REPRESENTATION_CONTEXT(2) 
PARAMETRIC_REPRESENTATION_CONTEXT() REPRESENTATION_CONTEXT('2D SPACE',''
  ) );
#5550 = PCURVE('',#5551,#5588);
#5551 = ( BOUNDED_SURFACE() B_SPLINE_SURFACE(1,3,(
    (#5552,#5553,#5554,#5555,#5556,#5557,#5558,#5559,#5560,#5561,#5562
      ,#5563,#5564,#5565,#5566,#5567,#5568,#5569)
    ,(#5570,#5571,#5572,#5573,#5574,#5575,#5576,#5577,#5578,#5579,#5580
      ,#5581,#5582,#5583,#5584,#5585,#5586,#5587
)),.UNSPECIFIED.,.F.,.F.,.F.) B_SPLINE_SURFACE_WITH_KNOTS((2,2),(4,1,1,1
    ,1,1,1,1,1,1,1,1,1,1,1,4),(46.,47.),(0.,3.281818483209E-02,
    8.331472171401E-02,0.163169600212,0.282607356412,0.362210128519,
    0.441821211418,0.521490445595,0.611262750889,0.691167944743,
    0.761109091848,0.800978053181,0.860692828618,0.910445018305,
0.96019726339,1.),.UNSPECIFIED.) GEOMETRIC_REPRESENTATION_ITEM() 
RATIONAL_B_SPLINE_SURFACE((
    (1.,1.,1.,1.,1.,1.,1.,1.,1.,1.,1.,1.,1.,1.,0.999999999999
      ,1.000000000004,0.999999999993,1.)
    ,(1.,1.,1.,1.,1.,1.,1.,1.,1.,1.,1.,1.,1.,1.,0.999999999999
,1.000000000004,0.999999999993,1.
  ))) REPRESENTATION_ITEM('') SURFACE() );
#5552 = CARTESIAN_POINT('',(0.5378,-5.993228307507E-03,
    -5.993228307507E-03));
#5553 = CARTESIAN_POINT('',(0.523430650188,-1.286201459211E-02,
    -1.408796181537E-02));
#5554 = CARTESIAN_POINT('',(0.483258792956,-2.357441037787E-02,
    -2.626938167887E-02));
#5555 = CARTESIAN_POINT('',(0.398489817948,-3.0995333424E-02,
    -3.485324102483E-02));
#5556 = CARTESIAN_POINT('',(0.269462582488,-3.669720568507E-02,
    -4.35753203819E-02));
#5557 = CARTESIAN_POINT('',(0.124451460313,-3.797805737616E-02,
    -4.468698816775E-02));
#5558 = CARTESIAN_POINT('',(-2.019705092663E-02,-3.94359637575E-02,
    -4.619986545934E-02));
#5559 = CARTESIAN_POINT('',(-0.144245251992,-3.780513140761E-02,
    -4.44870022315E-02));
#5560 = CARTESIAN_POINT('',(-0.273480101183,-3.392766410868E-02,
    -4.090262646675E-02));
#5561 = CARTESIAN_POINT('',(-0.402617556702,-2.756244299225E-02,
    -3.336182598521E-02));
#5562 = CARTESIAN_POINT('',(-0.526576732963,-1.97250540767E-02,
    -2.560736139639E-02));
#5563 = CARTESIAN_POINT('',(-0.624580534573,-1.387092045442E-02,
    -1.696183425105E-02));
#5564 = CARTESIAN_POINT('',(-0.712476506696,-1.070160486509E-02,
    -1.262315607235E-02));
#5565 = CARTESIAN_POINT('',(-0.790028640266,-9.450401847521E-03,
    -1.211024906293E-02));
#5566 = CARTESIAN_POINT('',(-0.872701839491,-9.934978582096E-03,
    -1.112557039836E-02));
#5567 = CARTESIAN_POINT('',(-0.945025744455,-9.261443569578E-03,
    -1.088974226966E-02));
#5568 = CARTESIAN_POINT('',(-0.991548335241,-8.104311699909E-03,
    -1.19188315196E-02));
#5569 = CARTESIAN_POINT('',(-1.0122,-8.98984246126E-03,
    -1.048814953814E-02));
#5570 = CARTESIAN_POINT('',(0.5378,-5.535364629139E-03,
    -6.406708422145E-03));
#5571 = CARTESIAN_POINT('',(0.523430650188,-1.187939737645E-02,
    -1.505990744593E-02));
#5572 = CARTESIAN_POINT('',(0.483258792956,-2.177340002133E-02,
    -2.808173829049E-02));
#5573 = CARTESIAN_POINT('',(0.398489817948,-2.862738802871E-02,
    -3.725780853921E-02));
#5574 = CARTESIAN_POINT('',(0.269462582488,-3.389365529142E-02,
    -4.658163476582E-02));
#5575 = CARTESIAN_POINT('',(0.124451460313,-3.50766539663E-02,
    -4.77699978651E-02));
#5576 = CARTESIAN_POINT('',(-2.019705092663E-02,-3.642318091335E-02,
    -4.93872504022E-02));
#5577 = CARTESIAN_POINT('',(-0.144245251992,-3.491693899456E-02,
    -4.755621465573E-02));
#5578 = CARTESIAN_POINT('',(-0.273480101183,-3.133569792782E-02,
    -4.372454844481E-02));
#5579 = CARTESIAN_POINT('',(-0.402617556702,-2.545675956327E-02,
    -3.566349896096E-02));
#5580 = CARTESIAN_POINT('',(-0.526576732963,-1.821812236108E-02,
    -2.737404442305E-02));
#5581 = CARTESIAN_POINT('',(-0.624580534573,-1.281122602335E-02,
    -1.813205183842E-02));
#5582 = CARTESIAN_POINT('',(-0.712476506696,-9.884036116395E-03,
    -1.349404297205E-02));
#5583 = CARTESIAN_POINT('',(-0.790028640266,-8.728421050224E-03,
    -1.294574988384E-02));
#5584 = CARTESIAN_POINT('',(-0.872701839491,-9.17597765554E-03,
    -1.189313703987E-02));
#5585 = CARTESIAN_POINT('',(-0.945025744455,-8.553898586983E-03,
    -1.164103884151E-02));
#5586 = CARTESIAN_POINT('',(-0.991548335241,-7.485167930097E-03,
    -1.274112621133E-02));
#5587 = CARTESIAN_POINT('',(-1.0122,-8.303046943709E-03,
    -1.121173973875E-02));
#5588 = DEFINITIONAL_REPRESENTATION('',(#5589),#5593);
#5589 = LINE('',#5590,#5591);
#5590 = CARTESIAN_POINT('',(46.,0.));
#5591 = VECTOR('',#5592,1.);
#5592 = DIRECTION('',(0.,1.));
#5593 = ( GEOMETRIC_REPRESENTATION_CONTEXT(2) 
PARAMETRIC_REPRESENTATION_CONTEXT() REPRESENTATION_CONTEXT('2D SPACE',''
  ) );
#5594 = ORIENTED_EDGE('',*,*,#5595,.F.);
#5595 = EDGE_CURVE('',#5402,#5521,#5596,.T.);
#5596 = SURFACE_CURVE('',#5597,(#5600,#5607),.PCURVE_S1.);
#5597 = B_SPLINE_CURVE_WITH_KNOTS('',1,(#5598,#5599),.UNSPECIFIED.,.F.,
  .F.,(2,2),(45.,46.),.PIECEWISE_BEZIER_KNOTS.);
#5598 = CARTESIAN_POINT('',(-1.0122,-9.610062633218E-03,
    -9.686888100994E-03));
#5599 = CARTESIAN_POINT('',(-1.0122,-8.98984246126E-03,
    -1.048814953814E-02));
#5600 = PCURVE('',#5432,#5601);
#5601 = DEFINITIONAL_REPRESENTATION('',(#5602),#5606);
#5602 = LINE('',#5603,#5604);
#5603 = CARTESIAN_POINT('',(0.,1.));
#5604 = VECTOR('',#5605,1.);
#5605 = DIRECTION('',(1.,0.));
#5606 = ( GEOMETRIC_REPRESENTATION_CONTEXT(2) 
PARAMETRIC_REPRESENTATION_CONTEXT() REPRESENTATION_CONTEXT('2D SPACE',''
  ) );
#5607 = PCURVE('',#176,#5608);
#5608 = DEFINITIONAL_REPRESENTATION('',(#5609),#5612);
#5609 = B_SPLINE_CURVE_WITH_KNOTS('',1,(#5610,#5611),.UNSPECIFIED.,.F.,
  .F.,(2,2),(45.,46.),.PIECEWISE_BEZIER_KNOTS.);
#5610 = CARTESIAN_POINT('',(1.673304872547E-02,1.571775247991E-02));
#5611 = CARTESIAN_POINT('',(1.58473207286E-02,1.620986920174E-02));
#5612 = ( GEOMETRIC_REPRESENTATION_CONTEXT(2) 
PARAMETRIC_REPRESENTATION_CONTEXT() REPRESENTATION_CONTEXT('2D SPACE',''
  ) );
#5613 = ORIENTED_EDGE('',*,*,#5401,.F.);
#5614 = ADVANCED_FACE('',(#5615),#5551,.F.);
#5615 = FACE_BOUND('',#5616,.F.);
#5616 = EDGE_LOOP('',(#5617,#5638,#5713,#5732));
#5617 = ORIENTED_EDGE('',*,*,#5618,.T.);
#5618 = EDGE_CURVE('',#5500,#5619,#5621,.T.);
#5619 = VERTEX_POINT('',#5620);
#5620 = CARTESIAN_POINT('',(0.5378,-5.535364629139E-03,
    -6.406708422145E-03));
#5621 = SURFACE_CURVE('',#5622,(#5625,#5632),.PCURVE_S1.);
#5622 = B_SPLINE_CURVE_WITH_KNOTS('',1,(#5623,#5624),.UNSPECIFIED.,.F.,
  .F.,(2,2),(46.,47.),.PIECEWISE_BEZIER_KNOTS.);
#5623 = CARTESIAN_POINT('',(0.5378,-5.993228307507E-03,
    -5.993228307507E-03));
#5624 = CARTESIAN_POINT('',(0.5378,-5.535364629139E-03,
    -6.406708422145E-03));
#5625 = PCURVE('',#5551,#5626);
#5626 = DEFINITIONAL_REPRESENTATION('',(#5627),#5631);
#5627 = LINE('',#5628,#5629);
#5628 = CARTESIAN_POINT('',(0.,0.));
#5629 = VECTOR('',#5630,1.);
#5630 = DIRECTION('',(1.,0.));
#5631 = ( GEOMETRIC_REPRESENTATION_CONTEXT(2) 
PARAMETRIC_REPRESENTATION_CONTEXT() REPRESENTATION_CONTEXT('2D SPACE',''
  ) );
#5632 = PCURVE('',#75,#5633);
#5633 = DEFINITIONAL_REPRESENTATION('',(#5634),#5637);
#5634 = B_SPLINE_CURVE_WITH_KNOTS('',1,(#5635,#5636),.UNSPECIFIED.,.F.,
  .F.,(2,2),(46.,47.),.PIECEWISE_BEZIER_KNOTS.);
#5635 = CARTESIAN_POINT('',(1.249463443075E-02,7.965476221702E-03));
#5636 = CARTESIAN_POINT('',(1.195539534568E-02,8.265186352173E-03));
#5637 = ( GEOMETRIC_REPRESENTATION_CONTEXT(2) 
PARAMETRIC_REPRESENTATION_CONTEXT() REPRESENTATION_CONTEXT('2D SPACE',''
  ) );
#5638 = ORIENTED_EDGE('',*,*,#5639,.T.);
#5639 = EDGE_CURVE('',#5619,#5640,#5642,.T.);
#5640 = VERTEX_POINT('',#5641);
#5641 = CARTESIAN_POINT('',(-1.0122,-8.303046943709E-03,
    -1.121173973875E-02));
#5642 = SURFACE_CURVE('',#5643,(#5662,#5669),.PCURVE_S1.);
#5643 = ( BOUNDED_CURVE() B_SPLINE_CURVE(3,(#5644,#5645,#5646,#5647,
    #5648,#5649,#5650,#5651,#5652,#5653,#5654,#5655,#5656,#5657,#5658,
#5659,#5660,#5661),.UNSPECIFIED.,.F.,.F.) B_SPLINE_CURVE_WITH_KNOTS((4,1
    ,1,1,1,1,1,1,1,1,1,1,1,1,1,4),(0.,3.281818483209E-02,
    8.331472171401E-02,0.163169600212,0.282607356412,0.362210128519,
    0.441821211418,0.521490445595,0.611262750889,0.691167944743,
    0.761109091848,0.800978053181,0.860692828618,0.910445018305,
0.96019726339,1.),.UNSPECIFIED.) CURVE() GEOMETRIC_REPRESENTATION_ITEM()
 RATIONAL_B_SPLINE_CURVE((1.,1.,1.,1.,1.,1.,1.,1.,1.,1.,1.,1.,1.,1.,
    0.999999999999,1.000000000004,0.999999999993,1.)) 
REPRESENTATION_ITEM('') );
#5644 = CARTESIAN_POINT('',(0.5378,-5.535364629139E-03,
    -6.406708422145E-03));
#5645 = CARTESIAN_POINT('',(0.523430650188,-1.187939737645E-02,
    -1.505990744593E-02));
#5646 = CARTESIAN_POINT('',(0.483258792956,-2.177340002133E-02,
    -2.808173829049E-02));
#5647 = CARTESIAN_POINT('',(0.398489817948,-2.862738802871E-02,
    -3.725780853921E-02));
#5648 = CARTESIAN_POINT('',(0.269462582488,-3.389365529142E-02,
    -4.658163476582E-02));
#5649 = CARTESIAN_POINT('',(0.124451460313,-3.50766539663E-02,
    -4.77699978651E-02));
#5650 = CARTESIAN_POINT('',(-2.019705092663E-02,-3.642318091335E-02,
    -4.93872504022E-02));
#5651 = CARTESIAN_POINT('',(-0.144245251992,-3.491693899456E-02,
    -4.755621465573E-02));
#5652 = CARTESIAN_POINT('',(-0.273480101183,-3.133569792782E-02,
    -4.372454844481E-02));
#5653 = CARTESIAN_POINT('',(-0.402617556702,-2.545675956327E-02,
    -3.566349896096E-02));
#5654 = CARTESIAN_POINT('',(-0.526576732963,-1.821812236108E-02,
    -2.737404442305E-02));
#5655 = CARTESIAN_POINT('',(-0.624580534573,-1.281122602335E-02,
    -1.813205183842E-02));
#5656 = CARTESIAN_POINT('',(-0.712476506696,-9.884036116395E-03,
    -1.349404297205E-02));
#5657 = CARTESIAN_POINT('',(-0.790028640266,-8.728421050224E-03,
    -1.294574988384E-02));
#5658 = CARTESIAN_POINT('',(-0.872701839491,-9.17597765554E-03,
    -1.189313703987E-02));
#5659 = CARTESIAN_POINT('',(-0.945025744455,-8.553898586983E-03,
    -1.164103884151E-02));
#5660 = CARTESIAN_POINT('',(-0.991548335241,-7.485167930097E-03,
    -1.274112621133E-02));
#5661 = CARTESIAN_POINT('',(-1.0122,-8.303046943709E-03,
    -1.121173973875E-02));
#5662 = PCURVE('',#5551,#5663);
#5663 = DEFINITIONAL_REPRESENTATION('',(#5664),#5668);
#5664 = LINE('',#5665,#5666);
#5665 = CARTESIAN_POINT('',(47.,0.));
#5666 = VECTOR('',#5667,1.);
#5667 = DIRECTION('',(0.,1.));
#5668 = ( GEOMETRIC_REPRESENTATION_CONTEXT(2) 
PARAMETRIC_REPRESENTATION_CONTEXT() REPRESENTATION_CONTEXT('2D SPACE',''
  ) );
#5669 = PCURVE('',#5670,#5707);
#5670 = ( BOUNDED_SURFACE() B_SPLINE_SURFACE(1,3,(
    (#5671,#5672,#5673,#5674,#5675,#5676,#5677,#5678,#5679,#5680,#5681
      ,#5682,#5683,#5684,#5685,#5686,#5687,#5688)
    ,(#5689,#5690,#5691,#5692,#5693,#5694,#5695,#5696,#5697,#5698,#5699
      ,#5700,#5701,#5702,#5703,#5704,#5705,#5706
)),.UNSPECIFIED.,.F.,.F.,.F.) B_SPLINE_SURFACE_WITH_KNOTS((2,2),(4,1,1,1
    ,1,1,1,1,1,1,1,1,1,1,1,4),(47.,48.),(0.,3.281818483209E-02,
    8.331472171401E-02,0.163169600212,0.282607356412,0.362210128519,
    0.441821211418,0.521490445595,0.611262750889,0.691167944743,
    0.761109091848,0.800978053181,0.860692828618,0.910445018305,
0.96019726339,1.),.UNSPECIFIED.) GEOMETRIC_REPRESENTATION_ITEM() 
RATIONAL_B_SPLINE_SURFACE((
    (1.,1.,1.,1.,1.,1.,1.,1.,1.,1.,1.,1.,1.,1.,0.999999999999
      ,1.000000000004,0.999999999993,1.)
    ,(1.,1.,1.,1.,1.,1.,1.,1.,1.,1.,1.,1.,1.,1.,0.999999999999
,1.000000000004,0.999999999993,1.
  ))) REPRESENTATION_ITEM('') SURFACE() );
#5671 = CARTESIAN_POINT('',(0.5378,-5.535364629139E-03,
    -6.406708422145E-03));
#5672 = CARTESIAN_POINT('',(0.523430650188,-1.187939737645E-02,
    -1.505990744593E-02));
#5673 = CARTESIAN_POINT('',(0.483258792956,-2.177340002133E-02,
    -2.808173829049E-02));
#5674 = CARTESIAN_POINT('',(0.398489817948,-2.862738802871E-02,
    -3.725780853921E-02));
#5675 = CARTESIAN_POINT('',(0.269462582488,-3.389365529142E-02,
    -4.658163476582E-02));
#5676 = CARTESIAN_POINT('',(0.124451460313,-3.50766539663E-02,
    -4.77699978651E-02));
#5677 = CARTESIAN_POINT('',(-2.019705092663E-02,-3.642318091335E-02,
    -4.93872504022E-02));
#5678 = CARTESIAN_POINT('',(-0.144245251992,-3.491693899456E-02,
    -4.755621465573E-02));
#5679 = CARTESIAN_POINT('',(-0.273480101183,-3.133569792782E-02,
    -4.372454844481E-02));
#5680 = CARTESIAN_POINT('',(-0.402617556702,-2.545675956327E-02,
    -3.566349896096E-02));
#5681 = CARTESIAN_POINT('',(-0.526576732963,-1.821812236108E-02,
    -2.737404442305E-02));
#5682 = CARTESIAN_POINT('',(-0.624580534573,-1.281122602335E-02,
    -1.813205183842E-02));
#5683 = CARTESIAN_POINT('',(-0.712476506696,-9.884036116395E-03,
    -1.349404297205E-02));
#5684 = CARTESIAN_POINT('',(-0.790028640266,-8.728421050224E-03,
    -1.294574988384E-02));
#5685 = CARTESIAN_POINT('',(-0.872701839491,-9.17597765554E-03,
    -1.189313703987E-02));
#5686 = CARTESIAN_POINT('',(-0.945025744455,-8.553898586983E-03,
    -1.164103884151E-02));
#5687 = CARTESIAN_POINT('',(-0.991548335241,-7.485167930097E-03,
    -1.274112621133E-02));
#5688 = CARTESIAN_POINT('',(-1.0122,-8.303046943709E-03,
    -1.121173973875E-02));
#5689 = CARTESIAN_POINT('',(0.5378,-5.034033153777E-03,
    -6.774757480796E-03));
#5690 = CARTESIAN_POINT('',(0.523430650188,-1.080349430373E-02,
    -1.592506071865E-02));
#5691 = CARTESIAN_POINT('',(0.483258792956,-1.980140874565E-02,
    -2.969496253329E-02));
#5692 = CARTESIAN_POINT('',(0.398489817948,-2.60346391065E-02,
    -3.939817461437E-02));
#5693 = CARTESIAN_POINT('',(0.269462582488,-3.082394672638E-02,
    -4.925763087744E-02));
#5694 = CARTESIAN_POINT('',(0.124451460313,-3.189980260024E-02,
    -5.051426240588E-02));
#5695 = CARTESIAN_POINT('',(-2.019705092663E-02,-3.312437618266E-02,
    -5.222442197645E-02));
#5696 = CARTESIAN_POINT('',(-0.144245251992,-3.175455282597E-02,
    -5.028819789638E-02));
#5697 = CARTESIAN_POINT('',(-0.273480101183,-2.84976605579E-02,
    -4.623641223424E-02));
#5698 = CARTESIAN_POINT('',(-0.402617556702,-2.315117073853E-02,
    -3.771227601712E-02));
#5699 = CARTESIAN_POINT('',(-0.526576732963,-1.656812840882E-02,
    -2.894661345811E-02));
#5700 = CARTESIAN_POINT('',(-0.624580534573,-1.165092832414E-02,
    -1.917369197105E-02));
#5701 = CARTESIAN_POINT('',(-0.712476506696,-8.988850570232E-03,
    -1.426924132447E-02));
#5702 = CARTESIAN_POINT('',(-0.790028640266,-7.937898203763E-03,
    -1.368945019676E-02));
#5703 = CARTESIAN_POINT('',(-0.872701839491,-8.344920132912E-03,
    -1.257636742956E-02));
#5704 = CARTESIAN_POINT('',(-0.945025744455,-7.779182034881E-03,
    -1.230978683273E-02));
#5705 = CARTESIAN_POINT('',(-0.991548335241,-6.807245059471E-03,
    -1.347307141606E-02));
#5706 = CARTESIAN_POINT('',(-1.0122,-7.551049730665E-03,
    -1.185582559139E-02));
#5707 = DEFINITIONAL_REPRESENTATION('',(#5708),#5712);
#5708 = LINE('',#5709,#5710);
#5709 = CARTESIAN_POINT('',(47.,0.));
#5710 = VECTOR('',#5711,1.);
#5711 = DIRECTION('',(0.,1.));
#5712 = ( GEOMETRIC_REPRESENTATION_CONTEXT(2) 
PARAMETRIC_REPRESENTATION_CONTEXT() REPRESENTATION_CONTEXT('2D SPACE',''
  ) );
#5713 = ORIENTED_EDGE('',*,*,#5714,.F.);
#5714 = EDGE_CURVE('',#5521,#5640,#5715,.T.);
#5715 = SURFACE_CURVE('',#5716,(#5719,#5726),.PCURVE_S1.);
#5716 = B_SPLINE_CURVE_WITH_KNOTS('',1,(#5717,#5718),.UNSPECIFIED.,.F.,
  .F.,(2,2),(46.,47.),.PIECEWISE_BEZIER_KNOTS.);
#5717 = CARTESIAN_POINT('',(-1.0122,-8.98984246126E-03,
    -1.048814953814E-02));
#5718 = CARTESIAN_POINT('',(-1.0122,-8.303046943709E-03,
    -1.121173973875E-02));
#5719 = PCURVE('',#5551,#5720);
#5720 = DEFINITIONAL_REPRESENTATION('',(#5721),#5725);
#5721 = LINE('',#5722,#5723);
#5722 = CARTESIAN_POINT('',(0.,1.));
#5723 = VECTOR('',#5724,1.);
#5724 = DIRECTION('',(1.,0.));
#5725 = ( GEOMETRIC_REPRESENTATION_CONTEXT(2) 
PARAMETRIC_REPRESENTATION_CONTEXT() REPRESENTATION_CONTEXT('2D SPACE',''
  ) );
#5726 = PCURVE('',#176,#5727);
#5727 = DEFINITIONAL_REPRESENTATION('',(#5728),#5731);
#5728 = B_SPLINE_CURVE_WITH_KNOTS('',1,(#5729,#5730),.UNSPECIFIED.,.F.,
  .F.,(2,2),(46.,47.),.PIECEWISE_BEZIER_KNOTS.);
#5729 = CARTESIAN_POINT('',(1.58473207286E-02,1.620986920174E-02));
#5730 = CARTESIAN_POINT('',(1.493100116724E-02,1.660436802662E-02));
#5731 = ( GEOMETRIC_REPRESENTATION_CONTEXT(2) 
PARAMETRIC_REPRESENTATION_CONTEXT() REPRESENTATION_CONTEXT('2D SPACE',''
  ) );
#5732 = ORIENTED_EDGE('',*,*,#5520,.F.);
#5733 = ADVANCED_FACE('',(#5734),#5670,.F.);
#5734 = FACE_BOUND('',#5735,.F.);
#5735 = EDGE_LOOP('',(#5736,#5757,#5832,#5851));
#5736 = ORIENTED_EDGE('',*,*,#5737,.T.);
#5737 = EDGE_CURVE('',#5619,#5738,#5740,.T.);
#5738 = VERTEX_POINT('',#5739);
#5739 = CARTESIAN_POINT('',(0.5378,-5.034033153777E-03,
    -6.774757480796E-03));
#5740 = SURFACE_CURVE('',#5741,(#5744,#5751),.PCURVE_S1.);
#5741 = B_SPLINE_CURVE_WITH_KNOTS('',1,(#5742,#5743),.UNSPECIFIED.,.F.,
  .F.,(2,2),(47.,48.),.PIECEWISE_BEZIER_KNOTS.);
#5742 = CARTESIAN_POINT('',(0.5378,-5.535364629139E-03,
    -6.406708422145E-03));
#5743 = CARTESIAN_POINT('',(0.5378,-5.034033153777E-03,
    -6.774757480796E-03));
#5744 = PCURVE('',#5670,#5745);
#5745 = DEFINITIONAL_REPRESENTATION('',(#5746),#5750);
#5746 = LINE('',#5747,#5748);
#5747 = CARTESIAN_POINT('',(0.,0.));
#5748 = VECTOR('',#5749,1.);
#5749 = DIRECTION('',(1.,0.));
#5750 = ( GEOMETRIC_REPRESENTATION_CONTEXT(2) 
PARAMETRIC_REPRESENTATION_CONTEXT() REPRESENTATION_CONTEXT('2D SPACE',''
  ) );
#5751 = PCURVE('',#75,#5752);
#5752 = DEFINITIONAL_REPRESENTATION('',(#5753),#5756);
#5753 = B_SPLINE_CURVE_WITH_KNOTS('',1,(#5754,#5755),.UNSPECIFIED.,.F.,
  .F.,(2,2),(47.,48.),.PIECEWISE_BEZIER_KNOTS.);
#5754 = CARTESIAN_POINT('',(1.195539534568E-02,8.265186352173E-03));
#5755 = CARTESIAN_POINT('',(1.138403990689E-02,8.510841232695E-03));
#5756 = ( GEOMETRIC_REPRESENTATION_CONTEXT(2) 
PARAMETRIC_REPRESENTATION_CONTEXT() REPRESENTATION_CONTEXT('2D SPACE',''
  ) );
#5757 = ORIENTED_EDGE('',*,*,#5758,.T.);
#5758 = EDGE_CURVE('',#5738,#5759,#5761,.T.);
#5759 = VERTEX_POINT('',#5760);
#5760 = CARTESIAN_POINT('',(-1.0122,-7.551049730665E-03,
    -1.185582559139E-02));
#5761 = SURFACE_CURVE('',#5762,(#5781,#5788),.PCURVE_S1.);
#5762 = ( BOUNDED_CURVE() B_SPLINE_CURVE(3,(#5763,#5764,#5765,#5766,
    #5767,#5768,#5769,#5770,#5771,#5772,#5773,#5774,#5775,#5776,#5777,
#5778,#5779,#5780),.UNSPECIFIED.,.F.,.F.) B_SPLINE_CURVE_WITH_KNOTS((4,1
    ,1,1,1,1,1,1,1,1,1,1,1,1,1,4),(0.,3.281818483209E-02,
    8.331472171401E-02,0.163169600212,0.282607356412,0.362210128519,
    0.441821211418,0.521490445595,0.611262750889,0.691167944743,
    0.761109091848,0.800978053181,0.860692828618,0.910445018305,
0.96019726339,1.),.UNSPECIFIED.) CURVE() GEOMETRIC_REPRESENTATION_ITEM()
 RATIONAL_B_SPLINE_CURVE((1.,1.,1.,1.,1.,1.,1.,1.,1.,1.,1.,1.,1.,1.,
    0.999999999999,1.000000000004,0.999999999993,1.)) 
REPRESENTATION_ITEM('') );
#5763 = CARTESIAN_POINT('',(0.5378,-5.034033153777E-03,
    -6.774757480796E-03));
#5764 = CARTESIAN_POINT('',(0.523430650188,-1.080349430373E-02,
    -1.592506071865E-02));
#5765 = CARTESIAN_POINT('',(0.483258792956,-1.980140874565E-02,
    -2.969496253329E-02));
#5766 = CARTESIAN_POINT('',(0.398489817948,-2.60346391065E-02,
    -3.939817461437E-02));
#5767 = CARTESIAN_POINT('',(0.269462582488,-3.082394672638E-02,
    -4.925763087744E-02));
#5768 = CARTESIAN_POINT('',(0.124451460313,-3.189980260024E-02,
    -5.051426240588E-02));
#5769 = CARTESIAN_POINT('',(-2.019705092663E-02,-3.312437618266E-02,
    -5.222442197645E-02));
#5770 = CARTESIAN_POINT('',(-0.144245251992,-3.175455282597E-02,
    -5.028819789638E-02));
#5771 = CARTESIAN_POINT('',(-0.273480101183,-2.84976605579E-02,
    -4.623641223424E-02));
#5772 = CARTESIAN_POINT('',(-0.402617556702,-2.315117073853E-02,
    -3.771227601712E-02));
#5773 = CARTESIAN_POINT('',(-0.526576732963,-1.656812840882E-02,
    -2.894661345811E-02));
#5774 = CARTESIAN_POINT('',(-0.624580534573,-1.165092832414E-02,
    -1.917369197105E-02));
#5775 = CARTESIAN_POINT('',(-0.712476506696,-8.988850570232E-03,
    -1.426924132447E-02));
#5776 = CARTESIAN_POINT('',(-0.790028640266,-7.937898203763E-03,
    -1.368945019676E-02));
#5777 = CARTESIAN_POINT('',(-0.872701839491,-8.344920132912E-03,
    -1.257636742956E-02));
#5778 = CARTESIAN_POINT('',(-0.945025744455,-7.779182034881E-03,
    -1.230978683273E-02));
#5779 = CARTESIAN_POINT('',(-0.991548335241,-6.807245059471E-03,
    -1.347307141606E-02));
#5780 = CARTESIAN_POINT('',(-1.0122,-7.551049730665E-03,
    -1.185582559139E-02));
#5781 = PCURVE('',#5670,#5782);
#5782 = DEFINITIONAL_REPRESENTATION('',(#5783),#5787);
#5783 = LINE('',#5784,#5785);
#5784 = CARTESIAN_POINT('',(48.,0.));
#5785 = VECTOR('',#5786,1.);
#5786 = DIRECTION('',(0.,1.));
#5787 = ( GEOMETRIC_REPRESENTATION_CONTEXT(2) 
PARAMETRIC_REPRESENTATION_CONTEXT() REPRESENTATION_CONTEXT('2D SPACE',''
  ) );
#5788 = PCURVE('',#5789,#5826);
#5789 = ( BOUNDED_SURFACE() B_SPLINE_SURFACE(1,3,(
    (#5790,#5791,#5792,#5793,#5794,#5795,#5796,#5797,#5798,#5799,#5800
      ,#5801,#5802,#5803,#5804,#5805,#5806,#5807)
    ,(#5808,#5809,#5810,#5811,#5812,#5813,#5814,#5815,#5816,#5817,#5818
      ,#5819,#5820,#5821,#5822,#5823,#5824,#5825
)),.UNSPECIFIED.,.F.,.F.,.F.) B_SPLINE_SURFACE_WITH_KNOTS((2,2),(4,1,1,1
    ,1,1,1,1,1,1,1,1,1,1,1,4),(48.,49.),(0.,3.281818483209E-02,
    8.331472171401E-02,0.163169600212,0.282607356412,0.362210128519,
    0.441821211418,0.521490445595,0.611262750889,0.691167944743,
    0.761109091848,0.800978053181,0.860692828618,0.910445018305,
0.96019726339,1.),.UNSPECIFIED.) GEOMETRIC_REPRESENTATION_ITEM() 
RATIONAL_B_SPLINE_SURFACE((
    (1.,1.,1.,1.,1.,1.,1.,1.,1.,1.,1.,1.,1.,1.,0.999999999999
      ,1.000000000004,0.999999999993,1.)
    ,(1.,1.,1.,1.,1.,1.,1.,1.,1.,1.,1.,1.,1.,1.,0.999999999999
,1.000000000004,0.999999999993,1.
  ))) REPRESENTATION_ITEM('') SURFACE() );
#5790 = CARTESIAN_POINT('',(0.5378,-5.034033153777E-03,
    -6.774757480796E-03));
#5791 = CARTESIAN_POINT('',(0.523430650188,-1.080349430373E-02,
    -1.592506071865E-02));
#5792 = CARTESIAN_POINT('',(0.483258792956,-1.980140874565E-02,
    -2.969496253329E-02));
#5793 = CARTESIAN_POINT('',(0.398489817948,-2.60346391065E-02,
    -3.939817461437E-02));
#5794 = CARTESIAN_POINT('',(0.269462582488,-3.082394672638E-02,
    -4.925763087744E-02));
#5795 = CARTESIAN_POINT('',(0.124451460313,-3.189980260024E-02,
    -5.051426240588E-02));
#5796 = CARTESIAN_POINT('',(-2.019705092663E-02,-3.312437618266E-02,
    -5.222442197645E-02));
#5797 = CARTESIAN_POINT('',(-0.144245251992,-3.175455282597E-02,
    -5.028819789638E-02));
#5798 = CARTESIAN_POINT('',(-0.273480101183,-2.84976605579E-02,
    -4.623641223424E-02));
#5799 = CARTESIAN_POINT('',(-0.402617556702,-2.315117073853E-02,
    -3.771227601712E-02));
#5800 = CARTESIAN_POINT('',(-0.526576732963,-1.656812840882E-02,
    -2.894661345811E-02));
#5801 = CARTESIAN_POINT('',(-0.624580534573,-1.165092832414E-02,
    -1.917369197105E-02));
#5802 = CARTESIAN_POINT('',(-0.712476506696,-8.988850570232E-03,
    -1.426924132447E-02));
#5803 = CARTESIAN_POINT('',(-0.790028640266,-7.937898203763E-03,
    -1.368945019676E-02));
#5804 = CARTESIAN_POINT('',(-0.872701839491,-8.344920132912E-03,
    -1.257636742956E-02));
#5805 = CARTESIAN_POINT('',(-0.945025744455,-7.779182034881E-03,
    -1.230978683273E-02));
#5806 = CARTESIAN_POINT('',(-0.991548335241,-6.807245059471E-03,
    -1.347307141606E-02));
#5807 = CARTESIAN_POINT('',(-1.0122,-7.551049730665E-03,
    -1.185582559139E-02));
#5808 = CARTESIAN_POINT('',(0.5378,-4.489848193237E-03,
    -7.096303477462E-03));
#5809 = CARTESIAN_POINT('',(0.523430650188,-9.635623743115E-03,
    -1.66809017263E-02));
#5810 = CARTESIAN_POINT('',(0.483258792956,-1.766085295119E-02,
    -3.110435561499E-02));
#5811 = CARTESIAN_POINT('',(0.398489817948,-2.322026370966E-02,
    -4.12681050671E-02));
#5812 = CARTESIAN_POINT('',(0.269462582488,-2.749184148977E-02,
    -5.159551441922E-02));
#5813 = CARTESIAN_POINT('',(0.124451460313,-2.845139606637E-02,
    -5.291178864902E-02));
#5814 = CARTESIAN_POINT('',(-2.019705092663E-02,-2.954359179066E-02,
    -5.470311643339E-02));
#5815 = CARTESIAN_POINT('',(-0.144245251992,-2.832184796514E-02,
    -5.267499458378E-02));
#5816 = CARTESIAN_POINT('',(-0.273480101183,-2.541702961796E-02,
    -4.843090160102E-02));
#5817 = CARTESIAN_POINT('',(-0.402617556702,-2.064850169565E-02,
    -3.950218973917E-02));
#5818 = CARTESIAN_POINT('',(-0.526576732963,-1.477709405745E-02,
    -3.03204881246E-02));
#5819 = CARTESIAN_POINT('',(-0.624580534573,-1.039144913983E-02,
    -2.008372069342E-02));
#5820 = CARTESIAN_POINT('',(-0.712476506696,-8.017145151646E-03,
    -1.494649323146E-02));
#5821 = CARTESIAN_POINT('',(-0.790028640266,-7.07980198374E-03,
    -1.4339183847E-02));
#5822 = CARTESIAN_POINT('',(-0.872701839491,-7.44282435907E-03,
    -1.31732715417E-02));
#5823 = CARTESIAN_POINT('',(-0.945025744455,-6.938243221251E-03,
    -1.289403840022E-02));
#5824 = CARTESIAN_POINT('',(-0.991548335241,-6.071373786502E-03,
    -1.411253521768E-02));
#5825 = CARTESIAN_POINT('',(-1.0122,-6.734772289856E-03,
    -1.241853108556E-02));
#5826 = DEFINITIONAL_REPRESENTATION('',(#5827),#5831);
#5827 = LINE('',#5828,#5829);
#5828 = CARTESIAN_POINT('',(48.,0.));
#5829 = VECTOR('',#5830,1.);
#5830 = DIRECTION('',(0.,1.));
#5831 = ( GEOMETRIC_REPRESENTATION_CONTEXT(2) 
PARAMETRIC_REPRESENTATION_CONTEXT() REPRESENTATION_CONTEXT('2D SPACE',''
  ) );
#5832 = ORIENTED_EDGE('',*,*,#5833,.F.);
#5833 = EDGE_CURVE('',#5640,#5759,#5834,.T.);
#5834 = SURFACE_CURVE('',#5835,(#5838,#5845),.PCURVE_S1.);
#5835 = B_SPLINE_CURVE_WITH_KNOTS('',1,(#5836,#5837),.UNSPECIFIED.,.F.,
  .F.,(2,2),(47.,48.),.PIECEWISE_BEZIER_KNOTS.);
#5836 = CARTESIAN_POINT('',(-1.0122,-8.303046943709E-03,
    -1.121173973875E-02));
#5837 = CARTESIAN_POINT('',(-1.0122,-7.551049730665E-03,
    -1.185582559139E-02));
#5838 = PCURVE('',#5670,#5839);
#5839 = DEFINITIONAL_REPRESENTATION('',(#5840),#5844);
#5840 = LINE('',#5841,#5842);
#5841 = CARTESIAN_POINT('',(0.,1.));
#5842 = VECTOR('',#5843,1.);
#5843 = DIRECTION('',(1.,0.));
#5844 = ( GEOMETRIC_REPRESENTATION_CONTEXT(2) 
PARAMETRIC_REPRESENTATION_CONTEXT() REPRESENTATION_CONTEXT('2D SPACE',''
  ) );
#5845 = PCURVE('',#176,#5846);
#5846 = DEFINITIONAL_REPRESENTATION('',(#5847),#5850);
#5847 = B_SPLINE_CURVE_WITH_KNOTS('',1,(#5848,#5849),.UNSPECIFIED.,.F.,
  .F.,(2,2),(47.,48.),.PIECEWISE_BEZIER_KNOTS.);
#5848 = CARTESIAN_POINT('',(1.493100116724E-02,1.660436802662E-02));
#5849 = CARTESIAN_POINT('',(1.398607477734E-02,1.690010526076E-02));
#5850 = ( GEOMETRIC_REPRESENTATION_CONTEXT(2) 
PARAMETRIC_REPRESENTATION_CONTEXT() REPRESENTATION_CONTEXT('2D SPACE',''
  ) );
#5851 = ORIENTED_EDGE('',*,*,#5639,.F.);
#5852 = ADVANCED_FACE('',(#5853),#5789,.F.);
#5853 = FACE_BOUND('',#5854,.F.);
#5854 = EDGE_LOOP('',(#5855,#5876,#5951,#5970));
#5855 = ORIENTED_EDGE('',*,*,#5856,.T.);
#5856 = EDGE_CURVE('',#5738,#5857,#5859,.T.);
#5857 = VERTEX_POINT('',#5858);
#5858 = CARTESIAN_POINT('',(0.5378,-4.489848193237E-03,
    -7.096303477462E-03));
#5859 = SURFACE_CURVE('',#5860,(#5863,#5870),.PCURVE_S1.);
#5860 = B_SPLINE_CURVE_WITH_KNOTS('',1,(#5861,#5862),.UNSPECIFIED.,.F.,
  .F.,(2,2),(48.,49.),.PIECEWISE_BEZIER_KNOTS.);
#5861 = CARTESIAN_POINT('',(0.5378,-5.034033153777E-03,
    -6.774757480796E-03));
#5862 = CARTESIAN_POINT('',(0.5378,-4.489848193237E-03,
    -7.096303477462E-03));
#5863 = PCURVE('',#5789,#5864);
#5864 = DEFINITIONAL_REPRESENTATION('',(#5865),#5869);
#5865 = LINE('',#5866,#5867);
#5866 = CARTESIAN_POINT('',(0.,0.));
#5867 = VECTOR('',#5868,1.);
#5868 = DIRECTION('',(1.,0.));
#5869 = ( GEOMETRIC_REPRESENTATION_CONTEXT(2) 
PARAMETRIC_REPRESENTATION_CONTEXT() REPRESENTATION_CONTEXT('2D SPACE',''
  ) );
#5870 = PCURVE('',#75,#5871);
#5871 = DEFINITIONAL_REPRESENTATION('',(#5872),#5875);
#5872 = B_SPLINE_CURVE_WITH_KNOTS('',1,(#5873,#5874),.UNSPECIFIED.,.F.,
  .F.,(2,2),(48.,49.),.PIECEWISE_BEZIER_KNOTS.);
#5873 = CARTESIAN_POINT('',(1.138403990689E-02,8.510841232695E-03));
#5874 = CARTESIAN_POINT('',(1.078140812542E-02,8.701534796325E-03));
#5875 = ( GEOMETRIC_REPRESENTATION_CONTEXT(2) 
PARAMETRIC_REPRESENTATION_CONTEXT() REPRESENTATION_CONTEXT('2D SPACE',''
  ) );
#5876 = ORIENTED_EDGE('',*,*,#5877,.T.);
#5877 = EDGE_CURVE('',#5857,#5878,#5880,.T.);
#5878 = VERTEX_POINT('',#5879);
#5879 = CARTESIAN_POINT('',(-1.0122,-6.734772289856E-03,
    -1.241853108556E-02));
#5880 = SURFACE_CURVE('',#5881,(#5900,#5907),.PCURVE_S1.);
#5881 = ( BOUNDED_CURVE() B_SPLINE_CURVE(3,(#5882,#5883,#5884,#5885,
    #5886,#5887,#5888,#5889,#5890,#5891,#5892,#5893,#5894,#5895,#5896,
#5897,#5898,#5899),.UNSPECIFIED.,.F.,.F.) B_SPLINE_CURVE_WITH_KNOTS((4,1
    ,1,1,1,1,1,1,1,1,1,1,1,1,1,4),(0.,3.281818483209E-02,
    8.331472171401E-02,0.163169600212,0.282607356412,0.362210128519,
    0.441821211418,0.521490445595,0.611262750889,0.691167944743,
    0.761109091848,0.800978053181,0.860692828618,0.910445018305,
0.96019726339,1.),.UNSPECIFIED.) CURVE() GEOMETRIC_REPRESENTATION_ITEM()
 RATIONAL_B_SPLINE_CURVE((1.,1.,1.,1.,1.,1.,1.,1.,1.,1.,1.,1.,1.,1.,
    0.999999999999,1.000000000004,0.999999999993,1.)) 
REPRESENTATION_ITEM('') );
#5882 = CARTESIAN_POINT('',(0.5378,-4.489848193237E-03,
    -7.096303477462E-03));
#5883 = CARTESIAN_POINT('',(0.523430650188,-9.635623743115E-03,
    -1.66809017263E-02));
#5884 = CARTESIAN_POINT('',(0.483258792956,-1.766085295119E-02,
    -3.110435561499E-02));
#5885 = CARTESIAN_POINT('',(0.398489817948,-2.322026370966E-02,
    -4.12681050671E-02));
#5886 = CARTESIAN_POINT('',(0.269462582488,-2.749184148977E-02,
    -5.159551441922E-02));
#5887 = CARTESIAN_POINT('',(0.124451460313,-2.845139606637E-02,
    -5.291178864902E-02));
#5888 = CARTESIAN_POINT('',(-2.019705092663E-02,-2.954359179066E-02,
    -5.470311643339E-02));
#5889 = CARTESIAN_POINT('',(-0.144245251992,-2.832184796514E-02,
    -5.267499458378E-02));
#5890 = CARTESIAN_POINT('',(-0.273480101183,-2.541702961796E-02,
    -4.843090160102E-02));
#5891 = CARTESIAN_POINT('',(-0.402617556702,-2.064850169565E-02,
    -3.950218973917E-02));
#5892 = CARTESIAN_POINT('',(-0.526576732963,-1.477709405745E-02,
    -3.03204881246E-02));
#5893 = CARTESIAN_POINT('',(-0.624580534573,-1.039144913983E-02,
    -2.008372069342E-02));
#5894 = CARTESIAN_POINT('',(-0.712476506696,-8.017145151646E-03,
    -1.494649323146E-02));
#5895 = CARTESIAN_POINT('',(-0.790028640266,-7.07980198374E-03,
    -1.4339183847E-02));
#5896 = CARTESIAN_POINT('',(-0.872701839491,-7.44282435907E-03,
    -1.31732715417E-02));
#5897 = CARTESIAN_POINT('',(-0.945025744455,-6.938243221251E-03,
    -1.289403840022E-02));
#5898 = CARTESIAN_POINT('',(-0.991548335241,-6.071373786502E-03,
    -1.411253521768E-02));
#5899 = CARTESIAN_POINT('',(-1.0122,-6.734772289856E-03,
    -1.241853108556E-02));
#5900 = PCURVE('',#5789,#5901);
#5901 = DEFINITIONAL_REPRESENTATION('',(#5902),#5906);
#5902 = LINE('',#5903,#5904);
#5903 = CARTESIAN_POINT('',(49.,0.));
#5904 = VECTOR('',#5905,1.);
#5905 = DIRECTION('',(0.,1.));
#5906 = ( GEOMETRIC_REPRESENTATION_CONTEXT(2) 
PARAMETRIC_REPRESENTATION_CONTEXT() REPRESENTATION_CONTEXT('2D SPACE',''
  ) );
#5907 = PCURVE('',#5908,#5945);
#5908 = ( BOUNDED_SURFACE() B_SPLINE_SURFACE(1,3,(
    (#5909,#5910,#5911,#5912,#5913,#5914,#5915,#5916,#5917,#5918,#5919
      ,#5920,#5921,#5922,#5923,#5924,#5925,#5926)
    ,(#5927,#5928,#5929,#5930,#5931,#5932,#5933,#5934,#5935,#5936,#5937
      ,#5938,#5939,#5940,#5941,#5942,#5943,#5944
)),.UNSPECIFIED.,.F.,.F.,.F.) B_SPLINE_SURFACE_WITH_KNOTS((2,2),(4,1,1,1
    ,1,1,1,1,1,1,1,1,1,1,1,4),(49.,50.),(0.,3.281818483209E-02,
    8.331472171401E-02,0.163169600212,0.282607356412,0.362210128519,
    0.441821211418,0.521490445595,0.611262750889,0.691167944743,
    0.761109091848,0.800978053181,0.860692828618,0.910445018305,
0.96019726339,1.),.UNSPECIFIED.) GEOMETRIC_REPRESENTATION_ITEM() 
RATIONAL_B_SPLINE_SURFACE((
    (1.,1.,1.,1.,1.,1.,1.,1.,1.,1.,1.,1.,1.,1.,0.999999999999
      ,1.000000000004,0.999999999993,1.)
    ,(1.,1.,1.,1.,1.,1.,1.,1.,1.,1.,1.,1.,1.,1.,0.999999999999
,1.000000000004,0.999999999993,1.
  ))) REPRESENTATION_ITEM('') SURFACE() );
#5909 = CARTESIAN_POINT('',(0.5378,-4.489848193237E-03,
    -7.096303477462E-03));
#5910 = CARTESIAN_POINT('',(0.523430650188,-9.635623743115E-03,
    -1.66809017263E-02));
#5911 = CARTESIAN_POINT('',(0.483258792956,-1.766085295119E-02,
    -3.110435561499E-02));
#5912 = CARTESIAN_POINT('',(0.398489817948,-2.322026370966E-02,
    -4.12681050671E-02));
#5913 = CARTESIAN_POINT('',(0.269462582488,-2.749184148977E-02,
    -5.159551441922E-02));
#5914 = CARTESIAN_POINT('',(0.124451460313,-2.845139606637E-02,
    -5.291178864902E-02));
#5915 = CARTESIAN_POINT('',(-2.019705092663E-02,-2.954359179066E-02,
    -5.470311643339E-02));
#5916 = CARTESIAN_POINT('',(-0.144245251992,-2.832184796514E-02,
    -5.267499458378E-02));
#5917 = CARTESIAN_POINT('',(-0.273480101183,-2.541702961796E-02,
    -4.843090160102E-02));
#5918 = CARTESIAN_POINT('',(-0.402617556702,-2.064850169565E-02,
    -3.950218973917E-02));
#5919 = CARTESIAN_POINT('',(-0.526576732963,-1.477709405745E-02,
    -3.03204881246E-02));
#5920 = CARTESIAN_POINT('',(-0.624580534573,-1.039144913983E-02,
    -2.008372069342E-02));
#5921 = CARTESIAN_POINT('',(-0.712476506696,-8.017145151646E-03,
    -1.494649323146E-02));
#5922 = CARTESIAN_POINT('',(-0.790028640266,-7.07980198374E-03,
    -1.4339183847E-02));
#5923 = CARTESIAN_POINT('',(-0.872701839491,-7.44282435907E-03,
    -1.31732715417E-02));
#5924 = CARTESIAN_POINT('',(-0.945025744455,-6.938243221251E-03,
    -1.289403840022E-02));
#5925 = CARTESIAN_POINT('',(-0.991548335241,-6.071373786502E-03,
    -1.411253521768E-02));
#5926 = CARTESIAN_POINT('',(-1.0122,-6.734772289856E-03,
    -1.241853108556E-02));
#5927 = CARTESIAN_POINT('',(0.5378,-3.902835109119E-03,
    -7.37032117154E-03));
#5928 = CARTESIAN_POINT('',(0.523430650188,-8.375840122961E-03,
    -1.732502049051E-02));
#5929 = CARTESIAN_POINT('',(0.483258792956,-1.535183239796E-02,
    -3.230542372437E-02));
#5930 = CARTESIAN_POINT('',(0.398489817948,-2.018439300144E-02,
    -4.286163767537E-02));
#5931 = CARTESIAN_POINT('',(0.269462582488,-2.389749487348E-02,
    -5.358783111351E-02));
#5932 = CARTESIAN_POINT('',(0.124451460313,-2.473159507676E-02,
    -5.495493214777E-02));
#5933 = CARTESIAN_POINT('',(-2.019705092663E-02,-2.568099461887E-02,
    -5.681543052361E-02));
#5934 = CARTESIAN_POINT('',(-0.144245251992,-2.461898439238E-02,
    -5.470899448207E-02));
#5935 = CARTESIAN_POINT('',(-0.273480101183,-2.209394868003E-02,
    -5.030101947591E-02));
#5936 = CARTESIAN_POINT('',(-0.402617556702,-1.794886907087E-02,
    -4.102753303625E-02));
#5937 = CARTESIAN_POINT('',(-0.526576732963,-1.284510277765E-02,
    -3.149128786078E-02));
#5938 = CARTESIAN_POINT('',(-0.624580534573,-9.032847168115E-03,
    -2.085923640387E-02));
#5939 = CARTESIAN_POINT('',(-0.712476506696,-6.968965146722E-03,
    -1.55236392939E-02));
#5940 = CARTESIAN_POINT('',(-0.790028640266,-6.154172381463E-03,
    -1.489287917653E-02));
#5941 = CARTESIAN_POINT('',(-0.872701839491,-6.469732376083E-03,
    -1.368194616415E-02));
#5942 = CARTESIAN_POINT('',(-0.945025744455,-6.031121337385E-03,
    -1.339193067301E-02));
#5943 = CARTESIAN_POINT('',(-0.991548335241,-5.277588407029E-03,
    -1.465747870486E-02));
#5944 = CARTESIAN_POINT('',(-1.0122,-5.854252663679E-03,
    -1.289806205019E-02));
#5945 = DEFINITIONAL_REPRESENTATION('',(#5946),#5950);
#5946 = LINE('',#5947,#5948);
#5947 = CARTESIAN_POINT('',(49.,0.));
#5948 = VECTOR('',#5949,1.);
#5949 = DIRECTION('',(0.,1.));
#5950 = ( GEOMETRIC_REPRESENTATION_CONTEXT(2) 
PARAMETRIC_REPRESENTATION_CONTEXT() REPRESENTATION_CONTEXT('2D SPACE',''
  ) );
#5951 = ORIENTED_EDGE('',*,*,#5952,.F.);
#5952 = EDGE_CURVE('',#5759,#5878,#5953,.T.);
#5953 = SURFACE_CURVE('',#5954,(#5957,#5964),.PCURVE_S1.);
#5954 = B_SPLINE_CURVE_WITH_KNOTS('',1,(#5955,#5956),.UNSPECIFIED.,.F.,
  .F.,(2,2),(48.,49.),.PIECEWISE_BEZIER_KNOTS.);
#5955 = CARTESIAN_POINT('',(-1.0122,-7.551049730665E-03,
    -1.185582559139E-02));
#5956 = CARTESIAN_POINT('',(-1.0122,-6.734772289856E-03,
    -1.241853108556E-02));
#5957 = PCURVE('',#5789,#5958);
#5958 = DEFINITIONAL_REPRESENTATION('',(#5959),#5963);
#5959 = LINE('',#5960,#5961);
#5960 = CARTESIAN_POINT('',(0.,1.));
#5961 = VECTOR('',#5962,1.);
#5962 = DIRECTION('',(1.,0.));
#5963 = ( GEOMETRIC_REPRESENTATION_CONTEXT(2) 
PARAMETRIC_REPRESENTATION_CONTEXT() REPRESENTATION_CONTEXT('2D SPACE',''
  ) );
#5964 = PCURVE('',#176,#5965);
#5965 = DEFINITIONAL_REPRESENTATION('',(#5966),#5969);
#5966 = B_SPLINE_CURVE_WITH_KNOTS('',1,(#5967,#5968),.UNSPECIFIED.,.F.,
  .F.,(2,2),(48.,49.),.PIECEWISE_BEZIER_KNOTS.);
#5967 = CARTESIAN_POINT('',(1.398607477734E-02,1.690010526076E-02));
#5968 = CARTESIAN_POINT('',(1.301412758274E-02,1.709571963768E-02));
#5969 = ( GEOMETRIC_REPRESENTATION_CONTEXT(2) 
PARAMETRIC_REPRESENTATION_CONTEXT() REPRESENTATION_CONTEXT('2D SPACE',''
  ) );
#5970 = ORIENTED_EDGE('',*,*,#5758,.F.);
#5971 = ADVANCED_FACE('',(#5972),#5908,.F.);
#5972 = FACE_BOUND('',#5973,.F.);
#5973 = EDGE_LOOP('',(#5974,#5995,#6070,#6089));
#5974 = ORIENTED_EDGE('',*,*,#5975,.T.);
#5975 = EDGE_CURVE('',#5857,#5976,#5978,.T.);
#5976 = VERTEX_POINT('',#5977);
#5977 = CARTESIAN_POINT('',(0.5378,-3.902835109119E-03,
    -7.37032117154E-03));
#5978 = SURFACE_CURVE('',#5979,(#5982,#5989),.PCURVE_S1.);
#5979 = B_SPLINE_CURVE_WITH_KNOTS('',1,(#5980,#5981),.UNSPECIFIED.,.F.,
  .F.,(2,2),(49.,50.),.PIECEWISE_BEZIER_KNOTS.);
#5980 = CARTESIAN_POINT('',(0.5378,-4.489848193237E-03,
    -7.096303477462E-03));
#5981 = CARTESIAN_POINT('',(0.5378,-3.902835109119E-03,
    -7.37032117154E-03));
#5982 = PCURVE('',#5908,#5983);
#5983 = DEFINITIONAL_REPRESENTATION('',(#5984),#5988);
#5984 = LINE('',#5985,#5986);
#5985 = CARTESIAN_POINT('',(0.,0.));
#5986 = VECTOR('',#5987,1.);
#5987 = DIRECTION('',(1.,0.));
#5988 = ( GEOMETRIC_REPRESENTATION_CONTEXT(2) 
PARAMETRIC_REPRESENTATION_CONTEXT() REPRESENTATION_CONTEXT('2D SPACE',''
  ) );
#5989 = PCURVE('',#75,#5990);
#5990 = DEFINITIONAL_REPRESENTATION('',(#5991),#5994);
#5991 = B_SPLINE_CURVE_WITH_KNOTS('',1,(#5992,#5993),.UNSPECIFIED.,.F.,
  .F.,(2,2),(49.,50.),.PIECEWISE_BEZIER_KNOTS.);
#5992 = CARTESIAN_POINT('',(1.078140812542E-02,8.701534796325E-03));
#5993 = CARTESIAN_POINT('',(1.014775566527E-02,8.836273867639E-03));
#5994 = ( GEOMETRIC_REPRESENTATION_CONTEXT(2) 
PARAMETRIC_REPRESENTATION_CONTEXT() REPRESENTATION_CONTEXT('2D SPACE',''
  ) );
#5995 = ORIENTED_EDGE('',*,*,#5996,.T.);
#5996 = EDGE_CURVE('',#5976,#5997,#5999,.T.);
#5997 = VERTEX_POINT('',#5998);
#5998 = CARTESIAN_POINT('',(-1.0122,-5.854252663679E-03,
    -1.289806205019E-02));
#5999 = SURFACE_CURVE('',#6000,(#6019,#6026),.PCURVE_S1.);
#6000 = ( BOUNDED_CURVE() B_SPLINE_CURVE(3,(#6001,#6002,#6003,#6004,
    #6005,#6006,#6007,#6008,#6009,#6010,#6011,#6012,#6013,#6014,#6015,
#6016,#6017,#6018),.UNSPECIFIED.,.F.,.F.) B_SPLINE_CURVE_WITH_KNOTS((4,1
    ,1,1,1,1,1,1,1,1,1,1,1,1,1,4),(0.,3.281818483209E-02,
    8.331472171401E-02,0.163169600212,0.282607356412,0.362210128519,
    0.441821211418,0.521490445595,0.611262750889,0.691167944743,
    0.761109091848,0.800978053181,0.860692828618,0.910445018305,
0.96019726339,1.),.UNSPECIFIED.) CURVE() GEOMETRIC_REPRESENTATION_ITEM()
 RATIONAL_B_SPLINE_CURVE((1.,1.,1.,1.,1.,1.,1.,1.,1.,1.,1.,1.,1.,1.,
    0.999999999999,1.000000000004,0.999999999993,1.)) 
REPRESENTATION_ITEM('') );
#6001 = CARTESIAN_POINT('',(0.5378,-3.902835109119E-03,
    -7.37032117154E-03));
#6002 = CARTESIAN_POINT('',(0.523430650188,-8.375840122961E-03,
    -1.732502049051E-02));
#6003 = CARTESIAN_POINT('',(0.483258792956,-1.535183239796E-02,
    -3.230542372437E-02));
#6004 = CARTESIAN_POINT('',(0.398489817948,-2.018439300144E-02,
    -4.286163767537E-02));
#6005 = CARTESIAN_POINT('',(0.269462582488,-2.389749487348E-02,
    -5.358783111351E-02));
#6006 = CARTESIAN_POINT('',(0.124451460313,-2.473159507676E-02,
    -5.495493214777E-02));
#6007 = CARTESIAN_POINT('',(-2.019705092663E-02,-2.568099461887E-02,
    -5.681543052361E-02));
#6008 = CARTESIAN_POINT('',(-0.144245251992,-2.461898439238E-02,
    -5.470899448207E-02));
#6009 = CARTESIAN_POINT('',(-0.273480101183,-2.209394868003E-02,
    -5.030101947591E-02));
#6010 = CARTESIAN_POINT('',(-0.402617556702,-1.794886907087E-02,
    -4.102753303625E-02));
#6011 = CARTESIAN_POINT('',(-0.526576732963,-1.284510277765E-02,
    -3.149128786078E-02));
#6012 = CARTESIAN_POINT('',(-0.624580534573,-9.032847168115E-03,
    -2.085923640387E-02));
#6013 = CARTESIAN_POINT('',(-0.712476506696,-6.968965146722E-03,
    -1.55236392939E-02));
#6014 = CARTESIAN_POINT('',(-0.790028640266,-6.154172381463E-03,
    -1.489287917653E-02));
#6015 = CARTESIAN_POINT('',(-0.872701839491,-6.469732376083E-03,
    -1.368194616415E-02));
#6016 = CARTESIAN_POINT('',(-0.945025744455,-6.031121337385E-03,
    -1.339193067301E-02));
#6017 = CARTESIAN_POINT('',(-0.991548335241,-5.277588407029E-03,
    -1.465747870486E-02));
#6018 = CARTESIAN_POINT('',(-1.0122,-5.854252663679E-03,
    -1.289806205019E-02));
#6019 = PCURVE('',#5908,#6020);
#6020 = DEFINITIONAL_REPRESENTATION('',(#6021),#6025);
#6021 = LINE('',#6022,#6023);
#6022 = CARTESIAN_POINT('',(50.,0.));
#6023 = VECTOR('',#6024,1.);
#6024 = DIRECTION('',(0.,1.));
#6025 = ( GEOMETRIC_REPRESENTATION_CONTEXT(2) 
PARAMETRIC_REPRESENTATION_CONTEXT() REPRESENTATION_CONTEXT('2D SPACE',''
  ) );
#6026 = PCURVE('',#6027,#6064);
#6027 = ( BOUNDED_SURFACE() B_SPLINE_SURFACE(1,3,(
    (#6028,#6029,#6030,#6031,#6032,#6033,#6034,#6035,#6036,#6037,#6038
      ,#6039,#6040,#6041,#6042,#6043,#6044,#6045)
    ,(#6046,#6047,#6048,#6049,#6050,#6051,#6052,#6053,#6054,#6055,#6056
      ,#6057,#6058,#6059,#6060,#6061,#6062,#6063
)),.UNSPECIFIED.,.F.,.F.,.F.) B_SPLINE_SURFACE_WITH_KNOTS((2,2),(4,1,1,1
    ,1,1,1,1,1,1,1,1,1,1,1,4),(50.,51.),(0.,3.281818483209E-02,
    8.331472171401E-02,0.163169600212,0.282607356412,0.362210128519,
    0.441821211418,0.521490445595,0.611262750889,0.691167944743,
    0.761109091848,0.800978053181,0.860692828618,0.910445018305,
0.96019726339,1.),.UNSPECIFIED.) GEOMETRIC_REPRESENTATION_ITEM() 
RATIONAL_B_SPLINE_SURFACE((
    (1.,1.,1.,1.,1.,1.,1.,1.,1.,1.,1.,1.,1.,1.,0.999999999999
      ,1.000000000004,0.999999999993,1.)
    ,(1.,1.,1.,1.,1.,1.,1.,1.,1.,1.,1.,1.,1.,1.,0.999999999999
,1.000000000004,0.999999999993,1.
  ))) REPRESENTATION_ITEM('') SURFACE() );
#6028 = CARTESIAN_POINT('',(0.5378,-3.902835109119E-03,
    -7.37032117154E-03));
#6029 = CARTESIAN_POINT('',(0.523430650188,-8.375840122961E-03,
    -1.732502049051E-02));
#6030 = CARTESIAN_POINT('',(0.483258792956,-1.535183239796E-02,
    -3.230542372437E-02));
#6031 = CARTESIAN_POINT('',(0.398489817948,-2.018439300144E-02,
    -4.286163767537E-02));
#6032 = CARTESIAN_POINT('',(0.269462582488,-2.389749487348E-02,
    -5.358783111351E-02));
#6033 = CARTESIAN_POINT('',(0.124451460313,-2.473159507676E-02,
    -5.495493214777E-02));
#6034 = CARTESIAN_POINT('',(-2.019705092663E-02,-2.568099461887E-02,
    -5.681543052361E-02));
#6035 = CARTESIAN_POINT('',(-0.144245251992,-2.461898439238E-02,
    -5.470899448207E-02));
#6036 = CARTESIAN_POINT('',(-0.273480101183,-2.209394868003E-02,
    -5.030101947591E-02));
#6037 = CARTESIAN_POINT('',(-0.402617556702,-1.794886907087E-02,
    -4.102753303625E-02));
#6038 = CARTESIAN_POINT('',(-0.526576732963,-1.284510277765E-02,
    -3.149128786078E-02));
#6039 = CARTESIAN_POINT('',(-0.624580534573,-9.032847168115E-03,
    -2.085923640387E-02));
#6040 = CARTESIAN_POINT('',(-0.712476506696,-6.968965146722E-03,
    -1.55236392939E-02));
#6041 = CARTESIAN_POINT('',(-0.790028640266,-6.154172381463E-03,
    -1.489287917653E-02));
#6042 = CARTESIAN_POINT('',(-0.872701839491,-6.469732376083E-03,
    -1.368194616415E-02));
#6043 = CARTESIAN_POINT('',(-0.945025744455,-6.031121337385E-03,
    -1.339193067301E-02));
#6044 = CARTESIAN_POINT('',(-0.991548335241,-5.277588407029E-03,
    -1.465747870486E-02));
#6045 = CARTESIAN_POINT('',(-1.0122,-5.854252663679E-03,
    -1.289806205019E-02));
#6046 = CARTESIAN_POINT('',(0.5378,-3.271897758377E-03,
    -7.595881263534E-03));
#6047 = CARTESIAN_POINT('',(0.523430650188,-7.021791020282E-03,
    -1.785523255651E-02));
#6048 = CARTESIAN_POINT('',(0.483258792956,-1.287003539875E-02,
    -3.329409357711E-02));
#6049 = CARTESIAN_POINT('',(0.398489817948,-1.692135803055E-02,
    -4.417336815658E-02));
#6050 = CARTESIAN_POINT('',(0.269462582488,-2.003419507134E-02,
    -5.522782424738E-02));
#6051 = CARTESIAN_POINT('',(0.124451460313,-2.07334535614E-02,
    -5.663676381593E-02));
#6052 = CARTESIAN_POINT('',(-2.019705092663E-02,-2.152937195067E-02,
    -5.855420057682E-02));
#6053 = CARTESIAN_POINT('',(-0.144245251992,-2.063904766531E-02,
    -5.638329951452E-02));
#6054 = CARTESIAN_POINT('',(-0.273480101183,-1.852221247856E-02,
    -5.18404235692E-02));
#6055 = CARTESIAN_POINT('',(-0.402617556702,-1.504723177803E-02,
    -4.228313288197E-02));
#6056 = CARTESIAN_POINT('',(-0.526576732963,-1.076854691763E-02,
    -3.245504203398E-02));
#6057 = CARTESIAN_POINT('',(-0.624580534573,-7.572585460262E-03,
    -2.149760903007E-02));
#6058 = CARTESIAN_POINT('',(-0.712476506696,-5.842353264807E-03,
    -1.599872218726E-02));
#6059 = CARTESIAN_POINT('',(-0.790028640266,-5.159280947461E-03,
    -1.534865839147E-02));
#6060 = CARTESIAN_POINT('',(-0.872701839491,-5.423827106911E-03,
    -1.410066618498E-02));
#6061 = CARTESIAN_POINT('',(-0.945025744455,-5.056122493631E-03,
    -1.380177510825E-02));
#6062 = CARTESIAN_POINT('',(-0.991548335241,-4.424406667471E-03,
    -1.510605376178E-02));
#6063 = CARTESIAN_POINT('',(-1.0122,-4.907846637565E-03,
    -1.329279221118E-02));
#6064 = DEFINITIONAL_REPRESENTATION('',(#6065),#6069);
#6065 = LINE('',#6066,#6067);
#6066 = CARTESIAN_POINT('',(50.,0.));
#6067 = VECTOR('',#6068,1.);
#6068 = DIRECTION('',(0.,1.));
#6069 = ( GEOMETRIC_REPRESENTATION_CONTEXT(2) 
PARAMETRIC_REPRESENTATION_CONTEXT() REPRESENTATION_CONTEXT('2D SPACE',''
  ) );
#6070 = ORIENTED_EDGE('',*,*,#6071,.F.);
#6071 = EDGE_CURVE('',#5878,#5997,#6072,.T.);
#6072 = SURFACE_CURVE('',#6073,(#6076,#6083),.PCURVE_S1.);
#6073 = B_SPLINE_CURVE_WITH_KNOTS('',1,(#6074,#6075),.UNSPECIFIED.,.F.,
  .F.,(2,2),(49.,50.),.PIECEWISE_BEZIER_KNOTS.);
#6074 = CARTESIAN_POINT('',(-1.0122,-6.734772289856E-03,
    -1.241853108556E-02));
#6075 = CARTESIAN_POINT('',(-1.0122,-5.854252663679E-03,
    -1.289806205019E-02));
#6076 = PCURVE('',#5908,#6077);
#6077 = DEFINITIONAL_REPRESENTATION('',(#6078),#6082);
#6078 = LINE('',#6079,#6080);
#6079 = CARTESIAN_POINT('',(0.,1.));
#6080 = VECTOR('',#6081,1.);
#6081 = DIRECTION('',(1.,0.));
#6082 = ( GEOMETRIC_REPRESENTATION_CONTEXT(2) 
PARAMETRIC_REPRESENTATION_CONTEXT() REPRESENTATION_CONTEXT('2D SPACE',''
  ) );
#6083 = PCURVE('',#176,#6084);
#6084 = DEFINITIONAL_REPRESENTATION('',(#6085),#6088);
#6085 = B_SPLINE_CURVE_WITH_KNOTS('',1,(#6086,#6087),.UNSPECIFIED.,.F.,
  .F.,(2,2),(49.,50.),.PIECEWISE_BEZIER_KNOTS.);
#6086 = CARTESIAN_POINT('',(1.301412758274E-02,1.709571963768E-02));
#6087 = CARTESIAN_POINT('',(1.201590138612E-02,1.71895770748E-02));
#6088 = ( GEOMETRIC_REPRESENTATION_CONTEXT(2) 
PARAMETRIC_REPRESENTATION_CONTEXT() REPRESENTATION_CONTEXT('2D SPACE',''
  ) );
#6089 = ORIENTED_EDGE('',*,*,#5877,.F.);
#6090 = ADVANCED_FACE('',(#6091),#6027,.F.);
#6091 = FACE_BOUND('',#6092,.F.);
#6092 = EDGE_LOOP('',(#6093,#6114,#6189,#6208));
#6093 = ORIENTED_EDGE('',*,*,#6094,.T.);
#6094 = EDGE_CURVE('',#5976,#6095,#6097,.T.);
#6095 = VERTEX_POINT('',#6096);
#6096 = CARTESIAN_POINT('',(0.5378,-3.271897758377E-03,
    -7.595881263534E-03));
#6097 = SURFACE_CURVE('',#6098,(#6101,#6108),.PCURVE_S1.);
#6098 = B_SPLINE_CURVE_WITH_KNOTS('',1,(#6099,#6100),.UNSPECIFIED.,.F.,
  .F.,(2,2),(50.,51.),.PIECEWISE_BEZIER_KNOTS.);
#6099 = CARTESIAN_POINT('',(0.5378,-3.902835109119E-03,
    -7.37032117154E-03));
#6100 = CARTESIAN_POINT('',(0.5378,-3.271897758377E-03,
    -7.595881263534E-03));
#6101 = PCURVE('',#6027,#6102);
#6102 = DEFINITIONAL_REPRESENTATION('',(#6103),#6107);
#6103 = LINE('',#6104,#6105);
#6104 = CARTESIAN_POINT('',(0.,0.));
#6105 = VECTOR('',#6106,1.);
#6106 = DIRECTION('',(1.,0.));
#6107 = ( GEOMETRIC_REPRESENTATION_CONTEXT(2) 
PARAMETRIC_REPRESENTATION_CONTEXT() REPRESENTATION_CONTEXT('2D SPACE',''
  ) );
#6108 = PCURVE('',#75,#6109);
#6109 = DEFINITIONAL_REPRESENTATION('',(#6110),#6113);
#6110 = B_SPLINE_CURVE_WITH_KNOTS('',1,(#6111,#6112),.UNSPECIFIED.,.F.,
  .F.,(2,2),(50.,51.),.PIECEWISE_BEZIER_KNOTS.);
#6111 = CARTESIAN_POINT('',(1.014775566527E-02,8.836273867639E-03));
#6112 = CARTESIAN_POINT('',(9.482223899604E-03,8.913906106801E-03));
#6113 = ( GEOMETRIC_REPRESENTATION_CONTEXT(2) 
PARAMETRIC_REPRESENTATION_CONTEXT() REPRESENTATION_CONTEXT('2D SPACE',''
  ) );
#6114 = ORIENTED_EDGE('',*,*,#6115,.T.);
#6115 = EDGE_CURVE('',#6095,#6116,#6118,.T.);
#6116 = VERTEX_POINT('',#6117);
#6117 = CARTESIAN_POINT('',(-1.0122,-4.907846637565E-03,
    -1.329279221118E-02));
#6118 = SURFACE_CURVE('',#6119,(#6138,#6145),.PCURVE_S1.);
#6119 = ( BOUNDED_CURVE() B_SPLINE_CURVE(3,(#6120,#6121,#6122,#6123,
    #6124,#6125,#6126,#6127,#6128,#6129,#6130,#6131,#6132,#6133,#6134,
#6135,#6136,#6137),.UNSPECIFIED.,.F.,.F.) B_SPLINE_CURVE_WITH_KNOTS((4,1
    ,1,1,1,1,1,1,1,1,1,1,1,1,1,4),(0.,3.281818483209E-02,
    8.331472171401E-02,0.163169600212,0.282607356412,0.362210128519,
    0.441821211418,0.521490445595,0.611262750889,0.691167944743,
    0.761109091848,0.800978053181,0.860692828618,0.910445018305,
0.96019726339,1.),.UNSPECIFIED.) CURVE() GEOMETRIC_REPRESENTATION_ITEM()
 RATIONAL_B_SPLINE_CURVE((1.,1.,1.,1.,1.,1.,1.,1.,1.,1.,1.,1.,1.,1.,
    0.999999999999,1.000000000004,0.999999999993,1.)) 
REPRESENTATION_ITEM('') );
#6120 = CARTESIAN_POINT('',(0.5378,-3.271897758377E-03,
    -7.595881263534E-03));
#6121 = CARTESIAN_POINT('',(0.523430650188,-7.021791020282E-03,
    -1.785523255651E-02));
#6122 = CARTESIAN_POINT('',(0.483258792956,-1.287003539875E-02,
    -3.329409357711E-02));
#6123 = CARTESIAN_POINT('',(0.398489817948,-1.692135803055E-02,
    -4.417336815658E-02));
#6124 = CARTESIAN_POINT('',(0.269462582488,-2.003419507134E-02,
    -5.522782424738E-02));
#6125 = CARTESIAN_POINT('',(0.124451460313,-2.07334535614E-02,
    -5.663676381593E-02));
#6126 = CARTESIAN_POINT('',(-2.019705092663E-02,-2.152937195067E-02,
    -5.855420057682E-02));
#6127 = CARTESIAN_POINT('',(-0.144245251992,-2.063904766531E-02,
    -5.638329951452E-02));
#6128 = CARTESIAN_POINT('',(-0.273480101183,-1.852221247856E-02,
    -5.18404235692E-02));
#6129 = CARTESIAN_POINT('',(-0.402617556702,-1.504723177803E-02,
    -4.228313288197E-02));
#6130 = CARTESIAN_POINT('',(-0.526576732963,-1.076854691763E-02,
    -3.245504203398E-02));
#6131 = CARTESIAN_POINT('',(-0.624580534573,-7.572585460262E-03,
    -2.149760903007E-02));
#6132 = CARTESIAN_POINT('',(-0.712476506696,-5.842353264807E-03,
    -1.599872218726E-02));
#6133 = CARTESIAN_POINT('',(-0.790028640266,-5.159280947461E-03,
    -1.534865839147E-02));
#6134 = CARTESIAN_POINT('',(-0.872701839491,-5.423827106911E-03,
    -1.410066618498E-02));
#6135 = CARTESIAN_POINT('',(-0.945025744455,-5.056122493631E-03,
    -1.380177510825E-02));
#6136 = CARTESIAN_POINT('',(-0.991548335241,-4.424406667471E-03,
    -1.510605376178E-02));
#6137 = CARTESIAN_POINT('',(-1.0122,-4.907846637565E-03,
    -1.329279221118E-02));
#6138 = PCURVE('',#6027,#6139);
#6139 = DEFINITIONAL_REPRESENTATION('',(#6140),#6144);
#6140 = LINE('',#6141,#6142);
#6141 = CARTESIAN_POINT('',(51.,0.));
#6142 = VECTOR('',#6143,1.);
#6143 = DIRECTION('',(0.,1.));
#6144 = ( GEOMETRIC_REPRESENTATION_CONTEXT(2) 
PARAMETRIC_REPRESENTATION_CONTEXT() REPRESENTATION_CONTEXT('2D SPACE',''
  ) );
#6145 = PCURVE('',#6146,#6183);
#6146 = ( BOUNDED_SURFACE() B_SPLINE_SURFACE(1,3,(
    (#6147,#6148,#6149,#6150,#6151,#6152,#6153,#6154,#6155,#6156,#6157
      ,#6158,#6159,#6160,#6161,#6162,#6163,#6164)
    ,(#6165,#6166,#6167,#6168,#6169,#6170,#6171,#6172,#6173,#6174,#6175
      ,#6176,#6177,#6178,#6179,#6180,#6181,#6182
)),.UNSPECIFIED.,.F.,.F.,.F.) B_SPLINE_SURFACE_WITH_KNOTS((2,2),(4,1,1,1
    ,1,1,1,1,1,1,1,1,1,1,1,4),(51.,52.),(0.,3.281818483209E-02,
    8.331472171401E-02,0.163169600212,0.282607356412,0.362210128519,
    0.441821211418,0.521490445595,0.611262750889,0.691167944743,
    0.761109091848,0.800978053181,0.860692828618,0.910445018305,
0.96019726339,1.),.UNSPECIFIED.) GEOMETRIC_REPRESENTATION_ITEM() 
RATIONAL_B_SPLINE_SURFACE((
    (1.,1.,1.,1.,1.,1.,1.,1.,1.,1.,1.,1.,1.,1.,0.999999999999
      ,1.000000000004,0.999999999993,1.)
    ,(1.,1.,1.,1.,1.,1.,1.,1.,1.,1.,1.,1.,1.,1.,0.999999999999
,1.000000000004,0.999999999993,1.
  ))) REPRESENTATION_ITEM('') SURFACE() );
#6147 = CARTESIAN_POINT('',(0.5378,-3.271897758377E-03,
    -7.595881263534E-03));
#6148 = CARTESIAN_POINT('',(0.523430650188,-7.021791020282E-03,
    -1.785523255651E-02));
#6149 = CARTESIAN_POINT('',(0.483258792956,-1.287003539875E-02,
    -3.329409357711E-02));
#6150 = CARTESIAN_POINT('',(0.398489817948,-1.692135803055E-02,
    -4.417336815658E-02));
#6151 = CARTESIAN_POINT('',(0.269462582488,-2.003419507134E-02,
    -5.522782424738E-02));
#6152 = CARTESIAN_POINT('',(0.124451460313,-2.07334535614E-02,
    -5.663676381593E-02));
#6153 = CARTESIAN_POINT('',(-2.019705092663E-02,-2.152937195067E-02,
    -5.855420057682E-02));
#6154 = CARTESIAN_POINT('',(-0.144245251992,-2.063904766531E-02,
    -5.638329951452E-02));
#6155 = CARTESIAN_POINT('',(-0.273480101183,-1.852221247856E-02,
    -5.18404235692E-02));
#6156 = CARTESIAN_POINT('',(-0.402617556702,-1.504723177803E-02,
    -4.228313288197E-02));
#6157 = CARTESIAN_POINT('',(-0.526576732963,-1.076854691763E-02,
    -3.245504203398E-02));
#6158 = CARTESIAN_POINT('',(-0.624580534573,-7.572585460262E-03,
    -2.149760903007E-02));
#6159 = CARTESIAN_POINT('',(-0.712476506696,-5.842353264807E-03,
    -1.599872218726E-02));
#6160 = CARTESIAN_POINT('',(-0.790028640266,-5.159280947461E-03,
    -1.534865839147E-02));
#6161 = CARTESIAN_POINT('',(-0.872701839491,-5.423827106911E-03,
    -1.410066618498E-02));
#6162 = CARTESIAN_POINT('',(-0.945025744455,-5.056122493631E-03,
    -1.380177510825E-02));
#6163 = CARTESIAN_POINT('',(-0.991548335241,-4.424406667471E-03,
    -1.510605376178E-02));
#6164 = CARTESIAN_POINT('',(-1.0122,-4.907846637565E-03,
    -1.329279221118E-02));
#6165 = CARTESIAN_POINT('',(0.5378,-2.593702610453E-03,
    -7.772185105986E-03));
#6166 = CARTESIAN_POINT('',(0.523430650188,-5.566322374454E-03,
    -1.826966058643E-02));
#6167 = CARTESIAN_POINT('',(0.483258792956,-1.020234948506E-02,
    -3.406686455982E-02));
#6168 = CARTESIAN_POINT('',(0.398489817948,-1.341391869104E-02,
    -4.519865202686E-02));
#6169 = CARTESIAN_POINT('',(0.269462582488,-1.588153050376E-02,
    -5.650968704739E-02));
#6170 = CARTESIAN_POINT('',(0.124451460313,-1.643584751028E-02,
    -5.795132874109E-02));
#6171 = CARTESIAN_POINT('',(-2.019705092663E-02,-1.706678886493E-02,
    -5.991327007715E-02));
#6172 = CARTESIAN_POINT('',(-0.144245251992,-1.636100995813E-02,
    -5.769198141852E-02));
#6173 = CARTESIAN_POINT('',(-0.273480101183,-1.468294989781E-02,
    -5.304366326615E-02));
#6174 = CARTESIAN_POINT('',(-0.402617556702,-1.192825914039E-02,
    -4.32645435359E-02));
#6175 = CARTESIAN_POINT('',(-0.526576732963,-8.536455083147E-03,
    -3.320833825057E-02));
#6176 = CARTESIAN_POINT('',(-0.624580534573,-6.002948785876E-03,
    -2.199657826669E-02));
#6177 = CARTESIAN_POINT('',(-0.712476506696,-4.631357100119E-03,
    -1.637005977115E-02));
#6178 = CARTESIAN_POINT('',(-0.790028640266,-4.089871215327E-03,
    -1.570490770042E-02));
#6179 = CARTESIAN_POINT('',(-0.872701839491,-4.299582555677E-03,
    -1.442794902987E-02));
#6180 = CARTESIAN_POINT('',(-0.945025744455,-4.00809532535E-03,
    -1.412212055604E-02));
#6181 = CARTESIAN_POINT('',(-0.991548335241,-3.507320818312E-03,
    -1.545667210735E-02));
#6182 = CARTESIAN_POINT('',(-1.0122,-3.890553915679E-03,
    -1.360132393547E-02));
#6183 = DEFINITIONAL_REPRESENTATION('',(#6184),#6188);
#6184 = LINE('',#6185,#6186);
#6185 = CARTESIAN_POINT('',(51.,0.));
#6186 = VECTOR('',#6187,1.);
#6187 = DIRECTION('',(0.,1.));
#6188 = ( GEOMETRIC_REPRESENTATION_CONTEXT(2) 
PARAMETRIC_REPRESENTATION_CONTEXT() REPRESENTATION_CONTEXT('2D SPACE',''
  ) );
#6189 = ORIENTED_EDGE('',*,*,#6190,.F.);
#6190 = EDGE_CURVE('',#5997,#6116,#6191,.T.);
#6191 = SURFACE_CURVE('',#6192,(#6195,#6202),.PCURVE_S1.);
#6192 = B_SPLINE_CURVE_WITH_KNOTS('',1,(#6193,#6194),.UNSPECIFIED.,.F.,
  .F.,(2,2),(50.,51.),.PIECEWISE_BEZIER_KNOTS.);
#6193 = CARTESIAN_POINT('',(-1.0122,-5.854252663679E-03,
    -1.289806205019E-02));
#6194 = CARTESIAN_POINT('',(-1.0122,-4.907846637565E-03,
    -1.329279221118E-02));
#6195 = PCURVE('',#6027,#6196);
#6196 = DEFINITIONAL_REPRESENTATION('',(#6197),#6201);
#6197 = LINE('',#6198,#6199);
#6198 = CARTESIAN_POINT('',(0.,1.));
#6199 = VECTOR('',#6200,1.);
#6200 = DIRECTION('',(1.,0.));
#6201 = ( GEOMETRIC_REPRESENTATION_CONTEXT(2) 
PARAMETRIC_REPRESENTATION_CONTEXT() REPRESENTATION_CONTEXT('2D SPACE',''
  ) );
#6202 = PCURVE('',#176,#6203);
#6203 = DEFINITIONAL_REPRESENTATION('',(#6204),#6207);
#6204 = B_SPLINE_CURVE_WITH_KNOTS('',1,(#6205,#6206),.UNSPECIFIED.,.F.,
  .F.,(2,2),(50.,51.),.PIECEWISE_BEZIER_KNOTS.);
#6205 = CARTESIAN_POINT('',(1.201590138612E-02,1.71895770748E-02));
#6206 = CARTESIAN_POINT('',(1.099052563829E-02,1.717953506118E-02));
#6207 = ( GEOMETRIC_REPRESENTATION_CONTEXT(2) 
PARAMETRIC_REPRESENTATION_CONTEXT() REPRESENTATION_CONTEXT('2D SPACE',''
  ) );
#6208 = ORIENTED_EDGE('',*,*,#5996,.F.);
#6209 = ADVANCED_FACE('',(#6210),#6146,.F.);
#6210 = FACE_BOUND('',#6211,.F.);
#6211 = EDGE_LOOP('',(#6212,#6233,#6308,#6327));
#6212 = ORIENTED_EDGE('',*,*,#6213,.T.);
#6213 = EDGE_CURVE('',#6095,#6214,#6216,.T.);
#6214 = VERTEX_POINT('',#6215);
#6215 = CARTESIAN_POINT('',(0.5378,-2.593702610453E-03,
    -7.772185105986E-03));
#6216 = SURFACE_CURVE('',#6217,(#6220,#6227),.PCURVE_S1.);
#6217 = B_SPLINE_CURVE_WITH_KNOTS('',1,(#6218,#6219),.UNSPECIFIED.,.F.,
  .F.,(2,2),(51.,52.),.PIECEWISE_BEZIER_KNOTS.);
#6218 = CARTESIAN_POINT('',(0.5378,-3.271897758377E-03,
    -7.595881263534E-03));
#6219 = CARTESIAN_POINT('',(0.5378,-2.593702610453E-03,
    -7.772185105986E-03));
#6220 = PCURVE('',#6146,#6221);
#6221 = DEFINITIONAL_REPRESENTATION('',(#6222),#6226);
#6222 = LINE('',#6223,#6224);
#6223 = CARTESIAN_POINT('',(0.,0.));
#6224 = VECTOR('',#6225,1.);
#6225 = DIRECTION('',(1.,0.));
#6226 = ( GEOMETRIC_REPRESENTATION_CONTEXT(2) 
PARAMETRIC_REPRESENTATION_CONTEXT() REPRESENTATION_CONTEXT('2D SPACE',''
  ) );
#6227 = PCURVE('',#75,#6228);
#6228 = DEFINITIONAL_REPRESENTATION('',(#6229),#6232);
#6229 = B_SPLINE_CURVE_WITH_KNOTS('',1,(#6230,#6231),.UNSPECIFIED.,.F.,
  .F.,(2,2),(51.,52.),.PIECEWISE_BEZIER_KNOTS.);
#6230 = CARTESIAN_POINT('',(9.482223899604E-03,8.913906106801E-03));
#6231 = CARTESIAN_POINT('',(8.781744890442E-03,8.932902455204E-03));
#6232 = ( GEOMETRIC_REPRESENTATION_CONTEXT(2) 
PARAMETRIC_REPRESENTATION_CONTEXT() REPRESENTATION_CONTEXT('2D SPACE',''
  ) );
#6233 = ORIENTED_EDGE('',*,*,#6234,.T.);
#6234 = EDGE_CURVE('',#6214,#6235,#6237,.T.);
#6235 = VERTEX_POINT('',#6236);
#6236 = CARTESIAN_POINT('',(-1.0122,-3.890553915679E-03,
    -1.360132393547E-02));
#6237 = SURFACE_CURVE('',#6238,(#6257,#6264),.PCURVE_S1.);
#6238 = ( BOUNDED_CURVE() B_SPLINE_CURVE(3,(#6239,#6240,#6241,#6242,
    #6243,#6244,#6245,#6246,#6247,#6248,#6249,#6250,#6251,#6252,#6253,
#6254,#6255,#6256),.UNSPECIFIED.,.F.,.F.) B_SPLINE_CURVE_WITH_KNOTS((4,1
    ,1,1,1,1,1,1,1,1,1,1,1,1,1,4),(0.,3.281818483209E-02,
    8.331472171401E-02,0.163169600212,0.282607356412,0.362210128519,
    0.441821211418,0.521490445595,0.611262750889,0.691167944743,
    0.761109091848,0.800978053181,0.860692828618,0.910445018305,
0.96019726339,1.),.UNSPECIFIED.) CURVE() GEOMETRIC_REPRESENTATION_ITEM()
 RATIONAL_B_SPLINE_CURVE((1.,1.,1.,1.,1.,1.,1.,1.,1.,1.,1.,1.,1.,1.,
    0.999999999999,1.000000000004,0.999999999993,1.)) 
REPRESENTATION_ITEM('') );
#6239 = CARTESIAN_POINT('',(0.5378,-2.593702610453E-03,
    -7.772185105986E-03));
#6240 = CARTESIAN_POINT('',(0.523430650188,-5.566322374454E-03,
    -1.826966058643E-02));
#6241 = CARTESIAN_POINT('',(0.483258792956,-1.020234948506E-02,
    -3.406686455982E-02));
#6242 = CARTESIAN_POINT('',(0.398489817948,-1.341391869104E-02,
    -4.519865202686E-02));
#6243 = CARTESIAN_POINT('',(0.269462582488,-1.588153050376E-02,
    -5.650968704739E-02));
#6244 = CARTESIAN_POINT('',(0.124451460313,-1.643584751028E-02,
    -5.795132874109E-02));
#6245 = CARTESIAN_POINT('',(-2.019705092663E-02,-1.706678886493E-02,
    -5.991327007715E-02));
#6246 = CARTESIAN_POINT('',(-0.144245251992,-1.636100995813E-02,
    -5.769198141852E-02));
#6247 = CARTESIAN_POINT('',(-0.273480101183,-1.468294989781E-02,
    -5.304366326615E-02));
#6248 = CARTESIAN_POINT('',(-0.402617556702,-1.192825914039E-02,
    -4.32645435359E-02));
#6249 = CARTESIAN_POINT('',(-0.526576732963,-8.536455083147E-03,
    -3.320833825057E-02));
#6250 = CARTESIAN_POINT('',(-0.624580534573,-6.002948785876E-03,
    -2.199657826669E-02));
#6251 = CARTESIAN_POINT('',(-0.712476506696,-4.631357100119E-03,
    -1.637005977115E-02));
#6252 = CARTESIAN_POINT('',(-0.790028640266,-4.089871215327E-03,
    -1.570490770042E-02));
#6253 = CARTESIAN_POINT('',(-0.872701839491,-4.299582555677E-03,
    -1.442794902987E-02));
#6254 = CARTESIAN_POINT('',(-0.945025744455,-4.00809532535E-03,
    -1.412212055604E-02));
#6255 = CARTESIAN_POINT('',(-0.991548335241,-3.507320818312E-03,
    -1.545667210735E-02));
#6256 = CARTESIAN_POINT('',(-1.0122,-3.890553915679E-03,
    -1.360132393547E-02));
#6257 = PCURVE('',#6146,#6258);
#6258 = DEFINITIONAL_REPRESENTATION('',(#6259),#6263);
#6259 = LINE('',#6260,#6261);
#6260 = CARTESIAN_POINT('',(52.,0.));
#6261 = VECTOR('',#6262,1.);
#6262 = DIRECTION('',(0.,1.));
#6263 = ( GEOMETRIC_REPRESENTATION_CONTEXT(2) 
PARAMETRIC_REPRESENTATION_CONTEXT() REPRESENTATION_CONTEXT('2D SPACE',''
  ) );
#6264 = PCURVE('',#6265,#6302);
#6265 = ( BOUNDED_SURFACE() B_SPLINE_SURFACE(1,3,(
    (#6266,#6267,#6268,#6269,#6270,#6271,#6272,#6273,#6274,#6275,#6276
      ,#6277,#6278,#6279,#6280,#6281,#6282,#6283)
    ,(#6284,#6285,#6286,#6287,#6288,#6289,#6290,#6291,#6292,#6293,#6294
      ,#6295,#6296,#6297,#6298,#6299,#6300,#6301
)),.UNSPECIFIED.,.F.,.F.,.F.) B_SPLINE_SURFACE_WITH_KNOTS((2,2),(4,1,1,1
    ,1,1,1,1,1,1,1,1,1,1,1,4),(52.,53.),(0.,3.281818483209E-02,
    8.331472171401E-02,0.163169600212,0.282607356412,0.362210128519,
    0.441821211418,0.521490445595,0.611262750889,0.691167944743,
    0.761109091848,0.800978053181,0.860692828618,0.910445018305,
0.96019726339,1.),.UNSPECIFIED.) GEOMETRIC_REPRESENTATION_ITEM() 
RATIONAL_B_SPLINE_SURFACE((
    (1.,1.,1.,1.,1.,1.,1.,1.,1.,1.,1.,1.,1.,1.,0.999999999999
      ,1.000000000004,0.999999999993,1.)
    ,(1.,1.,1.,1.,1.,1.,1.,1.,1.,1.,1.,1.,1.,1.,0.999999999999
,1.000000000004,0.999999999993,1.
  ))) REPRESENTATION_ITEM('') SURFACE() );
#6266 = CARTESIAN_POINT('',(0.5378,-2.593702610453E-03,
    -7.772185105986E-03));
#6267 = CARTESIAN_POINT('',(0.523430650188,-5.566322374454E-03,
    -1.826966058643E-02));
#6268 = CARTESIAN_POINT('',(0.483258792956,-1.020234948506E-02,
    -3.406686455982E-02));
#6269 = CARTESIAN_POINT('',(0.398489817948,-1.341391869104E-02,
    -4.519865202686E-02));
#6270 = CARTESIAN_POINT('',(0.269462582488,-1.588153050376E-02,
    -5.650968704739E-02));
#6271 = CARTESIAN_POINT('',(0.124451460313,-1.643584751028E-02,
    -5.795132874109E-02));
#6272 = CARTESIAN_POINT('',(-2.019705092663E-02,-1.706678886493E-02,
    -5.991327007715E-02));
#6273 = CARTESIAN_POINT('',(-0.144245251992,-1.636100995813E-02,
    -5.769198141852E-02));
#6274 = CARTESIAN_POINT('',(-0.273480101183,-1.468294989781E-02,
    -5.304366326615E-02));
#6275 = CARTESIAN_POINT('',(-0.402617556702,-1.192825914039E-02,
    -4.32645435359E-02));
#6276 = CARTESIAN_POINT('',(-0.526576732963,-8.536455083147E-03,
    -3.320833825057E-02));
#6277 = CARTESIAN_POINT('',(-0.624580534573,-6.002948785876E-03,
    -2.199657826669E-02));
#6278 = CARTESIAN_POINT('',(-0.712476506696,-4.631357100119E-03,
    -1.637005977115E-02));
#6279 = CARTESIAN_POINT('',(-0.790028640266,-4.089871215327E-03,
    -1.570490770042E-02));
#6280 = CARTESIAN_POINT('',(-0.872701839491,-4.299582555677E-03,
    -1.442794902987E-02));
#6281 = CARTESIAN_POINT('',(-0.945025744455,-4.00809532535E-03,
    -1.412212055604E-02));
#6282 = CARTESIAN_POINT('',(-0.991548335241,-3.507320818312E-03,
    -1.545667210735E-02));
#6283 = CARTESIAN_POINT('',(-1.0122,-3.890553915679E-03,
    -1.360132393547E-02));
#6284 = CARTESIAN_POINT('',(0.5378,-1.859866814215E-03,
    -7.898589364907E-03));
#6285 = CARTESIAN_POINT('',(0.523430650188,-3.991443822334E-03,
    -1.856679232941E-02));
#6286 = CARTESIAN_POINT('',(0.483258792956,-7.315800646468E-03,
    -3.462091682565E-02));
#6287 = CARTESIAN_POINT('',(0.398489817948,-9.618721175472E-03,
    -4.593374801799E-02));
#6288 = CARTESIAN_POINT('',(0.269462582488,-1.138817203787E-02,
    -5.742874198699E-02));
#6289 = CARTESIAN_POINT('',(0.124451460313,-1.178565623703E-02,
    -5.889383006642E-02));
#6290 = CARTESIAN_POINT('',(-2.019705092663E-02,-1.223808547178E-02,
    -6.088767977023E-02));
#6291 = CARTESIAN_POINT('',(-0.144245251992,-1.173199245956E-02,
    -5.86302648044E-02));
#6292 = CARTESIAN_POINT('',(-0.273480101183,-1.05287056194E-02,
    -5.390634793645E-02));
#6293 = CARTESIAN_POINT('',(-0.402617556702,-8.553399004637E-03,
    -4.39681838235E-02));
#6294 = CARTESIAN_POINT('',(-0.526576732963,-6.121237437245E-03,
    -3.374842772725E-02));
#6295 = CARTESIAN_POINT('',(-0.624580534573,-4.304535604541E-03,
    -2.23543233714E-02));
#6296 = CARTESIAN_POINT('',(-0.712476506696,-3.321008098838E-03,
    -1.663629703206E-02));
#6297 = CARTESIAN_POINT('',(-0.790028640266,-2.932724714523E-03,
    -1.596032714707E-02));
#6298 = CARTESIAN_POINT('',(-0.872701839491,-3.083102464433E-03,
    -1.466260044138E-02));
#6299 = CARTESIAN_POINT('',(-0.945025744455,-2.874085661845E-03,
    -1.435179807353E-02));
#6300 = CARTESIAN_POINT('',(-0.991548335241,-2.514995192803E-03,
    -1.570805433269E-02));
#6301 = CARTESIAN_POINT('',(-1.0122,-2.789800221323E-03,
    -1.382253138859E-02));
#6302 = DEFINITIONAL_REPRESENTATION('',(#6303),#6307);
#6303 = LINE('',#6304,#6305);
#6304 = CARTESIAN_POINT('',(52.,0.));
#6305 = VECTOR('',#6306,1.);
#6306 = DIRECTION('',(0.,1.));
#6307 = ( GEOMETRIC_REPRESENTATION_CONTEXT(2) 
PARAMETRIC_REPRESENTATION_CONTEXT() REPRESENTATION_CONTEXT('2D SPACE',''
  ) );
#6308 = ORIENTED_EDGE('',*,*,#6309,.F.);
#6309 = EDGE_CURVE('',#6116,#6235,#6310,.T.);
#6310 = SURFACE_CURVE('',#6311,(#6314,#6321),.PCURVE_S1.);
#6311 = B_SPLINE_CURVE_WITH_KNOTS('',1,(#6312,#6313),.UNSPECIFIED.,.F.,
  .F.,(2,2),(51.,52.),.PIECEWISE_BEZIER_KNOTS.);
#6312 = CARTESIAN_POINT('',(-1.0122,-4.907846637565E-03,
    -1.329279221118E-02));
#6313 = CARTESIAN_POINT('',(-1.0122,-3.890553915679E-03,
    -1.360132393547E-02));
#6314 = PCURVE('',#6146,#6315);
#6315 = DEFINITIONAL_REPRESENTATION('',(#6316),#6320);
#6316 = LINE('',#6317,#6318);
#6317 = CARTESIAN_POINT('',(0.,1.));
#6318 = VECTOR('',#6319,1.);
#6319 = DIRECTION('',(1.,0.));
#6320 = ( GEOMETRIC_REPRESENTATION_CONTEXT(2) 
PARAMETRIC_REPRESENTATION_CONTEXT() REPRESENTATION_CONTEXT('2D SPACE',''
  ) );
#6321 = PCURVE('',#176,#6322);
#6322 = DEFINITIONAL_REPRESENTATION('',(#6323),#6326);
#6323 = B_SPLINE_CURVE_WITH_KNOTS('',1,(#6324,#6325),.UNSPECIFIED.,.F.,
  .F.,(2,2),(51.,52.),.PIECEWISE_BEZIER_KNOTS.);
#6324 = CARTESIAN_POINT('',(1.099052563829E-02,1.717953506118E-02));
#6325 = CARTESIAN_POINT('',(9.933955051349E-03,1.706233906424E-02));
#6326 = ( GEOMETRIC_REPRESENTATION_CONTEXT(2) 
PARAMETRIC_REPRESENTATION_CONTEXT() REPRESENTATION_CONTEXT('2D SPACE',''
  ) );
#6327 = ORIENTED_EDGE('',*,*,#6115,.F.);
#6328 = ADVANCED_FACE('',(#6329),#6265,.F.);
#6329 = FACE_BOUND('',#6330,.F.);
#6330 = EDGE_LOOP('',(#6331,#6352,#6427,#6446));
#6331 = ORIENTED_EDGE('',*,*,#6332,.T.);
#6332 = EDGE_CURVE('',#6214,#6333,#6335,.T.);
#6333 = VERTEX_POINT('',#6334);
#6334 = CARTESIAN_POINT('',(0.5378,-1.859866814215E-03,
    -7.898589364907E-03));
#6335 = SURFACE_CURVE('',#6336,(#6339,#6346),.PCURVE_S1.);
#6336 = B_SPLINE_CURVE_WITH_KNOTS('',1,(#6337,#6338),.UNSPECIFIED.,.F.,
  .F.,(2,2),(52.,53.),.PIECEWISE_BEZIER_KNOTS.);
#6337 = CARTESIAN_POINT('',(0.5378,-2.593702610453E-03,
    -7.772185105986E-03));
#6338 = CARTESIAN_POINT('',(0.5378,-1.859866814215E-03,
    -7.898589364907E-03));
#6339 = PCURVE('',#6265,#6340);
#6340 = DEFINITIONAL_REPRESENTATION('',(#6341),#6345);
#6341 = LINE('',#6342,#6343);
#6342 = CARTESIAN_POINT('',(0.,0.));
#6343 = VECTOR('',#6344,1.);
#6344 = DIRECTION('',(1.,0.));
#6345 = ( GEOMETRIC_REPRESENTATION_CONTEXT(2) 
PARAMETRIC_REPRESENTATION_CONTEXT() REPRESENTATION_CONTEXT('2D SPACE',''
  ) );
#6346 = PCURVE('',#75,#6347);
#6347 = DEFINITIONAL_REPRESENTATION('',(#6348),#6351);
#6348 = B_SPLINE_CURVE_WITH_KNOTS('',1,(#6349,#6350),.UNSPECIFIED.,.F.,
  .F.,(2,2),(52.,53.),.PIECEWISE_BEZIER_KNOTS.);
#6349 = CARTESIAN_POINT('',(8.781744890442E-03,8.932902455204E-03));
#6350 = CARTESIAN_POINT('',(8.038296175933E-03,8.890747723456E-03));
#6351 = ( GEOMETRIC_REPRESENTATION_CONTEXT(2) 
PARAMETRIC_REPRESENTATION_CONTEXT() REPRESENTATION_CONTEXT('2D SPACE',''
  ) );
#6352 = ORIENTED_EDGE('',*,*,#6353,.T.);
#6353 = EDGE_CURVE('',#6333,#6354,#6356,.T.);
#6354 = VERTEX_POINT('',#6355);
#6355 = CARTESIAN_POINT('',(-1.0122,-2.789800221323E-03,
    -1.382253138859E-02));
#6356 = SURFACE_CURVE('',#6357,(#6376,#6383),.PCURVE_S1.);
#6357 = ( BOUNDED_CURVE() B_SPLINE_CURVE(3,(#6358,#6359,#6360,#6361,
    #6362,#6363,#6364,#6365,#6366,#6367,#6368,#6369,#6370,#6371,#6372,
#6373,#6374,#6375),.UNSPECIFIED.,.F.,.F.) B_SPLINE_CURVE_WITH_KNOTS((4,1
    ,1,1,1,1,1,1,1,1,1,1,1,1,1,4),(0.,3.281818483209E-02,
    8.331472171401E-02,0.163169600212,0.282607356412,0.362210128519,
    0.441821211418,0.521490445595,0.611262750889,0.691167944743,
    0.761109091848,0.800978053181,0.860692828618,0.910445018305,
0.96019726339,1.),.UNSPECIFIED.) CURVE() GEOMETRIC_REPRESENTATION_ITEM()
 RATIONAL_B_SPLINE_CURVE((1.,1.,1.,1.,1.,1.,1.,1.,1.,1.,1.,1.,1.,1.,
    0.999999999999,1.000000000004,0.999999999993,1.)) 
REPRESENTATION_ITEM('') );
#6358 = CARTESIAN_POINT('',(0.5378,-1.859866814215E-03,
    -7.898589364907E-03));
#6359 = CARTESIAN_POINT('',(0.523430650188,-3.991443822334E-03,
    -1.856679232941E-02));
#6360 = CARTESIAN_POINT('',(0.483258792956,-7.315800646468E-03,
    -3.462091682565E-02));
#6361 = CARTESIAN_POINT('',(0.398489817948,-9.618721175472E-03,
    -4.593374801799E-02));
#6362 = CARTESIAN_POINT('',(0.269462582488,-1.138817203787E-02,
    -5.742874198699E-02));
#6363 = CARTESIAN_POINT('',(0.124451460313,-1.178565623703E-02,
    -5.889383006642E-02));
#6364 = CARTESIAN_POINT('',(-2.019705092663E-02,-1.223808547178E-02,
    -6.088767977023E-02));
#6365 = CARTESIAN_POINT('',(-0.144245251992,-1.173199245956E-02,
    -5.86302648044E-02));
#6366 = CARTESIAN_POINT('',(-0.273480101183,-1.05287056194E-02,
    -5.390634793645E-02));
#6367 = CARTESIAN_POINT('',(-0.402617556702,-8.553399004637E-03,
    -4.39681838235E-02));
#6368 = CARTESIAN_POINT('',(-0.526576732963,-6.121237437245E-03,
    -3.374842772725E-02));
#6369 = CARTESIAN_POINT('',(-0.624580534573,-4.304535604541E-03,
    -2.23543233714E-02));
#6370 = CARTESIAN_POINT('',(-0.712476506696,-3.321008098838E-03,
    -1.663629703206E-02));
#6371 = CARTESIAN_POINT('',(-0.790028640266,-2.932724714523E-03,
    -1.596032714707E-02));
#6372 = CARTESIAN_POINT('',(-0.872701839491,-3.083102464433E-03,
    -1.466260044138E-02));
#6373 = CARTESIAN_POINT('',(-0.945025744455,-2.874085661845E-03,
    -1.435179807353E-02));
#6374 = CARTESIAN_POINT('',(-0.991548335241,-2.514995192803E-03,
    -1.570805433269E-02));
#6375 = CARTESIAN_POINT('',(-1.0122,-2.789800221323E-03,
    -1.382253138859E-02));
#6376 = PCURVE('',#6265,#6377);
#6377 = DEFINITIONAL_REPRESENTATION('',(#6378),#6382);
#6378 = LINE('',#6379,#6380);
#6379 = CARTESIAN_POINT('',(53.,0.));
#6380 = VECTOR('',#6381,1.);
#6381 = DIRECTION('',(0.,1.));
#6382 = ( GEOMETRIC_REPRESENTATION_CONTEXT(2) 
PARAMETRIC_REPRESENTATION_CONTEXT() REPRESENTATION_CONTEXT('2D SPACE',''
  ) );
#6383 = PCURVE('',#6384,#6421);
#6384 = ( BOUNDED_SURFACE() B_SPLINE_SURFACE(1,3,(
    (#6385,#6386,#6387,#6388,#6389,#6390,#6391,#6392,#6393,#6394,#6395
      ,#6396,#6397,#6398,#6399,#6400,#6401,#6402)
    ,(#6403,#6404,#6405,#6406,#6407,#6408,#6409,#6410,#6411,#6412,#6413
      ,#6414,#6415,#6416,#6417,#6418,#6419,#6420
)),.UNSPECIFIED.,.F.,.F.,.F.) B_SPLINE_SURFACE_WITH_KNOTS((2,2),(4,1,1,1
    ,1,1,1,1,1,1,1,1,1,1,1,4),(53.,54.),(0.,3.281818483209E-02,
    8.331472171401E-02,0.163169600212,0.282607356412,0.362210128519,
    0.441821211418,0.521490445595,0.611262750889,0.691167944743,
    0.761109091848,0.800978053181,0.860692828618,0.910445018305,
0.96019726339,1.),.UNSPECIFIED.) GEOMETRIC_REPRESENTATION_ITEM() 
RATIONAL_B_SPLINE_SURFACE((
    (1.,1.,1.,1.,1.,1.,1.,1.,1.,1.,1.,1.,1.,1.,0.999999999999
      ,1.000000000004,0.999999999993,1.)
    ,(1.,1.,1.,1.,1.,1.,1.,1.,1.,1.,1.,1.,1.,1.,0.999999999999
,1.000000000004,0.999999999993,1.
  ))) REPRESENTATION_ITEM('') SURFACE() );
#6385 = CARTESIAN_POINT('',(0.5378,-1.859866814215E-03,
    -7.898589364907E-03));
#6386 = CARTESIAN_POINT('',(0.523430650188,-3.991443822334E-03,
    -1.856679232941E-02));
#6387 = CARTESIAN_POINT('',(0.483258792956,-7.315800646468E-03,
    -3.462091682565E-02));
#6388 = CARTESIAN_POINT('',(0.398489817948,-9.618721175472E-03,
    -4.593374801799E-02));
#6389 = CARTESIAN_POINT('',(0.269462582488,-1.138817203787E-02,
    -5.742874198699E-02));
#6390 = CARTESIAN_POINT('',(0.124451460313,-1.178565623703E-02,
    -5.889383006642E-02));
#6391 = CARTESIAN_POINT('',(-2.019705092663E-02,-1.223808547178E-02,
    -6.088767977023E-02));
#6392 = CARTESIAN_POINT('',(-0.144245251992,-1.173199245956E-02,
    -5.86302648044E-02));
#6393 = CARTESIAN_POINT('',(-0.273480101183,-1.05287056194E-02,
    -5.390634793645E-02));
#6394 = CARTESIAN_POINT('',(-0.402617556702,-8.553399004637E-03,
    -4.39681838235E-02));
#6395 = CARTESIAN_POINT('',(-0.526576732963,-6.121237437245E-03,
    -3.374842772725E-02));
#6396 = CARTESIAN_POINT('',(-0.624580534573,-4.304535604541E-03,
    -2.23543233714E-02));
#6397 = CARTESIAN_POINT('',(-0.712476506696,-3.321008098838E-03,
    -1.663629703206E-02));
#6398 = CARTESIAN_POINT('',(-0.790028640266,-2.932724714523E-03,
    -1.596032714707E-02));
#6399 = CARTESIAN_POINT('',(-0.872701839491,-3.083102464433E-03,
    -1.466260044138E-02));
#6400 = CARTESIAN_POINT('',(-0.945025744455,-2.874085661845E-03,
    -1.435179807353E-02));
#6401 = CARTESIAN_POINT('',(-0.991548335241,-2.514995192803E-03,
    -1.570805433269E-02));
#6402 = CARTESIAN_POINT('',(-1.0122,-2.789800221323E-03,
    -1.382253138859E-02));
#6403 = CARTESIAN_POINT('',(0.5378,-1.047136570464E-03,
    -7.974623264059E-03));
#6404 = CARTESIAN_POINT('',(0.523430650188,-2.247250589862E-03,
    -1.874552115685E-02));
#6405 = CARTESIAN_POINT('',(0.483258792956,-4.118919882108E-03,
    -3.495418687892E-02));
#6406 = CARTESIAN_POINT('',(0.398489817948,-5.415503210738E-03,
    -4.637591836045E-02));
#6407 = CARTESIAN_POINT('',(0.269462582488,-6.411734066353E-03,
    -5.798156616544E-02));
#6408 = CARTESIAN_POINT('',(0.124451460313,-6.635524414103E-03,
    -5.946075756816E-02));
#6409 = CARTESIAN_POINT('',(-2.019705092663E-02,-6.890249749078E-03,
    -6.147380059375E-02));
#6410 = CARTESIAN_POINT('',(-0.144245251992,-6.60531079694E-03,
    -5.919465515759E-02));
#6411 = CARTESIAN_POINT('',(-0.273480101183,-5.927839891251E-03,
    -5.442526462312E-02));
#6412 = CARTESIAN_POINT('',(-0.402617556702,-4.815708754555E-03,
    -4.439143312793E-02));
#6413 = CARTESIAN_POINT('',(-0.526576732963,-3.446360528636E-03,
    -3.407329897094E-02));
#6414 = CARTESIAN_POINT('',(-0.624580534573,-2.42352657509E-03,
    -2.256951196905E-02));
#6415 = CARTESIAN_POINT('',(-0.712476506696,-1.869783903084E-03,
    -1.679644240389E-02));
#6416 = CARTESIAN_POINT('',(-0.790028640266,-1.651173770189E-03,
    -1.611396545498E-02));
#6417 = CARTESIAN_POINT('',(-0.872701839491,-1.735838994668E-03,
    -1.480374649053E-02));
#6418 = CARTESIAN_POINT('',(-0.945025744455,-1.618158988659E-03,
    -1.448995225764E-02));
#6419 = CARTESIAN_POINT('',(-0.991548335241,-1.415984962391E-03,
    -1.585926419567E-02));
#6420 = CARTESIAN_POINT('',(-1.0122,-1.570704855696E-03,
    -1.39555907121E-02));
#6421 = DEFINITIONAL_REPRESENTATION('',(#6422),#6426);
#6422 = LINE('',#6423,#6424);
#6423 = CARTESIAN_POINT('',(53.,0.));
#6424 = VECTOR('',#6425,1.);
#6425 = DIRECTION('',(0.,1.));
#6426 = ( GEOMETRIC_REPRESENTATION_CONTEXT(2) 
PARAMETRIC_REPRESENTATION_CONTEXT() REPRESENTATION_CONTEXT('2D SPACE',''
  ) );
#6427 = ORIENTED_EDGE('',*,*,#6428,.F.);
#6428 = EDGE_CURVE('',#6235,#6354,#6429,.T.);
#6429 = SURFACE_CURVE('',#6430,(#6433,#6440),.PCURVE_S1.);
#6430 = B_SPLINE_CURVE_WITH_KNOTS('',1,(#6431,#6432),.UNSPECIFIED.,.F.,
  .F.,(2,2),(52.,53.),.PIECEWISE_BEZIER_KNOTS.);
#6431 = CARTESIAN_POINT('',(-1.0122,-3.890553915679E-03,
    -1.360132393547E-02));
#6432 = CARTESIAN_POINT('',(-1.0122,-2.789800221323E-03,
    -1.382253138859E-02));
#6433 = PCURVE('',#6265,#6434);
#6434 = DEFINITIONAL_REPRESENTATION('',(#6435),#6439);
#6435 = LINE('',#6436,#6437);
#6436 = CARTESIAN_POINT('',(0.,1.));
#6437 = VECTOR('',#6438,1.);
#6438 = DIRECTION('',(1.,0.));
#6439 = ( GEOMETRIC_REPRESENTATION_CONTEXT(2) 
PARAMETRIC_REPRESENTATION_CONTEXT() REPRESENTATION_CONTEXT('2D SPACE',''
  ) );
#6440 = PCURVE('',#176,#6441);
#6441 = DEFINITIONAL_REPRESENTATION('',(#6442),#6445);
#6442 = B_SPLINE_CURVE_WITH_KNOTS('',1,(#6443,#6444),.UNSPECIFIED.,.F.,
  .F.,(2,2),(52.,53.),.PIECEWISE_BEZIER_KNOTS.);
#6443 = CARTESIAN_POINT('',(9.933955051349E-03,1.706233906424E-02));
#6444 = CARTESIAN_POINT('',(8.835075813579E-03,1.683200050093E-02));
#6445 = ( GEOMETRIC_REPRESENTATION_CONTEXT(2) 
PARAMETRIC_REPRESENTATION_CONTEXT() REPRESENTATION_CONTEXT('2D SPACE',''
  ) );
#6446 = ORIENTED_EDGE('',*,*,#6234,.F.);
#6447 = ADVANCED_FACE('',(#6448),#6384,.F.);
#6448 = FACE_BOUND('',#6449,.F.);
#6449 = EDGE_LOOP('',(#6450,#6471,#6546,#6565));
#6450 = ORIENTED_EDGE('',*,*,#6451,.T.);
#6451 = EDGE_CURVE('',#6333,#6452,#6454,.T.);
#6452 = VERTEX_POINT('',#6453);
#6453 = CARTESIAN_POINT('',(0.5378,-1.047136570464E-03,
    -7.974623264059E-03));
#6454 = SURFACE_CURVE('',#6455,(#6458,#6465),.PCURVE_S1.);
#6455 = B_SPLINE_CURVE_WITH_KNOTS('',1,(#6456,#6457),.UNSPECIFIED.,.F.,
  .F.,(2,2),(53.,54.),.PIECEWISE_BEZIER_KNOTS.);
#6456 = CARTESIAN_POINT('',(0.5378,-1.859866814215E-03,
    -7.898589364907E-03));
#6457 = CARTESIAN_POINT('',(0.5378,-1.047136570464E-03,
    -7.974623264059E-03));
#6458 = PCURVE('',#6384,#6459);
#6459 = DEFINITIONAL_REPRESENTATION('',(#6460),#6464);
#6460 = LINE('',#6461,#6462);
#6461 = CARTESIAN_POINT('',(0.,0.));
#6462 = VECTOR('',#6463,1.);
#6463 = DIRECTION('',(1.,0.));
#6464 = ( GEOMETRIC_REPRESENTATION_CONTEXT(2) 
PARAMETRIC_REPRESENTATION_CONTEXT() REPRESENTATION_CONTEXT('2D SPACE',''
  ) );
#6465 = PCURVE('',#75,#6466);
#6466 = DEFINITIONAL_REPRESENTATION('',(#6467),#6470);
#6467 = B_SPLINE_CURVE_WITH_KNOTS('',1,(#6468,#6469),.UNSPECIFIED.,.F.,
  .F.,(2,2),(53.,54.),.PIECEWISE_BEZIER_KNOTS.);
#6468 = CARTESIAN_POINT('',(8.038296175933E-03,8.890747723456E-03));
#6469 = CARTESIAN_POINT('',(7.229327706014E-03,8.781744890442E-03));
#6470 = ( GEOMETRIC_REPRESENTATION_CONTEXT(2) 
PARAMETRIC_REPRESENTATION_CONTEXT() REPRESENTATION_CONTEXT('2D SPACE',''
  ) );
#6471 = ORIENTED_EDGE('',*,*,#6472,.T.);
#6472 = EDGE_CURVE('',#6452,#6473,#6475,.T.);
#6473 = VERTEX_POINT('',#6474);
#6474 = CARTESIAN_POINT('',(-1.0122,-1.570704855696E-03,
    -1.39555907121E-02));
#6475 = SURFACE_CURVE('',#6476,(#6495,#6502),.PCURVE_S1.);
#6476 = ( BOUNDED_CURVE() B_SPLINE_CURVE(3,(#6477,#6478,#6479,#6480,
    #6481,#6482,#6483,#6484,#6485,#6486,#6487,#6488,#6489,#6490,#6491,
#6492,#6493,#6494),.UNSPECIFIED.,.F.,.F.) B_SPLINE_CURVE_WITH_KNOTS((4,1
    ,1,1,1,1,1,1,1,1,1,1,1,1,1,4),(0.,3.281818483209E-02,
    8.331472171401E-02,0.163169600212,0.282607356412,0.362210128519,
    0.441821211418,0.521490445595,0.611262750889,0.691167944743,
    0.761109091848,0.800978053181,0.860692828618,0.910445018305,
0.96019726339,1.),.UNSPECIFIED.) CURVE() GEOMETRIC_REPRESENTATION_ITEM()
 RATIONAL_B_SPLINE_CURVE((1.,1.,1.,1.,1.,1.,1.,1.,1.,1.,1.,1.,1.,1.,
    0.999999999999,1.000000000004,0.999999999993,1.)) 
REPRESENTATION_ITEM('') );
#6477 = CARTESIAN_POINT('',(0.5378,-1.047136570464E-03,
    -7.974623264059E-03));
#6478 = CARTESIAN_POINT('',(0.523430650188,-2.247250589862E-03,
    -1.874552115685E-02));
#6479 = CARTESIAN_POINT('',(0.483258792956,-4.118919882108E-03,
    -3.495418687892E-02));
#6480 = CARTESIAN_POINT('',(0.398489817948,-5.415503210738E-03,
    -4.637591836045E-02));
#6481 = CARTESIAN_POINT('',(0.269462582488,-6.411734066353E-03,
    -5.798156616544E-02));
#6482 = CARTESIAN_POINT('',(0.124451460313,-6.635524414103E-03,
    -5.946075756816E-02));
#6483 = CARTESIAN_POINT('',(-2.019705092663E-02,-6.890249749078E-03,
    -6.147380059375E-02));
#6484 = CARTESIAN_POINT('',(-0.144245251992,-6.60531079694E-03,
    -5.919465515759E-02));
#6485 = CARTESIAN_POINT('',(-0.273480101183,-5.927839891251E-03,
    -5.442526462312E-02));
#6486 = CARTESIAN_POINT('',(-0.402617556702,-4.815708754555E-03,
    -4.439143312793E-02));
#6487 = CARTESIAN_POINT('',(-0.526576732963,-3.446360528636E-03,
    -3.407329897094E-02));
#6488 = CARTESIAN_POINT('',(-0.624580534573,-2.42352657509E-03,
    -2.256951196905E-02));
#6489 = CARTESIAN_POINT('',(-0.712476506696,-1.869783903084E-03,
    -1.679644240389E-02));
#6490 = CARTESIAN_POINT('',(-0.790028640266,-1.651173770189E-03,
    -1.611396545498E-02));
#6491 = CARTESIAN_POINT('',(-0.872701839491,-1.735838994668E-03,
    -1.480374649053E-02));
#6492 = CARTESIAN_POINT('',(-0.945025744455,-1.618158988659E-03,
    -1.448995225764E-02));
#6493 = CARTESIAN_POINT('',(-0.991548335241,-1.415984962391E-03,
    -1.585926419567E-02));
#6494 = CARTESIAN_POINT('',(-1.0122,-1.570704855696E-03,
    -1.39555907121E-02));
#6495 = PCURVE('',#6384,#6496);
#6496 = DEFINITIONAL_REPRESENTATION('',(#6497),#6501);
#6497 = LINE('',#6498,#6499);
#6498 = CARTESIAN_POINT('',(54.,0.));
#6499 = VECTOR('',#6500,1.);
#6500 = DIRECTION('',(0.,1.));
#6501 = ( GEOMETRIC_REPRESENTATION_CONTEXT(2) 
PARAMETRIC_REPRESENTATION_CONTEXT() REPRESENTATION_CONTEXT('2D SPACE',''
  ) );
#6502 = PCURVE('',#6503,#6540);
#6503 = ( BOUNDED_SURFACE() B_SPLINE_SURFACE(1,3,(
    (#6504,#6505,#6506,#6507,#6508,#6509,#6510,#6511,#6512,#6513,#6514
      ,#6515,#6516,#6517,#6518,#6519,#6520,#6521)
    ,(#6522,#6523,#6524,#6525,#6526,#6527,#6528,#6529,#6530,#6531,#6532
      ,#6533,#6534,#6535,#6536,#6537,#6538,#6539
)),.UNSPECIFIED.,.F.,.F.,.F.) B_SPLINE_SURFACE_WITH_KNOTS((2,2),(4,1,1,1
    ,1,1,1,1,1,1,1,1,1,1,1,4),(54.,55.),(0.,3.281818483209E-02,
    8.331472171401E-02,0.163169600212,0.282607356412,0.362210128519,
    0.441821211418,0.521490445595,0.611262750889,0.691167944743,
    0.761109091848,0.800978053181,0.860692828618,0.910445018305,
0.96019726339,1.),.UNSPECIFIED.) GEOMETRIC_REPRESENTATION_ITEM() 
RATIONAL_B_SPLINE_SURFACE((
    (1.,1.,1.,1.,1.,1.,1.,1.,1.,1.,1.,1.,1.,1.,0.999999999999
      ,1.000000000004,0.999999999993,1.)
    ,(1.,1.,1.,1.,1.,1.,1.,1.,1.,1.,1.,1.,1.,1.,0.999999999999
,1.000000000004,0.999999999993,1.
  ))) REPRESENTATION_ITEM('') SURFACE() );
#6504 = CARTESIAN_POINT('',(0.5378,-1.047136570464E-03,
    -7.974623264059E-03));
#6505 = CARTESIAN_POINT('',(0.523430650188,-2.247250589862E-03,
    -1.874552115685E-02));
#6506 = CARTESIAN_POINT('',(0.483258792956,-4.118919882108E-03,
    -3.495418687892E-02));
#6507 = CARTESIAN_POINT('',(0.398489817948,-5.415503210738E-03,
    -4.637591836045E-02));
#6508 = CARTESIAN_POINT('',(0.269462582488,-6.411734066353E-03,
    -5.798156616544E-02));
#6509 = CARTESIAN_POINT('',(0.124451460313,-6.635524414103E-03,
    -5.946075756816E-02));
#6510 = CARTESIAN_POINT('',(-2.019705092663E-02,-6.890249749078E-03,
    -6.147380059375E-02));
#6511 = CARTESIAN_POINT('',(-0.144245251992,-6.60531079694E-03,
    -5.919465515759E-02));
#6512 = CARTESIAN_POINT('',(-0.273480101183,-5.927839891251E-03,
    -5.442526462312E-02));
#6513 = CARTESIAN_POINT('',(-0.402617556702,-4.815708754555E-03,
    -4.439143312793E-02));
#6514 = CARTESIAN_POINT('',(-0.526576732963,-3.446360528636E-03,
    -3.407329897094E-02));
#6515 = CARTESIAN_POINT('',(-0.624580534573,-2.42352657509E-03,
    -2.256951196905E-02));
#6516 = CARTESIAN_POINT('',(-0.712476506696,-1.869783903084E-03,
    -1.679644240389E-02));
#6517 = CARTESIAN_POINT('',(-0.790028640266,-1.651173770189E-03,
    -1.611396545498E-02));
#6518 = CARTESIAN_POINT('',(-0.872701839491,-1.735838994668E-03,
    -1.480374649053E-02));
#6519 = CARTESIAN_POINT('',(-0.945025744455,-1.618158988659E-03,
    -1.448995225764E-02));
#6520 = CARTESIAN_POINT('',(-0.991548335241,-1.415984962391E-03,
    -1.585926419567E-02));
#6521 = CARTESIAN_POINT('',(-1.0122,-1.570704855696E-03,
    -1.39555907121E-02));
#6522 = CARTESIAN_POINT('',(0.5378,-6.163703596664E-16,-8.E-03));
#6523 = CARTESIAN_POINT('',(0.523430650188,-1.322787011175E-15,
    -1.880517289519E-02));
#6524 = CARTESIAN_POINT('',(0.483258792956,-2.424497625984E-15,
    -3.506541760936E-02));
#6525 = CARTESIAN_POINT('',(0.398489817948,-3.187698487408E-15,
    -4.652349516694E-02));
#6526 = CARTESIAN_POINT('',(0.269462582488,-3.774104490317E-15,
    -5.816607430399E-02));
#6527 = CARTESIAN_POINT('',(0.124451460313,-3.905832997394E-15,
    -5.964997276914E-02));
#6528 = CARTESIAN_POINT('',(-2.019705092663E-02,-4.055770599387E-15,
    -6.166942167243E-02));
#6529 = CARTESIAN_POINT('',(-0.144245251992,-3.888048518652E-15,
    -5.938302357116E-02));
#6530 = CARTESIAN_POINT('',(-0.273480101183,-3.489272468248E-15,
    -5.459845594804E-02));
#6531 = CARTESIAN_POINT('',(-0.402617556702,-2.834644707117E-15,
    -4.453269493294E-02));
#6532 = CARTESIAN_POINT('',(-0.526576732963,-2.028612636109E-15,
    -3.418172655203E-02));
#6533 = CARTESIAN_POINT('',(-0.624580534573,-1.426547394947E-15,
    -2.264133235812E-02));
#6534 = CARTESIAN_POINT('',(-0.712476506696,-1.100600828344E-15,
    -1.684989181078E-02));
#6535 = CARTESIAN_POINT('',(-0.790028640266,-9.719215232416E-16,
    -1.616524309314E-02));
#6536 = CARTESIAN_POINT('',(-0.872701839491,-1.021757558309E-15,
    -1.485085476807E-02));
#6537 = CARTESIAN_POINT('',(-0.945025744455,-9.524882102441E-16,
    -1.45360619833E-02));
#6538 = CARTESIAN_POINT('',(-0.991548335241,-8.33483601941E-16,
    -1.590973132729E-02));
#6539 = CARTESIAN_POINT('',(-1.0122,-9.245555394995E-16,-1.4E-02));
#6540 = DEFINITIONAL_REPRESENTATION('',(#6541),#6545);
#6541 = LINE('',#6542,#6543);
#6542 = CARTESIAN_POINT('',(54.,0.));
#6543 = VECTOR('',#6544,1.);
#6544 = DIRECTION('',(0.,1.));
#6545 = ( GEOMETRIC_REPRESENTATION_CONTEXT(2) 
PARAMETRIC_REPRESENTATION_CONTEXT() REPRESENTATION_CONTEXT('2D SPACE',''
  ) );
#6546 = ORIENTED_EDGE('',*,*,#6547,.F.);
#6547 = EDGE_CURVE('',#6354,#6473,#6548,.T.);
#6548 = SURFACE_CURVE('',#6549,(#6552,#6559),.PCURVE_S1.);
#6549 = B_SPLINE_CURVE_WITH_KNOTS('',1,(#6550,#6551),.UNSPECIFIED.,.F.,
  .F.,(2,2),(53.,54.),.PIECEWISE_BEZIER_KNOTS.);
#6550 = CARTESIAN_POINT('',(-1.0122,-2.789800221323E-03,
    -1.382253138859E-02));
#6551 = CARTESIAN_POINT('',(-1.0122,-1.570704855696E-03,
    -1.39555907121E-02));
#6552 = PCURVE('',#6384,#6553);
#6553 = DEFINITIONAL_REPRESENTATION('',(#6554),#6558);
#6554 = LINE('',#6555,#6556);
#6555 = CARTESIAN_POINT('',(0.,1.));
#6556 = VECTOR('',#6557,1.);
#6557 = DIRECTION('',(1.,0.));
#6558 = ( GEOMETRIC_REPRESENTATION_CONTEXT(2) 
PARAMETRIC_REPRESENTATION_CONTEXT() REPRESENTATION_CONTEXT('2D SPACE',''
  ) );
#6559 = PCURVE('',#176,#6560);
#6560 = DEFINITIONAL_REPRESENTATION('',(#6561),#6564);
#6561 = B_SPLINE_CURVE_WITH_KNOTS('',1,(#6562,#6563),.UNSPECIFIED.,.F.,
  .F.,(2,2),(53.,54.),.PIECEWISE_BEZIER_KNOTS.);
#6562 = CARTESIAN_POINT('',(8.835075813579E-03,1.683200050093E-02));
#6563 = CARTESIAN_POINT('',(7.662152726094E-03,1.647402043875E-02));
#6564 = ( GEOMETRIC_REPRESENTATION_CONTEXT(2) 
PARAMETRIC_REPRESENTATION_CONTEXT() REPRESENTATION_CONTEXT('2D SPACE',''
  ) );
#6565 = ORIENTED_EDGE('',*,*,#6353,.F.);
#6566 = ADVANCED_FACE('',(#6567),#6503,.F.);
#6567 = FACE_BOUND('',#6568,.F.);
#6568 = EDGE_LOOP('',(#6569,#6590,#6665,#6684));
#6569 = ORIENTED_EDGE('',*,*,#6570,.T.);
#6570 = EDGE_CURVE('',#6452,#6571,#6573,.T.);
#6571 = VERTEX_POINT('',#6572);
#6572 = CARTESIAN_POINT('',(0.5378,-6.163703596664E-16,-8.E-03));
#6573 = SURFACE_CURVE('',#6574,(#6577,#6584),.PCURVE_S1.);
#6574 = B_SPLINE_CURVE_WITH_KNOTS('',1,(#6575,#6576),.UNSPECIFIED.,.F.,
  .F.,(2,2),(54.,55.),.PIECEWISE_BEZIER_KNOTS.);
#6575 = CARTESIAN_POINT('',(0.5378,-1.047136570464E-03,
    -7.974623264059E-03));
#6576 = CARTESIAN_POINT('',(0.5378,-6.163703596664E-16,-8.E-03));
#6577 = PCURVE('',#6503,#6578);
#6578 = DEFINITIONAL_REPRESENTATION('',(#6579),#6583);
#6579 = LINE('',#6580,#6581);
#6580 = CARTESIAN_POINT('',(0.,0.));
#6581 = VECTOR('',#6582,1.);
#6582 = DIRECTION('',(1.,0.));
#6583 = ( GEOMETRIC_REPRESENTATION_CONTEXT(2) 
PARAMETRIC_REPRESENTATION_CONTEXT() REPRESENTATION_CONTEXT('2D SPACE',''
  ) );
#6584 = PCURVE('',#75,#6585);
#6585 = DEFINITIONAL_REPRESENTATION('',(#6586),#6589);
#6586 = B_SPLINE_CURVE_WITH_KNOTS('',1,(#6587,#6588),.UNSPECIFIED.,.F.,
  .F.,(2,2),(54.,55.),.PIECEWISE_BEZIER_KNOTS.);
#6587 = CARTESIAN_POINT('',(7.229327706014E-03,8.781744890442E-03));
#6588 = CARTESIAN_POINT('',(6.203389369445E-03,8.570582617566E-03));
#6589 = ( GEOMETRIC_REPRESENTATION_CONTEXT(2) 
PARAMETRIC_REPRESENTATION_CONTEXT() REPRESENTATION_CONTEXT('2D SPACE',''
  ) );
#6590 = ORIENTED_EDGE('',*,*,#6591,.T.);
#6591 = EDGE_CURVE('',#6571,#6592,#6594,.T.);
#6592 = VERTEX_POINT('',#6593);
#6593 = CARTESIAN_POINT('',(-1.0122,-9.245555394995E-16,-1.4E-02));
#6594 = SURFACE_CURVE('',#6595,(#6614,#6621),.PCURVE_S1.);
#6595 = ( BOUNDED_CURVE() B_SPLINE_CURVE(3,(#6596,#6597,#6598,#6599,
    #6600,#6601,#6602,#6603,#6604,#6605,#6606,#6607,#6608,#6609,#6610,
#6611,#6612,#6613),.UNSPECIFIED.,.F.,.F.) B_SPLINE_CURVE_WITH_KNOTS((4,1
    ,1,1,1,1,1,1,1,1,1,1,1,1,1,4),(0.,3.281818483209E-02,
    8.331472171401E-02,0.163169600212,0.282607356412,0.362210128519,
    0.441821211418,0.521490445595,0.611262750889,0.691167944743,
    0.761109091848,0.800978053181,0.860692828618,0.910445018305,
0.96019726339,1.),.UNSPECIFIED.) CURVE() GEOMETRIC_REPRESENTATION_ITEM()
 RATIONAL_B_SPLINE_CURVE((1.,1.,1.,1.,1.,1.,1.,1.,1.,1.,1.,1.,1.,1.,
    0.999999999999,1.000000000004,0.999999999993,1.)) 
REPRESENTATION_ITEM('') );
#6596 = CARTESIAN_POINT('',(0.5378,-6.163703596664E-16,-8.E-03));
#6597 = CARTESIAN_POINT('',(0.523430650188,-1.322787011175E-15,
    -1.880517289519E-02));
#6598 = CARTESIAN_POINT('',(0.483258792956,-2.424497625984E-15,
    -3.506541760936E-02));
#6599 = CARTESIAN_POINT('',(0.398489817948,-3.187698487408E-15,
    -4.652349516694E-02));
#6600 = CARTESIAN_POINT('',(0.269462582488,-3.774104490317E-15,
    -5.816607430399E-02));
#6601 = CARTESIAN_POINT('',(0.124451460313,-3.905832997394E-15,
    -5.964997276914E-02));
#6602 = CARTESIAN_POINT('',(-2.019705092663E-02,-4.055770599387E-15,
    -6.166942167243E-02));
#6603 = CARTESIAN_POINT('',(-0.144245251992,-3.888048518652E-15,
    -5.938302357116E-02));
#6604 = CARTESIAN_POINT('',(-0.273480101183,-3.489272468248E-15,
    -5.459845594804E-02));
#6605 = CARTESIAN_POINT('',(-0.402617556702,-2.834644707117E-15,
    -4.453269493294E-02));
#6606 = CARTESIAN_POINT('',(-0.526576732963,-2.028612636109E-15,
    -3.418172655203E-02));
#6607 = CARTESIAN_POINT('',(-0.624580534573,-1.426547394947E-15,
    -2.264133235812E-02));
#6608 = CARTESIAN_POINT('',(-0.712476506696,-1.100600828344E-15,
    -1.684989181078E-02));
#6609 = CARTESIAN_POINT('',(-0.790028640266,-9.719215232416E-16,
    -1.616524309314E-02));
#6610 = CARTESIAN_POINT('',(-0.872701839491,-1.021757558309E-15,
    -1.485085476807E-02));
#6611 = CARTESIAN_POINT('',(-0.945025744455,-9.524882102441E-16,
    -1.45360619833E-02));
#6612 = CARTESIAN_POINT('',(-0.991548335241,-8.33483601941E-16,
    -1.590973132729E-02));
#6613 = CARTESIAN_POINT('',(-1.0122,-9.245555394995E-16,-1.4E-02));
#6614 = PCURVE('',#6503,#6615);
#6615 = DEFINITIONAL_REPRESENTATION('',(#6616),#6620);
#6616 = LINE('',#6617,#6618);
#6617 = CARTESIAN_POINT('',(55.,0.));
#6618 = VECTOR('',#6619,1.);
#6619 = DIRECTION('',(0.,1.));
#6620 = ( GEOMETRIC_REPRESENTATION_CONTEXT(2) 
PARAMETRIC_REPRESENTATION_CONTEXT() REPRESENTATION_CONTEXT('2D SPACE',''
  ) );
#6621 = PCURVE('',#6622,#6659);
#6622 = ( BOUNDED_SURFACE() B_SPLINE_SURFACE(1,3,(
    (#6623,#6624,#6625,#6626,#6627,#6628,#6629,#6630,#6631,#6632,#6633
      ,#6634,#6635,#6636,#6637,#6638,#6639,#6640)
    ,(#6641,#6642,#6643,#6644,#6645,#6646,#6647,#6648,#6649,#6650,#6651
      ,#6652,#6653,#6654,#6655,#6656,#6657,#6658
)),.UNSPECIFIED.,.F.,.F.,.F.) B_SPLINE_SURFACE_WITH_KNOTS((2,2),(4,1,1,1
    ,1,1,1,1,1,1,1,1,1,1,1,4),(55.,56.),(0.,3.281818483209E-02,
    8.331472171401E-02,0.163169600212,0.282607356412,0.362210128519,
    0.441821211418,0.521490445595,0.611262750889,0.691167944743,
    0.761109091848,0.800978053181,0.860692828618,0.910445018305,
0.96019726339,1.),.UNSPECIFIED.) GEOMETRIC_REPRESENTATION_ITEM() 
RATIONAL_B_SPLINE_SURFACE((
    (1.,1.,1.,1.,1.,1.,1.,1.,1.,1.,1.,1.,1.,1.,0.999999999999
      ,1.000000000004,0.999999999993,1.)
    ,(1.,1.,1.,1.,1.,1.,1.,1.,1.,1.,1.,1.,1.,1.,0.999999999999
,1.000000000004,0.999999999993,1.
  ))) REPRESENTATION_ITEM('') SURFACE() );
#6623 = CARTESIAN_POINT('',(0.5378,-6.163703596664E-16,-8.E-03));
#6624 = CARTESIAN_POINT('',(0.523430650188,-1.322787011175E-15,
    -1.880517289519E-02));
#6625 = CARTESIAN_POINT('',(0.483258792956,-2.424497625984E-15,
    -3.506541760936E-02));
#6626 = CARTESIAN_POINT('',(0.398489817948,-3.187698487408E-15,
    -4.652349516694E-02));
#6627 = CARTESIAN_POINT('',(0.269462582488,-3.774104490317E-15,
    -5.816607430399E-02));
#6628 = CARTESIAN_POINT('',(0.124451460313,-3.905832997394E-15,
    -5.964997276914E-02));
#6629 = CARTESIAN_POINT('',(-2.019705092663E-02,-4.055770599387E-15,
    -6.166942167243E-02));
#6630 = CARTESIAN_POINT('',(-0.144245251992,-3.888048518652E-15,
    -5.938302357116E-02));
#6631 = CARTESIAN_POINT('',(-0.273480101183,-3.489272468248E-15,
    -5.459845594804E-02));
#6632 = CARTESIAN_POINT('',(-0.402617556702,-2.834644707117E-15,
    -4.453269493294E-02));
#6633 = CARTESIAN_POINT('',(-0.526576732963,-2.028612636109E-15,
    -3.418172655203E-02));
#6634 = CARTESIAN_POINT('',(-0.624580534573,-1.426547394947E-15,
    -2.264133235812E-02));
#6635 = CARTESIAN_POINT('',(-0.712476506696,-1.100600828344E-15,
    -1.684989181078E-02));
#6636 = CARTESIAN_POINT('',(-0.790028640266,-9.719215232416E-16,
    -1.616524309314E-02));
#6637 = CARTESIAN_POINT('',(-0.872701839491,-1.021757558309E-15,
    -1.485085476807E-02));
#6638 = CARTESIAN_POINT('',(-0.945025744455,-9.524882102441E-16,
    -1.45360619833E-02));
#6639 = CARTESIAN_POINT('',(-0.991548335241,-8.33483601941E-16,
    -1.590973132729E-02));
#6640 = CARTESIAN_POINT('',(-1.0122,-9.245555394995E-16,-1.4E-02));
#6641 = CARTESIAN_POINT('',(0.5378,1.047136570464E-03,
    -7.974623264059E-03));
#6642 = CARTESIAN_POINT('',(0.523430650188,2.247250589864E-03,
    -1.874552115685E-02));
#6643 = CARTESIAN_POINT('',(0.483258792956,4.118919882107E-03,
    -3.495418687892E-02));
#6644 = CARTESIAN_POINT('',(0.398489817948,5.415503210739E-03,
    -4.637591836045E-02));
#6645 = CARTESIAN_POINT('',(0.269462582488,6.411734066352E-03,
    -5.798156616544E-02));
#6646 = CARTESIAN_POINT('',(0.124451460313,6.635524414103E-03,
    -5.946075756816E-02));
#6647 = CARTESIAN_POINT('',(-2.019705092663E-02,6.890249749078E-03,
    -6.147380059375E-02));
#6648 = CARTESIAN_POINT('',(-0.144245251992,6.60531079694E-03,
    -5.919465515759E-02));
#6649 = CARTESIAN_POINT('',(-0.273480101183,5.927839891251E-03,
    -5.442526462312E-02));
#6650 = CARTESIAN_POINT('',(-0.402617556702,4.815708754555E-03,
    -4.439143312793E-02));
#6651 = CARTESIAN_POINT('',(-0.526576732963,3.446360528636E-03,
    -3.407329897094E-02));
#6652 = CARTESIAN_POINT('',(-0.624580534573,2.42352657509E-03,
    -2.256951196905E-02));
#6653 = CARTESIAN_POINT('',(-0.712476506696,1.869783903084E-03,
    -1.679644240389E-02));
#6654 = CARTESIAN_POINT('',(-0.790028640266,1.651173770193E-03,
    -1.611396545498E-02));
#6655 = CARTESIAN_POINT('',(-0.872701839491,1.735838994654E-03,
    -1.480374649053E-02));
#6656 = CARTESIAN_POINT('',(-0.945025744455,1.618158988707E-03,
    -1.448995225764E-02));
#6657 = CARTESIAN_POINT('',(-0.991548335241,1.41598496231E-03,
    -1.585926419567E-02));
#6658 = CARTESIAN_POINT('',(-1.0122,1.570704855696E-03,
    -1.39555907121E-02));
#6659 = DEFINITIONAL_REPRESENTATION('',(#6660),#6664);
#6660 = LINE('',#6661,#6662);
#6661 = CARTESIAN_POINT('',(55.,0.));
#6662 = VECTOR('',#6663,1.);
#6663 = DIRECTION('',(0.,1.));
#6664 = ( GEOMETRIC_REPRESENTATION_CONTEXT(2) 
PARAMETRIC_REPRESENTATION_CONTEXT() REPRESENTATION_CONTEXT('2D SPACE',''
  ) );
#6665 = ORIENTED_EDGE('',*,*,#6666,.F.);
#6666 = EDGE_CURVE('',#6473,#6592,#6667,.T.);
#6667 = SURFACE_CURVE('',#6668,(#6671,#6678),.PCURVE_S1.);
#6668 = B_SPLINE_CURVE_WITH_KNOTS('',1,(#6669,#6670),.UNSPECIFIED.,.F.,
  .F.,(2,2),(54.,55.),.PIECEWISE_BEZIER_KNOTS.);
#6669 = CARTESIAN_POINT('',(-1.0122,-1.570704855696E-03,
    -1.39555907121E-02));
#6670 = CARTESIAN_POINT('',(-1.0122,-9.245555394995E-16,-1.4E-02));
#6671 = PCURVE('',#6503,#6672);
#6672 = DEFINITIONAL_REPRESENTATION('',(#6673),#6677);
#6673 = LINE('',#6674,#6675);
#6674 = CARTESIAN_POINT('',(0.,1.));
#6675 = VECTOR('',#6676,1.);
#6676 = DIRECTION('',(1.,0.));
#6677 = ( GEOMETRIC_REPRESENTATION_CONTEXT(2) 
PARAMETRIC_REPRESENTATION_CONTEXT() REPRESENTATION_CONTEXT('2D SPACE',''
  ) );
#6678 = PCURVE('',#176,#6679);
#6679 = DEFINITIONAL_REPRESENTATION('',(#6680),#6683);
#6680 = B_SPLINE_CURVE_WITH_KNOTS('',1,(#6681,#6682),.UNSPECIFIED.,.F.,
  .F.,(2,2),(54.,55.),.PIECEWISE_BEZIER_KNOTS.);
#6681 = CARTESIAN_POINT('',(7.662152726094E-03,1.647402043875E-02));
#6682 = CARTESIAN_POINT('',(6.200980927753E-03,1.589603868793E-02));
#6683 = ( GEOMETRIC_REPRESENTATION_CONTEXT(2) 
PARAMETRIC_REPRESENTATION_CONTEXT() REPRESENTATION_CONTEXT('2D SPACE',''
  ) );
#6684 = ORIENTED_EDGE('',*,*,#6472,.F.);
#6685 = ADVANCED_FACE('',(#6686),#6622,.F.);
#6686 = FACE_BOUND('',#6687,.F.);
#6687 = EDGE_LOOP('',(#6688,#6709,#6784,#6803));
#6688 = ORIENTED_EDGE('',*,*,#6689,.T.);
#6689 = EDGE_CURVE('',#6571,#6690,#6692,.T.);
#6690 = VERTEX_POINT('',#6691);
#6691 = CARTESIAN_POINT('',(0.5378,1.047136570464E-03,
    -7.974623264059E-03));
#6692 = SURFACE_CURVE('',#6693,(#6696,#6703),.PCURVE_S1.);
#6693 = B_SPLINE_CURVE_WITH_KNOTS('',1,(#6694,#6695),.UNSPECIFIED.,.F.,
  .F.,(2,2),(55.,56.),.PIECEWISE_BEZIER_KNOTS.);
#6694 = CARTESIAN_POINT('',(0.5378,-6.163703596664E-16,-8.E-03));
#6695 = CARTESIAN_POINT('',(0.5378,1.047136570464E-03,
    -7.974623264059E-03));
#6696 = PCURVE('',#6622,#6697);
#6697 = DEFINITIONAL_REPRESENTATION('',(#6698),#6702);
#6698 = LINE('',#6699,#6700);
#6699 = CARTESIAN_POINT('',(0.,0.));
#6700 = VECTOR('',#6701,1.);
#6701 = DIRECTION('',(1.,0.));
#6702 = ( GEOMETRIC_REPRESENTATION_CONTEXT(2) 
PARAMETRIC_REPRESENTATION_CONTEXT() REPRESENTATION_CONTEXT('2D SPACE',''
  ) );
#6703 = PCURVE('',#75,#6704);
#6704 = DEFINITIONAL_REPRESENTATION('',(#6705),#6708);
#6705 = B_SPLINE_CURVE_WITH_KNOTS('',1,(#6706,#6707),.UNSPECIFIED.,.F.,
  .F.,(2,2),(55.,56.),.PIECEWISE_BEZIER_KNOTS.);
#6706 = CARTESIAN_POINT('',(6.203389369445E-03,8.570582617566E-03));
#6707 = CARTESIAN_POINT('',(5.188884184559E-03,8.309971401822E-03));
#6708 = ( GEOMETRIC_REPRESENTATION_CONTEXT(2) 
PARAMETRIC_REPRESENTATION_CONTEXT() REPRESENTATION_CONTEXT('2D SPACE',''
  ) );
#6709 = ORIENTED_EDGE('',*,*,#6710,.T.);
#6710 = EDGE_CURVE('',#6690,#6711,#6713,.T.);
#6711 = VERTEX_POINT('',#6712);
#6712 = CARTESIAN_POINT('',(-1.0122,1.570704855696E-03,
    -1.39555907121E-02));
#6713 = SURFACE_CURVE('',#6714,(#6733,#6740),.PCURVE_S1.);
#6714 = ( BOUNDED_CURVE() B_SPLINE_CURVE(3,(#6715,#6716,#6717,#6718,
    #6719,#6720,#6721,#6722,#6723,#6724,#6725,#6726,#6727,#6728,#6729,
#6730,#6731,#6732),.UNSPECIFIED.,.F.,.F.) B_SPLINE_CURVE_WITH_KNOTS((4,1
    ,1,1,1,1,1,1,1,1,1,1,1,1,1,4),(0.,3.281818483209E-02,
    8.331472171401E-02,0.163169600212,0.282607356412,0.362210128519,
    0.441821211418,0.521490445595,0.611262750889,0.691167944743,
    0.761109091848,0.800978053181,0.860692828618,0.910445018305,
0.96019726339,1.),.UNSPECIFIED.) CURVE() GEOMETRIC_REPRESENTATION_ITEM()
 RATIONAL_B_SPLINE_CURVE((1.,1.,1.,1.,1.,1.,1.,1.,1.,1.,1.,1.,1.,1.,
    0.999999999999,1.000000000004,0.999999999993,1.)) 
REPRESENTATION_ITEM('') );
#6715 = CARTESIAN_POINT('',(0.5378,1.047136570464E-03,
    -7.974623264059E-03));
#6716 = CARTESIAN_POINT('',(0.523430650188,2.247250589864E-03,
    -1.874552115685E-02));
#6717 = CARTESIAN_POINT('',(0.483258792956,4.118919882107E-03,
    -3.495418687892E-02));
#6718 = CARTESIAN_POINT('',(0.398489817948,5.415503210739E-03,
    -4.637591836045E-02));
#6719 = CARTESIAN_POINT('',(0.269462582488,6.411734066352E-03,
    -5.798156616544E-02));
#6720 = CARTESIAN_POINT('',(0.124451460313,6.635524414103E-03,
    -5.946075756816E-02));
#6721 = CARTESIAN_POINT('',(-2.019705092663E-02,6.890249749078E-03,
    -6.147380059375E-02));
#6722 = CARTESIAN_POINT('',(-0.144245251992,6.60531079694E-03,
    -5.919465515759E-02));
#6723 = CARTESIAN_POINT('',(-0.273480101183,5.927839891251E-03,
    -5.442526462312E-02));
#6724 = CARTESIAN_POINT('',(-0.402617556702,4.815708754555E-03,
    -4.439143312793E-02));
#6725 = CARTESIAN_POINT('',(-0.526576732963,3.446360528636E-03,
    -3.407329897094E-02));
#6726 = CARTESIAN_POINT('',(-0.624580534573,2.42352657509E-03,
    -2.256951196905E-02));
#6727 = CARTESIAN_POINT('',(-0.712476506696,1.869783903084E-03,
    -1.679644240389E-02));
#6728 = CARTESIAN_POINT('',(-0.790028640266,1.651173770193E-03,
    -1.611396545498E-02));
#6729 = CARTESIAN_POINT('',(-0.872701839491,1.735838994654E-03,
    -1.480374649053E-02));
#6730 = CARTESIAN_POINT('',(-0.945025744455,1.618158988707E-03,
    -1.448995225764E-02));
#6731 = CARTESIAN_POINT('',(-0.991548335241,1.41598496231E-03,
    -1.585926419567E-02));
#6732 = CARTESIAN_POINT('',(-1.0122,1.570704855696E-03,
    -1.39555907121E-02));
#6733 = PCURVE('',#6622,#6734);
#6734 = DEFINITIONAL_REPRESENTATION('',(#6735),#6739);
#6735 = LINE('',#6736,#6737);
#6736 = CARTESIAN_POINT('',(56.,0.));
#6737 = VECTOR('',#6738,1.);
#6738 = DIRECTION('',(0.,1.));
#6739 = ( GEOMETRIC_REPRESENTATION_CONTEXT(2) 
PARAMETRIC_REPRESENTATION_CONTEXT() REPRESENTATION_CONTEXT('2D SPACE',''
  ) );
#6740 = PCURVE('',#6741,#6778);
#6741 = ( BOUNDED_SURFACE() B_SPLINE_SURFACE(1,3,(
    (#6742,#6743,#6744,#6745,#6746,#6747,#6748,#6749,#6750,#6751,#6752
      ,#6753,#6754,#6755,#6756,#6757,#6758,#6759)
    ,(#6760,#6761,#6762,#6763,#6764,#6765,#6766,#6767,#6768,#6769,#6770
      ,#6771,#6772,#6773,#6774,#6775,#6776,#6777
)),.UNSPECIFIED.,.F.,.F.,.F.) B_SPLINE_SURFACE_WITH_KNOTS((2,2),(4,1,1,1
    ,1,1,1,1,1,1,1,1,1,1,1,4),(56.,57.),(0.,3.281818483209E-02,
    8.331472171401E-02,0.163169600212,0.282607356412,0.362210128519,
    0.441821211418,0.521490445595,0.611262750889,0.691167944743,
    0.761109091848,0.800978053181,0.860692828618,0.910445018305,
0.96019726339,1.),.UNSPECIFIED.) GEOMETRIC_REPRESENTATION_ITEM() 
RATIONAL_B_SPLINE_SURFACE((
    (1.,1.,1.,1.,1.,1.,1.,1.,1.,1.,1.,1.,1.,1.,0.999999999999
      ,1.000000000004,0.999999999993,1.)
    ,(1.,1.,1.,1.,1.,1.,1.,1.,1.,1.,1.,1.,1.,1.,0.999999999999
,1.000000000004,0.999999999993,1.
  ))) REPRESENTATION_ITEM('') SURFACE() );
#6742 = CARTESIAN_POINT('',(0.5378,1.047136570464E-03,
    -7.974623264059E-03));
#6743 = CARTESIAN_POINT('',(0.523430650188,2.247250589864E-03,
    -1.874552115685E-02));
#6744 = CARTESIAN_POINT('',(0.483258792956,4.118919882107E-03,
    -3.495418687892E-02));
#6745 = CARTESIAN_POINT('',(0.398489817948,5.415503210739E-03,
    -4.637591836045E-02));
#6746 = CARTESIAN_POINT('',(0.269462582488,6.411734066352E-03,
    -5.798156616544E-02));
#6747 = CARTESIAN_POINT('',(0.124451460313,6.635524414103E-03,
    -5.946075756816E-02));
#6748 = CARTESIAN_POINT('',(-2.019705092663E-02,6.890249749078E-03,
    -6.147380059375E-02));
#6749 = CARTESIAN_POINT('',(-0.144245251992,6.60531079694E-03,
    -5.919465515759E-02));
#6750 = CARTESIAN_POINT('',(-0.273480101183,5.927839891251E-03,
    -5.442526462312E-02));
#6751 = CARTESIAN_POINT('',(-0.402617556702,4.815708754555E-03,
    -4.439143312793E-02));
#6752 = CARTESIAN_POINT('',(-0.526576732963,3.446360528636E-03,
    -3.407329897094E-02));
#6753 = CARTESIAN_POINT('',(-0.624580534573,2.42352657509E-03,
    -2.256951196905E-02));
#6754 = CARTESIAN_POINT('',(-0.712476506696,1.869783903084E-03,
    -1.679644240389E-02));
#6755 = CARTESIAN_POINT('',(-0.790028640266,1.651173770193E-03,
    -1.611396545498E-02));
#6756 = CARTESIAN_POINT('',(-0.872701839491,1.735838994654E-03,
    -1.480374649053E-02));
#6757 = CARTESIAN_POINT('',(-0.945025744455,1.618158988707E-03,
    -1.448995225764E-02));
#6758 = CARTESIAN_POINT('',(-0.991548335241,1.41598496231E-03,
    -1.585926419567E-02));
#6759 = CARTESIAN_POINT('',(-1.0122,1.570704855696E-03,
    -1.39555907121E-02));
#6760 = CARTESIAN_POINT('',(0.5378,1.859866814215E-03,
    -7.898589364907E-03));
#6761 = CARTESIAN_POINT('',(0.523430650188,3.991443822331E-03,
    -1.856679232941E-02));
#6762 = CARTESIAN_POINT('',(0.483258792956,7.315800646471E-03,
    -3.462091682565E-02));
#6763 = CARTESIAN_POINT('',(0.398489817948,9.61872117547E-03,
    -4.593374801799E-02));
#6764 = CARTESIAN_POINT('',(0.269462582488,1.138817203787E-02,
    -5.742874198699E-02));
#6765 = CARTESIAN_POINT('',(0.124451460313,1.178565623703E-02,
    -5.889383006642E-02));
#6766 = CARTESIAN_POINT('',(-2.019705092663E-02,1.223808547178E-02,
    -6.088767977023E-02));
#6767 = CARTESIAN_POINT('',(-0.144245251992,1.173199245956E-02,
    -5.86302648044E-02));
#6768 = CARTESIAN_POINT('',(-0.273480101183,1.05287056194E-02,
    -5.390634793645E-02));
#6769 = CARTESIAN_POINT('',(-0.402617556702,8.553399004637E-03,
    -4.39681838235E-02));
#6770 = CARTESIAN_POINT('',(-0.526576732963,6.121237437245E-03,
    -3.374842772725E-02));
#6771 = CARTESIAN_POINT('',(-0.624580534573,4.304535604541E-03,
    -2.23543233714E-02));
#6772 = CARTESIAN_POINT('',(-0.712476506696,3.321008098838E-03,
    -1.663629703206E-02));
#6773 = CARTESIAN_POINT('',(-0.790028640266,2.932724714522E-03,
    -1.596032714707E-02));
#6774 = CARTESIAN_POINT('',(-0.872701839491,3.083102464435E-03,
    -1.466260044138E-02));
#6775 = CARTESIAN_POINT('',(-0.945025744455,2.874085661841E-03,
    -1.435179807353E-02));
#6776 = CARTESIAN_POINT('',(-0.991548335241,2.51499519281E-03,
    -1.570805433269E-02));
#6777 = CARTESIAN_POINT('',(-1.0122,2.789800221323E-03,
    -1.382253138859E-02));
#6778 = DEFINITIONAL_REPRESENTATION('',(#6779),#6783);
#6779 = LINE('',#6780,#6781);
#6780 = CARTESIAN_POINT('',(56.,0.));
#6781 = VECTOR('',#6782,1.);
#6782 = DIRECTION('',(0.,1.));
#6783 = ( GEOMETRIC_REPRESENTATION_CONTEXT(2) 
PARAMETRIC_REPRESENTATION_CONTEXT() REPRESENTATION_CONTEXT('2D SPACE',''
  ) );
#6784 = ORIENTED_EDGE('',*,*,#6785,.F.);
#6785 = EDGE_CURVE('',#6592,#6711,#6786,.T.);
#6786 = SURFACE_CURVE('',#6787,(#6790,#6797),.PCURVE_S1.);
#6787 = B_SPLINE_CURVE_WITH_KNOTS('',1,(#6788,#6789),.UNSPECIFIED.,.F.,
  .F.,(2,2),(55.,56.),.PIECEWISE_BEZIER_KNOTS.);
#6788 = CARTESIAN_POINT('',(-1.0122,-9.245555394995E-16,-1.4E-02));
#6789 = CARTESIAN_POINT('',(-1.0122,1.570704855696E-03,
    -1.39555907121E-02));
#6790 = PCURVE('',#6622,#6791);
#6791 = DEFINITIONAL_REPRESENTATION('',(#6792),#6796);
#6792 = LINE('',#6793,#6794);
#6793 = CARTESIAN_POINT('',(0.,1.));
#6794 = VECTOR('',#6795,1.);
#6795 = DIRECTION('',(1.,0.));
#6796 = ( GEOMETRIC_REPRESENTATION_CONTEXT(2) 
PARAMETRIC_REPRESENTATION_CONTEXT() REPRESENTATION_CONTEXT('2D SPACE',''
  ) );
#6797 = PCURVE('',#176,#6798);
#6798 = DEFINITIONAL_REPRESENTATION('',(#6799),#6802);
#6799 = B_SPLINE_CURVE_WITH_KNOTS('',1,(#6800,#6801),.UNSPECIFIED.,.F.,
  .F.,(2,2),(55.,56.),.PIECEWISE_BEZIER_KNOTS.);
#6800 = CARTESIAN_POINT('',(6.200980927753E-03,1.589603868793E-02));
#6801 = CARTESIAN_POINT('',(4.774800356299E-03,1.523642144576E-02));
#6802 = ( GEOMETRIC_REPRESENTATION_CONTEXT(2) 
PARAMETRIC_REPRESENTATION_CONTEXT() REPRESENTATION_CONTEXT('2D SPACE',''
  ) );
#6803 = ORIENTED_EDGE('',*,*,#6591,.F.);
#6804 = ADVANCED_FACE('',(#6805),#6741,.F.);
#6805 = FACE_BOUND('',#6806,.F.);
#6806 = EDGE_LOOP('',(#6807,#6828,#6903,#6922));
#6807 = ORIENTED_EDGE('',*,*,#6808,.T.);
#6808 = EDGE_CURVE('',#6690,#6809,#6811,.T.);
#6809 = VERTEX_POINT('',#6810);
#6810 = CARTESIAN_POINT('',(0.5378,1.859866814215E-03,
    -7.898589364907E-03));
#6811 = SURFACE_CURVE('',#6812,(#6815,#6822),.PCURVE_S1.);
#6812 = B_SPLINE_CURVE_WITH_KNOTS('',1,(#6813,#6814),.UNSPECIFIED.,.F.,
  .F.,(2,2),(56.,57.),.PIECEWISE_BEZIER_KNOTS.);
#6813 = CARTESIAN_POINT('',(0.5378,1.047136570464E-03,
    -7.974623264059E-03));
#6814 = CARTESIAN_POINT('',(0.5378,1.859866814215E-03,
    -7.898589364907E-03));
#6815 = PCURVE('',#6741,#6816);
#6816 = DEFINITIONAL_REPRESENTATION('',(#6817),#6821);
#6817 = LINE('',#6818,#6819);
#6818 = CARTESIAN_POINT('',(0.,0.));
#6819 = VECTOR('',#6820,1.);
#6820 = DIRECTION('',(1.,0.));
#6821 = ( GEOMETRIC_REPRESENTATION_CONTEXT(2) 
PARAMETRIC_REPRESENTATION_CONTEXT() REPRESENTATION_CONTEXT('2D SPACE',''
  ) );
#6822 = PCURVE('',#75,#6823);
#6823 = DEFINITIONAL_REPRESENTATION('',(#6824),#6827);
#6824 = B_SPLINE_CURVE_WITH_KNOTS('',1,(#6825,#6826),.UNSPECIFIED.,.F.,
  .F.,(2,2),(56.,57.),.PIECEWISE_BEZIER_KNOTS.);
#6825 = CARTESIAN_POINT('',(5.188884184559E-03,8.309971401822E-03));
#6826 = CARTESIAN_POINT('',(4.4141717791E-03,8.05280940666E-03));
#6827 = ( GEOMETRIC_REPRESENTATION_CONTEXT(2) 
PARAMETRIC_REPRESENTATION_CONTEXT() REPRESENTATION_CONTEXT('2D SPACE',''
  ) );
#6828 = ORIENTED_EDGE('',*,*,#6829,.T.);
#6829 = EDGE_CURVE('',#6809,#6830,#6832,.T.);
#6830 = VERTEX_POINT('',#6831);
#6831 = CARTESIAN_POINT('',(-1.0122,2.789800221323E-03,
    -1.382253138859E-02));
#6832 = SURFACE_CURVE('',#6833,(#6852,#6859),.PCURVE_S1.);
#6833 = ( BOUNDED_CURVE() B_SPLINE_CURVE(3,(#6834,#6835,#6836,#6837,
    #6838,#6839,#6840,#6841,#6842,#6843,#6844,#6845,#6846,#6847,#6848,
#6849,#6850,#6851),.UNSPECIFIED.,.F.,.F.) B_SPLINE_CURVE_WITH_KNOTS((4,1
    ,1,1,1,1,1,1,1,1,1,1,1,1,1,4),(0.,3.281818483209E-02,
    8.331472171401E-02,0.163169600212,0.282607356412,0.362210128519,
    0.441821211418,0.521490445595,0.611262750889,0.691167944743,
    0.761109091848,0.800978053181,0.860692828618,0.910445018305,
0.96019726339,1.),.UNSPECIFIED.) CURVE() GEOMETRIC_REPRESENTATION_ITEM()
 RATIONAL_B_SPLINE_CURVE((1.,1.,1.,1.,1.,1.,1.,1.,1.,1.,1.,1.,1.,1.,
    0.999999999999,1.000000000004,0.999999999993,1.)) 
REPRESENTATION_ITEM('') );
#6834 = CARTESIAN_POINT('',(0.5378,1.859866814215E-03,
    -7.898589364907E-03));
#6835 = CARTESIAN_POINT('',(0.523430650188,3.991443822331E-03,
    -1.856679232941E-02));
#6836 = CARTESIAN_POINT('',(0.483258792956,7.315800646471E-03,
    -3.462091682565E-02));
#6837 = CARTESIAN_POINT('',(0.398489817948,9.61872117547E-03,
    -4.593374801799E-02));
#6838 = CARTESIAN_POINT('',(0.269462582488,1.138817203787E-02,
    -5.742874198699E-02));
#6839 = CARTESIAN_POINT('',(0.124451460313,1.178565623703E-02,
    -5.889383006642E-02));
#6840 = CARTESIAN_POINT('',(-2.019705092663E-02,1.223808547178E-02,
    -6.088767977023E-02));
#6841 = CARTESIAN_POINT('',(-0.144245251992,1.173199245956E-02,
    -5.86302648044E-02));
#6842 = CARTESIAN_POINT('',(-0.273480101183,1.05287056194E-02,
    -5.390634793645E-02));
#6843 = CARTESIAN_POINT('',(-0.402617556702,8.553399004637E-03,
    -4.39681838235E-02));
#6844 = CARTESIAN_POINT('',(-0.526576732963,6.121237437245E-03,
    -3.374842772725E-02));
#6845 = CARTESIAN_POINT('',(-0.624580534573,4.304535604541E-03,
    -2.23543233714E-02));
#6846 = CARTESIAN_POINT('',(-0.712476506696,3.321008098838E-03,
    -1.663629703206E-02));
#6847 = CARTESIAN_POINT('',(-0.790028640266,2.932724714522E-03,
    -1.596032714707E-02));
#6848 = CARTESIAN_POINT('',(-0.872701839491,3.083102464435E-03,
    -1.466260044138E-02));
#6849 = CARTESIAN_POINT('',(-0.945025744455,2.874085661841E-03,
    -1.435179807353E-02));
#6850 = CARTESIAN_POINT('',(-0.991548335241,2.51499519281E-03,
    -1.570805433269E-02));
#6851 = CARTESIAN_POINT('',(-1.0122,2.789800221323E-03,
    -1.382253138859E-02));
#6852 = PCURVE('',#6741,#6853);
#6853 = DEFINITIONAL_REPRESENTATION('',(#6854),#6858);
#6854 = LINE('',#6855,#6856);
#6855 = CARTESIAN_POINT('',(57.,0.));
#6856 = VECTOR('',#6857,1.);
#6857 = DIRECTION('',(0.,1.));
#6858 = ( GEOMETRIC_REPRESENTATION_CONTEXT(2) 
PARAMETRIC_REPRESENTATION_CONTEXT() REPRESENTATION_CONTEXT('2D SPACE',''
  ) );
#6859 = PCURVE('',#6860,#6897);
#6860 = ( BOUNDED_SURFACE() B_SPLINE_SURFACE(1,3,(
    (#6861,#6862,#6863,#6864,#6865,#6866,#6867,#6868,#6869,#6870,#6871
      ,#6872,#6873,#6874,#6875,#6876,#6877,#6878)
    ,(#6879,#6880,#6881,#6882,#6883,#6884,#6885,#6886,#6887,#6888,#6889
      ,#6890,#6891,#6892,#6893,#6894,#6895,#6896
)),.UNSPECIFIED.,.F.,.F.,.F.) B_SPLINE_SURFACE_WITH_KNOTS((2,2),(4,1,1,1
    ,1,1,1,1,1,1,1,1,1,1,1,4),(57.,58.),(0.,3.281818483209E-02,
    8.331472171401E-02,0.163169600212,0.282607356412,0.362210128519,
    0.441821211418,0.521490445595,0.611262750889,0.691167944743,
    0.761109091848,0.800978053181,0.860692828618,0.910445018305,
0.96019726339,1.),.UNSPECIFIED.) GEOMETRIC_REPRESENTATION_ITEM() 
RATIONAL_B_SPLINE_SURFACE((
    (1.,1.,1.,1.,1.,1.,1.,1.,1.,1.,1.,1.,1.,1.,0.999999999999
      ,1.000000000004,0.999999999993,1.)
    ,(1.,1.,1.,1.,1.,1.,1.,1.,1.,1.,1.,1.,1.,1.,0.999999999999
,1.000000000004,0.999999999993,1.
  ))) REPRESENTATION_ITEM('') SURFACE() );
#6861 = CARTESIAN_POINT('',(0.5378,1.859866814215E-03,
    -7.898589364907E-03));
#6862 = CARTESIAN_POINT('',(0.523430650188,3.991443822331E-03,
    -1.856679232941E-02));
#6863 = CARTESIAN_POINT('',(0.483258792956,7.315800646471E-03,
    -3.462091682565E-02));
#6864 = CARTESIAN_POINT('',(0.398489817948,9.61872117547E-03,
    -4.593374801799E-02));
#6865 = CARTESIAN_POINT('',(0.269462582488,1.138817203787E-02,
    -5.742874198699E-02));
#6866 = CARTESIAN_POINT('',(0.124451460313,1.178565623703E-02,
    -5.889383006642E-02));
#6867 = CARTESIAN_POINT('',(-2.019705092663E-02,1.223808547178E-02,
    -6.088767977023E-02));
#6868 = CARTESIAN_POINT('',(-0.144245251992,1.173199245956E-02,
    -5.86302648044E-02));
#6869 = CARTESIAN_POINT('',(-0.273480101183,1.05287056194E-02,
    -5.390634793645E-02));
#6870 = CARTESIAN_POINT('',(-0.402617556702,8.553399004637E-03,
    -4.39681838235E-02));
#6871 = CARTESIAN_POINT('',(-0.526576732963,6.121237437245E-03,
    -3.374842772725E-02));
#6872 = CARTESIAN_POINT('',(-0.624580534573,4.304535604541E-03,
    -2.23543233714E-02));
#6873 = CARTESIAN_POINT('',(-0.712476506696,3.321008098838E-03,
    -1.663629703206E-02));
#6874 = CARTESIAN_POINT('',(-0.790028640266,2.932724714522E-03,
    -1.596032714707E-02));
#6875 = CARTESIAN_POINT('',(-0.872701839491,3.083102464435E-03,
    -1.466260044138E-02));
#6876 = CARTESIAN_POINT('',(-0.945025744455,2.874085661841E-03,
    -1.435179807353E-02));
#6877 = CARTESIAN_POINT('',(-0.991548335241,2.51499519281E-03,
    -1.570805433269E-02));
#6878 = CARTESIAN_POINT('',(-1.0122,2.789800221323E-03,
    -1.382253138859E-02));
#6879 = CARTESIAN_POINT('',(0.5378,2.593702610453E-03,
    -7.772185105986E-03));
#6880 = CARTESIAN_POINT('',(0.523430650188,5.566322374442E-03,
    -1.826966058643E-02));
#6881 = CARTESIAN_POINT('',(0.483258792956,1.020234948507E-02,
    -3.406686455982E-02));
#6882 = CARTESIAN_POINT('',(0.398489817948,1.341391869103E-02,
    -4.519865202686E-02));
#6883 = CARTESIAN_POINT('',(0.269462582488,1.588153050377E-02,
    -5.650968704739E-02));
#6884 = CARTESIAN_POINT('',(0.124451460313,1.643584751028E-02,
    -5.795132874109E-02));
#6885 = CARTESIAN_POINT('',(-2.019705092663E-02,1.706678886493E-02,
    -5.991327007715E-02));
#6886 = CARTESIAN_POINT('',(-0.144245251992,1.636100995813E-02,
    -5.769198141852E-02));
#6887 = CARTESIAN_POINT('',(-0.273480101183,1.468294989781E-02,
    -5.304366326615E-02));
#6888 = CARTESIAN_POINT('',(-0.402617556702,1.192825914039E-02,
    -4.32645435359E-02));
#6889 = CARTESIAN_POINT('',(-0.526576732963,8.536455083147E-03,
    -3.320833825057E-02));
#6890 = CARTESIAN_POINT('',(-0.624580534573,6.002948785876E-03,
    -2.199657826669E-02));
#6891 = CARTESIAN_POINT('',(-0.712476506696,4.63135710012E-03,
    -1.637005977115E-02));
#6892 = CARTESIAN_POINT('',(-0.790028640266,4.08987121532E-03,
    -1.570490770042E-02));
#6893 = CARTESIAN_POINT('',(-0.872701839491,4.299582555699E-03,
    -1.442794902987E-02));
#6894 = CARTESIAN_POINT('',(-0.945025744455,4.008095325276E-03,
    -1.412212055604E-02));
#6895 = CARTESIAN_POINT('',(-0.991548335241,3.507320818438E-03,
    -1.545667210735E-02));
#6896 = CARTESIAN_POINT('',(-1.0122,3.890553915679E-03,
    -1.360132393547E-02));
#6897 = DEFINITIONAL_REPRESENTATION('',(#6898),#6902);
#6898 = LINE('',#6899,#6900);
#6899 = CARTESIAN_POINT('',(57.,0.));
#6900 = VECTOR('',#6901,1.);
#6901 = DIRECTION('',(0.,1.));
#6902 = ( GEOMETRIC_REPRESENTATION_CONTEXT(2) 
PARAMETRIC_REPRESENTATION_CONTEXT() REPRESENTATION_CONTEXT('2D SPACE',''
  ) );
#6903 = ORIENTED_EDGE('',*,*,#6904,.F.);
#6904 = EDGE_CURVE('',#6711,#6830,#6905,.T.);
#6905 = SURFACE_CURVE('',#6906,(#6909,#6916),.PCURVE_S1.);
#6906 = B_SPLINE_CURVE_WITH_KNOTS('',1,(#6907,#6908),.UNSPECIFIED.,.F.,
  .F.,(2,2),(56.,57.),.PIECEWISE_BEZIER_KNOTS.);
#6907 = CARTESIAN_POINT('',(-1.0122,1.570704855696E-03,
    -1.39555907121E-02));
#6908 = CARTESIAN_POINT('',(-1.0122,2.789800221323E-03,
    -1.382253138859E-02));
#6909 = PCURVE('',#6741,#6910);
#6910 = DEFINITIONAL_REPRESENTATION('',(#6911),#6915);
#6911 = LINE('',#6912,#6913);
#6912 = CARTESIAN_POINT('',(0.,1.));
#6913 = VECTOR('',#6914,1.);
#6914 = DIRECTION('',(1.,0.));
#6915 = ( GEOMETRIC_REPRESENTATION_CONTEXT(2) 
PARAMETRIC_REPRESENTATION_CONTEXT() REPRESENTATION_CONTEXT('2D SPACE',''
  ) );
#6916 = PCURVE('',#176,#6917);
#6917 = DEFINITIONAL_REPRESENTATION('',(#6918),#6921);
#6918 = B_SPLINE_CURVE_WITH_KNOTS('',1,(#6919,#6920),.UNSPECIFIED.,.F.,
  .F.,(2,2),(56.,57.),.PIECEWISE_BEZIER_KNOTS.);
#6919 = CARTESIAN_POINT('',(4.774800356299E-03,1.523642144576E-02));
#6920 = CARTESIAN_POINT('',(3.706718152315E-03,1.463384472898E-02));
#6921 = ( GEOMETRIC_REPRESENTATION_CONTEXT(2) 
PARAMETRIC_REPRESENTATION_CONTEXT() REPRESENTATION_CONTEXT('2D SPACE',''
  ) );
#6922 = ORIENTED_EDGE('',*,*,#6710,.F.);
#6923 = ADVANCED_FACE('',(#6924),#6860,.F.);
#6924 = FACE_BOUND('',#6925,.F.);
#6925 = EDGE_LOOP('',(#6926,#6947,#7022,#7041));
#6926 = ORIENTED_EDGE('',*,*,#6927,.T.);
#6927 = EDGE_CURVE('',#6809,#6928,#6930,.T.);
#6928 = VERTEX_POINT('',#6929);
#6929 = CARTESIAN_POINT('',(0.5378,2.593702610453E-03,
    -7.772185105986E-03));
#6930 = SURFACE_CURVE('',#6931,(#6934,#6941),.PCURVE_S1.);
#6931 = B_SPLINE_CURVE_WITH_KNOTS('',1,(#6932,#6933),.UNSPECIFIED.,.F.,
  .F.,(2,2),(57.,58.),.PIECEWISE_BEZIER_KNOTS.);
#6932 = CARTESIAN_POINT('',(0.5378,1.859866814215E-03,
    -7.898589364907E-03));
#6933 = CARTESIAN_POINT('',(0.5378,2.593702610453E-03,
    -7.772185105986E-03));
#6934 = PCURVE('',#6860,#6935);
#6935 = DEFINITIONAL_REPRESENTATION('',(#6936),#6940);
#6936 = LINE('',#6937,#6938);
#6937 = CARTESIAN_POINT('',(0.,0.));
#6938 = VECTOR('',#6939,1.);
#6939 = DIRECTION('',(1.,0.));
#6940 = ( GEOMETRIC_REPRESENTATION_CONTEXT(2) 
PARAMETRIC_REPRESENTATION_CONTEXT() REPRESENTATION_CONTEXT('2D SPACE',''
  ) );
#6941 = PCURVE('',#75,#6942);
#6942 = DEFINITIONAL_REPRESENTATION('',(#6943),#6946);
#6943 = B_SPLINE_CURVE_WITH_KNOTS('',1,(#6944,#6945),.UNSPECIFIED.,.F.,
  .F.,(2,2),(57.,58.),.PIECEWISE_BEZIER_KNOTS.);
#6944 = CARTESIAN_POINT('',(4.4141717791E-03,8.05280940666E-03));
#6945 = CARTESIAN_POINT('',(3.727672826341E-03,7.764344156803E-03));
#6946 = ( GEOMETRIC_REPRESENTATION_CONTEXT(2) 
PARAMETRIC_REPRESENTATION_CONTEXT() REPRESENTATION_CONTEXT('2D SPACE',''
  ) );
#6947 = ORIENTED_EDGE('',*,*,#6948,.T.);
#6948 = EDGE_CURVE('',#6928,#6949,#6951,.T.);
#6949 = VERTEX_POINT('',#6950);
#6950 = CARTESIAN_POINT('',(-1.0122,3.890553915679E-03,
    -1.360132393547E-02));
#6951 = SURFACE_CURVE('',#6952,(#6971,#6978),.PCURVE_S1.);
#6952 = ( BOUNDED_CURVE() B_SPLINE_CURVE(3,(#6953,#6954,#6955,#6956,
    #6957,#6958,#6959,#6960,#6961,#6962,#6963,#6964,#6965,#6966,#6967,
#6968,#6969,#6970),.UNSPECIFIED.,.F.,.F.) B_SPLINE_CURVE_WITH_KNOTS((4,1
    ,1,1,1,1,1,1,1,1,1,1,1,1,1,4),(0.,3.281818483209E-02,
    8.331472171401E-02,0.163169600212,0.282607356412,0.362210128519,
    0.441821211418,0.521490445595,0.611262750889,0.691167944743,
    0.761109091848,0.800978053181,0.860692828618,0.910445018305,
0.96019726339,1.),.UNSPECIFIED.) CURVE() GEOMETRIC_REPRESENTATION_ITEM()
 RATIONAL_B_SPLINE_CURVE((1.,1.,1.,1.,1.,1.,1.,1.,1.,1.,1.,1.,1.,1.,
    0.999999999999,1.000000000004,0.999999999993,1.)) 
REPRESENTATION_ITEM('') );
#6953 = CARTESIAN_POINT('',(0.5378,2.593702610453E-03,
    -7.772185105986E-03));
#6954 = CARTESIAN_POINT('',(0.523430650188,5.566322374442E-03,
    -1.826966058643E-02));
#6955 = CARTESIAN_POINT('',(0.483258792956,1.020234948507E-02,
    -3.406686455982E-02));
#6956 = CARTESIAN_POINT('',(0.398489817948,1.341391869103E-02,
    -4.519865202686E-02));
#6957 = CARTESIAN_POINT('',(0.269462582488,1.588153050377E-02,
    -5.650968704739E-02));
#6958 = CARTESIAN_POINT('',(0.124451460313,1.643584751028E-02,
    -5.795132874109E-02));
#6959 = CARTESIAN_POINT('',(-2.019705092663E-02,1.706678886493E-02,
    -5.991327007715E-02));
#6960 = CARTESIAN_POINT('',(-0.144245251992,1.636100995813E-02,
    -5.769198141852E-02));
#6961 = CARTESIAN_POINT('',(-0.273480101183,1.468294989781E-02,
    -5.304366326615E-02));
#6962 = CARTESIAN_POINT('',(-0.402617556702,1.192825914039E-02,
    -4.32645435359E-02));
#6963 = CARTESIAN_POINT('',(-0.526576732963,8.536455083147E-03,
    -3.320833825057E-02));
#6964 = CARTESIAN_POINT('',(-0.624580534573,6.002948785876E-03,
    -2.199657826669E-02));
#6965 = CARTESIAN_POINT('',(-0.712476506696,4.63135710012E-03,
    -1.637005977115E-02));
#6966 = CARTESIAN_POINT('',(-0.790028640266,4.08987121532E-03,
    -1.570490770042E-02));
#6967 = CARTESIAN_POINT('',(-0.872701839491,4.299582555699E-03,
    -1.442794902987E-02));
#6968 = CARTESIAN_POINT('',(-0.945025744455,4.008095325276E-03,
    -1.412212055604E-02));
#6969 = CARTESIAN_POINT('',(-0.991548335241,3.507320818438E-03,
    -1.545667210735E-02));
#6970 = CARTESIAN_POINT('',(-1.0122,3.890553915679E-03,
    -1.360132393547E-02));
#6971 = PCURVE('',#6860,#6972);
#6972 = DEFINITIONAL_REPRESENTATION('',(#6973),#6977);
#6973 = LINE('',#6974,#6975);
#6974 = CARTESIAN_POINT('',(58.,0.));
#6975 = VECTOR('',#6976,1.);
#6976 = DIRECTION('',(0.,1.));
#6977 = ( GEOMETRIC_REPRESENTATION_CONTEXT(2) 
PARAMETRIC_REPRESENTATION_CONTEXT() REPRESENTATION_CONTEXT('2D SPACE',''
  ) );
#6978 = PCURVE('',#6979,#7016);
#6979 = ( BOUNDED_SURFACE() B_SPLINE_SURFACE(1,3,(
    (#6980,#6981,#6982,#6983,#6984,#6985,#6986,#6987,#6988,#6989,#6990
      ,#6991,#6992,#6993,#6994,#6995,#6996,#6997)
    ,(#6998,#6999,#7000,#7001,#7002,#7003,#7004,#7005,#7006,#7007,#7008
      ,#7009,#7010,#7011,#7012,#7013,#7014,#7015
)),.UNSPECIFIED.,.F.,.F.,.F.) B_SPLINE_SURFACE_WITH_KNOTS((2,2),(4,1,1,1
    ,1,1,1,1,1,1,1,1,1,1,1,4),(58.,59.),(0.,3.281818483209E-02,
    8.331472171401E-02,0.163169600212,0.282607356412,0.362210128519,
    0.441821211418,0.521490445595,0.611262750889,0.691167944743,
    0.761109091848,0.800978053181,0.860692828618,0.910445018305,
0.96019726339,1.),.UNSPECIFIED.) GEOMETRIC_REPRESENTATION_ITEM() 
RATIONAL_B_SPLINE_SURFACE((
    (1.,1.,1.,1.,1.,1.,1.,1.,1.,1.,1.,1.,1.,1.,0.999999999999
      ,1.000000000004,0.999999999993,1.)
    ,(1.,1.,1.,1.,1.,1.,1.,1.,1.,1.,1.,1.,1.,1.,0.999999999999
,1.000000000004,0.999999999993,1.
  ))) REPRESENTATION_ITEM('') SURFACE() );
#6980 = CARTESIAN_POINT('',(0.5378,2.593702610453E-03,
    -7.772185105986E-03));
#6981 = CARTESIAN_POINT('',(0.523430650188,5.566322374442E-03,
    -1.826966058643E-02));
#6982 = CARTESIAN_POINT('',(0.483258792956,1.020234948507E-02,
    -3.406686455982E-02));
#6983 = CARTESIAN_POINT('',(0.398489817948,1.341391869103E-02,
    -4.519865202686E-02));
#6984 = CARTESIAN_POINT('',(0.269462582488,1.588153050377E-02,
    -5.650968704739E-02));
#6985 = CARTESIAN_POINT('',(0.124451460313,1.643584751028E-02,
    -5.795132874109E-02));
#6986 = CARTESIAN_POINT('',(-2.019705092663E-02,1.706678886493E-02,
    -5.991327007715E-02));
#6987 = CARTESIAN_POINT('',(-0.144245251992,1.636100995813E-02,
    -5.769198141852E-02));
#6988 = CARTESIAN_POINT('',(-0.273480101183,1.468294989781E-02,
    -5.304366326615E-02));
#6989 = CARTESIAN_POINT('',(-0.402617556702,1.192825914039E-02,
    -4.32645435359E-02));
#6990 = CARTESIAN_POINT('',(-0.526576732963,8.536455083147E-03,
    -3.320833825057E-02));
#6991 = CARTESIAN_POINT('',(-0.624580534573,6.002948785876E-03,
    -2.199657826669E-02));
#6992 = CARTESIAN_POINT('',(-0.712476506696,4.63135710012E-03,
    -1.637005977115E-02));
#6993 = CARTESIAN_POINT('',(-0.790028640266,4.08987121532E-03,
    -1.570490770042E-02));
#6994 = CARTESIAN_POINT('',(-0.872701839491,4.299582555699E-03,
    -1.442794902987E-02));
#6995 = CARTESIAN_POINT('',(-0.945025744455,4.008095325276E-03,
    -1.412212055604E-02));
#6996 = CARTESIAN_POINT('',(-0.991548335241,3.507320818438E-03,
    -1.545667210735E-02));
#6997 = CARTESIAN_POINT('',(-1.0122,3.890553915679E-03,
    -1.360132393547E-02));
#6998 = CARTESIAN_POINT('',(0.5378,3.271897758377E-03,
    -7.595881263534E-03));
#6999 = CARTESIAN_POINT('',(0.523430650188,7.021791020279E-03,
    -1.785523255654E-02));
#7000 = CARTESIAN_POINT('',(0.483258792956,1.287003539875E-02,
    -3.329409357709E-02));
#7001 = CARTESIAN_POINT('',(0.398489817948,1.692135803055E-02,
    -4.417336815659E-02));
#7002 = CARTESIAN_POINT('',(0.269462582488,2.003419507134E-02,
    -5.522782424737E-02));
#7003 = CARTESIAN_POINT('',(0.124451460313,2.07334535614E-02,
    -5.663676381593E-02));
#7004 = CARTESIAN_POINT('',(-2.019705092663E-02,2.152937195067E-02,
    -5.855420057682E-02));
#7005 = CARTESIAN_POINT('',(-0.144245251992,2.063904766531E-02,
    -5.638329951452E-02));
#7006 = CARTESIAN_POINT('',(-0.273480101183,1.852221247856E-02,
    -5.18404235692E-02));
#7007 = CARTESIAN_POINT('',(-0.402617556702,1.504723177803E-02,
    -4.228313288197E-02));
#7008 = CARTESIAN_POINT('',(-0.526576732963,1.076854691763E-02,
    -3.245504203398E-02));
#7009 = CARTESIAN_POINT('',(-0.624580534573,7.572585460261E-03,
    -2.149760903006E-02));
#7010 = CARTESIAN_POINT('',(-0.712476506696,5.842353264809E-03,
    -1.599872218726E-02));
#7011 = CARTESIAN_POINT('',(-0.790028640266,5.159280947454E-03,
    -1.534865839147E-02));
#7012 = CARTESIAN_POINT('',(-0.872701839491,5.423827106933E-03,
    -1.4100666185E-02));
#7013 = CARTESIAN_POINT('',(-0.945025744455,5.056122493555E-03,
    -1.380177510818E-02));
#7014 = CARTESIAN_POINT('',(-0.991548335241,4.424406667601E-03,
    -1.510605376191E-02));
#7015 = CARTESIAN_POINT('',(-1.0122,4.907846637565E-03,
    -1.329279221118E-02));
#7016 = DEFINITIONAL_REPRESENTATION('',(#7017),#7021);
#7017 = LINE('',#7018,#7019);
#7018 = CARTESIAN_POINT('',(58.,0.));
#7019 = VECTOR('',#7020,1.);
#7020 = DIRECTION('',(0.,1.));
#7021 = ( GEOMETRIC_REPRESENTATION_CONTEXT(2) 
PARAMETRIC_REPRESENTATION_CONTEXT() REPRESENTATION_CONTEXT('2D SPACE',''
  ) );
#7022 = ORIENTED_EDGE('',*,*,#7023,.F.);
#7023 = EDGE_CURVE('',#6830,#6949,#7024,.T.);
#7024 = SURFACE_CURVE('',#7025,(#7028,#7035),.PCURVE_S1.);
#7025 = B_SPLINE_CURVE_WITH_KNOTS('',1,(#7026,#7027),.UNSPECIFIED.,.F.,
  .F.,(2,2),(57.,58.),.PIECEWISE_BEZIER_KNOTS.);
#7026 = CARTESIAN_POINT('',(-1.0122,2.789800221323E-03,
    -1.382253138859E-02));
#7027 = CARTESIAN_POINT('',(-1.0122,3.890553915679E-03,
    -1.360132393547E-02));
#7028 = PCURVE('',#6860,#7029);
#7029 = DEFINITIONAL_REPRESENTATION('',(#7030),#7034);
#7030 = LINE('',#7031,#7032);
#7031 = CARTESIAN_POINT('',(0.,1.));
#7032 = VECTOR('',#7033,1.);
#7033 = DIRECTION('',(1.,0.));
#7034 = ( GEOMETRIC_REPRESENTATION_CONTEXT(2) 
PARAMETRIC_REPRESENTATION_CONTEXT() REPRESENTATION_CONTEXT('2D SPACE',''
  ) );
#7035 = PCURVE('',#176,#7036);
#7036 = DEFINITIONAL_REPRESENTATION('',(#7037),#7040);
#7037 = B_SPLINE_CURVE_WITH_KNOTS('',1,(#7038,#7039),.UNSPECIFIED.,.F.,
  .F.,(2,2),(57.,58.),.PIECEWISE_BEZIER_KNOTS.);
#7038 = CARTESIAN_POINT('',(3.706718152315E-03,1.463384472898E-02));
#7039 = CARTESIAN_POINT('',(2.782133989921E-03,1.399687097787E-02));
#7040 = ( GEOMETRIC_REPRESENTATION_CONTEXT(2) 
PARAMETRIC_REPRESENTATION_CONTEXT() REPRESENTATION_CONTEXT('2D SPACE',''
  ) );
#7041 = ORIENTED_EDGE('',*,*,#6829,.F.);
#7042 = ADVANCED_FACE('',(#7043),#6979,.F.);
#7043 = FACE_BOUND('',#7044,.F.);
#7044 = EDGE_LOOP('',(#7045,#7066,#7141,#7160));
#7045 = ORIENTED_EDGE('',*,*,#7046,.T.);
#7046 = EDGE_CURVE('',#6928,#7047,#7049,.T.);
#7047 = VERTEX_POINT('',#7048);
#7048 = CARTESIAN_POINT('',(0.5378,3.271897758377E-03,
    -7.595881263534E-03));
#7049 = SURFACE_CURVE('',#7050,(#7053,#7060),.PCURVE_S1.);
#7050 = B_SPLINE_CURVE_WITH_KNOTS('',1,(#7051,#7052),.UNSPECIFIED.,.F.,
  .F.,(2,2),(58.,59.),.PIECEWISE_BEZIER_KNOTS.);
#7051 = CARTESIAN_POINT('',(0.5378,2.593702610453E-03,
    -7.772185105986E-03));
#7052 = CARTESIAN_POINT('',(0.5378,3.271897758377E-03,
    -7.595881263534E-03));
#7053 = PCURVE('',#6979,#7054);
#7054 = DEFINITIONAL_REPRESENTATION('',(#7055),#7059);
#7055 = LINE('',#7056,#7057);
#7056 = CARTESIAN_POINT('',(0.,0.));
#7057 = VECTOR('',#7058,1.);
#7058 = DIRECTION('',(1.,0.));
#7059 = ( GEOMETRIC_REPRESENTATION_CONTEXT(2) 
PARAMETRIC_REPRESENTATION_CONTEXT() REPRESENTATION_CONTEXT('2D SPACE',''
  ) );
#7060 = PCURVE('',#75,#7061);
#7061 = DEFINITIONAL_REPRESENTATION('',(#7062),#7065);
#7062 = B_SPLINE_CURVE_WITH_KNOTS('',1,(#7063,#7064),.UNSPECIFIED.,.F.,
  .F.,(2,2),(58.,59.),.PIECEWISE_BEZIER_KNOTS.);
#7063 = CARTESIAN_POINT('',(3.727672826341E-03,7.764344156803E-03));
#7064 = CARTESIAN_POINT('',(3.10662517423E-03,7.439795982663E-03));
#7065 = ( GEOMETRIC_REPRESENTATION_CONTEXT(2) 
PARAMETRIC_REPRESENTATION_CONTEXT() REPRESENTATION_CONTEXT('2D SPACE',''
  ) );
#7066 = ORIENTED_EDGE('',*,*,#7067,.T.);
#7067 = EDGE_CURVE('',#7047,#7068,#7070,.T.);
#7068 = VERTEX_POINT('',#7069);
#7069 = CARTESIAN_POINT('',(-1.0122,4.907846637565E-03,
    -1.329279221118E-02));
#7070 = SURFACE_CURVE('',#7071,(#7090,#7097),.PCURVE_S1.);
#7071 = ( BOUNDED_CURVE() B_SPLINE_CURVE(3,(#7072,#7073,#7074,#7075,
    #7076,#7077,#7078,#7079,#7080,#7081,#7082,#7083,#7084,#7085,#7086,
#7087,#7088,#7089),.UNSPECIFIED.,.F.,.F.) B_SPLINE_CURVE_WITH_KNOTS((4,1
    ,1,1,1,1,1,1,1,1,1,1,1,1,1,4),(0.,3.281818483209E-02,
    8.331472171401E-02,0.163169600212,0.282607356412,0.362210128519,
    0.441821211418,0.521490445595,0.611262750889,0.691167944743,
    0.761109091848,0.800978053181,0.860692828618,0.910445018305,
0.96019726339,1.),.UNSPECIFIED.) CURVE() GEOMETRIC_REPRESENTATION_ITEM()
 RATIONAL_B_SPLINE_CURVE((1.,1.,1.,1.,1.,1.,1.,1.,1.,1.,1.,1.,1.,1.,
    0.999999999999,1.000000000004,0.999999999993,1.)) 
REPRESENTATION_ITEM('') );
#7072 = CARTESIAN_POINT('',(0.5378,3.271897758377E-03,
    -7.595881263534E-03));
#7073 = CARTESIAN_POINT('',(0.523430650188,7.021791020279E-03,
    -1.785523255654E-02));
#7074 = CARTESIAN_POINT('',(0.483258792956,1.287003539875E-02,
    -3.329409357709E-02));
#7075 = CARTESIAN_POINT('',(0.398489817948,1.692135803055E-02,
    -4.417336815659E-02));
#7076 = CARTESIAN_POINT('',(0.269462582488,2.003419507134E-02,
    -5.522782424737E-02));
#7077 = CARTESIAN_POINT('',(0.124451460313,2.07334535614E-02,
    -5.663676381593E-02));
#7078 = CARTESIAN_POINT('',(-2.019705092663E-02,2.152937195067E-02,
    -5.855420057682E-02));
#7079 = CARTESIAN_POINT('',(-0.144245251992,2.063904766531E-02,
    -5.638329951452E-02));
#7080 = CARTESIAN_POINT('',(-0.273480101183,1.852221247856E-02,
    -5.18404235692E-02));
#7081 = CARTESIAN_POINT('',(-0.402617556702,1.504723177803E-02,
    -4.228313288197E-02));
#7082 = CARTESIAN_POINT('',(-0.526576732963,1.076854691763E-02,
    -3.245504203398E-02));
#7083 = CARTESIAN_POINT('',(-0.624580534573,7.572585460261E-03,
    -2.149760903006E-02));
#7084 = CARTESIAN_POINT('',(-0.712476506696,5.842353264809E-03,
    -1.599872218726E-02));
#7085 = CARTESIAN_POINT('',(-0.790028640266,5.159280947454E-03,
    -1.534865839147E-02));
#7086 = CARTESIAN_POINT('',(-0.872701839491,5.423827106933E-03,
    -1.4100666185E-02));
#7087 = CARTESIAN_POINT('',(-0.945025744455,5.056122493555E-03,
    -1.380177510818E-02));
#7088 = CARTESIAN_POINT('',(-0.991548335241,4.424406667601E-03,
    -1.510605376191E-02));
#7089 = CARTESIAN_POINT('',(-1.0122,4.907846637565E-03,
    -1.329279221118E-02));
#7090 = PCURVE('',#6979,#7091);
#7091 = DEFINITIONAL_REPRESENTATION('',(#7092),#7096);
#7092 = LINE('',#7093,#7094);
#7093 = CARTESIAN_POINT('',(59.,0.));
#7094 = VECTOR('',#7095,1.);
#7095 = DIRECTION('',(0.,1.));
#7096 = ( GEOMETRIC_REPRESENTATION_CONTEXT(2) 
PARAMETRIC_REPRESENTATION_CONTEXT() REPRESENTATION_CONTEXT('2D SPACE',''
  ) );
#7097 = PCURVE('',#7098,#7135);
#7098 = ( BOUNDED_SURFACE() B_SPLINE_SURFACE(1,3,(
    (#7099,#7100,#7101,#7102,#7103,#7104,#7105,#7106,#7107,#7108,#7109
      ,#7110,#7111,#7112,#7113,#7114,#7115,#7116)
    ,(#7117,#7118,#7119,#7120,#7121,#7122,#7123,#7124,#7125,#7126,#7127
      ,#7128,#7129,#7130,#7131,#7132,#7133,#7134
)),.UNSPECIFIED.,.F.,.F.,.F.) B_SPLINE_SURFACE_WITH_KNOTS((2,2),(4,1,1,1
    ,1,1,1,1,1,1,1,1,1,1,1,4),(59.,60.),(0.,3.281818483209E-02,
    8.331472171401E-02,0.163169600212,0.282607356412,0.362210128519,
    0.441821211418,0.521490445595,0.611262750889,0.691167944743,
    0.761109091848,0.800978053181,0.860692828618,0.910445018305,
0.96019726339,1.),.UNSPECIFIED.) GEOMETRIC_REPRESENTATION_ITEM() 
RATIONAL_B_SPLINE_SURFACE((
    (1.,1.,1.,1.,1.,1.,1.,1.,1.,1.,1.,1.,1.,1.,0.999999999999
      ,1.000000000004,0.999999999993,1.)
    ,(1.,1.,1.,1.,1.,1.,1.,1.,1.,1.,1.,1.,1.,1.,0.999999999999
,1.000000000004,0.999999999993,1.
  ))) REPRESENTATION_ITEM('') SURFACE() );
#7099 = CARTESIAN_POINT('',(0.5378,3.271897758377E-03,
    -7.595881263534E-03));
#7100 = CARTESIAN_POINT('',(0.523430650188,7.021791020279E-03,
    -1.785523255654E-02));
#7101 = CARTESIAN_POINT('',(0.483258792956,1.287003539875E-02,
    -3.329409357709E-02));
#7102 = CARTESIAN_POINT('',(0.398489817948,1.692135803055E-02,
    -4.417336815659E-02));
#7103 = CARTESIAN_POINT('',(0.269462582488,2.003419507134E-02,
    -5.522782424737E-02));
#7104 = CARTESIAN_POINT('',(0.124451460313,2.07334535614E-02,
    -5.663676381593E-02));
#7105 = CARTESIAN_POINT('',(-2.019705092663E-02,2.152937195067E-02,
    -5.855420057682E-02));
#7106 = CARTESIAN_POINT('',(-0.144245251992,2.063904766531E-02,
    -5.638329951452E-02));
#7107 = CARTESIAN_POINT('',(-0.273480101183,1.852221247856E-02,
    -5.18404235692E-02));
#7108 = CARTESIAN_POINT('',(-0.402617556702,1.504723177803E-02,
    -4.228313288197E-02));
#7109 = CARTESIAN_POINT('',(-0.526576732963,1.076854691763E-02,
    -3.245504203398E-02));
#7110 = CARTESIAN_POINT('',(-0.624580534573,7.572585460261E-03,
    -2.149760903006E-02));
#7111 = CARTESIAN_POINT('',(-0.712476506696,5.842353264809E-03,
    -1.599872218726E-02));
#7112 = CARTESIAN_POINT('',(-0.790028640266,5.159280947454E-03,
    -1.534865839147E-02));
#7113 = CARTESIAN_POINT('',(-0.872701839491,5.423827106933E-03,
    -1.4100666185E-02));
#7114 = CARTESIAN_POINT('',(-0.945025744455,5.056122493555E-03,
    -1.380177510818E-02));
#7115 = CARTESIAN_POINT('',(-0.991548335241,4.424406667601E-03,
    -1.510605376191E-02));
#7116 = CARTESIAN_POINT('',(-1.0122,4.907846637565E-03,
    -1.329279221118E-02));
#7117 = CARTESIAN_POINT('',(0.5378,3.902835109119E-03,-7.37032117154E-03
    ));
#7118 = CARTESIAN_POINT('',(0.523430650188,8.375840122964E-03,
    -1.732502049051E-02));
#7119 = CARTESIAN_POINT('',(0.483258792956,1.535183239796E-02,
    -3.230542372437E-02));
#7120 = CARTESIAN_POINT('',(0.398489817948,2.018439300144E-02,
    -4.286163767537E-02));
#7121 = CARTESIAN_POINT('',(0.269462582488,2.389749487348E-02,
    -5.358783111351E-02));
#7122 = CARTESIAN_POINT('',(0.124451460313,2.473159507676E-02,
    -5.495493214777E-02));
#7123 = CARTESIAN_POINT('',(-2.019705092663E-02,2.568099461887E-02,
    -5.681543052361E-02));
#7124 = CARTESIAN_POINT('',(-0.144245251992,2.461898439238E-02,
    -5.470899448207E-02));
#7125 = CARTESIAN_POINT('',(-0.273480101183,2.209394868003E-02,
    -5.030101947591E-02));
#7126 = CARTESIAN_POINT('',(-0.402617556702,1.794886907087E-02,
    -4.102753303625E-02));
#7127 = CARTESIAN_POINT('',(-0.526576732963,1.284510277765E-02,
    -3.149128786078E-02));
#7128 = CARTESIAN_POINT('',(-0.624580534573,9.032847168115E-03,
    -2.085923640387E-02));
#7129 = CARTESIAN_POINT('',(-0.712476506696,6.968965146722E-03,
    -1.552363929389E-02));
#7130 = CARTESIAN_POINT('',(-0.790028640266,6.154172381459E-03,
    -1.48928791766E-02));
#7131 = CARTESIAN_POINT('',(-0.872701839491,6.469732376095E-03,
    -1.368194616396E-02));
#7132 = CARTESIAN_POINT('',(-0.945025744455,6.031121337342E-03,
    -1.339193067369E-02));
#7133 = CARTESIAN_POINT('',(-0.991548335241,5.277588407103E-03,
    -1.46574787037E-02));
#7134 = CARTESIAN_POINT('',(-1.0122,5.854252663679E-03,
    -1.289806205019E-02));
#7135 = DEFINITIONAL_REPRESENTATION('',(#7136),#7140);
#7136 = LINE('',#7137,#7138);
#7137 = CARTESIAN_POINT('',(59.,0.));
#7138 = VECTOR('',#7139,1.);
#7139 = DIRECTION('',(0.,1.));
#7140 = ( GEOMETRIC_REPRESENTATION_CONTEXT(2) 
PARAMETRIC_REPRESENTATION_CONTEXT() REPRESENTATION_CONTEXT('2D SPACE',''
  ) );
#7141 = ORIENTED_EDGE('',*,*,#7142,.F.);
#7142 = EDGE_CURVE('',#6949,#7068,#7143,.T.);
#7143 = SURFACE_CURVE('',#7144,(#7147,#7154),.PCURVE_S1.);
#7144 = B_SPLINE_CURVE_WITH_KNOTS('',1,(#7145,#7146),.UNSPECIFIED.,.F.,
  .F.,(2,2),(58.,59.),.PIECEWISE_BEZIER_KNOTS.);
#7145 = CARTESIAN_POINT('',(-1.0122,3.890553915679E-03,
    -1.360132393547E-02));
#7146 = CARTESIAN_POINT('',(-1.0122,4.907846637565E-03,
    -1.329279221118E-02));
#7147 = PCURVE('',#6979,#7148);
#7148 = DEFINITIONAL_REPRESENTATION('',(#7149),#7153);
#7149 = LINE('',#7150,#7151);
#7150 = CARTESIAN_POINT('',(0.,1.));
#7151 = VECTOR('',#7152,1.);
#7152 = DIRECTION('',(1.,0.));
#7153 = ( GEOMETRIC_REPRESENTATION_CONTEXT(2) 
PARAMETRIC_REPRESENTATION_CONTEXT() REPRESENTATION_CONTEXT('2D SPACE',''
  ) );
#7154 = PCURVE('',#176,#7155);
#7155 = DEFINITIONAL_REPRESENTATION('',(#7156),#7159);
#7156 = B_SPLINE_CURVE_WITH_KNOTS('',1,(#7157,#7158),.UNSPECIFIED.,.F.,
  .F.,(2,2),(58.,59.),.PIECEWISE_BEZIER_KNOTS.);
#7157 = CARTESIAN_POINT('',(2.782133989921E-03,1.399687097787E-02));
#7158 = CARTESIAN_POINT('',(1.968663530861E-03,1.331251571989E-02));
#7159 = ( GEOMETRIC_REPRESENTATION_CONTEXT(2) 
PARAMETRIC_REPRESENTATION_CONTEXT() REPRESENTATION_CONTEXT('2D SPACE',''
  ) );
#7160 = ORIENTED_EDGE('',*,*,#6948,.F.);
#7161 = ADVANCED_FACE('',(#7162),#7098,.F.);
#7162 = FACE_BOUND('',#7163,.F.);
#7163 = EDGE_LOOP('',(#7164,#7185,#7260,#7279));
#7164 = ORIENTED_EDGE('',*,*,#7165,.T.);
#7165 = EDGE_CURVE('',#7047,#7166,#7168,.T.);
#7166 = VERTEX_POINT('',#7167);
#7167 = CARTESIAN_POINT('',(0.5378,3.902835109119E-03,-7.37032117154E-03
    ));
#7168 = SURFACE_CURVE('',#7169,(#7172,#7179),.PCURVE_S1.);
#7169 = B_SPLINE_CURVE_WITH_KNOTS('',1,(#7170,#7171),.UNSPECIFIED.,.F.,
  .F.,(2,2),(59.,60.),.PIECEWISE_BEZIER_KNOTS.);
#7170 = CARTESIAN_POINT('',(0.5378,3.271897758377E-03,
    -7.595881263534E-03));
#7171 = CARTESIAN_POINT('',(0.5378,3.902835109119E-03,-7.37032117154E-03
    ));
#7172 = PCURVE('',#7098,#7173);
#7173 = DEFINITIONAL_REPRESENTATION('',(#7174),#7178);
#7174 = LINE('',#7175,#7176);
#7175 = CARTESIAN_POINT('',(0.,0.));
#7176 = VECTOR('',#7177,1.);
#7177 = DIRECTION('',(1.,0.));
#7178 = ( GEOMETRIC_REPRESENTATION_CONTEXT(2) 
PARAMETRIC_REPRESENTATION_CONTEXT() REPRESENTATION_CONTEXT('2D SPACE',''
  ) );
#7179 = PCURVE('',#75,#7180);
#7180 = DEFINITIONAL_REPRESENTATION('',(#7181),#7184);
#7181 = B_SPLINE_CURVE_WITH_KNOTS('',1,(#7182,#7183),.UNSPECIFIED.,.F.,
  .F.,(2,2),(59.,60.),.PIECEWISE_BEZIER_KNOTS.);
#7182 = CARTESIAN_POINT('',(3.10662517423E-03,7.439795982663E-03));
#7183 = CARTESIAN_POINT('',(2.542716515329E-03,7.077903291277E-03));
#7184 = ( GEOMETRIC_REPRESENTATION_CONTEXT(2) 
PARAMETRIC_REPRESENTATION_CONTEXT() REPRESENTATION_CONTEXT('2D SPACE',''
  ) );
#7185 = ORIENTED_EDGE('',*,*,#7186,.T.);
#7186 = EDGE_CURVE('',#7166,#7187,#7189,.T.);
#7187 = VERTEX_POINT('',#7188);
#7188 = CARTESIAN_POINT('',(-1.0122,5.854252663679E-03,
    -1.289806205019E-02));
#7189 = SURFACE_CURVE('',#7190,(#7209,#7216),.PCURVE_S1.);
#7190 = ( BOUNDED_CURVE() B_SPLINE_CURVE(3,(#7191,#7192,#7193,#7194,
    #7195,#7196,#7197,#7198,#7199,#7200,#7201,#7202,#7203,#7204,#7205,
#7206,#7207,#7208),.UNSPECIFIED.,.F.,.F.) B_SPLINE_CURVE_WITH_KNOTS((4,1
    ,1,1,1,1,1,1,1,1,1,1,1,1,1,4),(0.,3.281818483209E-02,
    8.331472171401E-02,0.163169600212,0.282607356412,0.362210128519,
    0.441821211418,0.521490445595,0.611262750889,0.691167944743,
    0.761109091848,0.800978053181,0.860692828618,0.910445018305,
0.96019726339,1.),.UNSPECIFIED.) CURVE() GEOMETRIC_REPRESENTATION_ITEM()
 RATIONAL_B_SPLINE_CURVE((1.,1.,1.,1.,1.,1.,1.,1.,1.,1.,1.,1.,1.,1.,
    0.999999999999,1.000000000004,0.999999999993,1.)) 
REPRESENTATION_ITEM('') );
#7191 = CARTESIAN_POINT('',(0.5378,3.902835109119E-03,-7.37032117154E-03
    ));
#7192 = CARTESIAN_POINT('',(0.523430650188,8.375840122964E-03,
    -1.732502049051E-02));
#7193 = CARTESIAN_POINT('',(0.483258792956,1.535183239796E-02,
    -3.230542372437E-02));
#7194 = CARTESIAN_POINT('',(0.398489817948,2.018439300144E-02,
    -4.286163767537E-02));
#7195 = CARTESIAN_POINT('',(0.269462582488,2.389749487348E-02,
    -5.358783111351E-02));
#7196 = CARTESIAN_POINT('',(0.124451460313,2.473159507676E-02,
    -5.495493214777E-02));
#7197 = CARTESIAN_POINT('',(-2.019705092663E-02,2.568099461887E-02,
    -5.681543052361E-02));
#7198 = CARTESIAN_POINT('',(-0.144245251992,2.461898439238E-02,
    -5.470899448207E-02));
#7199 = CARTESIAN_POINT('',(-0.273480101183,2.209394868003E-02,
    -5.030101947591E-02));
#7200 = CARTESIAN_POINT('',(-0.402617556702,1.794886907087E-02,
    -4.102753303625E-02));
#7201 = CARTESIAN_POINT('',(-0.526576732963,1.284510277765E-02,
    -3.149128786078E-02));
#7202 = CARTESIAN_POINT('',(-0.624580534573,9.032847168115E-03,
    -2.085923640387E-02));
#7203 = CARTESIAN_POINT('',(-0.712476506696,6.968965146722E-03,
    -1.552363929389E-02));
#7204 = CARTESIAN_POINT('',(-0.790028640266,6.154172381459E-03,
    -1.48928791766E-02));
#7205 = CARTESIAN_POINT('',(-0.872701839491,6.469732376095E-03,
    -1.368194616396E-02));
#7206 = CARTESIAN_POINT('',(-0.945025744455,6.031121337342E-03,
    -1.339193067369E-02));
#7207 = CARTESIAN_POINT('',(-0.991548335241,5.277588407103E-03,
    -1.46574787037E-02));
#7208 = CARTESIAN_POINT('',(-1.0122,5.854252663679E-03,
    -1.289806205019E-02));
#7209 = PCURVE('',#7098,#7210);
#7210 = DEFINITIONAL_REPRESENTATION('',(#7211),#7215);
#7211 = LINE('',#7212,#7213);
#7212 = CARTESIAN_POINT('',(60.,0.));
#7213 = VECTOR('',#7214,1.);
#7214 = DIRECTION('',(0.,1.));
#7215 = ( GEOMETRIC_REPRESENTATION_CONTEXT(2) 
PARAMETRIC_REPRESENTATION_CONTEXT() REPRESENTATION_CONTEXT('2D SPACE',''
  ) );
#7216 = PCURVE('',#7217,#7254);
#7217 = ( BOUNDED_SURFACE() B_SPLINE_SURFACE(1,3,(
    (#7218,#7219,#7220,#7221,#7222,#7223,#7224,#7225,#7226,#7227,#7228
      ,#7229,#7230,#7231,#7232,#7233,#7234,#7235)
    ,(#7236,#7237,#7238,#7239,#7240,#7241,#7242,#7243,#7244,#7245,#7246
      ,#7247,#7248,#7249,#7250,#7251,#7252,#7253
)),.UNSPECIFIED.,.F.,.F.,.F.) B_SPLINE_SURFACE_WITH_KNOTS((2,2),(4,1,1,1
    ,1,1,1,1,1,1,1,1,1,1,1,4),(60.,61.),(0.,3.281818483209E-02,
    8.331472171401E-02,0.163169600212,0.282607356412,0.362210128519,
    0.441821211418,0.521490445595,0.611262750889,0.691167944743,
    0.761109091848,0.800978053181,0.860692828618,0.910445018305,
0.96019726339,1.),.UNSPECIFIED.) GEOMETRIC_REPRESENTATION_ITEM() 
RATIONAL_B_SPLINE_SURFACE((
    (1.,1.,1.,1.,1.,1.,1.,1.,1.,1.,1.,1.,1.,1.,0.999999999999
      ,1.000000000004,0.999999999993,1.)
    ,(1.,1.,1.,1.,1.,1.,1.,1.,1.,1.,1.,1.,1.,1.,0.999999999999
,1.000000000004,0.999999999993,1.
  ))) REPRESENTATION_ITEM('') SURFACE() );
#7218 = CARTESIAN_POINT('',(0.5378,3.902835109119E-03,-7.37032117154E-03
    ));
#7219 = CARTESIAN_POINT('',(0.523430650188,8.375840122964E-03,
    -1.732502049051E-02));
#7220 = CARTESIAN_POINT('',(0.483258792956,1.535183239796E-02,
    -3.230542372437E-02));
#7221 = CARTESIAN_POINT('',(0.398489817948,2.018439300144E-02,
    -4.286163767537E-02));
#7222 = CARTESIAN_POINT('',(0.269462582488,2.389749487348E-02,
    -5.358783111351E-02));
#7223 = CARTESIAN_POINT('',(0.124451460313,2.473159507676E-02,
    -5.495493214777E-02));
#7224 = CARTESIAN_POINT('',(-2.019705092663E-02,2.568099461887E-02,
    -5.681543052361E-02));
#7225 = CARTESIAN_POINT('',(-0.144245251992,2.461898439238E-02,
    -5.470899448207E-02));
#7226 = CARTESIAN_POINT('',(-0.273480101183,2.209394868003E-02,
    -5.030101947591E-02));
#7227 = CARTESIAN_POINT('',(-0.402617556702,1.794886907087E-02,
    -4.102753303625E-02));
#7228 = CARTESIAN_POINT('',(-0.526576732963,1.284510277765E-02,
    -3.149128786078E-02));
#7229 = CARTESIAN_POINT('',(-0.624580534573,9.032847168115E-03,
    -2.085923640387E-02));
#7230 = CARTESIAN_POINT('',(-0.712476506696,6.968965146722E-03,
    -1.552363929389E-02));
#7231 = CARTESIAN_POINT('',(-0.790028640266,6.154172381459E-03,
    -1.48928791766E-02));
#7232 = CARTESIAN_POINT('',(-0.872701839491,6.469732376095E-03,
    -1.368194616396E-02));
#7233 = CARTESIAN_POINT('',(-0.945025744455,6.031121337342E-03,
    -1.339193067369E-02));
#7234 = CARTESIAN_POINT('',(-0.991548335241,5.277588407103E-03,
    -1.46574787037E-02));
#7235 = CARTESIAN_POINT('',(-1.0122,5.854252663679E-03,
    -1.289806205019E-02));
#7236 = CARTESIAN_POINT('',(0.5378,4.489848193237E-03,
    -7.096303477462E-03));
#7237 = CARTESIAN_POINT('',(0.523430650188,9.63562374312E-03,
    -1.66809017263E-02));
#7238 = CARTESIAN_POINT('',(0.483258792956,1.766085295118E-02,
    -3.110435561499E-02));
#7239 = CARTESIAN_POINT('',(0.398489817948,2.322026370967E-02,
    -4.12681050671E-02));
#7240 = CARTESIAN_POINT('',(0.269462582488,2.749184148977E-02,
    -5.159551441922E-02));
#7241 = CARTESIAN_POINT('',(0.124451460313,2.845139606637E-02,
    -5.291178864902E-02));
#7242 = CARTESIAN_POINT('',(-2.019705092663E-02,2.954359179066E-02,
    -5.470311643339E-02));
#7243 = CARTESIAN_POINT('',(-0.144245251992,2.832184796514E-02,
    -5.267499458378E-02));
#7244 = CARTESIAN_POINT('',(-0.273480101183,2.541702961796E-02,
    -4.843090160102E-02));
#7245 = CARTESIAN_POINT('',(-0.402617556702,2.064850169565E-02,
    -3.950218973917E-02));
#7246 = CARTESIAN_POINT('',(-0.526576732963,1.477709405745E-02,
    -3.03204881246E-02));
#7247 = CARTESIAN_POINT('',(-0.624580534573,1.039144913983E-02,
    -2.008372069341E-02));
#7248 = CARTESIAN_POINT('',(-0.712476506696,8.017145151645E-03,
    -1.494649323147E-02));
#7249 = CARTESIAN_POINT('',(-0.790028640266,7.079801983746E-03,
    -1.433918384696E-02));
#7250 = CARTESIAN_POINT('',(-0.872701839491,7.442824359054E-03,
    -1.317327154182E-02));
#7251 = CARTESIAN_POINT('',(-0.945025744455,6.938243221309E-03,
    -1.289403839982E-02));
#7252 = CARTESIAN_POINT('',(-0.991548335241,6.071373786403E-03,
    -1.411253521837E-02));
#7253 = CARTESIAN_POINT('',(-1.0122,6.734772289856E-03,
    -1.241853108556E-02));
#7254 = DEFINITIONAL_REPRESENTATION('',(#7255),#7259);
#7255 = LINE('',#7256,#7257);
#7256 = CARTESIAN_POINT('',(60.,0.));
#7257 = VECTOR('',#7258,1.);
#7258 = DIRECTION('',(0.,1.));
#7259 = ( GEOMETRIC_REPRESENTATION_CONTEXT(2) 
PARAMETRIC_REPRESENTATION_CONTEXT() REPRESENTATION_CONTEXT('2D SPACE',''
  ) );
#7260 = ORIENTED_EDGE('',*,*,#7261,.F.);
#7261 = EDGE_CURVE('',#7068,#7187,#7262,.T.);
#7262 = SURFACE_CURVE('',#7263,(#7266,#7273),.PCURVE_S1.);
#7263 = B_SPLINE_CURVE_WITH_KNOTS('',1,(#7264,#7265),.UNSPECIFIED.,.F.,
  .F.,(2,2),(59.,60.),.PIECEWISE_BEZIER_KNOTS.);
#7264 = CARTESIAN_POINT('',(-1.0122,4.907846637565E-03,
    -1.329279221118E-02));
#7265 = CARTESIAN_POINT('',(-1.0122,5.854252663679E-03,
    -1.289806205019E-02));
#7266 = PCURVE('',#7098,#7267);
#7267 = DEFINITIONAL_REPRESENTATION('',(#7268),#7272);
#7268 = LINE('',#7269,#7270);
#7269 = CARTESIAN_POINT('',(0.,1.));
#7270 = VECTOR('',#7271,1.);
#7271 = DIRECTION('',(1.,0.));
#7272 = ( GEOMETRIC_REPRESENTATION_CONTEXT(2) 
PARAMETRIC_REPRESENTATION_CONTEXT() REPRESENTATION_CONTEXT('2D SPACE',''
  ) );
#7273 = PCURVE('',#176,#7274);
#7274 = DEFINITIONAL_REPRESENTATION('',(#7275),#7278);
#7275 = B_SPLINE_CURVE_WITH_KNOTS('',1,(#7276,#7277),.UNSPECIFIED.,.F.,
  .F.,(2,2),(59.,60.),.PIECEWISE_BEZIER_KNOTS.);
#7276 = CARTESIAN_POINT('',(1.968663530861E-03,1.331251571989E-02));
#7277 = CARTESIAN_POINT('',(1.25430588932E-03,1.257685994017E-02));
#7278 = ( GEOMETRIC_REPRESENTATION_CONTEXT(2) 
PARAMETRIC_REPRESENTATION_CONTEXT() REPRESENTATION_CONTEXT('2D SPACE',''
  ) );
#7279 = ORIENTED_EDGE('',*,*,#7067,.F.);
#7280 = ADVANCED_FACE('',(#7281),#7217,.F.);
#7281 = FACE_BOUND('',#7282,.F.);
#7282 = EDGE_LOOP('',(#7283,#7304,#7379,#7398));
#7283 = ORIENTED_EDGE('',*,*,#7284,.T.);
#7284 = EDGE_CURVE('',#7166,#7285,#7287,.T.);
#7285 = VERTEX_POINT('',#7286);
#7286 = CARTESIAN_POINT('',(0.5378,4.489848193237E-03,
    -7.096303477462E-03));
#7287 = SURFACE_CURVE('',#7288,(#7291,#7298),.PCURVE_S1.);
#7288 = B_SPLINE_CURVE_WITH_KNOTS('',1,(#7289,#7290),.UNSPECIFIED.,.F.,
  .F.,(2,2),(60.,61.),.PIECEWISE_BEZIER_KNOTS.);
#7289 = CARTESIAN_POINT('',(0.5378,3.902835109119E-03,-7.37032117154E-03
    ));
#7290 = CARTESIAN_POINT('',(0.5378,4.489848193237E-03,
    -7.096303477462E-03));
#7291 = PCURVE('',#7217,#7292);
#7292 = DEFINITIONAL_REPRESENTATION('',(#7293),#7297);
#7293 = LINE('',#7294,#7295);
#7294 = CARTESIAN_POINT('',(0.,0.));
#7295 = VECTOR('',#7296,1.);
#7296 = DIRECTION('',(1.,0.));
#7297 = ( GEOMETRIC_REPRESENTATION_CONTEXT(2) 
PARAMETRIC_REPRESENTATION_CONTEXT() REPRESENTATION_CONTEXT('2D SPACE',''
  ) );
#7298 = PCURVE('',#75,#7299);
#7299 = DEFINITIONAL_REPRESENTATION('',(#7300),#7303);
#7300 = B_SPLINE_CURVE_WITH_KNOTS('',1,(#7301,#7302),.UNSPECIFIED.,.F.,
  .F.,(2,2),(60.,61.),.PIECEWISE_BEZIER_KNOTS.);
#7301 = CARTESIAN_POINT('',(2.542716515329E-03,7.077903291277E-03));
#7302 = CARTESIAN_POINT('',(2.032519091632E-03,6.678693263288E-03));
#7303 = ( GEOMETRIC_REPRESENTATION_CONTEXT(2) 
PARAMETRIC_REPRESENTATION_CONTEXT() REPRESENTATION_CONTEXT('2D SPACE',''
  ) );
#7304 = ORIENTED_EDGE('',*,*,#7305,.T.);
#7305 = EDGE_CURVE('',#7285,#7306,#7308,.T.);
#7306 = VERTEX_POINT('',#7307);
#7307 = CARTESIAN_POINT('',(-1.0122,6.734772289856E-03,
    -1.241853108556E-02));
#7308 = SURFACE_CURVE('',#7309,(#7328,#7335),.PCURVE_S1.);
#7309 = ( BOUNDED_CURVE() B_SPLINE_CURVE(3,(#7310,#7311,#7312,#7313,
    #7314,#7315,#7316,#7317,#7318,#7319,#7320,#7321,#7322,#7323,#7324,
#7325,#7326,#7327),.UNSPECIFIED.,.F.,.F.) B_SPLINE_CURVE_WITH_KNOTS((4,1
    ,1,1,1,1,1,1,1,1,1,1,1,1,1,4),(0.,3.281818483209E-02,
    8.331472171401E-02,0.163169600212,0.282607356412,0.362210128519,
    0.441821211418,0.521490445595,0.611262750889,0.691167944743,
    0.761109091848,0.800978053181,0.860692828618,0.910445018305,
0.96019726339,1.),.UNSPECIFIED.) CURVE() GEOMETRIC_REPRESENTATION_ITEM()
 RATIONAL_B_SPLINE_CURVE((1.,1.,1.,1.,1.,1.,1.,1.,1.,1.,1.,1.,1.,1.,
    0.999999999999,1.000000000004,0.999999999993,1.)) 
REPRESENTATION_ITEM('') );
#7310 = CARTESIAN_POINT('',(0.5378,4.489848193237E-03,
    -7.096303477462E-03));
#7311 = CARTESIAN_POINT('',(0.523430650188,9.63562374312E-03,
    -1.66809017263E-02));
#7312 = CARTESIAN_POINT('',(0.483258792956,1.766085295118E-02,
    -3.110435561499E-02));
#7313 = CARTESIAN_POINT('',(0.398489817948,2.322026370967E-02,
    -4.12681050671E-02));
#7314 = CARTESIAN_POINT('',(0.269462582488,2.749184148977E-02,
    -5.159551441922E-02));
#7315 = CARTESIAN_POINT('',(0.124451460313,2.845139606637E-02,
    -5.291178864902E-02));
#7316 = CARTESIAN_POINT('',(-2.019705092663E-02,2.954359179066E-02,
    -5.470311643339E-02));
#7317 = CARTESIAN_POINT('',(-0.144245251992,2.832184796514E-02,
    -5.267499458378E-02));
#7318 = CARTESIAN_POINT('',(-0.273480101183,2.541702961796E-02,
    -4.843090160102E-02));
#7319 = CARTESIAN_POINT('',(-0.402617556702,2.064850169565E-02,
    -3.950218973917E-02));
#7320 = CARTESIAN_POINT('',(-0.526576732963,1.477709405745E-02,
    -3.03204881246E-02));
#7321 = CARTESIAN_POINT('',(-0.624580534573,1.039144913983E-02,
    -2.008372069341E-02));
#7322 = CARTESIAN_POINT('',(-0.712476506696,8.017145151645E-03,
    -1.494649323147E-02));
#7323 = CARTESIAN_POINT('',(-0.790028640266,7.079801983746E-03,
    -1.433918384696E-02));
#7324 = CARTESIAN_POINT('',(-0.872701839491,7.442824359054E-03,
    -1.317327154182E-02));
#7325 = CARTESIAN_POINT('',(-0.945025744455,6.938243221309E-03,
    -1.289403839982E-02));
#7326 = CARTESIAN_POINT('',(-0.991548335241,6.071373786403E-03,
    -1.411253521837E-02));
#7327 = CARTESIAN_POINT('',(-1.0122,6.734772289856E-03,
    -1.241853108556E-02));
#7328 = PCURVE('',#7217,#7329);
#7329 = DEFINITIONAL_REPRESENTATION('',(#7330),#7334);
#7330 = LINE('',#7331,#7332);
#7331 = CARTESIAN_POINT('',(61.,0.));
#7332 = VECTOR('',#7333,1.);
#7333 = DIRECTION('',(0.,1.));
#7334 = ( GEOMETRIC_REPRESENTATION_CONTEXT(2) 
PARAMETRIC_REPRESENTATION_CONTEXT() REPRESENTATION_CONTEXT('2D SPACE',''
  ) );
#7335 = PCURVE('',#7336,#7373);
#7336 = ( BOUNDED_SURFACE() B_SPLINE_SURFACE(1,3,(
    (#7337,#7338,#7339,#7340,#7341,#7342,#7343,#7344,#7345,#7346,#7347
      ,#7348,#7349,#7350,#7351,#7352,#7353,#7354)
    ,(#7355,#7356,#7357,#7358,#7359,#7360,#7361,#7362,#7363,#7364,#7365
      ,#7366,#7367,#7368,#7369,#7370,#7371,#7372
)),.UNSPECIFIED.,.F.,.F.,.F.) B_SPLINE_SURFACE_WITH_KNOTS((2,2),(4,1,1,1
    ,1,1,1,1,1,1,1,1,1,1,1,4),(61.,62.),(0.,3.281818483209E-02,
    8.331472171401E-02,0.163169600212,0.282607356412,0.362210128519,
    0.441821211418,0.521490445595,0.611262750889,0.691167944743,
    0.761109091848,0.800978053181,0.860692828618,0.910445018305,
0.96019726339,1.),.UNSPECIFIED.) GEOMETRIC_REPRESENTATION_ITEM() 
RATIONAL_B_SPLINE_SURFACE((
    (1.,1.,1.,1.,1.,1.,1.,1.,1.,1.,1.,1.,1.,1.,0.999999999999
      ,1.000000000004,0.999999999993,1.)
    ,(1.,1.,1.,1.,1.,1.,1.,1.,1.,1.,1.,1.,1.,1.,0.999999999999
,1.000000000004,0.999999999993,1.
  ))) REPRESENTATION_ITEM('') SURFACE() );
#7337 = CARTESIAN_POINT('',(0.5378,4.489848193237E-03,
    -7.096303477462E-03));
#7338 = CARTESIAN_POINT('',(0.523430650188,9.63562374312E-03,
    -1.66809017263E-02));
#7339 = CARTESIAN_POINT('',(0.483258792956,1.766085295118E-02,
    -3.110435561499E-02));
#7340 = CARTESIAN_POINT('',(0.398489817948,2.322026370967E-02,
    -4.12681050671E-02));
#7341 = CARTESIAN_POINT('',(0.269462582488,2.749184148977E-02,
    -5.159551441922E-02));
#7342 = CARTESIAN_POINT('',(0.124451460313,2.845139606637E-02,
    -5.291178864902E-02));
#7343 = CARTESIAN_POINT('',(-2.019705092663E-02,2.954359179066E-02,
    -5.470311643339E-02));
#7344 = CARTESIAN_POINT('',(-0.144245251992,2.832184796514E-02,
    -5.267499458378E-02));
#7345 = CARTESIAN_POINT('',(-0.273480101183,2.541702961796E-02,
    -4.843090160102E-02));
#7346 = CARTESIAN_POINT('',(-0.402617556702,2.064850169565E-02,
    -3.950218973917E-02));
#7347 = CARTESIAN_POINT('',(-0.526576732963,1.477709405745E-02,
    -3.03204881246E-02));
#7348 = CARTESIAN_POINT('',(-0.624580534573,1.039144913983E-02,
    -2.008372069341E-02));
#7349 = CARTESIAN_POINT('',(-0.712476506696,8.017145151645E-03,
    -1.494649323147E-02));
#7350 = CARTESIAN_POINT('',(-0.790028640266,7.079801983746E-03,
    -1.433918384696E-02));
#7351 = CARTESIAN_POINT('',(-0.872701839491,7.442824359054E-03,
    -1.317327154182E-02));
#7352 = CARTESIAN_POINT('',(-0.945025744455,6.938243221309E-03,
    -1.289403839982E-02));
#7353 = CARTESIAN_POINT('',(-0.991548335241,6.071373786403E-03,
    -1.411253521837E-02));
#7354 = CARTESIAN_POINT('',(-1.0122,6.734772289856E-03,
    -1.241853108556E-02));
#7355 = CARTESIAN_POINT('',(0.5378,5.034033153777E-03,
    -6.774757480796E-03));
#7356 = CARTESIAN_POINT('',(0.523430650188,1.080349430371E-02,
    -1.592506071865E-02));
#7357 = CARTESIAN_POINT('',(0.483258792956,1.980140874566E-02,
    -2.969496253329E-02));
#7358 = CARTESIAN_POINT('',(0.398489817948,2.60346391065E-02,
    -3.939817461437E-02));
#7359 = CARTESIAN_POINT('',(0.269462582488,3.082394672638E-02,
    -4.925763087744E-02));
#7360 = CARTESIAN_POINT('',(0.124451460313,3.189980260024E-02,
    -5.051426240588E-02));
#7361 = CARTESIAN_POINT('',(-2.019705092663E-02,3.312437618266E-02,
    -5.222442197645E-02));
#7362 = CARTESIAN_POINT('',(-0.144245251992,3.175455282597E-02,
    -5.028819789638E-02));
#7363 = CARTESIAN_POINT('',(-0.273480101183,2.84976605579E-02,
    -4.623641223424E-02));
#7364 = CARTESIAN_POINT('',(-0.402617556702,2.315117073853E-02,
    -3.771227601712E-02));
#7365 = CARTESIAN_POINT('',(-0.526576732963,1.656812840882E-02,
    -2.894661345811E-02));
#7366 = CARTESIAN_POINT('',(-0.624580534573,1.165092832414E-02,
    -1.917369197105E-02));
#7367 = CARTESIAN_POINT('',(-0.712476506696,8.988850570233E-03,
    -1.426924132446E-02));
#7368 = CARTESIAN_POINT('',(-0.790028640266,7.937898203761E-03,
    -1.368945019679E-02));
#7369 = CARTESIAN_POINT('',(-0.872701839491,8.344920132917E-03,
    -1.257636742947E-02));
#7370 = CARTESIAN_POINT('',(-0.945025744455,7.779182034863E-03,
    -1.230978683303E-02));
#7371 = CARTESIAN_POINT('',(-0.991548335241,6.807245059503E-03,
    -1.347307141554E-02));
#7372 = CARTESIAN_POINT('',(-1.0122,7.551049730665E-03,
    -1.185582559139E-02));
#7373 = DEFINITIONAL_REPRESENTATION('',(#7374),#7378);
#7374 = LINE('',#7375,#7376);
#7375 = CARTESIAN_POINT('',(61.,0.));
#7376 = VECTOR('',#7377,1.);
#7377 = DIRECTION('',(0.,1.));
#7378 = ( GEOMETRIC_REPRESENTATION_CONTEXT(2) 
PARAMETRIC_REPRESENTATION_CONTEXT() REPRESENTATION_CONTEXT('2D SPACE',''
  ) );
#7379 = ORIENTED_EDGE('',*,*,#7380,.F.);
#7380 = EDGE_CURVE('',#7187,#7306,#7381,.T.);
#7381 = SURFACE_CURVE('',#7382,(#7385,#7392),.PCURVE_S1.);
#7382 = B_SPLINE_CURVE_WITH_KNOTS('',1,(#7383,#7384),.UNSPECIFIED.,.F.,
  .F.,(2,2),(60.,61.),.PIECEWISE_BEZIER_KNOTS.);
#7383 = CARTESIAN_POINT('',(-1.0122,5.854252663679E-03,
    -1.289806205019E-02));
#7384 = CARTESIAN_POINT('',(-1.0122,6.734772289856E-03,
    -1.241853108556E-02));
#7385 = PCURVE('',#7217,#7386);
#7386 = DEFINITIONAL_REPRESENTATION('',(#7387),#7391);
#7387 = LINE('',#7388,#7389);
#7388 = CARTESIAN_POINT('',(0.,1.));
#7389 = VECTOR('',#7390,1.);
#7390 = DIRECTION('',(1.,0.));
#7391 = ( GEOMETRIC_REPRESENTATION_CONTEXT(2) 
PARAMETRIC_REPRESENTATION_CONTEXT() REPRESENTATION_CONTEXT('2D SPACE',''
  ) );
#7392 = PCURVE('',#176,#7393);
#7393 = DEFINITIONAL_REPRESENTATION('',(#7394),#7397);
#7394 = B_SPLINE_CURVE_WITH_KNOTS('',1,(#7395,#7396),.UNSPECIFIED.,.F.,
  .F.,(2,2),(60.,61.),.PIECEWISE_BEZIER_KNOTS.);
#7395 = CARTESIAN_POINT('',(1.25430588932E-03,1.257685994017E-02));
#7396 = CARTESIAN_POINT('',(6.339145461334E-04,1.178921830883E-02));
#7397 = ( GEOMETRIC_REPRESENTATION_CONTEXT(2) 
PARAMETRIC_REPRESENTATION_CONTEXT() REPRESENTATION_CONTEXT('2D SPACE',''
  ) );
#7398 = ORIENTED_EDGE('',*,*,#7186,.F.);
#7399 = ADVANCED_FACE('',(#7400),#7336,.F.);
#7400 = FACE_BOUND('',#7401,.F.);
#7401 = EDGE_LOOP('',(#7402,#7423,#7498,#7517));
#7402 = ORIENTED_EDGE('',*,*,#7403,.T.);
#7403 = EDGE_CURVE('',#7285,#7404,#7406,.T.);
#7404 = VERTEX_POINT('',#7405);
#7405 = CARTESIAN_POINT('',(0.5378,5.034033153777E-03,
    -6.774757480796E-03));
#7406 = SURFACE_CURVE('',#7407,(#7410,#7417),.PCURVE_S1.);
#7407 = B_SPLINE_CURVE_WITH_KNOTS('',1,(#7408,#7409),.UNSPECIFIED.,.F.,
  .F.,(2,2),(61.,62.),.PIECEWISE_BEZIER_KNOTS.);
#7408 = CARTESIAN_POINT('',(0.5378,4.489848193237E-03,
    -7.096303477462E-03));
#7409 = CARTESIAN_POINT('',(0.5378,5.034033153777E-03,
    -6.774757480796E-03));
#7410 = PCURVE('',#7336,#7411);
#7411 = DEFINITIONAL_REPRESENTATION('',(#7412),#7416);
#7412 = LINE('',#7413,#7414);
#7413 = CARTESIAN_POINT('',(0.,0.));
#7414 = VECTOR('',#7415,1.);
#7415 = DIRECTION('',(1.,0.));
#7416 = ( GEOMETRIC_REPRESENTATION_CONTEXT(2) 
PARAMETRIC_REPRESENTATION_CONTEXT() REPRESENTATION_CONTEXT('2D SPACE',''
  ) );
#7417 = PCURVE('',#75,#7418);
#7418 = DEFINITIONAL_REPRESENTATION('',(#7419),#7422);
#7419 = B_SPLINE_CURVE_WITH_KNOTS('',1,(#7420,#7421),.UNSPECIFIED.,.F.,
  .F.,(2,2),(61.,62.),.PIECEWISE_BEZIER_KNOTS.);
#7420 = CARTESIAN_POINT('',(2.032519091632E-03,6.678693263288E-03));
#7421 = CARTESIAN_POINT('',(1.574755592749E-03,6.242824385826E-03));
#7422 = ( GEOMETRIC_REPRESENTATION_CONTEXT(2) 
PARAMETRIC_REPRESENTATION_CONTEXT() REPRESENTATION_CONTEXT('2D SPACE',''
  ) );
#7423 = ORIENTED_EDGE('',*,*,#7424,.T.);
#7424 = EDGE_CURVE('',#7404,#7425,#7427,.T.);
#7425 = VERTEX_POINT('',#7426);
#7426 = CARTESIAN_POINT('',(-1.0122,7.551049730665E-03,
    -1.185582559139E-02));
#7427 = SURFACE_CURVE('',#7428,(#7447,#7454),.PCURVE_S1.);
#7428 = ( BOUNDED_CURVE() B_SPLINE_CURVE(3,(#7429,#7430,#7431,#7432,
    #7433,#7434,#7435,#7436,#7437,#7438,#7439,#7440,#7441,#7442,#7443,
#7444,#7445,#7446),.UNSPECIFIED.,.F.,.F.) B_SPLINE_CURVE_WITH_KNOTS((4,1
    ,1,1,1,1,1,1,1,1,1,1,1,1,1,4),(0.,3.281818483209E-02,
    8.331472171401E-02,0.163169600212,0.282607356412,0.362210128519,
    0.441821211418,0.521490445595,0.611262750889,0.691167944743,
    0.761109091848,0.800978053181,0.860692828618,0.910445018305,
0.96019726339,1.),.UNSPECIFIED.) CURVE() GEOMETRIC_REPRESENTATION_ITEM()
 RATIONAL_B_SPLINE_CURVE((1.,1.,1.,1.,1.,1.,1.,1.,1.,1.,1.,1.,1.,1.,
    0.999999999999,1.000000000004,0.999999999993,1.)) 
REPRESENTATION_ITEM('') );
#7429 = CARTESIAN_POINT('',(0.5378,5.034033153777E-03,
    -6.774757480796E-03));
#7430 = CARTESIAN_POINT('',(0.523430650188,1.080349430371E-02,
    -1.592506071865E-02));
#7431 = CARTESIAN_POINT('',(0.483258792956,1.980140874566E-02,
    -2.969496253329E-02));
#7432 = CARTESIAN_POINT('',(0.398489817948,2.60346391065E-02,
    -3.939817461437E-02));
#7433 = CARTESIAN_POINT('',(0.269462582488,3.082394672638E-02,
    -4.925763087744E-02));
#7434 = CARTESIAN_POINT('',(0.124451460313,3.189980260024E-02,
    -5.051426240588E-02));
#7435 = CARTESIAN_POINT('',(-2.019705092663E-02,3.312437618266E-02,
    -5.222442197645E-02));
#7436 = CARTESIAN_POINT('',(-0.144245251992,3.175455282597E-02,
    -5.028819789638E-02));
#7437 = CARTESIAN_POINT('',(-0.273480101183,2.84976605579E-02,
    -4.623641223424E-02));
#7438 = CARTESIAN_POINT('',(-0.402617556702,2.315117073853E-02,
    -3.771227601712E-02));
#7439 = CARTESIAN_POINT('',(-0.526576732963,1.656812840882E-02,
    -2.894661345811E-02));
#7440 = CARTESIAN_POINT('',(-0.624580534573,1.165092832414E-02,
    -1.917369197105E-02));
#7441 = CARTESIAN_POINT('',(-0.712476506696,8.988850570233E-03,
    -1.426924132446E-02));
#7442 = CARTESIAN_POINT('',(-0.790028640266,7.937898203761E-03,
    -1.368945019679E-02));
#7443 = CARTESIAN_POINT('',(-0.872701839491,8.344920132917E-03,
    -1.257636742947E-02));
#7444 = CARTESIAN_POINT('',(-0.945025744455,7.779182034863E-03,
    -1.230978683303E-02));
#7445 = CARTESIAN_POINT('',(-0.991548335241,6.807245059503E-03,
    -1.347307141554E-02));
#7446 = CARTESIAN_POINT('',(-1.0122,7.551049730665E-03,
    -1.185582559139E-02));
#7447 = PCURVE('',#7336,#7448);
#7448 = DEFINITIONAL_REPRESENTATION('',(#7449),#7453);
#7449 = LINE('',#7450,#7451);
#7450 = CARTESIAN_POINT('',(62.,0.));
#7451 = VECTOR('',#7452,1.);
#7452 = DIRECTION('',(0.,1.));
#7453 = ( GEOMETRIC_REPRESENTATION_CONTEXT(2) 
PARAMETRIC_REPRESENTATION_CONTEXT() REPRESENTATION_CONTEXT('2D SPACE',''
  ) );
#7454 = PCURVE('',#7455,#7492);
#7455 = ( BOUNDED_SURFACE() B_SPLINE_SURFACE(1,3,(
    (#7456,#7457,#7458,#7459,#7460,#7461,#7462,#7463,#7464,#7465,#7466
      ,#7467,#7468,#7469,#7470,#7471,#7472,#7473)
    ,(#7474,#7475,#7476,#7477,#7478,#7479,#7480,#7481,#7482,#7483,#7484
      ,#7485,#7486,#7487,#7488,#7489,#7490,#7491
)),.UNSPECIFIED.,.F.,.F.,.F.) B_SPLINE_SURFACE_WITH_KNOTS((2,2),(4,1,1,1
    ,1,1,1,1,1,1,1,1,1,1,1,4),(62.,63.),(0.,3.281818483209E-02,
    8.331472171401E-02,0.163169600212,0.282607356412,0.362210128519,
    0.441821211418,0.521490445595,0.611262750889,0.691167944743,
    0.761109091848,0.800978053181,0.860692828618,0.910445018305,
0.96019726339,1.),.UNSPECIFIED.) GEOMETRIC_REPRESENTATION_ITEM() 
RATIONAL_B_SPLINE_SURFACE((
    (1.,1.,1.,1.,1.,1.,1.,1.,1.,1.,1.,1.,1.,1.,0.999999999999
      ,1.000000000004,0.999999999993,1.)
    ,(1.,1.,1.,1.,1.,1.,1.,1.,1.,1.,1.,1.,1.,1.,0.999999999999
,1.000000000004,0.999999999993,1.
  ))) REPRESENTATION_ITEM('') SURFACE() );
#7456 = CARTESIAN_POINT('',(0.5378,5.034033153777E-03,
    -6.774757480796E-03));
#7457 = CARTESIAN_POINT('',(0.523430650188,1.080349430371E-02,
    -1.592506071865E-02));
#7458 = CARTESIAN_POINT('',(0.483258792956,1.980140874566E-02,
    -2.969496253329E-02));
#7459 = CARTESIAN_POINT('',(0.398489817948,2.60346391065E-02,
    -3.939817461437E-02));
#7460 = CARTESIAN_POINT('',(0.269462582488,3.082394672638E-02,
    -4.925763087744E-02));
#7461 = CARTESIAN_POINT('',(0.124451460313,3.189980260024E-02,
    -5.051426240588E-02));
#7462 = CARTESIAN_POINT('',(-2.019705092663E-02,3.312437618266E-02,
    -5.222442197645E-02));
#7463 = CARTESIAN_POINT('',(-0.144245251992,3.175455282597E-02,
    -5.028819789638E-02));
#7464 = CARTESIAN_POINT('',(-0.273480101183,2.84976605579E-02,
    -4.623641223424E-02));
#7465 = CARTESIAN_POINT('',(-0.402617556702,2.315117073853E-02,
    -3.771227601712E-02));
#7466 = CARTESIAN_POINT('',(-0.526576732963,1.656812840882E-02,
    -2.894661345811E-02));
#7467 = CARTESIAN_POINT('',(-0.624580534573,1.165092832414E-02,
    -1.917369197105E-02));
#7468 = CARTESIAN_POINT('',(-0.712476506696,8.988850570233E-03,
    -1.426924132446E-02));
#7469 = CARTESIAN_POINT('',(-0.790028640266,7.937898203761E-03,
    -1.368945019679E-02));
#7470 = CARTESIAN_POINT('',(-0.872701839491,8.344920132917E-03,
    -1.257636742947E-02));
#7471 = CARTESIAN_POINT('',(-0.945025744455,7.779182034863E-03,
    -1.230978683303E-02));
#7472 = CARTESIAN_POINT('',(-0.991548335241,6.807245059503E-03,
    -1.347307141554E-02));
#7473 = CARTESIAN_POINT('',(-1.0122,7.551049730665E-03,
    -1.185582559139E-02));
#7474 = CARTESIAN_POINT('',(0.5378,5.535364629139E-03,
    -6.406708422145E-03));
#7475 = CARTESIAN_POINT('',(0.523430650188,1.187939737646E-02,
    -1.505990744592E-02));
#7476 = CARTESIAN_POINT('',(0.483258792956,2.177340002132E-02,
    -2.80817382905E-02));
#7477 = CARTESIAN_POINT('',(0.398489817948,2.862738802871E-02,
    -3.72578085392E-02));
#7478 = CARTESIAN_POINT('',(0.269462582488,3.389365529141E-02,
    -4.658163476582E-02));
#7479 = CARTESIAN_POINT('',(0.124451460313,3.50766539663E-02,
    -4.77699978651E-02));
#7480 = CARTESIAN_POINT('',(-2.019705092663E-02,3.642318091335E-02,
    -4.93872504022E-02));
#7481 = CARTESIAN_POINT('',(-0.144245251992,3.491693899456E-02,
    -4.755621465573E-02));
#7482 = CARTESIAN_POINT('',(-0.273480101183,3.133569792782E-02,
    -4.372454844481E-02));
#7483 = CARTESIAN_POINT('',(-0.402617556702,2.545675956327E-02,
    -3.566349896096E-02));
#7484 = CARTESIAN_POINT('',(-0.526576732963,1.821812236108E-02,
    -2.737404442305E-02));
#7485 = CARTESIAN_POINT('',(-0.624580534573,1.281122602335E-02,
    -1.813205183842E-02));
#7486 = CARTESIAN_POINT('',(-0.712476506696,9.884036116398E-03,
    -1.349404297205E-02));
#7487 = CARTESIAN_POINT('',(-0.790028640266,8.728421050205E-03,
    -1.294574988385E-02));
#7488 = CARTESIAN_POINT('',(-0.872701839491,9.175977655598E-03,
    -1.189313703986E-02));
#7489 = CARTESIAN_POINT('',(-0.945025744455,8.553898586783E-03,
    -1.164103884155E-02));
#7490 = CARTESIAN_POINT('',(-0.991548335241,7.485167930438E-03,
    -1.274112621125E-02));
#7491 = CARTESIAN_POINT('',(-1.0122,8.303046943709E-03,
    -1.121173973875E-02));
#7492 = DEFINITIONAL_REPRESENTATION('',(#7493),#7497);
#7493 = LINE('',#7494,#7495);
#7494 = CARTESIAN_POINT('',(62.,0.));
#7495 = VECTOR('',#7496,1.);
#7496 = DIRECTION('',(0.,1.));
#7497 = ( GEOMETRIC_REPRESENTATION_CONTEXT(2) 
PARAMETRIC_REPRESENTATION_CONTEXT() REPRESENTATION_CONTEXT('2D SPACE',''
  ) );
#7498 = ORIENTED_EDGE('',*,*,#7499,.F.);
#7499 = EDGE_CURVE('',#7306,#7425,#7500,.T.);
#7500 = SURFACE_CURVE('',#7501,(#7504,#7511),.PCURVE_S1.);
#7501 = B_SPLINE_CURVE_WITH_KNOTS('',1,(#7502,#7503),.UNSPECIFIED.,.F.,
  .F.,(2,2),(61.,62.),.PIECEWISE_BEZIER_KNOTS.);
#7502 = CARTESIAN_POINT('',(-1.0122,6.734772289856E-03,
    -1.241853108556E-02));
#7503 = CARTESIAN_POINT('',(-1.0122,7.551049730665E-03,
    -1.185582559139E-02));
#7504 = PCURVE('',#7336,#7505);
#7505 = DEFINITIONAL_REPRESENTATION('',(#7506),#7510);
#7506 = LINE('',#7507,#7508);
#7507 = CARTESIAN_POINT('',(0.,1.));
#7508 = VECTOR('',#7509,1.);
#7509 = DIRECTION('',(1.,0.));
#7510 = ( GEOMETRIC_REPRESENTATION_CONTEXT(2) 
PARAMETRIC_REPRESENTATION_CONTEXT() REPRESENTATION_CONTEXT('2D SPACE',''
  ) );
#7511 = PCURVE('',#176,#7512);
#7512 = DEFINITIONAL_REPRESENTATION('',(#7513),#7516);
#7513 = B_SPLINE_CURVE_WITH_KNOTS('',1,(#7514,#7515),.UNSPECIFIED.,.F.,
  .F.,(2,2),(61.,62.),.PIECEWISE_BEZIER_KNOTS.);
#7514 = CARTESIAN_POINT('',(6.339145461334E-04,1.178921830883E-02));
#7515 = CARTESIAN_POINT('',(1.053375686776E-04,1.095043781761E-02));
#7516 = ( GEOMETRIC_REPRESENTATION_CONTEXT(2) 
PARAMETRIC_REPRESENTATION_CONTEXT() REPRESENTATION_CONTEXT('2D SPACE',''
  ) );
#7517 = ORIENTED_EDGE('',*,*,#7305,.F.);
#7518 = ADVANCED_FACE('',(#7519),#7455,.F.);
#7519 = FACE_BOUND('',#7520,.F.);
#7520 = EDGE_LOOP('',(#7521,#7542,#7617,#7636));
#7521 = ORIENTED_EDGE('',*,*,#7522,.T.);
#7522 = EDGE_CURVE('',#7404,#7523,#7525,.T.);
#7523 = VERTEX_POINT('',#7524);
#7524 = CARTESIAN_POINT('',(0.5378,5.535364629139E-03,
    -6.406708422145E-03));
#7525 = SURFACE_CURVE('',#7526,(#7529,#7536),.PCURVE_S1.);
#7526 = B_SPLINE_CURVE_WITH_KNOTS('',1,(#7527,#7528),.UNSPECIFIED.,.F.,
  .F.,(2,2),(62.,63.),.PIECEWISE_BEZIER_KNOTS.);
#7527 = CARTESIAN_POINT('',(0.5378,5.034033153777E-03,
    -6.774757480796E-03));
#7528 = CARTESIAN_POINT('',(0.5378,5.535364629139E-03,
    -6.406708422145E-03));
#7529 = PCURVE('',#7455,#7530);
#7530 = DEFINITIONAL_REPRESENTATION('',(#7531),#7535);
#7531 = LINE('',#7532,#7533);
#7532 = CARTESIAN_POINT('',(0.,0.));
#7533 = VECTOR('',#7534,1.);
#7534 = DIRECTION('',(1.,0.));
#7535 = ( GEOMETRIC_REPRESENTATION_CONTEXT(2) 
PARAMETRIC_REPRESENTATION_CONTEXT() REPRESENTATION_CONTEXT('2D SPACE',''
  ) );
#7536 = PCURVE('',#75,#7537);
#7537 = DEFINITIONAL_REPRESENTATION('',(#7538),#7541);
#7538 = B_SPLINE_CURVE_WITH_KNOTS('',1,(#7539,#7540),.UNSPECIFIED.,.F.,
  .F.,(2,2),(62.,63.),.PIECEWISE_BEZIER_KNOTS.);
#7539 = CARTESIAN_POINT('',(1.574755592749E-03,6.242824385826E-03));
#7540 = CARTESIAN_POINT('',(1.169219774128E-03,5.771301260648E-03));
#7541 = ( GEOMETRIC_REPRESENTATION_CONTEXT(2) 
PARAMETRIC_REPRESENTATION_CONTEXT() REPRESENTATION_CONTEXT('2D SPACE',''
  ) );
#7542 = ORIENTED_EDGE('',*,*,#7543,.T.);
#7543 = EDGE_CURVE('',#7523,#7544,#7546,.T.);
#7544 = VERTEX_POINT('',#7545);
#7545 = CARTESIAN_POINT('',(-1.0122,8.303046943709E-03,
    -1.121173973875E-02));
#7546 = SURFACE_CURVE('',#7547,(#7566,#7573),.PCURVE_S1.);
#7547 = ( BOUNDED_CURVE() B_SPLINE_CURVE(3,(#7548,#7549,#7550,#7551,
    #7552,#7553,#7554,#7555,#7556,#7557,#7558,#7559,#7560,#7561,#7562,
#7563,#7564,#7565),.UNSPECIFIED.,.F.,.F.) B_SPLINE_CURVE_WITH_KNOTS((4,1
    ,1,1,1,1,1,1,1,1,1,1,1,1,1,4),(0.,3.281818483209E-02,
    8.331472171401E-02,0.163169600212,0.282607356412,0.362210128519,
    0.441821211418,0.521490445595,0.611262750889,0.691167944743,
    0.761109091848,0.800978053181,0.860692828618,0.910445018305,
0.96019726339,1.),.UNSPECIFIED.) CURVE() GEOMETRIC_REPRESENTATION_ITEM()
 RATIONAL_B_SPLINE_CURVE((1.,1.,1.,1.,1.,1.,1.,1.,1.,1.,1.,1.,1.,1.,
    0.999999999999,1.000000000004,0.999999999993,1.)) 
REPRESENTATION_ITEM('') );
#7548 = CARTESIAN_POINT('',(0.5378,5.535364629139E-03,
    -6.406708422145E-03));
#7549 = CARTESIAN_POINT('',(0.523430650188,1.187939737646E-02,
    -1.505990744592E-02));
#7550 = CARTESIAN_POINT('',(0.483258792956,2.177340002132E-02,
    -2.80817382905E-02));
#7551 = CARTESIAN_POINT('',(0.398489817948,2.862738802871E-02,
    -3.72578085392E-02));
#7552 = CARTESIAN_POINT('',(0.269462582488,3.389365529141E-02,
    -4.658163476582E-02));
#7553 = CARTESIAN_POINT('',(0.124451460313,3.50766539663E-02,
    -4.77699978651E-02));
#7554 = CARTESIAN_POINT('',(-2.019705092663E-02,3.642318091335E-02,
    -4.93872504022E-02));
#7555 = CARTESIAN_POINT('',(-0.144245251992,3.491693899456E-02,
    -4.755621465573E-02));
#7556 = CARTESIAN_POINT('',(-0.273480101183,3.133569792782E-02,
    -4.372454844481E-02));
#7557 = CARTESIAN_POINT('',(-0.402617556702,2.545675956327E-02,
    -3.566349896096E-02));
#7558 = CARTESIAN_POINT('',(-0.526576732963,1.821812236108E-02,
    -2.737404442305E-02));
#7559 = CARTESIAN_POINT('',(-0.624580534573,1.281122602335E-02,
    -1.813205183842E-02));
#7560 = CARTESIAN_POINT('',(-0.712476506696,9.884036116398E-03,
    -1.349404297205E-02));
#7561 = CARTESIAN_POINT('',(-0.790028640266,8.728421050205E-03,
    -1.294574988385E-02));
#7562 = CARTESIAN_POINT('',(-0.872701839491,9.175977655598E-03,
    -1.189313703986E-02));
#7563 = CARTESIAN_POINT('',(-0.945025744455,8.553898586783E-03,
    -1.164103884155E-02));
#7564 = CARTESIAN_POINT('',(-0.991548335241,7.485167930438E-03,
    -1.274112621125E-02));
#7565 = CARTESIAN_POINT('',(-1.0122,8.303046943709E-03,
    -1.121173973875E-02));
#7566 = PCURVE('',#7455,#7567);
#7567 = DEFINITIONAL_REPRESENTATION('',(#7568),#7572);
#7568 = LINE('',#7569,#7570);
#7569 = CARTESIAN_POINT('',(63.,0.));
#7570 = VECTOR('',#7571,1.);
#7571 = DIRECTION('',(0.,1.));
#7572 = ( GEOMETRIC_REPRESENTATION_CONTEXT(2) 
PARAMETRIC_REPRESENTATION_CONTEXT() REPRESENTATION_CONTEXT('2D SPACE',''
  ) );
#7573 = PCURVE('',#7574,#7611);
#7574 = ( BOUNDED_SURFACE() B_SPLINE_SURFACE(1,3,(
    (#7575,#7576,#7577,#7578,#7579,#7580,#7581,#7582,#7583,#7584,#7585
      ,#7586,#7587,#7588,#7589,#7590,#7591,#7592)
    ,(#7593,#7594,#7595,#7596,#7597,#7598,#7599,#7600,#7601,#7602,#7603
      ,#7604,#7605,#7606,#7607,#7608,#7609,#7610
)),.UNSPECIFIED.,.F.,.F.,.F.) B_SPLINE_SURFACE_WITH_KNOTS((2,2),(4,1,1,1
    ,1,1,1,1,1,1,1,1,1,1,1,4),(63.,64.),(0.,3.281818483209E-02,
    8.331472171401E-02,0.163169600212,0.282607356412,0.362210128519,
    0.441821211418,0.521490445595,0.611262750889,0.691167944743,
    0.761109091848,0.800978053181,0.860692828618,0.910445018305,
0.96019726339,1.),.UNSPECIFIED.) GEOMETRIC_REPRESENTATION_ITEM() 
RATIONAL_B_SPLINE_SURFACE((
    (1.,1.,1.,1.,1.,1.,1.,1.,1.,1.,1.,1.,1.,1.,0.999999999999
      ,1.000000000004,0.999999999993,1.)
    ,(1.,1.,1.,1.,1.,1.,1.,1.,1.,1.,1.,1.,1.,1.,0.999999999999
,1.000000000004,0.999999999993,1.
  ))) REPRESENTATION_ITEM('') SURFACE() );
#7575 = CARTESIAN_POINT('',(0.5378,5.535364629139E-03,
    -6.406708422145E-03));
#7576 = CARTESIAN_POINT('',(0.523430650188,1.187939737646E-02,
    -1.505990744592E-02));
#7577 = CARTESIAN_POINT('',(0.483258792956,2.177340002132E-02,
    -2.80817382905E-02));
#7578 = CARTESIAN_POINT('',(0.398489817948,2.862738802871E-02,
    -3.72578085392E-02));
#7579 = CARTESIAN_POINT('',(0.269462582488,3.389365529141E-02,
    -4.658163476582E-02));
#7580 = CARTESIAN_POINT('',(0.124451460313,3.50766539663E-02,
    -4.77699978651E-02));
#7581 = CARTESIAN_POINT('',(-2.019705092663E-02,3.642318091335E-02,
    -4.93872504022E-02));
#7582 = CARTESIAN_POINT('',(-0.144245251992,3.491693899456E-02,
    -4.755621465573E-02));
#7583 = CARTESIAN_POINT('',(-0.273480101183,3.133569792782E-02,
    -4.372454844481E-02));
#7584 = CARTESIAN_POINT('',(-0.402617556702,2.545675956327E-02,
    -3.566349896096E-02));
#7585 = CARTESIAN_POINT('',(-0.526576732963,1.821812236108E-02,
    -2.737404442305E-02));
#7586 = CARTESIAN_POINT('',(-0.624580534573,1.281122602335E-02,
    -1.813205183842E-02));
#7587 = CARTESIAN_POINT('',(-0.712476506696,9.884036116398E-03,
    -1.349404297205E-02));
#7588 = CARTESIAN_POINT('',(-0.790028640266,8.728421050205E-03,
    -1.294574988385E-02));
#7589 = CARTESIAN_POINT('',(-0.872701839491,9.175977655598E-03,
    -1.189313703986E-02));
#7590 = CARTESIAN_POINT('',(-0.945025744455,8.553898586783E-03,
    -1.164103884155E-02));
#7591 = CARTESIAN_POINT('',(-0.991548335241,7.485167930438E-03,
    -1.274112621125E-02));
#7592 = CARTESIAN_POINT('',(-1.0122,8.303046943709E-03,
    -1.121173973875E-02));
#7593 = CARTESIAN_POINT('',(0.5378,5.993228307507E-03,
    -5.993228307507E-03));
#7594 = CARTESIAN_POINT('',(0.523430650188,1.286201459213E-02,
    -1.408796181539E-02));
#7595 = CARTESIAN_POINT('',(0.483258792956,2.357441037786E-02,
    -2.626938167886E-02));
#7596 = CARTESIAN_POINT('',(0.398489817948,3.099533342401E-02,
    -3.485324102483E-02));
#7597 = CARTESIAN_POINT('',(0.269462582488,3.669720568507E-02,
    -4.35753203819E-02));
#7598 = CARTESIAN_POINT('',(0.124451460313,3.797805737616E-02,
    -4.468698816775E-02));
#7599 = CARTESIAN_POINT('',(-2.019705092663E-02,3.94359637575E-02,
    -4.619986545934E-02));
#7600 = CARTESIAN_POINT('',(-0.144245251992,3.780513140761E-02,
    -4.44870022315E-02));
#7601 = CARTESIAN_POINT('',(-0.273480101183,3.392766410868E-02,
    -4.090262646675E-02));
#7602 = CARTESIAN_POINT('',(-0.402617556702,2.756244299225E-02,
    -3.336182598521E-02));
#7603 = CARTESIAN_POINT('',(-0.526576732963,1.97250540767E-02,
    -2.560736139638E-02));
#7604 = CARTESIAN_POINT('',(-0.624580534573,1.387092045442E-02,
    -1.696183425105E-02));
#7605 = CARTESIAN_POINT('',(-0.712476506696,1.070160486508E-02,
    -1.262315607235E-02));
#7606 = CARTESIAN_POINT('',(-0.790028640266,9.450401847522E-03,
    -1.211024906294E-02));
#7607 = CARTESIAN_POINT('',(-0.872701839491,9.934978582093E-03,
    -1.112557039835E-02));
#7608 = CARTESIAN_POINT('',(-0.945025744455,9.261443569587E-03,
    -1.08897422697E-02));
#7609 = CARTESIAN_POINT('',(-0.991548335241,8.104311699894E-03,
    -1.191883151953E-02));
#7610 = CARTESIAN_POINT('',(-1.0122,8.98984246126E-03,
    -1.048814953814E-02));
#7611 = DEFINITIONAL_REPRESENTATION('',(#7612),#7616);
#7612 = LINE('',#7613,#7614);
#7613 = CARTESIAN_POINT('',(63.,0.));
#7614 = VECTOR('',#7615,1.);
#7615 = DIRECTION('',(0.,1.));
#7616 = ( GEOMETRIC_REPRESENTATION_CONTEXT(2) 
PARAMETRIC_REPRESENTATION_CONTEXT() REPRESENTATION_CONTEXT('2D SPACE',''
  ) );
#7617 = ORIENTED_EDGE('',*,*,#7618,.F.);
#7618 = EDGE_CURVE('',#7425,#7544,#7619,.T.);
#7619 = SURFACE_CURVE('',#7620,(#7623,#7630),.PCURVE_S1.);
#7620 = B_SPLINE_CURVE_WITH_KNOTS('',1,(#7621,#7622),.UNSPECIFIED.,.F.,
  .F.,(2,2),(62.,63.),.PIECEWISE_BEZIER_KNOTS.);
#7621 = CARTESIAN_POINT('',(-1.0122,7.551049730665E-03,
    -1.185582559139E-02));
#7622 = CARTESIAN_POINT('',(-1.0122,8.303046943709E-03,
    -1.121173973875E-02));
#7623 = PCURVE('',#7455,#7624);
#7624 = DEFINITIONAL_REPRESENTATION('',(#7625),#7629);
#7625 = LINE('',#7626,#7627);
#7626 = CARTESIAN_POINT('',(0.,1.));
#7627 = VECTOR('',#7628,1.);
#7628 = DIRECTION('',(1.,0.));
#7629 = ( GEOMETRIC_REPRESENTATION_CONTEXT(2) 
PARAMETRIC_REPRESENTATION_CONTEXT() REPRESENTATION_CONTEXT('2D SPACE',''
  ) );
#7630 = PCURVE('',#176,#7631);
#7631 = DEFINITIONAL_REPRESENTATION('',(#7632),#7635);
#7632 = B_SPLINE_CURVE_WITH_KNOTS('',1,(#7633,#7634),.UNSPECIFIED.,.F.,
  .F.,(2,2),(62.,63.),.PIECEWISE_BEZIER_KNOTS.);
#7633 = CARTESIAN_POINT('',(1.053375686776E-04,1.095043781761E-02));
#7634 = CARTESIAN_POINT('',(-3.320969141757E-04,1.006218252368E-02));
#7635 = ( GEOMETRIC_REPRESENTATION_CONTEXT(2) 
PARAMETRIC_REPRESENTATION_CONTEXT() REPRESENTATION_CONTEXT('2D SPACE',''
  ) );
#7636 = ORIENTED_EDGE('',*,*,#7424,.F.);
#7637 = ADVANCED_FACE('',(#7638),#7574,.F.);
#7638 = FACE_BOUND('',#7639,.F.);
#7639 = EDGE_LOOP('',(#7640,#7661,#7736,#7755));
#7640 = ORIENTED_EDGE('',*,*,#7641,.T.);
#7641 = EDGE_CURVE('',#7523,#7642,#7644,.T.);
#7642 = VERTEX_POINT('',#7643);
#7643 = CARTESIAN_POINT('',(0.5378,5.993228307507E-03,
    -5.993228307507E-03));
#7644 = SURFACE_CURVE('',#7645,(#7648,#7655),.PCURVE_S1.);
#7645 = B_SPLINE_CURVE_WITH_KNOTS('',1,(#7646,#7647),.UNSPECIFIED.,.F.,
  .F.,(2,2),(63.,64.),.PIECEWISE_BEZIER_KNOTS.);
#7646 = CARTESIAN_POINT('',(0.5378,5.535364629139E-03,
    -6.406708422145E-03));
#7647 = CARTESIAN_POINT('',(0.5378,5.993228307507E-03,
    -5.993228307507E-03));
#7648 = PCURVE('',#7574,#7649);
#7649 = DEFINITIONAL_REPRESENTATION('',(#7650),#7654);
#7650 = LINE('',#7651,#7652);
#7651 = CARTESIAN_POINT('',(0.,0.));
#7652 = VECTOR('',#7653,1.);
#7653 = DIRECTION('',(1.,0.));
#7654 = ( GEOMETRIC_REPRESENTATION_CONTEXT(2) 
PARAMETRIC_REPRESENTATION_CONTEXT() REPRESENTATION_CONTEXT('2D SPACE',''
  ) );
#7655 = PCURVE('',#75,#7656);
#7656 = DEFINITIONAL_REPRESENTATION('',(#7657),#7660);
#7657 = B_SPLINE_CURVE_WITH_KNOTS('',1,(#7658,#7659),.UNSPECIFIED.,.F.,
  .F.,(2,2),(63.,64.),.PIECEWISE_BEZIER_KNOTS.);
#7658 = CARTESIAN_POINT('',(1.169219774128E-03,5.771301260648E-03));
#7659 = CARTESIAN_POINT('',(8.162686687396E-04,5.265306724734E-03));
#7660 = ( GEOMETRIC_REPRESENTATION_CONTEXT(2) 
PARAMETRIC_REPRESENTATION_CONTEXT() REPRESENTATION_CONTEXT('2D SPACE',''
  ) );
#7661 = ORIENTED_EDGE('',*,*,#7662,.T.);
#7662 = EDGE_CURVE('',#7642,#7663,#7665,.T.);
#7663 = VERTEX_POINT('',#7664);
#7664 = CARTESIAN_POINT('',(-1.0122,8.98984246126E-03,
    -1.048814953814E-02));
#7665 = SURFACE_CURVE('',#7666,(#7685,#7692),.PCURVE_S1.);
#7666 = ( BOUNDED_CURVE() B_SPLINE_CURVE(3,(#7667,#7668,#7669,#7670,
    #7671,#7672,#7673,#7674,#7675,#7676,#7677,#7678,#7679,#7680,#7681,
#7682,#7683,#7684),.UNSPECIFIED.,.F.,.F.) B_SPLINE_CURVE_WITH_KNOTS((4,1
    ,1,1,1,1,1,1,1,1,1,1,1,1,1,4),(0.,3.281818483209E-02,
    8.331472171401E-02,0.163169600212,0.282607356412,0.362210128519,
    0.441821211418,0.521490445595,0.611262750889,0.691167944743,
    0.761109091848,0.800978053181,0.860692828618,0.910445018305,
0.96019726339,1.),.UNSPECIFIED.) CURVE() GEOMETRIC_REPRESENTATION_ITEM()
 RATIONAL_B_SPLINE_CURVE((1.,1.,1.,1.,1.,1.,1.,1.,1.,1.,1.,1.,1.,1.,
    0.999999999999,1.000000000004,0.999999999993,1.)) 
REPRESENTATION_ITEM('') );
#7667 = CARTESIAN_POINT('',(0.5378,5.993228307507E-03,
    -5.993228307507E-03));
#7668 = CARTESIAN_POINT('',(0.523430650188,1.286201459213E-02,
    -1.408796181539E-02));
#7669 = CARTESIAN_POINT('',(0.483258792956,2.357441037786E-02,
    -2.626938167886E-02));
#7670 = CARTESIAN_POINT('',(0.398489817948,3.099533342401E-02,
    -3.485324102483E-02));
#7671 = CARTESIAN_POINT('',(0.269462582488,3.669720568507E-02,
    -4.35753203819E-02));
#7672 = CARTESIAN_POINT('',(0.124451460313,3.797805737616E-02,
    -4.468698816775E-02));
#7673 = CARTESIAN_POINT('',(-2.019705092663E-02,3.94359637575E-02,
    -4.619986545934E-02));
#7674 = CARTESIAN_POINT('',(-0.144245251992,3.780513140761E-02,
    -4.44870022315E-02));
#7675 = CARTESIAN_POINT('',(-0.273480101183,3.392766410868E-02,
    -4.090262646675E-02));
#7676 = CARTESIAN_POINT('',(-0.402617556702,2.756244299225E-02,
    -3.336182598521E-02));
#7677 = CARTESIAN_POINT('',(-0.526576732963,1.97250540767E-02,
    -2.560736139638E-02));
#7678 = CARTESIAN_POINT('',(-0.624580534573,1.387092045442E-02,
    -1.696183425105E-02));
#7679 = CARTESIAN_POINT('',(-0.712476506696,1.070160486508E-02,
    -1.262315607235E-02));
#7680 = CARTESIAN_POINT('',(-0.790028640266,9.450401847522E-03,
    -1.211024906294E-02));
#7681 = CARTESIAN_POINT('',(-0.872701839491,9.934978582093E-03,
    -1.112557039835E-02));
#7682 = CARTESIAN_POINT('',(-0.945025744455,9.261443569587E-03,
    -1.08897422697E-02));
#7683 = CARTESIAN_POINT('',(-0.991548335241,8.104311699894E-03,
    -1.191883151953E-02));
#7684 = CARTESIAN_POINT('',(-1.0122,8.98984246126E-03,
    -1.048814953814E-02));
#7685 = PCURVE('',#7574,#7686);
#7686 = DEFINITIONAL_REPRESENTATION('',(#7687),#7691);
#7687 = LINE('',#7688,#7689);
#7688 = CARTESIAN_POINT('',(64.,0.));
#7689 = VECTOR('',#7690,1.);
#7690 = DIRECTION('',(0.,1.));
#7691 = ( GEOMETRIC_REPRESENTATION_CONTEXT(2) 
PARAMETRIC_REPRESENTATION_CONTEXT() REPRESENTATION_CONTEXT('2D SPACE',''
  ) );
#7692 = PCURVE('',#7693,#7730);
#7693 = ( BOUNDED_SURFACE() B_SPLINE_SURFACE(1,3,(
    (#7694,#7695,#7696,#7697,#7698,#7699,#7700,#7701,#7702,#7703,#7704
      ,#7705,#7706,#7707,#7708,#7709,#7710,#7711)
    ,(#7712,#7713,#7714,#7715,#7716,#7717,#7718,#7719,#7720,#7721,#7722
      ,#7723,#7724,#7725,#7726,#7727,#7728,#7729
)),.UNSPECIFIED.,.F.,.F.,.F.) B_SPLINE_SURFACE_WITH_KNOTS((2,2),(4,1,1,1
    ,1,1,1,1,1,1,1,1,1,1,1,4),(64.,65.),(0.,3.281818483209E-02,
    8.331472171401E-02,0.163169600212,0.282607356412,0.362210128519,
    0.441821211418,0.521490445595,0.611262750889,0.691167944743,
    0.761109091848,0.800978053181,0.860692828618,0.910445018305,
0.96019726339,1.),.UNSPECIFIED.) GEOMETRIC_REPRESENTATION_ITEM() 
RATIONAL_B_SPLINE_SURFACE((
    (1.,1.,1.,1.,1.,1.,1.,1.,1.,1.,1.,1.,1.,1.,0.999999999999
      ,1.000000000004,0.999999999993,1.)
    ,(1.,1.,1.,1.,1.,1.,1.,1.,1.,1.,1.,1.,1.,1.,0.999999999999
,1.000000000004,0.999999999993,1.
  ))) REPRESENTATION_ITEM('') SURFACE() );
#7694 = CARTESIAN_POINT('',(0.5378,5.993228307507E-03,
    -5.993228307507E-03));
#7695 = CARTESIAN_POINT('',(0.523430650188,1.286201459213E-02,
    -1.408796181539E-02));
#7696 = CARTESIAN_POINT('',(0.483258792956,2.357441037786E-02,
    -2.626938167886E-02));
#7697 = CARTESIAN_POINT('',(0.398489817948,3.099533342401E-02,
    -3.485324102483E-02));
#7698 = CARTESIAN_POINT('',(0.269462582488,3.669720568507E-02,
    -4.35753203819E-02));
#7699 = CARTESIAN_POINT('',(0.124451460313,3.797805737616E-02,
    -4.468698816775E-02));
#7700 = CARTESIAN_POINT('',(-2.019705092663E-02,3.94359637575E-02,
    -4.619986545934E-02));
#7701 = CARTESIAN_POINT('',(-0.144245251992,3.780513140761E-02,
    -4.44870022315E-02));
#7702 = CARTESIAN_POINT('',(-0.273480101183,3.392766410868E-02,
    -4.090262646675E-02));
#7703 = CARTESIAN_POINT('',(-0.402617556702,2.756244299225E-02,
    -3.336182598521E-02));
#7704 = CARTESIAN_POINT('',(-0.526576732963,1.97250540767E-02,
    -2.560736139638E-02));
#7705 = CARTESIAN_POINT('',(-0.624580534573,1.387092045442E-02,
    -1.696183425105E-02));
#7706 = CARTESIAN_POINT('',(-0.712476506696,1.070160486508E-02,
    -1.262315607235E-02));
#7707 = CARTESIAN_POINT('',(-0.790028640266,9.450401847522E-03,
    -1.211024906294E-02));
#7708 = CARTESIAN_POINT('',(-0.872701839491,9.934978582093E-03,
    -1.112557039835E-02));
#7709 = CARTESIAN_POINT('',(-0.945025744455,9.261443569587E-03,
    -1.08897422697E-02));
#7710 = CARTESIAN_POINT('',(-0.991548335241,8.104311699894E-03,
    -1.191883151953E-02));
#7711 = CARTESIAN_POINT('',(-1.0122,8.98984246126E-03,
    -1.048814953814E-02));
#7712 = CARTESIAN_POINT('',(0.5378,6.406708422145E-03,
    -5.535364629139E-03));
#7713 = CARTESIAN_POINT('',(0.523430650188,1.374938063176E-02,
    -1.301168611113E-02));
#7714 = CARTESIAN_POINT('',(0.483258792956,2.520083763969E-02,
    -2.426248404259E-02));
#7715 = CARTESIAN_POINT('',(0.398489817948,3.313373919796E-02,
    -3.219056369638E-02));
#7716 = CARTESIAN_POINT('',(0.269462582488,3.922899056545E-02,
    -4.024630378977E-02));
#7717 = CARTESIAN_POINT('',(0.124451460313,4.059820977349E-02,
    -4.127304367443E-02));
#7718 = CARTESIAN_POINT('',(-2.019705092663E-02,4.215669889034E-02,
    -4.267034192813E-02));
#7719 = CARTESIAN_POINT('',(-0.144245251992,4.041335343192E-02,
    -4.10883360309E-02));
#7720 = CARTESIAN_POINT('',(-0.273480101183,3.626837494519E-02,
    -3.777779523255E-02));
#7721 = CARTESIAN_POINT('',(-0.402617556702,2.946400947753E-02,
    -3.081308804651E-02));
#7722 = CARTESIAN_POINT('',(-0.526576732963,2.108590956267E-02,
    -2.365104001488E-02));
#7723 = CARTESIAN_POINT('',(-0.624580534573,1.482789213736E-02,
    -1.566600378647E-02));
#7724 = CARTESIAN_POINT('',(-0.712476506696,1.143992160848E-02,
    -1.165878689178E-02));
#7725 = CARTESIAN_POINT('',(-0.790028640266,1.010239657206E-02,
    -1.11850643549E-02));
#7726 = CARTESIAN_POINT('',(-0.872701839491,1.062040484518E-02,
    -1.027561202445E-02));
#7727 = CARTESIAN_POINT('',(-0.945025744455,9.900401832775E-03,
    -1.00578004187E-02));
#7728 = CARTESIAN_POINT('',(-0.991548335241,8.66343802655E-03,
    -1.100827050597E-02));
#7729 = CARTESIAN_POINT('',(-1.0122,9.610062633218E-03,
    -9.686888100994E-03));
#7730 = DEFINITIONAL_REPRESENTATION('',(#7731),#7735);
#7731 = LINE('',#7732,#7733);
#7732 = CARTESIAN_POINT('',(64.,0.));
#7733 = VECTOR('',#7734,1.);
#7734 = DIRECTION('',(0.,1.));
#7735 = ( GEOMETRIC_REPRESENTATION_CONTEXT(2) 
PARAMETRIC_REPRESENTATION_CONTEXT() REPRESENTATION_CONTEXT('2D SPACE',''
  ) );
#7736 = ORIENTED_EDGE('',*,*,#7737,.F.);
#7737 = EDGE_CURVE('',#7544,#7663,#7738,.T.);
#7738 = SURFACE_CURVE('',#7739,(#7742,#7749),.PCURVE_S1.);
#7739 = B_SPLINE_CURVE_WITH_KNOTS('',1,(#7740,#7741),.UNSPECIFIED.,.F.,
  .F.,(2,2),(63.,64.),.PIECEWISE_BEZIER_KNOTS.);
#7740 = CARTESIAN_POINT('',(-1.0122,8.303046943709E-03,
    -1.121173973875E-02));
#7741 = CARTESIAN_POINT('',(-1.0122,8.98984246126E-03,
    -1.048814953814E-02));
#7742 = PCURVE('',#7574,#7743);
#7743 = DEFINITIONAL_REPRESENTATION('',(#7744),#7748);
#7744 = LINE('',#7745,#7746);
#7745 = CARTESIAN_POINT('',(0.,1.));
#7746 = VECTOR('',#7747,1.);
#7747 = DIRECTION('',(1.,0.));
#7748 = ( GEOMETRIC_REPRESENTATION_CONTEXT(2) 
PARAMETRIC_REPRESENTATION_CONTEXT() REPRESENTATION_CONTEXT('2D SPACE',''
  ) );
#7749 = PCURVE('',#176,#7750);
#7750 = DEFINITIONAL_REPRESENTATION('',(#7751),#7754);
#7751 = B_SPLINE_CURVE_WITH_KNOTS('',1,(#7752,#7753),.UNSPECIFIED.,.F.,
  .F.,(2,2),(63.,64.),.PIECEWISE_BEZIER_KNOTS.);
#7752 = CARTESIAN_POINT('',(-3.320969141757E-04,1.006218252368E-02));
#7753 = CARTESIAN_POINT('',(-6.782810357805E-04,9.126539741783E-03));
#7754 = ( GEOMETRIC_REPRESENTATION_CONTEXT(2) 
PARAMETRIC_REPRESENTATION_CONTEXT() REPRESENTATION_CONTEXT('2D SPACE',''
  ) );
#7755 = ORIENTED_EDGE('',*,*,#7543,.F.);
#7756 = ADVANCED_FACE('',(#7757),#7693,.F.);
#7757 = FACE_BOUND('',#7758,.F.);
#7758 = EDGE_LOOP('',(#7759,#7780,#7855,#7874));
#7759 = ORIENTED_EDGE('',*,*,#7760,.T.);
#7760 = EDGE_CURVE('',#7642,#7761,#7763,.T.);
#7761 = VERTEX_POINT('',#7762);
#7762 = CARTESIAN_POINT('',(0.5378,6.406708422145E-03,
    -5.535364629139E-03));
#7763 = SURFACE_CURVE('',#7764,(#7767,#7774),.PCURVE_S1.);
#7764 = B_SPLINE_CURVE_WITH_KNOTS('',1,(#7765,#7766),.UNSPECIFIED.,.F.,
  .F.,(2,2),(64.,65.),.PIECEWISE_BEZIER_KNOTS.);
#7765 = CARTESIAN_POINT('',(0.5378,5.993228307507E-03,
    -5.993228307507E-03));
#7766 = CARTESIAN_POINT('',(0.5378,6.406708422145E-03,
    -5.535364629139E-03));
#7767 = PCURVE('',#7693,#7768);
#7768 = DEFINITIONAL_REPRESENTATION('',(#7769),#7773);
#7769 = LINE('',#7770,#7771);
#7770 = CARTESIAN_POINT('',(0.,0.));
#7771 = VECTOR('',#7772,1.);
#7772 = DIRECTION('',(1.,0.));
#7773 = ( GEOMETRIC_REPRESENTATION_CONTEXT(2) 
PARAMETRIC_REPRESENTATION_CONTEXT() REPRESENTATION_CONTEXT('2D SPACE',''
  ) );
#7774 = PCURVE('',#75,#7775);
#7775 = DEFINITIONAL_REPRESENTATION('',(#7776),#7779);
#7776 = B_SPLINE_CURVE_WITH_KNOTS('',1,(#7777,#7778),.UNSPECIFIED.,.F.,
  .F.,(2,2),(64.,65.),.PIECEWISE_BEZIER_KNOTS.);
#7777 = CARTESIAN_POINT('',(8.162686687396E-04,5.265306724734E-03));
#7778 = CARTESIAN_POINT('',(5.165585382685E-04,4.726067639668E-03));
#7779 = ( GEOMETRIC_REPRESENTATION_CONTEXT(2) 
PARAMETRIC_REPRESENTATION_CONTEXT() REPRESENTATION_CONTEXT('2D SPACE',''
  ) );
#7780 = ORIENTED_EDGE('',*,*,#7781,.T.);
#7781 = EDGE_CURVE('',#7761,#7782,#7784,.T.);
#7782 = VERTEX_POINT('',#7783);
#7783 = CARTESIAN_POINT('',(-1.0122,9.610062633218E-03,
    -9.686888100994E-03));
#7784 = SURFACE_CURVE('',#7785,(#7804,#7811),.PCURVE_S1.);
#7785 = ( BOUNDED_CURVE() B_SPLINE_CURVE(3,(#7786,#7787,#7788,#7789,
    #7790,#7791,#7792,#7793,#7794,#7795,#7796,#7797,#7798,#7799,#7800,
#7801,#7802,#7803),.UNSPECIFIED.,.F.,.F.) B_SPLINE_CURVE_WITH_KNOTS((4,1
    ,1,1,1,1,1,1,1,1,1,1,1,1,1,4),(0.,3.281818483209E-02,
    8.331472171401E-02,0.163169600212,0.282607356412,0.362210128519,
    0.441821211418,0.521490445595,0.611262750889,0.691167944743,
    0.761109091848,0.800978053181,0.860692828618,0.910445018305,
0.96019726339,1.),.UNSPECIFIED.) CURVE() GEOMETRIC_REPRESENTATION_ITEM()
 RATIONAL_B_SPLINE_CURVE((1.,1.,1.,1.,1.,1.,1.,1.,1.,1.,1.,1.,1.,1.,
    0.999999999999,1.000000000004,0.999999999993,1.)) 
REPRESENTATION_ITEM('') );
#7786 = CARTESIAN_POINT('',(0.5378,6.406708422145E-03,
    -5.535364629139E-03));
#7787 = CARTESIAN_POINT('',(0.523430650188,1.374938063176E-02,
    -1.301168611113E-02));
#7788 = CARTESIAN_POINT('',(0.483258792956,2.520083763969E-02,
    -2.426248404259E-02));
#7789 = CARTESIAN_POINT('',(0.398489817948,3.313373919796E-02,
    -3.219056369638E-02));
#7790 = CARTESIAN_POINT('',(0.269462582488,3.922899056545E-02,
    -4.024630378977E-02));
#7791 = CARTESIAN_POINT('',(0.124451460313,4.059820977349E-02,
    -4.127304367443E-02));
#7792 = CARTESIAN_POINT('',(-2.019705092663E-02,4.215669889034E-02,
    -4.267034192813E-02));
#7793 = CARTESIAN_POINT('',(-0.144245251992,4.041335343192E-02,
    -4.10883360309E-02));
#7794 = CARTESIAN_POINT('',(-0.273480101183,3.626837494519E-02,
    -3.777779523255E-02));
#7795 = CARTESIAN_POINT('',(-0.402617556702,2.946400947753E-02,
    -3.081308804651E-02));
#7796 = CARTESIAN_POINT('',(-0.526576732963,2.108590956267E-02,
    -2.365104001488E-02));
#7797 = CARTESIAN_POINT('',(-0.624580534573,1.482789213736E-02,
    -1.566600378647E-02));
#7798 = CARTESIAN_POINT('',(-0.712476506696,1.143992160848E-02,
    -1.165878689178E-02));
#7799 = CARTESIAN_POINT('',(-0.790028640266,1.010239657206E-02,
    -1.11850643549E-02));
#7800 = CARTESIAN_POINT('',(-0.872701839491,1.062040484518E-02,
    -1.027561202445E-02));
#7801 = CARTESIAN_POINT('',(-0.945025744455,9.900401832775E-03,
    -1.00578004187E-02));
#7802 = CARTESIAN_POINT('',(-0.991548335241,8.66343802655E-03,
    -1.100827050597E-02));
#7803 = CARTESIAN_POINT('',(-1.0122,9.610062633218E-03,
    -9.686888100994E-03));
#7804 = PCURVE('',#7693,#7805);
#7805 = DEFINITIONAL_REPRESENTATION('',(#7806),#7810);
#7806 = LINE('',#7807,#7808);
#7807 = CARTESIAN_POINT('',(65.,0.));
#7808 = VECTOR('',#7809,1.);
#7809 = DIRECTION('',(0.,1.));
#7810 = ( GEOMETRIC_REPRESENTATION_CONTEXT(2) 
PARAMETRIC_REPRESENTATION_CONTEXT() REPRESENTATION_CONTEXT('2D SPACE',''
  ) );
#7811 = PCURVE('',#7812,#7849);
#7812 = ( BOUNDED_SURFACE() B_SPLINE_SURFACE(1,3,(
    (#7813,#7814,#7815,#7816,#7817,#7818,#7819,#7820,#7821,#7822,#7823
      ,#7824,#7825,#7826,#7827,#7828,#7829,#7830)
    ,(#7831,#7832,#7833,#7834,#7835,#7836,#7837,#7838,#7839,#7840,#7841
      ,#7842,#7843,#7844,#7845,#7846,#7847,#7848
)),.UNSPECIFIED.,.F.,.F.,.F.) B_SPLINE_SURFACE_WITH_KNOTS((2,2),(4,1,1,1
    ,1,1,1,1,1,1,1,1,1,1,1,4),(65.,66.),(0.,3.281818483209E-02,
    8.331472171401E-02,0.163169600212,0.282607356412,0.362210128519,
    0.441821211418,0.521490445595,0.611262750889,0.691167944743,
    0.761109091848,0.800978053181,0.860692828618,0.910445018305,
0.96019726339,1.),.UNSPECIFIED.) GEOMETRIC_REPRESENTATION_ITEM() 
RATIONAL_B_SPLINE_SURFACE((
    (1.,1.,1.,1.,1.,1.,1.,1.,1.,1.,1.,1.,1.,1.,0.999999999999
      ,1.000000000004,0.999999999993,1.)
    ,(1.,1.,1.,1.,1.,1.,1.,1.,1.,1.,1.,1.,1.,1.,0.999999999999
,1.000000000004,0.999999999993,1.
  ))) REPRESENTATION_ITEM('') SURFACE() );
#7813 = CARTESIAN_POINT('',(0.5378,6.406708422145E-03,
    -5.535364629139E-03));
#7814 = CARTESIAN_POINT('',(0.523430650188,1.374938063176E-02,
    -1.301168611113E-02));
#7815 = CARTESIAN_POINT('',(0.483258792956,2.520083763969E-02,
    -2.426248404259E-02));
#7816 = CARTESIAN_POINT('',(0.398489817948,3.313373919796E-02,
    -3.219056369638E-02));
#7817 = CARTESIAN_POINT('',(0.269462582488,3.922899056545E-02,
    -4.024630378977E-02));
#7818 = CARTESIAN_POINT('',(0.124451460313,4.059820977349E-02,
    -4.127304367443E-02));
#7819 = CARTESIAN_POINT('',(-2.019705092663E-02,4.215669889034E-02,
    -4.267034192813E-02));
#7820 = CARTESIAN_POINT('',(-0.144245251992,4.041335343192E-02,
    -4.10883360309E-02));
#7821 = CARTESIAN_POINT('',(-0.273480101183,3.626837494519E-02,
    -3.777779523255E-02));
#7822 = CARTESIAN_POINT('',(-0.402617556702,2.946400947753E-02,
    -3.081308804651E-02));
#7823 = CARTESIAN_POINT('',(-0.526576732963,2.108590956267E-02,
    -2.365104001488E-02));
#7824 = CARTESIAN_POINT('',(-0.624580534573,1.482789213736E-02,
    -1.566600378647E-02));
#7825 = CARTESIAN_POINT('',(-0.712476506696,1.143992160848E-02,
    -1.165878689178E-02));
#7826 = CARTESIAN_POINT('',(-0.790028640266,1.010239657206E-02,
    -1.11850643549E-02));
#7827 = CARTESIAN_POINT('',(-0.872701839491,1.062040484518E-02,
    -1.027561202445E-02));
#7828 = CARTESIAN_POINT('',(-0.945025744455,9.900401832775E-03,
    -1.00578004187E-02));
#7829 = CARTESIAN_POINT('',(-0.991548335241,8.66343802655E-03,
    -1.100827050597E-02));
#7830 = CARTESIAN_POINT('',(-1.0122,9.610062633218E-03,
    -9.686888100994E-03));
#7831 = CARTESIAN_POINT('',(0.5378,6.774757480796E-03,
    -5.034033153777E-03));
#7832 = CARTESIAN_POINT('',(0.523430650188,1.453924748151E-02,
    -1.183323297713E-02));
#7833 = CARTESIAN_POINT('',(0.483258792956,2.664856148777E-02,
    -2.206505934955E-02));
#7834 = CARTESIAN_POINT('',(0.398489817948,3.503718800784E-02,
    -2.92751021375E-02));
#7835 = CARTESIAN_POINT('',(0.269462582488,4.148259602055E-02,
    -3.660124330891E-02));
#7836 = CARTESIAN_POINT('',(0.124451460313,4.293047337993E-02,
    -3.753499256772E-02));
#7837 = CARTESIAN_POINT('',(-2.019705092663E-02,4.457849372164E-02,
    -3.880573915915E-02));
#7838 = CARTESIAN_POINT('',(-0.144245251992,4.273499751301E-02,
    -3.736701367859E-02));
#7839 = CARTESIAN_POINT('',(-0.273480101183,3.835190058392E-02,
    -3.435630467343E-02));
#7840 = CARTESIAN_POINT('',(-0.402617556702,3.115664167455E-02,
    -2.802238283993E-02));
#7841 = CARTESIAN_POINT('',(-0.526576732963,2.229724128778E-02,
    -2.150899308953E-02));
#7842 = CARTESIAN_POINT('',(-0.624580534573,1.567971672236E-02,
    -1.424715221706E-02));
#7843 = CARTESIAN_POINT('',(-0.712476506696,1.209711592756E-02,
    -1.060286425163E-02));
#7844 = CARTESIAN_POINT('',(-0.790028640266,1.068275348911E-02,
    -1.017204620874E-02));
#7845 = CARTESIAN_POINT('',(-0.872701839491,1.123052001642E-02,
    -9.344961907985E-03));
#7846 = CARTESIAN_POINT('',(-0.945025744455,1.04691546671E-02,
    -9.146877243883E-03));
#7847 = CARTESIAN_POINT('',(-0.991548335241,9.161130445495E-03,
    -1.001126437078E-02));
#7848 = CARTESIAN_POINT('',(-1.0122,1.016213622119E-02,
    -8.80955801911E-03));
#7849 = DEFINITIONAL_REPRESENTATION('',(#7850),#7854);
#7850 = LINE('',#7851,#7852);
#7851 = CARTESIAN_POINT('',(65.,0.));
#7852 = VECTOR('',#7853,1.);
#7853 = DIRECTION('',(0.,1.));
#7854 = ( GEOMETRIC_REPRESENTATION_CONTEXT(2) 
PARAMETRIC_REPRESENTATION_CONTEXT() REPRESENTATION_CONTEXT('2D SPACE',''
  ) );
#7855 = ORIENTED_EDGE('',*,*,#7856,.F.);
#7856 = EDGE_CURVE('',#7663,#7782,#7857,.T.);
#7857 = SURFACE_CURVE('',#7858,(#7861,#7868),.PCURVE_S1.);
#7858 = B_SPLINE_CURVE_WITH_KNOTS('',1,(#7859,#7860),.UNSPECIFIED.,.F.,
  .F.,(2,2),(64.,65.),.PIECEWISE_BEZIER_KNOTS.);
#7859 = CARTESIAN_POINT('',(-1.0122,8.98984246126E-03,
    -1.048814953814E-02));
#7860 = CARTESIAN_POINT('',(-1.0122,9.610062633218E-03,
    -9.686888100994E-03));
#7861 = PCURVE('',#7693,#7862);
#7862 = DEFINITIONAL_REPRESENTATION('',(#7863),#7867);
#7863 = LINE('',#7864,#7865);
#7864 = CARTESIAN_POINT('',(0.,1.));
#7865 = VECTOR('',#7866,1.);
#7866 = DIRECTION('',(1.,0.));
#7867 = ( GEOMETRIC_REPRESENTATION_CONTEXT(2) 
PARAMETRIC_REPRESENTATION_CONTEXT() REPRESENTATION_CONTEXT('2D SPACE',''
  ) );
#7868 = PCURVE('',#176,#7869);
#7869 = DEFINITIONAL_REPRESENTATION('',(#7870),#7873);
#7870 = B_SPLINE_CURVE_WITH_KNOTS('',1,(#7871,#7872),.UNSPECIFIED.,.F.,
  .F.,(2,2),(64.,65.),.PIECEWISE_BEZIER_KNOTS.);
#7871 = CARTESIAN_POINT('',(-6.782810357805E-04,9.126539741783E-03));
#7872 = CARTESIAN_POINT('',(-9.326744161363E-04,8.14573550016E-03));
#7873 = ( GEOMETRIC_REPRESENTATION_CONTEXT(2) 
PARAMETRIC_REPRESENTATION_CONTEXT() REPRESENTATION_CONTEXT('2D SPACE',''
  ) );
#7874 = ORIENTED_EDGE('',*,*,#7662,.F.);
#7875 = ADVANCED_FACE('',(#7876),#7812,.F.);
#7876 = FACE_BOUND('',#7877,.F.);
#7877 = EDGE_LOOP('',(#7878,#7899,#7974,#7993));
#7878 = ORIENTED_EDGE('',*,*,#7879,.T.);
#7879 = EDGE_CURVE('',#7761,#7880,#7882,.T.);
#7880 = VERTEX_POINT('',#7881);
#7881 = CARTESIAN_POINT('',(0.5378,6.774757480796E-03,
    -5.034033153777E-03));
#7882 = SURFACE_CURVE('',#7883,(#7886,#7893),.PCURVE_S1.);
#7883 = B_SPLINE_CURVE_WITH_KNOTS('',1,(#7884,#7885),.UNSPECIFIED.,.F.,
  .F.,(2,2),(65.,66.),.PIECEWISE_BEZIER_KNOTS.);
#7884 = CARTESIAN_POINT('',(0.5378,6.406708422145E-03,
    -5.535364629139E-03));
#7885 = CARTESIAN_POINT('',(0.5378,6.774757480796E-03,
    -5.034033153777E-03));
#7886 = PCURVE('',#7812,#7887);
#7887 = DEFINITIONAL_REPRESENTATION('',(#7888),#7892);
#7888 = LINE('',#7889,#7890);
#7889 = CARTESIAN_POINT('',(0.,0.));
#7890 = VECTOR('',#7891,1.);
#7891 = DIRECTION('',(1.,0.));
#7892 = ( GEOMETRIC_REPRESENTATION_CONTEXT(2) 
PARAMETRIC_REPRESENTATION_CONTEXT() REPRESENTATION_CONTEXT('2D SPACE',''
  ) );
#7893 = PCURVE('',#75,#7894);
#7894 = DEFINITIONAL_REPRESENTATION('',(#7895),#7898);
#7895 = B_SPLINE_CURVE_WITH_KNOTS('',1,(#7896,#7897),.UNSPECIFIED.,.F.,
  .F.,(2,2),(65.,66.),.PIECEWISE_BEZIER_KNOTS.);
#7896 = CARTESIAN_POINT('',(5.165585382685E-04,4.726067639668E-03));
#7897 = CARTESIAN_POINT('',(2.709036577469E-04,4.154712200875E-03));
#7898 = ( GEOMETRIC_REPRESENTATION_CONTEXT(2) 
PARAMETRIC_REPRESENTATION_CONTEXT() REPRESENTATION_CONTEXT('2D SPACE',''
  ) );
#7899 = ORIENTED_EDGE('',*,*,#7900,.T.);
#7900 = EDGE_CURVE('',#7880,#7901,#7903,.T.);
#7901 = VERTEX_POINT('',#7902);
#7902 = CARTESIAN_POINT('',(-1.0122,1.016213622119E-02,
    -8.80955801911E-03));
#7903 = SURFACE_CURVE('',#7904,(#7923,#7930),.PCURVE_S1.);
#7904 = ( BOUNDED_CURVE() B_SPLINE_CURVE(3,(#7905,#7906,#7907,#7908,
    #7909,#7910,#7911,#7912,#7913,#7914,#7915,#7916,#7917,#7918,#7919,
#7920,#7921,#7922),.UNSPECIFIED.,.F.,.F.) B_SPLINE_CURVE_WITH_KNOTS((4,1
    ,1,1,1,1,1,1,1,1,1,1,1,1,1,4),(0.,3.281818483209E-02,
    8.331472171401E-02,0.163169600212,0.282607356412,0.362210128519,
    0.441821211418,0.521490445595,0.611262750889,0.691167944743,
    0.761109091848,0.800978053181,0.860692828618,0.910445018305,
0.96019726339,1.),.UNSPECIFIED.) CURVE() GEOMETRIC_REPRESENTATION_ITEM()
 RATIONAL_B_SPLINE_CURVE((1.,1.,1.,1.,1.,1.,1.,1.,1.,1.,1.,1.,1.,1.,
    0.999999999999,1.000000000004,0.999999999993,1.)) 
REPRESENTATION_ITEM('') );
#7905 = CARTESIAN_POINT('',(0.5378,6.774757480796E-03,
    -5.034033153777E-03));
#7906 = CARTESIAN_POINT('',(0.523430650188,1.453924748151E-02,
    -1.183323297713E-02));
#7907 = CARTESIAN_POINT('',(0.483258792956,2.664856148777E-02,
    -2.206505934955E-02));
#7908 = CARTESIAN_POINT('',(0.398489817948,3.503718800784E-02,
    -2.92751021375E-02));
#7909 = CARTESIAN_POINT('',(0.269462582488,4.148259602055E-02,
    -3.660124330891E-02));
#7910 = CARTESIAN_POINT('',(0.124451460313,4.293047337993E-02,
    -3.753499256772E-02));
#7911 = CARTESIAN_POINT('',(-2.019705092663E-02,4.457849372164E-02,
    -3.880573915915E-02));
#7912 = CARTESIAN_POINT('',(-0.144245251992,4.273499751301E-02,
    -3.736701367859E-02));
#7913 = CARTESIAN_POINT('',(-0.273480101183,3.835190058392E-02,
    -3.435630467343E-02));
#7914 = CARTESIAN_POINT('',(-0.402617556702,3.115664167455E-02,
    -2.802238283993E-02));
#7915 = CARTESIAN_POINT('',(-0.526576732963,2.229724128778E-02,
    -2.150899308953E-02));
#7916 = CARTESIAN_POINT('',(-0.624580534573,1.567971672236E-02,
    -1.424715221706E-02));
#7917 = CARTESIAN_POINT('',(-0.712476506696,1.209711592756E-02,
    -1.060286425163E-02));
#7918 = CARTESIAN_POINT('',(-0.790028640266,1.068275348911E-02,
    -1.017204620874E-02));
#7919 = CARTESIAN_POINT('',(-0.872701839491,1.123052001642E-02,
    -9.344961907985E-03));
#7920 = CARTESIAN_POINT('',(-0.945025744455,1.04691546671E-02,
    -9.146877243883E-03));
#7921 = CARTESIAN_POINT('',(-0.991548335241,9.161130445495E-03,
    -1.001126437078E-02));
#7922 = CARTESIAN_POINT('',(-1.0122,1.016213622119E-02,
    -8.80955801911E-03));
#7923 = PCURVE('',#7812,#7924);
#7924 = DEFINITIONAL_REPRESENTATION('',(#7925),#7929);
#7925 = LINE('',#7926,#7927);
#7926 = CARTESIAN_POINT('',(66.,0.));
#7927 = VECTOR('',#7928,1.);
#7928 = DIRECTION('',(0.,1.));
#7929 = ( GEOMETRIC_REPRESENTATION_CONTEXT(2) 
PARAMETRIC_REPRESENTATION_CONTEXT() REPRESENTATION_CONTEXT('2D SPACE',''
  ) );
#7930 = PCURVE('',#7931,#7968);
#7931 = ( BOUNDED_SURFACE() B_SPLINE_SURFACE(1,3,(
    (#7932,#7933,#7934,#7935,#7936,#7937,#7938,#7939,#7940,#7941,#7942
      ,#7943,#7944,#7945,#7946,#7947,#7948,#7949)
    ,(#7950,#7951,#7952,#7953,#7954,#7955,#7956,#7957,#7958,#7959,#7960
      ,#7961,#7962,#7963,#7964,#7965,#7966,#7967
)),.UNSPECIFIED.,.F.,.F.,.F.) B_SPLINE_SURFACE_WITH_KNOTS((2,2),(4,1,1,1
    ,1,1,1,1,1,1,1,1,1,1,1,4),(66.,67.),(0.,3.281818483209E-02,
    8.331472171401E-02,0.163169600212,0.282607356412,0.362210128519,
    0.441821211418,0.521490445595,0.611262750889,0.691167944743,
    0.761109091848,0.800978053181,0.860692828618,0.910445018305,
0.96019726339,1.),.UNSPECIFIED.) GEOMETRIC_REPRESENTATION_ITEM() 
RATIONAL_B_SPLINE_SURFACE((
    (1.,1.,1.,1.,1.,1.,1.,1.,1.,1.,1.,1.,1.,1.,0.999999999999
      ,1.000000000004,0.999999999993,1.)
    ,(1.,1.,1.,1.,1.,1.,1.,1.,1.,1.,1.,1.,1.,1.,0.999999999999
,1.000000000004,0.999999999993,1.
  ))) REPRESENTATION_ITEM('') SURFACE() );
#7932 = CARTESIAN_POINT('',(0.5378,6.774757480796E-03,
    -5.034033153777E-03));
#7933 = CARTESIAN_POINT('',(0.523430650188,1.453924748151E-02,
    -1.183323297713E-02));
#7934 = CARTESIAN_POINT('',(0.483258792956,2.664856148777E-02,
    -2.206505934955E-02));
#7935 = CARTESIAN_POINT('',(0.398489817948,3.503718800784E-02,
    -2.92751021375E-02));
#7936 = CARTESIAN_POINT('',(0.269462582488,4.148259602055E-02,
    -3.660124330891E-02));
#7937 = CARTESIAN_POINT('',(0.124451460313,4.293047337993E-02,
    -3.753499256772E-02));
#7938 = CARTESIAN_POINT('',(-2.019705092663E-02,4.457849372164E-02,
    -3.880573915915E-02));
#7939 = CARTESIAN_POINT('',(-0.144245251992,4.273499751301E-02,
    -3.736701367859E-02));
#7940 = CARTESIAN_POINT('',(-0.273480101183,3.835190058392E-02,
    -3.435630467343E-02));
#7941 = CARTESIAN_POINT('',(-0.402617556702,3.115664167455E-02,
    -2.802238283993E-02));
#7942 = CARTESIAN_POINT('',(-0.526576732963,2.229724128778E-02,
    -2.150899308953E-02));
#7943 = CARTESIAN_POINT('',(-0.624580534573,1.567971672236E-02,
    -1.424715221706E-02));
#7944 = CARTESIAN_POINT('',(-0.712476506696,1.209711592756E-02,
    -1.060286425163E-02));
#7945 = CARTESIAN_POINT('',(-0.790028640266,1.068275348911E-02,
    -1.017204620874E-02));
#7946 = CARTESIAN_POINT('',(-0.872701839491,1.123052001642E-02,
    -9.344961907985E-03));
#7947 = CARTESIAN_POINT('',(-0.945025744455,1.04691546671E-02,
    -9.146877243883E-03));
#7948 = CARTESIAN_POINT('',(-0.991548335241,9.161130445495E-03,
    -1.001126437078E-02));
#7949 = CARTESIAN_POINT('',(-1.0122,1.016213622119E-02,
    -8.80955801911E-03));
#7950 = CARTESIAN_POINT('',(0.5378,7.096303477462E-03,
    -4.489848193237E-03));
#7951 = CARTESIAN_POINT('',(0.523430650188,1.522931451866E-02,
    -1.055404644337E-02));
#7952 = CARTESIAN_POINT('',(0.483258792956,2.791336517817E-02,
    -1.967980023731E-02));
#7953 = CARTESIAN_POINT('',(0.398489817948,3.670013573258E-02,
    -2.61104288398E-02));
#7954 = CARTESIAN_POINT('',(0.269462582488,4.345145803805E-02,
    -3.264460545269E-02));
#7955 = CARTESIAN_POINT('',(0.124451460313,4.496805507779E-02,
    -3.347741530802E-02));
#7956 = CARTESIAN_POINT('',(-2.019705092663E-02,4.669429435867E-02,
    -3.461079268424E-02));
#7957 = CARTESIAN_POINT('',(-0.144245251992,4.476330146438E-02,
    -3.332759513625E-02));
#7958 = CARTESIAN_POINT('',(-0.273480101183,4.017217239914E-02,
    -3.064234734898E-02));
#7959 = CARTESIAN_POINT('',(-0.402617556702,3.26354095018E-02,
    -2.499312998558E-02));
#7960 = CARTESIAN_POINT('',(-0.526576732963,2.335552104069E-02,
    -1.918384540017E-02));
#7961 = CARTESIAN_POINT('',(-0.624580534573,1.642391312426E-02,
    -1.270701814758E-02));
#7962 = CARTESIAN_POINT('',(-0.712476506696,1.267127363118E-02,
    -9.456682037863E-03));
#7963 = CARTESIAN_POINT('',(-0.790028640266,1.11897822097E-02,
    -9.072435936869E-03));
#7964 = CARTESIAN_POINT('',(-0.872701839491,1.176354703063E-02,
    -8.334760431067E-03));
#7965 = CARTESIAN_POINT('',(-0.945025744455,1.096604548283E-02,
    -8.158088954028E-03));
#7966 = CARTESIAN_POINT('',(-0.991548335241,9.595939341482E-03,
    -8.929034806901E-03));
#7967 = CARTESIAN_POINT('',(-1.0122,1.064445521619E-02,
    -7.857234338166E-03));
#7968 = DEFINITIONAL_REPRESENTATION('',(#7969),#7973);
#7969 = LINE('',#7970,#7971);
#7970 = CARTESIAN_POINT('',(66.,0.));
#7971 = VECTOR('',#7972,1.);
#7972 = DIRECTION('',(0.,1.));
#7973 = ( GEOMETRIC_REPRESENTATION_CONTEXT(2) 
PARAMETRIC_REPRESENTATION_CONTEXT() REPRESENTATION_CONTEXT('2D SPACE',''
  ) );
#7974 = ORIENTED_EDGE('',*,*,#7975,.F.);
#7975 = EDGE_CURVE('',#7782,#7901,#7976,.T.);
#7976 = SURFACE_CURVE('',#7977,(#7980,#7987),.PCURVE_S1.);
#7977 = B_SPLINE_CURVE_WITH_KNOTS('',1,(#7978,#7979),.UNSPECIFIED.,.F.,
  .F.,(2,2),(65.,66.),.PIECEWISE_BEZIER_KNOTS.);
#7978 = CARTESIAN_POINT('',(-1.0122,9.610062633218E-03,
    -9.686888100994E-03));
#7979 = CARTESIAN_POINT('',(-1.0122,1.016213622119E-02,
    -8.80955801911E-03));
#7980 = PCURVE('',#7812,#7981);
#7981 = DEFINITIONAL_REPRESENTATION('',(#7982),#7986);
#7982 = LINE('',#7983,#7984);
#7983 = CARTESIAN_POINT('',(0.,1.));
#7984 = VECTOR('',#7985,1.);
#7985 = DIRECTION('',(1.,0.));
#7986 = ( GEOMETRIC_REPRESENTATION_CONTEXT(2) 
PARAMETRIC_REPRESENTATION_CONTEXT() REPRESENTATION_CONTEXT('2D SPACE',''
  ) );
#7987 = PCURVE('',#176,#7988);
#7988 = DEFINITIONAL_REPRESENTATION('',(#7989),#7992);
#7989 = B_SPLINE_CURVE_WITH_KNOTS('',1,(#7990,#7991),.UNSPECIFIED.,.F.,
  .F.,(2,2),(65.,66.),.PIECEWISE_BEZIER_KNOTS.);
#7990 = CARTESIAN_POINT('',(-9.326744161363E-04,8.14573550016E-03));
#7991 = CARTESIAN_POINT('',(-1.094464250437E-03,7.121861792793E-03));
#7992 = ( GEOMETRIC_REPRESENTATION_CONTEXT(2) 
PARAMETRIC_REPRESENTATION_CONTEXT() REPRESENTATION_CONTEXT('2D SPACE',''
  ) );
#7993 = ORIENTED_EDGE('',*,*,#7781,.F.);
#7994 = ADVANCED_FACE('',(#7995),#7931,.F.);
#7995 = FACE_BOUND('',#7996,.F.);
#7996 = EDGE_LOOP('',(#7997,#8018,#8093,#8112));
#7997 = ORIENTED_EDGE('',*,*,#7998,.T.);
#7998 = EDGE_CURVE('',#7880,#7999,#8001,.T.);
#7999 = VERTEX_POINT('',#8000);
#8000 = CARTESIAN_POINT('',(0.5378,7.096303477462E-03,
    -4.489848193237E-03));
#8001 = SURFACE_CURVE('',#8002,(#8005,#8012),.PCURVE_S1.);
#8002 = B_SPLINE_CURVE_WITH_KNOTS('',1,(#8003,#8004),.UNSPECIFIED.,.F.,
  .F.,(2,2),(66.,67.),.PIECEWISE_BEZIER_KNOTS.);
#8003 = CARTESIAN_POINT('',(0.5378,6.774757480796E-03,
    -5.034033153777E-03));
#8004 = CARTESIAN_POINT('',(0.5378,7.096303477462E-03,
    -4.489848193237E-03));
#8005 = PCURVE('',#7931,#8006);
#8006 = DEFINITIONAL_REPRESENTATION('',(#8007),#8011);
#8007 = LINE('',#8008,#8009);
#8008 = CARTESIAN_POINT('',(0.,0.));
#8009 = VECTOR('',#8010,1.);
#8010 = DIRECTION('',(1.,0.));
#8011 = ( GEOMETRIC_REPRESENTATION_CONTEXT(2) 
PARAMETRIC_REPRESENTATION_CONTEXT() REPRESENTATION_CONTEXT('2D SPACE',''
  ) );
#8012 = PCURVE('',#75,#8013);
#8013 = DEFINITIONAL_REPRESENTATION('',(#8014),#8017);
#8014 = B_SPLINE_CURVE_WITH_KNOTS('',1,(#8015,#8016),.UNSPECIFIED.,.F.,
  .F.,(2,2),(66.,67.),.PIECEWISE_BEZIER_KNOTS.);
#8015 = CARTESIAN_POINT('',(2.709036577469E-04,4.154712200875E-03));
#8016 = CARTESIAN_POINT('',(8.021009411646E-05,3.552080419404E-03));
#8017 = ( GEOMETRIC_REPRESENTATION_CONTEXT(2) 
PARAMETRIC_REPRESENTATION_CONTEXT() REPRESENTATION_CONTEXT('2D SPACE',''
  ) );
#8018 = ORIENTED_EDGE('',*,*,#8019,.T.);
#8019 = EDGE_CURVE('',#7999,#8020,#8022,.T.);
#8020 = VERTEX_POINT('',#8021);
#8021 = CARTESIAN_POINT('',(-1.0122,1.064445521619E-02,
    -7.857234338166E-03));
#8022 = SURFACE_CURVE('',#8023,(#8042,#8049),.PCURVE_S1.);
#8023 = ( BOUNDED_CURVE() B_SPLINE_CURVE(3,(#8024,#8025,#8026,#8027,
    #8028,#8029,#8030,#8031,#8032,#8033,#8034,#8035,#8036,#8037,#8038,
#8039,#8040,#8041),.UNSPECIFIED.,.F.,.F.) B_SPLINE_CURVE_WITH_KNOTS((4,1
    ,1,1,1,1,1,1,1,1,1,1,1,1,1,4),(0.,3.281818483209E-02,
    8.331472171401E-02,0.163169600212,0.282607356412,0.362210128519,
    0.441821211418,0.521490445595,0.611262750889,0.691167944743,
    0.761109091848,0.800978053181,0.860692828618,0.910445018305,
0.96019726339,1.),.UNSPECIFIED.) CURVE() GEOMETRIC_REPRESENTATION_ITEM()
 RATIONAL_B_SPLINE_CURVE((1.,1.,1.,1.,1.,1.,1.,1.,1.,1.,1.,1.,1.,1.,
    0.999999999999,1.000000000004,0.999999999993,1.)) 
REPRESENTATION_ITEM('') );
#8024 = CARTESIAN_POINT('',(0.5378,7.096303477462E-03,
    -4.489848193237E-03));
#8025 = CARTESIAN_POINT('',(0.523430650188,1.522931451866E-02,
    -1.055404644337E-02));
#8026 = CARTESIAN_POINT('',(0.483258792956,2.791336517817E-02,
    -1.967980023731E-02));
#8027 = CARTESIAN_POINT('',(0.398489817948,3.670013573258E-02,
    -2.61104288398E-02));
#8028 = CARTESIAN_POINT('',(0.269462582488,4.345145803805E-02,
    -3.264460545269E-02));
#8029 = CARTESIAN_POINT('',(0.124451460313,4.496805507779E-02,
    -3.347741530802E-02));
#8030 = CARTESIAN_POINT('',(-2.019705092663E-02,4.669429435867E-02,
    -3.461079268424E-02));
#8031 = CARTESIAN_POINT('',(-0.144245251992,4.476330146438E-02,
    -3.332759513625E-02));
#8032 = CARTESIAN_POINT('',(-0.273480101183,4.017217239914E-02,
    -3.064234734898E-02));
#8033 = CARTESIAN_POINT('',(-0.402617556702,3.26354095018E-02,
    -2.499312998558E-02));
#8034 = CARTESIAN_POINT('',(-0.526576732963,2.335552104069E-02,
    -1.918384540017E-02));
#8035 = CARTESIAN_POINT('',(-0.624580534573,1.642391312426E-02,
    -1.270701814758E-02));
#8036 = CARTESIAN_POINT('',(-0.712476506696,1.267127363118E-02,
    -9.456682037863E-03));
#8037 = CARTESIAN_POINT('',(-0.790028640266,1.11897822097E-02,
    -9.072435936869E-03));
#8038 = CARTESIAN_POINT('',(-0.872701839491,1.176354703063E-02,
    -8.334760431067E-03));
#8039 = CARTESIAN_POINT('',(-0.945025744455,1.096604548283E-02,
    -8.158088954028E-03));
#8040 = CARTESIAN_POINT('',(-0.991548335241,9.595939341482E-03,
    -8.929034806901E-03));
#8041 = CARTESIAN_POINT('',(-1.0122,1.064445521619E-02,
    -7.857234338166E-03));
#8042 = PCURVE('',#7931,#8043);
#8043 = DEFINITIONAL_REPRESENTATION('',(#8044),#8048);
#8044 = LINE('',#8045,#8046);
#8045 = CARTESIAN_POINT('',(67.,0.));
#8046 = VECTOR('',#8047,1.);
#8047 = DIRECTION('',(0.,1.));
#8048 = ( GEOMETRIC_REPRESENTATION_CONTEXT(2) 
PARAMETRIC_REPRESENTATION_CONTEXT() REPRESENTATION_CONTEXT('2D SPACE',''
  ) );
#8049 = PCURVE('',#8050,#8087);
#8050 = ( BOUNDED_SURFACE() B_SPLINE_SURFACE(1,3,(
    (#8051,#8052,#8053,#8054,#8055,#8056,#8057,#8058,#8059,#8060,#8061
      ,#8062,#8063,#8064,#8065,#8066,#8067,#8068)
    ,(#8069,#8070,#8071,#8072,#8073,#8074,#8075,#8076,#8077,#8078,#8079
      ,#8080,#8081,#8082,#8083,#8084,#8085,#8086
)),.UNSPECIFIED.,.F.,.F.,.F.) B_SPLINE_SURFACE_WITH_KNOTS((2,2),(4,1,1,1
    ,1,1,1,1,1,1,1,1,1,1,1,4),(67.,68.),(0.,3.281818483209E-02,
    8.331472171401E-02,0.163169600212,0.282607356412,0.362210128519,
    0.441821211418,0.521490445595,0.611262750889,0.691167944743,
    0.761109091848,0.800978053181,0.860692828618,0.910445018305,
0.96019726339,1.),.UNSPECIFIED.) GEOMETRIC_REPRESENTATION_ITEM() 
RATIONAL_B_SPLINE_SURFACE((
    (1.,1.,1.,1.,1.,1.,1.,1.,1.,1.,1.,1.,1.,1.,0.999999999999
      ,1.000000000004,0.999999999993,1.)
    ,(1.,1.,1.,1.,1.,1.,1.,1.,1.,1.,1.,1.,1.,1.,0.999999999999
,1.000000000004,0.999999999993,1.
  ))) REPRESENTATION_ITEM('') SURFACE() );
#8051 = CARTESIAN_POINT('',(0.5378,7.096303477462E-03,
    -4.489848193237E-03));
#8052 = CARTESIAN_POINT('',(0.523430650188,1.522931451866E-02,
    -1.055404644337E-02));
#8053 = CARTESIAN_POINT('',(0.483258792956,2.791336517817E-02,
    -1.967980023731E-02));
#8054 = CARTESIAN_POINT('',(0.398489817948,3.670013573258E-02,
    -2.61104288398E-02));
#8055 = CARTESIAN_POINT('',(0.269462582488,4.345145803805E-02,
    -3.264460545269E-02));
#8056 = CARTESIAN_POINT('',(0.124451460313,4.496805507779E-02,
    -3.347741530802E-02));
#8057 = CARTESIAN_POINT('',(-2.019705092663E-02,4.669429435867E-02,
    -3.461079268424E-02));
#8058 = CARTESIAN_POINT('',(-0.144245251992,4.476330146438E-02,
    -3.332759513625E-02));
#8059 = CARTESIAN_POINT('',(-0.273480101183,4.017217239914E-02,
    -3.064234734898E-02));
#8060 = CARTESIAN_POINT('',(-0.402617556702,3.26354095018E-02,
    -2.499312998558E-02));
#8061 = CARTESIAN_POINT('',(-0.526576732963,2.335552104069E-02,
    -1.918384540017E-02));
#8062 = CARTESIAN_POINT('',(-0.624580534573,1.642391312426E-02,
    -1.270701814758E-02));
#8063 = CARTESIAN_POINT('',(-0.712476506696,1.267127363118E-02,
    -9.456682037863E-03));
#8064 = CARTESIAN_POINT('',(-0.790028640266,1.11897822097E-02,
    -9.072435936869E-03));
#8065 = CARTESIAN_POINT('',(-0.872701839491,1.176354703063E-02,
    -8.334760431067E-03));
#8066 = CARTESIAN_POINT('',(-0.945025744455,1.096604548283E-02,
    -8.158088954028E-03));
#8067 = CARTESIAN_POINT('',(-0.991548335241,9.595939341482E-03,
    -8.929034806901E-03));
#8068 = CARTESIAN_POINT('',(-1.0122,1.064445521619E-02,
    -7.857234338166E-03));
#8069 = CARTESIAN_POINT('',(0.5378,7.37032117154E-03,-3.902835109119E-03
    ));
#8070 = CARTESIAN_POINT('',(0.523430650188,1.58173814834E-02,
    -9.17418612607E-03));
#8071 = CARTESIAN_POINT('',(0.483258792956,2.899121591896E-02,
    -1.71068178702E-02));
#8072 = CARTESIAN_POINT('',(0.398489817948,3.811728010891E-02,
    -2.269669129206E-02));
#8073 = CARTESIAN_POINT('',(0.269462582488,4.512929895533E-02,
    -2.837657461915E-02));
#8074 = CARTESIAN_POINT('',(0.124451460313,4.670445809363E-02,
    -2.910050099768E-02));
#8075 = CARTESIAN_POINT('',(-2.019705092663E-02,4.849735462905E-02,
    -3.008569800778E-02));
#8076 = CARTESIAN_POINT('',(-0.144245251992,4.649179809442E-02,
    -2.89702686599E-02));
#8077 = CARTESIAN_POINT('',(-0.273480101183,4.172338650405E-02,
    -2.663609634721E-02));
#8078 = CARTESIAN_POINT('',(-0.402617556702,3.389559794855E-02,
    -2.172547066099E-02));
#8079 = CARTESIAN_POINT('',(-0.526576732963,2.425737452538E-02,
    -1.66757053097E-02));
#8080 = CARTESIAN_POINT('',(-0.624580534573,1.70581084932E-02,
    -1.104567335556E-02));
#8081 = CARTESIAN_POINT('',(-0.712476506696,1.316056403321E-02,
    -8.220293668003E-03));
#8082 = CARTESIAN_POINT('',(-0.790028640266,1.162186608662E-02,
    -7.886284786395E-03));
#8083 = CARTESIAN_POINT('',(-0.872701839491,1.221778634572E-02,
    -7.245054673727E-03));
#8084 = CARTESIAN_POINT('',(-0.945025744455,1.138948995735E-02,
    -7.091481631853E-03));
#8085 = CARTESIAN_POINT('',(-0.991548335241,9.966478338037E-03,
    -7.761632250512E-03));
#8086 = CARTESIAN_POINT('',(-1.0122,1.105548175731E-02,
    -6.829961440958E-03));
#8087 = DEFINITIONAL_REPRESENTATION('',(#8088),#8092);
#8088 = LINE('',#8089,#8090);
#8089 = CARTESIAN_POINT('',(67.,0.));
#8090 = VECTOR('',#8091,1.);
#8091 = DIRECTION('',(0.,1.));
#8092 = ( GEOMETRIC_REPRESENTATION_CONTEXT(2) 
PARAMETRIC_REPRESENTATION_CONTEXT() REPRESENTATION_CONTEXT('2D SPACE',''
  ) );
#8093 = ORIENTED_EDGE('',*,*,#8094,.F.);
#8094 = EDGE_CURVE('',#7901,#8020,#8095,.T.);
#8095 = SURFACE_CURVE('',#8096,(#8099,#8106),.PCURVE_S1.);
#8096 = B_SPLINE_CURVE_WITH_KNOTS('',1,(#8097,#8098),.UNSPECIFIED.,.F.,
  .F.,(2,2),(66.,67.),.PIECEWISE_BEZIER_KNOTS.);
#8097 = CARTESIAN_POINT('',(-1.0122,1.016213622119E-02,
    -8.80955801911E-03));
#8098 = CARTESIAN_POINT('',(-1.0122,1.064445521619E-02,
    -7.857234338166E-03));
#8099 = PCURVE('',#7931,#8100);
#8100 = DEFINITIONAL_REPRESENTATION('',(#8101),#8105);
#8101 = LINE('',#8102,#8103);
#8102 = CARTESIAN_POINT('',(0.,1.));
#8103 = VECTOR('',#8104,1.);
#8104 = DIRECTION('',(1.,0.));
#8105 = ( GEOMETRIC_REPRESENTATION_CONTEXT(2) 
PARAMETRIC_REPRESENTATION_CONTEXT() REPRESENTATION_CONTEXT('2D SPACE',''
  ) );
#8106 = PCURVE('',#176,#8107);
#8107 = DEFINITIONAL_REPRESENTATION('',(#8108),#8111);
#8108 = B_SPLINE_CURVE_WITH_KNOTS('',1,(#8109,#8110),.UNSPECIFIED.,.F.,
  .F.,(2,2),(66.,67.),.PIECEWISE_BEZIER_KNOTS.);
#8109 = CARTESIAN_POINT('',(-1.094464250437E-03,7.121861792793E-03));
#8110 = CARTESIAN_POINT('',(-1.162596103436E-03,6.056540218417E-03));
#8111 = ( GEOMETRIC_REPRESENTATION_CONTEXT(2) 
PARAMETRIC_REPRESENTATION_CONTEXT() REPRESENTATION_CONTEXT('2D SPACE',''
  ) );
#8112 = ORIENTED_EDGE('',*,*,#7900,.F.);
#8113 = ADVANCED_FACE('',(#8114),#8050,.F.);
#8114 = FACE_BOUND('',#8115,.F.);
#8115 = EDGE_LOOP('',(#8116,#8137,#8212,#8231));
#8116 = ORIENTED_EDGE('',*,*,#8117,.T.);
#8117 = EDGE_CURVE('',#7999,#8118,#8120,.T.);
#8118 = VERTEX_POINT('',#8119);
#8119 = CARTESIAN_POINT('',(0.5378,7.37032117154E-03,-3.902835109119E-03
    ));
#8120 = SURFACE_CURVE('',#8121,(#8124,#8131),.PCURVE_S1.);
#8121 = B_SPLINE_CURVE_WITH_KNOTS('',1,(#8122,#8123),.UNSPECIFIED.,.F.,
  .F.,(2,2),(67.,68.),.PIECEWISE_BEZIER_KNOTS.);
#8122 = CARTESIAN_POINT('',(0.5378,7.096303477462E-03,
    -4.489848193237E-03));
#8123 = CARTESIAN_POINT('',(0.5378,7.37032117154E-03,-3.902835109119E-03
    ));
#8124 = PCURVE('',#8050,#8125);
#8125 = DEFINITIONAL_REPRESENTATION('',(#8126),#8130);
#8126 = LINE('',#8127,#8128);
#8127 = CARTESIAN_POINT('',(0.,0.));
#8128 = VECTOR('',#8129,1.);
#8129 = DIRECTION('',(1.,0.));
#8130 = ( GEOMETRIC_REPRESENTATION_CONTEXT(2) 
PARAMETRIC_REPRESENTATION_CONTEXT() REPRESENTATION_CONTEXT('2D SPACE',''
  ) );
#8131 = PCURVE('',#75,#8132);
#8132 = DEFINITIONAL_REPRESENTATION('',(#8133),#8136);
#8133 = B_SPLINE_CURVE_WITH_KNOTS('',1,(#8134,#8135),.UNSPECIFIED.,.F.,
  .F.,(2,2),(67.,68.),.PIECEWISE_BEZIER_KNOTS.);
#8134 = CARTESIAN_POINT('',(8.021009411646E-05,3.552080419404E-03));
#8135 = CARTESIAN_POINT('',(-5.452897719696E-05,2.918427959252E-03));
#8136 = ( GEOMETRIC_REPRESENTATION_CONTEXT(2) 
PARAMETRIC_REPRESENTATION_CONTEXT() REPRESENTATION_CONTEXT('2D SPACE',''
  ) );
#8137 = ORIENTED_EDGE('',*,*,#8138,.T.);
#8138 = EDGE_CURVE('',#8118,#8139,#8141,.T.);
#8139 = VERTEX_POINT('',#8140);
#8140 = CARTESIAN_POINT('',(-1.0122,1.105548175731E-02,
    -6.829961440958E-03));
#8141 = SURFACE_CURVE('',#8142,(#8161,#8168),.PCURVE_S1.);
#8142 = ( BOUNDED_CURVE() B_SPLINE_CURVE(3,(#8143,#8144,#8145,#8146,
    #8147,#8148,#8149,#8150,#8151,#8152,#8153,#8154,#8155,#8156,#8157,
#8158,#8159,#8160),.UNSPECIFIED.,.F.,.F.) B_SPLINE_CURVE_WITH_KNOTS((4,1
    ,1,1,1,1,1,1,1,1,1,1,1,1,1,4),(0.,3.281818483209E-02,
    8.331472171401E-02,0.163169600212,0.282607356412,0.362210128519,
    0.441821211418,0.521490445595,0.611262750889,0.691167944743,
    0.761109091848,0.800978053181,0.860692828618,0.910445018305,
0.96019726339,1.),.UNSPECIFIED.) CURVE() GEOMETRIC_REPRESENTATION_ITEM()
 RATIONAL_B_SPLINE_CURVE((1.,1.,1.,1.,1.,1.,1.,1.,1.,1.,1.,1.,1.,1.,
    0.999999999999,1.000000000004,0.999999999993,1.)) 
REPRESENTATION_ITEM('') );
#8143 = CARTESIAN_POINT('',(0.5378,7.37032117154E-03,-3.902835109119E-03
    ));
#8144 = CARTESIAN_POINT('',(0.523430650188,1.58173814834E-02,
    -9.17418612607E-03));
#8145 = CARTESIAN_POINT('',(0.483258792956,2.899121591896E-02,
    -1.71068178702E-02));
#8146 = CARTESIAN_POINT('',(0.398489817948,3.811728010891E-02,
    -2.269669129206E-02));
#8147 = CARTESIAN_POINT('',(0.269462582488,4.512929895533E-02,
    -2.837657461915E-02));
#8148 = CARTESIAN_POINT('',(0.124451460313,4.670445809363E-02,
    -2.910050099768E-02));
#8149 = CARTESIAN_POINT('',(-2.019705092663E-02,4.849735462905E-02,
    -3.008569800778E-02));
#8150 = CARTESIAN_POINT('',(-0.144245251992,4.649179809442E-02,
    -2.89702686599E-02));
#8151 = CARTESIAN_POINT('',(-0.273480101183,4.172338650405E-02,
    -2.663609634721E-02));
#8152 = CARTESIAN_POINT('',(-0.402617556702,3.389559794855E-02,
    -2.172547066099E-02));
#8153 = CARTESIAN_POINT('',(-0.526576732963,2.425737452538E-02,
    -1.66757053097E-02));
#8154 = CARTESIAN_POINT('',(-0.624580534573,1.70581084932E-02,
    -1.104567335556E-02));
#8155 = CARTESIAN_POINT('',(-0.712476506696,1.316056403321E-02,
    -8.220293668003E-03));
#8156 = CARTESIAN_POINT('',(-0.790028640266,1.162186608662E-02,
    -7.886284786395E-03));
#8157 = CARTESIAN_POINT('',(-0.872701839491,1.221778634572E-02,
    -7.245054673727E-03));
#8158 = CARTESIAN_POINT('',(-0.945025744455,1.138948995735E-02,
    -7.091481631853E-03));
#8159 = CARTESIAN_POINT('',(-0.991548335241,9.966478338037E-03,
    -7.761632250512E-03));
#8160 = CARTESIAN_POINT('',(-1.0122,1.105548175731E-02,
    -6.829961440958E-03));
#8161 = PCURVE('',#8050,#8162);
#8162 = DEFINITIONAL_REPRESENTATION('',(#8163),#8167);
#8163 = LINE('',#8164,#8165);
#8164 = CARTESIAN_POINT('',(68.,0.));
#8165 = VECTOR('',#8166,1.);
#8166 = DIRECTION('',(0.,1.));
#8167 = ( GEOMETRIC_REPRESENTATION_CONTEXT(2) 
PARAMETRIC_REPRESENTATION_CONTEXT() REPRESENTATION_CONTEXT('2D SPACE',''
  ) );
#8168 = PCURVE('',#8169,#8206);
#8169 = ( BOUNDED_SURFACE() B_SPLINE_SURFACE(1,3,(
    (#8170,#8171,#8172,#8173,#8174,#8175,#8176,#8177,#8178,#8179,#8180
      ,#8181,#8182,#8183,#8184,#8185,#8186,#8187)
    ,(#8188,#8189,#8190,#8191,#8192,#8193,#8194,#8195,#8196,#8197,#8198
      ,#8199,#8200,#8201,#8202,#8203,#8204,#8205
)),.UNSPECIFIED.,.F.,.F.,.F.) B_SPLINE_SURFACE_WITH_KNOTS((2,2),(4,1,1,1
    ,1,1,1,1,1,1,1,1,1,1,1,4),(68.,69.),(0.,3.281818483209E-02,
    8.331472171401E-02,0.163169600212,0.282607356412,0.362210128519,
    0.441821211418,0.521490445595,0.611262750889,0.691167944743,
    0.761109091848,0.800978053181,0.860692828618,0.910445018305,
0.96019726339,1.),.UNSPECIFIED.) GEOMETRIC_REPRESENTATION_ITEM() 
RATIONAL_B_SPLINE_SURFACE((
    (1.,1.,1.,1.,1.,1.,1.,1.,1.,1.,1.,1.,1.,1.,0.999999999999
      ,1.000000000004,0.999999999993,1.)
    ,(1.,1.,1.,1.,1.,1.,1.,1.,1.,1.,1.,1.,1.,1.,0.999999999999
,1.000000000004,0.999999999993,1.
  ))) REPRESENTATION_ITEM('') SURFACE() );
#8170 = CARTESIAN_POINT('',(0.5378,7.37032117154E-03,-3.902835109119E-03
    ));
#8171 = CARTESIAN_POINT('',(0.523430650188,1.58173814834E-02,
    -9.17418612607E-03));
#8172 = CARTESIAN_POINT('',(0.483258792956,2.899121591896E-02,
    -1.71068178702E-02));
#8173 = CARTESIAN_POINT('',(0.398489817948,3.811728010891E-02,
    -2.269669129206E-02));
#8174 = CARTESIAN_POINT('',(0.269462582488,4.512929895533E-02,
    -2.837657461915E-02));
#8175 = CARTESIAN_POINT('',(0.124451460313,4.670445809363E-02,
    -2.910050099768E-02));
#8176 = CARTESIAN_POINT('',(-2.019705092663E-02,4.849735462905E-02,
    -3.008569800778E-02));
#8177 = CARTESIAN_POINT('',(-0.144245251992,4.649179809442E-02,
    -2.89702686599E-02));
#8178 = CARTESIAN_POINT('',(-0.273480101183,4.172338650405E-02,
    -2.663609634721E-02));
#8179 = CARTESIAN_POINT('',(-0.402617556702,3.389559794855E-02,
    -2.172547066099E-02));
#8180 = CARTESIAN_POINT('',(-0.526576732963,2.425737452538E-02,
    -1.66757053097E-02));
#8181 = CARTESIAN_POINT('',(-0.624580534573,1.70581084932E-02,
    -1.104567335556E-02));
#8182 = CARTESIAN_POINT('',(-0.712476506696,1.316056403321E-02,
    -8.220293668003E-03));
#8183 = CARTESIAN_POINT('',(-0.790028640266,1.162186608662E-02,
    -7.886284786395E-03));
#8184 = CARTESIAN_POINT('',(-0.872701839491,1.221778634572E-02,
    -7.245054673727E-03));
#8185 = CARTESIAN_POINT('',(-0.945025744455,1.138948995735E-02,
    -7.091481631853E-03));
#8186 = CARTESIAN_POINT('',(-0.991548335241,9.966478338037E-03,
    -7.761632250512E-03));
#8187 = CARTESIAN_POINT('',(-1.0122,1.105548175731E-02,
    -6.829961440958E-03));
#8188 = CARTESIAN_POINT('',(0.5378,7.595881263534E-03,
    -3.271897758377E-03));
#8189 = CARTESIAN_POINT('',(0.523430650188,1.630145401422E-02,
    -7.691075380201E-03));
#8190 = CARTESIAN_POINT('',(0.483258792956,2.987845830332E-02,
    -1.434130765908E-02));
#8191 = CARTESIAN_POINT('',(0.398489817948,3.928381505465E-02,
    -1.902751494357E-02));
#8192 = CARTESIAN_POINT('',(0.269462582488,4.651042856788E-02,
    -2.37891810161E-02));
#8193 = CARTESIAN_POINT('',(0.124451460313,4.813379361632E-02,
    -2.439607652382E-02));
#8194 = CARTESIAN_POINT('',(-2.019705092663E-02,4.998155966123E-02,
    -2.52220053163E-02));
#8195 = CARTESIAN_POINT('',(-0.144245251992,4.791462540562E-02,
    -2.428689771351E-02));
#8196 = CARTESIAN_POINT('',(-0.273480101183,4.300028213439E-02,
    -2.23300707034E-02));
#8197 = CARTESIAN_POINT('',(-0.402617556702,3.493293323063E-02,
    -1.821330309069E-02));
#8198 = CARTESIAN_POINT('',(-0.526576732963,2.499974320948E-02,
    -1.397988931038E-02));
#8199 = CARTESIAN_POINT('',(-0.624580534573,1.758015202854E-02,
    -9.260015573651E-03));
#8200 = CARTESIAN_POINT('',(-0.712476506696,1.356332776154E-02,
    -6.891390405573E-03));
#8201 = CARTESIAN_POINT('',(-0.790028640266,1.19775397571E-02,
    -6.611377830016E-03));
#8202 = CARTESIAN_POINT('',(-0.872701839491,1.259169746137E-02,
    -6.073809803178E-03));
#8203 = CARTESIAN_POINT('',(-0.945025744455,1.173805202722E-02,
    -5.945063577435E-03));
#8204 = CARTESIAN_POINT('',(-0.991548335241,1.027149079508E-02,
    -6.506876783118E-03));
#8205 = CARTESIAN_POINT('',(-1.0122,1.13938218953E-02,
    -5.725821077159E-03));
#8206 = DEFINITIONAL_REPRESENTATION('',(#8207),#8211);
#8207 = LINE('',#8208,#8209);
#8208 = CARTESIAN_POINT('',(68.,0.));
#8209 = VECTOR('',#8210,1.);
#8210 = DIRECTION('',(0.,1.));
#8211 = ( GEOMETRIC_REPRESENTATION_CONTEXT(2) 
PARAMETRIC_REPRESENTATION_CONTEXT() REPRESENTATION_CONTEXT('2D SPACE',''
  ) );
#8212 = ORIENTED_EDGE('',*,*,#8213,.F.);
#8213 = EDGE_CURVE('',#8020,#8139,#8214,.T.);
#8214 = SURFACE_CURVE('',#8215,(#8218,#8225),.PCURVE_S1.);
#8215 = B_SPLINE_CURVE_WITH_KNOTS('',1,(#8216,#8217),.UNSPECIFIED.,.F.,
  .F.,(2,2),(67.,68.),.PIECEWISE_BEZIER_KNOTS.);
#8216 = CARTESIAN_POINT('',(-1.0122,1.064445521619E-02,
    -7.857234338166E-03));
#8217 = CARTESIAN_POINT('',(-1.0122,1.105548175731E-02,
    -6.829961440958E-03));
#8218 = PCURVE('',#8050,#8219);
#8219 = DEFINITIONAL_REPRESENTATION('',(#8220),#8224);
#8220 = LINE('',#8221,#8222);
#8221 = CARTESIAN_POINT('',(0.,1.));
#8222 = VECTOR('',#8223,1.);
#8223 = DIRECTION('',(1.,0.));
#8224 = ( GEOMETRIC_REPRESENTATION_CONTEXT(2) 
PARAMETRIC_REPRESENTATION_CONTEXT() REPRESENTATION_CONTEXT('2D SPACE',''
  ) );
#8225 = PCURVE('',#176,#8226);
#8226 = DEFINITIONAL_REPRESENTATION('',(#8227),#8230);
#8227 = B_SPLINE_CURVE_WITH_KNOTS('',1,(#8228,#8229),.UNSPECIFIED.,.F.,
  .F.,(2,2),(67.,68.),.PIECEWISE_BEZIER_KNOTS.);
#8228 = CARTESIAN_POINT('',(-1.162596103436E-03,6.056540218417E-03));
#8229 = CARTESIAN_POINT('',(-1.135673971863E-03,4.950417430626E-03));
#8230 = ( GEOMETRIC_REPRESENTATION_CONTEXT(2) 
PARAMETRIC_REPRESENTATION_CONTEXT() REPRESENTATION_CONTEXT('2D SPACE',''
  ) );
#8231 = ORIENTED_EDGE('',*,*,#8019,.F.);
#8232 = ADVANCED_FACE('',(#8233),#8169,.F.);
#8233 = FACE_BOUND('',#8234,.F.);
#8234 = EDGE_LOOP('',(#8235,#8256,#8331,#8350));
#8235 = ORIENTED_EDGE('',*,*,#8236,.T.);
#8236 = EDGE_CURVE('',#8118,#8237,#8239,.T.);
#8237 = VERTEX_POINT('',#8238);
#8238 = CARTESIAN_POINT('',(0.5378,7.595881263534E-03,
    -3.271897758377E-03));
#8239 = SURFACE_CURVE('',#8240,(#8243,#8250),.PCURVE_S1.);
#8240 = B_SPLINE_CURVE_WITH_KNOTS('',1,(#8241,#8242),.UNSPECIFIED.,.F.,
  .F.,(2,2),(68.,69.),.PIECEWISE_BEZIER_KNOTS.);
#8241 = CARTESIAN_POINT('',(0.5378,7.37032117154E-03,-3.902835109119E-03
    ));
#8242 = CARTESIAN_POINT('',(0.5378,7.595881263534E-03,
    -3.271897758377E-03));
#8243 = PCURVE('',#8169,#8244);
#8244 = DEFINITIONAL_REPRESENTATION('',(#8245),#8249);
#8245 = LINE('',#8246,#8247);
#8246 = CARTESIAN_POINT('',(0.,0.));
#8247 = VECTOR('',#8248,1.);
#8248 = DIRECTION('',(1.,0.));
#8249 = ( GEOMETRIC_REPRESENTATION_CONTEXT(2) 
PARAMETRIC_REPRESENTATION_CONTEXT() REPRESENTATION_CONTEXT('2D SPACE',''
  ) );
#8250 = PCURVE('',#75,#8251);
#8251 = DEFINITIONAL_REPRESENTATION('',(#8252),#8255);
#8252 = B_SPLINE_CURVE_WITH_KNOTS('',1,(#8253,#8254),.UNSPECIFIED.,.F.,
  .F.,(2,2),(68.,69.),.PIECEWISE_BEZIER_KNOTS.);
#8253 = CARTESIAN_POINT('',(-5.452897719696E-05,2.918427959252E-03));
#8254 = CARTESIAN_POINT('',(-1.321612163595E-04,2.252896193591E-03));
#8255 = ( GEOMETRIC_REPRESENTATION_CONTEXT(2) 
PARAMETRIC_REPRESENTATION_CONTEXT() REPRESENTATION_CONTEXT('2D SPACE',''
  ) );
#8256 = ORIENTED_EDGE('',*,*,#8257,.T.);
#8257 = EDGE_CURVE('',#8237,#8258,#8260,.T.);
#8258 = VERTEX_POINT('',#8259);
#8259 = CARTESIAN_POINT('',(-1.0122,1.13938218953E-02,
    -5.725821077159E-03));
#8260 = SURFACE_CURVE('',#8261,(#8280,#8287),.PCURVE_S1.);
#8261 = ( BOUNDED_CURVE() B_SPLINE_CURVE(3,(#8262,#8263,#8264,#8265,
    #8266,#8267,#8268,#8269,#8270,#8271,#8272,#8273,#8274,#8275,#8276,
#8277,#8278,#8279),.UNSPECIFIED.,.F.,.F.) B_SPLINE_CURVE_WITH_KNOTS((4,1
    ,1,1,1,1,1,1,1,1,1,1,1,1,1,4),(0.,3.281818483209E-02,
    8.331472171401E-02,0.163169600212,0.282607356412,0.362210128519,
    0.441821211418,0.521490445595,0.611262750889,0.691167944743,
    0.761109091848,0.800978053181,0.860692828618,0.910445018305,
0.96019726339,1.),.UNSPECIFIED.) CURVE() GEOMETRIC_REPRESENTATION_ITEM()
 RATIONAL_B_SPLINE_CURVE((1.,1.,1.,1.,1.,1.,1.,1.,1.,1.,1.,1.,1.,1.,
    0.999999999999,1.000000000004,0.999999999993,1.)) 
REPRESENTATION_ITEM('') );
#8262 = CARTESIAN_POINT('',(0.5378,7.595881263534E-03,
    -3.271897758377E-03));
#8263 = CARTESIAN_POINT('',(0.523430650188,1.630145401422E-02,
    -7.691075380201E-03));
#8264 = CARTESIAN_POINT('',(0.483258792956,2.987845830332E-02,
    -1.434130765908E-02));
#8265 = CARTESIAN_POINT('',(0.398489817948,3.928381505465E-02,
    -1.902751494357E-02));
#8266 = CARTESIAN_POINT('',(0.269462582488,4.651042856788E-02,
    -2.37891810161E-02));
#8267 = CARTESIAN_POINT('',(0.124451460313,4.813379361632E-02,
    -2.439607652382E-02));
#8268 = CARTESIAN_POINT('',(-2.019705092663E-02,4.998155966123E-02,
    -2.52220053163E-02));
#8269 = CARTESIAN_POINT('',(-0.144245251992,4.791462540562E-02,
    -2.428689771351E-02));
#8270 = CARTESIAN_POINT('',(-0.273480101183,4.300028213439E-02,
    -2.23300707034E-02));
#8271 = CARTESIAN_POINT('',(-0.402617556702,3.493293323063E-02,
    -1.821330309069E-02));
#8272 = CARTESIAN_POINT('',(-0.526576732963,2.499974320948E-02,
    -1.397988931038E-02));
#8273 = CARTESIAN_POINT('',(-0.624580534573,1.758015202854E-02,
    -9.260015573651E-03));
#8274 = CARTESIAN_POINT('',(-0.712476506696,1.356332776154E-02,
    -6.891390405573E-03));
#8275 = CARTESIAN_POINT('',(-0.790028640266,1.19775397571E-02,
    -6.611377830016E-03));
#8276 = CARTESIAN_POINT('',(-0.872701839491,1.259169746137E-02,
    -6.073809803178E-03));
#8277 = CARTESIAN_POINT('',(-0.945025744455,1.173805202722E-02,
    -5.945063577435E-03));
#8278 = CARTESIAN_POINT('',(-0.991548335241,1.027149079508E-02,
    -6.506876783118E-03));
#8279 = CARTESIAN_POINT('',(-1.0122,1.13938218953E-02,
    -5.725821077159E-03));
#8280 = PCURVE('',#8169,#8281);
#8281 = DEFINITIONAL_REPRESENTATION('',(#8282),#8286);
#8282 = LINE('',#8283,#8284);
#8283 = CARTESIAN_POINT('',(69.,0.));
#8284 = VECTOR('',#8285,1.);
#8285 = DIRECTION('',(0.,1.));
#8286 = ( GEOMETRIC_REPRESENTATION_CONTEXT(2) 
PARAMETRIC_REPRESENTATION_CONTEXT() REPRESENTATION_CONTEXT('2D SPACE',''
  ) );
#8287 = PCURVE('',#8288,#8325);
#8288 = ( BOUNDED_SURFACE() B_SPLINE_SURFACE(1,3,(
    (#8289,#8290,#8291,#8292,#8293,#8294,#8295,#8296,#8297,#8298,#8299
      ,#8300,#8301,#8302,#8303,#8304,#8305,#8306)
    ,(#8307,#8308,#8309,#8310,#8311,#8312,#8313,#8314,#8315,#8316,#8317
      ,#8318,#8319,#8320,#8321,#8322,#8323,#8324
)),.UNSPECIFIED.,.F.,.F.,.F.) B_SPLINE_SURFACE_WITH_KNOTS((2,2),(4,1,1,1
    ,1,1,1,1,1,1,1,1,1,1,1,4),(69.,70.),(0.,3.281818483209E-02,
    8.331472171401E-02,0.163169600212,0.282607356412,0.362210128519,
    0.441821211418,0.521490445595,0.611262750889,0.691167944743,
    0.761109091848,0.800978053181,0.860692828618,0.910445018305,
0.96019726339,1.),.UNSPECIFIED.) GEOMETRIC_REPRESENTATION_ITEM() 
RATIONAL_B_SPLINE_SURFACE((
    (1.,1.,1.,1.,1.,1.,1.,1.,1.,1.,1.,1.,1.,1.,0.999999999999
      ,1.000000000004,0.999999999993,1.)
    ,(1.,1.,1.,1.,1.,1.,1.,1.,1.,1.,1.,1.,1.,1.,0.999999999999
,1.000000000004,0.999999999993,1.
  ))) REPRESENTATION_ITEM('') SURFACE() );
#8289 = CARTESIAN_POINT('',(0.5378,7.595881263534E-03,
    -3.271897758377E-03));
#8290 = CARTESIAN_POINT('',(0.523430650188,1.630145401422E-02,
    -7.691075380201E-03));
#8291 = CARTESIAN_POINT('',(0.483258792956,2.987845830332E-02,
    -1.434130765908E-02));
#8292 = CARTESIAN_POINT('',(0.398489817948,3.928381505465E-02,
    -1.902751494357E-02));
#8293 = CARTESIAN_POINT('',(0.269462582488,4.651042856788E-02,
    -2.37891810161E-02));
#8294 = CARTESIAN_POINT('',(0.124451460313,4.813379361632E-02,
    -2.439607652382E-02));
#8295 = CARTESIAN_POINT('',(-2.019705092663E-02,4.998155966123E-02,
    -2.52220053163E-02));
#8296 = CARTESIAN_POINT('',(-0.144245251992,4.791462540562E-02,
    -2.428689771351E-02));
#8297 = CARTESIAN_POINT('',(-0.273480101183,4.300028213439E-02,
    -2.23300707034E-02));
#8298 = CARTESIAN_POINT('',(-0.402617556702,3.493293323063E-02,
    -1.821330309069E-02));
#8299 = CARTESIAN_POINT('',(-0.526576732963,2.499974320948E-02,
    -1.397988931038E-02));
#8300 = CARTESIAN_POINT('',(-0.624580534573,1.758015202854E-02,
    -9.260015573651E-03));
#8301 = CARTESIAN_POINT('',(-0.712476506696,1.356332776154E-02,
    -6.891390405573E-03));
#8302 = CARTESIAN_POINT('',(-0.790028640266,1.19775397571E-02,
    -6.611377830016E-03));
#8303 = CARTESIAN_POINT('',(-0.872701839491,1.259169746137E-02,
    -6.073809803178E-03));
#8304 = CARTESIAN_POINT('',(-0.945025744455,1.173805202722E-02,
    -5.945063577435E-03));
#8305 = CARTESIAN_POINT('',(-0.991548335241,1.027149079508E-02,
    -6.506876783118E-03));
#8306 = CARTESIAN_POINT('',(-1.0122,1.13938218953E-02,
    -5.725821077159E-03));
#8307 = CARTESIAN_POINT('',(0.5378,7.772185105986E-03,
    -2.593702610453E-03));
#8308 = CARTESIAN_POINT('',(0.523430650188,1.667981814085E-02,
    -6.096878253537E-03));
#8309 = CARTESIAN_POINT('',(0.483258792956,3.057195084522E-02,
    -1.136865814875E-02));
#8310 = CARTESIAN_POINT('',(0.398489817948,4.019561018414E-02,
    -1.508351385774E-02));
#8311 = CARTESIAN_POINT('',(0.269462582488,4.758995666818E-02,
    -1.885818734526E-02));
#8312 = CARTESIAN_POINT('',(0.124451460313,4.925100075423E-02,
    -1.93392862606E-02));
#8313 = CARTESIAN_POINT('',(-2.019705092663E-02,5.114165428544E-02,
    -1.999401749711E-02));
#8314 = CARTESIAN_POINT('',(-0.144245251992,4.902674555015E-02,
    -1.925273790664E-02));
#8315 = CARTESIAN_POINT('',(-0.273480101183,4.399833814708E-02,
    -1.770151971489E-02));
#8316 = CARTESIAN_POINT('',(-0.402617556702,3.574374242353E-02,
    -1.443807088726E-02));
#8317 = CARTESIAN_POINT('',(-0.526576732963,2.557999856566E-02,
    -1.108215417347E-02));
#8318 = CARTESIAN_POINT('',(-0.624580534573,1.79881953149E-02,
    -7.340610355175E-03));
#8319 = CARTESIAN_POINT('',(-0.712476506696,1.387813873841E-02,
    -5.462951046933E-03));
#8320 = CARTESIAN_POINT('',(-0.790028640266,1.225554387656E-02,
    -5.240979151172E-03));
#8321 = CARTESIAN_POINT('',(-0.872701839491,1.28839564592E-02,
    -4.81483759739E-03));
#8322 = CARTESIAN_POINT('',(-0.945025744455,1.201049752795E-02,
    -4.712777739095E-03));
#8323 = CARTESIAN_POINT('',(-0.991548335241,1.050989674611E-02,
    -5.158138959193E-03));
#8324 = CARTESIAN_POINT('',(-1.0122,1.165827765898E-02,
    -4.538979568293E-03));
#8325 = DEFINITIONAL_REPRESENTATION('',(#8326),#8330);
#8326 = LINE('',#8327,#8328);
#8327 = CARTESIAN_POINT('',(69.,0.));
#8328 = VECTOR('',#8329,1.);
#8329 = DIRECTION('',(0.,1.));
#8330 = ( GEOMETRIC_REPRESENTATION_CONTEXT(2) 
PARAMETRIC_REPRESENTATION_CONTEXT() REPRESENTATION_CONTEXT('2D SPACE',''
  ) );
#8331 = ORIENTED_EDGE('',*,*,#8332,.F.);
#8332 = EDGE_CURVE('',#8139,#8258,#8333,.T.);
#8333 = SURFACE_CURVE('',#8334,(#8337,#8344),.PCURVE_S1.);
#8334 = B_SPLINE_CURVE_WITH_KNOTS('',1,(#8335,#8336),.UNSPECIFIED.,.F.,
  .F.,(2,2),(68.,69.),.PIECEWISE_BEZIER_KNOTS.);
#8335 = CARTESIAN_POINT('',(-1.0122,1.105548175731E-02,
    -6.829961440958E-03));
#8336 = CARTESIAN_POINT('',(-1.0122,1.13938218953E-02,
    -5.725821077159E-03));
#8337 = PCURVE('',#8169,#8338);
#8338 = DEFINITIONAL_REPRESENTATION('',(#8339),#8343);
#8339 = LINE('',#8340,#8341);
#8340 = CARTESIAN_POINT('',(0.,1.));
#8341 = VECTOR('',#8342,1.);
#8342 = DIRECTION('',(1.,0.));
#8343 = ( GEOMETRIC_REPRESENTATION_CONTEXT(2) 
PARAMETRIC_REPRESENTATION_CONTEXT() REPRESENTATION_CONTEXT('2D SPACE',''
  ) );
#8344 = PCURVE('',#176,#8345);
#8345 = DEFINITIONAL_REPRESENTATION('',(#8346),#8349);
#8346 = B_SPLINE_CURVE_WITH_KNOTS('',1,(#8347,#8348),.UNSPECIFIED.,.F.,
  .F.,(2,2),(68.,69.),.PIECEWISE_BEZIER_KNOTS.);
#8347 = CARTESIAN_POINT('',(-1.135673971863E-03,4.950417430626E-03));
#8348 = CARTESIAN_POINT('',(-1.01166092074E-03,3.802279479377E-03));
#8349 = ( GEOMETRIC_REPRESENTATION_CONTEXT(2) 
PARAMETRIC_REPRESENTATION_CONTEXT() REPRESENTATION_CONTEXT('2D SPACE',''
  ) );
#8350 = ORIENTED_EDGE('',*,*,#8138,.F.);
#8351 = ADVANCED_FACE('',(#8352),#8288,.F.);
#8352 = FACE_BOUND('',#8353,.F.);
#8353 = EDGE_LOOP('',(#8354,#8375,#8450,#8469));
#8354 = ORIENTED_EDGE('',*,*,#8355,.T.);
#8355 = EDGE_CURVE('',#8237,#8356,#8358,.T.);
#8356 = VERTEX_POINT('',#8357);
#8357 = CARTESIAN_POINT('',(0.5378,7.772185105986E-03,
    -2.593702610453E-03));
#8358 = SURFACE_CURVE('',#8359,(#8362,#8369),.PCURVE_S1.);
#8359 = B_SPLINE_CURVE_WITH_KNOTS('',1,(#8360,#8361),.UNSPECIFIED.,.F.,
  .F.,(2,2),(69.,70.),.PIECEWISE_BEZIER_KNOTS.);
#8360 = CARTESIAN_POINT('',(0.5378,7.595881263534E-03,
    -3.271897758377E-03));
#8361 = CARTESIAN_POINT('',(0.5378,7.772185105986E-03,
    -2.593702610453E-03));
#8362 = PCURVE('',#8288,#8363);
#8363 = DEFINITIONAL_REPRESENTATION('',(#8364),#8368);
#8364 = LINE('',#8365,#8366);
#8365 = CARTESIAN_POINT('',(0.,0.));
#8366 = VECTOR('',#8367,1.);
#8367 = DIRECTION('',(1.,0.));
#8368 = ( GEOMETRIC_REPRESENTATION_CONTEXT(2) 
PARAMETRIC_REPRESENTATION_CONTEXT() REPRESENTATION_CONTEXT('2D SPACE',''
  ) );
#8369 = PCURVE('',#75,#8370);
#8370 = DEFINITIONAL_REPRESENTATION('',(#8371),#8374);
#8371 = B_SPLINE_CURVE_WITH_KNOTS('',1,(#8372,#8373),.UNSPECIFIED.,.F.,
  .F.,(2,2),(69.,70.),.PIECEWISE_BEZIER_KNOTS.);
#8372 = CARTESIAN_POINT('',(-1.321612163595E-04,2.252896193591E-03));
#8373 = CARTESIAN_POINT('',(-1.511575647628E-04,1.552417184428E-03));
#8374 = ( GEOMETRIC_REPRESENTATION_CONTEXT(2) 
PARAMETRIC_REPRESENTATION_CONTEXT() REPRESENTATION_CONTEXT('2D SPACE',''
  ) );
#8375 = ORIENTED_EDGE('',*,*,#8376,.T.);
#8376 = EDGE_CURVE('',#8356,#8377,#8379,.T.);
#8377 = VERTEX_POINT('',#8378);
#8378 = CARTESIAN_POINT('',(-1.0122,1.165827765898E-02,
    -4.538979568293E-03));
#8379 = SURFACE_CURVE('',#8380,(#8399,#8406),.PCURVE_S1.);
#8380 = ( BOUNDED_CURVE() B_SPLINE_CURVE(3,(#8381,#8382,#8383,#8384,
    #8385,#8386,#8387,#8388,#8389,#8390,#8391,#8392,#8393,#8394,#8395,
#8396,#8397,#8398),.UNSPECIFIED.,.F.,.F.) B_SPLINE_CURVE_WITH_KNOTS((4,1
    ,1,1,1,1,1,1,1,1,1,1,1,1,1,4),(0.,3.281818483209E-02,
    8.331472171401E-02,0.163169600212,0.282607356412,0.362210128519,
    0.441821211418,0.521490445595,0.611262750889,0.691167944743,
    0.761109091848,0.800978053181,0.860692828618,0.910445018305,
0.96019726339,1.),.UNSPECIFIED.) CURVE() GEOMETRIC_REPRESENTATION_ITEM()
 RATIONAL_B_SPLINE_CURVE((1.,1.,1.,1.,1.,1.,1.,1.,1.,1.,1.,1.,1.,1.,
    0.999999999999,1.000000000004,0.999999999993,1.)) 
REPRESENTATION_ITEM('') );
#8381 = CARTESIAN_POINT('',(0.5378,7.772185105986E-03,
    -2.593702610453E-03));
#8382 = CARTESIAN_POINT('',(0.523430650188,1.667981814085E-02,
    -6.096878253537E-03));
#8383 = CARTESIAN_POINT('',(0.483258792956,3.057195084522E-02,
    -1.136865814875E-02));
#8384 = CARTESIAN_POINT('',(0.398489817948,4.019561018414E-02,
    -1.508351385774E-02));
#8385 = CARTESIAN_POINT('',(0.269462582488,4.758995666818E-02,
    -1.885818734526E-02));
#8386 = CARTESIAN_POINT('',(0.124451460313,4.925100075423E-02,
    -1.93392862606E-02));
#8387 = CARTESIAN_POINT('',(-2.019705092663E-02,5.114165428544E-02,
    -1.999401749711E-02));
#8388 = CARTESIAN_POINT('',(-0.144245251992,4.902674555015E-02,
    -1.925273790664E-02));
#8389 = CARTESIAN_POINT('',(-0.273480101183,4.399833814708E-02,
    -1.770151971489E-02));
#8390 = CARTESIAN_POINT('',(-0.402617556702,3.574374242353E-02,
    -1.443807088726E-02));
#8391 = CARTESIAN_POINT('',(-0.526576732963,2.557999856566E-02,
    -1.108215417347E-02));
#8392 = CARTESIAN_POINT('',(-0.624580534573,1.79881953149E-02,
    -7.340610355175E-03));
#8393 = CARTESIAN_POINT('',(-0.712476506696,1.387813873841E-02,
    -5.462951046933E-03));
#8394 = CARTESIAN_POINT('',(-0.790028640266,1.225554387656E-02,
    -5.240979151172E-03));
#8395 = CARTESIAN_POINT('',(-0.872701839491,1.28839564592E-02,
    -4.81483759739E-03));
#8396 = CARTESIAN_POINT('',(-0.945025744455,1.201049752795E-02,
    -4.712777739095E-03));
#8397 = CARTESIAN_POINT('',(-0.991548335241,1.050989674611E-02,
    -5.158138959193E-03));
#8398 = CARTESIAN_POINT('',(-1.0122,1.165827765898E-02,
    -4.538979568293E-03));
#8399 = PCURVE('',#8288,#8400);
#8400 = DEFINITIONAL_REPRESENTATION('',(#8401),#8405);
#8401 = LINE('',#8402,#8403);
#8402 = CARTESIAN_POINT('',(70.,0.));
#8403 = VECTOR('',#8404,1.);
#8404 = DIRECTION('',(0.,1.));
#8405 = ( GEOMETRIC_REPRESENTATION_CONTEXT(2) 
PARAMETRIC_REPRESENTATION_CONTEXT() REPRESENTATION_CONTEXT('2D SPACE',''
  ) );
#8406 = PCURVE('',#8407,#8444);
#8407 = ( BOUNDED_SURFACE() B_SPLINE_SURFACE(1,3,(
    (#8408,#8409,#8410,#8411,#8412,#8413,#8414,#8415,#8416,#8417,#8418
      ,#8419,#8420,#8421,#8422,#8423,#8424,#8425)
    ,(#8426,#8427,#8428,#8429,#8430,#8431,#8432,#8433,#8434,#8435,#8436
      ,#8437,#8438,#8439,#8440,#8441,#8442,#8443
)),.UNSPECIFIED.,.F.,.F.,.F.) B_SPLINE_SURFACE_WITH_KNOTS((2,2),(4,1,1,1
    ,1,1,1,1,1,1,1,1,1,1,1,4),(70.,71.),(0.,3.281818483209E-02,
    8.331472171401E-02,0.163169600212,0.282607356412,0.362210128519,
    0.441821211418,0.521490445595,0.611262750889,0.691167944743,
    0.761109091848,0.800978053181,0.860692828618,0.910445018305,
0.96019726339,1.),.UNSPECIFIED.) GEOMETRIC_REPRESENTATION_ITEM() 
RATIONAL_B_SPLINE_SURFACE((
    (1.,1.,1.,1.,1.,1.,1.,1.,1.,1.,1.,1.,1.,1.,0.999999999999
      ,1.000000000004,0.999999999993,1.)
    ,(1.,1.,1.,1.,1.,1.,1.,1.,1.,1.,1.,1.,1.,1.,0.999999999999
,1.000000000004,0.999999999993,1.
  ))) REPRESENTATION_ITEM('') SURFACE() );
#8408 = CARTESIAN_POINT('',(0.5378,7.772185105986E-03,
    -2.593702610453E-03));
#8409 = CARTESIAN_POINT('',(0.523430650188,1.667981814085E-02,
    -6.096878253537E-03));
#8410 = CARTESIAN_POINT('',(0.483258792956,3.057195084522E-02,
    -1.136865814875E-02));
#8411 = CARTESIAN_POINT('',(0.398489817948,4.019561018414E-02,
    -1.508351385774E-02));
#8412 = CARTESIAN_POINT('',(0.269462582488,4.758995666818E-02,
    -1.885818734526E-02));
#8413 = CARTESIAN_POINT('',(0.124451460313,4.925100075423E-02,
    -1.93392862606E-02));
#8414 = CARTESIAN_POINT('',(-2.019705092663E-02,5.114165428544E-02,
    -1.999401749711E-02));
#8415 = CARTESIAN_POINT('',(-0.144245251992,4.902674555015E-02,
    -1.925273790664E-02));
#8416 = CARTESIAN_POINT('',(-0.273480101183,4.399833814708E-02,
    -1.770151971489E-02));
#8417 = CARTESIAN_POINT('',(-0.402617556702,3.574374242353E-02,
    -1.443807088726E-02));
#8418 = CARTESIAN_POINT('',(-0.526576732963,2.557999856566E-02,
    -1.108215417347E-02));
#8419 = CARTESIAN_POINT('',(-0.624580534573,1.79881953149E-02,
    -7.340610355175E-03));
#8420 = CARTESIAN_POINT('',(-0.712476506696,1.387813873841E-02,
    -5.462951046933E-03));
#8421 = CARTESIAN_POINT('',(-0.790028640266,1.225554387656E-02,
    -5.240979151172E-03));
#8422 = CARTESIAN_POINT('',(-0.872701839491,1.28839564592E-02,
    -4.81483759739E-03));
#8423 = CARTESIAN_POINT('',(-0.945025744455,1.201049752795E-02,
    -4.712777739095E-03));
#8424 = CARTESIAN_POINT('',(-0.991548335241,1.050989674611E-02,
    -5.158138959193E-03));
#8425 = CARTESIAN_POINT('',(-1.0122,1.165827765898E-02,
    -4.538979568293E-03));
#8426 = CARTESIAN_POINT('',(0.5378,7.898589364907E-03,
    -1.859866814215E-03));
#8427 = CARTESIAN_POINT('',(0.523430650188,1.695109320985E-02,
    -4.371889625417E-03));
#8428 = CARTESIAN_POINT('',(0.483258792956,3.106916298541E-02,
    -8.152125817281E-03));
#8429 = CARTESIAN_POINT('',(0.398489817948,4.08493383504E-02,
    -1.081593809279E-02));
#8430 = CARTESIAN_POINT('',(0.269462582488,4.836394405047E-02,
    -1.35226439139E-02));
#8431 = CARTESIAN_POINT('',(0.124451460313,5.005200281048E-02,
    -1.386762560277E-02));
#8432 = CARTESIAN_POINT('',(-2.019705092663E-02,5.197340530808E-02,
    -1.433711385255E-02));
#8433 = CARTESIAN_POINT('',(-0.144245251992,4.982410039362E-02,
    -1.380556435847E-02));
#8434 = CARTESIAN_POINT('',(-0.273480101183,4.471391262858E-02,
    -1.269323204065E-02));
#8435 = CARTESIAN_POINT('',(-0.402617556702,3.632506687869E-02,
    -1.035311018167E-02));
#8436 = CARTESIAN_POINT('',(-0.526576732963,2.599602323798E-02,
    -7.946682358338E-03));
#8437 = CARTESIAN_POINT('',(-0.624580534573,1.828074939938E-02,
    -5.263732835311E-03));
#8438 = CARTESIAN_POINT('',(-0.712476506696,1.410384821631E-02,
    -3.917319325251E-03));
#8439 = CARTESIAN_POINT('',(-0.790028640266,1.245486400603E-02,
    -3.758149896572E-03));
#8440 = CARTESIAN_POINT('',(-0.872701839491,1.309349688386E-02,
    -3.452576493262E-03));
#8441 = CARTESIAN_POINT('',(-0.945025744455,1.220583230452E-02,
    -3.379392411417E-03));
#8442 = CARTESIAN_POINT('',(-0.991548335241,1.068082624512E-02,
    -3.698747665006E-03));
#8443 = CARTESIAN_POINT('',(-1.0122,1.184788404736E-02,
    -3.254766924877E-03));
#8444 = DEFINITIONAL_REPRESENTATION('',(#8445),#8449);
#8445 = LINE('',#8446,#8447);
#8446 = CARTESIAN_POINT('',(70.,0.));
#8447 = VECTOR('',#8448,1.);
#8448 = DIRECTION('',(0.,1.));
#8449 = ( GEOMETRIC_REPRESENTATION_CONTEXT(2) 
PARAMETRIC_REPRESENTATION_CONTEXT() REPRESENTATION_CONTEXT('2D SPACE',''
  ) );
#8450 = ORIENTED_EDGE('',*,*,#8451,.F.);
#8451 = EDGE_CURVE('',#8258,#8377,#8452,.T.);
#8452 = SURFACE_CURVE('',#8453,(#8456,#8463),.PCURVE_S1.);
#8453 = B_SPLINE_CURVE_WITH_KNOTS('',1,(#8454,#8455),.UNSPECIFIED.,.F.,
  .F.,(2,2),(69.,70.),.PIECEWISE_BEZIER_KNOTS.);
#8454 = CARTESIAN_POINT('',(-1.0122,1.13938218953E-02,
    -5.725821077159E-03));
#8455 = CARTESIAN_POINT('',(-1.0122,1.165827765898E-02,
    -4.538979568293E-03));
#8456 = PCURVE('',#8288,#8457);
#8457 = DEFINITIONAL_REPRESENTATION('',(#8458),#8462);
#8458 = LINE('',#8459,#8460);
#8459 = CARTESIAN_POINT('',(0.,1.));
#8460 = VECTOR('',#8461,1.);
#8461 = DIRECTION('',(1.,0.));
#8462 = ( GEOMETRIC_REPRESENTATION_CONTEXT(2) 
PARAMETRIC_REPRESENTATION_CONTEXT() REPRESENTATION_CONTEXT('2D SPACE',''
  ) );
#8463 = PCURVE('',#176,#8464);
#8464 = DEFINITIONAL_REPRESENTATION('',(#8465),#8468);
#8465 = B_SPLINE_CURVE_WITH_KNOTS('',1,(#8466,#8467),.UNSPECIFIED.,.F.,
  .F.,(2,2),(69.,70.),.PIECEWISE_BEZIER_KNOTS.);
#8466 = CARTESIAN_POINT('',(-1.01166092074E-03,3.802279479377E-03));
#8467 = CARTESIAN_POINT('',(-7.871576101076E-04,2.607236433447E-03));
#8468 = ( GEOMETRIC_REPRESENTATION_CONTEXT(2) 
PARAMETRIC_REPRESENTATION_CONTEXT() REPRESENTATION_CONTEXT('2D SPACE',''
  ) );
#8469 = ORIENTED_EDGE('',*,*,#8257,.F.);
#8470 = ADVANCED_FACE('',(#8471),#8407,.F.);
#8471 = FACE_BOUND('',#8472,.F.);
#8472 = EDGE_LOOP('',(#8473,#8494,#8532,#8551));
#8473 = ORIENTED_EDGE('',*,*,#8474,.T.);
#8474 = EDGE_CURVE('',#8356,#8475,#8477,.T.);
#8475 = VERTEX_POINT('',#8476);
#8476 = CARTESIAN_POINT('',(0.5378,7.898589364907E-03,
    -1.859866814215E-03));
#8477 = SURFACE_CURVE('',#8478,(#8481,#8488),.PCURVE_S1.);
#8478 = B_SPLINE_CURVE_WITH_KNOTS('',1,(#8479,#8480),.UNSPECIFIED.,.F.,
  .F.,(2,2),(70.,71.),.PIECEWISE_BEZIER_KNOTS.);
#8479 = CARTESIAN_POINT('',(0.5378,7.772185105986E-03,
    -2.593702610453E-03));
#8480 = CARTESIAN_POINT('',(0.5378,7.898589364907E-03,
    -1.859866814215E-03));
#8481 = PCURVE('',#8407,#8482);
#8482 = DEFINITIONAL_REPRESENTATION('',(#8483),#8487);
#8483 = LINE('',#8484,#8485);
#8484 = CARTESIAN_POINT('',(0.,0.));
#8485 = VECTOR('',#8486,1.);
#8486 = DIRECTION('',(1.,0.));
#8487 = ( GEOMETRIC_REPRESENTATION_CONTEXT(2) 
PARAMETRIC_REPRESENTATION_CONTEXT() REPRESENTATION_CONTEXT('2D SPACE',''
  ) );
#8488 = PCURVE('',#75,#8489);
#8489 = DEFINITIONAL_REPRESENTATION('',(#8490),#8493);
#8490 = B_SPLINE_CURVE_WITH_KNOTS('',1,(#8491,#8492),.UNSPECIFIED.,.F.,
  .F.,(2,2),(70.,71.),.PIECEWISE_BEZIER_KNOTS.);
#8491 = CARTESIAN_POINT('',(-1.511575647628E-04,1.552417184428E-03));
#8492 = CARTESIAN_POINT('',(-1.090028330144E-04,8.089684699192E-04));
#8493 = ( GEOMETRIC_REPRESENTATION_CONTEXT(2) 
PARAMETRIC_REPRESENTATION_CONTEXT() REPRESENTATION_CONTEXT('2D SPACE',''
  ) );
#8494 = ORIENTED_EDGE('',*,*,#8495,.T.);
#8495 = EDGE_CURVE('',#8475,#8496,#8498,.T.);
#8496 = VERTEX_POINT('',#8497);
#8497 = CARTESIAN_POINT('',(-1.0122,1.184788404736E-02,
    -3.254766924877E-03));
#8498 = SURFACE_CURVE('',#8499,(#8518,#8525),.PCURVE_S1.);
#8499 = ( BOUNDED_CURVE() B_SPLINE_CURVE(3,(#8500,#8501,#8502,#8503,
    #8504,#8505,#8506,#8507,#8508,#8509,#8510,#8511,#8512,#8513,#8514,
#8515,#8516,#8517),.UNSPECIFIED.,.F.,.F.) B_SPLINE_CURVE_WITH_KNOTS((4,1
    ,1,1,1,1,1,1,1,1,1,1,1,1,1,4),(0.,3.281818483209E-02,
    8.331472171401E-02,0.163169600212,0.282607356412,0.362210128519,
    0.441821211418,0.521490445595,0.611262750889,0.691167944743,
    0.761109091848,0.800978053181,0.860692828618,0.910445018305,
0.96019726339,1.),.UNSPECIFIED.) CURVE() GEOMETRIC_REPRESENTATION_ITEM()
 RATIONAL_B_SPLINE_CURVE((1.,1.,1.,1.,1.,1.,1.,1.,1.,1.,1.,1.,1.,1.,
    0.999999999999,1.000000000004,0.999999999993,1.)) 
REPRESENTATION_ITEM('') );
#8500 = CARTESIAN_POINT('',(0.5378,7.898589364907E-03,
    -1.859866814215E-03));
#8501 = CARTESIAN_POINT('',(0.523430650188,1.695109320985E-02,
    -4.371889625417E-03));
#8502 = CARTESIAN_POINT('',(0.483258792956,3.106916298541E-02,
    -8.152125817281E-03));
#8503 = CARTESIAN_POINT('',(0.398489817948,4.08493383504E-02,
    -1.081593809279E-02));
#8504 = CARTESIAN_POINT('',(0.269462582488,4.836394405047E-02,
    -1.35226439139E-02));
#8505 = CARTESIAN_POINT('',(0.124451460313,5.005200281048E-02,
    -1.386762560277E-02));
#8506 = CARTESIAN_POINT('',(-2.019705092663E-02,5.197340530808E-02,
    -1.433711385255E-02));
#8507 = CARTESIAN_POINT('',(-0.144245251992,4.982410039362E-02,
    -1.380556435847E-02));
#8508 = CARTESIAN_POINT('',(-0.273480101183,4.471391262858E-02,
    -1.269323204065E-02));
#8509 = CARTESIAN_POINT('',(-0.402617556702,3.632506687869E-02,
    -1.035311018167E-02));
#8510 = CARTESIAN_POINT('',(-0.526576732963,2.599602323798E-02,
    -7.946682358338E-03));
#8511 = CARTESIAN_POINT('',(-0.624580534573,1.828074939938E-02,
    -5.263732835311E-03));
#8512 = CARTESIAN_POINT('',(-0.712476506696,1.410384821631E-02,
    -3.917319325251E-03));
#8513 = CARTESIAN_POINT('',(-0.790028640266,1.245486400603E-02,
    -3.758149896572E-03));
#8514 = CARTESIAN_POINT('',(-0.872701839491,1.309349688386E-02,
    -3.452576493262E-03));
#8515 = CARTESIAN_POINT('',(-0.945025744455,1.220583230452E-02,
    -3.379392411417E-03));
#8516 = CARTESIAN_POINT('',(-0.991548335241,1.068082624512E-02,
    -3.698747665006E-03));
#8517 = CARTESIAN_POINT('',(-1.0122,1.184788404736E-02,
    -3.254766924877E-03));
#8518 = PCURVE('',#8407,#8519);
#8519 = DEFINITIONAL_REPRESENTATION('',(#8520),#8524);
#8520 = LINE('',#8521,#8522);
#8521 = CARTESIAN_POINT('',(71.,0.));
#8522 = VECTOR('',#8523,1.);
#8523 = DIRECTION('',(0.,1.));
#8524 = ( GEOMETRIC_REPRESENTATION_CONTEXT(2) 
PARAMETRIC_REPRESENTATION_CONTEXT() REPRESENTATION_CONTEXT('2D SPACE',''
  ) );
#8525 = PCURVE('',#216,#8526);
#8526 = DEFINITIONAL_REPRESENTATION('',(#8527),#8531);
#8527 = LINE('',#8528,#8529);
#8528 = CARTESIAN_POINT('',(71.,0.));
#8529 = VECTOR('',#8530,1.);
#8530 = DIRECTION('',(0.,1.));
#8531 = ( GEOMETRIC_REPRESENTATION_CONTEXT(2) 
PARAMETRIC_REPRESENTATION_CONTEXT() REPRESENTATION_CONTEXT('2D SPACE',''
  ) );
#8532 = ORIENTED_EDGE('',*,*,#8533,.F.);
#8533 = EDGE_CURVE('',#8377,#8496,#8534,.T.);
#8534 = SURFACE_CURVE('',#8535,(#8538,#8545),.PCURVE_S1.);
#8535 = B_SPLINE_CURVE_WITH_KNOTS('',1,(#8536,#8537),.UNSPECIFIED.,.F.,
  .F.,(2,2),(70.,71.),.PIECEWISE_BEZIER_KNOTS.);
#8536 = CARTESIAN_POINT('',(-1.0122,1.165827765898E-02,
    -4.538979568293E-03));
#8537 = CARTESIAN_POINT('',(-1.0122,1.184788404736E-02,
    -3.254766924877E-03));
#8538 = PCURVE('',#8407,#8539);
#8539 = DEFINITIONAL_REPRESENTATION('',(#8540),#8544);
#8540 = LINE('',#8541,#8542);
#8541 = CARTESIAN_POINT('',(0.,1.));
#8542 = VECTOR('',#8543,1.);
#8543 = DIRECTION('',(1.,0.));
#8544 = ( GEOMETRIC_REPRESENTATION_CONTEXT(2) 
PARAMETRIC_REPRESENTATION_CONTEXT() REPRESENTATION_CONTEXT('2D SPACE',''
  ) );
#8545 = PCURVE('',#176,#8546);
#8546 = DEFINITIONAL_REPRESENTATION('',(#8547),#8550);
#8547 = B_SPLINE_CURVE_WITH_KNOTS('',1,(#8548,#8549),.UNSPECIFIED.,.F.,
  .F.,(2,2),(70.,71.),.PIECEWISE_BEZIER_KNOTS.);
#8548 = CARTESIAN_POINT('',(-7.871576101076E-04,2.607236433447E-03));
#8549 = CARTESIAN_POINT('',(-4.554976500326E-04,1.352184893905E-03));
#8550 = ( GEOMETRIC_REPRESENTATION_CONTEXT(2) 
PARAMETRIC_REPRESENTATION_CONTEXT() REPRESENTATION_CONTEXT('2D SPACE',''
  ) );
#8551 = ORIENTED_EDGE('',*,*,#8376,.F.);
#8552 = ADVANCED_FACE('',(#8553),#216,.F.);
#8553 = FACE_BOUND('',#8554,.F.);
#8554 = EDGE_LOOP('',(#8555,#8574,#8575,#8594));
#8555 = ORIENTED_EDGE('',*,*,#8556,.T.);
#8556 = EDGE_CURVE('',#8475,#22,#8557,.T.);
#8557 = SURFACE_CURVE('',#8558,(#8561,#8568),.PCURVE_S1.);
#8558 = B_SPLINE_CURVE_WITH_KNOTS('',1,(#8559,#8560),.UNSPECIFIED.,.F.,
  .F.,(2,2),(71.,72.),.PIECEWISE_BEZIER_KNOTS.);
#8559 = CARTESIAN_POINT('',(0.5378,7.898589364907E-03,
    -1.859866814215E-03));
#8560 = CARTESIAN_POINT('',(0.5378,7.974623264059E-03,
    -1.047136570464E-03));
#8561 = PCURVE('',#216,#8562);
#8562 = DEFINITIONAL_REPRESENTATION('',(#8563),#8567);
#8563 = LINE('',#8564,#8565);
#8564 = CARTESIAN_POINT('',(0.,0.));
#8565 = VECTOR('',#8566,1.);
#8566 = DIRECTION('',(1.,0.));
#8567 = ( GEOMETRIC_REPRESENTATION_CONTEXT(2) 
PARAMETRIC_REPRESENTATION_CONTEXT() REPRESENTATION_CONTEXT('2D SPACE',''
  ) );
#8568 = PCURVE('',#75,#8569);
#8569 = DEFINITIONAL_REPRESENTATION('',(#8570),#8573);
#8570 = B_SPLINE_CURVE_WITH_KNOTS('',1,(#8571,#8572),.UNSPECIFIED.,.F.,
  .F.,(2,2),(71.,72.),.PIECEWISE_BEZIER_KNOTS.);
#8571 = CARTESIAN_POINT('',(-1.090028330144E-04,8.089684699192E-04));
#8572 = CARTESIAN_POINT('',(0.,0.));
#8573 = ( GEOMETRIC_REPRESENTATION_CONTEXT(2) 
PARAMETRIC_REPRESENTATION_CONTEXT() REPRESENTATION_CONTEXT('2D SPACE',''
  ) );
#8574 = ORIENTED_EDGE('',*,*,#187,.T.);
#8575 = ORIENTED_EDGE('',*,*,#8576,.F.);
#8576 = EDGE_CURVE('',#8496,#162,#8577,.T.);
#8577 = SURFACE_CURVE('',#8578,(#8581,#8588),.PCURVE_S1.);
#8578 = B_SPLINE_CURVE_WITH_KNOTS('',1,(#8579,#8580),.UNSPECIFIED.,.F.,
  .F.,(2,2),(71.,72.),.PIECEWISE_BEZIER_KNOTS.);
#8579 = CARTESIAN_POINT('',(-1.0122,1.184788404736E-02,
    -3.254766924877E-03));
#8580 = CARTESIAN_POINT('',(-1.0122,1.196193489609E-02,
    -1.832488998312E-03));
#8581 = PCURVE('',#216,#8582);
#8582 = DEFINITIONAL_REPRESENTATION('',(#8583),#8587);
#8583 = LINE('',#8584,#8585);
#8584 = CARTESIAN_POINT('',(0.,1.));
#8585 = VECTOR('',#8586,1.);
#8586 = DIRECTION('',(1.,0.));
#8587 = ( GEOMETRIC_REPRESENTATION_CONTEXT(2) 
PARAMETRIC_REPRESENTATION_CONTEXT() REPRESENTATION_CONTEXT('2D SPACE',''
  ) );
#8588 = PCURVE('',#176,#8589);
#8589 = DEFINITIONAL_REPRESENTATION('',(#8590),#8593);
#8590 = B_SPLINE_CURVE_WITH_KNOTS('',1,(#8591,#8592),.UNSPECIFIED.,.F.,
  .F.,(2,2),(71.,72.),.PIECEWISE_BEZIER_KNOTS.);
#8591 = CARTESIAN_POINT('',(-4.554976500326E-04,1.352184893905E-03));
#8592 = CARTESIAN_POINT('',(0.,0.));
#8593 = ( GEOMETRIC_REPRESENTATION_CONTEXT(2) 
PARAMETRIC_REPRESENTATION_CONTEXT() REPRESENTATION_CONTEXT('2D SPACE',''
  ) );
#8594 = ORIENTED_EDGE('',*,*,#8495,.F.);
#8595 = ADVANCED_FACE('',(#8596),#75,.T.);
#8596 = FACE_BOUND('',#8597,.F.);
#8597 = EDGE_LOOP('',(#8598,#8599,#8600,#8601,#8602,#8603,#8604,#8605,
    #8606,#8607,#8608,#8609,#8610,#8611,#8612,#8613,#8614,#8615,#8616,
    #8617,#8618,#8619,#8620,#8621,#8622,#8623,#8624,#8625,#8626,#8627,
    #8628,#8629,#8630,#8631,#8632,#8633,#8634,#8635,#8636,#8637,#8638,
    #8639,#8640,#8641,#8642,#8643,#8644,#8645,#8646,#8647,#8648,#8649,
    #8650,#8651,#8652,#8653,#8654,#8655,#8656,#8657,#8658,#8659,#8660,
    #8661,#8662,#8663,#8664,#8665,#8666,#8667,#8668,#8669));
#8598 = ORIENTED_EDGE('',*,*,#21,.F.);
#8599 = ORIENTED_EDGE('',*,*,#8556,.F.);
#8600 = ORIENTED_EDGE('',*,*,#8474,.F.);
#8601 = ORIENTED_EDGE('',*,*,#8355,.F.);
#8602 = ORIENTED_EDGE('',*,*,#8236,.F.);
#8603 = ORIENTED_EDGE('',*,*,#8117,.F.);
#8604 = ORIENTED_EDGE('',*,*,#7998,.F.);
#8605 = ORIENTED_EDGE('',*,*,#7879,.F.);
#8606 = ORIENTED_EDGE('',*,*,#7760,.F.);
#8607 = ORIENTED_EDGE('',*,*,#7641,.F.);
#8608 = ORIENTED_EDGE('',*,*,#7522,.F.);
#8609 = ORIENTED_EDGE('',*,*,#7403,.F.);
#8610 = ORIENTED_EDGE('',*,*,#7284,.F.);
#8611 = ORIENTED_EDGE('',*,*,#7165,.F.);
#8612 = ORIENTED_EDGE('',*,*,#7046,.F.);
#8613 = ORIENTED_EDGE('',*,*,#6927,.F.);
#8614 = ORIENTED_EDGE('',*,*,#6808,.F.);
#8615 = ORIENTED_EDGE('',*,*,#6689,.F.);
#8616 = ORIENTED_EDGE('',*,*,#6570,.F.);
#8617 = ORIENTED_EDGE('',*,*,#6451,.F.);
#8618 = ORIENTED_EDGE('',*,*,#6332,.F.);
#8619 = ORIENTED_EDGE('',*,*,#6213,.F.);
#8620 = ORIENTED_EDGE('',*,*,#6094,.F.);
#8621 = ORIENTED_EDGE('',*,*,#5975,.F.);
#8622 = ORIENTED_EDGE('',*,*,#5856,.F.);
#8623 = ORIENTED_EDGE('',*,*,#5737,.F.);
#8624 = ORIENTED_EDGE('',*,*,#5618,.F.);
#8625 = ORIENTED_EDGE('',*,*,#5499,.F.);
#8626 = ORIENTED_EDGE('',*,*,#5380,.F.);
#8627 = ORIENTED_EDGE('',*,*,#5261,.F.);
#8628 = ORIENTED_EDGE('',*,*,#5142,.F.);
#8629 = ORIENTED_EDGE('',*,*,#5023,.F.);
#8630 = ORIENTED_EDGE('',*,*,#4904,.F.);
#8631 = ORIENTED_EDGE('',*,*,#4785,.F.);
#8632 = ORIENTED_EDGE('',*,*,#4666,.F.);
#8633 = ORIENTED_EDGE('',*,*,#4547,.F.);
#8634 = ORIENTED_EDGE('',*,*,#4428,.F.);
#8635 = ORIENTED_EDGE('',*,*,#4309,.F.);
#8636 = ORIENTED_EDGE('',*,*,#4190,.F.);
#8637 = ORIENTED_EDGE('',*,*,#4071,.F.);
#8638 = ORIENTED_EDGE('',*,*,#3952,.F.);
#8639 = ORIENTED_EDGE('',*,*,#3833,.F.);
#8640 = ORIENTED_EDGE('',*,*,#3714,.F.);
#8641 = ORIENTED_EDGE('',*,*,#3595,.F.);
#8642 = ORIENTED_EDGE('',*,*,#3476,.F.);
#8643 = ORIENTED_EDGE('',*,*,#3357,.F.);
#8644 = ORIENTED_EDGE('',*,*,#3238,.F.);
#8645 = ORIENTED_EDGE('',*,*,#3119,.F.);
#8646 = ORIENTED_EDGE('',*,*,#3000,.F.);
#8647 = ORIENTED_EDGE('',*,*,#2881,.F.);
#8648 = ORIENTED_EDGE('',*,*,#2762,.F.);
#8649 = ORIENTED_EDGE('',*,*,#2643,.F.);
#8650 = ORIENTED_EDGE('',*,*,#2524,.F.);
#8651 = ORIENTED_EDGE('',*,*,#2405,.F.);
#8652 = ORIENTED_EDGE('',*,*,#2286,.F.);
#8653 = ORIENTED_EDGE('',*,*,#2167,.F.);
#8654 = ORIENTED_EDGE('',*,*,#2048,.F.);
#8655 = ORIENTED_EDGE('',*,*,#1929,.F.);
#8656 = ORIENTED_EDGE('',*,*,#1810,.F.);
#8657 = ORIENTED_EDGE('',*,*,#1691,.F.);
#8658 = ORIENTED_EDGE('',*,*,#1572,.F.);
#8659 = ORIENTED_EDGE('',*,*,#1453,.F.);
#8660 = ORIENTED_EDGE('',*,*,#1334,.F.);
#8661 = ORIENTED_EDGE('',*,*,#1215,.F.);
#8662 = ORIENTED_EDGE('',*,*,#1096,.F.);
#8663 = ORIENTED_EDGE('',*,*,#977,.F.);
#8664 = ORIENTED_EDGE('',*,*,#858,.F.);
#8665 = ORIENTED_EDGE('',*,*,#739,.F.);
#8666 = ORIENTED_EDGE('',*,*,#620,.F.);
#8667 = ORIENTED_EDGE('',*,*,#501,.F.);
#8668 = ORIENTED_EDGE('',*,*,#382,.F.);
#8669 = ORIENTED_EDGE('',*,*,#263,.F.);
#8670 = ADVANCED_FACE('',(#8671),#176,.F.);
#8671 = FACE_BOUND('',#8672,.F.);
#8672 = EDGE_LOOP('',(#8673,#8674,#8675,#8676,#8677,#8678,#8679,#8680,
    #8681,#8682,#8683,#8684,#8685,#8686,#8687,#8688,#8689,#8690,#8691,
    #8692,#8693,#8694,#8695,#8696,#8697,#8698,#8699,#8700,#8701,#8702,
    #8703,#8704,#8705,#8706,#8707,#8708,#8709,#8710,#8711,#8712,#8713,
    #8714,#8715,#8716,#8717,#8718,#8719,#8720,#8721,#8722,#8723,#8724,
    #8725,#8726,#8727,#8728,#8729,#8730,#8731,#8732,#8733,#8734,#8735,
    #8736,#8737,#8738,#8739,#8740,#8741,#8742,#8743,#8744));
#8673 = ORIENTED_EDGE('',*,*,#161,.T.);
#8674 = ORIENTED_EDGE('',*,*,#359,.T.);
#8675 = ORIENTED_EDGE('',*,*,#478,.T.);
#8676 = ORIENTED_EDGE('',*,*,#597,.T.);
#8677 = ORIENTED_EDGE('',*,*,#716,.T.);
#8678 = ORIENTED_EDGE('',*,*,#835,.T.);
#8679 = ORIENTED_EDGE('',*,*,#954,.T.);
#8680 = ORIENTED_EDGE('',*,*,#1073,.T.);
#8681 = ORIENTED_EDGE('',*,*,#1192,.T.);
#8682 = ORIENTED_EDGE('',*,*,#1311,.T.);
#8683 = ORIENTED_EDGE('',*,*,#1430,.T.);
#8684 = ORIENTED_EDGE('',*,*,#1549,.T.);
#8685 = ORIENTED_EDGE('',*,*,#1668,.T.);
#8686 = ORIENTED_EDGE('',*,*,#1787,.T.);
#8687 = ORIENTED_EDGE('',*,*,#1906,.T.);
#8688 = ORIENTED_EDGE('',*,*,#2025,.T.);
#8689 = ORIENTED_EDGE('',*,*,#2144,.T.);
#8690 = ORIENTED_EDGE('',*,*,#2263,.T.);
#8691 = ORIENTED_EDGE('',*,*,#2382,.T.);
#8692 = ORIENTED_EDGE('',*,*,#2501,.T.);
#8693 = ORIENTED_EDGE('',*,*,#2620,.T.);
#8694 = ORIENTED_EDGE('',*,*,#2739,.T.);
#8695 = ORIENTED_EDGE('',*,*,#2858,.T.);
#8696 = ORIENTED_EDGE('',*,*,#2977,.T.);
#8697 = ORIENTED_EDGE('',*,*,#3096,.T.);
#8698 = ORIENTED_EDGE('',*,*,#3215,.T.);
#8699 = ORIENTED_EDGE('',*,*,#3334,.T.);
#8700 = ORIENTED_EDGE('',*,*,#3453,.T.);
#8701 = ORIENTED_EDGE('',*,*,#3572,.T.);
#8702 = ORIENTED_EDGE('',*,*,#3691,.T.);
#8703 = ORIENTED_EDGE('',*,*,#3810,.T.);
#8704 = ORIENTED_EDGE('',*,*,#3929,.T.);
#8705 = ORIENTED_EDGE('',*,*,#4048,.T.);
#8706 = ORIENTED_EDGE('',*,*,#4167,.T.);
#8707 = ORIENTED_EDGE('',*,*,#4286,.T.);
#8708 = ORIENTED_EDGE('',*,*,#4405,.T.);
#8709 = ORIENTED_EDGE('',*,*,#4524,.T.);
#8710 = ORIENTED_EDGE('',*,*,#4643,.T.);
#8711 = ORIENTED_EDGE('',*,*,#4762,.T.);
#8712 = ORIENTED_EDGE('',*,*,#4881,.T.);
#8713 = ORIENTED_EDGE('',*,*,#5000,.T.);
#8714 = ORIENTED_EDGE('',*,*,#5119,.T.);
#8715 = ORIENTED_EDGE('',*,*,#5238,.T.);
#8716 = ORIENTED_EDGE('',*,*,#5357,.T.);
#8717 = ORIENTED_EDGE('',*,*,#5476,.T.);
#8718 = ORIENTED_EDGE('',*,*,#5595,.T.);
#8719 = ORIENTED_EDGE('',*,*,#5714,.T.);
#8720 = ORIENTED_EDGE('',*,*,#5833,.T.);
#8721 = ORIENTED_EDGE('',*,*,#5952,.T.);
#8722 = ORIENTED_EDGE('',*,*,#6071,.T.);
#8723 = ORIENTED_EDGE('',*,*,#6190,.T.);
#8724 = ORIENTED_EDGE('',*,*,#6309,.T.);
#8725 = ORIENTED_EDGE('',*,*,#6428,.T.);
#8726 = ORIENTED_EDGE('',*,*,#6547,.T.);
#8727 = ORIENTED_EDGE('',*,*,#6666,.T.);
#8728 = ORIENTED_EDGE('',*,*,#6785,.T.);
#8729 = ORIENTED_EDGE('',*,*,#6904,.T.);
#8730 = ORIENTED_EDGE('',*,*,#7023,.T.);
#8731 = ORIENTED_EDGE('',*,*,#7142,.T.);
#8732 = ORIENTED_EDGE('',*,*,#7261,.T.);
#8733 = ORIENTED_EDGE('',*,*,#7380,.T.);
#8734 = ORIENTED_EDGE('',*,*,#7499,.T.);
#8735 = ORIENTED_EDGE('',*,*,#7618,.T.);
#8736 = ORIENTED_EDGE('',*,*,#7737,.T.);
#8737 = ORIENTED_EDGE('',*,*,#7856,.T.);
#8738 = ORIENTED_EDGE('',*,*,#7975,.T.);
#8739 = ORIENTED_EDGE('',*,*,#8094,.T.);
#8740 = ORIENTED_EDGE('',*,*,#8213,.T.);
#8741 = ORIENTED_EDGE('',*,*,#8332,.T.);
#8742 = ORIENTED_EDGE('',*,*,#8451,.T.);
#8743 = ORIENTED_EDGE('',*,*,#8533,.T.);
#8744 = ORIENTED_EDGE('',*,*,#8576,.T.);
#8745 = ( GEOMETRIC_REPRESENTATION_CONTEXT(3) 
GLOBAL_UNCERTAINTY_ASSIGNED_CONTEXT((#8749)) 
GLOBAL_UNIT_ASSIGNED_CONTEXT((#8746,#8747,#8748)) REPRESENTATION_CONTEXT
('Context #1','3D Context with UNIT and UNCERTAINTY') );
#8746 = ( LENGTH_UNIT() NAMED_UNIT(*) SI_UNIT(.MILLI.,.METRE.) );
#8747 = ( NAMED_UNIT(*) PLANE_ANGLE_UNIT() SI_UNIT($,.RADIAN.) );
#8748 = ( NAMED_UNIT(*) SI_UNIT($,.STERADIAN.) SOLID_ANGLE_UNIT() );
#8749 = UNCERTAINTY_MEASURE_WITH_UNIT(LENGTH_MEASURE(1.E-07),#8746,
  'distance_accuracy_value','confusion accuracy');
#8750 = PRODUCT_RELATED_PRODUCT_CATEGORY('part',$,(#7));
ENDSEC;
END-ISO-10303-21;
