ISO-10303-21;
HEADER;
FILE_DESCRIPTION(('Open CASCADE Model'),'2;1');
FILE_NAME('Open CASCADE Shape Model','2026-08-02T16:59:50',('Author'),(
    'Open CASCADE'),'Open CASCADE STEP processor 7.9','build123d',
  'Unknown');
FILE_SCHEMA(('AUTOMOTIVE_DESIGN { 1 0 10303 214 1 1 1 1 }'));
ENDSEC;
DATA;
#1 = APPLICATION_PROTOCOL_DEFINITION('international standard',
  'automotive_design',2000,#2);
#2 = APPLICATION_CONTEXT(
  'core data for automotive mechanical design processes');
#3 = SHAPE_DEFINITION_REPRESENTATION(#4,#10);
#4 = PRODUCT_DEFINITION_SHAPE('','',#5);
#5 = PRODUCT_DEFINITION('design','',#6,#9);
#6 = PRODUCT_DEFINITION_FORMATION('','',#7);
#7 = PRODUCT('=>[0:1:1:2]','=>[0:1:1:2]','',(#8));
#8 = PRODUCT_CONTEXT('',#2,'mechanical');
#9 = PRODUCT_DEFINITION_CONTEXT('part definition',#2,'design');
#10 = SHAPE_REPRESENTATION('',(#11,#15),#19);
#11 = AXIS2_PLACEMENT_3D('',#12,#13,#14);
#12 = CARTESIAN_POINT('',(0.,0.,0.));
#13 = DIRECTION('',(0.,0.,1.));
#14 = DIRECTION('',(1.,0.,-0.));
#15 = AXIS2_PLACEMENT_3D('',#16,#17,#18);
#16 = CARTESIAN_POINT('',(-0.62,0.,9.304792626728E-02));
#17 = DIRECTION('',(0.,0.,1.));
#18 = DIRECTION('',(1.,0.,-0.));
#19 = ( GEOMETRIC_REPRESENTATION_CONTEXT(3) 
GLOBAL_UNCERTAINTY_ASSIGNED_CONTEXT((#23)) GLOBAL_UNIT_ASSIGNED_CONTEXT(
(#20,#21,#22)) REPRESENTATION_CONTEXT('Context #1',
  '3D Context with UNIT and UNCERTAINTY') );
#20 = ( LENGTH_UNIT() NAMED_UNIT(*) SI_UNIT(.MILLI.,.METRE.) );
#21 = ( NAMED_UNIT(*) PLANE_ANGLE_UNIT() SI_UNIT($,.RADIAN.) );
#22 = ( NAMED_UNIT(*) SI_UNIT($,.STERADIAN.) SOLID_ANGLE_UNIT() );
#23 = UNCERTAINTY_MEASURE_WITH_UNIT(LENGTH_MEASURE(1.E-07),#20,
  'distance_accuracy_value','confusion accuracy');
#24 = PRODUCT_RELATED_PRODUCT_CATEGORY('part',$,(#7));
#25 = SHAPE_DEFINITION_REPRESENTATION(#26,#32);
#26 = PRODUCT_DEFINITION_SHAPE('','',#27);
#27 = PRODUCT_DEFINITION('design','',#28,#31);
#28 = PRODUCT_DEFINITION_FORMATION('','',#29);
#29 = PRODUCT('COMPOUND','COMPOUND','',(#30));
#30 = PRODUCT_CONTEXT('',#2,'mechanical');
#31 = PRODUCT_DEFINITION_CONTEXT('part definition',#2,'design');
#32 = SHAPE_REPRESENTATION('',(#11,#33,#4475,#8917),#10807);
#33 = MANIFOLD_SOLID_BREP('',#34);
#34 = CLOSED_SHELL('',(#35,#165,#242,#319,#396,#473,#550,#627,#704,#781,
    #858,#935,#1012,#1089,#1166,#1243,#1320,#1397,#1474,#1551,#1628,
    #1705,#1782,#1859,#1936,#2013,#2090,#2167,#2244,#2321,#2398,#2475,
    #2552,#2629,#2706,#2783,#2860,#2937,#3014,#3091,#3168,#3245,#3322,
    #3399,#3476,#3553,#3630,#3707,#3784,#3861,#3938,#4015,#4092,#4169,
    #4246,#4314,#4357,#4416));
#35 = ADVANCED_FACE('',(#36),#49,.T.);
#36 = FACE_BOUND('',#37,.T.);
#37 = EDGE_LOOP('',(#38,#75,#108,#134));
#38 = ORIENTED_EDGE('',*,*,#39,.T.);
#39 = EDGE_CURVE('',#40,#42,#44,.T.);
#40 = VERTEX_POINT('',#41);
#41 = CARTESIAN_POINT('',(-1.101042193015E-02,2.032E-02,
    7.416144417634E-03));
#42 = VERTEX_POINT('',#43);
#43 = CARTESIAN_POINT('',(-1.105521603002E-02,2.032E-02,
    7.456837367782E-03));
#44 = SURFACE_CURVE('',#45,(#48,#64),.PCURVE_S1.);
#45 = B_SPLINE_CURVE_WITH_KNOTS('',1,(#46,#47),.UNSPECIFIED.,.F.,.F.,(2,
    2),(0.,1.),.PIECEWISE_BEZIER_KNOTS.);
#46 = CARTESIAN_POINT('',(-1.101042193015E-02,2.032E-02,
    7.416144417634E-03));
#47 = CARTESIAN_POINT('',(-1.105521603002E-02,2.032E-02,
    7.456837367782E-03));
#48 = PCURVE('',#49,#58);
#49 = ( BOUNDED_SURFACE() B_SPLINE_SURFACE(1,3,(
    (#50,#51,#52,#53)
    ,(#54,#55,#56,#57
)),.UNSPECIFIED.,.F.,.F.,.F.) B_SPLINE_SURFACE_WITH_KNOTS((2,2),(4,4),(
    0.,1.),(0.,1.),.PIECEWISE_BEZIER_KNOTS.) 
GEOMETRIC_REPRESENTATION_ITEM() RATIONAL_B_SPLINE_SURFACE((
    (1.,1.,1.,1.)
,(1.,1.,1.,1.))) REPRESENTATION_ITEM('') SURFACE() );
#50 = CARTESIAN_POINT('',(-1.101042193015E-02,2.032E-02,
    7.416144417634E-03));
#51 = CARTESIAN_POINT('',(-1.946314455577E-02,5.57630709112E-02,
    6.802945114592E-03));
#52 = CARTESIAN_POINT('',(-1.409521601088E-02,9.160924192655E-02,
    2.380543178907E-03));
#53 = CARTESIAN_POINT('',(-8.304918491086E-03,0.127,1.309799236948E-03)
  );
#54 = CARTESIAN_POINT('',(-1.105521603002E-02,2.032E-02,
    7.456837367782E-03));
#55 = CARTESIAN_POINT('',(-1.954647292364E-02,5.57630709112E-02,
    6.846428404048E-03));
#56 = CARTESIAN_POINT('',(-1.415723620257E-02,9.160924192655E-02,
    2.400547817639E-03));
#57 = CARTESIAN_POINT('',(-8.341521880496E-03,0.127,1.321167274497E-03)
  );
#58 = DEFINITIONAL_REPRESENTATION('',(#59),#63);
#59 = LINE('',#60,#61);
#60 = CARTESIAN_POINT('',(0.,0.));
#61 = VECTOR('',#62,1.);
#62 = DIRECTION('',(1.,0.));
#63 = ( GEOMETRIC_REPRESENTATION_CONTEXT(2) 
PARAMETRIC_REPRESENTATION_CONTEXT() REPRESENTATION_CONTEXT('2D SPACE',''
  ) );
#64 = PCURVE('',#65,#70);
#65 = PLANE('',#66);
#66 = AXIS2_PLACEMENT_3D('',#67,#68,#69);
#67 = CARTESIAN_POINT('',(-1.101042193015E-02,2.032E-02,
    7.416144417634E-03));
#68 = DIRECTION('',(0.,-1.,0.));
#69 = DIRECTION('',(0.829293300838,0.,-0.558813583573));
#70 = DEFINITIONAL_REPRESENTATION('',(#71),#74);
#71 = B_SPLINE_CURVE_WITH_KNOTS('',1,(#72,#73),.UNSPECIFIED.,.F.,.F.,(2,
    2),(0.,1.),.PIECEWISE_BEZIER_KNOTS.);
#72 = CARTESIAN_POINT('',(0.,0.));
#73 = CARTESIAN_POINT('',(-5.98872202394E-05,8.714839477146E-06));
#74 = ( GEOMETRIC_REPRESENTATION_CONTEXT(2) 
PARAMETRIC_REPRESENTATION_CONTEXT() REPRESENTATION_CONTEXT('2D SPACE',''
  ) );
#75 = ORIENTED_EDGE('',*,*,#76,.T.);
#76 = EDGE_CURVE('',#42,#77,#79,.T.);
#77 = VERTEX_POINT('',#78);
#78 = CARTESIAN_POINT('',(-8.341521880496E-03,0.127,1.321167274497E-03)
  );
#79 = SURFACE_CURVE('',#80,(#85,#92),.PCURVE_S1.);
#80 = ( BOUNDED_CURVE() B_SPLINE_CURVE(3,(#81,#82,#83,#84),
.UNSPECIFIED.,.F.,.F.) B_SPLINE_CURVE_WITH_KNOTS((4,4),(0.,1.),
.PIECEWISE_BEZIER_KNOTS.) CURVE() GEOMETRIC_REPRESENTATION_ITEM() 
RATIONAL_B_SPLINE_CURVE((1.,1.,1.,1.)) REPRESENTATION_ITEM('') );
#81 = CARTESIAN_POINT('',(-1.105521603002E-02,2.032E-02,
    7.456837367782E-03));
#82 = CARTESIAN_POINT('',(-1.954647292364E-02,5.57630709112E-02,
    6.846428404048E-03));
#83 = CARTESIAN_POINT('',(-1.415723620257E-02,9.160924192655E-02,
    2.400547817639E-03));
#84 = CARTESIAN_POINT('',(-8.341521880496E-03,0.127,1.321167274497E-03)
  );
#85 = PCURVE('',#49,#86);
#86 = DEFINITIONAL_REPRESENTATION('',(#87),#91);
#87 = LINE('',#88,#89);
#88 = CARTESIAN_POINT('',(1.,0.));
#89 = VECTOR('',#90,1.);
#90 = DIRECTION('',(0.,1.));
#91 = ( GEOMETRIC_REPRESENTATION_CONTEXT(2) 
PARAMETRIC_REPRESENTATION_CONTEXT() REPRESENTATION_CONTEXT('2D SPACE',''
  ) );
#92 = PCURVE('',#93,#102);
#93 = ( BOUNDED_SURFACE() B_SPLINE_SURFACE(1,3,(
    (#94,#95,#96,#97)
    ,(#98,#99,#100,#101
)),.UNSPECIFIED.,.F.,.F.,.F.) B_SPLINE_SURFACE_WITH_KNOTS((2,2),(4,4),(
    1.,2.),(0.,1.),.PIECEWISE_BEZIER_KNOTS.) 
GEOMETRIC_REPRESENTATION_ITEM() RATIONAL_B_SPLINE_SURFACE((
    (1.,1.,1.,1.)
,(1.,1.,1.,1.))) REPRESENTATION_ITEM('') SURFACE() );
#94 = CARTESIAN_POINT('',(-1.105521603002E-02,2.032E-02,
    7.456837367782E-03));
#95 = CARTESIAN_POINT('',(-1.954647292364E-02,5.57630709112E-02,
    6.846428404048E-03));
#96 = CARTESIAN_POINT('',(-1.415723620257E-02,9.160924192655E-02,
    2.400547817639E-03));
#97 = CARTESIAN_POINT('',(-8.341521880496E-03,0.127,1.321167274497E-03)
  );
#98 = CARTESIAN_POINT('',(-1.100070601849E-02,2.032E-02,
    7.430548849033E-03));
#99 = CARTESIAN_POINT('',(-1.945422397855E-02,5.57630709112E-02,
    6.828413258095E-03));
#100 = CARTESIAN_POINT('',(-1.409208820892E-02,9.160924192655E-02,
    2.39898939806E-03));
#101 = CARTESIAN_POINT('',(-8.303197071684E-03,0.127,1.320667851307E-03)
  );
#102 = DEFINITIONAL_REPRESENTATION('',(#103),#107);
#103 = LINE('',#104,#105);
#104 = CARTESIAN_POINT('',(1.,0.));
#105 = VECTOR('',#106,1.);
#106 = DIRECTION('',(0.,1.));
#107 = ( GEOMETRIC_REPRESENTATION_CONTEXT(2) 
PARAMETRIC_REPRESENTATION_CONTEXT() REPRESENTATION_CONTEXT('2D SPACE',''
  ) );
#108 = ORIENTED_EDGE('',*,*,#109,.F.);
#109 = EDGE_CURVE('',#110,#77,#112,.T.);
#110 = VERTEX_POINT('',#111);
#111 = CARTESIAN_POINT('',(-8.304918491086E-03,0.127,1.309799236948E-03)
  );
#112 = SURFACE_CURVE('',#113,(#116,#123),.PCURVE_S1.);
#113 = B_SPLINE_CURVE_WITH_KNOTS('',1,(#114,#115),.UNSPECIFIED.,.F.,.F.,
  (2,2),(0.,1.),.PIECEWISE_BEZIER_KNOTS.);
#114 = CARTESIAN_POINT('',(-8.304918491086E-03,0.127,1.309799236948E-03)
  );
#115 = CARTESIAN_POINT('',(-8.341521880496E-03,0.127,1.321167274497E-03)
  );
#116 = PCURVE('',#49,#117);
#117 = DEFINITIONAL_REPRESENTATION('',(#118),#122);
#118 = LINE('',#119,#120);
#119 = CARTESIAN_POINT('',(0.,1.));
#120 = VECTOR('',#121,1.);
#121 = DIRECTION('',(1.,0.));
#122 = ( GEOMETRIC_REPRESENTATION_CONTEXT(2) 
PARAMETRIC_REPRESENTATION_CONTEXT() REPRESENTATION_CONTEXT('2D SPACE',''
  ) );
#123 = PCURVE('',#124,#129);
#124 = PLANE('',#125);
#125 = AXIS2_PLACEMENT_3D('',#126,#127,#128);
#126 = CARTESIAN_POINT('',(-8.304918491086E-03,0.127,1.309799236948E-03)
  );
#127 = DIRECTION('',(0.,-1.,0.));
#128 = DIRECTION('',(0.987759801613,0.,-0.15598260902));
#129 = DEFINITIONAL_REPRESENTATION('',(#130),#133);
#130 = B_SPLINE_CURVE_WITH_KNOTS('',1,(#131,#132),.UNSPECIFIED.,.F.,.F.,
  (2,2),(0.,1.),.PIECEWISE_BEZIER_KNOTS.);
#131 = CARTESIAN_POINT('',(0.,0.));
#132 = CARTESIAN_POINT('',(-3.792857281829E-05,5.519398335525E-06));
#133 = ( GEOMETRIC_REPRESENTATION_CONTEXT(2) 
PARAMETRIC_REPRESENTATION_CONTEXT() REPRESENTATION_CONTEXT('2D SPACE',''
  ) );
#134 = ORIENTED_EDGE('',*,*,#135,.F.);
#135 = EDGE_CURVE('',#40,#110,#136,.T.);
#136 = SURFACE_CURVE('',#137,(#142,#149),.PCURVE_S1.);
#137 = ( BOUNDED_CURVE() B_SPLINE_CURVE(3,(#138,#139,#140,#141),
.UNSPECIFIED.,.F.,.F.) B_SPLINE_CURVE_WITH_KNOTS((4,4),(0.,1.),
.PIECEWISE_BEZIER_KNOTS.) CURVE() GEOMETRIC_REPRESENTATION_ITEM() 
RATIONAL_B_SPLINE_CURVE((1.,1.,1.,1.)) REPRESENTATION_ITEM('') );
#138 = CARTESIAN_POINT('',(-1.101042193015E-02,2.032E-02,
    7.416144417634E-03));
#139 = CARTESIAN_POINT('',(-1.946314455577E-02,5.57630709112E-02,
    6.802945114592E-03));
#140 = CARTESIAN_POINT('',(-1.409521601088E-02,9.160924192655E-02,
    2.380543178907E-03));
#141 = CARTESIAN_POINT('',(-8.304918491086E-03,0.127,1.309799236948E-03)
  );
#142 = PCURVE('',#49,#143);
#143 = DEFINITIONAL_REPRESENTATION('',(#144),#148);
#144 = LINE('',#145,#146);
#145 = CARTESIAN_POINT('',(0.,0.));
#146 = VECTOR('',#147,1.);
#147 = DIRECTION('',(0.,1.));
#148 = ( GEOMETRIC_REPRESENTATION_CONTEXT(2) 
PARAMETRIC_REPRESENTATION_CONTEXT() REPRESENTATION_CONTEXT('2D SPACE',''
  ) );
#149 = PCURVE('',#150,#159);
#150 = ( BOUNDED_SURFACE() B_SPLINE_SURFACE(1,3,(
    (#151,#152,#153,#154)
    ,(#155,#156,#157,#158
)),.UNSPECIFIED.,.F.,.F.,.F.) B_SPLINE_SURFACE_WITH_KNOTS((2,2),(4,4),(
    55.,56.),(0.,1.),.PIECEWISE_BEZIER_KNOTS.) 
GEOMETRIC_REPRESENTATION_ITEM() RATIONAL_B_SPLINE_SURFACE((
    (1.,1.,1.,1.)
,(1.,1.,1.,1.))) REPRESENTATION_ITEM('') SURFACE() );
#151 = CARTESIAN_POINT('',(-1.087648578039E-02,2.032E-02,
    7.294751004366E-03));
#152 = CARTESIAN_POINT('',(-1.921409978355E-02,5.57630709112E-02,
    6.673349188293E-03));
#153 = CARTESIAN_POINT('',(-1.390989765827E-02,9.160924192655E-02,
    2.321003271354E-03));
#154 = CARTESIAN_POINT('',(-8.195547873516E-03,0.127,1.275969146083E-03)
  );
#155 = CARTESIAN_POINT('',(-1.101042193015E-02,2.032E-02,
    7.416144417634E-03));
#156 = CARTESIAN_POINT('',(-1.946314455577E-02,5.57630709112E-02,
    6.802945114592E-03));
#157 = CARTESIAN_POINT('',(-1.409521601088E-02,9.160924192655E-02,
    2.380543178907E-03));
#158 = CARTESIAN_POINT('',(-8.304918491086E-03,0.127,1.309799236948E-03)
  );
#159 = DEFINITIONAL_REPRESENTATION('',(#160),#164);
#160 = LINE('',#161,#162);
#161 = CARTESIAN_POINT('',(56.,0.));
#162 = VECTOR('',#163,1.);
#163 = DIRECTION('',(0.,1.));
#164 = ( GEOMETRIC_REPRESENTATION_CONTEXT(2) 
PARAMETRIC_REPRESENTATION_CONTEXT() REPRESENTATION_CONTEXT('2D SPACE',''
  ) );
#165 = ADVANCED_FACE('',(#166),#93,.T.);
#166 = FACE_BOUND('',#167,.T.);
#167 = EDGE_LOOP('',(#168,#189,#222,#241));
#168 = ORIENTED_EDGE('',*,*,#169,.T.);
#169 = EDGE_CURVE('',#42,#170,#172,.T.);
#170 = VERTEX_POINT('',#171);
#171 = CARTESIAN_POINT('',(-1.100070601849E-02,2.032E-02,
    7.430548849033E-03));
#172 = SURFACE_CURVE('',#173,(#176,#183),.PCURVE_S1.);
#173 = B_SPLINE_CURVE_WITH_KNOTS('',1,(#174,#175),.UNSPECIFIED.,.F.,.F.,
  (2,2),(1.,2.),.PIECEWISE_BEZIER_KNOTS.);
#174 = CARTESIAN_POINT('',(-1.105521603002E-02,2.032E-02,
    7.456837367782E-03));
#175 = CARTESIAN_POINT('',(-1.100070601849E-02,2.032E-02,
    7.430548849033E-03));
#176 = PCURVE('',#93,#177);
#177 = DEFINITIONAL_REPRESENTATION('',(#178),#182);
#178 = LINE('',#179,#180);
#179 = CARTESIAN_POINT('',(0.,0.));
#180 = VECTOR('',#181,1.);
#181 = DIRECTION('',(1.,0.));
#182 = ( GEOMETRIC_REPRESENTATION_CONTEXT(2) 
PARAMETRIC_REPRESENTATION_CONTEXT() REPRESENTATION_CONTEXT('2D SPACE',''
  ) );
#183 = PCURVE('',#65,#184);
#184 = DEFINITIONAL_REPRESENTATION('',(#185),#188);
#185 = B_SPLINE_CURVE_WITH_KNOTS('',1,(#186,#187),.UNSPECIFIED.,.F.,.F.,
  (2,2),(1.,2.),.PIECEWISE_BEZIER_KNOTS.);
#186 = CARTESIAN_POINT('',(-5.98872202394E-05,8.714839477146E-06));
#187 = CARTESIAN_POINT('',(7.948520857129E-09,1.737488187285E-05));
#188 = ( GEOMETRIC_REPRESENTATION_CONTEXT(2) 
PARAMETRIC_REPRESENTATION_CONTEXT() REPRESENTATION_CONTEXT('2D SPACE',''
  ) );
#189 = ORIENTED_EDGE('',*,*,#190,.T.);
#190 = EDGE_CURVE('',#170,#191,#193,.T.);
#191 = VERTEX_POINT('',#192);
#192 = CARTESIAN_POINT('',(-8.303197071684E-03,0.127,1.320667851307E-03)
  );
#193 = SURFACE_CURVE('',#194,(#199,#206),.PCURVE_S1.);
#194 = ( BOUNDED_CURVE() B_SPLINE_CURVE(3,(#195,#196,#197,#198),
.UNSPECIFIED.,.F.,.F.) B_SPLINE_CURVE_WITH_KNOTS((4,4),(0.,1.),
.PIECEWISE_BEZIER_KNOTS.) CURVE() GEOMETRIC_REPRESENTATION_ITEM() 
RATIONAL_B_SPLINE_CURVE((1.,1.,1.,1.)) REPRESENTATION_ITEM('') );
#195 = CARTESIAN_POINT('',(-1.100070601849E-02,2.032E-02,
    7.430548849033E-03));
#196 = CARTESIAN_POINT('',(-1.945422397855E-02,5.57630709112E-02,
    6.828413258095E-03));
#197 = CARTESIAN_POINT('',(-1.409208820892E-02,9.160924192655E-02,
    2.39898939806E-03));
#198 = CARTESIAN_POINT('',(-8.303197071684E-03,0.127,1.320667851307E-03)
  );
#199 = PCURVE('',#93,#200);
#200 = DEFINITIONAL_REPRESENTATION('',(#201),#205);
#201 = LINE('',#202,#203);
#202 = CARTESIAN_POINT('',(2.,0.));
#203 = VECTOR('',#204,1.);
#204 = DIRECTION('',(0.,1.));
#205 = ( GEOMETRIC_REPRESENTATION_CONTEXT(2) 
PARAMETRIC_REPRESENTATION_CONTEXT() REPRESENTATION_CONTEXT('2D SPACE',''
  ) );
#206 = PCURVE('',#207,#216);
#207 = ( BOUNDED_SURFACE() B_SPLINE_SURFACE(1,3,(
    (#208,#209,#210,#211)
    ,(#212,#213,#214,#215
)),.UNSPECIFIED.,.F.,.F.,.F.) B_SPLINE_SURFACE_WITH_KNOTS((2,2),(4,4),(
    2.,3.),(0.,1.),.PIECEWISE_BEZIER_KNOTS.) 
GEOMETRIC_REPRESENTATION_ITEM() RATIONAL_B_SPLINE_SURFACE((
    (1.,1.,1.,1.)
,(1.,1.,1.,1.))) REPRESENTATION_ITEM('') SURFACE() );
#208 = CARTESIAN_POINT('',(-1.100070601849E-02,2.032E-02,
    7.430548849033E-03));
#209 = CARTESIAN_POINT('',(-1.945422397855E-02,5.57630709112E-02,
    6.828413258095E-03));
#210 = CARTESIAN_POINT('',(-1.409208820892E-02,9.160924192655E-02,
    2.39898939806E-03));
#211 = CARTESIAN_POINT('',(-8.303197071684E-03,0.127,1.320667851307E-03)
  );
#212 = CARTESIAN_POINT('',(-1.083797864086E-02,2.032E-02,
    7.35184018644E-03));
#213 = CARTESIAN_POINT('',(-1.917874479848E-02,5.57630709112E-02,
    6.774287256678E-03));
#214 = CARTESIAN_POINT('',(-1.389750121924E-02,9.160924192655E-02,
    2.394111298645E-03));
#215 = CARTESIAN_POINT('',(-8.188725360155E-03,0.127,1.319044800156E-03)
  );
#216 = DEFINITIONAL_REPRESENTATION('',(#217),#221);
#217 = LINE('',#218,#219);
#218 = CARTESIAN_POINT('',(2.,0.));
#219 = VECTOR('',#220,1.);
#220 = DIRECTION('',(0.,1.));
#221 = ( GEOMETRIC_REPRESENTATION_CONTEXT(2) 
PARAMETRIC_REPRESENTATION_CONTEXT() REPRESENTATION_CONTEXT('2D SPACE',''
  ) );
#222 = ORIENTED_EDGE('',*,*,#223,.F.);
#223 = EDGE_CURVE('',#77,#191,#224,.T.);
#224 = SURFACE_CURVE('',#225,(#228,#235),.PCURVE_S1.);
#225 = B_SPLINE_CURVE_WITH_KNOTS('',1,(#226,#227),.UNSPECIFIED.,.F.,.F.,
  (2,2),(1.,2.),.PIECEWISE_BEZIER_KNOTS.);
#226 = CARTESIAN_POINT('',(-8.341521880496E-03,0.127,1.321167274497E-03)
  );
#227 = CARTESIAN_POINT('',(-8.303197071684E-03,0.127,1.320667851307E-03)
  );
#228 = PCURVE('',#93,#229);
#229 = DEFINITIONAL_REPRESENTATION('',(#230),#234);
#230 = LINE('',#231,#232);
#231 = CARTESIAN_POINT('',(0.,1.));
#232 = VECTOR('',#233,1.);
#233 = DIRECTION('',(1.,0.));
#234 = ( GEOMETRIC_REPRESENTATION_CONTEXT(2) 
PARAMETRIC_REPRESENTATION_CONTEXT() REPRESENTATION_CONTEXT('2D SPACE',''
  ) );
#235 = PCURVE('',#124,#236);
#236 = DEFINITIONAL_REPRESENTATION('',(#237),#240);
#237 = B_SPLINE_CURVE_WITH_KNOTS('',1,(#238,#239),.UNSPECIFIED.,.F.,.F.,
  (2,2),(1.,2.),.PIECEWISE_BEZIER_KNOTS.);
#238 = CARTESIAN_POINT('',(-3.792857281829E-05,5.519398335525E-06));
#239 = CARTESIAN_POINT('',(5.034063209688E-09,1.10040918528E-05));
#240 = ( GEOMETRIC_REPRESENTATION_CONTEXT(2) 
PARAMETRIC_REPRESENTATION_CONTEXT() REPRESENTATION_CONTEXT('2D SPACE',''
  ) );
#241 = ORIENTED_EDGE('',*,*,#76,.F.);
#242 = ADVANCED_FACE('',(#243),#207,.T.);
#243 = FACE_BOUND('',#244,.T.);
#244 = EDGE_LOOP('',(#245,#266,#299,#318));
#245 = ORIENTED_EDGE('',*,*,#246,.T.);
#246 = EDGE_CURVE('',#170,#247,#249,.T.);
#247 = VERTEX_POINT('',#248);
#248 = CARTESIAN_POINT('',(-1.083797864086E-02,2.032E-02,
    7.35184018644E-03));
#249 = SURFACE_CURVE('',#250,(#253,#260),.PCURVE_S1.);
#250 = B_SPLINE_CURVE_WITH_KNOTS('',1,(#251,#252),.UNSPECIFIED.,.F.,.F.,
  (2,2),(2.,3.),.PIECEWISE_BEZIER_KNOTS.);
#251 = CARTESIAN_POINT('',(-1.100070601849E-02,2.032E-02,
    7.430548849033E-03));
#252 = CARTESIAN_POINT('',(-1.083797864086E-02,2.032E-02,
    7.35184018644E-03));
#253 = PCURVE('',#207,#254);
#254 = DEFINITIONAL_REPRESENTATION('',(#255),#259);
#255 = LINE('',#256,#257);
#256 = CARTESIAN_POINT('',(0.,0.));
#257 = VECTOR('',#258,1.);
#258 = DIRECTION('',(1.,0.));
#259 = ( GEOMETRIC_REPRESENTATION_CONTEXT(2) 
PARAMETRIC_REPRESENTATION_CONTEXT() REPRESENTATION_CONTEXT('2D SPACE',''
  ) );
#260 = PCURVE('',#65,#261);
#261 = DEFINITIONAL_REPRESENTATION('',(#262),#265);
#262 = B_SPLINE_CURVE_WITH_KNOTS('',1,(#263,#264),.UNSPECIFIED.,.F.,.F.,
  (2,2),(2.,3.),.PIECEWISE_BEZIER_KNOTS.);
#263 = CARTESIAN_POINT('',(7.948520857129E-09,1.737488187285E-05));
#264 = CARTESIAN_POINT('',(1.789401424531E-04,4.30365843055E-05));
#265 = ( GEOMETRIC_REPRESENTATION_CONTEXT(2) 
PARAMETRIC_REPRESENTATION_CONTEXT() REPRESENTATION_CONTEXT('2D SPACE',''
  ) );
#266 = ORIENTED_EDGE('',*,*,#267,.T.);
#267 = EDGE_CURVE('',#247,#268,#270,.T.);
#268 = VERTEX_POINT('',#269);
#269 = CARTESIAN_POINT('',(-8.188725360155E-03,0.127,1.319044800156E-03)
  );
#270 = SURFACE_CURVE('',#271,(#276,#283),.PCURVE_S1.);
#271 = ( BOUNDED_CURVE() B_SPLINE_CURVE(3,(#272,#273,#274,#275),
.UNSPECIFIED.,.F.,.F.) B_SPLINE_CURVE_WITH_KNOTS((4,4),(0.,1.),
.PIECEWISE_BEZIER_KNOTS.) CURVE() GEOMETRIC_REPRESENTATION_ITEM() 
RATIONAL_B_SPLINE_CURVE((1.,1.,1.,1.)) REPRESENTATION_ITEM('') );
#272 = CARTESIAN_POINT('',(-1.083797864086E-02,2.032E-02,
    7.35184018644E-03));
#273 = CARTESIAN_POINT('',(-1.917874479848E-02,5.57630709112E-02,
    6.774287256678E-03));
#274 = CARTESIAN_POINT('',(-1.389750121924E-02,9.160924192655E-02,
    2.394111298645E-03));
#275 = CARTESIAN_POINT('',(-8.188725360155E-03,0.127,1.319044800156E-03)
  );
#276 = PCURVE('',#207,#277);
#277 = DEFINITIONAL_REPRESENTATION('',(#278),#282);
#278 = LINE('',#279,#280);
#279 = CARTESIAN_POINT('',(3.,0.));
#280 = VECTOR('',#281,1.);
#281 = DIRECTION('',(0.,1.));
#282 = ( GEOMETRIC_REPRESENTATION_CONTEXT(2) 
PARAMETRIC_REPRESENTATION_CONTEXT() REPRESENTATION_CONTEXT('2D SPACE',''
  ) );
#283 = PCURVE('',#284,#293);
#284 = ( BOUNDED_SURFACE() B_SPLINE_SURFACE(1,3,(
    (#285,#286,#287,#288)
    ,(#289,#290,#291,#292
)),.UNSPECIFIED.,.F.,.F.,.F.) B_SPLINE_SURFACE_WITH_KNOTS((2,2),(4,4),(
    3.,4.),(0.,1.),.PIECEWISE_BEZIER_KNOTS.) 
GEOMETRIC_REPRESENTATION_ITEM() RATIONAL_B_SPLINE_SURFACE((
    (1.,1.,1.,1.)
,(1.,1.,1.,1.))) REPRESENTATION_ITEM('') SURFACE() );
#285 = CARTESIAN_POINT('',(-1.083797864086E-02,2.032E-02,
    7.35184018644E-03));
#286 = CARTESIAN_POINT('',(-1.917874479848E-02,5.57630709112E-02,
    6.774287256678E-03));
#287 = CARTESIAN_POINT('',(-1.389750121924E-02,9.160924192655E-02,
    2.394111298645E-03));
#288 = CARTESIAN_POINT('',(-8.188725360155E-03,0.127,1.319044800156E-03)
  );
#289 = CARTESIAN_POINT('',(-1.056941851333E-02,2.032E-02,
    7.221199747913E-03));
#290 = CARTESIAN_POINT('',(-1.87238102322E-02,5.57630709112E-02,
    6.683844482577E-03));
#291 = CARTESIAN_POINT('',(-1.357603116117E-02,9.160924192655E-02,
    2.385332724629E-03));
#292 = CARTESIAN_POINT('',(-7.99960621921E-03,0.127,1.315940179593E-03)
  );
#293 = DEFINITIONAL_REPRESENTATION('',(#294),#298);
#294 = LINE('',#295,#296);
#295 = CARTESIAN_POINT('',(3.,0.));
#296 = VECTOR('',#297,1.);
#297 = DIRECTION('',(0.,1.));
#298 = ( GEOMETRIC_REPRESENTATION_CONTEXT(2) 
PARAMETRIC_REPRESENTATION_CONTEXT() REPRESENTATION_CONTEXT('2D SPACE',''
  ) );
#299 = ORIENTED_EDGE('',*,*,#300,.F.);
#300 = EDGE_CURVE('',#191,#268,#301,.T.);
#301 = SURFACE_CURVE('',#302,(#305,#312),.PCURVE_S1.);
#302 = B_SPLINE_CURVE_WITH_KNOTS('',1,(#303,#304),.UNSPECIFIED.,.F.,.F.,
  (2,2),(2.,3.),.PIECEWISE_BEZIER_KNOTS.);
#303 = CARTESIAN_POINT('',(-8.303197071684E-03,0.127,1.320667851307E-03)
  );
#304 = CARTESIAN_POINT('',(-8.188725360155E-03,0.127,1.319044800156E-03)
  );
#305 = PCURVE('',#207,#306);
#306 = DEFINITIONAL_REPRESENTATION('',(#307),#311);
#307 = LINE('',#308,#309);
#308 = CARTESIAN_POINT('',(0.,1.));
#309 = VECTOR('',#310,1.);
#310 = DIRECTION('',(1.,0.));
#311 = ( GEOMETRIC_REPRESENTATION_CONTEXT(2) 
PARAMETRIC_REPRESENTATION_CONTEXT() REPRESENTATION_CONTEXT('2D SPACE',''
  ) );
#312 = PCURVE('',#124,#313);
#313 = DEFINITIONAL_REPRESENTATION('',(#314),#317);
#314 = B_SPLINE_CURVE_WITH_KNOTS('',1,(#315,#316),.UNSPECIFIED.,.F.,.F.,
  (2,2),(2.,3.),.PIECEWISE_BEZIER_KNOTS.);
#315 = CARTESIAN_POINT('',(5.034063209688E-09,1.10040918528E-05));
#316 = CARTESIAN_POINT('',(1.13328756887E-04,2.725650339349E-05));
#317 = ( GEOMETRIC_REPRESENTATION_CONTEXT(2) 
PARAMETRIC_REPRESENTATION_CONTEXT() REPRESENTATION_CONTEXT('2D SPACE',''
  ) );
#318 = ORIENTED_EDGE('',*,*,#190,.F.);
#319 = ADVANCED_FACE('',(#320),#284,.T.);
#320 = FACE_BOUND('',#321,.T.);
#321 = EDGE_LOOP('',(#322,#343,#376,#395));
#322 = ORIENTED_EDGE('',*,*,#323,.T.);
#323 = EDGE_CURVE('',#247,#324,#326,.T.);
#324 = VERTEX_POINT('',#325);
#325 = CARTESIAN_POINT('',(-1.056941851333E-02,2.032E-02,
    7.221199747913E-03));
#326 = SURFACE_CURVE('',#327,(#330,#337),.PCURVE_S1.);
#327 = B_SPLINE_CURVE_WITH_KNOTS('',1,(#328,#329),.UNSPECIFIED.,.F.,.F.,
  (2,2),(3.,4.),.PIECEWISE_BEZIER_KNOTS.);
#328 = CARTESIAN_POINT('',(-1.083797864086E-02,2.032E-02,
    7.35184018644E-03));
#329 = CARTESIAN_POINT('',(-1.056941851333E-02,2.032E-02,
    7.221199747913E-03));
#330 = PCURVE('',#284,#331);
#331 = DEFINITIONAL_REPRESENTATION('',(#332),#336);
#332 = LINE('',#333,#334);
#333 = CARTESIAN_POINT('',(0.,0.));
#334 = VECTOR('',#335,1.);
#335 = DIRECTION('',(1.,0.));
#336 = ( GEOMETRIC_REPRESENTATION_CONTEXT(2) 
PARAMETRIC_REPRESENTATION_CONTEXT() REPRESENTATION_CONTEXT('2D SPACE',''
  ) );
#337 = PCURVE('',#65,#338);
#338 = DEFINITIONAL_REPRESENTATION('',(#339),#342);
#339 = B_SPLINE_CURVE_WITH_KNOTS('',1,(#340,#341),.UNSPECIFIED.,.F.,.F.,
  (2,2),(3.,4.),.PIECEWISE_BEZIER_KNOTS.);
#340 = CARTESIAN_POINT('',(1.789401424531E-04,4.30365843055E-05));
#341 = CARTESIAN_POINT('',(4.746589087002E-04,8.477239108756E-05));
#342 = ( GEOMETRIC_REPRESENTATION_CONTEXT(2) 
PARAMETRIC_REPRESENTATION_CONTEXT() REPRESENTATION_CONTEXT('2D SPACE',''
  ) );
#343 = ORIENTED_EDGE('',*,*,#344,.T.);
#344 = EDGE_CURVE('',#324,#345,#347,.T.);
#345 = VERTEX_POINT('',#346);
#346 = CARTESIAN_POINT('',(-7.99960621921E-03,0.127,1.315940179593E-03)
  );
#347 = SURFACE_CURVE('',#348,(#353,#360),.PCURVE_S1.);
#348 = ( BOUNDED_CURVE() B_SPLINE_CURVE(3,(#349,#350,#351,#352),
.UNSPECIFIED.,.F.,.F.) B_SPLINE_CURVE_WITH_KNOTS((4,4),(0.,1.),
.PIECEWISE_BEZIER_KNOTS.) CURVE() GEOMETRIC_REPRESENTATION_ITEM() 
RATIONAL_B_SPLINE_CURVE((1.,1.,1.,1.)) REPRESENTATION_ITEM('') );
#349 = CARTESIAN_POINT('',(-1.056941851333E-02,2.032E-02,
    7.221199747913E-03));
#350 = CARTESIAN_POINT('',(-1.87238102322E-02,5.57630709112E-02,
    6.683844482577E-03));
#351 = CARTESIAN_POINT('',(-1.357603116117E-02,9.160924192655E-02,
    2.385332724629E-03));
#352 = CARTESIAN_POINT('',(-7.99960621921E-03,0.127,1.315940179593E-03)
  );
#353 = PCURVE('',#284,#354);
#354 = DEFINITIONAL_REPRESENTATION('',(#355),#359);
#355 = LINE('',#356,#357);
#356 = CARTESIAN_POINT('',(4.,0.));
#357 = VECTOR('',#358,1.);
#358 = DIRECTION('',(0.,1.));
#359 = ( GEOMETRIC_REPRESENTATION_CONTEXT(2) 
PARAMETRIC_REPRESENTATION_CONTEXT() REPRESENTATION_CONTEXT('2D SPACE',''
  ) );
#360 = PCURVE('',#361,#370);
#361 = ( BOUNDED_SURFACE() B_SPLINE_SURFACE(1,3,(
    (#362,#363,#364,#365)
    ,(#366,#367,#368,#369
)),.UNSPECIFIED.,.F.,.F.,.F.) B_SPLINE_SURFACE_WITH_KNOTS((2,2),(4,4),(
    4.,5.),(0.,1.),.PIECEWISE_BEZIER_KNOTS.) 
GEOMETRIC_REPRESENTATION_ITEM() RATIONAL_B_SPLINE_SURFACE((
    (1.,1.,1.,1.)
,(1.,1.,1.,1.))) REPRESENTATION_ITEM('') SURFACE() );
#362 = CARTESIAN_POINT('',(-1.056941851333E-02,2.032E-02,
    7.221199747913E-03));
#363 = CARTESIAN_POINT('',(-1.87238102322E-02,5.57630709112E-02,
    6.683844482577E-03));
#364 = CARTESIAN_POINT('',(-1.357603116117E-02,9.160924192655E-02,
    2.385332724629E-03));
#365 = CARTESIAN_POINT('',(-7.99960621921E-03,0.127,1.315940179593E-03)
  );
#366 = CARTESIAN_POINT('',(-1.019892528558E-02,2.032E-02,
    7.039495996667E-03));
#367 = CARTESIAN_POINT('',(-1.809562093706E-02,5.57630709112E-02,
    6.55685307888E-03));
#368 = CARTESIAN_POINT('',(-1.313188886518E-02,9.160924192655E-02,
    2.37177235956E-03));
#369 = CARTESIAN_POINT('',(-7.738310479331E-03,0.127,1.31080870976E-03)
  );
#370 = DEFINITIONAL_REPRESENTATION('',(#371),#375);
#371 = LINE('',#372,#373);
#372 = CARTESIAN_POINT('',(4.,0.));
#373 = VECTOR('',#374,1.);
#374 = DIRECTION('',(0.,1.));
#375 = ( GEOMETRIC_REPRESENTATION_CONTEXT(2) 
PARAMETRIC_REPRESENTATION_CONTEXT() REPRESENTATION_CONTEXT('2D SPACE',''
  ) );
#376 = ORIENTED_EDGE('',*,*,#377,.F.);
#377 = EDGE_CURVE('',#268,#345,#378,.T.);
#378 = SURFACE_CURVE('',#379,(#382,#389),.PCURVE_S1.);
#379 = B_SPLINE_CURVE_WITH_KNOTS('',1,(#380,#381),.UNSPECIFIED.,.F.,.F.,
  (2,2),(3.,4.),.PIECEWISE_BEZIER_KNOTS.);
#380 = CARTESIAN_POINT('',(-8.188725360155E-03,0.127,1.319044800156E-03)
  );
#381 = CARTESIAN_POINT('',(-7.99960621921E-03,0.127,1.315940179593E-03)
  );
#382 = PCURVE('',#284,#383);
#383 = DEFINITIONAL_REPRESENTATION('',(#384),#388);
#384 = LINE('',#385,#386);
#385 = CARTESIAN_POINT('',(0.,1.));
#386 = VECTOR('',#387,1.);
#387 = DIRECTION('',(1.,0.));
#388 = ( GEOMETRIC_REPRESENTATION_CONTEXT(2) 
PARAMETRIC_REPRESENTATION_CONTEXT() REPRESENTATION_CONTEXT('2D SPACE',''
  ) );
#389 = PCURVE('',#124,#390);
#390 = DEFINITIONAL_REPRESENTATION('',(#391),#394);
#391 = B_SPLINE_CURVE_WITH_KNOTS('',1,(#392,#393),.UNSPECIFIED.,.F.,.F.,
  (2,2),(3.,4.),.PIECEWISE_BEZIER_KNOTS.);
#392 = CARTESIAN_POINT('',(1.13328756887E-04,2.725650339349E-05));
#393 = CARTESIAN_POINT('',(3.006173088435E-04,5.368918102212E-05));
#394 = ( GEOMETRIC_REPRESENTATION_CONTEXT(2) 
PARAMETRIC_REPRESENTATION_CONTEXT() REPRESENTATION_CONTEXT('2D SPACE',''
  ) );
#395 = ORIENTED_EDGE('',*,*,#267,.F.);
#396 = ADVANCED_FACE('',(#397),#361,.T.);
#397 = FACE_BOUND('',#398,.T.);
#398 = EDGE_LOOP('',(#399,#420,#453,#472));
#399 = ORIENTED_EDGE('',*,*,#400,.T.);
#400 = EDGE_CURVE('',#324,#401,#403,.T.);
#401 = VERTEX_POINT('',#402);
#402 = CARTESIAN_POINT('',(-1.019892528558E-02,2.032E-02,
    7.039495996667E-03));
#403 = SURFACE_CURVE('',#404,(#407,#414),.PCURVE_S1.);
#404 = B_SPLINE_CURVE_WITH_KNOTS('',1,(#405,#406),.UNSPECIFIED.,.F.,.F.,
  (2,2),(4.,5.),.PIECEWISE_BEZIER_KNOTS.);
#405 = CARTESIAN_POINT('',(-1.056941851333E-02,2.032E-02,
    7.221199747913E-03));
#406 = CARTESIAN_POINT('',(-1.019892528558E-02,2.032E-02,
    7.039495996667E-03));
#407 = PCURVE('',#361,#408);
#408 = DEFINITIONAL_REPRESENTATION('',(#409),#413);
#409 = LINE('',#410,#411);
#410 = CARTESIAN_POINT('',(0.,0.));
#411 = VECTOR('',#412,1.);
#412 = DIRECTION('',(1.,0.));
#413 = ( GEOMETRIC_REPRESENTATION_CONTEXT(2) 
PARAMETRIC_REPRESENTATION_CONTEXT() REPRESENTATION_CONTEXT('2D SPACE',''
  ) );
#414 = PCURVE('',#65,#415);
#415 = DEFINITIONAL_REPRESENTATION('',(#416),#419);
#416 = B_SPLINE_CURVE_WITH_KNOTS('',1,(#417,#418),.UNSPECIFIED.,.F.,.F.,
  (2,2),(4.,5.),.PIECEWISE_BEZIER_KNOTS.);
#417 = CARTESIAN_POINT('',(4.746589087002E-04,8.477239108756E-05));
#418 = CARTESIAN_POINT('',(8.834449848654E-04,1.411233357326E-04));
#419 = ( GEOMETRIC_REPRESENTATION_CONTEXT(2) 
PARAMETRIC_REPRESENTATION_CONTEXT() REPRESENTATION_CONTEXT('2D SPACE',''
  ) );
#420 = ORIENTED_EDGE('',*,*,#421,.T.);
#421 = EDGE_CURVE('',#401,#422,#424,.T.);
#422 = VERTEX_POINT('',#423);
#423 = CARTESIAN_POINT('',(-7.738310479331E-03,0.127,1.31080870976E-03)
  );
#424 = SURFACE_CURVE('',#425,(#430,#437),.PCURVE_S1.);
#425 = ( BOUNDED_CURVE() B_SPLINE_CURVE(3,(#426,#427,#428,#429),
.UNSPECIFIED.,.F.,.F.) B_SPLINE_CURVE_WITH_KNOTS((4,4),(0.,1.),
.PIECEWISE_BEZIER_KNOTS.) CURVE() GEOMETRIC_REPRESENTATION_ITEM() 
RATIONAL_B_SPLINE_CURVE((1.,1.,1.,1.)) REPRESENTATION_ITEM('') );
#426 = CARTESIAN_POINT('',(-1.019892528558E-02,2.032E-02,
    7.039495996667E-03));
#427 = CARTESIAN_POINT('',(-1.809562093706E-02,5.57630709112E-02,
    6.55685307888E-03));
#428 = CARTESIAN_POINT('',(-1.313188886518E-02,9.160924192655E-02,
    2.37177235956E-03));
#429 = CARTESIAN_POINT('',(-7.738310479331E-03,0.127,1.31080870976E-03)
  );
#430 = PCURVE('',#361,#431);
#431 = DEFINITIONAL_REPRESENTATION('',(#432),#436);
#432 = LINE('',#433,#434);
#433 = CARTESIAN_POINT('',(5.,0.));
#434 = VECTOR('',#435,1.);
#435 = DIRECTION('',(0.,1.));
#436 = ( GEOMETRIC_REPRESENTATION_CONTEXT(2) 
PARAMETRIC_REPRESENTATION_CONTEXT() REPRESENTATION_CONTEXT('2D SPACE',''
  ) );
#437 = PCURVE('',#438,#447);
#438 = ( BOUNDED_SURFACE() B_SPLINE_SURFACE(1,3,(
    (#439,#440,#441,#442)
    ,(#443,#444,#445,#446
)),.UNSPECIFIED.,.F.,.F.,.F.) B_SPLINE_SURFACE_WITH_KNOTS((2,2),(4,4),(
    5.,6.),(0.,1.),.PIECEWISE_BEZIER_KNOTS.) 
GEOMETRIC_REPRESENTATION_ITEM() RATIONAL_B_SPLINE_SURFACE((
    (1.,1.,1.,1.)
,(1.,1.,1.,1.))) REPRESENTATION_ITEM('') SURFACE() );
#439 = CARTESIAN_POINT('',(-1.019892528558E-02,2.032E-02,
    7.039495996667E-03));
#440 = CARTESIAN_POINT('',(-1.809562093706E-02,5.57630709112E-02,
    6.55685307888E-03));
#441 = CARTESIAN_POINT('',(-1.313188886518E-02,9.160924192655E-02,
    2.37177235956E-03));
#442 = CARTESIAN_POINT('',(-7.738310479331E-03,0.127,1.31080870976E-03)
  );
#443 = CARTESIAN_POINT('',(-9.731811892782E-03,2.032E-02,
    6.808044712059E-03));
#444 = CARTESIAN_POINT('',(-1.730267700905E-02,5.57630709112E-02,
    6.393196326251E-03));
#445 = CARTESIAN_POINT('',(-1.257087014305E-02,9.160924192655E-02,
    2.352359516838E-03));
#446 = CARTESIAN_POINT('',(-7.408239917563E-03,0.127,1.302983590501E-03)
  );
#447 = DEFINITIONAL_REPRESENTATION('',(#448),#452);
#448 = LINE('',#449,#450);
#449 = CARTESIAN_POINT('',(5.,0.));
#450 = VECTOR('',#451,1.);
#451 = DIRECTION('',(0.,1.));
#452 = ( GEOMETRIC_REPRESENTATION_CONTEXT(2) 
PARAMETRIC_REPRESENTATION_CONTEXT() REPRESENTATION_CONTEXT('2D SPACE',''
  ) );
#453 = ORIENTED_EDGE('',*,*,#454,.F.);
#454 = EDGE_CURVE('',#345,#422,#455,.T.);
#455 = SURFACE_CURVE('',#456,(#459,#466),.PCURVE_S1.);
#456 = B_SPLINE_CURVE_WITH_KNOTS('',1,(#457,#458),.UNSPECIFIED.,.F.,.F.,
  (2,2),(4.,5.),.PIECEWISE_BEZIER_KNOTS.);
#457 = CARTESIAN_POINT('',(-7.99960621921E-03,0.127,1.315940179593E-03)
  );
#458 = CARTESIAN_POINT('',(-7.738310479331E-03,0.127,1.31080870976E-03)
  );
#459 = PCURVE('',#361,#460);
#460 = DEFINITIONAL_REPRESENTATION('',(#461),#465);
#461 = LINE('',#462,#463);
#462 = CARTESIAN_POINT('',(0.,1.));
#463 = VECTOR('',#464,1.);
#464 = DIRECTION('',(1.,0.));
#465 = ( GEOMETRIC_REPRESENTATION_CONTEXT(2) 
PARAMETRIC_REPRESENTATION_CONTEXT() REPRESENTATION_CONTEXT('2D SPACE',''
  ) );
#466 = PCURVE('',#124,#467);
#467 = DEFINITIONAL_REPRESENTATION('',(#468),#471);
#468 = B_SPLINE_CURVE_WITH_KNOTS('',1,(#469,#470),.UNSPECIFIED.,.F.,.F.,
  (2,2),(4.,5.),.PIECEWISE_BEZIER_KNOTS.);
#469 = CARTESIAN_POINT('',(3.006173088435E-04,5.368918102212E-05));
#470 = CARTESIAN_POINT('',(5.595151570814E-04,8.937811263067E-05));
#471 = ( GEOMETRIC_REPRESENTATION_CONTEXT(2) 
PARAMETRIC_REPRESENTATION_CONTEXT() REPRESENTATION_CONTEXT('2D SPACE',''
  ) );
#472 = ORIENTED_EDGE('',*,*,#344,.F.);
#473 = ADVANCED_FACE('',(#474),#438,.T.);
#474 = FACE_BOUND('',#475,.T.);
#475 = EDGE_LOOP('',(#476,#497,#530,#549));
#476 = ORIENTED_EDGE('',*,*,#477,.T.);
#477 = EDGE_CURVE('',#401,#478,#480,.T.);
#478 = VERTEX_POINT('',#479);
#479 = CARTESIAN_POINT('',(-9.731811892782E-03,2.032E-02,
    6.808044712059E-03));
#480 = SURFACE_CURVE('',#481,(#484,#491),.PCURVE_S1.);
#481 = B_SPLINE_CURVE_WITH_KNOTS('',1,(#482,#483),.UNSPECIFIED.,.F.,.F.,
  (2,2),(5.,6.),.PIECEWISE_BEZIER_KNOTS.);
#482 = CARTESIAN_POINT('',(-1.019892528558E-02,2.032E-02,
    7.039495996667E-03));
#483 = CARTESIAN_POINT('',(-9.731811892782E-03,2.032E-02,
    6.808044712059E-03));
#484 = PCURVE('',#438,#485);
#485 = DEFINITIONAL_REPRESENTATION('',(#486),#490);
#486 = LINE('',#487,#488);
#487 = CARTESIAN_POINT('',(0.,0.));
#488 = VECTOR('',#489,1.);
#489 = DIRECTION('',(1.,0.));
#490 = ( GEOMETRIC_REPRESENTATION_CONTEXT(2) 
PARAMETRIC_REPRESENTATION_CONTEXT() REPRESENTATION_CONTEXT('2D SPACE',''
  ) );
#491 = PCURVE('',#65,#492);
#492 = DEFINITIONAL_REPRESENTATION('',(#493),#496);
#493 = B_SPLINE_CURVE_WITH_KNOTS('',1,(#494,#495),.UNSPECIFIED.,.F.,.F.,
  (2,2),(5.,6.),.PIECEWISE_BEZIER_KNOTS.);
#494 = CARTESIAN_POINT('',(8.834449848654E-04,1.411233357326E-04));
#495 = CARTESIAN_POINT('',(1.400157114015E-03,2.102116448985E-04));
#496 = ( GEOMETRIC_REPRESENTATION_CONTEXT(2) 
PARAMETRIC_REPRESENTATION_CONTEXT() REPRESENTATION_CONTEXT('2D SPACE',''
  ) );
#497 = ORIENTED_EDGE('',*,*,#498,.T.);
#498 = EDGE_CURVE('',#478,#499,#501,.T.);
#499 = VERTEX_POINT('',#500);
#500 = CARTESIAN_POINT('',(-7.408239917563E-03,0.127,1.302983590501E-03)
  );
#501 = SURFACE_CURVE('',#502,(#507,#514),.PCURVE_S1.);
#502 = ( BOUNDED_CURVE() B_SPLINE_CURVE(3,(#503,#504,#505,#506),
.UNSPECIFIED.,.F.,.F.) B_SPLINE_CURVE_WITH_KNOTS((4,4),(0.,1.),
.PIECEWISE_BEZIER_KNOTS.) CURVE() GEOMETRIC_REPRESENTATION_ITEM() 
RATIONAL_B_SPLINE_CURVE((1.,1.,1.,1.)) REPRESENTATION_ITEM('') );
#503 = CARTESIAN_POINT('',(-9.731811892782E-03,2.032E-02,
    6.808044712059E-03));
#504 = CARTESIAN_POINT('',(-1.730267700905E-02,5.57630709112E-02,
    6.393196326251E-03));
#505 = CARTESIAN_POINT('',(-1.257087014305E-02,9.160924192655E-02,
    2.352359516838E-03));
#506 = CARTESIAN_POINT('',(-7.408239917563E-03,0.127,1.302983590501E-03)
  );
#507 = PCURVE('',#438,#508);
#508 = DEFINITIONAL_REPRESENTATION('',(#509),#513);
#509 = LINE('',#510,#511);
#510 = CARTESIAN_POINT('',(6.,0.));
#511 = VECTOR('',#512,1.);
#512 = DIRECTION('',(0.,1.));
#513 = ( GEOMETRIC_REPRESENTATION_CONTEXT(2) 
PARAMETRIC_REPRESENTATION_CONTEXT() REPRESENTATION_CONTEXT('2D SPACE',''
  ) );
#514 = PCURVE('',#515,#524);
#515 = ( BOUNDED_SURFACE() B_SPLINE_SURFACE(1,3,(
    (#516,#517,#518,#519)
    ,(#520,#521,#522,#523
)),.UNSPECIFIED.,.F.,.F.,.F.) B_SPLINE_SURFACE_WITH_KNOTS((2,2),(4,4),(
    6.,7.),(0.,1.),.PIECEWISE_BEZIER_KNOTS.) 
GEOMETRIC_REPRESENTATION_ITEM() RATIONAL_B_SPLINE_SURFACE((
    (1.,1.,1.,1.)
,(1.,1.,1.,1.))) REPRESENTATION_ITEM('') SURFACE() );
#516 = CARTESIAN_POINT('',(-9.731811892782E-03,2.032E-02,
    6.808044712059E-03));
#517 = CARTESIAN_POINT('',(-1.730267700905E-02,5.57630709112E-02,
    6.393196326251E-03));
#518 = CARTESIAN_POINT('',(-1.257087014305E-02,9.160924192655E-02,
    2.352359516838E-03));
#519 = CARTESIAN_POINT('',(-7.408239917563E-03,0.127,1.302983590501E-03)
  );
#520 = CARTESIAN_POINT('',(-9.174680487796E-03,2.032E-02,
    6.528677326337E-03));
#521 = CARTESIAN_POINT('',(-1.635561852137E-02,5.57630709112E-02,
    6.193024191195E-03));
#522 = CARTESIAN_POINT('',(-1.190026447041E-02,9.160924192655E-02,
    2.325956305379E-03));
#523 = CARTESIAN_POINT('',(-7.013674334097E-03,0.127,1.291748934082E-03)
  );
#524 = DEFINITIONAL_REPRESENTATION('',(#525),#529);
#525 = LINE('',#526,#527);
#526 = CARTESIAN_POINT('',(6.,0.));
#527 = VECTOR('',#528,1.);
#528 = DIRECTION('',(0.,1.));
#529 = ( GEOMETRIC_REPRESENTATION_CONTEXT(2) 
PARAMETRIC_REPRESENTATION_CONTEXT() REPRESENTATION_CONTEXT('2D SPACE',''
  ) );
#530 = ORIENTED_EDGE('',*,*,#531,.F.);
#531 = EDGE_CURVE('',#422,#499,#532,.T.);
#532 = SURFACE_CURVE('',#533,(#536,#543),.PCURVE_S1.);
#533 = B_SPLINE_CURVE_WITH_KNOTS('',1,(#534,#535),.UNSPECIFIED.,.F.,.F.,
  (2,2),(5.,6.),.PIECEWISE_BEZIER_KNOTS.);
#534 = CARTESIAN_POINT('',(-7.738310479331E-03,0.127,1.31080870976E-03)
  );
#535 = CARTESIAN_POINT('',(-7.408239917563E-03,0.127,1.302983590501E-03)
  );
#536 = PCURVE('',#438,#537);
#537 = DEFINITIONAL_REPRESENTATION('',(#538),#542);
#538 = LINE('',#539,#540);
#539 = CARTESIAN_POINT('',(0.,1.));
#540 = VECTOR('',#541,1.);
#541 = DIRECTION('',(1.,0.));
#542 = ( GEOMETRIC_REPRESENTATION_CONTEXT(2) 
PARAMETRIC_REPRESENTATION_CONTEXT() REPRESENTATION_CONTEXT('2D SPACE',''
  ) );
#543 = PCURVE('',#124,#544);
#544 = DEFINITIONAL_REPRESENTATION('',(#545),#548);
#545 = B_SPLINE_CURVE_WITH_KNOTS('',1,(#546,#547),.UNSPECIFIED.,.F.,.F.,
  (2,2),(5.,6.),.PIECEWISE_BEZIER_KNOTS.);
#546 = CARTESIAN_POINT('',(5.595151570814E-04,8.937811263067E-05));
#547 = CARTESIAN_POINT('',(8.867661722093E-04,1.331340417691E-04));
#548 = ( GEOMETRIC_REPRESENTATION_CONTEXT(2) 
PARAMETRIC_REPRESENTATION_CONTEXT() REPRESENTATION_CONTEXT('2D SPACE',''
  ) );
#549 = ORIENTED_EDGE('',*,*,#421,.F.);
#550 = ADVANCED_FACE('',(#551),#515,.T.);
#551 = FACE_BOUND('',#552,.T.);
#552 = EDGE_LOOP('',(#553,#574,#607,#626));
#553 = ORIENTED_EDGE('',*,*,#554,.T.);
#554 = EDGE_CURVE('',#478,#555,#557,.T.);
#555 = VERTEX_POINT('',#556);
#556 = CARTESIAN_POINT('',(-9.174680487796E-03,2.032E-02,
    6.528677326337E-03));
#557 = SURFACE_CURVE('',#558,(#561,#568),.PCURVE_S1.);
#558 = B_SPLINE_CURVE_WITH_KNOTS('',1,(#559,#560),.UNSPECIFIED.,.F.,.F.,
  (2,2),(6.,7.),.PIECEWISE_BEZIER_KNOTS.);
#559 = CARTESIAN_POINT('',(-9.731811892782E-03,2.032E-02,
    6.808044712059E-03));
#560 = CARTESIAN_POINT('',(-9.174680487796E-03,2.032E-02,
    6.528677326337E-03));
#561 = PCURVE('',#515,#562);
#562 = DEFINITIONAL_REPRESENTATION('',(#563),#567);
#563 = LINE('',#564,#565);
#564 = CARTESIAN_POINT('',(0.,0.));
#565 = VECTOR('',#566,1.);
#566 = DIRECTION('',(1.,0.));
#567 = ( GEOMETRIC_REPRESENTATION_CONTEXT(2) 
PARAMETRIC_REPRESENTATION_CONTEXT() REPRESENTATION_CONTEXT('2D SPACE',''
  ) );
#568 = PCURVE('',#65,#569);
#569 = DEFINITIONAL_REPRESENTATION('',(#570),#573);
#570 = B_SPLINE_CURVE_WITH_KNOTS('',1,(#571,#572),.UNSPECIFIED.,.F.,.F.,
  (2,2),(6.,7.),.PIECEWISE_BEZIER_KNOTS.);
#571 = CARTESIAN_POINT('',(1.400157114015E-03,2.102116448985E-04));
#572 = CARTESIAN_POINT('',(2.018296745805E-03,2.898667403878E-04));
#573 = ( GEOMETRIC_REPRESENTATION_CONTEXT(2) 
PARAMETRIC_REPRESENTATION_CONTEXT() REPRESENTATION_CONTEXT('2D SPACE',''
  ) );
#574 = ORIENTED_EDGE('',*,*,#575,.T.);
#575 = EDGE_CURVE('',#555,#576,#578,.T.);
#576 = VERTEX_POINT('',#577);
#577 = CARTESIAN_POINT('',(-7.013674334097E-03,0.127,1.291748934082E-03)
  );
#578 = SURFACE_CURVE('',#579,(#584,#591),.PCURVE_S1.);
#579 = ( BOUNDED_CURVE() B_SPLINE_CURVE(3,(#580,#581,#582,#583),
.UNSPECIFIED.,.F.,.F.) B_SPLINE_CURVE_WITH_KNOTS((4,4),(0.,1.),
.PIECEWISE_BEZIER_KNOTS.) CURVE() GEOMETRIC_REPRESENTATION_ITEM() 
RATIONAL_B_SPLINE_CURVE((1.,1.,1.,1.)) REPRESENTATION_ITEM('') );
#580 = CARTESIAN_POINT('',(-9.174680487796E-03,2.032E-02,
    6.528677326337E-03));
#581 = CARTESIAN_POINT('',(-1.635561852137E-02,5.57630709112E-02,
    6.193024191195E-03));
#582 = CARTESIAN_POINT('',(-1.190026447041E-02,9.160924192655E-02,
    2.325956305379E-03));
#583 = CARTESIAN_POINT('',(-7.013674334097E-03,0.127,1.291748934082E-03)
  );
#584 = PCURVE('',#515,#585);
#585 = DEFINITIONAL_REPRESENTATION('',(#586),#590);
#586 = LINE('',#587,#588);
#587 = CARTESIAN_POINT('',(7.,0.));
#588 = VECTOR('',#589,1.);
#589 = DIRECTION('',(0.,1.));
#590 = ( GEOMETRIC_REPRESENTATION_CONTEXT(2) 
PARAMETRIC_REPRESENTATION_CONTEXT() REPRESENTATION_CONTEXT('2D SPACE',''
  ) );
#591 = PCURVE('',#592,#601);
#592 = ( BOUNDED_SURFACE() B_SPLINE_SURFACE(1,3,(
    (#593,#594,#595,#596)
    ,(#597,#598,#599,#600
)),.UNSPECIFIED.,.F.,.F.,.F.) B_SPLINE_SURFACE_WITH_KNOTS((2,2),(4,4),(
    7.,8.),(0.,1.),.PIECEWISE_BEZIER_KNOTS.) 
GEOMETRIC_REPRESENTATION_ITEM() RATIONAL_B_SPLINE_SURFACE((
    (1.,1.,1.,1.)
,(1.,1.,1.,1.))) REPRESENTATION_ITEM('') SURFACE() );
#593 = CARTESIAN_POINT('',(-9.174680487796E-03,2.032E-02,
    6.528677326337E-03));
#594 = CARTESIAN_POINT('',(-1.635561852137E-02,5.57630709112E-02,
    6.193024191195E-03));
#595 = CARTESIAN_POINT('',(-1.190026447041E-02,9.160924192655E-02,
    2.325956305379E-03));
#596 = CARTESIAN_POINT('',(-7.013674334097E-03,0.127,1.291748934082E-03)
  );
#597 = CARTESIAN_POINT('',(-8.535289656668E-03,2.032E-02,
    6.203791663399E-03));
#598 = CARTESIAN_POINT('',(-1.526704603398E-02,5.57630709112E-02,
    5.956881871327E-03));
#599 = CARTESIAN_POINT('',(-1.112874729881E-02,9.160924192655E-02,
    2.291466408739E-03));
#600 = CARTESIAN_POINT('',(-6.559708915311E-03,0.127,1.27640442984E-03)
  );
#601 = DEFINITIONAL_REPRESENTATION('',(#602),#606);
#602 = LINE('',#603,#604);
#603 = CARTESIAN_POINT('',(7.,0.));
#604 = VECTOR('',#605,1.);
#605 = DIRECTION('',(0.,1.));
#606 = ( GEOMETRIC_REPRESENTATION_CONTEXT(2) 
PARAMETRIC_REPRESENTATION_CONTEXT() REPRESENTATION_CONTEXT('2D SPACE',''
  ) );
#607 = ORIENTED_EDGE('',*,*,#608,.F.);
#608 = EDGE_CURVE('',#499,#576,#609,.T.);
#609 = SURFACE_CURVE('',#610,(#613,#620),.PCURVE_S1.);
#610 = B_SPLINE_CURVE_WITH_KNOTS('',1,(#611,#612),.UNSPECIFIED.,.F.,.F.,
  (2,2),(6.,7.),.PIECEWISE_BEZIER_KNOTS.);
#611 = CARTESIAN_POINT('',(-7.408239917563E-03,0.127,1.302983590501E-03)
  );
#612 = CARTESIAN_POINT('',(-7.013674334097E-03,0.127,1.291748934082E-03)
  );
#613 = PCURVE('',#515,#614);
#614 = DEFINITIONAL_REPRESENTATION('',(#615),#619);
#615 = LINE('',#616,#617);
#616 = CARTESIAN_POINT('',(0.,1.));
#617 = VECTOR('',#618,1.);
#618 = DIRECTION('',(1.,0.));
#619 = ( GEOMETRIC_REPRESENTATION_CONTEXT(2) 
PARAMETRIC_REPRESENTATION_CONTEXT() REPRESENTATION_CONTEXT('2D SPACE',''
  ) );
#620 = PCURVE('',#124,#621);
#621 = DEFINITIONAL_REPRESENTATION('',(#622),#625);
#622 = B_SPLINE_CURVE_WITH_KNOTS('',1,(#623,#624),.UNSPECIFIED.,.F.,.F.,
  (2,2),(6.,7.),.PIECEWISE_BEZIER_KNOTS.);
#623 = CARTESIAN_POINT('',(8.867661722093E-04,1.331340417691E-04));
#624 = CARTESIAN_POINT('',(1.278254605677E-03,1.835822689123E-04));
#625 = ( GEOMETRIC_REPRESENTATION_CONTEXT(2) 
PARAMETRIC_REPRESENTATION_CONTEXT() REPRESENTATION_CONTEXT('2D SPACE',''
  ) );
#626 = ORIENTED_EDGE('',*,*,#498,.F.);
#627 = ADVANCED_FACE('',(#628),#592,.T.);
#628 = FACE_BOUND('',#629,.T.);
#629 = EDGE_LOOP('',(#630,#651,#684,#703));
#630 = ORIENTED_EDGE('',*,*,#631,.T.);
#631 = EDGE_CURVE('',#555,#632,#634,.T.);
#632 = VERTEX_POINT('',#633);
#633 = CARTESIAN_POINT('',(-8.535289656668E-03,2.032E-02,
    6.203791663399E-03));
#634 = SURFACE_CURVE('',#635,(#638,#645),.PCURVE_S1.);
#635 = B_SPLINE_CURVE_WITH_KNOTS('',1,(#636,#637),.UNSPECIFIED.,.F.,.F.,
  (2,2),(7.,8.),.PIECEWISE_BEZIER_KNOTS.);
#636 = CARTESIAN_POINT('',(-9.174680487796E-03,2.032E-02,
    6.528677326337E-03));
#637 = CARTESIAN_POINT('',(-8.535289656668E-03,2.032E-02,
    6.203791663399E-03));
#638 = PCURVE('',#592,#639);
#639 = DEFINITIONAL_REPRESENTATION('',(#640),#644);
#640 = LINE('',#641,#642);
#641 = CARTESIAN_POINT('',(0.,0.));
#642 = VECTOR('',#643,1.);
#643 = DIRECTION('',(1.,0.));
#644 = ( GEOMETRIC_REPRESENTATION_CONTEXT(2) 
PARAMETRIC_REPRESENTATION_CONTEXT() REPRESENTATION_CONTEXT('2D SPACE',''
  ) );
#645 = PCURVE('',#65,#646);
#646 = DEFINITIONAL_REPRESENTATION('',(#647),#650);
#647 = B_SPLINE_CURVE_WITH_KNOTS('',1,(#648,#649),.UNSPECIFIED.,.F.,.F.,
  (2,2),(7.,8.),.PIECEWISE_BEZIER_KNOTS.);
#648 = CARTESIAN_POINT('',(2.018296745805E-03,2.898667403878E-04));
#649 = CARTESIAN_POINT('',(2.730089800234E-03,3.777415182208E-04));
#650 = ( GEOMETRIC_REPRESENTATION_CONTEXT(2) 
PARAMETRIC_REPRESENTATION_CONTEXT() REPRESENTATION_CONTEXT('2D SPACE',''
  ) );
#651 = ORIENTED_EDGE('',*,*,#652,.T.);
#652 = EDGE_CURVE('',#632,#653,#655,.T.);
#653 = VERTEX_POINT('',#654);
#654 = CARTESIAN_POINT('',(-6.559708915311E-03,0.127,1.27640442984E-03)
  );
#655 = SURFACE_CURVE('',#656,(#661,#668),.PCURVE_S1.);
#656 = ( BOUNDED_CURVE() B_SPLINE_CURVE(3,(#657,#658,#659,#660),
.UNSPECIFIED.,.F.,.F.) B_SPLINE_CURVE_WITH_KNOTS((4,4),(0.,1.),
.PIECEWISE_BEZIER_KNOTS.) CURVE() GEOMETRIC_REPRESENTATION_ITEM() 
RATIONAL_B_SPLINE_CURVE((1.,1.,1.,1.)) REPRESENTATION_ITEM('') );
#657 = CARTESIAN_POINT('',(-8.535289656668E-03,2.032E-02,
    6.203791663399E-03));
#658 = CARTESIAN_POINT('',(-1.526704603398E-02,5.57630709112E-02,
    5.956881871327E-03));
#659 = CARTESIAN_POINT('',(-1.112874729881E-02,9.160924192655E-02,
    2.291466408739E-03));
#660 = CARTESIAN_POINT('',(-6.559708915311E-03,0.127,1.27640442984E-03)
  );
#661 = PCURVE('',#592,#662);
#662 = DEFINITIONAL_REPRESENTATION('',(#663),#667);
#663 = LINE('',#664,#665);
#664 = CARTESIAN_POINT('',(8.,0.));
#665 = VECTOR('',#666,1.);
#666 = DIRECTION('',(0.,1.));
#667 = ( GEOMETRIC_REPRESENTATION_CONTEXT(2) 
PARAMETRIC_REPRESENTATION_CONTEXT() REPRESENTATION_CONTEXT('2D SPACE',''
  ) );
#668 = PCURVE('',#669,#678);
#669 = ( BOUNDED_SURFACE() B_SPLINE_SURFACE(1,3,(
    (#670,#671,#672,#673)
    ,(#674,#675,#676,#677
)),.UNSPECIFIED.,.F.,.F.,.F.) B_SPLINE_SURFACE_WITH_KNOTS((2,2),(4,4),(
    8.,9.),(0.,1.),.PIECEWISE_BEZIER_KNOTS.) 
GEOMETRIC_REPRESENTATION_ITEM() RATIONAL_B_SPLINE_SURFACE((
    (1.,1.,1.,1.)
,(1.,1.,1.,1.))) REPRESENTATION_ITEM('') SURFACE() );
#670 = CARTESIAN_POINT('',(-8.535289656668E-03,2.032E-02,
    6.203791663399E-03));
#671 = CARTESIAN_POINT('',(-1.526704603398E-02,5.57630709112E-02,
    5.956881871327E-03));
#672 = CARTESIAN_POINT('',(-1.112874729881E-02,9.160924192655E-02,
    2.291466408739E-03));
#673 = CARTESIAN_POINT('',(-6.559708915311E-03,0.127,1.27640442984E-03)
  );
#674 = CARTESIAN_POINT('',(-7.822424740387E-03,2.032E-02,
    5.836369389138E-03));
#675 = CARTESIAN_POINT('',(-1.405133265317E-02,5.57630709112E-02,
    5.685787107392E-03));
#676 = CARTESIAN_POINT('',(-1.026626061997E-02,9.160924192655E-02,
    2.247909833764E-03));
#677 = CARTESIAN_POINT('',(-6.052184469829E-03,0.127,1.256310070045E-03)
  );
#678 = DEFINITIONAL_REPRESENTATION('',(#679),#683);
#679 = LINE('',#680,#681);
#680 = CARTESIAN_POINT('',(8.,0.));
#681 = VECTOR('',#682,1.);
#682 = DIRECTION('',(0.,1.));
#683 = ( GEOMETRIC_REPRESENTATION_CONTEXT(2) 
PARAMETRIC_REPRESENTATION_CONTEXT() REPRESENTATION_CONTEXT('2D SPACE',''
  ) );
#684 = ORIENTED_EDGE('',*,*,#685,.F.);
#685 = EDGE_CURVE('',#576,#653,#686,.T.);
#686 = SURFACE_CURVE('',#687,(#690,#697),.PCURVE_S1.);
#687 = B_SPLINE_CURVE_WITH_KNOTS('',1,(#688,#689),.UNSPECIFIED.,.F.,.F.,
  (2,2),(7.,8.),.PIECEWISE_BEZIER_KNOTS.);
#688 = CARTESIAN_POINT('',(-7.013674334097E-03,0.127,1.291748934082E-03)
  );
#689 = CARTESIAN_POINT('',(-6.559708915311E-03,0.127,1.27640442984E-03)
  );
#690 = PCURVE('',#592,#691);
#691 = DEFINITIONAL_REPRESENTATION('',(#692),#696);
#692 = LINE('',#693,#694);
#693 = CARTESIAN_POINT('',(0.,1.));
#694 = VECTOR('',#695,1.);
#695 = DIRECTION('',(1.,0.));
#696 = ( GEOMETRIC_REPRESENTATION_CONTEXT(2) 
PARAMETRIC_REPRESENTATION_CONTEXT() REPRESENTATION_CONTEXT('2D SPACE',''
  ) );
#697 = PCURVE('',#124,#698);
#698 = DEFINITIONAL_REPRESENTATION('',(#699),#702);
#699 = B_SPLINE_CURVE_WITH_KNOTS('',1,(#700,#701),.UNSPECIFIED.,.F.,.F.,
  (2,2),(7.,8.),.PIECEWISE_BEZIER_KNOTS.);
#700 = CARTESIAN_POINT('',(1.278254605677E-03,1.835822689123E-04));
#701 = CARTESIAN_POINT('',(1.729056873482E-03,2.392362948732E-04));
#702 = ( GEOMETRIC_REPRESENTATION_CONTEXT(2) 
PARAMETRIC_REPRESENTATION_CONTEXT() REPRESENTATION_CONTEXT('2D SPACE',''
  ) );
#703 = ORIENTED_EDGE('',*,*,#575,.F.);
#704 = ADVANCED_FACE('',(#705),#669,.T.);
#705 = FACE_BOUND('',#706,.T.);
#706 = EDGE_LOOP('',(#707,#728,#761,#780));
#707 = ORIENTED_EDGE('',*,*,#708,.T.);
#708 = EDGE_CURVE('',#632,#709,#711,.T.);
#709 = VERTEX_POINT('',#710);
#710 = CARTESIAN_POINT('',(-7.822424740387E-03,2.032E-02,
    5.836369389138E-03));
#711 = SURFACE_CURVE('',#712,(#715,#722),.PCURVE_S1.);
#712 = B_SPLINE_CURVE_WITH_KNOTS('',1,(#713,#714),.UNSPECIFIED.,.F.,.F.,
  (2,2),(8.,9.),.PIECEWISE_BEZIER_KNOTS.);
#713 = CARTESIAN_POINT('',(-8.535289656668E-03,2.032E-02,
    6.203791663399E-03));
#714 = CARTESIAN_POINT('',(-7.822424740387E-03,2.032E-02,
    5.836369389138E-03));
#715 = PCURVE('',#669,#716);
#716 = DEFINITIONAL_REPRESENTATION('',(#717),#721);
#717 = LINE('',#718,#719);
#718 = CARTESIAN_POINT('',(0.,0.));
#719 = VECTOR('',#720,1.);
#720 = DIRECTION('',(1.,0.));
#721 = ( GEOMETRIC_REPRESENTATION_CONTEXT(2) 
PARAMETRIC_REPRESENTATION_CONTEXT() REPRESENTATION_CONTEXT('2D SPACE',''
  ) );
#722 = PCURVE('',#65,#723);
#723 = DEFINITIONAL_REPRESENTATION('',(#724),#727);
#724 = B_SPLINE_CURVE_WITH_KNOTS('',1,(#725,#726),.UNSPECIFIED.,.F.,.F.,
  (2,2),(8.,9.),.PIECEWISE_BEZIER_KNOTS.);
#725 = CARTESIAN_POINT('',(2.730089800234E-03,3.777415182208E-04));
#726 = CARTESIAN_POINT('',(3.526584457473E-03,4.713992860682E-04));
#727 = ( GEOMETRIC_REPRESENTATION_CONTEXT(2) 
PARAMETRIC_REPRESENTATION_CONTEXT() REPRESENTATION_CONTEXT('2D SPACE',''
  ) );
#728 = ORIENTED_EDGE('',*,*,#729,.T.);
#729 = EDGE_CURVE('',#709,#730,#732,.T.);
#730 = VERTEX_POINT('',#731);
#731 = CARTESIAN_POINT('',(-6.052184469829E-03,0.127,1.256310070045E-03)
  );
#732 = SURFACE_CURVE('',#733,(#738,#745),.PCURVE_S1.);
#733 = ( BOUNDED_CURVE() B_SPLINE_CURVE(3,(#734,#735,#736,#737),
.UNSPECIFIED.,.F.,.F.) B_SPLINE_CURVE_WITH_KNOTS((4,4),(0.,1.),
.PIECEWISE_BEZIER_KNOTS.) CURVE() GEOMETRIC_REPRESENTATION_ITEM() 
RATIONAL_B_SPLINE_CURVE((1.,1.,1.,1.)) REPRESENTATION_ITEM('') );
#734 = CARTESIAN_POINT('',(-7.822424740387E-03,2.032E-02,
    5.836369389138E-03));
#735 = CARTESIAN_POINT('',(-1.405133265317E-02,5.57630709112E-02,
    5.685787107392E-03));
#736 = CARTESIAN_POINT('',(-1.026626061997E-02,9.160924192655E-02,
    2.247909833764E-03));
#737 = CARTESIAN_POINT('',(-6.052184469829E-03,0.127,1.256310070045E-03)
  );
#738 = PCURVE('',#669,#739);
#739 = DEFINITIONAL_REPRESENTATION('',(#740),#744);
#740 = LINE('',#741,#742);
#741 = CARTESIAN_POINT('',(9.,0.));
#742 = VECTOR('',#743,1.);
#743 = DIRECTION('',(0.,1.));
#744 = ( GEOMETRIC_REPRESENTATION_CONTEXT(2) 
PARAMETRIC_REPRESENTATION_CONTEXT() REPRESENTATION_CONTEXT('2D SPACE',''
  ) );
#745 = PCURVE('',#746,#755);
#746 = ( BOUNDED_SURFACE() B_SPLINE_SURFACE(1,3,(
    (#747,#748,#749,#750)
    ,(#751,#752,#753,#754
)),.UNSPECIFIED.,.F.,.F.,.F.) B_SPLINE_SURFACE_WITH_KNOTS((2,2),(4,4),(
    9.,10.),(0.,1.),.PIECEWISE_BEZIER_KNOTS.) 
GEOMETRIC_REPRESENTATION_ITEM() RATIONAL_B_SPLINE_SURFACE((
    (1.,1.,1.,1.)
,(1.,1.,1.,1.))) REPRESENTATION_ITEM('') SURFACE() );
#747 = CARTESIAN_POINT('',(-7.822424740387E-03,2.032E-02,
    5.836369389138E-03));
#748 = CARTESIAN_POINT('',(-1.405133265317E-02,5.57630709112E-02,
    5.685787107392E-03));
#749 = CARTESIAN_POINT('',(-1.026626061997E-02,9.160924192655E-02,
    2.247909833764E-03));
#750 = CARTESIAN_POINT('',(-6.052184469829E-03,0.127,1.256310070045E-03)
  );
#751 = CARTESIAN_POINT('',(-7.045778816346E-03,2.032E-02,
    5.42995117302E-03));
#752 = CARTESIAN_POINT('',(-1.272443544249E-02,5.57630709112E-02,
    5.381239764465E-03));
#753 = CARTESIAN_POINT('',(-9.323885190973E-03,9.160924192655E-02,
    2.19445144402E-03));
#754 = CARTESIAN_POINT('',(-5.497612464278E-03,0.127,1.230903749063E-03)
  );
#755 = DEFINITIONAL_REPRESENTATION('',(#756),#760);
#756 = LINE('',#757,#758);
#757 = CARTESIAN_POINT('',(9.,0.));
#758 = VECTOR('',#759,1.);
#759 = DIRECTION('',(0.,1.));
#760 = ( GEOMETRIC_REPRESENTATION_CONTEXT(2) 
PARAMETRIC_REPRESENTATION_CONTEXT() REPRESENTATION_CONTEXT('2D SPACE',''
  ) );
#761 = ORIENTED_EDGE('',*,*,#762,.F.);
#762 = EDGE_CURVE('',#653,#730,#763,.T.);
#763 = SURFACE_CURVE('',#764,(#767,#774),.PCURVE_S1.);
#764 = B_SPLINE_CURVE_WITH_KNOTS('',1,(#765,#766),.UNSPECIFIED.,.F.,.F.,
  (2,2),(8.,9.),.PIECEWISE_BEZIER_KNOTS.);
#765 = CARTESIAN_POINT('',(-6.559708915311E-03,0.127,1.27640442984E-03)
  );
#766 = CARTESIAN_POINT('',(-6.052184469829E-03,0.127,1.256310070045E-03)
  );
#767 = PCURVE('',#669,#768);
#768 = DEFINITIONAL_REPRESENTATION('',(#769),#773);
#769 = LINE('',#770,#771);
#770 = CARTESIAN_POINT('',(0.,1.));
#771 = VECTOR('',#772,1.);
#772 = DIRECTION('',(1.,0.));
#773 = ( GEOMETRIC_REPRESENTATION_CONTEXT(2) 
PARAMETRIC_REPRESENTATION_CONTEXT() REPRESENTATION_CONTEXT('2D SPACE',''
  ) );
#774 = PCURVE('',#124,#775);
#775 = DEFINITIONAL_REPRESENTATION('',(#776),#779);
#776 = B_SPLINE_CURVE_WITH_KNOTS('',1,(#777,#778),.UNSPECIFIED.,.F.,.F.,
  (2,2),(8.,9.),.PIECEWISE_BEZIER_KNOTS.);
#777 = CARTESIAN_POINT('',(1.729056873482E-03,2.392362948732E-04));
#778 = CARTESIAN_POINT('',(2.233503489733E-03,2.985528811765E-04));
#779 = ( GEOMETRIC_REPRESENTATION_CONTEXT(2) 
PARAMETRIC_REPRESENTATION_CONTEXT() REPRESENTATION_CONTEXT('2D SPACE',''
  ) );
#780 = ORIENTED_EDGE('',*,*,#652,.F.);
#781 = ADVANCED_FACE('',(#782),#746,.T.);
#782 = FACE_BOUND('',#783,.T.);
#783 = EDGE_LOOP('',(#784,#805,#838,#857));
#784 = ORIENTED_EDGE('',*,*,#785,.T.);
#785 = EDGE_CURVE('',#709,#786,#788,.T.);
#786 = VERTEX_POINT('',#787);
#787 = CARTESIAN_POINT('',(-7.045778816346E-03,2.032E-02,
    5.42995117302E-03));
#788 = SURFACE_CURVE('',#789,(#792,#799),.PCURVE_S1.);
#789 = B_SPLINE_CURVE_WITH_KNOTS('',1,(#790,#791),.UNSPECIFIED.,.F.,.F.,
  (2,2),(9.,10.),.PIECEWISE_BEZIER_KNOTS.);
#790 = CARTESIAN_POINT('',(-7.822424740387E-03,2.032E-02,
    5.836369389138E-03));
#791 = CARTESIAN_POINT('',(-7.045778816346E-03,2.032E-02,
    5.42995117302E-03));
#792 = PCURVE('',#746,#793);
#793 = DEFINITIONAL_REPRESENTATION('',(#794),#798);
#794 = LINE('',#795,#796);
#795 = CARTESIAN_POINT('',(0.,0.));
#796 = VECTOR('',#797,1.);
#797 = DIRECTION('',(1.,0.));
#798 = ( GEOMETRIC_REPRESENTATION_CONTEXT(2) 
PARAMETRIC_REPRESENTATION_CONTEXT() REPRESENTATION_CONTEXT('2D SPACE',''
  ) );
#799 = PCURVE('',#65,#800);
#800 = DEFINITIONAL_REPRESENTATION('',(#801),#804);
#801 = B_SPLINE_CURVE_WITH_KNOTS('',1,(#802,#803),.UNSPECIFIED.,.F.,.F.,
  (2,2),(9.,10.),.PIECEWISE_BEZIER_KNOTS.);
#802 = CARTESIAN_POINT('',(3.526584457473E-03,4.713992860682E-04));
#803 = CARTESIAN_POINT('',(4.397763739181E-03,5.683596740831E-04));
#804 = ( GEOMETRIC_REPRESENTATION_CONTEXT(2) 
PARAMETRIC_REPRESENTATION_CONTEXT() REPRESENTATION_CONTEXT('2D SPACE',''
  ) );
#805 = ORIENTED_EDGE('',*,*,#806,.T.);
#806 = EDGE_CURVE('',#786,#807,#809,.T.);
#807 = VERTEX_POINT('',#808);
#808 = CARTESIAN_POINT('',(-5.497612464278E-03,0.127,1.230903749063E-03)
  );
#809 = SURFACE_CURVE('',#810,(#815,#822),.PCURVE_S1.);
#810 = ( BOUNDED_CURVE() B_SPLINE_CURVE(3,(#811,#812,#813,#814),
.UNSPECIFIED.,.F.,.F.) B_SPLINE_CURVE_WITH_KNOTS((4,4),(0.,1.),
.PIECEWISE_BEZIER_KNOTS.) CURVE() GEOMETRIC_REPRESENTATION_ITEM() 
RATIONAL_B_SPLINE_CURVE((1.,1.,1.,1.)) REPRESENTATION_ITEM('') );
#811 = CARTESIAN_POINT('',(-7.045778816346E-03,2.032E-02,
    5.42995117302E-03));
#812 = CARTESIAN_POINT('',(-1.272443544249E-02,5.57630709112E-02,
    5.381239764465E-03));
#813 = CARTESIAN_POINT('',(-9.323885190973E-03,9.160924192655E-02,
    2.19445144402E-03));
#814 = CARTESIAN_POINT('',(-5.497612464278E-03,0.127,1.230903749063E-03)
  );
#815 = PCURVE('',#746,#816);
#816 = DEFINITIONAL_REPRESENTATION('',(#817),#821);
#817 = LINE('',#818,#819);
#818 = CARTESIAN_POINT('',(10.,0.));
#819 = VECTOR('',#820,1.);
#820 = DIRECTION('',(0.,1.));
#821 = ( GEOMETRIC_REPRESENTATION_CONTEXT(2) 
PARAMETRIC_REPRESENTATION_CONTEXT() REPRESENTATION_CONTEXT('2D SPACE',''
  ) );
#822 = PCURVE('',#823,#832);
#823 = ( BOUNDED_SURFACE() B_SPLINE_SURFACE(1,3,(
    (#824,#825,#826,#827)
    ,(#828,#829,#830,#831
)),.UNSPECIFIED.,.F.,.F.,.F.) B_SPLINE_SURFACE_WITH_KNOTS((2,2),(4,4),(
    10.,11.),(0.,1.),.PIECEWISE_BEZIER_KNOTS.) 
GEOMETRIC_REPRESENTATION_ITEM() RATIONAL_B_SPLINE_SURFACE((
    (1.,1.,1.,1.)
,(1.,1.,1.,1.))) REPRESENTATION_ITEM('') SURFACE() );
#824 = CARTESIAN_POINT('',(-7.045778816346E-03,2.032E-02,
    5.42995117302E-03));
#825 = CARTESIAN_POINT('',(-1.272443544249E-02,5.57630709112E-02,
    5.381239764465E-03));
#826 = CARTESIAN_POINT('',(-9.323885190973E-03,9.160924192655E-02,
    2.19445144402E-03));
#827 = CARTESIAN_POINT('',(-5.497612464278E-03,0.127,1.230903749063E-03)
  );
#828 = CARTESIAN_POINT('',(-6.215846073476E-03,2.032E-02,
    4.988569521628E-03));
#829 = CARTESIAN_POINT('',(-1.130370877455E-02,5.57630709112E-02,
    5.04516294017E-03));
#830 = CARTESIAN_POINT('',(-8.313706103488E-03,9.160924192655E-02,
    2.13038246886E-03));
#831 = CARTESIAN_POINT('',(-4.903095843503E-03,0.127,1.199691249176E-03)
  );
#832 = DEFINITIONAL_REPRESENTATION('',(#833),#837);
#833 = LINE('',#834,#835);
#834 = CARTESIAN_POINT('',(10.,0.));
#835 = VECTOR('',#836,1.);
#836 = DIRECTION('',(0.,1.));
#837 = ( GEOMETRIC_REPRESENTATION_CONTEXT(2) 
PARAMETRIC_REPRESENTATION_CONTEXT() REPRESENTATION_CONTEXT('2D SPACE',''
  ) );
#838 = ORIENTED_EDGE('',*,*,#839,.F.);
#839 = EDGE_CURVE('',#730,#807,#840,.T.);
#840 = SURFACE_CURVE('',#841,(#844,#851),.PCURVE_S1.);
#841 = B_SPLINE_CURVE_WITH_KNOTS('',1,(#842,#843),.UNSPECIFIED.,.F.,.F.,
  (2,2),(9.,10.),.PIECEWISE_BEZIER_KNOTS.);
#842 = CARTESIAN_POINT('',(-6.052184469829E-03,0.127,1.256310070045E-03)
  );
#843 = CARTESIAN_POINT('',(-5.497612464278E-03,0.127,1.230903749063E-03)
  );
#844 = PCURVE('',#746,#845);
#845 = DEFINITIONAL_REPRESENTATION('',(#846),#850);
#846 = LINE('',#847,#848);
#847 = CARTESIAN_POINT('',(0.,1.));
#848 = VECTOR('',#849,1.);
#849 = DIRECTION('',(1.,0.));
#850 = ( GEOMETRIC_REPRESENTATION_CONTEXT(2) 
PARAMETRIC_REPRESENTATION_CONTEXT() REPRESENTATION_CONTEXT('2D SPACE',''
  ) );
#851 = PCURVE('',#124,#852);
#852 = DEFINITIONAL_REPRESENTATION('',(#853),#856);
#853 = B_SPLINE_CURVE_WITH_KNOTS('',1,(#854,#855),.UNSPECIFIED.,.F.,.F.,
  (2,2),(9.,10.),.PIECEWISE_BEZIER_KNOTS.);
#854 = CARTESIAN_POINT('',(2.233503489733E-03,2.985528811765E-04));
#855 = CARTESIAN_POINT('',(2.785250368148E-03,3.599611269193E-04));
#856 = ( GEOMETRIC_REPRESENTATION_CONTEXT(2) 
PARAMETRIC_REPRESENTATION_CONTEXT() REPRESENTATION_CONTEXT('2D SPACE',''
  ) );
#857 = ORIENTED_EDGE('',*,*,#729,.F.);
#858 = ADVANCED_FACE('',(#859),#823,.T.);
#859 = FACE_BOUND('',#860,.T.);
#860 = EDGE_LOOP('',(#861,#882,#915,#934));
#861 = ORIENTED_EDGE('',*,*,#862,.T.);
#862 = EDGE_CURVE('',#786,#863,#865,.T.);
#863 = VERTEX_POINT('',#864);
#864 = CARTESIAN_POINT('',(-6.215846073476E-03,2.032E-02,
    4.988569521628E-03));
#865 = SURFACE_CURVE('',#866,(#869,#876),.PCURVE_S1.);
#866 = B_SPLINE_CURVE_WITH_KNOTS('',1,(#867,#868),.UNSPECIFIED.,.F.,.F.,
  (2,2),(10.,11.),.PIECEWISE_BEZIER_KNOTS.);
#867 = CARTESIAN_POINT('',(-7.045778816346E-03,2.032E-02,
    5.42995117302E-03));
#868 = CARTESIAN_POINT('',(-6.215846073476E-03,2.032E-02,
    4.988569521628E-03));
#869 = PCURVE('',#823,#870);
#870 = DEFINITIONAL_REPRESENTATION('',(#871),#875);
#871 = LINE('',#872,#873);
#872 = CARTESIAN_POINT('',(0.,0.));
#873 = VECTOR('',#874,1.);
#874 = DIRECTION('',(1.,0.));
#875 = ( GEOMETRIC_REPRESENTATION_CONTEXT(2) 
PARAMETRIC_REPRESENTATION_CONTEXT() REPRESENTATION_CONTEXT('2D SPACE',''
  ) );
#876 = PCURVE('',#65,#877);
#877 = DEFINITIONAL_REPRESENTATION('',(#878),#881);
#878 = B_SPLINE_CURVE_WITH_KNOTS('',1,(#879,#880),.UNSPECIFIED.,.F.,.F.,
  (2,2),(10.,11.),.PIECEWISE_BEZIER_KNOTS.);
#879 = CARTESIAN_POINT('',(4.397763739181E-03,5.683596740831E-04));
#880 = CARTESIAN_POINT('',(5.332671465327E-03,6.661025176383E-04));
#881 = ( GEOMETRIC_REPRESENTATION_CONTEXT(2) 
PARAMETRIC_REPRESENTATION_CONTEXT() REPRESENTATION_CONTEXT('2D SPACE',''
  ) );
#882 = ORIENTED_EDGE('',*,*,#883,.T.);
#883 = EDGE_CURVE('',#863,#884,#886,.T.);
#884 = VERTEX_POINT('',#885);
#885 = CARTESIAN_POINT('',(-4.903095843503E-03,0.127,1.199691249176E-03)
  );
#886 = SURFACE_CURVE('',#887,(#892,#899),.PCURVE_S1.);
#887 = ( BOUNDED_CURVE() B_SPLINE_CURVE(3,(#888,#889,#890,#891),
.UNSPECIFIED.,.F.,.F.) B_SPLINE_CURVE_WITH_KNOTS((4,4),(0.,1.),
.PIECEWISE_BEZIER_KNOTS.) CURVE() GEOMETRIC_REPRESENTATION_ITEM() 
RATIONAL_B_SPLINE_CURVE((1.,1.,1.,1.)) REPRESENTATION_ITEM('') );
#888 = CARTESIAN_POINT('',(-6.215846073476E-03,2.032E-02,
    4.988569521628E-03));
#889 = CARTESIAN_POINT('',(-1.130370877455E-02,5.57630709112E-02,
    5.04516294017E-03));
#890 = CARTESIAN_POINT('',(-8.313706103488E-03,9.160924192655E-02,
    2.13038246886E-03));
#891 = CARTESIAN_POINT('',(-4.903095843503E-03,0.127,1.199691249176E-03)
  );
#892 = PCURVE('',#823,#893);
#893 = DEFINITIONAL_REPRESENTATION('',(#894),#898);
#894 = LINE('',#895,#896);
#895 = CARTESIAN_POINT('',(11.,0.));
#896 = VECTOR('',#897,1.);
#897 = DIRECTION('',(0.,1.));
#898 = ( GEOMETRIC_REPRESENTATION_CONTEXT(2) 
PARAMETRIC_REPRESENTATION_CONTEXT() REPRESENTATION_CONTEXT('2D SPACE',''
  ) );
#899 = PCURVE('',#900,#909);
#900 = ( BOUNDED_SURFACE() B_SPLINE_SURFACE(1,3,(
    (#901,#902,#903,#904)
    ,(#905,#906,#907,#908
)),.UNSPECIFIED.,.F.,.F.,.F.) B_SPLINE_SURFACE_WITH_KNOTS((2,2),(4,4),(
    11.,12.),(0.,1.),.PIECEWISE_BEZIER_KNOTS.) 
GEOMETRIC_REPRESENTATION_ITEM() RATIONAL_B_SPLINE_SURFACE((
    (1.,1.,1.,1.)
,(1.,1.,1.,1.))) REPRESENTATION_ITEM('') SURFACE() );
#901 = CARTESIAN_POINT('',(-6.215846073476E-03,2.032E-02,
    4.988569521628E-03));
#902 = CARTESIAN_POINT('',(-1.130370877455E-02,5.57630709112E-02,
    5.04516294017E-03));
#903 = CARTESIAN_POINT('',(-8.313706103488E-03,9.160924192655E-02,
    2.13038246886E-03));
#904 = CARTESIAN_POINT('',(-4.903095843503E-03,0.127,1.199691249176E-03)
  );
#905 = CARTESIAN_POINT('',(-5.343823238269E-03,2.032E-02,
    4.516648555139E-03));
#906 = CARTESIAN_POINT('',(-9.807716752468E-03,5.57630709112E-02,
    4.679791238849E-03));
#907 = CARTESIAN_POINT('',(-7.248671557935E-03,9.160924192655E-02,
    2.055066011363E-03));
#908 = CARTESIAN_POINT('',(-4.27624562395E-03,0.127,1.162215096922E-03)
  );
#909 = DEFINITIONAL_REPRESENTATION('',(#910),#914);
#910 = LINE('',#911,#912);
#911 = CARTESIAN_POINT('',(11.,0.));
#912 = VECTOR('',#913,1.);
#913 = DIRECTION('',(0.,1.));
#914 = ( GEOMETRIC_REPRESENTATION_CONTEXT(2) 
PARAMETRIC_REPRESENTATION_CONTEXT() REPRESENTATION_CONTEXT('2D SPACE',''
  ) );
#915 = ORIENTED_EDGE('',*,*,#916,.F.);
#916 = EDGE_CURVE('',#807,#884,#917,.T.);
#917 = SURFACE_CURVE('',#918,(#921,#928),.PCURVE_S1.);
#918 = B_SPLINE_CURVE_WITH_KNOTS('',1,(#919,#920),.UNSPECIFIED.,.F.,.F.,
  (2,2),(10.,11.),.PIECEWISE_BEZIER_KNOTS.);
#919 = CARTESIAN_POINT('',(-5.497612464278E-03,0.127,1.230903749063E-03)
  );
#920 = CARTESIAN_POINT('',(-4.903095843503E-03,0.127,1.199691249176E-03)
  );
#921 = PCURVE('',#823,#922);
#922 = DEFINITIONAL_REPRESENTATION('',(#923),#927);
#923 = LINE('',#924,#925);
#924 = CARTESIAN_POINT('',(0.,1.));
#925 = VECTOR('',#926,1.);
#926 = DIRECTION('',(1.,0.));
#927 = ( GEOMETRIC_REPRESENTATION_CONTEXT(2) 
PARAMETRIC_REPRESENTATION_CONTEXT() REPRESENTATION_CONTEXT('2D SPACE',''
  ) );
#928 = PCURVE('',#124,#929);
#929 = DEFINITIONAL_REPRESENTATION('',(#930),#933);
#930 = B_SPLINE_CURVE_WITH_KNOTS('',1,(#931,#932),.UNSPECIFIED.,.F.,.F.,
  (2,2),(10.,11.),.PIECEWISE_BEZIER_KNOTS.);
#931 = CARTESIAN_POINT('',(2.785250368148E-03,3.599611269193E-04));
#932 = CARTESIAN_POINT('',(3.377358594707E-03,4.218649278376E-04));
#933 = ( GEOMETRIC_REPRESENTATION_CONTEXT(2) 
PARAMETRIC_REPRESENTATION_CONTEXT() REPRESENTATION_CONTEXT('2D SPACE',''
  ) );
#934 = ORIENTED_EDGE('',*,*,#806,.F.);
#935 = ADVANCED_FACE('',(#936),#900,.T.);
#936 = FACE_BOUND('',#937,.T.);
#937 = EDGE_LOOP('',(#938,#959,#992,#1011));
#938 = ORIENTED_EDGE('',*,*,#939,.T.);
#939 = EDGE_CURVE('',#863,#940,#942,.T.);
#940 = VERTEX_POINT('',#941);
#941 = CARTESIAN_POINT('',(-5.343823238269E-03,2.032E-02,
    4.516648555139E-03));
#942 = SURFACE_CURVE('',#943,(#946,#953),.PCURVE_S1.);
#943 = B_SPLINE_CURVE_WITH_KNOTS('',1,(#944,#945),.UNSPECIFIED.,.F.,.F.,
  (2,2),(11.,12.),.PIECEWISE_BEZIER_KNOTS.);
#944 = CARTESIAN_POINT('',(-6.215846073476E-03,2.032E-02,
    4.988569521628E-03));
#945 = CARTESIAN_POINT('',(-5.343823238269E-03,2.032E-02,
    4.516648555139E-03));
#946 = PCURVE('',#900,#947);
#947 = DEFINITIONAL_REPRESENTATION('',(#948),#952);
#948 = LINE('',#949,#950);
#949 = CARTESIAN_POINT('',(0.,0.));
#950 = VECTOR('',#951,1.);
#951 = DIRECTION('',(1.,0.));
#952 = ( GEOMETRIC_REPRESENTATION_CONTEXT(2) 
PARAMETRIC_REPRESENTATION_CONTEXT() REPRESENTATION_CONTEXT('2D SPACE',''
  ) );
#953 = PCURVE('',#65,#954);
#954 = DEFINITIONAL_REPRESENTATION('',(#955),#958);
#955 = B_SPLINE_CURVE_WITH_KNOTS('',1,(#956,#957),.UNSPECIFIED.,.F.,.F.,
  (2,2),(11.,12.),.PIECEWISE_BEZIER_KNOTS.);
#956 = CARTESIAN_POINT('',(5.332671465327E-03,6.661025176383E-04));
#957 = CARTESIAN_POINT('',(6.319550007188E-03,7.620398271038E-04));
#958 = ( GEOMETRIC_REPRESENTATION_CONTEXT(2) 
PARAMETRIC_REPRESENTATION_CONTEXT() REPRESENTATION_CONTEXT('2D SPACE',''
  ) );
#959 = ORIENTED_EDGE('',*,*,#960,.T.);
#960 = EDGE_CURVE('',#940,#961,#963,.T.);
#961 = VERTEX_POINT('',#962);
#962 = CARTESIAN_POINT('',(-4.27624562395E-03,0.127,1.162215096922E-03)
  );
#963 = SURFACE_CURVE('',#964,(#969,#976),.PCURVE_S1.);
#964 = ( BOUNDED_CURVE() B_SPLINE_CURVE(3,(#965,#966,#967,#968),
.UNSPECIFIED.,.F.,.F.) B_SPLINE_CURVE_WITH_KNOTS((4,4),(0.,1.),
.PIECEWISE_BEZIER_KNOTS.) CURVE() GEOMETRIC_REPRESENTATION_ITEM() 
RATIONAL_B_SPLINE_CURVE((1.,1.,1.,1.)) REPRESENTATION_ITEM('') );
#965 = CARTESIAN_POINT('',(-5.343823238269E-03,2.032E-02,
    4.516648555139E-03));
#966 = CARTESIAN_POINT('',(-9.807716752468E-03,5.57630709112E-02,
    4.679791238849E-03));
#967 = CARTESIAN_POINT('',(-7.248671557935E-03,9.160924192655E-02,
    2.055066011363E-03));
#968 = CARTESIAN_POINT('',(-4.27624562395E-03,0.127,1.162215096922E-03)
  );
#969 = PCURVE('',#900,#970);
#970 = DEFINITIONAL_REPRESENTATION('',(#971),#975);
#971 = LINE('',#972,#973);
#972 = CARTESIAN_POINT('',(12.,0.));
#973 = VECTOR('',#974,1.);
#974 = DIRECTION('',(0.,1.));
#975 = ( GEOMETRIC_REPRESENTATION_CONTEXT(2) 
PARAMETRIC_REPRESENTATION_CONTEXT() REPRESENTATION_CONTEXT('2D SPACE',''
  ) );
#976 = PCURVE('',#977,#986);
#977 = ( BOUNDED_SURFACE() B_SPLINE_SURFACE(1,3,(
    (#978,#979,#980,#981)
    ,(#982,#983,#984,#985
)),.UNSPECIFIED.,.F.,.F.,.F.) B_SPLINE_SURFACE_WITH_KNOTS((2,2),(4,4),(
    12.,13.),(0.,1.),.PIECEWISE_BEZIER_KNOTS.) 
GEOMETRIC_REPRESENTATION_ITEM() RATIONAL_B_SPLINE_SURFACE((
    (1.,1.,1.,1.)
,(1.,1.,1.,1.))) REPRESENTATION_ITEM('') SURFACE() );
#978 = CARTESIAN_POINT('',(-5.343823238269E-03,2.032E-02,
    4.516648555139E-03));
#979 = CARTESIAN_POINT('',(-9.807716752468E-03,5.57630709112E-02,
    4.679791238849E-03));
#980 = CARTESIAN_POINT('',(-7.248671557935E-03,9.160924192655E-02,
    2.055066011363E-03));
#981 = CARTESIAN_POINT('',(-4.27624562395E-03,0.127,1.162215096922E-03)
  );
#982 = CARTESIAN_POINT('',(-4.44150975621E-03,2.032E-02,
    4.018887606079E-03));
#983 = CARTESIAN_POINT('',(-8.256037387121E-03,5.57630709112E-02,
    4.287535232267E-03));
#984 = CARTESIAN_POINT('',(-6.14244322705E-03,9.160924192655E-02,
    1.967867241951E-03));
#985 = CARTESIAN_POINT('',(-3.625092442561E-03,0.127,1.118014466629E-03)
  );
#986 = DEFINITIONAL_REPRESENTATION('',(#987),#991);
#987 = LINE('',#988,#989);
#988 = CARTESIAN_POINT('',(12.,0.));
#989 = VECTOR('',#990,1.);
#990 = DIRECTION('',(0.,1.));
#991 = ( GEOMETRIC_REPRESENTATION_CONTEXT(2) 
PARAMETRIC_REPRESENTATION_CONTEXT() REPRESENTATION_CONTEXT('2D SPACE',''
  ) );
#992 = ORIENTED_EDGE('',*,*,#993,.F.);
#993 = EDGE_CURVE('',#884,#961,#994,.T.);
#994 = SURFACE_CURVE('',#995,(#998,#1005),.PCURVE_S1.);
#995 = B_SPLINE_CURVE_WITH_KNOTS('',1,(#996,#997),.UNSPECIFIED.,.F.,.F.,
  (2,2),(11.,12.),.PIECEWISE_BEZIER_KNOTS.);
#996 = CARTESIAN_POINT('',(-4.903095843503E-03,0.127,1.199691249176E-03)
  );
#997 = CARTESIAN_POINT('',(-4.27624562395E-03,0.127,1.162215096922E-03)
  );
#998 = PCURVE('',#900,#999);
#999 = DEFINITIONAL_REPRESENTATION('',(#1000),#1004);
#1000 = LINE('',#1001,#1002);
#1001 = CARTESIAN_POINT('',(0.,1.));
#1002 = VECTOR('',#1003,1.);
#1003 = DIRECTION('',(1.,0.));
#1004 = ( GEOMETRIC_REPRESENTATION_CONTEXT(2) 
PARAMETRIC_REPRESENTATION_CONTEXT() REPRESENTATION_CONTEXT('2D SPACE',''
  ) );
#1005 = PCURVE('',#124,#1006);
#1006 = DEFINITIONAL_REPRESENTATION('',(#1007),#1010);
#1007 = B_SPLINE_CURVE_WITH_KNOTS('',1,(#1008,#1009),.UNSPECIFIED.,.F.,
  .F.,(2,2),(11.,12.),.PIECEWISE_BEZIER_KNOTS.);
#1008 = CARTESIAN_POINT('',(3.377358594707E-03,4.218649278376E-04));
#1009 = CARTESIAN_POINT('',(4.002381671219E-03,4.826252238324E-04));
#1010 = ( GEOMETRIC_REPRESENTATION_CONTEXT(2) 
PARAMETRIC_REPRESENTATION_CONTEXT() REPRESENTATION_CONTEXT('2D SPACE',''
  ) );
#1011 = ORIENTED_EDGE('',*,*,#883,.F.);
#1012 = ADVANCED_FACE('',(#1013),#977,.T.);
#1013 = FACE_BOUND('',#1014,.T.);
#1014 = EDGE_LOOP('',(#1015,#1036,#1069,#1088));
#1015 = ORIENTED_EDGE('',*,*,#1016,.T.);
#1016 = EDGE_CURVE('',#940,#1017,#1019,.T.);
#1017 = VERTEX_POINT('',#1018);
#1018 = CARTESIAN_POINT('',(-4.44150975621E-03,2.032E-02,
    4.018887606079E-03));
#1019 = SURFACE_CURVE('',#1020,(#1023,#1030),.PCURVE_S1.);
#1020 = B_SPLINE_CURVE_WITH_KNOTS('',1,(#1021,#1022),.UNSPECIFIED.,.F.,
  .F.,(2,2),(12.,13.),.PIECEWISE_BEZIER_KNOTS.);
#1021 = CARTESIAN_POINT('',(-5.343823238269E-03,2.032E-02,
    4.516648555139E-03));
#1022 = CARTESIAN_POINT('',(-4.44150975621E-03,2.032E-02,
    4.018887606079E-03));
#1023 = PCURVE('',#977,#1024);
#1024 = DEFINITIONAL_REPRESENTATION('',(#1025),#1029);
#1025 = LINE('',#1026,#1027);
#1026 = CARTESIAN_POINT('',(0.,0.));
#1027 = VECTOR('',#1028,1.);
#1028 = DIRECTION('',(1.,0.));
#1029 = ( GEOMETRIC_REPRESENTATION_CONTEXT(2) 
PARAMETRIC_REPRESENTATION_CONTEXT() REPRESENTATION_CONTEXT('2D SPACE',''
  ) );
#1030 = PCURVE('',#65,#1031);
#1031 = DEFINITIONAL_REPRESENTATION('',(#1032),#1035);
#1032 = B_SPLINE_CURVE_WITH_KNOTS('',1,(#1033,#1034),.UNSPECIFIED.,.F.,
  .F.,(2,2),(12.,13.),.PIECEWISE_BEZIER_KNOTS.);
#1033 = CARTESIAN_POINT('',(6.319550007188E-03,7.620398271038E-04));
#1034 = CARTESIAN_POINT('',(7.345988112822E-03,8.53475037044E-04));
#1035 = ( GEOMETRIC_REPRESENTATION_CONTEXT(2) 
PARAMETRIC_REPRESENTATION_CONTEXT() REPRESENTATION_CONTEXT('2D SPACE',''
  ) );
#1036 = ORIENTED_EDGE('',*,*,#1037,.T.);
#1037 = EDGE_CURVE('',#1017,#1038,#1040,.T.);
#1038 = VERTEX_POINT('',#1039);
#1039 = CARTESIAN_POINT('',(-3.625092442561E-03,0.127,1.118014466629E-03
    ));
#1040 = SURFACE_CURVE('',#1041,(#1046,#1053),.PCURVE_S1.);
#1041 = ( BOUNDED_CURVE() B_SPLINE_CURVE(3,(#1042,#1043,#1044,#1045),
.UNSPECIFIED.,.F.,.F.) B_SPLINE_CURVE_WITH_KNOTS((4,4),(0.,1.),
.PIECEWISE_BEZIER_KNOTS.) CURVE() GEOMETRIC_REPRESENTATION_ITEM() 
RATIONAL_B_SPLINE_CURVE((1.,1.,1.,1.)) REPRESENTATION_ITEM('') );
#1042 = CARTESIAN_POINT('',(-4.44150975621E-03,2.032E-02,
    4.018887606079E-03));
#1043 = CARTESIAN_POINT('',(-8.256037387121E-03,5.57630709112E-02,
    4.287535232267E-03));
#1044 = CARTESIAN_POINT('',(-6.14244322705E-03,9.160924192655E-02,
    1.967867241951E-03));
#1045 = CARTESIAN_POINT('',(-3.625092442561E-03,0.127,1.118014466629E-03
    ));
#1046 = PCURVE('',#977,#1047);
#1047 = DEFINITIONAL_REPRESENTATION('',(#1048),#1052);
#1048 = LINE('',#1049,#1050);
#1049 = CARTESIAN_POINT('',(13.,0.));
#1050 = VECTOR('',#1051,1.);
#1051 = DIRECTION('',(0.,1.));
#1052 = ( GEOMETRIC_REPRESENTATION_CONTEXT(2) 
PARAMETRIC_REPRESENTATION_CONTEXT() REPRESENTATION_CONTEXT('2D SPACE',''
  ) );
#1053 = PCURVE('',#1054,#1063);
#1054 = ( BOUNDED_SURFACE() B_SPLINE_SURFACE(1,3,(
    (#1055,#1056,#1057,#1058)
    ,(#1059,#1060,#1061,#1062
)),.UNSPECIFIED.,.F.,.F.,.F.) B_SPLINE_SURFACE_WITH_KNOTS((2,2),(4,4),(
    13.,14.),(0.,1.),.PIECEWISE_BEZIER_KNOTS.) 
GEOMETRIC_REPRESENTATION_ITEM() RATIONAL_B_SPLINE_SURFACE((
    (1.,1.,1.,1.)
,(1.,1.,1.,1.))) REPRESENTATION_ITEM('') SURFACE() );
#1055 = CARTESIAN_POINT('',(-4.44150975621E-03,2.032E-02,
    4.018887606079E-03));
#1056 = CARTESIAN_POINT('',(-8.256037387121E-03,5.57630709112E-02,
    4.287535232267E-03));
#1057 = CARTESIAN_POINT('',(-6.14244322705E-03,9.160924192655E-02,
    1.967867241951E-03));
#1058 = CARTESIAN_POINT('',(-3.625092442561E-03,0.127,1.118014466629E-03
    ));
#1059 = CARTESIAN_POINT('',(-3.521194782034E-03,2.032E-02,
    3.500149676694E-03));
#1060 = CARTESIAN_POINT('',(-6.669048871646E-03,5.57630709112E-02,
    3.870858417078E-03));
#1061 = CARTESIAN_POINT('',(-5.009235840588E-03,9.160924192655E-02,
    1.868094220011E-03));
#1062 = CARTESIAN_POINT('',(-2.957991834457E-03,0.127,1.066591403507E-03
    ));
#1063 = DEFINITIONAL_REPRESENTATION('',(#1064),#1068);
#1064 = LINE('',#1065,#1066);
#1065 = CARTESIAN_POINT('',(13.,0.));
#1066 = VECTOR('',#1067,1.);
#1067 = DIRECTION('',(0.,1.));
#1068 = ( GEOMETRIC_REPRESENTATION_CONTEXT(2) 
PARAMETRIC_REPRESENTATION_CONTEXT() REPRESENTATION_CONTEXT('2D SPACE',''
  ) );
#1069 = ORIENTED_EDGE('',*,*,#1070,.F.);
#1070 = EDGE_CURVE('',#961,#1038,#1071,.T.);
#1071 = SURFACE_CURVE('',#1072,(#1075,#1082),.PCURVE_S1.);
#1072 = B_SPLINE_CURVE_WITH_KNOTS('',1,(#1073,#1074),.UNSPECIFIED.,.F.,
  .F.,(2,2),(12.,13.),.PIECEWISE_BEZIER_KNOTS.);
#1073 = CARTESIAN_POINT('',(-4.27624562395E-03,0.127,1.162215096922E-03)
  );
#1074 = CARTESIAN_POINT('',(-3.625092442561E-03,0.127,1.118014466629E-03
    ));
#1075 = PCURVE('',#977,#1076);
#1076 = DEFINITIONAL_REPRESENTATION('',(#1077),#1081);
#1077 = LINE('',#1078,#1079);
#1078 = CARTESIAN_POINT('',(0.,1.));
#1079 = VECTOR('',#1080,1.);
#1080 = DIRECTION('',(1.,0.));
#1081 = ( GEOMETRIC_REPRESENTATION_CONTEXT(2) 
PARAMETRIC_REPRESENTATION_CONTEXT() REPRESENTATION_CONTEXT('2D SPACE',''
  ) );
#1082 = PCURVE('',#124,#1083);
#1083 = DEFINITIONAL_REPRESENTATION('',(#1084),#1087);
#1084 = B_SPLINE_CURVE_WITH_KNOTS('',1,(#1085,#1086),.UNSPECIFIED.,.F.,
  .F.,(2,2),(12.,13.),.PIECEWISE_BEZIER_KNOTS.);
#1085 = CARTESIAN_POINT('',(4.002381671219E-03,4.826252238324E-04));
#1086 = CARTESIAN_POINT('',(4.652459138121E-03,5.405341901279E-04));
#1087 = ( GEOMETRIC_REPRESENTATION_CONTEXT(2) 
PARAMETRIC_REPRESENTATION_CONTEXT() REPRESENTATION_CONTEXT('2D SPACE',''
  ) );
#1088 = ORIENTED_EDGE('',*,*,#960,.F.);
#1089 = ADVANCED_FACE('',(#1090),#1054,.T.);
#1090 = FACE_BOUND('',#1091,.T.);
#1091 = EDGE_LOOP('',(#1092,#1113,#1146,#1165));
#1092 = ORIENTED_EDGE('',*,*,#1093,.T.);
#1093 = EDGE_CURVE('',#1017,#1094,#1096,.T.);
#1094 = VERTEX_POINT('',#1095);
#1095 = CARTESIAN_POINT('',(-3.521194782034E-03,2.032E-02,
    3.500149676694E-03));
#1096 = SURFACE_CURVE('',#1097,(#1100,#1107),.PCURVE_S1.);
#1097 = B_SPLINE_CURVE_WITH_KNOTS('',1,(#1098,#1099),.UNSPECIFIED.,.F.,
  .F.,(2,2),(13.,14.),.PIECEWISE_BEZIER_KNOTS.);
#1098 = CARTESIAN_POINT('',(-4.44150975621E-03,2.032E-02,
    4.018887606079E-03));
#1099 = CARTESIAN_POINT('',(-3.521194782034E-03,2.032E-02,
    3.500149676694E-03));
#1100 = PCURVE('',#1054,#1101);
#1101 = DEFINITIONAL_REPRESENTATION('',(#1102),#1106);
#1102 = LINE('',#1103,#1104);
#1103 = CARTESIAN_POINT('',(0.,0.));
#1104 = VECTOR('',#1105,1.);
#1105 = DIRECTION('',(1.,0.));
#1106 = ( GEOMETRIC_REPRESENTATION_CONTEXT(2) 
PARAMETRIC_REPRESENTATION_CONTEXT() REPRESENTATION_CONTEXT('2D SPACE',''
  ) );
#1107 = PCURVE('',#65,#1108);
#1108 = DEFINITIONAL_REPRESENTATION('',(#1109),#1112);
#1109 = B_SPLINE_CURVE_WITH_KNOTS('',1,(#1110,#1111),.UNSPECIFIED.,.F.,
  .F.,(2,2),(13.,14.),.PIECEWISE_BEZIER_KNOTS.);
#1110 = CARTESIAN_POINT('',(7.345988112822E-03,8.53475037044E-04));
#1111 = CARTESIAN_POINT('',(8.399076956822E-03,9.375736560498E-04));
#1112 = ( GEOMETRIC_REPRESENTATION_CONTEXT(2) 
PARAMETRIC_REPRESENTATION_CONTEXT() REPRESENTATION_CONTEXT('2D SPACE',''
  ) );
#1113 = ORIENTED_EDGE('',*,*,#1114,.T.);
#1114 = EDGE_CURVE('',#1094,#1115,#1117,.T.);
#1115 = VERTEX_POINT('',#1116);
#1116 = CARTESIAN_POINT('',(-2.957991834457E-03,0.127,1.066591403507E-03
    ));
#1117 = SURFACE_CURVE('',#1118,(#1123,#1130),.PCURVE_S1.);
#1118 = ( BOUNDED_CURVE() B_SPLINE_CURVE(3,(#1119,#1120,#1121,#1122),
.UNSPECIFIED.,.F.,.F.) B_SPLINE_CURVE_WITH_KNOTS((4,4),(0.,1.),
.PIECEWISE_BEZIER_KNOTS.) CURVE() GEOMETRIC_REPRESENTATION_ITEM() 
RATIONAL_B_SPLINE_CURVE((1.,1.,1.,1.)) REPRESENTATION_ITEM('') );
#1119 = CARTESIAN_POINT('',(-3.521194782034E-03,2.032E-02,
    3.500149676694E-03));
#1120 = CARTESIAN_POINT('',(-6.669048871646E-03,5.57630709112E-02,
    3.870858417078E-03));
#1121 = CARTESIAN_POINT('',(-5.009235840588E-03,9.160924192655E-02,
    1.868094220011E-03));
#1122 = CARTESIAN_POINT('',(-2.957991834457E-03,0.127,1.066591403507E-03
    ));
#1123 = PCURVE('',#1054,#1124);
#1124 = DEFINITIONAL_REPRESENTATION('',(#1125),#1129);
#1125 = LINE('',#1126,#1127);
#1126 = CARTESIAN_POINT('',(14.,0.));
#1127 = VECTOR('',#1128,1.);
#1128 = DIRECTION('',(0.,1.));
#1129 = ( GEOMETRIC_REPRESENTATION_CONTEXT(2) 
PARAMETRIC_REPRESENTATION_CONTEXT() REPRESENTATION_CONTEXT('2D SPACE',''
  ) );
#1130 = PCURVE('',#1131,#1140);
#1131 = ( BOUNDED_SURFACE() B_SPLINE_SURFACE(1,3,(
    (#1132,#1133,#1134,#1135)
    ,(#1136,#1137,#1138,#1139
)),.UNSPECIFIED.,.F.,.F.,.F.) B_SPLINE_SURFACE_WITH_KNOTS((2,2),(4,4),(
    14.,15.),(0.,1.),.PIECEWISE_BEZIER_KNOTS.) 
GEOMETRIC_REPRESENTATION_ITEM() RATIONAL_B_SPLINE_SURFACE((
    (1.,1.,1.,1.)
,(1.,1.,1.,1.))) REPRESENTATION_ITEM('') SURFACE() );
#1132 = CARTESIAN_POINT('',(-3.521194782034E-03,2.032E-02,
    3.500149676694E-03));
#1133 = CARTESIAN_POINT('',(-6.669048871646E-03,5.57630709112E-02,
    3.870858417078E-03));
#1134 = CARTESIAN_POINT('',(-5.009235840588E-03,9.160924192655E-02,
    1.868094220011E-03));
#1135 = CARTESIAN_POINT('',(-2.957991834457E-03,0.127,1.066591403507E-03
    ));
#1136 = CARTESIAN_POINT('',(-2.59551940367E-03,2.032E-02,
    2.965375425492E-03));
#1137 = CARTESIAN_POINT('',(-5.0676887085E-03,5.57630709112E-02,
    3.432202283381E-03));
#1138 = CARTESIAN_POINT('',(-3.863643824641E-03,9.160924192655E-02,
    1.754974761961E-03));
#1139 = CARTESIAN_POINT('',(-2.283522127965E-03,0.127,1.007398329247E-03
    ));
#1140 = DEFINITIONAL_REPRESENTATION('',(#1141),#1145);
#1141 = LINE('',#1142,#1143);
#1142 = CARTESIAN_POINT('',(14.,0.));
#1143 = VECTOR('',#1144,1.);
#1144 = DIRECTION('',(0.,1.));
#1145 = ( GEOMETRIC_REPRESENTATION_CONTEXT(2) 
PARAMETRIC_REPRESENTATION_CONTEXT() REPRESENTATION_CONTEXT('2D SPACE',''
  ) );
#1146 = ORIENTED_EDGE('',*,*,#1147,.F.);
#1147 = EDGE_CURVE('',#1038,#1115,#1148,.T.);
#1148 = SURFACE_CURVE('',#1149,(#1152,#1159),.PCURVE_S1.);
#1149 = B_SPLINE_CURVE_WITH_KNOTS('',1,(#1150,#1151),.UNSPECIFIED.,.F.,
  .F.,(2,2),(13.,14.),.PIECEWISE_BEZIER_KNOTS.);
#1150 = CARTESIAN_POINT('',(-3.625092442561E-03,0.127,1.118014466629E-03
    ));
#1151 = CARTESIAN_POINT('',(-2.957991834457E-03,0.127,1.066591403507E-03
    ));
#1152 = PCURVE('',#1054,#1153);
#1153 = DEFINITIONAL_REPRESENTATION('',(#1154),#1158);
#1154 = LINE('',#1155,#1156);
#1155 = CARTESIAN_POINT('',(0.,1.));
#1156 = VECTOR('',#1157,1.);
#1157 = DIRECTION('',(1.,0.));
#1158 = ( GEOMETRIC_REPRESENTATION_CONTEXT(2) 
PARAMETRIC_REPRESENTATION_CONTEXT() REPRESENTATION_CONTEXT('2D SPACE',''
  ) );
#1159 = PCURVE('',#124,#1160);
#1160 = DEFINITIONAL_REPRESENTATION('',(#1161),#1164);
#1161 = B_SPLINE_CURVE_WITH_KNOTS('',1,(#1162,#1163),.UNSPECIFIED.,.F.,
  .F.,(2,2),(13.,14.),.PIECEWISE_BEZIER_KNOTS.);
#1162 = CARTESIAN_POINT('',(4.652459138121E-03,5.405341901279E-04));
#1163 = CARTESIAN_POINT('',(5.319415405987E-03,5.937966488316E-04));
#1164 = ( GEOMETRIC_REPRESENTATION_CONTEXT(2) 
PARAMETRIC_REPRESENTATION_CONTEXT() REPRESENTATION_CONTEXT('2D SPACE',''
  ) );
#1165 = ORIENTED_EDGE('',*,*,#1037,.F.);
#1166 = ADVANCED_FACE('',(#1167),#1131,.T.);
#1167 = FACE_BOUND('',#1168,.T.);
#1168 = EDGE_LOOP('',(#1169,#1190,#1223,#1242));
#1169 = ORIENTED_EDGE('',*,*,#1170,.T.);
#1170 = EDGE_CURVE('',#1094,#1171,#1173,.T.);
#1171 = VERTEX_POINT('',#1172);
#1172 = CARTESIAN_POINT('',(-2.59551940367E-03,2.032E-02,
    2.965375425492E-03));
#1173 = SURFACE_CURVE('',#1174,(#1177,#1184),.PCURVE_S1.);
#1174 = B_SPLINE_CURVE_WITH_KNOTS('',1,(#1175,#1176),.UNSPECIFIED.,.F.,
  .F.,(2,2),(14.,15.),.PIECEWISE_BEZIER_KNOTS.);
#1175 = CARTESIAN_POINT('',(-3.521194782034E-03,2.032E-02,
    3.500149676694E-03));
#1176 = CARTESIAN_POINT('',(-2.59551940367E-03,2.032E-02,
    2.965375425492E-03));
#1177 = PCURVE('',#1131,#1178);
#1178 = DEFINITIONAL_REPRESENTATION('',(#1179),#1183);
#1179 = LINE('',#1180,#1181);
#1180 = CARTESIAN_POINT('',(0.,0.));
#1181 = VECTOR('',#1182,1.);
#1182 = DIRECTION('',(1.,0.));
#1183 = ( GEOMETRIC_REPRESENTATION_CONTEXT(2) 
PARAMETRIC_REPRESENTATION_CONTEXT() REPRESENTATION_CONTEXT('2D SPACE',''
  ) );
#1184 = PCURVE('',#65,#1185);
#1185 = DEFINITIONAL_REPRESENTATION('',(#1186),#1189);
#1186 = B_SPLINE_CURVE_WITH_KNOTS('',1,(#1187,#1188),.UNSPECIFIED.,.F.,
  .F.,(2,2),(14.,15.),.PIECEWISE_BEZIER_KNOTS.);
#1187 = CARTESIAN_POINT('',(8.399076956822E-03,9.375736560498E-04));
#1188 = CARTESIAN_POINT('',(9.465572462566E-03,1.011368927475E-03));
#1189 = ( GEOMETRIC_REPRESENTATION_CONTEXT(2) 
PARAMETRIC_REPRESENTATION_CONTEXT() REPRESENTATION_CONTEXT('2D SPACE',''
  ) );
#1190 = ORIENTED_EDGE('',*,*,#1191,.T.);
#1191 = EDGE_CURVE('',#1171,#1192,#1194,.T.);
#1192 = VERTEX_POINT('',#1193);
#1193 = CARTESIAN_POINT('',(-2.283522127965E-03,0.127,1.007398329247E-03
    ));
#1194 = SURFACE_CURVE('',#1195,(#1200,#1207),.PCURVE_S1.);
#1195 = ( BOUNDED_CURVE() B_SPLINE_CURVE(3,(#1196,#1197,#1198,#1199),
.UNSPECIFIED.,.F.,.F.) B_SPLINE_CURVE_WITH_KNOTS((4,4),(0.,1.),
.PIECEWISE_BEZIER_KNOTS.) CURVE() GEOMETRIC_REPRESENTATION_ITEM() 
RATIONAL_B_SPLINE_CURVE((1.,1.,1.,1.)) REPRESENTATION_ITEM('') );
#1196 = CARTESIAN_POINT('',(-2.59551940367E-03,2.032E-02,
    2.965375425492E-03));
#1197 = CARTESIAN_POINT('',(-5.0676887085E-03,5.57630709112E-02,
    3.432202283381E-03));
#1198 = CARTESIAN_POINT('',(-3.863643824641E-03,9.160924192655E-02,
    1.754974761961E-03));
#1199 = CARTESIAN_POINT('',(-2.283522127965E-03,0.127,1.007398329247E-03
    ));
#1200 = PCURVE('',#1131,#1201);
#1201 = DEFINITIONAL_REPRESENTATION('',(#1202),#1206);
#1202 = LINE('',#1203,#1204);
#1203 = CARTESIAN_POINT('',(15.,0.));
#1204 = VECTOR('',#1205,1.);
#1205 = DIRECTION('',(0.,1.));
#1206 = ( GEOMETRIC_REPRESENTATION_CONTEXT(2) 
PARAMETRIC_REPRESENTATION_CONTEXT() REPRESENTATION_CONTEXT('2D SPACE',''
  ) );
#1207 = PCURVE('',#1208,#1217);
#1208 = ( BOUNDED_SURFACE() B_SPLINE_SURFACE(1,3,(
    (#1209,#1210,#1211,#1212)
    ,(#1213,#1214,#1215,#1216
)),.UNSPECIFIED.,.F.,.F.,.F.) B_SPLINE_SURFACE_WITH_KNOTS((2,2),(4,4),(
    15.,16.),(0.,1.),.PIECEWISE_BEZIER_KNOTS.) 
GEOMETRIC_REPRESENTATION_ITEM() RATIONAL_B_SPLINE_SURFACE((
    (1.,1.,1.,1.)
,(1.,1.,1.,1.))) REPRESENTATION_ITEM('') SURFACE() );
#1209 = CARTESIAN_POINT('',(-2.59551940367E-03,2.032E-02,
    2.965375425492E-03));
#1210 = CARTESIAN_POINT('',(-5.0676887085E-03,5.57630709112E-02,
    3.432202283381E-03));
#1211 = CARTESIAN_POINT('',(-3.863643824641E-03,9.160924192655E-02,
    1.754974761961E-03));
#1212 = CARTESIAN_POINT('',(-2.283522127965E-03,0.127,1.007398329247E-03
    ));
#1213 = CARTESIAN_POINT('',(-1.677306017774E-03,2.032E-02,
    2.419538315509E-03));
#1214 = CARTESIAN_POINT('',(-3.473179706868E-03,5.57630709112E-02,
    2.973986163789E-03));
#1215 = CARTESIAN_POINT('',(-2.720454016071E-03,9.160924192655E-02,
    1.627688280452E-03));
#1216 = CARTESIAN_POINT('',(-1.610374502103E-03,0.127,9.398579664024E-04
    ));
#1217 = DEFINITIONAL_REPRESENTATION('',(#1218),#1222);
#1218 = LINE('',#1219,#1220);
#1219 = CARTESIAN_POINT('',(15.,0.));
#1220 = VECTOR('',#1221,1.);
#1221 = DIRECTION('',(0.,1.));
#1222 = ( GEOMETRIC_REPRESENTATION_CONTEXT(2) 
PARAMETRIC_REPRESENTATION_CONTEXT() REPRESENTATION_CONTEXT('2D SPACE',''
  ) );
#1223 = ORIENTED_EDGE('',*,*,#1224,.F.);
#1224 = EDGE_CURVE('',#1115,#1192,#1225,.T.);
#1225 = SURFACE_CURVE('',#1226,(#1229,#1236),.PCURVE_S1.);
#1226 = B_SPLINE_CURVE_WITH_KNOTS('',1,(#1227,#1228),.UNSPECIFIED.,.F.,
  .F.,(2,2),(14.,15.),.PIECEWISE_BEZIER_KNOTS.);
#1227 = CARTESIAN_POINT('',(-2.957991834457E-03,0.127,1.066591403507E-03
    ));
#1228 = CARTESIAN_POINT('',(-2.283522127965E-03,0.127,1.007398329247E-03
    ));
#1229 = PCURVE('',#1131,#1230);
#1230 = DEFINITIONAL_REPRESENTATION('',(#1231),#1235);
#1231 = LINE('',#1232,#1233);
#1232 = CARTESIAN_POINT('',(0.,1.));
#1233 = VECTOR('',#1234,1.);
#1234 = DIRECTION('',(1.,0.));
#1235 = ( GEOMETRIC_REPRESENTATION_CONTEXT(2) 
PARAMETRIC_REPRESENTATION_CONTEXT() REPRESENTATION_CONTEXT('2D SPACE',''
  ) );
#1236 = PCURVE('',#124,#1237);
#1237 = DEFINITIONAL_REPRESENTATION('',(#1238),#1241);
#1238 = B_SPLINE_CURVE_WITH_KNOTS('',1,(#1239,#1240),.UNSPECIFIED.,.F.,
  .F.,(2,2),(14.,15.),.PIECEWISE_BEZIER_KNOTS.);
#1239 = CARTESIAN_POINT('',(5.319415405987E-03,5.937966488316E-04));
#1240 = CARTESIAN_POINT('',(5.994862559625E-03,6.405336540678E-04));
#1241 = ( GEOMETRIC_REPRESENTATION_CONTEXT(2) 
PARAMETRIC_REPRESENTATION_CONTEXT() REPRESENTATION_CONTEXT('2D SPACE',''
  ) );
#1242 = ORIENTED_EDGE('',*,*,#1114,.F.);
#1243 = ADVANCED_FACE('',(#1244),#1208,.T.);
#1244 = FACE_BOUND('',#1245,.T.);
#1245 = EDGE_LOOP('',(#1246,#1267,#1300,#1319));
#1246 = ORIENTED_EDGE('',*,*,#1247,.T.);
#1247 = EDGE_CURVE('',#1171,#1248,#1250,.T.);
#1248 = VERTEX_POINT('',#1249);
#1249 = CARTESIAN_POINT('',(-1.677306017774E-03,2.032E-02,
    2.419538315509E-03));
#1250 = SURFACE_CURVE('',#1251,(#1254,#1261),.PCURVE_S1.);
#1251 = B_SPLINE_CURVE_WITH_KNOTS('',1,(#1252,#1253),.UNSPECIFIED.,.F.,
  .F.,(2,2),(15.,16.),.PIECEWISE_BEZIER_KNOTS.);
#1252 = CARTESIAN_POINT('',(-2.59551940367E-03,2.032E-02,
    2.965375425492E-03));
#1253 = CARTESIAN_POINT('',(-1.677306017774E-03,2.032E-02,
    2.419538315509E-03));
#1254 = PCURVE('',#1208,#1255);
#1255 = DEFINITIONAL_REPRESENTATION('',(#1256),#1260);
#1256 = LINE('',#1257,#1258);
#1257 = CARTESIAN_POINT('',(0.,0.));
#1258 = VECTOR('',#1259,1.);
#1259 = DIRECTION('',(1.,0.));
#1260 = ( GEOMETRIC_REPRESENTATION_CONTEXT(2) 
PARAMETRIC_REPRESENTATION_CONTEXT() REPRESENTATION_CONTEXT('2D SPACE',''
  ) );
#1261 = PCURVE('',#65,#1262);
#1262 = DEFINITIONAL_REPRESENTATION('',(#1263),#1266);
#1263 = B_SPLINE_CURVE_WITH_KNOTS('',1,(#1264,#1265),.UNSPECIFIED.,.F.,
  .F.,(2,2),(15.,16.),.PIECEWISE_BEZIER_KNOTS.);
#1264 = CARTESIAN_POINT('',(9.465572462566E-03,1.011368927475E-03));
#1265 = CARTESIAN_POINT('',(1.053206186371E-02,1.071819981475E-03));
#1266 = ( GEOMETRIC_REPRESENTATION_CONTEXT(2) 
PARAMETRIC_REPRESENTATION_CONTEXT() REPRESENTATION_CONTEXT('2D SPACE',''
  ) );
#1267 = ORIENTED_EDGE('',*,*,#1268,.T.);
#1268 = EDGE_CURVE('',#1248,#1269,#1271,.T.);
#1269 = VERTEX_POINT('',#1270);
#1270 = CARTESIAN_POINT('',(-1.610374502103E-03,0.127,9.398579664024E-04
    ));
#1271 = SURFACE_CURVE('',#1272,(#1277,#1284),.PCURVE_S1.);
#1272 = ( BOUNDED_CURVE() B_SPLINE_CURVE(3,(#1273,#1274,#1275,#1276),
.UNSPECIFIED.,.F.,.F.) B_SPLINE_CURVE_WITH_KNOTS((4,4),(0.,1.),
.PIECEWISE_BEZIER_KNOTS.) CURVE() GEOMETRIC_REPRESENTATION_ITEM() 
RATIONAL_B_SPLINE_CURVE((1.,1.,1.,1.)) REPRESENTATION_ITEM('') );
#1273 = CARTESIAN_POINT('',(-1.677306017774E-03,2.032E-02,
    2.419538315509E-03));
#1274 = CARTESIAN_POINT('',(-3.473179706868E-03,5.57630709112E-02,
    2.973986163789E-03));
#1275 = CARTESIAN_POINT('',(-2.720454016071E-03,9.160924192655E-02,
    1.627688280452E-03));
#1276 = CARTESIAN_POINT('',(-1.610374502103E-03,0.127,9.398579664024E-04
    ));
#1277 = PCURVE('',#1208,#1278);
#1278 = DEFINITIONAL_REPRESENTATION('',(#1279),#1283);
#1279 = LINE('',#1280,#1281);
#1280 = CARTESIAN_POINT('',(16.,0.));
#1281 = VECTOR('',#1282,1.);
#1282 = DIRECTION('',(0.,1.));
#1283 = ( GEOMETRIC_REPRESENTATION_CONTEXT(2) 
PARAMETRIC_REPRESENTATION_CONTEXT() REPRESENTATION_CONTEXT('2D SPACE',''
  ) );
#1284 = PCURVE('',#1285,#1294);
#1285 = ( BOUNDED_SURFACE() B_SPLINE_SURFACE(1,3,(
    (#1286,#1287,#1288,#1289)
    ,(#1290,#1291,#1292,#1293
)),.UNSPECIFIED.,.F.,.F.,.F.) B_SPLINE_SURFACE_WITH_KNOTS((2,2),(4,4),(
    16.,17.),(0.,1.),.PIECEWISE_BEZIER_KNOTS.) 
GEOMETRIC_REPRESENTATION_ITEM() RATIONAL_B_SPLINE_SURFACE((
    (1.,1.,1.,1.)
,(1.,1.,1.,1.))) REPRESENTATION_ITEM('') SURFACE() );
#1286 = CARTESIAN_POINT('',(-1.677306017774E-03,2.032E-02,
    2.419538315509E-03));
#1287 = CARTESIAN_POINT('',(-3.473179706868E-03,5.57630709112E-02,
    2.973986163789E-03));
#1288 = CARTESIAN_POINT('',(-2.720454016071E-03,9.160924192655E-02,
    1.627688280452E-03));
#1289 = CARTESIAN_POINT('',(-1.610374502103E-03,0.127,9.398579664024E-04
    ));
#1290 = CARTESIAN_POINT('',(-7.793528264649E-04,2.032E-02,
    1.86764767966E-03));
#1291 = CARTESIAN_POINT('',(-1.906722461934E-03,5.57630709112E-02,
    2.49869281162E-03));
#1292 = CARTESIAN_POINT('',(-1.594445462896E-03,9.160924192655E-02,
    1.485460122865E-03));
#1293 = CARTESIAN_POINT('',(-9.472358492177E-04,0.127,8.634201025188E-04
    ));
#1294 = DEFINITIONAL_REPRESENTATION('',(#1295),#1299);
#1295 = LINE('',#1296,#1297);
#1296 = CARTESIAN_POINT('',(16.,0.));
#1297 = VECTOR('',#1298,1.);
#1298 = DIRECTION('',(0.,1.));
#1299 = ( GEOMETRIC_REPRESENTATION_CONTEXT(2) 
PARAMETRIC_REPRESENTATION_CONTEXT() REPRESENTATION_CONTEXT('2D SPACE',''
  ) );
#1300 = ORIENTED_EDGE('',*,*,#1301,.F.);
#1301 = EDGE_CURVE('',#1192,#1269,#1302,.T.);
#1302 = SURFACE_CURVE('',#1303,(#1306,#1313),.PCURVE_S1.);
#1303 = B_SPLINE_CURVE_WITH_KNOTS('',1,(#1304,#1305),.UNSPECIFIED.,.F.,
  .F.,(2,2),(15.,16.),.PIECEWISE_BEZIER_KNOTS.);
#1304 = CARTESIAN_POINT('',(-2.283522127965E-03,0.127,1.007398329247E-03
    ));
#1305 = CARTESIAN_POINT('',(-1.610374502103E-03,0.127,9.398579664024E-04
    ));
#1306 = PCURVE('',#1208,#1307);
#1307 = DEFINITIONAL_REPRESENTATION('',(#1308),#1312);
#1308 = LINE('',#1309,#1310);
#1309 = CARTESIAN_POINT('',(0.,1.));
#1310 = VECTOR('',#1311,1.);
#1311 = DIRECTION('',(1.,0.));
#1312 = ( GEOMETRIC_REPRESENTATION_CONTEXT(2) 
PARAMETRIC_REPRESENTATION_CONTEXT() REPRESENTATION_CONTEXT('2D SPACE',''
  ) );
#1313 = PCURVE('',#124,#1314);
#1314 = DEFINITIONAL_REPRESENTATION('',(#1315),#1318);
#1315 = B_SPLINE_CURVE_WITH_KNOTS('',1,(#1316,#1317),.UNSPECIFIED.,.F.,
  .F.,(2,2),(15.,16.),.PIECEWISE_BEZIER_KNOTS.);
#1316 = CARTESIAN_POINT('',(5.994862559625E-03,6.405336540678E-04));
#1317 = CARTESIAN_POINT('',(6.670305847014E-03,6.78819321601E-04));
#1318 = ( GEOMETRIC_REPRESENTATION_CONTEXT(2) 
PARAMETRIC_REPRESENTATION_CONTEXT() REPRESENTATION_CONTEXT('2D SPACE',''
  ) );
#1319 = ORIENTED_EDGE('',*,*,#1191,.F.);
#1320 = ADVANCED_FACE('',(#1321),#1285,.T.);
#1321 = FACE_BOUND('',#1322,.T.);
#1322 = EDGE_LOOP('',(#1323,#1344,#1377,#1396));
#1323 = ORIENTED_EDGE('',*,*,#1324,.T.);
#1324 = EDGE_CURVE('',#1248,#1325,#1327,.T.);
#1325 = VERTEX_POINT('',#1326);
#1326 = CARTESIAN_POINT('',(-7.793528264649E-04,2.032E-02,
    1.86764767966E-03));
#1327 = SURFACE_CURVE('',#1328,(#1331,#1338),.PCURVE_S1.);
#1328 = B_SPLINE_CURVE_WITH_KNOTS('',1,(#1329,#1330),.UNSPECIFIED.,.F.,
  .F.,(2,2),(16.,17.),.PIECEWISE_BEZIER_KNOTS.);
#1329 = CARTESIAN_POINT('',(-1.677306017774E-03,2.032E-02,
    2.419538315509E-03));
#1330 = CARTESIAN_POINT('',(-7.793528264649E-04,2.032E-02,
    1.86764767966E-03));
#1331 = PCURVE('',#1285,#1332);
#1332 = DEFINITIONAL_REPRESENTATION('',(#1333),#1337);
#1333 = LINE('',#1334,#1335);
#1334 = CARTESIAN_POINT('',(0.,0.));
#1335 = VECTOR('',#1336,1.);
#1336 = DIRECTION('',(1.,0.));
#1337 = ( GEOMETRIC_REPRESENTATION_CONTEXT(2) 
PARAMETRIC_REPRESENTATION_CONTEXT() REPRESENTATION_CONTEXT('2D SPACE',''
  ) );
#1338 = PCURVE('',#65,#1339);
#1339 = DEFINITIONAL_REPRESENTATION('',(#1340),#1343);
#1340 = B_SPLINE_CURVE_WITH_KNOTS('',1,(#1341,#1342),.UNSPECIFIED.,.F.,
  .F.,(2,2),(16.,17.),.PIECEWISE_BEZIER_KNOTS.);
#1341 = CARTESIAN_POINT('',(1.053206186371E-02,1.071819981475E-03));
#1342 = CARTESIAN_POINT('',(1.158513241368E-02,1.115929215087E-03));
#1343 = ( GEOMETRIC_REPRESENTATION_CONTEXT(2) 
PARAMETRIC_REPRESENTATION_CONTEXT() REPRESENTATION_CONTEXT('2D SPACE',''
  ) );
#1344 = ORIENTED_EDGE('',*,*,#1345,.T.);
#1345 = EDGE_CURVE('',#1325,#1346,#1348,.T.);
#1346 = VERTEX_POINT('',#1347);
#1347 = CARTESIAN_POINT('',(-9.472358492177E-04,0.127,8.634201025188E-04
    ));
#1348 = SURFACE_CURVE('',#1349,(#1354,#1361),.PCURVE_S1.);
#1349 = ( BOUNDED_CURVE() B_SPLINE_CURVE(3,(#1350,#1351,#1352,#1353),
.UNSPECIFIED.,.F.,.F.) B_SPLINE_CURVE_WITH_KNOTS((4,4),(0.,1.),
.PIECEWISE_BEZIER_KNOTS.) CURVE() GEOMETRIC_REPRESENTATION_ITEM() 
RATIONAL_B_SPLINE_CURVE((1.,1.,1.,1.)) REPRESENTATION_ITEM('') );
#1350 = CARTESIAN_POINT('',(-7.793528264649E-04,2.032E-02,
    1.86764767966E-03));
#1351 = CARTESIAN_POINT('',(-1.906722461934E-03,5.57630709112E-02,
    2.49869281162E-03));
#1352 = CARTESIAN_POINT('',(-1.594445462896E-03,9.160924192655E-02,
    1.485460122865E-03));
#1353 = CARTESIAN_POINT('',(-9.472358492177E-04,0.127,8.634201025188E-04
    ));
#1354 = PCURVE('',#1285,#1355);
#1355 = DEFINITIONAL_REPRESENTATION('',(#1356),#1360);
#1356 = LINE('',#1357,#1358);
#1357 = CARTESIAN_POINT('',(17.,0.));
#1358 = VECTOR('',#1359,1.);
#1359 = DIRECTION('',(0.,1.));
#1360 = ( GEOMETRIC_REPRESENTATION_CONTEXT(2) 
PARAMETRIC_REPRESENTATION_CONTEXT() REPRESENTATION_CONTEXT('2D SPACE',''
  ) );
#1361 = PCURVE('',#1362,#1371);
#1362 = ( BOUNDED_SURFACE() B_SPLINE_SURFACE(1,3,(
    (#1363,#1364,#1365,#1366)
    ,(#1367,#1368,#1369,#1370
)),.UNSPECIFIED.,.F.,.F.,.F.) B_SPLINE_SURFACE_WITH_KNOTS((2,2),(4,4),(
    17.,18.),(0.,1.),.PIECEWISE_BEZIER_KNOTS.) 
GEOMETRIC_REPRESENTATION_ITEM() RATIONAL_B_SPLINE_SURFACE((
    (1.,1.,1.,1.)
,(1.,1.,1.,1.))) REPRESENTATION_ITEM('') SURFACE() );
#1363 = CARTESIAN_POINT('',(-7.793528264649E-04,2.032E-02,
    1.86764767966E-03));
#1364 = CARTESIAN_POINT('',(-1.906722461934E-03,5.57630709112E-02,
    2.49869281162E-03));
#1365 = CARTESIAN_POINT('',(-1.594445462896E-03,9.160924192655E-02,
    1.485460122865E-03));
#1366 = CARTESIAN_POINT('',(-9.472358492177E-04,0.127,8.634201025188E-04
    ));
#1367 = CARTESIAN_POINT('',(8.580109507925E-05,2.032E-02,
    1.314795416574E-03));
#1368 = CARTESIAN_POINT('',(-3.891608140643E-04,5.57630709112E-02,
    2.00903112115E-03));
#1369 = CARTESIAN_POINT('',(-5.001797506785E-04,9.160924192655E-02,
    1.327711782712E-03));
#1370 = CARTESIAN_POINT('',(-3.026664234974E-04,0.127,7.776512749041E-04
    ));
#1371 = DEFINITIONAL_REPRESENTATION('',(#1372),#1376);
#1372 = LINE('',#1373,#1374);
#1373 = CARTESIAN_POINT('',(17.,0.));
#1374 = VECTOR('',#1375,1.);
#1375 = DIRECTION('',(0.,1.));
#1376 = ( GEOMETRIC_REPRESENTATION_CONTEXT(2) 
PARAMETRIC_REPRESENTATION_CONTEXT() REPRESENTATION_CONTEXT('2D SPACE',''
  ) );
#1377 = ORIENTED_EDGE('',*,*,#1378,.F.);
#1378 = EDGE_CURVE('',#1269,#1346,#1379,.T.);
#1379 = SURFACE_CURVE('',#1380,(#1383,#1390),.PCURVE_S1.);
#1380 = B_SPLINE_CURVE_WITH_KNOTS('',1,(#1381,#1382),.UNSPECIFIED.,.F.,
  .F.,(2,2),(16.,17.),.PIECEWISE_BEZIER_KNOTS.);
#1381 = CARTESIAN_POINT('',(-1.610374502103E-03,0.127,9.398579664024E-04
    ));
#1382 = CARTESIAN_POINT('',(-9.472358492177E-04,0.127,8.634201025188E-04
    ));
#1383 = PCURVE('',#1285,#1384);
#1384 = DEFINITIONAL_REPRESENTATION('',(#1385),#1389);
#1385 = LINE('',#1386,#1387);
#1386 = CARTESIAN_POINT('',(0.,1.));
#1387 = VECTOR('',#1388,1.);
#1388 = DIRECTION('',(1.,0.));
#1389 = ( GEOMETRIC_REPRESENTATION_CONTEXT(2) 
PARAMETRIC_REPRESENTATION_CONTEXT() REPRESENTATION_CONTEXT('2D SPACE',''
  ) );
#1390 = PCURVE('',#124,#1391);
#1391 = DEFINITIONAL_REPRESENTATION('',(#1392),#1395);
#1392 = B_SPLINE_CURVE_WITH_KNOTS('',1,(#1393,#1394),.UNSPECIFIED.,.F.,
  .F.,(2,2),(16.,17.),.PIECEWISE_BEZIER_KNOTS.);
#1393 = CARTESIAN_POINT('',(6.670305847014E-03,6.78819321601E-04));
#1394 = CARTESIAN_POINT('',(7.337250528666E-03,7.067551695549E-04));
#1395 = ( GEOMETRIC_REPRESENTATION_CONTEXT(2) 
PARAMETRIC_REPRESENTATION_CONTEXT() REPRESENTATION_CONTEXT('2D SPACE',''
  ) );
#1396 = ORIENTED_EDGE('',*,*,#1268,.F.);
#1397 = ADVANCED_FACE('',(#1398),#1362,.T.);
#1398 = FACE_BOUND('',#1399,.T.);
#1399 = EDGE_LOOP('',(#1400,#1421,#1454,#1473));
#1400 = ORIENTED_EDGE('',*,*,#1401,.T.);
#1401 = EDGE_CURVE('',#1325,#1402,#1404,.T.);
#1402 = VERTEX_POINT('',#1403);
#1403 = CARTESIAN_POINT('',(8.580109507925E-05,2.032E-02,
    1.314795416574E-03));
#1404 = SURFACE_CURVE('',#1405,(#1408,#1415),.PCURVE_S1.);
#1405 = B_SPLINE_CURVE_WITH_KNOTS('',1,(#1406,#1407),.UNSPECIFIED.,.F.,
  .F.,(2,2),(17.,18.),.PIECEWISE_BEZIER_KNOTS.);
#1406 = CARTESIAN_POINT('',(-7.793528264649E-04,2.032E-02,
    1.86764767966E-03));
#1407 = CARTESIAN_POINT('',(8.580109507925E-05,2.032E-02,
    1.314795416574E-03));
#1408 = PCURVE('',#1362,#1409);
#1409 = DEFINITIONAL_REPRESENTATION('',(#1410),#1414);
#1410 = LINE('',#1411,#1412);
#1411 = CARTESIAN_POINT('',(0.,0.));
#1412 = VECTOR('',#1413,1.);
#1413 = DIRECTION('',(1.,0.));
#1414 = ( GEOMETRIC_REPRESENTATION_CONTEXT(2) 
PARAMETRIC_REPRESENTATION_CONTEXT() REPRESENTATION_CONTEXT('2D SPACE',''
  ) );
#1415 = PCURVE('',#65,#1416);
#1416 = DEFINITIONAL_REPRESENTATION('',(#1417),#1420);
#1417 = B_SPLINE_CURVE_WITH_KNOTS('',1,(#1418,#1419),.UNSPECIFIED.,.F.,
  .F.,(2,2),(17.,18.),.PIECEWISE_BEZIER_KNOTS.);
#1418 = CARTESIAN_POINT('',(1.158513241368E-02,1.115929215087E-03));
#1419 = CARTESIAN_POINT('',(1.261154011934E-02,1.140912300196E-03));
#1420 = ( GEOMETRIC_REPRESENTATION_CONTEXT(2) 
PARAMETRIC_REPRESENTATION_CONTEXT() REPRESENTATION_CONTEXT('2D SPACE',''
  ) );
#1421 = ORIENTED_EDGE('',*,*,#1422,.T.);
#1422 = EDGE_CURVE('',#1402,#1423,#1425,.T.);
#1423 = VERTEX_POINT('',#1424);
#1424 = CARTESIAN_POINT('',(-3.026664234974E-04,0.127,7.776512749041E-04
    ));
#1425 = SURFACE_CURVE('',#1426,(#1431,#1438),.PCURVE_S1.);
#1426 = ( BOUNDED_CURVE() B_SPLINE_CURVE(3,(#1427,#1428,#1429,#1430),
.UNSPECIFIED.,.F.,.F.) B_SPLINE_CURVE_WITH_KNOTS((4,4),(0.,1.),
.PIECEWISE_BEZIER_KNOTS.) CURVE() GEOMETRIC_REPRESENTATION_ITEM() 
RATIONAL_B_SPLINE_CURVE((1.,1.,1.,1.)) REPRESENTATION_ITEM('') );
#1427 = CARTESIAN_POINT('',(8.580109507925E-05,2.032E-02,
    1.314795416574E-03));
#1428 = CARTESIAN_POINT('',(-3.891608140643E-04,5.57630709112E-02,
    2.00903112115E-03));
#1429 = CARTESIAN_POINT('',(-5.001797506785E-04,9.160924192655E-02,
    1.327711782712E-03));
#1430 = CARTESIAN_POINT('',(-3.026664234974E-04,0.127,7.776512749041E-04
    ));
#1431 = PCURVE('',#1362,#1432);
#1432 = DEFINITIONAL_REPRESENTATION('',(#1433),#1437);
#1433 = LINE('',#1434,#1435);
#1434 = CARTESIAN_POINT('',(18.,0.));
#1435 = VECTOR('',#1436,1.);
#1436 = DIRECTION('',(0.,1.));
#1437 = ( GEOMETRIC_REPRESENTATION_CONTEXT(2) 
PARAMETRIC_REPRESENTATION_CONTEXT() REPRESENTATION_CONTEXT('2D SPACE',''
  ) );
#1438 = PCURVE('',#1439,#1448);
#1439 = ( BOUNDED_SURFACE() B_SPLINE_SURFACE(1,3,(
    (#1440,#1441,#1442,#1443)
    ,(#1444,#1445,#1446,#1447
)),.UNSPECIFIED.,.F.,.F.,.F.) B_SPLINE_SURFACE_WITH_KNOTS((2,2),(4,4),(
    18.,19.),(0.,1.),.PIECEWISE_BEZIER_KNOTS.) 
GEOMETRIC_REPRESENTATION_ITEM() RATIONAL_B_SPLINE_SURFACE((
    (1.,1.,1.,1.)
,(1.,1.,1.,1.))) REPRESENTATION_ITEM('') SURFACE() );
#1440 = CARTESIAN_POINT('',(8.580109507925E-05,2.032E-02,
    1.314795416574E-03));
#1441 = CARTESIAN_POINT('',(-3.891608140643E-04,5.57630709112E-02,
    2.00903112115E-03));
#1442 = CARTESIAN_POINT('',(-5.001797506785E-04,9.160924192655E-02,
    1.327711782712E-03));
#1443 = CARTESIAN_POINT('',(-3.026664234974E-04,0.127,7.776512749041E-04
    ));
#1444 = CARTESIAN_POINT('',(9.061272874088E-04,2.032E-02,
    7.662310251528E-04));
#1445 = CARTESIAN_POINT('',(1.059366398642E-03,5.57630709112E-02,
    1.50814794487E-03));
#1446 = CARTESIAN_POINT('',(5.482123153465E-04,9.160924192655E-02,
    1.154246264427E-03));
#1447 = CARTESIAN_POINT('',(3.150244286993E-04,0.127,6.823451531275E-04)
  );
#1448 = DEFINITIONAL_REPRESENTATION('',(#1449),#1453);
#1449 = LINE('',#1450,#1451);
#1450 = CARTESIAN_POINT('',(18.,0.));
#1451 = VECTOR('',#1452,1.);
#1452 = DIRECTION('',(0.,1.));
#1453 = ( GEOMETRIC_REPRESENTATION_CONTEXT(2) 
PARAMETRIC_REPRESENTATION_CONTEXT() REPRESENTATION_CONTEXT('2D SPACE',''
  ) );
#1454 = ORIENTED_EDGE('',*,*,#1455,.F.);
#1455 = EDGE_CURVE('',#1346,#1423,#1456,.T.);
#1456 = SURFACE_CURVE('',#1457,(#1460,#1467),.PCURVE_S1.);
#1457 = B_SPLINE_CURVE_WITH_KNOTS('',1,(#1458,#1459),.UNSPECIFIED.,.F.,
  .F.,(2,2),(17.,18.),.PIECEWISE_BEZIER_KNOTS.);
#1458 = CARTESIAN_POINT('',(-9.472358492177E-04,0.127,8.634201025188E-04
    ));
#1459 = CARTESIAN_POINT('',(-3.026664234974E-04,0.127,7.776512749041E-04
    ));
#1460 = PCURVE('',#1362,#1461);
#1461 = DEFINITIONAL_REPRESENTATION('',(#1462),#1466);
#1462 = LINE('',#1463,#1464);
#1463 = CARTESIAN_POINT('',(0.,1.));
#1464 = VECTOR('',#1465,1.);
#1465 = DIRECTION('',(1.,0.));
#1466 = ( GEOMETRIC_REPRESENTATION_CONTEXT(2) 
PARAMETRIC_REPRESENTATION_CONTEXT() REPRESENTATION_CONTEXT('2D SPACE',''
  ) );
#1467 = PCURVE('',#124,#1468);
#1468 = DEFINITIONAL_REPRESENTATION('',(#1469),#1472);
#1469 = B_SPLINE_CURVE_WITH_KNOTS('',1,(#1470,#1471),.UNSPECIFIED.,.F.,
  .F.,(2,2),(17.,18.),.PIECEWISE_BEZIER_KNOTS.);
#1470 = CARTESIAN_POINT('',(7.337250528666E-03,7.067551695549E-04));
#1471 = CARTESIAN_POINT('',(7.987308742246E-03,7.225777901242E-04));
#1472 = ( GEOMETRIC_REPRESENTATION_CONTEXT(2) 
PARAMETRIC_REPRESENTATION_CONTEXT() REPRESENTATION_CONTEXT('2D SPACE',''
  ) );
#1473 = ORIENTED_EDGE('',*,*,#1345,.F.);
#1474 = ADVANCED_FACE('',(#1475),#1439,.T.);
#1475 = FACE_BOUND('',#1476,.T.);
#1476 = EDGE_LOOP('',(#1477,#1498,#1531,#1550));
#1477 = ORIENTED_EDGE('',*,*,#1478,.T.);
#1478 = EDGE_CURVE('',#1402,#1479,#1481,.T.);
#1479 = VERTEX_POINT('',#1480);
#1480 = CARTESIAN_POINT('',(9.061272874088E-04,2.032E-02,
    7.662310251528E-04));
#1481 = SURFACE_CURVE('',#1482,(#1485,#1492),.PCURVE_S1.);
#1482 = B_SPLINE_CURVE_WITH_KNOTS('',1,(#1483,#1484),.UNSPECIFIED.,.F.,
  .F.,(2,2),(18.,19.),.PIECEWISE_BEZIER_KNOTS.);
#1483 = CARTESIAN_POINT('',(8.580109507925E-05,2.032E-02,
    1.314795416574E-03));
#1484 = CARTESIAN_POINT('',(9.061272874088E-04,2.032E-02,
    7.662310251528E-04));
#1485 = PCURVE('',#1439,#1486);
#1486 = DEFINITIONAL_REPRESENTATION('',(#1487),#1491);
#1487 = LINE('',#1488,#1489);
#1488 = CARTESIAN_POINT('',(0.,0.));
#1489 = VECTOR('',#1490,1.);
#1490 = DIRECTION('',(1.,0.));
#1491 = ( GEOMETRIC_REPRESENTATION_CONTEXT(2) 
PARAMETRIC_REPRESENTATION_CONTEXT() REPRESENTATION_CONTEXT('2D SPACE',''
  ) );
#1492 = PCURVE('',#65,#1493);
#1493 = DEFINITIONAL_REPRESENTATION('',(#1494),#1497);
#1494 = B_SPLINE_CURVE_WITH_KNOTS('',1,(#1495,#1496),.UNSPECIFIED.,.F.,
  .F.,(2,2),(18.,19.),.PIECEWISE_BEZIER_KNOTS.);
#1495 = CARTESIAN_POINT('',(1.261154011934E-02,1.140912300196E-03));
#1496 = CARTESIAN_POINT('',(1.359837636853E-02,1.144400944546E-03));
#1497 = ( GEOMETRIC_REPRESENTATION_CONTEXT(2) 
PARAMETRIC_REPRESENTATION_CONTEXT() REPRESENTATION_CONTEXT('2D SPACE',''
  ) );
#1498 = ORIENTED_EDGE('',*,*,#1499,.T.);
#1499 = EDGE_CURVE('',#1479,#1500,#1502,.T.);
#1500 = VERTEX_POINT('',#1501);
#1501 = CARTESIAN_POINT('',(3.150244286993E-04,0.127,6.823451531275E-04)
  );
#1502 = SURFACE_CURVE('',#1503,(#1508,#1515),.PCURVE_S1.);
#1503 = ( BOUNDED_CURVE() B_SPLINE_CURVE(3,(#1504,#1505,#1506,#1507),
.UNSPECIFIED.,.F.,.F.) B_SPLINE_CURVE_WITH_KNOTS((4,4),(0.,1.),
.PIECEWISE_BEZIER_KNOTS.) CURVE() GEOMETRIC_REPRESENTATION_ITEM() 
RATIONAL_B_SPLINE_CURVE((1.,1.,1.,1.)) REPRESENTATION_ITEM('') );
#1504 = CARTESIAN_POINT('',(9.061272874088E-04,2.032E-02,
    7.662310251528E-04));
#1505 = CARTESIAN_POINT('',(1.059366398642E-03,5.57630709112E-02,
    1.50814794487E-03));
#1506 = CARTESIAN_POINT('',(5.482123153465E-04,9.160924192655E-02,
    1.154246264427E-03));
#1507 = CARTESIAN_POINT('',(3.150244286993E-04,0.127,6.823451531275E-04)
  );
#1508 = PCURVE('',#1439,#1509);
#1509 = DEFINITIONAL_REPRESENTATION('',(#1510),#1514);
#1510 = LINE('',#1511,#1512);
#1511 = CARTESIAN_POINT('',(19.,0.));
#1512 = VECTOR('',#1513,1.);
#1513 = DIRECTION('',(0.,1.));
#1514 = ( GEOMETRIC_REPRESENTATION_CONTEXT(2) 
PARAMETRIC_REPRESENTATION_CONTEXT() REPRESENTATION_CONTEXT('2D SPACE',''
  ) );
#1515 = PCURVE('',#1516,#1525);
#1516 = ( BOUNDED_SURFACE() B_SPLINE_SURFACE(1,3,(
    (#1517,#1518,#1519,#1520)
    ,(#1521,#1522,#1523,#1524
)),.UNSPECIFIED.,.F.,.F.,.F.) B_SPLINE_SURFACE_WITH_KNOTS((2,2),(4,4),(
    19.,20.),(0.,1.),.PIECEWISE_BEZIER_KNOTS.) 
GEOMETRIC_REPRESENTATION_ITEM() RATIONAL_B_SPLINE_SURFACE((
    (1.,1.,1.,1.)
,(1.,1.,1.,1.))) REPRESENTATION_ITEM('') SURFACE() );
#1517 = CARTESIAN_POINT('',(9.061272874088E-04,2.032E-02,
    7.662310251528E-04));
#1518 = CARTESIAN_POINT('',(1.059366398642E-03,5.57630709112E-02,
    1.50814794487E-03));
#1519 = CARTESIAN_POINT('',(5.482123153465E-04,9.160924192655E-02,
    1.154246264427E-03));
#1520 = CARTESIAN_POINT('',(3.150244286993E-04,0.127,6.823451531275E-04)
  );
#1521 = CARTESIAN_POINT('',(1.670357262832E-03,2.032E-02,
    2.2744101522E-04));
#1522 = CARTESIAN_POINT('',(2.419768659451E-03,5.57630709112E-02,
    9.998456446018E-04));
#1523 = CARTESIAN_POINT('',(1.537239991418E-03,9.160924192655E-02,
    9.654367924535E-04));
#1524 = CARTESIAN_POINT('',(8.979001430267E-04,0.127,5.776348625232E-04)
  );
#1525 = DEFINITIONAL_REPRESENTATION('',(#1526),#1530);
#1526 = LINE('',#1527,#1528);
#1527 = CARTESIAN_POINT('',(19.,0.));
#1528 = VECTOR('',#1529,1.);
#1529 = DIRECTION('',(0.,1.));
#1530 = ( GEOMETRIC_REPRESENTATION_CONTEXT(2) 
PARAMETRIC_REPRESENTATION_CONTEXT() REPRESENTATION_CONTEXT('2D SPACE',''
  ) );
#1531 = ORIENTED_EDGE('',*,*,#1532,.F.);
#1532 = EDGE_CURVE('',#1423,#1500,#1533,.T.);
#1533 = SURFACE_CURVE('',#1534,(#1537,#1544),.PCURVE_S1.);
#1534 = B_SPLINE_CURVE_WITH_KNOTS('',1,(#1535,#1536),.UNSPECIFIED.,.F.,
  .F.,(2,2),(18.,19.),.PIECEWISE_BEZIER_KNOTS.);
#1535 = CARTESIAN_POINT('',(-3.026664234974E-04,0.127,7.776512749041E-04
    ));
#1536 = CARTESIAN_POINT('',(3.150244286993E-04,0.127,6.823451531275E-04)
  );
#1537 = PCURVE('',#1439,#1538);
#1538 = DEFINITIONAL_REPRESENTATION('',(#1539),#1543);
#1539 = LINE('',#1540,#1541);
#1540 = CARTESIAN_POINT('',(0.,1.));
#1541 = VECTOR('',#1542,1.);
#1542 = DIRECTION('',(1.,0.));
#1543 = ( GEOMETRIC_REPRESENTATION_CONTEXT(2) 
PARAMETRIC_REPRESENTATION_CONTEXT() REPRESENTATION_CONTEXT('2D SPACE',''
  ) );
#1544 = PCURVE('',#124,#1545);
#1545 = DEFINITIONAL_REPRESENTATION('',(#1546),#1549);
#1546 = B_SPLINE_CURVE_WITH_KNOTS('',1,(#1547,#1548),.UNSPECIFIED.,.F.,
  .F.,(2,2),(18.,19.),.PIECEWISE_BEZIER_KNOTS.);
#1547 = CARTESIAN_POINT('',(7.987308742246E-03,7.225777901242E-04));
#1548 = CARTESIAN_POINT('',(8.6123050334E-03,7.247872648794E-04));
#1549 = ( GEOMETRIC_REPRESENTATION_CONTEXT(2) 
PARAMETRIC_REPRESENTATION_CONTEXT() REPRESENTATION_CONTEXT('2D SPACE',''
  ) );
#1550 = ORIENTED_EDGE('',*,*,#1422,.F.);
#1551 = ADVANCED_FACE('',(#1552),#1516,.T.);
#1552 = FACE_BOUND('',#1553,.T.);
#1553 = EDGE_LOOP('',(#1554,#1575,#1608,#1627));
#1554 = ORIENTED_EDGE('',*,*,#1555,.T.);
#1555 = EDGE_CURVE('',#1479,#1556,#1558,.T.);
#1556 = VERTEX_POINT('',#1557);
#1557 = CARTESIAN_POINT('',(1.670357262832E-03,2.032E-02,
    2.2744101522E-04));
#1558 = SURFACE_CURVE('',#1559,(#1562,#1569),.PCURVE_S1.);
#1559 = B_SPLINE_CURVE_WITH_KNOTS('',1,(#1560,#1561),.UNSPECIFIED.,.F.,
  .F.,(2,2),(19.,20.),.PIECEWISE_BEZIER_KNOTS.);
#1560 = CARTESIAN_POINT('',(9.061272874088E-04,2.032E-02,
    7.662310251528E-04));
#1561 = CARTESIAN_POINT('',(1.670357262832E-03,2.032E-02,
    2.2744101522E-04));
#1562 = PCURVE('',#1516,#1563);
#1563 = DEFINITIONAL_REPRESENTATION('',(#1564),#1568);
#1564 = LINE('',#1565,#1566);
#1565 = CARTESIAN_POINT('',(0.,0.));
#1566 = VECTOR('',#1567,1.);
#1567 = DIRECTION('',(1.,0.));
#1568 = ( GEOMETRIC_REPRESENTATION_CONTEXT(2) 
PARAMETRIC_REPRESENTATION_CONTEXT() REPRESENTATION_CONTEXT('2D SPACE',''
  ) );
#1569 = PCURVE('',#65,#1570);
#1570 = DEFINITIONAL_REPRESENTATION('',(#1571),#1574);
#1571 = B_SPLINE_CURVE_WITH_KNOTS('',1,(#1572,#1573),.UNSPECIFIED.,.F.,
  .F.,(2,2),(19.,20.),.PIECEWISE_BEZIER_KNOTS.);
#1572 = CARTESIAN_POINT('',(1.359837636853E-02,1.144400944546E-03));
#1573 = CARTESIAN_POINT('',(1.453323034369E-02,1.12464808999E-03));
#1574 = ( GEOMETRIC_REPRESENTATION_CONTEXT(2) 
PARAMETRIC_REPRESENTATION_CONTEXT() REPRESENTATION_CONTEXT('2D SPACE',''
  ) );
#1575 = ORIENTED_EDGE('',*,*,#1576,.T.);
#1576 = EDGE_CURVE('',#1556,#1577,#1579,.T.);
#1577 = VERTEX_POINT('',#1578);
#1578 = CARTESIAN_POINT('',(8.979001430267E-04,0.127,5.776348625232E-04)
  );
#1579 = SURFACE_CURVE('',#1580,(#1585,#1592),.PCURVE_S1.);
#1580 = ( BOUNDED_CURVE() B_SPLINE_CURVE(3,(#1581,#1582,#1583,#1584),
.UNSPECIFIED.,.F.,.F.) B_SPLINE_CURVE_WITH_KNOTS((4,4),(0.,1.),
.PIECEWISE_BEZIER_KNOTS.) CURVE() GEOMETRIC_REPRESENTATION_ITEM() 
RATIONAL_B_SPLINE_CURVE((1.,1.,1.,1.)) REPRESENTATION_ITEM('') );
#1581 = CARTESIAN_POINT('',(1.670357262832E-03,2.032E-02,
    2.2744101522E-04));
#1582 = CARTESIAN_POINT('',(2.419768659451E-03,5.57630709112E-02,
    9.998456446018E-04));
#1583 = CARTESIAN_POINT('',(1.537239991418E-03,9.160924192655E-02,
    9.654367924535E-04));
#1584 = CARTESIAN_POINT('',(8.979001430267E-04,0.127,5.776348625232E-04)
  );
#1585 = PCURVE('',#1516,#1586);
#1586 = DEFINITIONAL_REPRESENTATION('',(#1587),#1591);
#1587 = LINE('',#1588,#1589);
#1588 = CARTESIAN_POINT('',(20.,0.));
#1589 = VECTOR('',#1590,1.);
#1590 = DIRECTION('',(0.,1.));
#1591 = ( GEOMETRIC_REPRESENTATION_CONTEXT(2) 
PARAMETRIC_REPRESENTATION_CONTEXT() REPRESENTATION_CONTEXT('2D SPACE',''
  ) );
#1592 = PCURVE('',#1593,#1602);
#1593 = ( BOUNDED_SURFACE() B_SPLINE_SURFACE(1,3,(
    (#1594,#1595,#1596,#1597)
    ,(#1598,#1599,#1600,#1601
)),.UNSPECIFIED.,.F.,.F.,.F.) B_SPLINE_SURFACE_WITH_KNOTS((2,2),(4,4),(
    20.,21.),(0.,1.),.PIECEWISE_BEZIER_KNOTS.) 
GEOMETRIC_REPRESENTATION_ITEM() RATIONAL_B_SPLINE_SURFACE((
    (1.,1.,1.,1.)
,(1.,1.,1.,1.))) REPRESENTATION_ITEM('') SURFACE() );
#1594 = CARTESIAN_POINT('',(1.670357262832E-03,2.032E-02,
    2.2744101522E-04));
#1595 = CARTESIAN_POINT('',(2.419768659451E-03,5.57630709112E-02,
    9.998456446018E-04));
#1596 = CARTESIAN_POINT('',(1.537239991418E-03,9.160924192655E-02,
    9.654367924535E-04));
#1597 = CARTESIAN_POINT('',(8.979001430267E-04,0.127,5.776348625232E-04)
  );
#1598 = CARTESIAN_POINT('',(2.368208133306E-03,2.032E-02,
    -2.957956718269E-04));
#1599 = CARTESIAN_POINT('',(3.674320897834E-03,5.57630709112E-02,
    4.887542528941E-04));
#1600 = CARTESIAN_POINT('',(2.454249265225E-03,9.160924192655E-02,
    7.623814449232E-04));
#1601 = CARTESIAN_POINT('',(1.438511612625E-03,0.127,4.640851865268E-04)
  );
#1602 = DEFINITIONAL_REPRESENTATION('',(#1603),#1607);
#1603 = LINE('',#1604,#1605);
#1604 = CARTESIAN_POINT('',(20.,0.));
#1605 = VECTOR('',#1606,1.);
#1606 = DIRECTION('',(0.,1.));
#1607 = ( GEOMETRIC_REPRESENTATION_CONTEXT(2) 
PARAMETRIC_REPRESENTATION_CONTEXT() REPRESENTATION_CONTEXT('2D SPACE',''
  ) );
#1608 = ORIENTED_EDGE('',*,*,#1609,.F.);
#1609 = EDGE_CURVE('',#1500,#1577,#1610,.T.);
#1610 = SURFACE_CURVE('',#1611,(#1614,#1621),.PCURVE_S1.);
#1611 = B_SPLINE_CURVE_WITH_KNOTS('',1,(#1612,#1613),.UNSPECIFIED.,.F.,
  .F.,(2,2),(19.,20.),.PIECEWISE_BEZIER_KNOTS.);
#1612 = CARTESIAN_POINT('',(3.150244286993E-04,0.127,6.823451531275E-04)
  );
#1613 = CARTESIAN_POINT('',(8.979001430267E-04,0.127,5.776348625232E-04)
  );
#1614 = PCURVE('',#1516,#1615);
#1615 = DEFINITIONAL_REPRESENTATION('',(#1616),#1620);
#1616 = LINE('',#1617,#1618);
#1617 = CARTESIAN_POINT('',(0.,1.));
#1618 = VECTOR('',#1619,1.);
#1619 = DIRECTION('',(1.,0.));
#1620 = ( GEOMETRIC_REPRESENTATION_CONTEXT(2) 
PARAMETRIC_REPRESENTATION_CONTEXT() REPRESENTATION_CONTEXT('2D SPACE',''
  ) );
#1621 = PCURVE('',#124,#1622);
#1622 = DEFINITIONAL_REPRESENTATION('',(#1623),#1626);
#1623 = B_SPLINE_CURVE_WITH_KNOTS('',1,(#1624,#1625),.UNSPECIFIED.,.F.,
  .F.,(2,2),(19.,20.),.PIECEWISE_BEZIER_KNOTS.);
#1624 = CARTESIAN_POINT('',(8.6123050334E-03,7.247872648794E-04));
#1625 = CARTESIAN_POINT('',(9.204379217669E-03,7.122771236606E-04));
#1626 = ( GEOMETRIC_REPRESENTATION_CONTEXT(2) 
PARAMETRIC_REPRESENTATION_CONTEXT() REPRESENTATION_CONTEXT('2D SPACE',''
  ) );
#1627 = ORIENTED_EDGE('',*,*,#1499,.F.);
#1628 = ADVANCED_FACE('',(#1629),#1593,.T.);
#1629 = FACE_BOUND('',#1630,.T.);
#1630 = EDGE_LOOP('',(#1631,#1652,#1685,#1704));
#1631 = ORIENTED_EDGE('',*,*,#1632,.T.);
#1632 = EDGE_CURVE('',#1556,#1633,#1635,.T.);
#1633 = VERTEX_POINT('',#1634);
#1634 = CARTESIAN_POINT('',(2.368208133306E-03,2.032E-02,
    -2.957956718269E-04));
#1635 = SURFACE_CURVE('',#1636,(#1639,#1646),.PCURVE_S1.);
#1636 = B_SPLINE_CURVE_WITH_KNOTS('',1,(#1637,#1638),.UNSPECIFIED.,.F.,
  .F.,(2,2),(20.,21.),.PIECEWISE_BEZIER_KNOTS.);
#1637 = CARTESIAN_POINT('',(1.670357262832E-03,2.032E-02,
    2.2744101522E-04));
#1638 = CARTESIAN_POINT('',(2.368208133306E-03,2.032E-02,
    -2.957956718269E-04));
#1639 = PCURVE('',#1593,#1640);
#1640 = DEFINITIONAL_REPRESENTATION('',(#1641),#1645);
#1641 = LINE('',#1642,#1643);
#1642 = CARTESIAN_POINT('',(0.,0.));
#1643 = VECTOR('',#1644,1.);
#1644 = DIRECTION('',(1.,0.));
#1645 = ( GEOMETRIC_REPRESENTATION_CONTEXT(2) 
PARAMETRIC_REPRESENTATION_CONTEXT() REPRESENTATION_CONTEXT('2D SPACE',''
  ) );
#1646 = PCURVE('',#65,#1647);
#1647 = DEFINITIONAL_REPRESENTATION('',(#1648),#1651);
#1648 = B_SPLINE_CURVE_WITH_KNOTS('',1,(#1649,#1650),.UNSPECIFIED.,.F.,
  .F.,(2,2),(20.,21.),.PIECEWISE_BEZIER_KNOTS.);
#1649 = CARTESIAN_POINT('',(1.453323034369E-02,1.12464808999E-03));
#1650 = CARTESIAN_POINT('',(1.54043451637E-02,1.080699956399E-03));
#1651 = ( GEOMETRIC_REPRESENTATION_CONTEXT(2) 
PARAMETRIC_REPRESENTATION_CONTEXT() REPRESENTATION_CONTEXT('2D SPACE',''
  ) );
#1652 = ORIENTED_EDGE('',*,*,#1653,.T.);
#1653 = EDGE_CURVE('',#1633,#1654,#1656,.T.);
#1654 = VERTEX_POINT('',#1655);
#1655 = CARTESIAN_POINT('',(1.438511612625E-03,0.127,4.640851865268E-04)
  );
#1656 = SURFACE_CURVE('',#1657,(#1662,#1669),.PCURVE_S1.);
#1657 = ( BOUNDED_CURVE() B_SPLINE_CURVE(3,(#1658,#1659,#1660,#1661),
.UNSPECIFIED.,.F.,.F.) B_SPLINE_CURVE_WITH_KNOTS((4,4),(0.,1.),
.PIECEWISE_BEZIER_KNOTS.) CURVE() GEOMETRIC_REPRESENTATION_ITEM() 
RATIONAL_B_SPLINE_CURVE((1.,1.,1.,1.)) REPRESENTATION_ITEM('') );
#1658 = CARTESIAN_POINT('',(2.368208133306E-03,2.032E-02,
    -2.957956718269E-04));
#1659 = CARTESIAN_POINT('',(3.674320897834E-03,5.57630709112E-02,
    4.887542528941E-04));
#1660 = CARTESIAN_POINT('',(2.454249265225E-03,9.160924192655E-02,
    7.623814449232E-04));
#1661 = CARTESIAN_POINT('',(1.438511612625E-03,0.127,4.640851865268E-04)
  );
#1662 = PCURVE('',#1593,#1663);
#1663 = DEFINITIONAL_REPRESENTATION('',(#1664),#1668);
#1664 = LINE('',#1665,#1666);
#1665 = CARTESIAN_POINT('',(21.,0.));
#1666 = VECTOR('',#1667,1.);
#1667 = DIRECTION('',(0.,1.));
#1668 = ( GEOMETRIC_REPRESENTATION_CONTEXT(2) 
PARAMETRIC_REPRESENTATION_CONTEXT() REPRESENTATION_CONTEXT('2D SPACE',''
  ) );
#1669 = PCURVE('',#1670,#1679);
#1670 = ( BOUNDED_SURFACE() B_SPLINE_SURFACE(1,3,(
    (#1671,#1672,#1673,#1674)
    ,(#1675,#1676,#1677,#1678
)),.UNSPECIFIED.,.F.,.F.,.F.) B_SPLINE_SURFACE_WITH_KNOTS((2,2),(4,4),(
    21.,22.),(0.,1.),.PIECEWISE_BEZIER_KNOTS.) 
GEOMETRIC_REPRESENTATION_ITEM() RATIONAL_B_SPLINE_SURFACE((
    (1.,1.,1.,1.)
,(1.,1.,1.,1.))) REPRESENTATION_ITEM('') SURFACE() );
#1671 = CARTESIAN_POINT('',(2.368208133306E-03,2.032E-02,
    -2.957956718269E-04));
#1672 = CARTESIAN_POINT('',(3.674320897834E-03,5.57630709112E-02,
    4.887542528941E-04));
#1673 = CARTESIAN_POINT('',(2.454249265225E-03,9.160924192655E-02,
    7.623814449232E-04));
#1674 = CARTESIAN_POINT('',(1.438511612625E-03,0.127,4.640851865268E-04)
  );
#1675 = CARTESIAN_POINT('',(2.990563705955E-03,2.032E-02,
    -7.97403566244E-04));
#1676 = CARTESIAN_POINT('',(4.806933935897E-03,5.57630709112E-02,
    -1.959101650456E-05));
#1677 = CARTESIAN_POINT('',(3.287598657487E-03,9.160924192655E-02,
    5.469876562406E-04));
#1678 = CARTESIAN_POINT('',(1.930000039492E-03,0.127,3.427433899072E-04)
  );
#1679 = DEFINITIONAL_REPRESENTATION('',(#1680),#1684);
#1680 = LINE('',#1681,#1682);
#1681 = CARTESIAN_POINT('',(21.,0.));
#1682 = VECTOR('',#1683,1.);
#1683 = DIRECTION('',(0.,1.));
#1684 = ( GEOMETRIC_REPRESENTATION_CONTEXT(2) 
PARAMETRIC_REPRESENTATION_CONTEXT() REPRESENTATION_CONTEXT('2D SPACE',''
  ) );
#1685 = ORIENTED_EDGE('',*,*,#1686,.F.);
#1686 = EDGE_CURVE('',#1577,#1654,#1687,.T.);
#1687 = SURFACE_CURVE('',#1688,(#1691,#1698),.PCURVE_S1.);
#1688 = B_SPLINE_CURVE_WITH_KNOTS('',1,(#1689,#1690),.UNSPECIFIED.,.F.,
  .F.,(2,2),(20.,21.),.PIECEWISE_BEZIER_KNOTS.);
#1689 = CARTESIAN_POINT('',(8.979001430267E-04,0.127,5.776348625232E-04)
  );
#1690 = CARTESIAN_POINT('',(1.438511612625E-03,0.127,4.640851865268E-04)
  );
#1691 = PCURVE('',#1593,#1692);
#1692 = DEFINITIONAL_REPRESENTATION('',(#1693),#1697);
#1693 = LINE('',#1694,#1695);
#1694 = CARTESIAN_POINT('',(0.,1.));
#1695 = VECTOR('',#1696,1.);
#1696 = DIRECTION('',(1.,0.));
#1697 = ( GEOMETRIC_REPRESENTATION_CONTEXT(2) 
PARAMETRIC_REPRESENTATION_CONTEXT() REPRESENTATION_CONTEXT('2D SPACE',''
  ) );
#1698 = PCURVE('',#124,#1699);
#1699 = DEFINITIONAL_REPRESENTATION('',(#1700),#1703);
#1700 = B_SPLINE_CURVE_WITH_KNOTS('',1,(#1701,#1702),.UNSPECIFIED.,.F.,
  .F.,(2,2),(20.,21.),.PIECEWISE_BEZIER_KNOTS.);
#1701 = CARTESIAN_POINT('',(9.204379217669E-03,7.122771236606E-04));
#1702 = CARTESIAN_POINT('',(9.756085270345E-03,6.844433057194E-04));
#1703 = ( GEOMETRIC_REPRESENTATION_CONTEXT(2) 
PARAMETRIC_REPRESENTATION_CONTEXT() REPRESENTATION_CONTEXT('2D SPACE',''
  ) );
#1704 = ORIENTED_EDGE('',*,*,#1576,.F.);
#1705 = ADVANCED_FACE('',(#1706),#1670,.T.);
#1706 = FACE_BOUND('',#1707,.T.);
#1707 = EDGE_LOOP('',(#1708,#1729,#1762,#1781));
#1708 = ORIENTED_EDGE('',*,*,#1709,.T.);
#1709 = EDGE_CURVE('',#1633,#1710,#1712,.T.);
#1710 = VERTEX_POINT('',#1711);
#1711 = CARTESIAN_POINT('',(2.990563705955E-03,2.032E-02,
    -7.97403566244E-04));
#1712 = SURFACE_CURVE('',#1713,(#1716,#1723),.PCURVE_S1.);
#1713 = B_SPLINE_CURVE_WITH_KNOTS('',1,(#1714,#1715),.UNSPECIFIED.,.F.,
  .F.,(2,2),(21.,22.),.PIECEWISE_BEZIER_KNOTS.);
#1714 = CARTESIAN_POINT('',(2.368208133306E-03,2.032E-02,
    -2.957956718269E-04));
#1715 = CARTESIAN_POINT('',(2.990563705955E-03,2.032E-02,
    -7.97403566244E-04));
#1716 = PCURVE('',#1670,#1717);
#1717 = DEFINITIONAL_REPRESENTATION('',(#1718),#1722);
#1718 = LINE('',#1719,#1720);
#1719 = CARTESIAN_POINT('',(0.,0.));
#1720 = VECTOR('',#1721,1.);
#1721 = DIRECTION('',(1.,0.));
#1722 = ( GEOMETRIC_REPRESENTATION_CONTEXT(2) 
PARAMETRIC_REPRESENTATION_CONTEXT() REPRESENTATION_CONTEXT('2D SPACE',''
  ) );
#1723 = PCURVE('',#65,#1724);
#1724 = DEFINITIONAL_REPRESENTATION('',(#1725),#1728);
#1725 = B_SPLINE_CURVE_WITH_KNOTS('',1,(#1726,#1727),.UNSPECIFIED.,.F.,
  .F.,(2,2),(21.,22.),.PIECEWISE_BEZIER_KNOTS.);
#1726 = CARTESIAN_POINT('',(1.54043451637E-02,1.080699956399E-03));
#1727 = CARTESIAN_POINT('',(1.620076577587E-02,1.01250063772E-03));
#1728 = ( GEOMETRIC_REPRESENTATION_CONTEXT(2) 
PARAMETRIC_REPRESENTATION_CONTEXT() REPRESENTATION_CONTEXT('2D SPACE',''
  ) );
#1729 = ORIENTED_EDGE('',*,*,#1730,.T.);
#1730 = EDGE_CURVE('',#1710,#1731,#1733,.T.);
#1731 = VERTEX_POINT('',#1732);
#1732 = CARTESIAN_POINT('',(1.930000039492E-03,0.127,3.427433899072E-04)
  );
#1733 = SURFACE_CURVE('',#1734,(#1739,#1746),.PCURVE_S1.);
#1734 = ( BOUNDED_CURVE() B_SPLINE_CURVE(3,(#1735,#1736,#1737,#1738),
.UNSPECIFIED.,.F.,.F.) B_SPLINE_CURVE_WITH_KNOTS((4,4),(0.,1.),
.PIECEWISE_BEZIER_KNOTS.) CURVE() GEOMETRIC_REPRESENTATION_ITEM() 
RATIONAL_B_SPLINE_CURVE((1.,1.,1.,1.)) REPRESENTATION_ITEM('') );
#1735 = CARTESIAN_POINT('',(2.990563705955E-03,2.032E-02,
    -7.97403566244E-04));
#1736 = CARTESIAN_POINT('',(4.806933935897E-03,5.57630709112E-02,
    -1.959101650456E-05));
#1737 = CARTESIAN_POINT('',(3.287598657487E-03,9.160924192655E-02,
    5.469876562406E-04));
#1738 = CARTESIAN_POINT('',(1.930000039492E-03,0.127,3.427433899072E-04)
  );
#1739 = PCURVE('',#1670,#1740);
#1740 = DEFINITIONAL_REPRESENTATION('',(#1741),#1745);
#1741 = LINE('',#1742,#1743);
#1742 = CARTESIAN_POINT('',(22.,0.));
#1743 = VECTOR('',#1744,1.);
#1744 = DIRECTION('',(0.,1.));
#1745 = ( GEOMETRIC_REPRESENTATION_CONTEXT(2) 
PARAMETRIC_REPRESENTATION_CONTEXT() REPRESENTATION_CONTEXT('2D SPACE',''
  ) );
#1746 = PCURVE('',#1747,#1756);
#1747 = ( BOUNDED_SURFACE() B_SPLINE_SURFACE(1,3,(
    (#1748,#1749,#1750,#1751)
    ,(#1752,#1753,#1754,#1755
)),.UNSPECIFIED.,.F.,.F.,.F.) B_SPLINE_SURFACE_WITH_KNOTS((2,2),(4,4),(
    22.,23.),(0.,1.),.PIECEWISE_BEZIER_KNOTS.) 
GEOMETRIC_REPRESENTATION_ITEM() RATIONAL_B_SPLINE_SURFACE((
    (1.,1.,1.,1.)
,(1.,1.,1.,1.))) REPRESENTATION_ITEM('') SURFACE() );
#1748 = CARTESIAN_POINT('',(2.990563705955E-03,2.032E-02,
    -7.97403566244E-04));
#1749 = CARTESIAN_POINT('',(4.806933935897E-03,5.57630709112E-02,
    -1.959101650456E-05));
#1750 = CARTESIAN_POINT('',(3.287598657487E-03,9.160924192655E-02,
    5.469876562406E-04));
#1751 = CARTESIAN_POINT('',(1.930000039492E-03,0.127,3.427433899072E-04)
  );
#1752 = CARTESIAN_POINT('',(3.529594827103E-03,2.032E-02,
    -1.271078618009E-03));
#1753 = CARTESIAN_POINT('',(5.803362054945E-03,5.57630709112E-02,
    -5.188044289793E-04));
#1754 = CARTESIAN_POINT('',(4.026807456133E-03,9.160924192655E-02,
    3.219590567525E-04));
#1755 = CARTESIAN_POINT('',(2.366184198212E-03,0.127,2.151324279931E-04)
  );
#1756 = DEFINITIONAL_REPRESENTATION('',(#1757),#1761);
#1757 = LINE('',#1758,#1759);
#1758 = CARTESIAN_POINT('',(22.,0.));
#1759 = VECTOR('',#1760,1.);
#1760 = DIRECTION('',(0.,1.));
#1761 = ( GEOMETRIC_REPRESENTATION_CONTEXT(2) 
PARAMETRIC_REPRESENTATION_CONTEXT() REPRESENTATION_CONTEXT('2D SPACE',''
  ) );
#1762 = ORIENTED_EDGE('',*,*,#1763,.F.);
#1763 = EDGE_CURVE('',#1654,#1731,#1764,.T.);
#1764 = SURFACE_CURVE('',#1765,(#1768,#1775),.PCURVE_S1.);
#1765 = B_SPLINE_CURVE_WITH_KNOTS('',1,(#1766,#1767),.UNSPECIFIED.,.F.,
  .F.,(2,2),(21.,22.),.PIECEWISE_BEZIER_KNOTS.);
#1766 = CARTESIAN_POINT('',(1.438511612625E-03,0.127,4.640851865268E-04)
  );
#1767 = CARTESIAN_POINT('',(1.930000039492E-03,0.127,3.427433899072E-04)
  );
#1768 = PCURVE('',#1670,#1769);
#1769 = DEFINITIONAL_REPRESENTATION('',(#1770),#1774);
#1770 = LINE('',#1771,#1772);
#1771 = CARTESIAN_POINT('',(0.,1.));
#1772 = VECTOR('',#1773,1.);
#1773 = DIRECTION('',(1.,0.));
#1774 = ( GEOMETRIC_REPRESENTATION_CONTEXT(2) 
PARAMETRIC_REPRESENTATION_CONTEXT() REPRESENTATION_CONTEXT('2D SPACE',''
  ) );
#1775 = PCURVE('',#124,#1776);
#1776 = DEFINITIONAL_REPRESENTATION('',(#1777),#1780);
#1777 = B_SPLINE_CURVE_WITH_KNOTS('',1,(#1778,#1779),.UNSPECIFIED.,.F.,
  .F.,(2,2),(21.,22.),.PIECEWISE_BEZIER_KNOTS.);
#1778 = CARTESIAN_POINT('',(9.756085270345E-03,6.844433057194E-04));
#1779 = CARTESIAN_POINT('',(1.026048499138E-02,6.412504038891E-04));
#1780 = ( GEOMETRIC_REPRESENTATION_CONTEXT(2) 
PARAMETRIC_REPRESENTATION_CONTEXT() REPRESENTATION_CONTEXT('2D SPACE',''
  ) );
#1781 = ORIENTED_EDGE('',*,*,#1653,.F.);
#1782 = ADVANCED_FACE('',(#1783),#1747,.T.);
#1783 = FACE_BOUND('',#1784,.T.);
#1784 = EDGE_LOOP('',(#1785,#1806,#1839,#1858));
#1785 = ORIENTED_EDGE('',*,*,#1786,.T.);
#1786 = EDGE_CURVE('',#1710,#1787,#1789,.T.);
#1787 = VERTEX_POINT('',#1788);
#1788 = CARTESIAN_POINT('',(3.529594827103E-03,2.032E-02,
    -1.271078618009E-03));
#1789 = SURFACE_CURVE('',#1790,(#1793,#1800),.PCURVE_S1.);
#1790 = B_SPLINE_CURVE_WITH_KNOTS('',1,(#1791,#1792),.UNSPECIFIED.,.F.,
  .F.,(2,2),(22.,23.),.PIECEWISE_BEZIER_KNOTS.);
#1791 = CARTESIAN_POINT('',(2.990563705955E-03,2.032E-02,
    -7.97403566244E-04));
#1792 = CARTESIAN_POINT('',(3.529594827103E-03,2.032E-02,
    -1.271078618009E-03));
#1793 = PCURVE('',#1747,#1794);
#1794 = DEFINITIONAL_REPRESENTATION('',(#1795),#1799);
#1795 = LINE('',#1796,#1797);
#1796 = CARTESIAN_POINT('',(0.,0.));
#1797 = VECTOR('',#1798,1.);
#1798 = DIRECTION('',(1.,0.));
#1799 = ( GEOMETRIC_REPRESENTATION_CONTEXT(2) 
PARAMETRIC_REPRESENTATION_CONTEXT() REPRESENTATION_CONTEXT('2D SPACE',''
  ) );
#1800 = PCURVE('',#65,#1801);
#1801 = DEFINITIONAL_REPRESENTATION('',(#1802),#1805);
#1802 = B_SPLINE_CURVE_WITH_KNOTS('',1,(#1803,#1804),.UNSPECIFIED.,.F.,
  .F.,(2,2),(22.,23.),.PIECEWISE_BEZIER_KNOTS.);
#1803 = CARTESIAN_POINT('',(1.620076577587E-02,1.01250063772E-03));
#1804 = CARTESIAN_POINT('',(1.69124767267E-02,9.209030029826E-04));
#1805 = ( GEOMETRIC_REPRESENTATION_CONTEXT(2) 
PARAMETRIC_REPRESENTATION_CONTEXT() REPRESENTATION_CONTEXT('2D SPACE',''
  ) );
#1806 = ORIENTED_EDGE('',*,*,#1807,.T.);
#1807 = EDGE_CURVE('',#1787,#1808,#1810,.T.);
#1808 = VERTEX_POINT('',#1809);
#1809 = CARTESIAN_POINT('',(2.366184198212E-03,0.127,2.151324279931E-04)
  );
#1810 = SURFACE_CURVE('',#1811,(#1816,#1823),.PCURVE_S1.);
#1811 = ( BOUNDED_CURVE() B_SPLINE_CURVE(3,(#1812,#1813,#1814,#1815),
.UNSPECIFIED.,.F.,.F.) B_SPLINE_CURVE_WITH_KNOTS((4,4),(0.,1.),
.PIECEWISE_BEZIER_KNOTS.) CURVE() GEOMETRIC_REPRESENTATION_ITEM() 
RATIONAL_B_SPLINE_CURVE((1.,1.,1.,1.)) REPRESENTATION_ITEM('') );
#1812 = CARTESIAN_POINT('',(3.529594827103E-03,2.032E-02,
    -1.271078618009E-03));
#1813 = CARTESIAN_POINT('',(5.803362054945E-03,5.57630709112E-02,
    -5.188044289793E-04));
#1814 = CARTESIAN_POINT('',(4.026807456133E-03,9.160924192655E-02,
    3.219590567525E-04));
#1815 = CARTESIAN_POINT('',(2.366184198212E-03,0.127,2.151324279931E-04)
  );
#1816 = PCURVE('',#1747,#1817);
#1817 = DEFINITIONAL_REPRESENTATION('',(#1818),#1822);
#1818 = LINE('',#1819,#1820);
#1819 = CARTESIAN_POINT('',(23.,0.));
#1820 = VECTOR('',#1821,1.);
#1821 = DIRECTION('',(0.,1.));
#1822 = ( GEOMETRIC_REPRESENTATION_CONTEXT(2) 
PARAMETRIC_REPRESENTATION_CONTEXT() REPRESENTATION_CONTEXT('2D SPACE',''
  ) );
#1823 = PCURVE('',#1824,#1833);
#1824 = ( BOUNDED_SURFACE() B_SPLINE_SURFACE(1,3,(
    (#1825,#1826,#1827,#1828)
    ,(#1829,#1830,#1831,#1832
)),.UNSPECIFIED.,.F.,.F.,.F.) B_SPLINE_SURFACE_WITH_KNOTS((2,2),(4,4),(
    23.,24.),(0.,1.),.PIECEWISE_BEZIER_KNOTS.) 
GEOMETRIC_REPRESENTATION_ITEM() RATIONAL_B_SPLINE_SURFACE((
    (1.,1.,1.,1.)
,(1.,1.,1.,1.))) REPRESENTATION_ITEM('') SURFACE() );
#1825 = CARTESIAN_POINT('',(3.529594827103E-03,2.032E-02,
    -1.271078618009E-03));
#1826 = CARTESIAN_POINT('',(5.803362054945E-03,5.57630709112E-02,
    -5.188044289793E-04));
#1827 = CARTESIAN_POINT('',(4.026807456133E-03,9.160924192655E-02,
    3.219590567525E-04));
#1828 = CARTESIAN_POINT('',(2.366184198212E-03,0.127,2.151324279931E-04)
  );
#1829 = CARTESIAN_POINT('',(3.978810498681E-03,2.032E-02,
    -1.710437657971E-03));
#1830 = CARTESIAN_POINT('',(6.651338679095E-03,5.57630709112E-02,
    -1.001854124194E-03));
#1831 = CARTESIAN_POINT('',(4.662672277451E-03,9.160924192655E-02,
    9.067159578154E-05));
#1832 = CARTESIAN_POINT('',(2.741629781019E-03,0.127,8.317883845614E-05)
  );
#1833 = DEFINITIONAL_REPRESENTATION('',(#1834),#1838);
#1834 = LINE('',#1835,#1836);
#1835 = CARTESIAN_POINT('',(23.,0.));
#1836 = VECTOR('',#1837,1.);
#1837 = DIRECTION('',(0.,1.));
#1838 = ( GEOMETRIC_REPRESENTATION_CONTEXT(2) 
PARAMETRIC_REPRESENTATION_CONTEXT() REPRESENTATION_CONTEXT('2D SPACE',''
  ) );
#1839 = ORIENTED_EDGE('',*,*,#1840,.F.);
#1840 = EDGE_CURVE('',#1731,#1808,#1841,.T.);
#1841 = SURFACE_CURVE('',#1842,(#1845,#1852),.PCURVE_S1.);
#1842 = B_SPLINE_CURVE_WITH_KNOTS('',1,(#1843,#1844),.UNSPECIFIED.,.F.,
  .F.,(2,2),(22.,23.),.PIECEWISE_BEZIER_KNOTS.);
#1843 = CARTESIAN_POINT('',(1.930000039492E-03,0.127,3.427433899072E-04)
  );
#1844 = CARTESIAN_POINT('',(2.366184198212E-03,0.127,2.151324279931E-04)
  );
#1845 = PCURVE('',#1747,#1846);
#1846 = DEFINITIONAL_REPRESENTATION('',(#1847),#1851);
#1847 = LINE('',#1848,#1849);
#1848 = CARTESIAN_POINT('',(0.,1.));
#1849 = VECTOR('',#1850,1.);
#1850 = DIRECTION('',(1.,0.));
#1851 = ( GEOMETRIC_REPRESENTATION_CONTEXT(2) 
PARAMETRIC_REPRESENTATION_CONTEXT() REPRESENTATION_CONTEXT('2D SPACE',''
  ) );
#1852 = PCURVE('',#124,#1853);
#1853 = DEFINITIONAL_REPRESENTATION('',(#1854),#1857);
#1854 = B_SPLINE_CURVE_WITH_KNOTS('',1,(#1855,#1856),.UNSPECIFIED.,.F.,
  .F.,(2,2),(22.,23.),.PIECEWISE_BEZIER_KNOTS.);
#1855 = CARTESIAN_POINT('',(1.026048499138E-02,6.412504038891E-04));
#1856 = CARTESIAN_POINT('',(1.071123526025E-02,5.832385685557E-04));
#1857 = ( GEOMETRIC_REPRESENTATION_CONTEXT(2) 
PARAMETRIC_REPRESENTATION_CONTEXT() REPRESENTATION_CONTEXT('2D SPACE',''
  ) );
#1858 = ORIENTED_EDGE('',*,*,#1730,.F.);
#1859 = ADVANCED_FACE('',(#1860),#1824,.T.);
#1860 = FACE_BOUND('',#1861,.T.);
#1861 = EDGE_LOOP('',(#1862,#1883,#1916,#1935));
#1862 = ORIENTED_EDGE('',*,*,#1863,.T.);
#1863 = EDGE_CURVE('',#1787,#1864,#1866,.T.);
#1864 = VERTEX_POINT('',#1865);
#1865 = CARTESIAN_POINT('',(3.978810498681E-03,2.032E-02,
    -1.710437657971E-03));
#1866 = SURFACE_CURVE('',#1867,(#1870,#1877),.PCURVE_S1.);
#1867 = B_SPLINE_CURVE_WITH_KNOTS('',1,(#1868,#1869),.UNSPECIFIED.,.F.,
  .F.,(2,2),(23.,24.),.PIECEWISE_BEZIER_KNOTS.);
#1868 = CARTESIAN_POINT('',(3.529594827103E-03,2.032E-02,
    -1.271078618009E-03));
#1869 = CARTESIAN_POINT('',(3.978810498681E-03,2.032E-02,
    -1.710437657971E-03));
#1870 = PCURVE('',#1824,#1871);
#1871 = DEFINITIONAL_REPRESENTATION('',(#1872),#1876);
#1872 = LINE('',#1873,#1874);
#1873 = CARTESIAN_POINT('',(0.,0.));
#1874 = VECTOR('',#1875,1.);
#1875 = DIRECTION('',(1.,0.));
#1876 = ( GEOMETRIC_REPRESENTATION_CONTEXT(2) 
PARAMETRIC_REPRESENTATION_CONTEXT() REPRESENTATION_CONTEXT('2D SPACE',''
  ) );
#1877 = PCURVE('',#65,#1878);
#1878 = DEFINITIONAL_REPRESENTATION('',(#1879),#1882);
#1879 = B_SPLINE_CURVE_WITH_KNOTS('',1,(#1880,#1881),.UNSPECIFIED.,.F.,
  .F.,(2,2),(23.,24.),.PIECEWISE_BEZIER_KNOTS.);
#1880 = CARTESIAN_POINT('',(1.69124767267E-02,9.209030029826E-04));
#1881 = CARTESIAN_POINT('',(1.753052807337E-02,8.075733137115E-04));
#1882 = ( GEOMETRIC_REPRESENTATION_CONTEXT(2) 
PARAMETRIC_REPRESENTATION_CONTEXT() REPRESENTATION_CONTEXT('2D SPACE',''
  ) );
#1883 = ORIENTED_EDGE('',*,*,#1884,.T.);
#1884 = EDGE_CURVE('',#1864,#1885,#1887,.T.);
#1885 = VERTEX_POINT('',#1886);
#1886 = CARTESIAN_POINT('',(2.741629781019E-03,0.127,8.317883845614E-05)
  );
#1887 = SURFACE_CURVE('',#1888,(#1893,#1900),.PCURVE_S1.);
#1888 = ( BOUNDED_CURVE() B_SPLINE_CURVE(3,(#1889,#1890,#1891,#1892),
.UNSPECIFIED.,.F.,.F.) B_SPLINE_CURVE_WITH_KNOTS((4,4),(0.,1.),
.PIECEWISE_BEZIER_KNOTS.) CURVE() GEOMETRIC_REPRESENTATION_ITEM() 
RATIONAL_B_SPLINE_CURVE((1.,1.,1.,1.)) REPRESENTATION_ITEM('') );
#1889 = CARTESIAN_POINT('',(3.978810498681E-03,2.032E-02,
    -1.710437657971E-03));
#1890 = CARTESIAN_POINT('',(6.651338679095E-03,5.57630709112E-02,
    -1.001854124194E-03));
#1891 = CARTESIAN_POINT('',(4.662672277451E-03,9.160924192655E-02,
    9.067159578154E-05));
#1892 = CARTESIAN_POINT('',(2.741629781019E-03,0.127,8.317883845614E-05)
  );
#1893 = PCURVE('',#1824,#1894);
#1894 = DEFINITIONAL_REPRESENTATION('',(#1895),#1899);
#1895 = LINE('',#1896,#1897);
#1896 = CARTESIAN_POINT('',(24.,0.));
#1897 = VECTOR('',#1898,1.);
#1898 = DIRECTION('',(0.,1.));
#1899 = ( GEOMETRIC_REPRESENTATION_CONTEXT(2) 
PARAMETRIC_REPRESENTATION_CONTEXT() REPRESENTATION_CONTEXT('2D SPACE',''
  ) );
#1900 = PCURVE('',#1901,#1910);
#1901 = ( BOUNDED_SURFACE() B_SPLINE_SURFACE(1,3,(
    (#1902,#1903,#1904,#1905)
    ,(#1906,#1907,#1908,#1909
)),.UNSPECIFIED.,.F.,.F.,.F.) B_SPLINE_SURFACE_WITH_KNOTS((2,2),(4,4),(
    24.,25.),(0.,1.),.PIECEWISE_BEZIER_KNOTS.) 
GEOMETRIC_REPRESENTATION_ITEM() RATIONAL_B_SPLINE_SURFACE((
    (1.,1.,1.,1.)
,(1.,1.,1.,1.))) REPRESENTATION_ITEM('') SURFACE() );
#1902 = CARTESIAN_POINT('',(3.978810498681E-03,2.032E-02,
    -1.710437657971E-03));
#1903 = CARTESIAN_POINT('',(6.651338679095E-03,5.57630709112E-02,
    -1.001854124194E-03));
#1904 = CARTESIAN_POINT('',(4.662672277451E-03,9.160924192655E-02,
    9.067159578154E-05));
#1905 = CARTESIAN_POINT('',(2.741629781019E-03,0.127,8.317883845614E-05)
  );
#1906 = CARTESIAN_POINT('',(4.333040922744E-03,2.032E-02,
    -2.109244826028E-03));
#1907 = CARTESIAN_POINT('',(7.340640120982E-03,5.57630709112E-02,
    -1.461408961092E-03));
#1908 = CARTESIAN_POINT('',(5.187351067398E-03,9.160924192655E-02,
    -1.430560794548E-04));
#1909 = CARTESIAN_POINT('',(3.051700270802E-03,0.127,-5.092176559088E-05
    ));
#1910 = DEFINITIONAL_REPRESENTATION('',(#1911),#1915);
#1911 = LINE('',#1912,#1913);
#1912 = CARTESIAN_POINT('',(24.,0.));
#1913 = VECTOR('',#1914,1.);
#1914 = DIRECTION('',(0.,1.));
#1915 = ( GEOMETRIC_REPRESENTATION_CONTEXT(2) 
PARAMETRIC_REPRESENTATION_CONTEXT() REPRESENTATION_CONTEXT('2D SPACE',''
  ) );
#1916 = ORIENTED_EDGE('',*,*,#1917,.F.);
#1917 = EDGE_CURVE('',#1808,#1885,#1918,.T.);
#1918 = SURFACE_CURVE('',#1919,(#1922,#1929),.PCURVE_S1.);
#1919 = B_SPLINE_CURVE_WITH_KNOTS('',1,(#1920,#1921),.UNSPECIFIED.,.F.,
  .F.,(2,2),(23.,24.),.PIECEWISE_BEZIER_KNOTS.);
#1920 = CARTESIAN_POINT('',(2.366184198212E-03,0.127,2.151324279931E-04)
  );
#1921 = CARTESIAN_POINT('',(2.741629781019E-03,0.127,8.317883845614E-05)
  );
#1922 = PCURVE('',#1824,#1923);
#1923 = DEFINITIONAL_REPRESENTATION('',(#1924),#1928);
#1924 = LINE('',#1925,#1926);
#1925 = CARTESIAN_POINT('',(0.,1.));
#1926 = VECTOR('',#1927,1.);
#1927 = DIRECTION('',(1.,0.));
#1928 = ( GEOMETRIC_REPRESENTATION_CONTEXT(2) 
PARAMETRIC_REPRESENTATION_CONTEXT() REPRESENTATION_CONTEXT('2D SPACE',''
  ) );
#1929 = PCURVE('',#124,#1930);
#1930 = DEFINITIONAL_REPRESENTATION('',(#1931),#1934);
#1931 = B_SPLINE_CURVE_WITH_KNOTS('',1,(#1932,#1933),.UNSPECIFIED.,.F.,
  .F.,(2,2),(23.,24.),.PIECEWISE_BEZIER_KNOTS.);
#1932 = CARTESIAN_POINT('',(1.071123526025E-02,5.832385685557E-04));
#1933 = CARTESIAN_POINT('',(1.11026677798E-02,5.114630986839E-04));
#1934 = ( GEOMETRIC_REPRESENTATION_CONTEXT(2) 
PARAMETRIC_REPRESENTATION_CONTEXT() REPRESENTATION_CONTEXT('2D SPACE',''
  ) );
#1935 = ORIENTED_EDGE('',*,*,#1807,.F.);
#1936 = ADVANCED_FACE('',(#1937),#1901,.T.);
#1937 = FACE_BOUND('',#1938,.T.);
#1938 = EDGE_LOOP('',(#1939,#1960,#1993,#2012));
#1939 = ORIENTED_EDGE('',*,*,#1940,.T.);
#1940 = EDGE_CURVE('',#1864,#1941,#1943,.T.);
#1941 = VERTEX_POINT('',#1942);
#1942 = CARTESIAN_POINT('',(4.333040922744E-03,2.032E-02,
    -2.109244826028E-03));
#1943 = SURFACE_CURVE('',#1944,(#1947,#1954),.PCURVE_S1.);
#1944 = B_SPLINE_CURVE_WITH_KNOTS('',1,(#1945,#1946),.UNSPECIFIED.,.F.,
  .F.,(2,2),(24.,25.),.PIECEWISE_BEZIER_KNOTS.);
#1945 = CARTESIAN_POINT('',(3.978810498681E-03,2.032E-02,
    -1.710437657971E-03));
#1946 = CARTESIAN_POINT('',(4.333040922744E-03,2.032E-02,
    -2.109244826028E-03));
#1947 = PCURVE('',#1901,#1948);
#1948 = DEFINITIONAL_REPRESENTATION('',(#1949),#1953);
#1949 = LINE('',#1950,#1951);
#1950 = CARTESIAN_POINT('',(0.,0.));
#1951 = VECTOR('',#1952,1.);
#1952 = DIRECTION('',(1.,0.));
#1953 = ( GEOMETRIC_REPRESENTATION_CONTEXT(2) 
PARAMETRIC_REPRESENTATION_CONTEXT() REPRESENTATION_CONTEXT('2D SPACE',''
  ) );
#1954 = PCURVE('',#65,#1955);
#1955 = DEFINITIONAL_REPRESENTATION('',(#1956),#1959);
#1956 = B_SPLINE_CURVE_WITH_KNOTS('',1,(#1957,#1958),.UNSPECIFIED.,.F.,
  .F.,(2,2),(24.,25.),.PIECEWISE_BEZIER_KNOTS.);
#1957 = CARTESIAN_POINT('',(1.753052807337E-02,8.075733137115E-04));
#1958 = CARTESIAN_POINT('',(1.804714785374E-02,6.74793973596E-04));
#1959 = ( GEOMETRIC_REPRESENTATION_CONTEXT(2) 
PARAMETRIC_REPRESENTATION_CONTEXT() REPRESENTATION_CONTEXT('2D SPACE',''
  ) );
#1960 = ORIENTED_EDGE('',*,*,#1961,.T.);
#1961 = EDGE_CURVE('',#1941,#1962,#1964,.T.);
#1962 = VERTEX_POINT('',#1963);
#1963 = CARTESIAN_POINT('',(3.051700270802E-03,0.127,-5.092176559088E-05
    ));
#1964 = SURFACE_CURVE('',#1965,(#1970,#1977),.PCURVE_S1.);
#1965 = ( BOUNDED_CURVE() B_SPLINE_CURVE(3,(#1966,#1967,#1968,#1969),
.UNSPECIFIED.,.F.,.F.) B_SPLINE_CURVE_WITH_KNOTS((4,4),(0.,1.),
.PIECEWISE_BEZIER_KNOTS.) CURVE() GEOMETRIC_REPRESENTATION_ITEM() 
RATIONAL_B_SPLINE_CURVE((1.,1.,1.,1.)) REPRESENTATION_ITEM('') );
#1966 = CARTESIAN_POINT('',(4.333040922744E-03,2.032E-02,
    -2.109244826028E-03));
#1967 = CARTESIAN_POINT('',(7.340640120982E-03,5.57630709112E-02,
    -1.461408961092E-03));
#1968 = CARTESIAN_POINT('',(5.187351067398E-03,9.160924192655E-02,
    -1.430560794548E-04));
#1969 = CARTESIAN_POINT('',(3.051700270802E-03,0.127,-5.092176559088E-05
    ));
#1970 = PCURVE('',#1901,#1971);
#1971 = DEFINITIONAL_REPRESENTATION('',(#1972),#1976);
#1972 = LINE('',#1973,#1974);
#1973 = CARTESIAN_POINT('',(25.,0.));
#1974 = VECTOR('',#1975,1.);
#1975 = DIRECTION('',(0.,1.));
#1976 = ( GEOMETRIC_REPRESENTATION_CONTEXT(2) 
PARAMETRIC_REPRESENTATION_CONTEXT() REPRESENTATION_CONTEXT('2D SPACE',''
  ) );
#1977 = PCURVE('',#1978,#1987);
#1978 = ( BOUNDED_SURFACE() B_SPLINE_SURFACE(1,3,(
    (#1979,#1980,#1981,#1982)
    ,(#1983,#1984,#1985,#1986
)),.UNSPECIFIED.,.F.,.F.,.F.) B_SPLINE_SURFACE_WITH_KNOTS((2,2),(4,4),(
    25.,26.),(0.,1.),.PIECEWISE_BEZIER_KNOTS.) 
GEOMETRIC_REPRESENTATION_ITEM() RATIONAL_B_SPLINE_SURFACE((
    (1.,1.,1.,1.)
,(1.,1.,1.,1.))) REPRESENTATION_ITEM('') SURFACE() );
#1979 = CARTESIAN_POINT('',(4.333040922744E-03,2.032E-02,
    -2.109244826028E-03));
#1980 = CARTESIAN_POINT('',(7.340640120982E-03,5.57630709112E-02,
    -1.461408961092E-03));
#1981 = CARTESIAN_POINT('',(5.187351067398E-03,9.160924192655E-02,
    -1.430560794548E-04));
#1982 = CARTESIAN_POINT('',(3.051700270802E-03,0.127,-5.092176559088E-05
    ));
#1983 = CARTESIAN_POINT('',(4.588363475336E-03,2.032E-02,
    -2.461696124987E-03));
#1984 = CARTESIAN_POINT('',(7.863086492835E-03,5.57630709112E-02,
    -1.89029517255E-03));
#1985 = CARTESIAN_POINT('',(5.594416959641E-03,9.160924192655E-02,
    -3.752746197602E-04));
#1986 = CARTESIAN_POINT('',(3.292590613661E-03,0.127,-1.848878417679E-04
    ));
#1987 = DEFINITIONAL_REPRESENTATION('',(#1988),#1992);
#1988 = LINE('',#1989,#1990);
#1989 = CARTESIAN_POINT('',(25.,0.));
#1990 = VECTOR('',#1991,1.);
#1991 = DIRECTION('',(0.,1.));
#1992 = ( GEOMETRIC_REPRESENTATION_CONTEXT(2) 
PARAMETRIC_REPRESENTATION_CONTEXT() REPRESENTATION_CONTEXT('2D SPACE',''
  ) );
#1993 = ORIENTED_EDGE('',*,*,#1994,.F.);
#1994 = EDGE_CURVE('',#1885,#1962,#1995,.T.);
#1995 = SURFACE_CURVE('',#1996,(#1999,#2006),.PCURVE_S1.);
#1996 = B_SPLINE_CURVE_WITH_KNOTS('',1,(#1997,#1998),.UNSPECIFIED.,.F.,
  .F.,(2,2),(24.,25.),.PIECEWISE_BEZIER_KNOTS.);
#1997 = CARTESIAN_POINT('',(2.741629781019E-03,0.127,8.317883845614E-05)
  );
#1998 = CARTESIAN_POINT('',(3.051700270802E-03,0.127,-5.092176559088E-05
    ));
#1999 = PCURVE('',#1901,#2000);
#2000 = DEFINITIONAL_REPRESENTATION('',(#2001),#2005);
#2001 = LINE('',#2002,#2003);
#2002 = CARTESIAN_POINT('',(0.,1.));
#2003 = VECTOR('',#2004,1.);
#2004 = DIRECTION('',(1.,0.));
#2005 = ( GEOMETRIC_REPRESENTATION_CONTEXT(2) 
PARAMETRIC_REPRESENTATION_CONTEXT() REPRESENTATION_CONTEXT('2D SPACE',''
  ) );
#2006 = PCURVE('',#124,#2007);
#2007 = DEFINITIONAL_REPRESENTATION('',(#2008),#2011);
#2008 = B_SPLINE_CURVE_WITH_KNOTS('',1,(#2009,#2010),.UNSPECIFIED.,.F.,
  .F.,(2,2),(24.,25.),.PIECEWISE_BEZIER_KNOTS.);
#2009 = CARTESIAN_POINT('',(1.11026677798E-02,5.114630986839E-04));
#2010 = CARTESIAN_POINT('',(1.142986030737E-02,4.273695166108E-04));
#2011 = ( GEOMETRIC_REPRESENTATION_CONTEXT(2) 
PARAMETRIC_REPRESENTATION_CONTEXT() REPRESENTATION_CONTEXT('2D SPACE',''
  ) );
#2012 = ORIENTED_EDGE('',*,*,#1884,.F.);
#2013 = ADVANCED_FACE('',(#2014),#1978,.T.);
#2014 = FACE_BOUND('',#2015,.T.);
#2015 = EDGE_LOOP('',(#2016,#2037,#2070,#2089));
#2016 = ORIENTED_EDGE('',*,*,#2017,.T.);
#2017 = EDGE_CURVE('',#1941,#2018,#2020,.T.);
#2018 = VERTEX_POINT('',#2019);
#2019 = CARTESIAN_POINT('',(4.588363475336E-03,2.032E-02,
    -2.461696124987E-03));
#2020 = SURFACE_CURVE('',#2021,(#2024,#2031),.PCURVE_S1.);
#2021 = B_SPLINE_CURVE_WITH_KNOTS('',1,(#2022,#2023),.UNSPECIFIED.,.F.,
  .F.,(2,2),(25.,26.),.PIECEWISE_BEZIER_KNOTS.);
#2022 = CARTESIAN_POINT('',(4.333040922744E-03,2.032E-02,
    -2.109244826028E-03));
#2023 = CARTESIAN_POINT('',(4.588363475336E-03,2.032E-02,
    -2.461696124987E-03));
#2024 = PCURVE('',#1978,#2025);
#2025 = DEFINITIONAL_REPRESENTATION('',(#2026),#2030);
#2026 = LINE('',#2027,#2028);
#2027 = CARTESIAN_POINT('',(0.,0.));
#2028 = VECTOR('',#2029,1.);
#2029 = DIRECTION('',(1.,0.));
#2030 = ( GEOMETRIC_REPRESENTATION_CONTEXT(2) 
PARAMETRIC_REPRESENTATION_CONTEXT() REPRESENTATION_CONTEXT('2D SPACE',''
  ) );
#2031 = PCURVE('',#65,#2032);
#2032 = DEFINITIONAL_REPRESENTATION('',(#2033),#2036);
#2033 = B_SPLINE_CURVE_WITH_KNOTS('',1,(#2034,#2035),.UNSPECIFIED.,.F.,
  .F.,(2,2),(25.,26.),.PIECEWISE_BEZIER_KNOTS.);
#2034 = CARTESIAN_POINT('',(1.804714785374E-02,6.74793973596E-04));
#2035 = CARTESIAN_POINT('',(1.845583970956E-02,5.251861830792E-04));
#2036 = ( GEOMETRIC_REPRESENTATION_CONTEXT(2) 
PARAMETRIC_REPRESENTATION_CONTEXT() REPRESENTATION_CONTEXT('2D SPACE',''
  ) );
#2037 = ORIENTED_EDGE('',*,*,#2038,.T.);
#2038 = EDGE_CURVE('',#2018,#2039,#2041,.T.);
#2039 = VERTEX_POINT('',#2040);
#2040 = CARTESIAN_POINT('',(3.292590613661E-03,0.127,-1.848878417679E-04
    ));
#2041 = SURFACE_CURVE('',#2042,(#2047,#2054),.PCURVE_S1.);
#2042 = ( BOUNDED_CURVE() B_SPLINE_CURVE(3,(#2043,#2044,#2045,#2046),
.UNSPECIFIED.,.F.,.F.) B_SPLINE_CURVE_WITH_KNOTS((4,4),(0.,1.),
.PIECEWISE_BEZIER_KNOTS.) CURVE() GEOMETRIC_REPRESENTATION_ITEM() 
RATIONAL_B_SPLINE_CURVE((1.,1.,1.,1.)) REPRESENTATION_ITEM('') );
#2043 = CARTESIAN_POINT('',(4.588363475336E-03,2.032E-02,
    -2.461696124987E-03));
#2044 = CARTESIAN_POINT('',(7.863086492835E-03,5.57630709112E-02,
    -1.89029517255E-03));
#2045 = CARTESIAN_POINT('',(5.594416959641E-03,9.160924192655E-02,
    -3.752746197602E-04));
#2046 = CARTESIAN_POINT('',(3.292590613661E-03,0.127,-1.848878417679E-04
    ));
#2047 = PCURVE('',#1978,#2048);
#2048 = DEFINITIONAL_REPRESENTATION('',(#2049),#2053);
#2049 = LINE('',#2050,#2051);
#2050 = CARTESIAN_POINT('',(26.,0.));
#2051 = VECTOR('',#2052,1.);
#2052 = DIRECTION('',(0.,1.));
#2053 = ( GEOMETRIC_REPRESENTATION_CONTEXT(2) 
PARAMETRIC_REPRESENTATION_CONTEXT() REPRESENTATION_CONTEXT('2D SPACE',''
  ) );
#2054 = PCURVE('',#2055,#2064);
#2055 = ( BOUNDED_SURFACE() B_SPLINE_SURFACE(1,3,(
    (#2056,#2057,#2058,#2059)
    ,(#2060,#2061,#2062,#2063
)),.UNSPECIFIED.,.F.,.F.,.F.) B_SPLINE_SURFACE_WITH_KNOTS((2,2),(4,4),(
    26.,27.),(0.,1.),.PIECEWISE_BEZIER_KNOTS.) 
GEOMETRIC_REPRESENTATION_ITEM() RATIONAL_B_SPLINE_SURFACE((
    (1.,1.,1.,1.)
,(1.,1.,1.,1.))) REPRESENTATION_ITEM('') SURFACE() );
#2056 = CARTESIAN_POINT('',(4.588363475336E-03,2.032E-02,
    -2.461696124987E-03));
#2057 = CARTESIAN_POINT('',(7.863086492835E-03,5.57630709112E-02,
    -1.89029517255E-03));
#2058 = CARTESIAN_POINT('',(5.594416959641E-03,9.160924192655E-02,
    -3.752746197602E-04));
#2059 = CARTESIAN_POINT('',(3.292590613661E-03,0.127,-1.848878417679E-04
    ));
#2060 = CARTESIAN_POINT('',(4.741990897355E-03,2.032E-02,
    -2.762731306713E-03));
#2061 = CARTESIAN_POINT('',(8.212496625523E-03,5.57630709112E-02,
    -2.282008968874E-03));
#2062 = CARTESIAN_POINT('',(5.878887222525E-03,9.160924192655E-02,
    -6.02259569898E-04));
#2063 = CARTESIAN_POINT('',(3.461346519925E-03,0.127,-3.165608661378E-04
    ));
#2064 = DEFINITIONAL_REPRESENTATION('',(#2065),#2069);
#2065 = LINE('',#2066,#2067);
#2066 = CARTESIAN_POINT('',(26.,0.));
#2067 = VECTOR('',#2068,1.);
#2068 = DIRECTION('',(0.,1.));
#2069 = ( GEOMETRIC_REPRESENTATION_CONTEXT(2) 
PARAMETRIC_REPRESENTATION_CONTEXT() REPRESENTATION_CONTEXT('2D SPACE',''
  ) );
#2070 = ORIENTED_EDGE('',*,*,#2071,.F.);
#2071 = EDGE_CURVE('',#1962,#2039,#2072,.T.);
#2072 = SURFACE_CURVE('',#2073,(#2076,#2083),.PCURVE_S1.);
#2073 = B_SPLINE_CURVE_WITH_KNOTS('',1,(#2074,#2075),.UNSPECIFIED.,.F.,
  .F.,(2,2),(25.,26.),.PIECEWISE_BEZIER_KNOTS.);
#2074 = CARTESIAN_POINT('',(3.051700270802E-03,0.127,-5.092176559088E-05
    ));
#2075 = CARTESIAN_POINT('',(3.292590613661E-03,0.127,-1.848878417679E-04
    ));
#2076 = PCURVE('',#1978,#2077);
#2077 = DEFINITIONAL_REPRESENTATION('',(#2078),#2082);
#2078 = LINE('',#2079,#2080);
#2079 = CARTESIAN_POINT('',(0.,1.));
#2080 = VECTOR('',#2081,1.);
#2081 = DIRECTION('',(1.,0.));
#2082 = ( GEOMETRIC_REPRESENTATION_CONTEXT(2) 
PARAMETRIC_REPRESENTATION_CONTEXT() REPRESENTATION_CONTEXT('2D SPACE',''
  ) );
#2083 = PCURVE('',#124,#2084);
#2084 = DEFINITIONAL_REPRESENTATION('',(#2085),#2088);
#2085 = B_SPLINE_CURVE_WITH_KNOTS('',1,(#2086,#2087),.UNSPECIFIED.,.F.,
  .F.,(2,2),(25.,26.),.PIECEWISE_BEZIER_KNOTS.);
#2086 = CARTESIAN_POINT('',(1.142986030737E-02,4.273695166108E-04));
#2087 = CARTESIAN_POINT('',(1.168869848272E-02,3.326179159502E-04));
#2088 = ( GEOMETRIC_REPRESENTATION_CONTEXT(2) 
PARAMETRIC_REPRESENTATION_CONTEXT() REPRESENTATION_CONTEXT('2D SPACE',''
  ) );
#2089 = ORIENTED_EDGE('',*,*,#1961,.F.);
#2090 = ADVANCED_FACE('',(#2091),#2055,.T.);
#2091 = FACE_BOUND('',#2092,.T.);
#2092 = EDGE_LOOP('',(#2093,#2114,#2147,#2166));
#2093 = ORIENTED_EDGE('',*,*,#2094,.T.);
#2094 = EDGE_CURVE('',#2018,#2095,#2097,.T.);
#2095 = VERTEX_POINT('',#2096);
#2096 = CARTESIAN_POINT('',(4.741990897355E-03,2.032E-02,
    -2.762731306713E-03));
#2097 = SURFACE_CURVE('',#2098,(#2101,#2108),.PCURVE_S1.);
#2098 = B_SPLINE_CURVE_WITH_KNOTS('',1,(#2099,#2100),.UNSPECIFIED.,.F.,
  .F.,(2,2),(26.,27.),.PIECEWISE_BEZIER_KNOTS.);
#2099 = CARTESIAN_POINT('',(4.588363475336E-03,2.032E-02,
    -2.461696124987E-03));
#2100 = CARTESIAN_POINT('',(4.741990897355E-03,2.032E-02,
    -2.762731306713E-03));
#2101 = PCURVE('',#2055,#2102);
#2102 = DEFINITIONAL_REPRESENTATION('',(#2103),#2107);
#2103 = LINE('',#2104,#2105);
#2104 = CARTESIAN_POINT('',(0.,0.));
#2105 = VECTOR('',#2106,1.);
#2106 = DIRECTION('',(1.,0.));
#2107 = ( GEOMETRIC_REPRESENTATION_CONTEXT(2) 
PARAMETRIC_REPRESENTATION_CONTEXT() REPRESENTATION_CONTEXT('2D SPACE',''
  ) );
#2108 = PCURVE('',#65,#2109);
#2109 = DEFINITIONAL_REPRESENTATION('',(#2110),#2113);
#2110 = B_SPLINE_CURVE_WITH_KNOTS('',1,(#2111,#2112),.UNSPECIFIED.,.F.,
  .F.,(2,2),(26.,27.),.PIECEWISE_BEZIER_KNOTS.);
#2111 = CARTESIAN_POINT('',(1.845583970956E-02,5.251861830792E-04));
#2112 = CARTESIAN_POINT('',(1.875146445015E-02,3.613888137908E-04));
#2113 = ( GEOMETRIC_REPRESENTATION_CONTEXT(2) 
PARAMETRIC_REPRESENTATION_CONTEXT() REPRESENTATION_CONTEXT('2D SPACE',''
  ) );
#2114 = ORIENTED_EDGE('',*,*,#2115,.T.);
#2115 = EDGE_CURVE('',#2095,#2116,#2118,.T.);
#2116 = VERTEX_POINT('',#2117);
#2117 = CARTESIAN_POINT('',(3.461346519925E-03,0.127,-3.165608661378E-04
    ));
#2118 = SURFACE_CURVE('',#2119,(#2124,#2131),.PCURVE_S1.);
#2119 = ( BOUNDED_CURVE() B_SPLINE_CURVE(3,(#2120,#2121,#2122,#2123),
.UNSPECIFIED.,.F.,.F.) B_SPLINE_CURVE_WITH_KNOTS((4,4),(0.,1.),
.PIECEWISE_BEZIER_KNOTS.) CURVE() GEOMETRIC_REPRESENTATION_ITEM() 
RATIONAL_B_SPLINE_CURVE((1.,1.,1.,1.)) REPRESENTATION_ITEM('') );
#2120 = CARTESIAN_POINT('',(4.741990897355E-03,2.032E-02,
    -2.762731306713E-03));
#2121 = CARTESIAN_POINT('',(8.212496625523E-03,5.57630709112E-02,
    -2.282008968874E-03));
#2122 = CARTESIAN_POINT('',(5.878887222525E-03,9.160924192655E-02,
    -6.02259569898E-04));
#2123 = CARTESIAN_POINT('',(3.461346519925E-03,0.127,-3.165608661378E-04
    ));
#2124 = PCURVE('',#2055,#2125);
#2125 = DEFINITIONAL_REPRESENTATION('',(#2126),#2130);
#2126 = LINE('',#2127,#2128);
#2127 = CARTESIAN_POINT('',(27.,0.));
#2128 = VECTOR('',#2129,1.);
#2129 = DIRECTION('',(0.,1.));
#2130 = ( GEOMETRIC_REPRESENTATION_CONTEXT(2) 
PARAMETRIC_REPRESENTATION_CONTEXT() REPRESENTATION_CONTEXT('2D SPACE',''
  ) );
#2131 = PCURVE('',#2132,#2141);
#2132 = ( BOUNDED_SURFACE() B_SPLINE_SURFACE(1,3,(
    (#2133,#2134,#2135,#2136)
    ,(#2137,#2138,#2139,#2140
)),.UNSPECIFIED.,.F.,.F.,.F.) B_SPLINE_SURFACE_WITH_KNOTS((2,2),(4,4),(
    27.,28.),(0.,1.),.PIECEWISE_BEZIER_KNOTS.) 
GEOMETRIC_REPRESENTATION_ITEM() RATIONAL_B_SPLINE_SURFACE((
    (1.,1.,1.,1.)
,(1.,1.,1.,1.))) REPRESENTATION_ITEM('') SURFACE() );
#2133 = CARTESIAN_POINT('',(4.741990897355E-03,2.032E-02,
    -2.762731306713E-03));
#2134 = CARTESIAN_POINT('',(8.212496625523E-03,5.57630709112E-02,
    -2.282008968874E-03));
#2135 = CARTESIAN_POINT('',(5.878887222525E-03,9.160924192655E-02,
    -6.02259569898E-04));
#2136 = CARTESIAN_POINT('',(3.461346519925E-03,0.127,-3.165608661378E-04
    ));
#2137 = CARTESIAN_POINT('',(4.792146181564E-03,2.032E-02,
    -3.008334961154E-03));
#2138 = CARTESIAN_POINT('',(8.384618746849E-03,5.57630709112E-02,
    -2.631218162733E-03));
#2139 = CARTESIAN_POINT('',(6.037234358781E-03,9.160924192655E-02,
    -8.20862287105E-04));
#2140 = CARTESIAN_POINT('',(3.555873238891E-03,0.127,-4.441116442975E-04
    ));
#2141 = DEFINITIONAL_REPRESENTATION('',(#2142),#2146);
#2142 = LINE('',#2143,#2144);
#2143 = CARTESIAN_POINT('',(27.,0.));
#2144 = VECTOR('',#2145,1.);
#2145 = DIRECTION('',(0.,1.));
#2146 = ( GEOMETRIC_REPRESENTATION_CONTEXT(2) 
PARAMETRIC_REPRESENTATION_CONTEXT() REPRESENTATION_CONTEXT('2D SPACE',''
  ) );
#2147 = ORIENTED_EDGE('',*,*,#2148,.F.);
#2148 = EDGE_CURVE('',#2039,#2116,#2149,.T.);
#2149 = SURFACE_CURVE('',#2150,(#2153,#2160),.PCURVE_S1.);
#2150 = B_SPLINE_CURVE_WITH_KNOTS('',1,(#2151,#2152),.UNSPECIFIED.,.F.,
  .F.,(2,2),(26.,27.),.PIECEWISE_BEZIER_KNOTS.);
#2151 = CARTESIAN_POINT('',(3.292590613661E-03,0.127,-1.848878417679E-04
    ));
#2152 = CARTESIAN_POINT('',(3.461346519925E-03,0.127,-3.165608661378E-04
    ));
#2153 = PCURVE('',#2055,#2154);
#2154 = DEFINITIONAL_REPRESENTATION('',(#2155),#2159);
#2155 = LINE('',#2156,#2157);
#2156 = CARTESIAN_POINT('',(0.,1.));
#2157 = VECTOR('',#2158,1.);
#2158 = DIRECTION('',(1.,0.));
#2159 = ( GEOMETRIC_REPRESENTATION_CONTEXT(2) 
PARAMETRIC_REPRESENTATION_CONTEXT() REPRESENTATION_CONTEXT('2D SPACE',''
  ) );
#2160 = PCURVE('',#124,#2161);
#2161 = DEFINITIONAL_REPRESENTATION('',(#2162),#2165);
#2162 = B_SPLINE_CURVE_WITH_KNOTS('',1,(#2163,#2164),.UNSPECIFIED.,.F.,
  .F.,(2,2),(26.,27.),.PIECEWISE_BEZIER_KNOTS.);
#2163 = CARTESIAN_POINT('',(1.168869848272E-02,3.326179159502E-04));
#2164 = CARTESIAN_POINT('',(1.187592748509E-02,2.288795820675E-04));
#2165 = ( GEOMETRIC_REPRESENTATION_CONTEXT(2) 
PARAMETRIC_REPRESENTATION_CONTEXT() REPRESENTATION_CONTEXT('2D SPACE',''
  ) );
#2166 = ORIENTED_EDGE('',*,*,#2038,.F.);
#2167 = ADVANCED_FACE('',(#2168),#2132,.T.);
#2168 = FACE_BOUND('',#2169,.T.);
#2169 = EDGE_LOOP('',(#2170,#2191,#2224,#2243));
#2170 = ORIENTED_EDGE('',*,*,#2171,.T.);
#2171 = EDGE_CURVE('',#2095,#2172,#2174,.T.);
#2172 = VERTEX_POINT('',#2173);
#2173 = CARTESIAN_POINT('',(4.792146181564E-03,2.032E-02,
    -3.008334961154E-03));
#2174 = SURFACE_CURVE('',#2175,(#2178,#2185),.PCURVE_S1.);
#2175 = B_SPLINE_CURVE_WITH_KNOTS('',1,(#2176,#2177),.UNSPECIFIED.,.F.,
  .F.,(2,2),(27.,28.),.PIECEWISE_BEZIER_KNOTS.);
#2176 = CARTESIAN_POINT('',(4.741990897355E-03,2.032E-02,
    -2.762731306713E-03));
#2177 = CARTESIAN_POINT('',(4.792146181564E-03,2.032E-02,
    -3.008334961154E-03));
#2178 = PCURVE('',#2132,#2179);
#2179 = DEFINITIONAL_REPRESENTATION('',(#2180),#2184);
#2180 = LINE('',#2181,#2182);
#2181 = CARTESIAN_POINT('',(0.,0.));
#2182 = VECTOR('',#2183,1.);
#2183 = DIRECTION('',(1.,0.));
#2184 = ( GEOMETRIC_REPRESENTATION_CONTEXT(2) 
PARAMETRIC_REPRESENTATION_CONTEXT() REPRESENTATION_CONTEXT('2D SPACE',''
  ) );
#2185 = PCURVE('',#65,#2186);
#2186 = DEFINITIONAL_REPRESENTATION('',(#2187),#2190);
#2187 = B_SPLINE_CURVE_WITH_KNOTS('',1,(#2188,#2189),.UNSPECIFIED.,.F.,
  .F.,(2,2),(27.,28.),.PIECEWISE_BEZIER_KNOTS.);
#2188 = CARTESIAN_POINT('',(1.875146445015E-02,3.613888137908E-04));
#2189 = CARTESIAN_POINT('',(1.893030454962E-02,1.857388026052E-04));
#2190 = ( GEOMETRIC_REPRESENTATION_CONTEXT(2) 
PARAMETRIC_REPRESENTATION_CONTEXT() REPRESENTATION_CONTEXT('2D SPACE',''
  ) );
#2191 = ORIENTED_EDGE('',*,*,#2192,.T.);
#2192 = EDGE_CURVE('',#2172,#2193,#2195,.T.);
#2193 = VERTEX_POINT('',#2194);
#2194 = CARTESIAN_POINT('',(3.555873238891E-03,0.127,-4.441116442975E-04
    ));
#2195 = SURFACE_CURVE('',#2196,(#2201,#2208),.PCURVE_S1.);
#2196 = ( BOUNDED_CURVE() B_SPLINE_CURVE(3,(#2197,#2198,#2199,#2200),
.UNSPECIFIED.,.F.,.F.) B_SPLINE_CURVE_WITH_KNOTS((4,4),(0.,1.),
.PIECEWISE_BEZIER_KNOTS.) CURVE() GEOMETRIC_REPRESENTATION_ITEM() 
RATIONAL_B_SPLINE_CURVE((1.,1.,1.,1.)) REPRESENTATION_ITEM('') );
#2197 = CARTESIAN_POINT('',(4.792146181564E-03,2.032E-02,
    -3.008334961154E-03));
#2198 = CARTESIAN_POINT('',(8.384618746849E-03,5.57630709112E-02,
    -2.631218162733E-03));
#2199 = CARTESIAN_POINT('',(6.037234358781E-03,9.160924192655E-02,
    -8.20862287105E-04));
#2200 = CARTESIAN_POINT('',(3.555873238891E-03,0.127,-4.441116442975E-04
    ));
#2201 = PCURVE('',#2132,#2202);
#2202 = DEFINITIONAL_REPRESENTATION('',(#2203),#2207);
#2203 = LINE('',#2204,#2205);
#2204 = CARTESIAN_POINT('',(28.,0.));
#2205 = VECTOR('',#2206,1.);
#2206 = DIRECTION('',(0.,1.));
#2207 = ( GEOMETRIC_REPRESENTATION_CONTEXT(2) 
PARAMETRIC_REPRESENTATION_CONTEXT() REPRESENTATION_CONTEXT('2D SPACE',''
  ) );
#2208 = PCURVE('',#2209,#2218);
#2209 = ( BOUNDED_SURFACE() B_SPLINE_SURFACE(1,3,(
    (#2210,#2211,#2212,#2213)
    ,(#2214,#2215,#2216,#2217
)),.UNSPECIFIED.,.F.,.F.,.F.) B_SPLINE_SURFACE_WITH_KNOTS((2,2),(4,4),(
    28.,29.),(0.,1.),.PIECEWISE_BEZIER_KNOTS.) 
GEOMETRIC_REPRESENTATION_ITEM() RATIONAL_B_SPLINE_SURFACE((
    (1.,1.,1.,1.)
,(1.,1.,1.,1.))) REPRESENTATION_ITEM('') SURFACE() );
#2210 = CARTESIAN_POINT('',(4.792146181564E-03,2.032E-02,
    -3.008334961154E-03));
#2211 = CARTESIAN_POINT('',(8.384618746849E-03,5.57630709112E-02,
    -2.631218162733E-03));
#2212 = CARTESIAN_POINT('',(6.037234358781E-03,9.160924192655E-02,
    -8.20862287105E-04));
#2213 = CARTESIAN_POINT('',(3.555873238891E-03,0.127,-4.441116442975E-04
    ));
#2214 = CARTESIAN_POINT('',(4.737949727152E-03,2.032E-02,
    -3.195787443335E-03));
#2215 = CARTESIAN_POINT('',(8.377059824416E-03,5.57630709112E-02,
    -2.934183601735E-03));
#2216 = CARTESIAN_POINT('',(6.067386943957E-03,9.160924192655E-02,
    -1.02880620756E-03));
#2217 = CARTESIAN_POINT('',(3.574937948784E-03,0.127,-5.662145462131E-04
    ));
#2218 = DEFINITIONAL_REPRESENTATION('',(#2219),#2223);
#2219 = LINE('',#2220,#2221);
#2220 = CARTESIAN_POINT('',(28.,0.));
#2221 = VECTOR('',#2222,1.);
#2222 = DIRECTION('',(0.,1.));
#2223 = ( GEOMETRIC_REPRESENTATION_CONTEXT(2) 
PARAMETRIC_REPRESENTATION_CONTEXT() REPRESENTATION_CONTEXT('2D SPACE',''
  ) );
#2224 = ORIENTED_EDGE('',*,*,#2225,.F.);
#2225 = EDGE_CURVE('',#2116,#2193,#2226,.T.);
#2226 = SURFACE_CURVE('',#2227,(#2230,#2237),.PCURVE_S1.);
#2227 = B_SPLINE_CURVE_WITH_KNOTS('',1,(#2228,#2229),.UNSPECIFIED.,.F.,
  .F.,(2,2),(27.,28.),.PIECEWISE_BEZIER_KNOTS.);
#2228 = CARTESIAN_POINT('',(3.461346519925E-03,0.127,-3.165608661378E-04
    ));
#2229 = CARTESIAN_POINT('',(3.555873238891E-03,0.127,-4.441116442975E-04
    ));
#2230 = PCURVE('',#2132,#2231);
#2231 = DEFINITIONAL_REPRESENTATION('',(#2232),#2236);
#2232 = LINE('',#2233,#2234);
#2233 = CARTESIAN_POINT('',(0.,1.));
#2234 = VECTOR('',#2235,1.);
#2235 = DIRECTION('',(1.,0.));
#2236 = ( GEOMETRIC_REPRESENTATION_CONTEXT(2) 
PARAMETRIC_REPRESENTATION_CONTEXT() REPRESENTATION_CONTEXT('2D SPACE',''
  ) );
#2237 = PCURVE('',#124,#2238);
#2238 = DEFINITIONAL_REPRESENTATION('',(#2239),#2242);
#2239 = B_SPLINE_CURVE_WITH_KNOTS('',1,(#2240,#2241),.UNSPECIFIED.,.F.,
  .F.,(2,2),(27.,28.),.PIECEWISE_BEZIER_KNOTS.);
#2240 = CARTESIAN_POINT('',(1.187592748509E-02,2.288795820675E-04));
#2241 = CARTESIAN_POINT('',(1.198919288143E-02,1.176345749833E-04));
#2242 = ( GEOMETRIC_REPRESENTATION_CONTEXT(2) 
PARAMETRIC_REPRESENTATION_CONTEXT() REPRESENTATION_CONTEXT('2D SPACE',''
  ) );
#2243 = ORIENTED_EDGE('',*,*,#2115,.F.);
#2244 = ADVANCED_FACE('',(#2245),#2209,.T.);
#2245 = FACE_BOUND('',#2246,.T.);
#2246 = EDGE_LOOP('',(#2247,#2268,#2301,#2320));
#2247 = ORIENTED_EDGE('',*,*,#2248,.T.);
#2248 = EDGE_CURVE('',#2172,#2249,#2251,.T.);
#2249 = VERTEX_POINT('',#2250);
#2250 = CARTESIAN_POINT('',(4.737949727152E-03,2.032E-02,
    -3.195787443335E-03));
#2251 = SURFACE_CURVE('',#2252,(#2255,#2262),.PCURVE_S1.);
#2252 = B_SPLINE_CURVE_WITH_KNOTS('',1,(#2253,#2254),.UNSPECIFIED.,.F.,
  .F.,(2,2),(28.,29.),.PIECEWISE_BEZIER_KNOTS.);
#2253 = CARTESIAN_POINT('',(4.792146181564E-03,2.032E-02,
    -3.008334961154E-03));
#2254 = CARTESIAN_POINT('',(4.737949727152E-03,2.032E-02,
    -3.195787443335E-03));
#2255 = PCURVE('',#2209,#2256);
#2256 = DEFINITIONAL_REPRESENTATION('',(#2257),#2261);
#2257 = LINE('',#2258,#2259);
#2258 = CARTESIAN_POINT('',(0.,0.));
#2259 = VECTOR('',#2260,1.);
#2260 = DIRECTION('',(1.,0.));
#2261 = ( GEOMETRIC_REPRESENTATION_CONTEXT(2) 
PARAMETRIC_REPRESENTATION_CONTEXT() REPRESENTATION_CONTEXT('2D SPACE',''
  ) );
#2262 = PCURVE('',#65,#2263);
#2263 = DEFINITIONAL_REPRESENTATION('',(#2264),#2267);
#2264 = B_SPLINE_CURVE_WITH_KNOTS('',1,(#2265,#2266),.UNSPECIFIED.,.F.,
  .F.,(2,2),(28.,29.),.PIECEWISE_BEZIER_KNOTS.);
#2265 = CARTESIAN_POINT('',(1.893030454962E-02,1.857388026052E-04));
#2266 = CARTESIAN_POINT('',(1.899011078636E-02,0.));
#2267 = ( GEOMETRIC_REPRESENTATION_CONTEXT(2) 
PARAMETRIC_REPRESENTATION_CONTEXT() REPRESENTATION_CONTEXT('2D SPACE',''
  ) );
#2268 = ORIENTED_EDGE('',*,*,#2269,.T.);
#2269 = EDGE_CURVE('',#2249,#2270,#2272,.T.);
#2270 = VERTEX_POINT('',#2271);
#2271 = CARTESIAN_POINT('',(3.574937948784E-03,0.127,-5.662145462131E-04
    ));
#2272 = SURFACE_CURVE('',#2273,(#2278,#2285),.PCURVE_S1.);
#2273 = ( BOUNDED_CURVE() B_SPLINE_CURVE(3,(#2274,#2275,#2276,#2277),
.UNSPECIFIED.,.F.,.F.) B_SPLINE_CURVE_WITH_KNOTS((4,4),(0.,1.),
.PIECEWISE_BEZIER_KNOTS.) CURVE() GEOMETRIC_REPRESENTATION_ITEM() 
RATIONAL_B_SPLINE_CURVE((1.,1.,1.,1.)) REPRESENTATION_ITEM('') );
#2274 = CARTESIAN_POINT('',(4.737949727152E-03,2.032E-02,
    -3.195787443335E-03));
#2275 = CARTESIAN_POINT('',(8.377059824416E-03,5.57630709112E-02,
    -2.934183601735E-03));
#2276 = CARTESIAN_POINT('',(6.067386943957E-03,9.160924192655E-02,
    -1.02880620756E-03));
#2277 = CARTESIAN_POINT('',(3.574937948784E-03,0.127,-5.662145462131E-04
    ));
#2278 = PCURVE('',#2209,#2279);
#2279 = DEFINITIONAL_REPRESENTATION('',(#2280),#2284);
#2280 = LINE('',#2281,#2282);
#2281 = CARTESIAN_POINT('',(29.,0.));
#2282 = VECTOR('',#2283,1.);
#2283 = DIRECTION('',(0.,1.));
#2284 = ( GEOMETRIC_REPRESENTATION_CONTEXT(2) 
PARAMETRIC_REPRESENTATION_CONTEXT() REPRESENTATION_CONTEXT('2D SPACE',''
  ) );
#2285 = PCURVE('',#2286,#2295);
#2286 = ( BOUNDED_SURFACE() B_SPLINE_SURFACE(1,3,(
    (#2287,#2288,#2289,#2290)
    ,(#2291,#2292,#2293,#2294
)),.UNSPECIFIED.,.F.,.F.,.F.) B_SPLINE_SURFACE_WITH_KNOTS((2,2),(4,4),(
    29.,30.),(0.,1.),.PIECEWISE_BEZIER_KNOTS.) 
GEOMETRIC_REPRESENTATION_ITEM() RATIONAL_B_SPLINE_SURFACE((
    (1.,1.,1.,1.)
,(1.,1.,1.,1.))) REPRESENTATION_ITEM('') SURFACE() );
#2287 = CARTESIAN_POINT('',(4.737949727152E-03,2.032E-02,
    -3.195787443335E-03));
#2288 = CARTESIAN_POINT('',(8.377059824416E-03,5.57630709112E-02,
    -2.934183601735E-03));
#2289 = CARTESIAN_POINT('',(6.067386943957E-03,9.160924192655E-02,
    -1.02880620756E-03));
#2290 = CARTESIAN_POINT('',(3.574937948784E-03,0.127,-5.662145462131E-04
    ));
#2291 = CARTESIAN_POINT('',(4.584449161338E-03,2.032E-02,
    -3.316258456618E-03));
#2292 = CARTESIAN_POINT('',(8.193923589025E-03,5.57630709112E-02,
    -3.175650605328E-03));
#2293 = CARTESIAN_POINT('',(5.9703713438E-03,9.160924192655E-02,
    -1.215187069702E-03));
#2294 = CARTESIAN_POINT('',(3.519074460455E-03,0.127,-6.764499873888E-04
    ));
#2295 = DEFINITIONAL_REPRESENTATION('',(#2296),#2300);
#2296 = LINE('',#2297,#2298);
#2297 = CARTESIAN_POINT('',(29.,0.));
#2298 = VECTOR('',#2299,1.);
#2299 = DIRECTION('',(0.,1.));
#2300 = ( GEOMETRIC_REPRESENTATION_CONTEXT(2) 
PARAMETRIC_REPRESENTATION_CONTEXT() REPRESENTATION_CONTEXT('2D SPACE',''
  ) );
#2301 = ORIENTED_EDGE('',*,*,#2302,.F.);
#2302 = EDGE_CURVE('',#2193,#2270,#2303,.T.);
#2303 = SURFACE_CURVE('',#2304,(#2307,#2314),.PCURVE_S1.);
#2304 = B_SPLINE_CURVE_WITH_KNOTS('',1,(#2305,#2306),.UNSPECIFIED.,.F.,
  .F.,(2,2),(28.,29.),.PIECEWISE_BEZIER_KNOTS.);
#2305 = CARTESIAN_POINT('',(3.555873238891E-03,0.127,-4.441116442975E-04
    ));
#2306 = CARTESIAN_POINT('',(3.574937948784E-03,0.127,-5.662145462131E-04
    ));
#2307 = PCURVE('',#2209,#2308);
#2308 = DEFINITIONAL_REPRESENTATION('',(#2309),#2313);
#2309 = LINE('',#2310,#2311);
#2310 = CARTESIAN_POINT('',(0.,1.));
#2311 = VECTOR('',#2312,1.);
#2312 = DIRECTION('',(1.,0.));
#2313 = ( GEOMETRIC_REPRESENTATION_CONTEXT(2) 
PARAMETRIC_REPRESENTATION_CONTEXT() REPRESENTATION_CONTEXT('2D SPACE',''
  ) );
#2314 = PCURVE('',#124,#2315);
#2315 = DEFINITIONAL_REPRESENTATION('',(#2316),#2319);
#2316 = B_SPLINE_CURVE_WITH_KNOTS('',1,(#2317,#2318),.UNSPECIFIED.,.F.,
  .F.,(2,2),(28.,29.),.PIECEWISE_BEZIER_KNOTS.);
#2317 = CARTESIAN_POINT('',(1.198919288143E-02,1.176345749833E-04));
#2318 = CARTESIAN_POINT('',(1.20270701647E-02,-1.084202172486E-19));
#2319 = ( GEOMETRIC_REPRESENTATION_CONTEXT(2) 
PARAMETRIC_REPRESENTATION_CONTEXT() REPRESENTATION_CONTEXT('2D SPACE',''
  ) );
#2320 = ORIENTED_EDGE('',*,*,#2192,.F.);
#2321 = ADVANCED_FACE('',(#2322),#2286,.T.);
#2322 = FACE_BOUND('',#2323,.T.);
#2323 = EDGE_LOOP('',(#2324,#2345,#2378,#2397));
#2324 = ORIENTED_EDGE('',*,*,#2325,.T.);
#2325 = EDGE_CURVE('',#2249,#2326,#2328,.T.);
#2326 = VERTEX_POINT('',#2327);
#2327 = CARTESIAN_POINT('',(4.584449161338E-03,2.032E-02,
    -3.316258456618E-03));
#2328 = SURFACE_CURVE('',#2329,(#2332,#2339),.PCURVE_S1.);
#2329 = B_SPLINE_CURVE_WITH_KNOTS('',1,(#2330,#2331),.UNSPECIFIED.,.F.,
  .F.,(2,2),(29.,30.),.PIECEWISE_BEZIER_KNOTS.);
#2330 = CARTESIAN_POINT('',(4.737949727152E-03,2.032E-02,
    -3.195787443335E-03));
#2331 = CARTESIAN_POINT('',(4.584449161338E-03,2.032E-02,
    -3.316258456618E-03));
#2332 = PCURVE('',#2286,#2333);
#2333 = DEFINITIONAL_REPRESENTATION('',(#2334),#2338);
#2334 = LINE('',#2335,#2336);
#2335 = CARTESIAN_POINT('',(0.,0.));
#2336 = VECTOR('',#2337,1.);
#2337 = DIRECTION('',(1.,0.));
#2338 = ( GEOMETRIC_REPRESENTATION_CONTEXT(2) 
PARAMETRIC_REPRESENTATION_CONTEXT() REPRESENTATION_CONTEXT('2D SPACE',''
  ) );
#2339 = PCURVE('',#65,#2340);
#2340 = DEFINITIONAL_REPRESENTATION('',(#2341),#2344);
#2341 = B_SPLINE_CURVE_WITH_KNOTS('',1,(#2342,#2343),.UNSPECIFIED.,.F.,
  .F.,(2,2),(29.,30.),.PIECEWISE_BEZIER_KNOTS.);
#2342 = CARTESIAN_POINT('',(1.899011078636E-02,0.));
#2343 = CARTESIAN_POINT('',(1.893013463411E-02,-1.856840055238E-04));
#2344 = ( GEOMETRIC_REPRESENTATION_CONTEXT(2) 
PARAMETRIC_REPRESENTATION_CONTEXT() REPRESENTATION_CONTEXT('2D SPACE',''
  ) );
#2345 = ORIENTED_EDGE('',*,*,#2346,.T.);
#2346 = EDGE_CURVE('',#2326,#2347,#2349,.T.);
#2347 = VERTEX_POINT('',#2348);
#2348 = CARTESIAN_POINT('',(3.519074460455E-03,0.127,-6.764499873888E-04
    ));
#2349 = SURFACE_CURVE('',#2350,(#2355,#2362),.PCURVE_S1.);
#2350 = ( BOUNDED_CURVE() B_SPLINE_CURVE(3,(#2351,#2352,#2353,#2354),
.UNSPECIFIED.,.F.,.F.) B_SPLINE_CURVE_WITH_KNOTS((4,4),(0.,1.),
.PIECEWISE_BEZIER_KNOTS.) CURVE() GEOMETRIC_REPRESENTATION_ITEM() 
RATIONAL_B_SPLINE_CURVE((1.,1.,1.,1.)) REPRESENTATION_ITEM('') );
#2351 = CARTESIAN_POINT('',(4.584449161338E-03,2.032E-02,
    -3.316258456618E-03));
#2352 = CARTESIAN_POINT('',(8.193923589025E-03,5.57630709112E-02,
    -3.175650605328E-03));
#2353 = CARTESIAN_POINT('',(5.9703713438E-03,9.160924192655E-02,
    -1.215187069702E-03));
#2354 = CARTESIAN_POINT('',(3.519074460455E-03,0.127,-6.764499873888E-04
    ));
#2355 = PCURVE('',#2286,#2356);
#2356 = DEFINITIONAL_REPRESENTATION('',(#2357),#2361);
#2357 = LINE('',#2358,#2359);
#2358 = CARTESIAN_POINT('',(30.,0.));
#2359 = VECTOR('',#2360,1.);
#2360 = DIRECTION('',(0.,1.));
#2361 = ( GEOMETRIC_REPRESENTATION_CONTEXT(2) 
PARAMETRIC_REPRESENTATION_CONTEXT() REPRESENTATION_CONTEXT('2D SPACE',''
  ) );
#2362 = PCURVE('',#2363,#2372);
#2363 = ( BOUNDED_SURFACE() B_SPLINE_SURFACE(1,3,(
    (#2364,#2365,#2366,#2367)
    ,(#2368,#2369,#2370,#2371
)),.UNSPECIFIED.,.F.,.F.,.F.) B_SPLINE_SURFACE_WITH_KNOTS((2,2),(4,4),(
    30.,31.),(0.,1.),.PIECEWISE_BEZIER_KNOTS.) 
GEOMETRIC_REPRESENTATION_ITEM() RATIONAL_B_SPLINE_SURFACE((
    (1.,1.,1.,1.)
,(1.,1.,1.,1.))) REPRESENTATION_ITEM('') SURFACE() );
#2364 = CARTESIAN_POINT('',(4.584449161338E-03,2.032E-02,
    -3.316258456618E-03));
#2365 = CARTESIAN_POINT('',(8.193923589025E-03,5.57630709112E-02,
    -3.175650605328E-03));
#2366 = CARTESIAN_POINT('',(5.9703713438E-03,9.160924192655E-02,
    -1.215187069702E-03));
#2367 = CARTESIAN_POINT('',(3.519074460455E-03,0.127,-6.764499873888E-04
    ));
#2368 = CARTESIAN_POINT('',(4.337940918158E-03,2.032E-02,
    -3.361760035199E-03));
#2369 = CARTESIAN_POINT('',(7.841521758057E-03,5.57630709112E-02,
    -3.34113787147E-03));
#2370 = CARTESIAN_POINT('',(5.74881313777E-03,9.160924192655E-02,
    -1.369371779942E-03));
#2371 = CARTESIAN_POINT('',(3.389758850321E-03,0.127,-7.685476235331E-04
    ));
#2372 = DEFINITIONAL_REPRESENTATION('',(#2373),#2377);
#2373 = LINE('',#2374,#2375);
#2374 = CARTESIAN_POINT('',(30.,0.));
#2375 = VECTOR('',#2376,1.);
#2376 = DIRECTION('',(0.,1.));
#2377 = ( GEOMETRIC_REPRESENTATION_CONTEXT(2) 
PARAMETRIC_REPRESENTATION_CONTEXT() REPRESENTATION_CONTEXT('2D SPACE',''
  ) );
#2378 = ORIENTED_EDGE('',*,*,#2379,.F.);
#2379 = EDGE_CURVE('',#2270,#2347,#2380,.T.);
#2380 = SURFACE_CURVE('',#2381,(#2384,#2391),.PCURVE_S1.);
#2381 = B_SPLINE_CURVE_WITH_KNOTS('',1,(#2382,#2383),.UNSPECIFIED.,.F.,
  .F.,(2,2),(29.,30.),.PIECEWISE_BEZIER_KNOTS.);
#2382 = CARTESIAN_POINT('',(3.574937948784E-03,0.127,-5.662145462131E-04
    ));
#2383 = CARTESIAN_POINT('',(3.519074460455E-03,0.127,-6.764499873888E-04
    ));
#2384 = PCURVE('',#2286,#2385);
#2385 = DEFINITIONAL_REPRESENTATION('',(#2386),#2390);
#2386 = LINE('',#2387,#2388);
#2387 = CARTESIAN_POINT('',(0.,1.));
#2388 = VECTOR('',#2389,1.);
#2389 = DIRECTION('',(1.,0.));
#2390 = ( GEOMETRIC_REPRESENTATION_CONTEXT(2) 
PARAMETRIC_REPRESENTATION_CONTEXT() REPRESENTATION_CONTEXT('2D SPACE',''
  ) );
#2391 = PCURVE('',#124,#2392);
#2392 = DEFINITIONAL_REPRESENTATION('',(#2393),#2396);
#2393 = B_SPLINE_CURVE_WITH_KNOTS('',1,(#2394,#2395),.UNSPECIFIED.,.F.,
  .F.,(2,2),(29.,30.),.PIECEWISE_BEZIER_KNOTS.);
#2394 = CARTESIAN_POINT('',(1.20270701647E-02,-1.084202172486E-19));
#2395 = CARTESIAN_POINT('',(1.198908526827E-02,-1.17599870165E-04));
#2396 = ( GEOMETRIC_REPRESENTATION_CONTEXT(2) 
PARAMETRIC_REPRESENTATION_CONTEXT() REPRESENTATION_CONTEXT('2D SPACE',''
  ) );
#2397 = ORIENTED_EDGE('',*,*,#2269,.F.);
#2398 = ADVANCED_FACE('',(#2399),#2363,.T.);
#2399 = FACE_BOUND('',#2400,.T.);
#2400 = EDGE_LOOP('',(#2401,#2422,#2455,#2474));
#2401 = ORIENTED_EDGE('',*,*,#2402,.T.);
#2402 = EDGE_CURVE('',#2326,#2403,#2405,.T.);
#2403 = VERTEX_POINT('',#2404);
#2404 = CARTESIAN_POINT('',(4.337940918158E-03,2.032E-02,
    -3.361760035199E-03));
#2405 = SURFACE_CURVE('',#2406,(#2409,#2416),.PCURVE_S1.);
#2406 = B_SPLINE_CURVE_WITH_KNOTS('',1,(#2407,#2408),.UNSPECIFIED.,.F.,
  .F.,(2,2),(30.,31.),.PIECEWISE_BEZIER_KNOTS.);
#2407 = CARTESIAN_POINT('',(4.584449161338E-03,2.032E-02,
    -3.316258456618E-03));
#2408 = CARTESIAN_POINT('',(4.337940918158E-03,2.032E-02,
    -3.361760035199E-03));
#2409 = PCURVE('',#2363,#2410);
#2410 = DEFINITIONAL_REPRESENTATION('',(#2411),#2415);
#2411 = LINE('',#2412,#2413);
#2412 = CARTESIAN_POINT('',(0.,0.));
#2413 = VECTOR('',#2414,1.);
#2414 = DIRECTION('',(1.,0.));
#2415 = ( GEOMETRIC_REPRESENTATION_CONTEXT(2) 
PARAMETRIC_REPRESENTATION_CONTEXT() REPRESENTATION_CONTEXT('2D SPACE',''
  ) );
#2416 = PCURVE('',#65,#2417);
#2417 = DEFINITIONAL_REPRESENTATION('',(#2418),#2421);
#2418 = B_SPLINE_CURVE_WITH_KNOTS('',1,(#2419,#2420),.UNSPECIFIED.,.F.,
  .F.,(2,2),(30.,31.),.PIECEWISE_BEZIER_KNOTS.);
#2419 = CARTESIAN_POINT('',(1.893013463411E-02,-1.856840055238E-04));
#2420 = CARTESIAN_POINT('',(1.875113389962E-02,-3.611703145701E-04));
#2421 = ( GEOMETRIC_REPRESENTATION_CONTEXT(2) 
PARAMETRIC_REPRESENTATION_CONTEXT() REPRESENTATION_CONTEXT('2D SPACE',''
  ) );
#2422 = ORIENTED_EDGE('',*,*,#2423,.T.);
#2423 = EDGE_CURVE('',#2403,#2424,#2426,.T.);
#2424 = VERTEX_POINT('',#2425);
#2425 = CARTESIAN_POINT('',(3.389758850321E-03,0.127,-7.685476235331E-04
    ));
#2426 = SURFACE_CURVE('',#2427,(#2432,#2439),.PCURVE_S1.);
#2427 = ( BOUNDED_CURVE() B_SPLINE_CURVE(3,(#2428,#2429,#2430,#2431),
.UNSPECIFIED.,.F.,.F.) B_SPLINE_CURVE_WITH_KNOTS((4,4),(0.,1.),
.PIECEWISE_BEZIER_KNOTS.) CURVE() GEOMETRIC_REPRESENTATION_ITEM() 
RATIONAL_B_SPLINE_CURVE((1.,1.,1.,1.)) REPRESENTATION_ITEM('') );
#2428 = CARTESIAN_POINT('',(4.337940918158E-03,2.032E-02,
    -3.361760035199E-03));
#2429 = CARTESIAN_POINT('',(7.841521758057E-03,5.57630709112E-02,
    -3.34113787147E-03));
#2430 = CARTESIAN_POINT('',(5.74881313777E-03,9.160924192655E-02,
    -1.369371779942E-03));
#2431 = CARTESIAN_POINT('',(3.389758850321E-03,0.127,-7.685476235331E-04
    ));
#2432 = PCURVE('',#2363,#2433);
#2433 = DEFINITIONAL_REPRESENTATION('',(#2434),#2438);
#2434 = LINE('',#2435,#2436);
#2435 = CARTESIAN_POINT('',(31.,0.));
#2436 = VECTOR('',#2437,1.);
#2437 = DIRECTION('',(0.,1.));
#2438 = ( GEOMETRIC_REPRESENTATION_CONTEXT(2) 
PARAMETRIC_REPRESENTATION_CONTEXT() REPRESENTATION_CONTEXT('2D SPACE',''
  ) );
#2439 = PCURVE('',#2440,#2449);
#2440 = ( BOUNDED_SURFACE() B_SPLINE_SURFACE(1,3,(
    (#2441,#2442,#2443,#2444)
    ,(#2445,#2446,#2447,#2448
)),.UNSPECIFIED.,.F.,.F.,.F.) B_SPLINE_SURFACE_WITH_KNOTS((2,2),(4,4),(
    31.,32.),(0.,1.),.PIECEWISE_BEZIER_KNOTS.) 
GEOMETRIC_REPRESENTATION_ITEM() RATIONAL_B_SPLINE_SURFACE((
    (1.,1.,1.,1.)
,(1.,1.,1.,1.))) REPRESENTATION_ITEM('') SURFACE() );
#2441 = CARTESIAN_POINT('',(4.337940918158E-03,2.032E-02,
    -3.361760035199E-03));
#2442 = CARTESIAN_POINT('',(7.841521758057E-03,5.57630709112E-02,
    -3.34113787147E-03));
#2443 = CARTESIAN_POINT('',(5.74881313777E-03,9.160924192655E-02,
    -1.369371779942E-03));
#2444 = CARTESIAN_POINT('',(3.389758850321E-03,0.127,-7.685476235331E-04
    ));
#2445 = CARTESIAN_POINT('',(4.001276112787E-03,2.032E-02,
    -3.332088933809E-03));
#2446 = CARTESIAN_POINT('',(7.324057492152E-03,5.57630709112E-02,
    -3.429216657609E-03));
#2447 = CARTESIAN_POINT('',(5.405418431522E-03,9.160924192655E-02,
    -1.489893868271E-03));
#2448 = CARTESIAN_POINT('',(3.188573243774E-03,0.127,-8.416276684435E-04
    ));
#2449 = DEFINITIONAL_REPRESENTATION('',(#2450),#2454);
#2450 = LINE('',#2451,#2452);
#2451 = CARTESIAN_POINT('',(31.,0.));
#2452 = VECTOR('',#2453,1.);
#2453 = DIRECTION('',(0.,1.));
#2454 = ( GEOMETRIC_REPRESENTATION_CONTEXT(2) 
PARAMETRIC_REPRESENTATION_CONTEXT() REPRESENTATION_CONTEXT('2D SPACE',''
  ) );
#2455 = ORIENTED_EDGE('',*,*,#2456,.F.);
#2456 = EDGE_CURVE('',#2347,#2424,#2457,.T.);
#2457 = SURFACE_CURVE('',#2458,(#2461,#2468),.PCURVE_S1.);
#2458 = B_SPLINE_CURVE_WITH_KNOTS('',1,(#2459,#2460),.UNSPECIFIED.,.F.,
  .F.,(2,2),(30.,31.),.PIECEWISE_BEZIER_KNOTS.);
#2459 = CARTESIAN_POINT('',(3.519074460455E-03,0.127,-6.764499873888E-04
    ));
#2460 = CARTESIAN_POINT('',(3.389758850321E-03,0.127,-7.685476235331E-04
    ));
#2461 = PCURVE('',#2363,#2462);
#2462 = DEFINITIONAL_REPRESENTATION('',(#2463),#2467);
#2463 = LINE('',#2464,#2465);
#2464 = CARTESIAN_POINT('',(0.,1.));
#2465 = VECTOR('',#2466,1.);
#2466 = DIRECTION('',(1.,0.));
#2467 = ( GEOMETRIC_REPRESENTATION_CONTEXT(2) 
PARAMETRIC_REPRESENTATION_CONTEXT() REPRESENTATION_CONTEXT('2D SPACE',''
  ) );
#2468 = PCURVE('',#124,#2469);
#2469 = DEFINITIONAL_REPRESENTATION('',(#2470),#2473);
#2470 = B_SPLINE_CURVE_WITH_KNOTS('',1,(#2471,#2472),.UNSPECIFIED.,.F.,
  .F.,(2,2),(30.,31.),.PIECEWISE_BEZIER_KNOTS.);
#2471 = CARTESIAN_POINT('',(1.198908526827E-02,-1.17599870165E-04));
#2472 = CARTESIAN_POINT('',(1.187571813643E-02,-2.287411992277E-04));
#2473 = ( GEOMETRIC_REPRESENTATION_CONTEXT(2) 
PARAMETRIC_REPRESENTATION_CONTEXT() REPRESENTATION_CONTEXT('2D SPACE',''
  ) );
#2474 = ORIENTED_EDGE('',*,*,#2346,.F.);
#2475 = ADVANCED_FACE('',(#2476),#2440,.T.);
#2476 = FACE_BOUND('',#2477,.T.);
#2477 = EDGE_LOOP('',(#2478,#2499,#2532,#2551));
#2478 = ORIENTED_EDGE('',*,*,#2479,.T.);
#2479 = EDGE_CURVE('',#2403,#2480,#2482,.T.);
#2480 = VERTEX_POINT('',#2481);
#2481 = CARTESIAN_POINT('',(4.001276112787E-03,2.032E-02,
    -3.332088933809E-03));
#2482 = SURFACE_CURVE('',#2483,(#2486,#2493),.PCURVE_S1.);
#2483 = B_SPLINE_CURVE_WITH_KNOTS('',1,(#2484,#2485),.UNSPECIFIED.,.F.,
  .F.,(2,2),(31.,32.),.PIECEWISE_BEZIER_KNOTS.);
#2484 = CARTESIAN_POINT('',(4.337940918158E-03,2.032E-02,
    -3.361760035199E-03));
#2485 = CARTESIAN_POINT('',(4.001276112787E-03,2.032E-02,
    -3.332088933809E-03));
#2486 = PCURVE('',#2440,#2487);
#2487 = DEFINITIONAL_REPRESENTATION('',(#2488),#2492);
#2488 = LINE('',#2489,#2490);
#2489 = CARTESIAN_POINT('',(0.,0.));
#2490 = VECTOR('',#2491,1.);
#2491 = DIRECTION('',(1.,0.));
#2492 = ( GEOMETRIC_REPRESENTATION_CONTEXT(2) 
PARAMETRIC_REPRESENTATION_CONTEXT() REPRESENTATION_CONTEXT('2D SPACE',''
  ) );
#2493 = PCURVE('',#65,#2494);
#2494 = DEFINITIONAL_REPRESENTATION('',(#2495),#2498);
#2495 = B_SPLINE_CURVE_WITH_KNOTS('',1,(#2496,#2497),.UNSPECIFIED.,.F.,
  .F.,(2,2),(31.,32.),.PIECEWISE_BEZIER_KNOTS.);
#2496 = CARTESIAN_POINT('',(1.875113389962E-02,-3.611703145701E-04));
#2497 = CARTESIAN_POINT('',(1.84553594174E-02,-5.246971353109E-04));
#2498 = ( GEOMETRIC_REPRESENTATION_CONTEXT(2) 
PARAMETRIC_REPRESENTATION_CONTEXT() REPRESENTATION_CONTEXT('2D SPACE',''
  ) );
#2499 = ORIENTED_EDGE('',*,*,#2500,.T.);
#2500 = EDGE_CURVE('',#2480,#2501,#2503,.T.);
#2501 = VERTEX_POINT('',#2502);
#2502 = CARTESIAN_POINT('',(3.188573243774E-03,0.127,-8.416276684435E-04
    ));
#2503 = SURFACE_CURVE('',#2504,(#2509,#2516),.PCURVE_S1.);
#2504 = ( BOUNDED_CURVE() B_SPLINE_CURVE(3,(#2505,#2506,#2507,#2508),
.UNSPECIFIED.,.F.,.F.) B_SPLINE_CURVE_WITH_KNOTS((4,4),(0.,1.),
.PIECEWISE_BEZIER_KNOTS.) CURVE() GEOMETRIC_REPRESENTATION_ITEM() 
RATIONAL_B_SPLINE_CURVE((1.,1.,1.,1.)) REPRESENTATION_ITEM('') );
#2505 = CARTESIAN_POINT('',(4.001276112787E-03,2.032E-02,
    -3.332088933809E-03));
#2506 = CARTESIAN_POINT('',(7.324057492152E-03,5.57630709112E-02,
    -3.429216657609E-03));
#2507 = CARTESIAN_POINT('',(5.405418431522E-03,9.160924192655E-02,
    -1.489893868271E-03));
#2508 = CARTESIAN_POINT('',(3.188573243774E-03,0.127,-8.416276684435E-04
    ));
#2509 = PCURVE('',#2440,#2510);
#2510 = DEFINITIONAL_REPRESENTATION('',(#2511),#2515);
#2511 = LINE('',#2512,#2513);
#2512 = CARTESIAN_POINT('',(32.,0.));
#2513 = VECTOR('',#2514,1.);
#2514 = DIRECTION('',(0.,1.));
#2515 = ( GEOMETRIC_REPRESENTATION_CONTEXT(2) 
PARAMETRIC_REPRESENTATION_CONTEXT() REPRESENTATION_CONTEXT('2D SPACE',''
  ) );
#2516 = PCURVE('',#2517,#2526);
#2517 = ( BOUNDED_SURFACE() B_SPLINE_SURFACE(1,3,(
    (#2518,#2519,#2520,#2521)
    ,(#2522,#2523,#2524,#2525
)),.UNSPECIFIED.,.F.,.F.,.F.) B_SPLINE_SURFACE_WITH_KNOTS((2,2),(4,4),(
    32.,33.),(0.,1.),.PIECEWISE_BEZIER_KNOTS.) 
GEOMETRIC_REPRESENTATION_ITEM() RATIONAL_B_SPLINE_SURFACE((
    (1.,1.,1.,1.)
,(1.,1.,1.,1.))) REPRESENTATION_ITEM('') SURFACE() );
#2518 = CARTESIAN_POINT('',(4.001276112787E-03,2.032E-02,
    -3.332088933809E-03));
#2519 = CARTESIAN_POINT('',(7.324057492152E-03,5.57630709112E-02,
    -3.429216657609E-03));
#2520 = CARTESIAN_POINT('',(5.405418431522E-03,9.160924192655E-02,
    -1.489893868271E-03));
#2521 = CARTESIAN_POINT('',(3.188573243774E-03,0.127,-8.416276684435E-04
    ));
#2522 = CARTESIAN_POINT('',(3.578843447223E-03,2.032E-02,
    -3.227388565786E-03));
#2523 = CARTESIAN_POINT('',(6.648180467647E-03,5.57630709112E-02,
    -3.438373162838E-03));
#2524 = CARTESIAN_POINT('',(4.944555494069E-03,9.160924192655E-02,
    -1.574943524186E-03));
#2525 = CARTESIAN_POINT('',(2.918075119277E-03,0.127,-8.9459776843E-04)
  );
#2526 = DEFINITIONAL_REPRESENTATION('',(#2527),#2531);
#2527 = LINE('',#2528,#2529);
#2528 = CARTESIAN_POINT('',(32.,0.));
#2529 = VECTOR('',#2530,1.);
#2530 = DIRECTION('',(0.,1.));
#2531 = ( GEOMETRIC_REPRESENTATION_CONTEXT(2) 
PARAMETRIC_REPRESENTATION_CONTEXT() REPRESENTATION_CONTEXT('2D SPACE',''
  ) );
#2532 = ORIENTED_EDGE('',*,*,#2533,.F.);
#2533 = EDGE_CURVE('',#2424,#2501,#2534,.T.);
#2534 = SURFACE_CURVE('',#2535,(#2538,#2545),.PCURVE_S1.);
#2535 = B_SPLINE_CURVE_WITH_KNOTS('',1,(#2536,#2537),.UNSPECIFIED.,.F.,
  .F.,(2,2),(31.,32.),.PIECEWISE_BEZIER_KNOTS.);
#2536 = CARTESIAN_POINT('',(3.389758850321E-03,0.127,-7.685476235331E-04
    ));
#2537 = CARTESIAN_POINT('',(3.188573243774E-03,0.127,-8.416276684435E-04
    ));
#2538 = PCURVE('',#2440,#2539);
#2539 = DEFINITIONAL_REPRESENTATION('',(#2540),#2544);
#2540 = LINE('',#2541,#2542);
#2541 = CARTESIAN_POINT('',(0.,1.));
#2542 = VECTOR('',#2543,1.);
#2543 = DIRECTION('',(1.,0.));
#2544 = ( GEOMETRIC_REPRESENTATION_CONTEXT(2) 
PARAMETRIC_REPRESENTATION_CONTEXT() REPRESENTATION_CONTEXT('2D SPACE',''
  ) );
#2545 = PCURVE('',#124,#2546);
#2546 = DEFINITIONAL_REPRESENTATION('',(#2547),#2550);
#2547 = B_SPLINE_CURVE_WITH_KNOTS('',1,(#2548,#2549),.UNSPECIFIED.,.F.,
  .F.,(2,2),(31.,32.),.PIECEWISE_BEZIER_KNOTS.);
#2548 = CARTESIAN_POINT('',(1.187571813643E-02,-2.287411992277E-04));
#2549 = CARTESIAN_POINT('',(1.168839429769E-02,-3.323081856969E-04));
#2550 = ( GEOMETRIC_REPRESENTATION_CONTEXT(2) 
PARAMETRIC_REPRESENTATION_CONTEXT() REPRESENTATION_CONTEXT('2D SPACE',''
  ) );
#2551 = ORIENTED_EDGE('',*,*,#2423,.F.);
#2552 = ADVANCED_FACE('',(#2553),#2517,.T.);
#2553 = FACE_BOUND('',#2554,.T.);
#2554 = EDGE_LOOP('',(#2555,#2576,#2609,#2628));
#2555 = ORIENTED_EDGE('',*,*,#2556,.T.);
#2556 = EDGE_CURVE('',#2480,#2557,#2559,.T.);
#2557 = VERTEX_POINT('',#2558);
#2558 = CARTESIAN_POINT('',(3.578843447223E-03,2.032E-02,
    -3.227388565786E-03));
#2559 = SURFACE_CURVE('',#2560,(#2563,#2570),.PCURVE_S1.);
#2560 = B_SPLINE_CURVE_WITH_KNOTS('',1,(#2561,#2562),.UNSPECIFIED.,.F.,
  .F.,(2,2),(32.,33.),.PIECEWISE_BEZIER_KNOTS.);
#2561 = CARTESIAN_POINT('',(4.001276112787E-03,2.032E-02,
    -3.332088933809E-03));
#2562 = CARTESIAN_POINT('',(3.578843447223E-03,2.032E-02,
    -3.227388565786E-03));
#2563 = PCURVE('',#2517,#2564);
#2564 = DEFINITIONAL_REPRESENTATION('',(#2565),#2569);
#2565 = LINE('',#2566,#2567);
#2566 = CARTESIAN_POINT('',(0.,0.));
#2567 = VECTOR('',#2568,1.);
#2568 = DIRECTION('',(1.,0.));
#2569 = ( GEOMETRIC_REPRESENTATION_CONTEXT(2) 
PARAMETRIC_REPRESENTATION_CONTEXT() REPRESENTATION_CONTEXT('2D SPACE',''
  ) );
#2570 = PCURVE('',#65,#2571);
#2571 = DEFINITIONAL_REPRESENTATION('',(#2572),#2575);
#2572 = B_SPLINE_CURVE_WITH_KNOTS('',1,(#2573,#2574),.UNSPECIFIED.,.F.,
  .F.,(2,2),(32.,33.),.PIECEWISE_BEZIER_KNOTS.);
#2573 = CARTESIAN_POINT('',(1.84553594174E-02,-5.246971353109E-04));
#2574 = CARTESIAN_POINT('',(1.804653084994E-02,-6.739309331765E-04));
#2575 = ( GEOMETRIC_REPRESENTATION_CONTEXT(2) 
PARAMETRIC_REPRESENTATION_CONTEXT() REPRESENTATION_CONTEXT('2D SPACE',''
  ) );
#2576 = ORIENTED_EDGE('',*,*,#2577,.T.);
#2577 = EDGE_CURVE('',#2557,#2578,#2580,.T.);
#2578 = VERTEX_POINT('',#2579);
#2579 = CARTESIAN_POINT('',(2.918075119277E-03,0.127,-8.9459776843E-04)
  );
#2580 = SURFACE_CURVE('',#2581,(#2586,#2593),.PCURVE_S1.);
#2581 = ( BOUNDED_CURVE() B_SPLINE_CURVE(3,(#2582,#2583,#2584,#2585),
.UNSPECIFIED.,.F.,.F.) B_SPLINE_CURVE_WITH_KNOTS((4,4),(0.,1.),
.PIECEWISE_BEZIER_KNOTS.) CURVE() GEOMETRIC_REPRESENTATION_ITEM() 
RATIONAL_B_SPLINE_CURVE((1.,1.,1.,1.)) REPRESENTATION_ITEM('') );
#2582 = CARTESIAN_POINT('',(3.578843447223E-03,2.032E-02,
    -3.227388565786E-03));
#2583 = CARTESIAN_POINT('',(6.648180467647E-03,5.57630709112E-02,
    -3.438373162838E-03));
#2584 = CARTESIAN_POINT('',(4.944555494069E-03,9.160924192655E-02,
    -1.574943524186E-03));
#2585 = CARTESIAN_POINT('',(2.918075119277E-03,0.127,-8.9459776843E-04)
  );
#2586 = PCURVE('',#2517,#2587);
#2587 = DEFINITIONAL_REPRESENTATION('',(#2588),#2592);
#2588 = LINE('',#2589,#2590);
#2589 = CARTESIAN_POINT('',(33.,0.));
#2590 = VECTOR('',#2591,1.);
#2591 = DIRECTION('',(0.,1.));
#2592 = ( GEOMETRIC_REPRESENTATION_CONTEXT(2) 
PARAMETRIC_REPRESENTATION_CONTEXT() REPRESENTATION_CONTEXT('2D SPACE',''
  ) );
#2593 = PCURVE('',#2594,#2603);
#2594 = ( BOUNDED_SURFACE() B_SPLINE_SURFACE(1,3,(
    (#2595,#2596,#2597,#2598)
    ,(#2599,#2600,#2601,#2602
)),.UNSPECIFIED.,.F.,.F.,.F.) B_SPLINE_SURFACE_WITH_KNOTS((2,2),(4,4),(
    33.,34.),(0.,1.),.PIECEWISE_BEZIER_KNOTS.) 
GEOMETRIC_REPRESENTATION_ITEM() RATIONAL_B_SPLINE_SURFACE((
    (1.,1.,1.,1.)
,(1.,1.,1.,1.))) REPRESENTATION_ITEM('') SURFACE() );
#2595 = CARTESIAN_POINT('',(3.578843447223E-03,2.032E-02,
    -3.227388565786E-03));
#2596 = CARTESIAN_POINT('',(6.648180467647E-03,5.57630709112E-02,
    -3.438373162838E-03));
#2597 = CARTESIAN_POINT('',(4.944555494069E-03,9.160924192655E-02,
    -1.574943524186E-03));
#2598 = CARTESIAN_POINT('',(2.918075119277E-03,0.127,-8.9459776843E-04)
  );
#2599 = CARTESIAN_POINT('',(3.076378827472E-03,2.032E-02,
    -3.048347630455E-03));
#2600 = CARTESIAN_POINT('',(5.822779127405E-03,5.57630709112E-02,
    -3.367381942051E-03));
#2601 = CARTESIAN_POINT('',(4.372156302374E-03,9.160924192655E-02,
    -1.622647026559E-03));
#2602 = CARTESIAN_POINT('',(2.581741193852E-03,0.127,-9.26317970951E-04)
  );
#2603 = DEFINITIONAL_REPRESENTATION('',(#2604),#2608);
#2604 = LINE('',#2605,#2606);
#2605 = CARTESIAN_POINT('',(33.,0.));
#2606 = VECTOR('',#2607,1.);
#2607 = DIRECTION('',(0.,1.));
#2608 = ( GEOMETRIC_REPRESENTATION_CONTEXT(2) 
PARAMETRIC_REPRESENTATION_CONTEXT() REPRESENTATION_CONTEXT('2D SPACE',''
  ) );
#2609 = ORIENTED_EDGE('',*,*,#2610,.F.);
#2610 = EDGE_CURVE('',#2501,#2578,#2611,.T.);
#2611 = SURFACE_CURVE('',#2612,(#2615,#2622),.PCURVE_S1.);
#2612 = B_SPLINE_CURVE_WITH_KNOTS('',1,(#2613,#2614),.UNSPECIFIED.,.F.,
  .F.,(2,2),(32.,33.),.PIECEWISE_BEZIER_KNOTS.);
#2613 = CARTESIAN_POINT('',(3.188573243774E-03,0.127,-8.416276684435E-04
    ));
#2614 = CARTESIAN_POINT('',(2.918075119277E-03,0.127,-8.9459776843E-04)
  );
#2615 = PCURVE('',#2517,#2616);
#2616 = DEFINITIONAL_REPRESENTATION('',(#2617),#2621);
#2617 = LINE('',#2618,#2619);
#2618 = CARTESIAN_POINT('',(0.,1.));
#2619 = VECTOR('',#2620,1.);
#2620 = DIRECTION('',(1.,0.));
#2621 = ( GEOMETRIC_REPRESENTATION_CONTEXT(2) 
PARAMETRIC_REPRESENTATION_CONTEXT() REPRESENTATION_CONTEXT('2D SPACE',''
  ) );
#2622 = PCURVE('',#124,#2623);
#2623 = DEFINITIONAL_REPRESENTATION('',(#2624),#2627);
#2624 = B_SPLINE_CURVE_WITH_KNOTS('',1,(#2625,#2626),.UNSPECIFIED.,.F.,
  .F.,(2,2),(32.,33.),.PIECEWISE_BEZIER_KNOTS.);
#2625 = CARTESIAN_POINT('',(1.168839429769E-02,-3.323081856969E-04));
#2626 = CARTESIAN_POINT('',(1.14294695383E-02,-4.268229243451E-04));
#2627 = ( GEOMETRIC_REPRESENTATION_CONTEXT(2) 
PARAMETRIC_REPRESENTATION_CONTEXT() REPRESENTATION_CONTEXT('2D SPACE',''
  ) );
#2628 = ORIENTED_EDGE('',*,*,#2500,.F.);
#2629 = ADVANCED_FACE('',(#2630),#2594,.T.);
#2630 = FACE_BOUND('',#2631,.T.);
#2631 = EDGE_LOOP('',(#2632,#2653,#2686,#2705));
#2632 = ORIENTED_EDGE('',*,*,#2633,.T.);
#2633 = EDGE_CURVE('',#2557,#2634,#2636,.T.);
#2634 = VERTEX_POINT('',#2635);
#2635 = CARTESIAN_POINT('',(3.076378827472E-03,2.032E-02,
    -3.048347630455E-03));
#2636 = SURFACE_CURVE('',#2637,(#2640,#2647),.PCURVE_S1.);
#2637 = B_SPLINE_CURVE_WITH_KNOTS('',1,(#2638,#2639),.UNSPECIFIED.,.F.,
  .F.,(2,2),(33.,34.),.PIECEWISE_BEZIER_KNOTS.);
#2638 = CARTESIAN_POINT('',(3.578843447223E-03,2.032E-02,
    -3.227388565786E-03));
#2639 = CARTESIAN_POINT('',(3.076378827472E-03,2.032E-02,
    -3.048347630455E-03));
#2640 = PCURVE('',#2594,#2641);
#2641 = DEFINITIONAL_REPRESENTATION('',(#2642),#2646);
#2642 = LINE('',#2643,#2644);
#2643 = CARTESIAN_POINT('',(0.,0.));
#2644 = VECTOR('',#2645,1.);
#2645 = DIRECTION('',(1.,0.));
#2646 = ( GEOMETRIC_REPRESENTATION_CONTEXT(2) 
PARAMETRIC_REPRESENTATION_CONTEXT() REPRESENTATION_CONTEXT('2D SPACE',''
  ) );
#2647 = PCURVE('',#65,#2648);
#2648 = DEFINITIONAL_REPRESENTATION('',(#2649),#2652);
#2649 = B_SPLINE_CURVE_WITH_KNOTS('',1,(#2650,#2651),.UNSPECIFIED.,.F.,
  .F.,(2,2),(33.,34.),.PIECEWISE_BEZIER_KNOTS.);
#2650 = CARTESIAN_POINT('',(1.804653084994E-02,-6.739309331765E-04));
#2651 = CARTESIAN_POINT('',(1.752978980019E-02,-8.06237539712E-04));
#2652 = ( GEOMETRIC_REPRESENTATION_CONTEXT(2) 
PARAMETRIC_REPRESENTATION_CONTEXT() REPRESENTATION_CONTEXT('2D SPACE',''
  ) );
#2653 = ORIENTED_EDGE('',*,*,#2654,.T.);
#2654 = EDGE_CURVE('',#2634,#2655,#2657,.T.);
#2655 = VERTEX_POINT('',#2656);
#2656 = CARTESIAN_POINT('',(2.581741193852E-03,0.127,-9.26317970951E-04)
  );
#2657 = SURFACE_CURVE('',#2658,(#2663,#2670),.PCURVE_S1.);
#2658 = ( BOUNDED_CURVE() B_SPLINE_CURVE(3,(#2659,#2660,#2661,#2662),
.UNSPECIFIED.,.F.,.F.) B_SPLINE_CURVE_WITH_KNOTS((4,4),(0.,1.),
.PIECEWISE_BEZIER_KNOTS.) CURVE() GEOMETRIC_REPRESENTATION_ITEM() 
RATIONAL_B_SPLINE_CURVE((1.,1.,1.,1.)) REPRESENTATION_ITEM('') );
#2659 = CARTESIAN_POINT('',(3.076378827472E-03,2.032E-02,
    -3.048347630455E-03));
#2660 = CARTESIAN_POINT('',(5.822779127405E-03,5.57630709112E-02,
    -3.367381942051E-03));
#2661 = CARTESIAN_POINT('',(4.372156302374E-03,9.160924192655E-02,
    -1.622647026559E-03));
#2662 = CARTESIAN_POINT('',(2.581741193852E-03,0.127,-9.26317970951E-04)
  );
#2663 = PCURVE('',#2594,#2664);
#2664 = DEFINITIONAL_REPRESENTATION('',(#2665),#2669);
#2665 = LINE('',#2666,#2667);
#2666 = CARTESIAN_POINT('',(34.,0.));
#2667 = VECTOR('',#2668,1.);
#2668 = DIRECTION('',(0.,1.));
#2669 = ( GEOMETRIC_REPRESENTATION_CONTEXT(2) 
PARAMETRIC_REPRESENTATION_CONTEXT() REPRESENTATION_CONTEXT('2D SPACE',''
  ) );
#2670 = PCURVE('',#2671,#2680);
#2671 = ( BOUNDED_SURFACE() B_SPLINE_SURFACE(1,3,(
    (#2672,#2673,#2674,#2675)
    ,(#2676,#2677,#2678,#2679
)),.UNSPECIFIED.,.F.,.F.,.F.) B_SPLINE_SURFACE_WITH_KNOTS((2,2),(4,4),(
    34.,35.),(0.,1.),.PIECEWISE_BEZIER_KNOTS.) 
GEOMETRIC_REPRESENTATION_ITEM() RATIONAL_B_SPLINE_SURFACE((
    (1.,1.,1.,1.)
,(1.,1.,1.,1.))) REPRESENTATION_ITEM('') SURFACE() );
#2672 = CARTESIAN_POINT('',(3.076378827472E-03,2.032E-02,
    -3.048347630455E-03));
#2673 = CARTESIAN_POINT('',(5.822779127405E-03,5.57630709112E-02,
    -3.367381942051E-03));
#2674 = CARTESIAN_POINT('',(4.372156302374E-03,9.160924192655E-02,
    -1.622647026559E-03));
#2675 = CARTESIAN_POINT('',(2.581741193852E-03,0.127,-9.26317970951E-04)
  );
#2676 = CARTESIAN_POINT('',(2.500733066822E-03,2.032E-02,
    -2.796428905796E-03));
#2677 = CARTESIAN_POINT('',(4.858721849989E-03,5.57630709112E-02,
    -3.215741152633E-03));
#2678 = CARTESIAN_POINT('',(3.695590382261E-03,9.160924192655E-02,
    -1.631394388102E-03));
#2679 = CARTESIAN_POINT('',(2.183895324173E-03,0.127,-9.357942265782E-04
    ));
#2680 = DEFINITIONAL_REPRESENTATION('',(#2681),#2685);
#2681 = LINE('',#2682,#2683);
#2682 = CARTESIAN_POINT('',(34.,0.));
#2683 = VECTOR('',#2684,1.);
#2684 = DIRECTION('',(0.,1.));
#2685 = ( GEOMETRIC_REPRESENTATION_CONTEXT(2) 
PARAMETRIC_REPRESENTATION_CONTEXT() REPRESENTATION_CONTEXT('2D SPACE',''
  ) );
#2686 = ORIENTED_EDGE('',*,*,#2687,.F.);
#2687 = EDGE_CURVE('',#2578,#2655,#2688,.T.);
#2688 = SURFACE_CURVE('',#2689,(#2692,#2699),.PCURVE_S1.);
#2689 = B_SPLINE_CURVE_WITH_KNOTS('',1,(#2690,#2691),.UNSPECIFIED.,.F.,
  .F.,(2,2),(33.,34.),.PIECEWISE_BEZIER_KNOTS.);
#2690 = CARTESIAN_POINT('',(2.918075119277E-03,0.127,-8.9459776843E-04)
  );
#2691 = CARTESIAN_POINT('',(2.581741193852E-03,0.127,-9.26317970951E-04)
  );
#2692 = PCURVE('',#2594,#2693);
#2693 = DEFINITIONAL_REPRESENTATION('',(#2694),#2698);
#2694 = LINE('',#2695,#2696);
#2695 = CARTESIAN_POINT('',(0.,1.));
#2696 = VECTOR('',#2697,1.);
#2697 = DIRECTION('',(1.,0.));
#2698 = ( GEOMETRIC_REPRESENTATION_CONTEXT(2) 
PARAMETRIC_REPRESENTATION_CONTEXT() REPRESENTATION_CONTEXT('2D SPACE',''
  ) );
#2699 = PCURVE('',#124,#2700);
#2700 = DEFINITIONAL_REPRESENTATION('',(#2701),#2704);
#2701 = B_SPLINE_CURVE_WITH_KNOTS('',1,(#2702,#2703),.UNSPECIFIED.,.F.,
  .F.,(2,2),(33.,34.),.PIECEWISE_BEZIER_KNOTS.);
#2702 = CARTESIAN_POINT('',(1.14294695383E-02,-4.268229243451E-04));
#2703 = CARTESIAN_POINT('',(1.110220020679E-02,-5.106171084843E-04));
#2704 = ( GEOMETRIC_REPRESENTATION_CONTEXT(2) 
PARAMETRIC_REPRESENTATION_CONTEXT() REPRESENTATION_CONTEXT('2D SPACE',''
  ) );
#2705 = ORIENTED_EDGE('',*,*,#2577,.F.);
#2706 = ADVANCED_FACE('',(#2707),#2671,.T.);
#2707 = FACE_BOUND('',#2708,.T.);
#2708 = EDGE_LOOP('',(#2709,#2730,#2763,#2782));
#2709 = ORIENTED_EDGE('',*,*,#2710,.T.);
#2710 = EDGE_CURVE('',#2634,#2711,#2713,.T.);
#2711 = VERTEX_POINT('',#2712);
#2712 = CARTESIAN_POINT('',(2.500733066822E-03,2.032E-02,
    -2.796428905796E-03));
#2713 = SURFACE_CURVE('',#2714,(#2717,#2724),.PCURVE_S1.);
#2714 = B_SPLINE_CURVE_WITH_KNOTS('',1,(#2715,#2716),.UNSPECIFIED.,.F.,
  .F.,(2,2),(34.,35.),.PIECEWISE_BEZIER_KNOTS.);
#2715 = CARTESIAN_POINT('',(3.076378827472E-03,2.032E-02,
    -3.048347630455E-03));
#2716 = CARTESIAN_POINT('',(2.500733066822E-03,2.032E-02,
    -2.796428905796E-03));
#2717 = PCURVE('',#2671,#2718);
#2718 = DEFINITIONAL_REPRESENTATION('',(#2719),#2723);
#2719 = LINE('',#2720,#2721);
#2720 = CARTESIAN_POINT('',(0.,0.));
#2721 = VECTOR('',#2722,1.);
#2722 = DIRECTION('',(1.,0.));
#2723 = ( GEOMETRIC_REPRESENTATION_CONTEXT(2) 
PARAMETRIC_REPRESENTATION_CONTEXT() REPRESENTATION_CONTEXT('2D SPACE',''
  ) );
#2724 = PCURVE('',#65,#2725);
#2725 = DEFINITIONAL_REPRESENTATION('',(#2726),#2729);
#2726 = B_SPLINE_CURVE_WITH_KNOTS('',1,(#2727,#2728),.UNSPECIFIED.,.F.,
  .F.,(2,2),(34.,35.),.PIECEWISE_BEZIER_KNOTS.);
#2727 = CARTESIAN_POINT('',(1.752978980019E-02,-8.06237539712E-04));
#2728 = CARTESIAN_POINT('',(1.691163502194E-02,-9.190016993734E-04));
#2729 = ( GEOMETRIC_REPRESENTATION_CONTEXT(2) 
PARAMETRIC_REPRESENTATION_CONTEXT() REPRESENTATION_CONTEXT('2D SPACE',''
  ) );
#2730 = ORIENTED_EDGE('',*,*,#2731,.T.);
#2731 = EDGE_CURVE('',#2711,#2732,#2734,.T.);
#2732 = VERTEX_POINT('',#2733);
#2733 = CARTESIAN_POINT('',(2.183895324173E-03,0.127,-9.357942265782E-04
    ));
#2734 = SURFACE_CURVE('',#2735,(#2740,#2747),.PCURVE_S1.);
#2735 = ( BOUNDED_CURVE() B_SPLINE_CURVE(3,(#2736,#2737,#2738,#2739),
.UNSPECIFIED.,.F.,.F.) B_SPLINE_CURVE_WITH_KNOTS((4,4),(0.,1.),
.PIECEWISE_BEZIER_KNOTS.) CURVE() GEOMETRIC_REPRESENTATION_ITEM() 
RATIONAL_B_SPLINE_CURVE((1.,1.,1.,1.)) REPRESENTATION_ITEM('') );
#2736 = CARTESIAN_POINT('',(2.500733066822E-03,2.032E-02,
    -2.796428905796E-03));
#2737 = CARTESIAN_POINT('',(4.858721849989E-03,5.57630709112E-02,
    -3.215741152633E-03));
#2738 = CARTESIAN_POINT('',(3.695590382261E-03,9.160924192655E-02,
    -1.631394388102E-03));
#2739 = CARTESIAN_POINT('',(2.183895324173E-03,0.127,-9.357942265782E-04
    ));
#2740 = PCURVE('',#2671,#2741);
#2741 = DEFINITIONAL_REPRESENTATION('',(#2742),#2746);
#2742 = LINE('',#2743,#2744);
#2743 = CARTESIAN_POINT('',(35.,0.));
#2744 = VECTOR('',#2745,1.);
#2745 = DIRECTION('',(0.,1.));
#2746 = ( GEOMETRIC_REPRESENTATION_CONTEXT(2) 
PARAMETRIC_REPRESENTATION_CONTEXT() REPRESENTATION_CONTEXT('2D SPACE',''
  ) );
#2747 = PCURVE('',#2748,#2757);
#2748 = ( BOUNDED_SURFACE() B_SPLINE_SURFACE(1,3,(
    (#2749,#2750,#2751,#2752)
    ,(#2753,#2754,#2755,#2756
)),.UNSPECIFIED.,.F.,.F.,.F.) B_SPLINE_SURFACE_WITH_KNOTS((2,2),(4,4),(
    35.,36.),(0.,1.),.PIECEWISE_BEZIER_KNOTS.) 
GEOMETRIC_REPRESENTATION_ITEM() RATIONAL_B_SPLINE_SURFACE((
    (1.,1.,1.,1.)
,(1.,1.,1.,1.))) REPRESENTATION_ITEM('') SURFACE() );
#2749 = CARTESIAN_POINT('',(2.500733066822E-03,2.032E-02,
    -2.796428905796E-03));
#2750 = CARTESIAN_POINT('',(4.858721849989E-03,5.57630709112E-02,
    -3.215741152633E-03));
#2751 = CARTESIAN_POINT('',(3.695590382261E-03,9.160924192655E-02,
    -1.631394388102E-03));
#2752 = CARTESIAN_POINT('',(2.183895324173E-03,0.127,-9.357942265782E-04
    ));
#2753 = CARTESIAN_POINT('',(1.859624594476E-03,2.032E-02,
    -2.474089750686E-03));
#2754 = CARTESIAN_POINT('',(3.768572325715E-03,5.57630709112E-02,
    -2.984101254626E-03));
#2755 = CARTESIAN_POINT('',(2.923520257753E-03,9.160924192655E-02,
    -1.600165532469E-03));
#2756 = CARTESIAN_POINT('',(1.729625581817E-03,0.127,-9.223711457356E-04
    ));
#2757 = DEFINITIONAL_REPRESENTATION('',(#2758),#2762);
#2758 = LINE('',#2759,#2760);
#2759 = CARTESIAN_POINT('',(35.,0.));
#2760 = VECTOR('',#2761,1.);
#2761 = DIRECTION('',(0.,1.));
#2762 = ( GEOMETRIC_REPRESENTATION_CONTEXT(2) 
PARAMETRIC_REPRESENTATION_CONTEXT() REPRESENTATION_CONTEXT('2D SPACE',''
  ) );
#2763 = ORIENTED_EDGE('',*,*,#2764,.F.);
#2764 = EDGE_CURVE('',#2655,#2732,#2765,.T.);
#2765 = SURFACE_CURVE('',#2766,(#2769,#2776),.PCURVE_S1.);
#2766 = B_SPLINE_CURVE_WITH_KNOTS('',1,(#2767,#2768),.UNSPECIFIED.,.F.,
  .F.,(2,2),(34.,35.),.PIECEWISE_BEZIER_KNOTS.);
#2767 = CARTESIAN_POINT('',(2.581741193852E-03,0.127,-9.26317970951E-04)
  );
#2768 = CARTESIAN_POINT('',(2.183895324173E-03,0.127,-9.357942265782E-04
    ));
#2769 = PCURVE('',#2671,#2770);
#2770 = DEFINITIONAL_REPRESENTATION('',(#2771),#2775);
#2771 = LINE('',#2772,#2773);
#2772 = CARTESIAN_POINT('',(0.,1.));
#2773 = VECTOR('',#2774,1.);
#2774 = DIRECTION('',(1.,0.));
#2775 = ( GEOMETRIC_REPRESENTATION_CONTEXT(2) 
PARAMETRIC_REPRESENTATION_CONTEXT() REPRESENTATION_CONTEXT('2D SPACE',''
  ) );
#2776 = PCURVE('',#124,#2777);
#2777 = DEFINITIONAL_REPRESENTATION('',(#2778),#2781);
#2778 = B_SPLINE_CURVE_WITH_KNOTS('',1,(#2779,#2780),.UNSPECIFIED.,.F.,
  .F.,(2,2),(34.,35.),.PIECEWISE_BEZIER_KNOTS.);
#2779 = CARTESIAN_POINT('',(1.110220020679E-02,-5.106171084843E-04));
#2780 = CARTESIAN_POINT('',(1.071070218056E-02,-5.820344096031E-04));
#2781 = ( GEOMETRIC_REPRESENTATION_CONTEXT(2) 
PARAMETRIC_REPRESENTATION_CONTEXT() REPRESENTATION_CONTEXT('2D SPACE',''
  ) );
#2782 = ORIENTED_EDGE('',*,*,#2654,.F.);
#2783 = ADVANCED_FACE('',(#2784),#2748,.T.);
#2784 = FACE_BOUND('',#2785,.T.);
#2785 = EDGE_LOOP('',(#2786,#2807,#2840,#2859));
#2786 = ORIENTED_EDGE('',*,*,#2787,.T.);
#2787 = EDGE_CURVE('',#2711,#2788,#2790,.T.);
#2788 = VERTEX_POINT('',#2789);
#2789 = CARTESIAN_POINT('',(1.859624594476E-03,2.032E-02,
    -2.474089750686E-03));
#2790 = SURFACE_CURVE('',#2791,(#2794,#2801),.PCURVE_S1.);
#2791 = B_SPLINE_CURVE_WITH_KNOTS('',1,(#2792,#2793),.UNSPECIFIED.,.F.,
  .F.,(2,2),(35.,36.),.PIECEWISE_BEZIER_KNOTS.);
#2792 = CARTESIAN_POINT('',(2.500733066822E-03,2.032E-02,
    -2.796428905796E-03));
#2793 = CARTESIAN_POINT('',(1.859624594476E-03,2.032E-02,
    -2.474089750686E-03));
#2794 = PCURVE('',#2748,#2795);
#2795 = DEFINITIONAL_REPRESENTATION('',(#2796),#2800);
#2796 = LINE('',#2797,#2798);
#2797 = CARTESIAN_POINT('',(0.,0.));
#2798 = VECTOR('',#2799,1.);
#2799 = DIRECTION('',(1.,0.));
#2800 = ( GEOMETRIC_REPRESENTATION_CONTEXT(2) 
PARAMETRIC_REPRESENTATION_CONTEXT() REPRESENTATION_CONTEXT('2D SPACE',''
  ) );
#2801 = PCURVE('',#65,#2802);
#2802 = DEFINITIONAL_REPRESENTATION('',(#2803),#2806);
#2803 = B_SPLINE_CURVE_WITH_KNOTS('',1,(#2804,#2805),.UNSPECIFIED.,.F.,
  .F.,(2,2),(35.,36.),.PIECEWISE_BEZIER_KNOTS.);
#2804 = CARTESIAN_POINT('',(1.691163502194E-02,-9.190016993734E-04));
#2805 = CARTESIAN_POINT('',(1.619984056232E-02,-1.009948120334E-03));
#2806 = ( GEOMETRIC_REPRESENTATION_CONTEXT(2) 
PARAMETRIC_REPRESENTATION_CONTEXT() REPRESENTATION_CONTEXT('2D SPACE',''
  ) );
#2807 = ORIENTED_EDGE('',*,*,#2808,.T.);
#2808 = EDGE_CURVE('',#2788,#2809,#2811,.T.);
#2809 = VERTEX_POINT('',#2810);
#2810 = CARTESIAN_POINT('',(1.729625581817E-03,0.127,-9.223711457356E-04
    ));
#2811 = SURFACE_CURVE('',#2812,(#2817,#2824),.PCURVE_S1.);
#2812 = ( BOUNDED_CURVE() B_SPLINE_CURVE(3,(#2813,#2814,#2815,#2816),
.UNSPECIFIED.,.F.,.F.) B_SPLINE_CURVE_WITH_KNOTS((4,4),(0.,1.),
.PIECEWISE_BEZIER_KNOTS.) CURVE() GEOMETRIC_REPRESENTATION_ITEM() 
RATIONAL_B_SPLINE_CURVE((1.,1.,1.,1.)) REPRESENTATION_ITEM('') );
#2813 = CARTESIAN_POINT('',(1.859624594476E-03,2.032E-02,
    -2.474089750686E-03));
#2814 = CARTESIAN_POINT('',(3.768572325715E-03,5.57630709112E-02,
    -2.984101254626E-03));
#2815 = CARTESIAN_POINT('',(2.923520257753E-03,9.160924192655E-02,
    -1.600165532469E-03));
#2816 = CARTESIAN_POINT('',(1.729625581817E-03,0.127,-9.223711457356E-04
    ));
#2817 = PCURVE('',#2748,#2818);
#2818 = DEFINITIONAL_REPRESENTATION('',(#2819),#2823);
#2819 = LINE('',#2820,#2821);
#2820 = CARTESIAN_POINT('',(36.,0.));
#2821 = VECTOR('',#2822,1.);
#2822 = DIRECTION('',(0.,1.));
#2823 = ( GEOMETRIC_REPRESENTATION_CONTEXT(2) 
PARAMETRIC_REPRESENTATION_CONTEXT() REPRESENTATION_CONTEXT('2D SPACE',''
  ) );
#2824 = PCURVE('',#2825,#2834);
#2825 = ( BOUNDED_SURFACE() B_SPLINE_SURFACE(1,3,(
    (#2826,#2827,#2828,#2829)
    ,(#2830,#2831,#2832,#2833
)),.UNSPECIFIED.,.F.,.F.,.F.) B_SPLINE_SURFACE_WITH_KNOTS((2,2),(4,4),(
    36.,37.),(0.,1.),.PIECEWISE_BEZIER_KNOTS.) 
GEOMETRIC_REPRESENTATION_ITEM() RATIONAL_B_SPLINE_SURFACE((
    (1.,1.,1.,1.)
,(1.,1.,1.,1.))) REPRESENTATION_ITEM('') SURFACE() );
#2826 = CARTESIAN_POINT('',(1.859624594476E-03,2.032E-02,
    -2.474089750686E-03));
#2827 = CARTESIAN_POINT('',(3.768572325715E-03,5.57630709112E-02,
    -2.984101254626E-03));
#2828 = CARTESIAN_POINT('',(2.923520257753E-03,9.160924192655E-02,
    -1.600165532469E-03));
#2829 = CARTESIAN_POINT('',(1.729625581817E-03,0.127,-9.223711457356E-04
    ));
#2830 = CARTESIAN_POINT('',(1.161403352486E-03,2.032E-02,
    -2.084957336485E-03));
#2831 = CARTESIAN_POINT('',(2.566303903224E-03,5.57630709112E-02,
    -2.674621292123E-03));
#2832 = CARTESIAN_POINT('',(2.065747754459E-03,9.160924192655E-02,
    -1.528807096518E-03));
#2833 = CARTESIAN_POINT('',(1.224695633479E-03,0.127,-8.858957756692E-04
    ));
#2834 = DEFINITIONAL_REPRESENTATION('',(#2835),#2839);
#2835 = LINE('',#2836,#2837);
#2836 = CARTESIAN_POINT('',(36.,0.));
#2837 = VECTOR('',#2838,1.);
#2838 = DIRECTION('',(0.,1.));
#2839 = ( GEOMETRIC_REPRESENTATION_CONTEXT(2) 
PARAMETRIC_REPRESENTATION_CONTEXT() REPRESENTATION_CONTEXT('2D SPACE',''
  ) );
#2840 = ORIENTED_EDGE('',*,*,#2841,.F.);
#2841 = EDGE_CURVE('',#2732,#2809,#2842,.T.);
#2842 = SURFACE_CURVE('',#2843,(#2846,#2853),.PCURVE_S1.);
#2843 = B_SPLINE_CURVE_WITH_KNOTS('',1,(#2844,#2845),.UNSPECIFIED.,.F.,
  .F.,(2,2),(35.,36.),.PIECEWISE_BEZIER_KNOTS.);
#2844 = CARTESIAN_POINT('',(2.183895324173E-03,0.127,-9.357942265782E-04
    ));
#2845 = CARTESIAN_POINT('',(1.729625581817E-03,0.127,-9.223711457356E-04
    ));
#2846 = PCURVE('',#2748,#2847);
#2847 = DEFINITIONAL_REPRESENTATION('',(#2848),#2852);
#2848 = LINE('',#2849,#2850);
#2849 = CARTESIAN_POINT('',(0.,1.));
#2850 = VECTOR('',#2851,1.);
#2851 = DIRECTION('',(1.,0.));
#2852 = ( GEOMETRIC_REPRESENTATION_CONTEXT(2) 
PARAMETRIC_REPRESENTATION_CONTEXT() REPRESENTATION_CONTEXT('2D SPACE',''
  ) );
#2853 = PCURVE('',#124,#2854);
#2854 = DEFINITIONAL_REPRESENTATION('',(#2855),#2858);
#2855 = B_SPLINE_CURVE_WITH_KNOTS('',1,(#2856,#2857),.UNSPECIFIED.,.F.,
  .F.,(2,2),(35.,36.),.PIECEWISE_BEZIER_KNOTS.);
#2856 = CARTESIAN_POINT('',(1.071070218056E-02,-5.820344096031E-04));
#2857 = CARTESIAN_POINT('',(1.02598990228E-02,-6.396338095446E-04));
#2858 = ( GEOMETRIC_REPRESENTATION_CONTEXT(2) 
PARAMETRIC_REPRESENTATION_CONTEXT() REPRESENTATION_CONTEXT('2D SPACE',''
  ) );
#2859 = ORIENTED_EDGE('',*,*,#2731,.F.);
#2860 = ADVANCED_FACE('',(#2861),#2825,.T.);
#2861 = FACE_BOUND('',#2862,.T.);
#2862 = EDGE_LOOP('',(#2863,#2884,#2917,#2936));
#2863 = ORIENTED_EDGE('',*,*,#2864,.T.);
#2864 = EDGE_CURVE('',#2788,#2865,#2867,.T.);
#2865 = VERTEX_POINT('',#2866);
#2866 = CARTESIAN_POINT('',(1.161403352486E-03,2.032E-02,
    -2.084957336485E-03));
#2867 = SURFACE_CURVE('',#2868,(#2871,#2878),.PCURVE_S1.);
#2868 = B_SPLINE_CURVE_WITH_KNOTS('',1,(#2869,#2870),.UNSPECIFIED.,.F.,
  .F.,(2,2),(36.,37.),.PIECEWISE_BEZIER_KNOTS.);
#2869 = CARTESIAN_POINT('',(1.859624594476E-03,2.032E-02,
    -2.474089750686E-03));
#2870 = CARTESIAN_POINT('',(1.161403352486E-03,2.032E-02,
    -2.084957336485E-03));
#2871 = PCURVE('',#2825,#2872);
#2872 = DEFINITIONAL_REPRESENTATION('',(#2873),#2877);
#2873 = LINE('',#2874,#2875);
#2874 = CARTESIAN_POINT('',(0.,0.));
#2875 = VECTOR('',#2876,1.);
#2876 = DIRECTION('',(1.,0.));
#2877 = ( GEOMETRIC_REPRESENTATION_CONTEXT(2) 
PARAMETRIC_REPRESENTATION_CONTEXT() REPRESENTATION_CONTEXT('2D SPACE',''
  ) );
#2878 = PCURVE('',#65,#2879);
#2879 = DEFINITIONAL_REPRESENTATION('',(#2880),#2883);
#2880 = B_SPLINE_CURVE_WITH_KNOTS('',1,(#2881,#2882),.UNSPECIFIED.,.F.,
  .F.,(2,2),(36.,37.),.PIECEWISE_BEZIER_KNOTS.);
#2881 = CARTESIAN_POINT('',(1.619984056232E-02,-1.009948120334E-03));
#2882 = CARTESIAN_POINT('',(1.540335788497E-02,-1.077418730461E-03));
#2883 = ( GEOMETRIC_REPRESENTATION_CONTEXT(2) 
PARAMETRIC_REPRESENTATION_CONTEXT() REPRESENTATION_CONTEXT('2D SPACE',''
  ) );
#2884 = ORIENTED_EDGE('',*,*,#2885,.T.);
#2885 = EDGE_CURVE('',#2865,#2886,#2888,.T.);
#2886 = VERTEX_POINT('',#2887);
#2887 = CARTESIAN_POINT('',(1.224695633479E-03,0.127,-8.858957756692E-04
    ));
#2888 = SURFACE_CURVE('',#2889,(#2894,#2901),.PCURVE_S1.);
#2889 = ( BOUNDED_CURVE() B_SPLINE_CURVE(3,(#2890,#2891,#2892,#2893),
.UNSPECIFIED.,.F.,.F.) B_SPLINE_CURVE_WITH_KNOTS((4,4),(0.,1.),
.PIECEWISE_BEZIER_KNOTS.) CURVE() GEOMETRIC_REPRESENTATION_ITEM() 
RATIONAL_B_SPLINE_CURVE((1.,1.,1.,1.)) REPRESENTATION_ITEM('') );
#2890 = CARTESIAN_POINT('',(1.161403352486E-03,2.032E-02,
    -2.084957336485E-03));
#2891 = CARTESIAN_POINT('',(2.566303903224E-03,5.57630709112E-02,
    -2.674621292123E-03));
#2892 = CARTESIAN_POINT('',(2.065747754459E-03,9.160924192655E-02,
    -1.528807096518E-03));
#2893 = CARTESIAN_POINT('',(1.224695633479E-03,0.127,-8.858957756692E-04
    ));
#2894 = PCURVE('',#2825,#2895);
#2895 = DEFINITIONAL_REPRESENTATION('',(#2896),#2900);
#2896 = LINE('',#2897,#2898);
#2897 = CARTESIAN_POINT('',(37.,0.));
#2898 = VECTOR('',#2899,1.);
#2899 = DIRECTION('',(0.,1.));
#2900 = ( GEOMETRIC_REPRESENTATION_CONTEXT(2) 
PARAMETRIC_REPRESENTATION_CONTEXT() REPRESENTATION_CONTEXT('2D SPACE',''
  ) );
#2901 = PCURVE('',#2902,#2911);
#2902 = ( BOUNDED_SURFACE() B_SPLINE_SURFACE(1,3,(
    (#2903,#2904,#2905,#2906)
    ,(#2907,#2908,#2909,#2910
)),.UNSPECIFIED.,.F.,.F.,.F.) B_SPLINE_SURFACE_WITH_KNOTS((2,2),(4,4),(
    37.,38.),(0.,1.),.PIECEWISE_BEZIER_KNOTS.) 
GEOMETRIC_REPRESENTATION_ITEM() RATIONAL_B_SPLINE_SURFACE((
    (1.,1.,1.,1.)
,(1.,1.,1.,1.))) REPRESENTATION_ITEM('') SURFACE() );
#2903 = CARTESIAN_POINT('',(1.161403352486E-03,2.032E-02,
    -2.084957336485E-03));
#2904 = CARTESIAN_POINT('',(2.566303903224E-03,5.57630709112E-02,
    -2.674621292123E-03));
#2905 = CARTESIAN_POINT('',(2.065747754459E-03,9.160924192655E-02,
    -1.528807096518E-03));
#2906 = CARTESIAN_POINT('',(1.224695633479E-03,0.127,-8.858957756692E-04
    ));
#2907 = CARTESIAN_POINT('',(4.148472068387E-04,2.032E-02,
    -1.633929189371E-03));
#2908 = CARTESIAN_POINT('',(1.267033352918E-03,5.57630709112E-02,
    -2.291200157316E-03));
#2909 = CARTESIAN_POINT('',(1.133058999358E-03,9.160924192655E-02,
    -1.418221525507E-03));
#2910 = CARTESIAN_POINT('',(6.754547929448E-04,0.127,-8.268298034889E-04
    ));
#2911 = DEFINITIONAL_REPRESENTATION('',(#2912),#2916);
#2912 = LINE('',#2913,#2914);
#2913 = CARTESIAN_POINT('',(37.,0.));
#2914 = VECTOR('',#2915,1.);
#2915 = DIRECTION('',(0.,1.));
#2916 = ( GEOMETRIC_REPRESENTATION_CONTEXT(2) 
PARAMETRIC_REPRESENTATION_CONTEXT() REPRESENTATION_CONTEXT('2D SPACE',''
  ) );
#2917 = ORIENTED_EDGE('',*,*,#2918,.F.);
#2918 = EDGE_CURVE('',#2809,#2886,#2919,.T.);
#2919 = SURFACE_CURVE('',#2920,(#2923,#2930),.PCURVE_S1.);
#2920 = B_SPLINE_CURVE_WITH_KNOTS('',1,(#2921,#2922),.UNSPECIFIED.,.F.,
  .F.,(2,2),(36.,37.),.PIECEWISE_BEZIER_KNOTS.);
#2921 = CARTESIAN_POINT('',(1.729625581817E-03,0.127,-9.223711457356E-04
    ));
#2922 = CARTESIAN_POINT('',(1.224695633479E-03,0.127,-8.858957756692E-04
    ));
#2923 = PCURVE('',#2825,#2924);
#2924 = DEFINITIONAL_REPRESENTATION('',(#2925),#2929);
#2925 = LINE('',#2926,#2927);
#2926 = CARTESIAN_POINT('',(0.,1.));
#2927 = VECTOR('',#2928,1.);
#2928 = DIRECTION('',(1.,0.));
#2929 = ( GEOMETRIC_REPRESENTATION_CONTEXT(2) 
PARAMETRIC_REPRESENTATION_CONTEXT() REPRESENTATION_CONTEXT('2D SPACE',''
  ) );
#2930 = PCURVE('',#124,#2931);
#2931 = DEFINITIONAL_REPRESENTATION('',(#2932),#2935);
#2932 = B_SPLINE_CURVE_WITH_KNOTS('',1,(#2933,#2934),.UNSPECIFIED.,.F.,
  .F.,(2,2),(36.,37.),.PIECEWISE_BEZIER_KNOTS.);
#2933 = CARTESIAN_POINT('',(1.02598990228E-02,-6.396338095446E-04));
#2934 = CARTESIAN_POINT('',(9.755459993813E-03,-6.823651959585E-04));
#2935 = ( GEOMETRIC_REPRESENTATION_CONTEXT(2) 
PARAMETRIC_REPRESENTATION_CONTEXT() REPRESENTATION_CONTEXT('2D SPACE',''
  ) );
#2936 = ORIENTED_EDGE('',*,*,#2808,.F.);
#2937 = ADVANCED_FACE('',(#2938),#2902,.T.);
#2938 = FACE_BOUND('',#2939,.T.);
#2939 = EDGE_LOOP('',(#2940,#2961,#2994,#3013));
#2940 = ORIENTED_EDGE('',*,*,#2941,.T.);
#2941 = EDGE_CURVE('',#2865,#2942,#2944,.T.);
#2942 = VERTEX_POINT('',#2943);
#2943 = CARTESIAN_POINT('',(4.148472068387E-04,2.032E-02,
    -1.633929189371E-03));
#2944 = SURFACE_CURVE('',#2945,(#2948,#2955),.PCURVE_S1.);
#2945 = B_SPLINE_CURVE_WITH_KNOTS('',1,(#2946,#2947),.UNSPECIFIED.,.F.,
  .F.,(2,2),(37.,38.),.PIECEWISE_BEZIER_KNOTS.);
#2946 = CARTESIAN_POINT('',(1.161403352486E-03,2.032E-02,
    -2.084957336485E-03));
#2947 = CARTESIAN_POINT('',(4.148472068387E-04,2.032E-02,
    -1.633929189371E-03));
#2948 = PCURVE('',#2902,#2949);
#2949 = DEFINITIONAL_REPRESENTATION('',(#2950),#2954);
#2950 = LINE('',#2951,#2952);
#2951 = CARTESIAN_POINT('',(0.,0.));
#2952 = VECTOR('',#2953,1.);
#2953 = DIRECTION('',(1.,0.));
#2954 = ( GEOMETRIC_REPRESENTATION_CONTEXT(2) 
PARAMETRIC_REPRESENTATION_CONTEXT() REPRESENTATION_CONTEXT('2D SPACE',''
  ) );
#2955 = PCURVE('',#65,#2956);
#2956 = DEFINITIONAL_REPRESENTATION('',(#2957),#2960);
#2957 = B_SPLINE_CURVE_WITH_KNOTS('',1,(#2958,#2959),.UNSPECIFIED.,.F.,
  .F.,(2,2),(37.,38.),.PIECEWISE_BEZIER_KNOTS.);
#2958 = CARTESIAN_POINT('',(1.540335788497E-02,-1.077418730461E-03));
#2959 = CARTESIAN_POINT('',(1.45322032195E-02,-1.120569824657E-03));
#2960 = ( GEOMETRIC_REPRESENTATION_CONTEXT(2) 
PARAMETRIC_REPRESENTATION_CONTEXT() REPRESENTATION_CONTEXT('2D SPACE',''
  ) );
#2961 = ORIENTED_EDGE('',*,*,#2962,.T.);
#2962 = EDGE_CURVE('',#2942,#2963,#2965,.T.);
#2963 = VERTEX_POINT('',#2964);
#2964 = CARTESIAN_POINT('',(6.754547929448E-04,0.127,-8.268298034889E-04
    ));
#2965 = SURFACE_CURVE('',#2966,(#2971,#2978),.PCURVE_S1.);
#2966 = ( BOUNDED_CURVE() B_SPLINE_CURVE(3,(#2967,#2968,#2969,#2970),
.UNSPECIFIED.,.F.,.F.) B_SPLINE_CURVE_WITH_KNOTS((4,4),(0.,1.),
.PIECEWISE_BEZIER_KNOTS.) CURVE() GEOMETRIC_REPRESENTATION_ITEM() 
RATIONAL_B_SPLINE_CURVE((1.,1.,1.,1.)) REPRESENTATION_ITEM('') );
#2967 = CARTESIAN_POINT('',(4.148472068387E-04,2.032E-02,
    -1.633929189371E-03));
#2968 = CARTESIAN_POINT('',(1.267033352918E-03,5.57630709112E-02,
    -2.291200157316E-03));
#2969 = CARTESIAN_POINT('',(1.133058999358E-03,9.160924192655E-02,
    -1.418221525507E-03));
#2970 = CARTESIAN_POINT('',(6.754547929448E-04,0.127,-8.268298034889E-04
    ));
#2971 = PCURVE('',#2902,#2972);
#2972 = DEFINITIONAL_REPRESENTATION('',(#2973),#2977);
#2973 = LINE('',#2974,#2975);
#2974 = CARTESIAN_POINT('',(38.,0.));
#2975 = VECTOR('',#2976,1.);
#2976 = DIRECTION('',(0.,1.));
#2977 = ( GEOMETRIC_REPRESENTATION_CONTEXT(2) 
PARAMETRIC_REPRESENTATION_CONTEXT() REPRESENTATION_CONTEXT('2D SPACE',''
  ) );
#2978 = PCURVE('',#2979,#2988);
#2979 = ( BOUNDED_SURFACE() B_SPLINE_SURFACE(1,3,(
    (#2980,#2981,#2982,#2983)
    ,(#2984,#2985,#2986,#2987
)),.UNSPECIFIED.,.F.,.F.,.F.) B_SPLINE_SURFACE_WITH_KNOTS((2,2),(4,4),(
    38.,39.),(0.,1.),.PIECEWISE_BEZIER_KNOTS.) 
GEOMETRIC_REPRESENTATION_ITEM() RATIONAL_B_SPLINE_SURFACE((
    (1.,1.,1.,1.)
,(1.,1.,1.,1.))) REPRESENTATION_ITEM('') SURFACE() );
#2980 = CARTESIAN_POINT('',(4.148472068387E-04,2.032E-02,
    -1.633929189371E-03));
#2981 = CARTESIAN_POINT('',(1.267033352918E-03,5.57630709112E-02,
    -2.291200157316E-03));
#2982 = CARTESIAN_POINT('',(1.133058999358E-03,9.160924192655E-02,
    -1.418221525507E-03));
#2983 = CARTESIAN_POINT('',(6.754547929448E-04,0.127,-8.268298034889E-04
    ));
#2984 = CARTESIAN_POINT('',(-3.709957790524E-04,2.032E-02,
    -1.12718178517E-03));
#2985 = CARTESIAN_POINT('',(-1.132126997658E-04,5.57630709112E-02,
    -1.839551650484E-03));
#2986 = CARTESIAN_POINT('',(1.370735391012E-04,9.160924192655E-02,
    -1.270445601559E-03));
#2987 = CARTESIAN_POINT('',(8.874978736087E-05,0.127,-7.462967063557E-04
    ));
#2988 = DEFINITIONAL_REPRESENTATION('',(#2989),#2993);
#2989 = LINE('',#2990,#2991);
#2990 = CARTESIAN_POINT('',(38.,0.));
#2991 = VECTOR('',#2992,1.);
#2992 = DIRECTION('',(0.,1.));
#2993 = ( GEOMETRIC_REPRESENTATION_CONTEXT(2) 
PARAMETRIC_REPRESENTATION_CONTEXT() REPRESENTATION_CONTEXT('2D SPACE',''
  ) );
#2994 = ORIENTED_EDGE('',*,*,#2995,.F.);
#2995 = EDGE_CURVE('',#2886,#2963,#2996,.T.);
#2996 = SURFACE_CURVE('',#2997,(#3000,#3007),.PCURVE_S1.);
#2997 = B_SPLINE_CURVE_WITH_KNOTS('',1,(#2998,#2999),.UNSPECIFIED.,.F.,
  .F.,(2,2),(37.,38.),.PIECEWISE_BEZIER_KNOTS.);
#2998 = CARTESIAN_POINT('',(1.224695633479E-03,0.127,-8.858957756692E-04
    ));
#2999 = CARTESIAN_POINT('',(6.754547929448E-04,0.127,-8.268298034889E-04
    ));
#3000 = PCURVE('',#2902,#3001);
#3001 = DEFINITIONAL_REPRESENTATION('',(#3002),#3006);
#3002 = LINE('',#3003,#3004);
#3003 = CARTESIAN_POINT('',(0.,1.));
#3004 = VECTOR('',#3005,1.);
#3005 = DIRECTION('',(1.,0.));
#3006 = ( GEOMETRIC_REPRESENTATION_CONTEXT(2) 
PARAMETRIC_REPRESENTATION_CONTEXT() REPRESENTATION_CONTEXT('2D SPACE',''
  ) );
#3007 = PCURVE('',#124,#3008);
#3008 = DEFINITIONAL_REPRESENTATION('',(#3009),#3012);
#3009 = B_SPLINE_CURVE_WITH_KNOTS('',1,(#3010,#3011),.UNSPECIFIED.,.F.,
  .F.,(2,2),(37.,38.),.PIECEWISE_BEZIER_KNOTS.);
#3010 = CARTESIAN_POINT('',(9.755459993813E-03,-6.823651959585E-04));
#3011 = CARTESIAN_POINT('',(9.203728705684E-03,-7.096942222827E-04));
#3012 = ( GEOMETRIC_REPRESENTATION_CONTEXT(2) 
PARAMETRIC_REPRESENTATION_CONTEXT() REPRESENTATION_CONTEXT('2D SPACE',''
  ) );
#3013 = ORIENTED_EDGE('',*,*,#2885,.F.);
#3014 = ADVANCED_FACE('',(#3015),#2979,.T.);
#3015 = FACE_BOUND('',#3016,.T.);
#3016 = EDGE_LOOP('',(#3017,#3038,#3071,#3090));
#3017 = ORIENTED_EDGE('',*,*,#3018,.T.);
#3018 = EDGE_CURVE('',#2942,#3019,#3021,.T.);
#3019 = VERTEX_POINT('',#3020);
#3020 = CARTESIAN_POINT('',(-3.709957790524E-04,2.032E-02,
    -1.12718178517E-03));
#3021 = SURFACE_CURVE('',#3022,(#3025,#3032),.PCURVE_S1.);
#3022 = B_SPLINE_CURVE_WITH_KNOTS('',1,(#3023,#3024),.UNSPECIFIED.,.F.,
  .F.,(2,2),(38.,39.),.PIECEWISE_BEZIER_KNOTS.);
#3023 = CARTESIAN_POINT('',(4.148472068387E-04,2.032E-02,
    -1.633929189371E-03));
#3024 = CARTESIAN_POINT('',(-3.709957790524E-04,2.032E-02,
    -1.12718178517E-03));
#3025 = PCURVE('',#2979,#3026);
#3026 = DEFINITIONAL_REPRESENTATION('',(#3027),#3031);
#3027 = LINE('',#3028,#3029);
#3028 = CARTESIAN_POINT('',(0.,0.));
#3029 = VECTOR('',#3030,1.);
#3030 = DIRECTION('',(1.,0.));
#3031 = ( GEOMETRIC_REPRESENTATION_CONTEXT(2) 
PARAMETRIC_REPRESENTATION_CONTEXT() REPRESENTATION_CONTEXT('2D SPACE',''
  ) );
#3032 = PCURVE('',#65,#3033);
#3033 = DEFINITIONAL_REPRESENTATION('',(#3034),#3037);
#3034 = B_SPLINE_CURVE_WITH_KNOTS('',1,(#3035,#3036),.UNSPECIFIED.,.F.,
  .F.,(2,2),(38.,39.),.PIECEWISE_BEZIER_KNOTS.);
#3035 = CARTESIAN_POINT('',(1.45322032195E-02,-1.120569824657E-03));
#3036 = CARTESIAN_POINT('',(1.359733156288E-02,-1.139467332207E-03));
#3037 = ( GEOMETRIC_REPRESENTATION_CONTEXT(2) 
PARAMETRIC_REPRESENTATION_CONTEXT() REPRESENTATION_CONTEXT('2D SPACE',''
  ) );
#3038 = ORIENTED_EDGE('',*,*,#3039,.T.);
#3039 = EDGE_CURVE('',#3019,#3040,#3042,.T.);
#3040 = VERTEX_POINT('',#3041);
#3041 = CARTESIAN_POINT('',(8.874978736087E-05,0.127,-7.462967063557E-04
    ));
#3042 = SURFACE_CURVE('',#3043,(#3048,#3055),.PCURVE_S1.);
#3043 = ( BOUNDED_CURVE() B_SPLINE_CURVE(3,(#3044,#3045,#3046,#3047),
.UNSPECIFIED.,.F.,.F.) B_SPLINE_CURVE_WITH_KNOTS((4,4),(0.,1.),
.PIECEWISE_BEZIER_KNOTS.) CURVE() GEOMETRIC_REPRESENTATION_ITEM() 
RATIONAL_B_SPLINE_CURVE((1.,1.,1.,1.)) REPRESENTATION_ITEM('') );
#3044 = CARTESIAN_POINT('',(-3.709957790524E-04,2.032E-02,
    -1.12718178517E-03));
#3045 = CARTESIAN_POINT('',(-1.132126997658E-04,5.57630709112E-02,
    -1.839551650484E-03));
#3046 = CARTESIAN_POINT('',(1.370735391012E-04,9.160924192655E-02,
    -1.270445601559E-03));
#3047 = CARTESIAN_POINT('',(8.874978736087E-05,0.127,-7.462967063557E-04
    ));
#3048 = PCURVE('',#2979,#3049);
#3049 = DEFINITIONAL_REPRESENTATION('',(#3050),#3054);
#3050 = LINE('',#3051,#3052);
#3051 = CARTESIAN_POINT('',(39.,0.));
#3052 = VECTOR('',#3053,1.);
#3053 = DIRECTION('',(0.,1.));
#3054 = ( GEOMETRIC_REPRESENTATION_CONTEXT(2) 
PARAMETRIC_REPRESENTATION_CONTEXT() REPRESENTATION_CONTEXT('2D SPACE',''
  ) );
#3055 = PCURVE('',#3056,#3065);
#3056 = ( BOUNDED_SURFACE() B_SPLINE_SURFACE(1,3,(
    (#3057,#3058,#3059,#3060)
    ,(#3061,#3062,#3063,#3064
)),.UNSPECIFIED.,.F.,.F.,.F.) B_SPLINE_SURFACE_WITH_KNOTS((2,2),(4,4),(
    39.,40.),(0.,1.),.PIECEWISE_BEZIER_KNOTS.) 
GEOMETRIC_REPRESENTATION_ITEM() RATIONAL_B_SPLINE_SURFACE((
    (1.,1.,1.,1.)
,(1.,1.,1.,1.))) REPRESENTATION_ITEM('') SURFACE() );
#3057 = CARTESIAN_POINT('',(-3.709957790524E-04,2.032E-02,
    -1.12718178517E-03));
#3058 = CARTESIAN_POINT('',(-1.132126997658E-04,5.57630709112E-02,
    -1.839551650484E-03));
#3059 = CARTESIAN_POINT('',(1.370735391012E-04,9.160924192655E-02,
    -1.270445601559E-03));
#3060 = CARTESIAN_POINT('',(8.874978736087E-05,0.127,-7.462967063557E-04
    ));
#3061 = CARTESIAN_POINT('',(-1.186915426367E-03,2.032E-02,
    -5.720844221033E-04));
#3062 = CARTESIAN_POINT('',(-1.557694082656E-03,5.57630709112E-02,
    -1.327117677454E-03));
#3063 = CARTESIAN_POINT('',(-9.098999467004E-04,9.160924192655E-02,
    -1.088614003187E-03));
#3064 = CARTESIAN_POINT('',(-5.281603339736E-04,0.127,
    -6.460612439154E-04));
#3065 = DEFINITIONAL_REPRESENTATION('',(#3066),#3070);
#3066 = LINE('',#3067,#3068);
#3067 = CARTESIAN_POINT('',(39.,0.));
#3068 = VECTOR('',#3069,1.);
#3069 = DIRECTION('',(0.,1.));
#3070 = ( GEOMETRIC_REPRESENTATION_CONTEXT(2) 
PARAMETRIC_REPRESENTATION_CONTEXT() REPRESENTATION_CONTEXT('2D SPACE',''
  ) );
#3071 = ORIENTED_EDGE('',*,*,#3072,.F.);
#3072 = EDGE_CURVE('',#2963,#3040,#3073,.T.);
#3073 = SURFACE_CURVE('',#3074,(#3077,#3084),.PCURVE_S1.);
#3074 = B_SPLINE_CURVE_WITH_KNOTS('',1,(#3075,#3076),.UNSPECIFIED.,.F.,
  .F.,(2,2),(38.,39.),.PIECEWISE_BEZIER_KNOTS.);
#3075 = CARTESIAN_POINT('',(6.754547929448E-04,0.127,-8.268298034889E-04
    ));
#3076 = CARTESIAN_POINT('',(8.874978736087E-05,0.127,-7.462967063557E-04
    ));
#3077 = PCURVE('',#2979,#3078);
#3078 = DEFINITIONAL_REPRESENTATION('',(#3079),#3083);
#3079 = LINE('',#3080,#3081);
#3080 = CARTESIAN_POINT('',(0.,1.));
#3081 = VECTOR('',#3082,1.);
#3082 = DIRECTION('',(1.,0.));
#3083 = ( GEOMETRIC_REPRESENTATION_CONTEXT(2) 
PARAMETRIC_REPRESENTATION_CONTEXT() REPRESENTATION_CONTEXT('2D SPACE',''
  ) );
#3084 = PCURVE('',#124,#3085);
#3085 = DEFINITIONAL_REPRESENTATION('',(#3086),#3089);
#3086 = B_SPLINE_CURVE_WITH_KNOTS('',1,(#3087,#3088),.UNSPECIFIED.,.F.,
  .F.,(2,2),(38.,39.),.PIECEWISE_BEZIER_KNOTS.);
#3087 = CARTESIAN_POINT('',(9.203728705684E-03,-7.096942222827E-04));
#3088 = CARTESIAN_POINT('',(8.61164332316E-03,-7.216626437314E-04));
#3089 = ( GEOMETRIC_REPRESENTATION_CONTEXT(2) 
PARAMETRIC_REPRESENTATION_CONTEXT() REPRESENTATION_CONTEXT('2D SPACE',''
  ) );
#3090 = ORIENTED_EDGE('',*,*,#2962,.F.);
#3091 = ADVANCED_FACE('',(#3092),#3056,.T.);
#3092 = FACE_BOUND('',#3093,.T.);
#3093 = EDGE_LOOP('',(#3094,#3115,#3148,#3167));
#3094 = ORIENTED_EDGE('',*,*,#3095,.T.);
#3095 = EDGE_CURVE('',#3019,#3096,#3098,.T.);
#3096 = VERTEX_POINT('',#3097);
#3097 = CARTESIAN_POINT('',(-1.186915426367E-03,2.032E-02,
    -5.720844221033E-04));
#3098 = SURFACE_CURVE('',#3099,(#3102,#3109),.PCURVE_S1.);
#3099 = B_SPLINE_CURVE_WITH_KNOTS('',1,(#3100,#3101),.UNSPECIFIED.,.F.,
  .F.,(2,2),(39.,40.),.PIECEWISE_BEZIER_KNOTS.);
#3100 = CARTESIAN_POINT('',(-3.709957790524E-04,2.032E-02,
    -1.12718178517E-03));
#3101 = CARTESIAN_POINT('',(-1.186915426367E-03,2.032E-02,
    -5.720844221033E-04));
#3102 = PCURVE('',#3056,#3103);
#3103 = DEFINITIONAL_REPRESENTATION('',(#3104),#3108);
#3104 = LINE('',#3105,#3106);
#3105 = CARTESIAN_POINT('',(0.,0.));
#3106 = VECTOR('',#3107,1.);
#3107 = DIRECTION('',(1.,0.));
#3108 = ( GEOMETRIC_REPRESENTATION_CONTEXT(2) 
PARAMETRIC_REPRESENTATION_CONTEXT() REPRESENTATION_CONTEXT('2D SPACE',''
  ) );
#3109 = PCURVE('',#65,#3110);
#3110 = DEFINITIONAL_REPRESENTATION('',(#3111),#3114);
#3111 = B_SPLINE_CURVE_WITH_KNOTS('',1,(#3112,#3113),.UNSPECIFIED.,.F.,
  .F.,(2,2),(39.,40.),.PIECEWISE_BEZIER_KNOTS.);
#3112 = CARTESIAN_POINT('',(1.359733156288E-02,-1.139467332207E-03));
#3113 = CARTESIAN_POINT('',(1.261049891866E-02,-1.135075789727E-03));
#3114 = ( GEOMETRIC_REPRESENTATION_CONTEXT(2) 
PARAMETRIC_REPRESENTATION_CONTEXT() REPRESENTATION_CONTEXT('2D SPACE',''
  ) );
#3115 = ORIENTED_EDGE('',*,*,#3116,.T.);
#3116 = EDGE_CURVE('',#3096,#3117,#3119,.T.);
#3117 = VERTEX_POINT('',#3118);
#3118 = CARTESIAN_POINT('',(-5.281603339736E-04,0.127,
    -6.460612439154E-04));
#3119 = SURFACE_CURVE('',#3120,(#3125,#3132),.PCURVE_S1.);
#3120 = ( BOUNDED_CURVE() B_SPLINE_CURVE(3,(#3121,#3122,#3123,#3124),
.UNSPECIFIED.,.F.,.F.) B_SPLINE_CURVE_WITH_KNOTS((4,4),(0.,1.),
.PIECEWISE_BEZIER_KNOTS.) CURVE() GEOMETRIC_REPRESENTATION_ITEM() 
RATIONAL_B_SPLINE_CURVE((1.,1.,1.,1.)) REPRESENTATION_ITEM('') );
#3121 = CARTESIAN_POINT('',(-1.186915426367E-03,2.032E-02,
    -5.720844221033E-04));
#3122 = CARTESIAN_POINT('',(-1.557694082656E-03,5.57630709112E-02,
    -1.327117677454E-03));
#3123 = CARTESIAN_POINT('',(-9.098999467004E-04,9.160924192655E-02,
    -1.088614003187E-03));
#3124 = CARTESIAN_POINT('',(-5.281603339736E-04,0.127,
    -6.460612439154E-04));
#3125 = PCURVE('',#3056,#3126);
#3126 = DEFINITIONAL_REPRESENTATION('',(#3127),#3131);
#3127 = LINE('',#3128,#3129);
#3128 = CARTESIAN_POINT('',(40.,0.));
#3129 = VECTOR('',#3130,1.);
#3130 = DIRECTION('',(0.,1.));
#3131 = ( GEOMETRIC_REPRESENTATION_CONTEXT(2) 
PARAMETRIC_REPRESENTATION_CONTEXT() REPRESENTATION_CONTEXT('2D SPACE',''
  ) );
#3132 = PCURVE('',#3133,#3142);
#3133 = ( BOUNDED_SURFACE() B_SPLINE_SURFACE(1,3,(
    (#3134,#3135,#3136,#3137)
    ,(#3138,#3139,#3140,#3141
)),.UNSPECIFIED.,.F.,.F.,.F.) B_SPLINE_SURFACE_WITH_KNOTS((2,2),(4,4),(
    40.,41.),(0.,1.),.PIECEWISE_BEZIER_KNOTS.) 
GEOMETRIC_REPRESENTATION_ITEM() RATIONAL_B_SPLINE_SURFACE((
    (1.,1.,1.,1.)
,(1.,1.,1.,1.))) REPRESENTATION_ITEM('') SURFACE() );
#3134 = CARTESIAN_POINT('',(-1.186915426367E-03,2.032E-02,
    -5.720844221033E-04));
#3135 = CARTESIAN_POINT('',(-1.557694082656E-03,5.57630709112E-02,
    -1.327117677454E-03));
#3136 = CARTESIAN_POINT('',(-9.098999467004E-04,9.160924192655E-02,
    -1.088614003187E-03));
#3137 = CARTESIAN_POINT('',(-5.281603339736E-04,0.127,
    -6.460612439154E-04));
#3138 = CARTESIAN_POINT('',(-2.023603481991E-03,2.032E-02,
    2.297022273055E-05));
#3139 = CARTESIAN_POINT('',(-3.049120050831E-03,5.57630709112E-02,
    -7.628389274983E-04));
#3140 = CARTESIAN_POINT('',(-1.995001764234E-03,9.160924192655E-02,
    -8.768215733395E-04));
#3141 = CARTESIAN_POINT('',(-1.16768631183E-03,0.127,-5.284493397113E-04
    ));
#3142 = DEFINITIONAL_REPRESENTATION('',(#3143),#3147);
#3143 = LINE('',#3144,#3145);
#3144 = CARTESIAN_POINT('',(40.,0.));
#3145 = VECTOR('',#3146,1.);
#3146 = DIRECTION('',(0.,1.));
#3147 = ( GEOMETRIC_REPRESENTATION_CONTEXT(2) 
PARAMETRIC_REPRESENTATION_CONTEXT() REPRESENTATION_CONTEXT('2D SPACE',''
  ) );
#3148 = ORIENTED_EDGE('',*,*,#3149,.F.);
#3149 = EDGE_CURVE('',#3040,#3117,#3150,.T.);
#3150 = SURFACE_CURVE('',#3151,(#3154,#3161),.PCURVE_S1.);
#3151 = B_SPLINE_CURVE_WITH_KNOTS('',1,(#3152,#3153),.UNSPECIFIED.,.F.,
  .F.,(2,2),(39.,40.),.PIECEWISE_BEZIER_KNOTS.);
#3152 = CARTESIAN_POINT('',(8.874978736087E-05,0.127,-7.462967063557E-04
    ));
#3153 = CARTESIAN_POINT('',(-5.281603339736E-04,0.127,
    -6.460612439154E-04));
#3154 = PCURVE('',#3056,#3155);
#3155 = DEFINITIONAL_REPRESENTATION('',(#3156),#3160);
#3156 = LINE('',#3157,#3158);
#3157 = CARTESIAN_POINT('',(0.,1.));
#3158 = VECTOR('',#3159,1.);
#3159 = DIRECTION('',(1.,0.));
#3160 = ( GEOMETRIC_REPRESENTATION_CONTEXT(2) 
PARAMETRIC_REPRESENTATION_CONTEXT() REPRESENTATION_CONTEXT('2D SPACE',''
  ) );
#3161 = PCURVE('',#124,#3162);
#3162 = DEFINITIONAL_REPRESENTATION('',(#3163),#3166);
#3163 = B_SPLINE_CURVE_WITH_KNOTS('',1,(#3164,#3165),.UNSPECIFIED.,.F.,
  .F.,(2,2),(39.,40.),.PIECEWISE_BEZIER_KNOTS.);
#3164 = CARTESIAN_POINT('',(8.61164332316E-03,-7.216626437314E-04));
#3165 = CARTESIAN_POINT('',(7.986649315149E-03,-7.188813334935E-04));
#3166 = ( GEOMETRIC_REPRESENTATION_CONTEXT(2) 
PARAMETRIC_REPRESENTATION_CONTEXT() REPRESENTATION_CONTEXT('2D SPACE',''
  ) );
#3167 = ORIENTED_EDGE('',*,*,#3039,.F.);
#3168 = ADVANCED_FACE('',(#3169),#3133,.T.);
#3169 = FACE_BOUND('',#3170,.T.);
#3170 = EDGE_LOOP('',(#3171,#3192,#3225,#3244));
#3171 = ORIENTED_EDGE('',*,*,#3172,.T.);
#3172 = EDGE_CURVE('',#3096,#3173,#3175,.T.);
#3173 = VERTEX_POINT('',#3174);
#3174 = CARTESIAN_POINT('',(-2.023603481991E-03,2.032E-02,
    2.297022273055E-05));
#3175 = SURFACE_CURVE('',#3176,(#3179,#3186),.PCURVE_S1.);
#3176 = B_SPLINE_CURVE_WITH_KNOTS('',1,(#3177,#3178),.UNSPECIFIED.,.F.,
  .F.,(2,2),(40.,41.),.PIECEWISE_BEZIER_KNOTS.);
#3177 = CARTESIAN_POINT('',(-1.186915426367E-03,2.032E-02,
    -5.720844221033E-04));
#3178 = CARTESIAN_POINT('',(-2.023603481991E-03,2.032E-02,
    2.297022273055E-05));
#3179 = PCURVE('',#3133,#3180);
#3180 = DEFINITIONAL_REPRESENTATION('',(#3181),#3185);
#3181 = LINE('',#3182,#3183);
#3182 = CARTESIAN_POINT('',(0.,0.));
#3183 = VECTOR('',#3184,1.);
#3184 = DIRECTION('',(1.,0.));
#3185 = ( GEOMETRIC_REPRESENTATION_CONTEXT(2) 
PARAMETRIC_REPRESENTATION_CONTEXT() REPRESENTATION_CONTEXT('2D SPACE',''
  ) );
#3186 = PCURVE('',#65,#3187);
#3187 = DEFINITIONAL_REPRESENTATION('',(#3188),#3191);
#3188 = B_SPLINE_CURVE_WITH_KNOTS('',1,(#3189,#3190),.UNSPECIFIED.,.F.,
  .F.,(2,2),(40.,41.),.PIECEWISE_BEZIER_KNOTS.);
#3189 = CARTESIAN_POINT('',(1.261049891866E-02,-1.135075789727E-03));
#3190 = CARTESIAN_POINT('',(1.158411450074E-02,-1.109153609829E-03));
#3191 = ( GEOMETRIC_REPRESENTATION_CONTEXT(2) 
PARAMETRIC_REPRESENTATION_CONTEXT() REPRESENTATION_CONTEXT('2D SPACE',''
  ) );
#3192 = ORIENTED_EDGE('',*,*,#3193,.T.);
#3193 = EDGE_CURVE('',#3173,#3194,#3196,.T.);
#3194 = VERTEX_POINT('',#3195);
#3195 = CARTESIAN_POINT('',(-1.16768631183E-03,0.127,-5.284493397113E-04
    ));
#3196 = SURFACE_CURVE('',#3197,(#3202,#3209),.PCURVE_S1.);
#3197 = ( BOUNDED_CURVE() B_SPLINE_CURVE(3,(#3198,#3199,#3200,#3201),
.UNSPECIFIED.,.F.,.F.) B_SPLINE_CURVE_WITH_KNOTS((4,4),(0.,1.),
.PIECEWISE_BEZIER_KNOTS.) CURVE() GEOMETRIC_REPRESENTATION_ITEM() 
RATIONAL_B_SPLINE_CURVE((1.,1.,1.,1.)) REPRESENTATION_ITEM('') );
#3198 = CARTESIAN_POINT('',(-2.023603481991E-03,2.032E-02,
    2.297022273055E-05));
#3199 = CARTESIAN_POINT('',(-3.049120050831E-03,5.57630709112E-02,
    -7.628389274983E-04));
#3200 = CARTESIAN_POINT('',(-1.995001764234E-03,9.160924192655E-02,
    -8.768215733395E-04));
#3201 = CARTESIAN_POINT('',(-1.16768631183E-03,0.127,-5.284493397113E-04
    ));
#3202 = PCURVE('',#3133,#3203);
#3203 = DEFINITIONAL_REPRESENTATION('',(#3204),#3208);
#3204 = LINE('',#3205,#3206);
#3205 = CARTESIAN_POINT('',(41.,0.));
#3206 = VECTOR('',#3207,1.);
#3207 = DIRECTION('',(0.,1.));
#3208 = ( GEOMETRIC_REPRESENTATION_CONTEXT(2) 
PARAMETRIC_REPRESENTATION_CONTEXT() REPRESENTATION_CONTEXT('2D SPACE',''
  ) );
#3209 = PCURVE('',#3210,#3219);
#3210 = ( BOUNDED_SURFACE() B_SPLINE_SURFACE(1,3,(
    (#3211,#3212,#3213,#3214)
    ,(#3215,#3216,#3217,#3218
)),.UNSPECIFIED.,.F.,.F.,.F.) B_SPLINE_SURFACE_WITH_KNOTS((2,2),(4,4),(
    41.,42.),(0.,1.),.PIECEWISE_BEZIER_KNOTS.) 
GEOMETRIC_REPRESENTATION_ITEM() RATIONAL_B_SPLINE_SURFACE((
    (1.,1.,1.,1.)
,(1.,1.,1.,1.))) REPRESENTATION_ITEM('') SURFACE() );
#3211 = CARTESIAN_POINT('',(-2.023603481991E-03,2.032E-02,
    2.297022273055E-05));
#3212 = CARTESIAN_POINT('',(-3.049120050831E-03,5.57630709112E-02,
    -7.628389274983E-04));
#3213 = CARTESIAN_POINT('',(-1.995001764234E-03,9.160924192655E-02,
    -8.768215733395E-04));
#3214 = CARTESIAN_POINT('',(-1.16768631183E-03,0.127,-5.284493397113E-04
    ));
#3215 = CARTESIAN_POINT('',(-2.87168675508E-03,2.032E-02,
    6.487960528359E-04));
#3216 = CARTESIAN_POINT('',(-4.569789677265E-03,5.57630709112E-02,
    -1.568224606735E-04));
#3217 = CARTESIAN_POINT('',(-3.104955907551E-03,9.160924192655E-02,
    -6.399124971769E-04));
#3218 = CARTESIAN_POINT('',(-1.821989247818E-03,0.127,-3.96224954881E-04
    ));
#3219 = DEFINITIONAL_REPRESENTATION('',(#3220),#3224);
#3220 = LINE('',#3221,#3222);
#3221 = CARTESIAN_POINT('',(41.,0.));
#3222 = VECTOR('',#3223,1.);
#3223 = DIRECTION('',(0.,1.));
#3224 = ( GEOMETRIC_REPRESENTATION_CONTEXT(2) 
PARAMETRIC_REPRESENTATION_CONTEXT() REPRESENTATION_CONTEXT('2D SPACE',''
  ) );
#3225 = ORIENTED_EDGE('',*,*,#3226,.F.);
#3226 = EDGE_CURVE('',#3117,#3194,#3227,.T.);
#3227 = SURFACE_CURVE('',#3228,(#3231,#3238),.PCURVE_S1.);
#3228 = B_SPLINE_CURVE_WITH_KNOTS('',1,(#3229,#3230),.UNSPECIFIED.,.F.,
  .F.,(2,2),(40.,41.),.PIECEWISE_BEZIER_KNOTS.);
#3229 = CARTESIAN_POINT('',(-5.281603339736E-04,0.127,
    -6.460612439154E-04));
#3230 = CARTESIAN_POINT('',(-1.16768631183E-03,0.127,-5.284493397113E-04
    ));
#3231 = PCURVE('',#3133,#3232);
#3232 = DEFINITIONAL_REPRESENTATION('',(#3233),#3237);
#3233 = LINE('',#3234,#3235);
#3234 = CARTESIAN_POINT('',(0.,1.));
#3235 = VECTOR('',#3236,1.);
#3236 = DIRECTION('',(1.,0.));
#3237 = ( GEOMETRIC_REPRESENTATION_CONTEXT(2) 
PARAMETRIC_REPRESENTATION_CONTEXT() REPRESENTATION_CONTEXT('2D SPACE',''
  ) );
#3238 = PCURVE('',#124,#3239);
#3239 = DEFINITIONAL_REPRESENTATION('',(#3240),#3243);
#3240 = B_SPLINE_CURVE_WITH_KNOTS('',1,(#3241,#3242),.UNSPECIFIED.,.F.,
  .F.,(2,2),(40.,41.),.PIECEWISE_BEZIER_KNOTS.);
#3241 = CARTESIAN_POINT('',(7.986649315149E-03,-7.188813334935E-04));
#3242 = CARTESIAN_POINT('',(7.336605850466E-03,-7.024639528919E-04));
#3243 = ( GEOMETRIC_REPRESENTATION_CONTEXT(2) 
PARAMETRIC_REPRESENTATION_CONTEXT() REPRESENTATION_CONTEXT('2D SPACE',''
  ) );
#3244 = ORIENTED_EDGE('',*,*,#3116,.F.);
#3245 = ADVANCED_FACE('',(#3246),#3210,.T.);
#3246 = FACE_BOUND('',#3247,.T.);
#3247 = EDGE_LOOP('',(#3248,#3269,#3302,#3321));
#3248 = ORIENTED_EDGE('',*,*,#3249,.T.);
#3249 = EDGE_CURVE('',#3173,#3250,#3252,.T.);
#3250 = VERTEX_POINT('',#3251);
#3251 = CARTESIAN_POINT('',(-2.87168675508E-03,2.032E-02,
    6.487960528359E-04));
#3252 = SURFACE_CURVE('',#3253,(#3256,#3263),.PCURVE_S1.);
#3253 = B_SPLINE_CURVE_WITH_KNOTS('',1,(#3254,#3255),.UNSPECIFIED.,.F.,
  .F.,(2,2),(41.,42.),.PIECEWISE_BEZIER_KNOTS.);
#3254 = CARTESIAN_POINT('',(-2.023603481991E-03,2.032E-02,
    2.297022273055E-05));
#3255 = CARTESIAN_POINT('',(-2.87168675508E-03,2.032E-02,
    6.487960528359E-04));
#3256 = PCURVE('',#3210,#3257);
#3257 = DEFINITIONAL_REPRESENTATION('',(#3258),#3262);
#3258 = LINE('',#3259,#3260);
#3259 = CARTESIAN_POINT('',(0.,0.));
#3260 = VECTOR('',#3261,1.);
#3261 = DIRECTION('',(1.,0.));
#3262 = ( GEOMETRIC_REPRESENTATION_CONTEXT(2) 
PARAMETRIC_REPRESENTATION_CONTEXT() REPRESENTATION_CONTEXT('2D SPACE',''
  ) );
#3263 = PCURVE('',#65,#3264);
#3264 = DEFINITIONAL_REPRESENTATION('',(#3265),#3268);
#3265 = B_SPLINE_CURVE_WITH_KNOTS('',1,(#3266,#3267),.UNSPECIFIED.,.F.,
  .F.,(2,2),(41.,42.),.PIECEWISE_BEZIER_KNOTS.);
#3266 = CARTESIAN_POINT('',(1.158411450074E-02,-1.109153609829E-03));
#3267 = CARTESIAN_POINT('',(1.0531084749E-02,-1.064080894435E-03));
#3268 = ( GEOMETRIC_REPRESENTATION_CONTEXT(2) 
PARAMETRIC_REPRESENTATION_CONTEXT() REPRESENTATION_CONTEXT('2D SPACE',''
  ) );
#3269 = ORIENTED_EDGE('',*,*,#3270,.T.);
#3270 = EDGE_CURVE('',#3250,#3271,#3273,.T.);
#3271 = VERTEX_POINT('',#3272);
#3272 = CARTESIAN_POINT('',(-1.821989247818E-03,0.127,-3.96224954881E-04
    ));
#3273 = SURFACE_CURVE('',#3274,(#3279,#3286),.PCURVE_S1.);
#3274 = ( BOUNDED_CURVE() B_SPLINE_CURVE(3,(#3275,#3276,#3277,#3278),
.UNSPECIFIED.,.F.,.F.) B_SPLINE_CURVE_WITH_KNOTS((4,4),(0.,1.),
.PIECEWISE_BEZIER_KNOTS.) CURVE() GEOMETRIC_REPRESENTATION_ITEM() 
RATIONAL_B_SPLINE_CURVE((1.,1.,1.,1.)) REPRESENTATION_ITEM('') );
#3275 = CARTESIAN_POINT('',(-2.87168675508E-03,2.032E-02,
    6.487960528359E-04));
#3276 = CARTESIAN_POINT('',(-4.569789677265E-03,5.57630709112E-02,
    -1.568224606735E-04));
#3277 = CARTESIAN_POINT('',(-3.104955907551E-03,9.160924192655E-02,
    -6.399124971769E-04));
#3278 = CARTESIAN_POINT('',(-1.821989247818E-03,0.127,-3.96224954881E-04
    ));
#3279 = PCURVE('',#3210,#3280);
#3280 = DEFINITIONAL_REPRESENTATION('',(#3281),#3285);
#3281 = LINE('',#3282,#3283);
#3282 = CARTESIAN_POINT('',(42.,0.));
#3283 = VECTOR('',#3284,1.);
#3284 = DIRECTION('',(0.,1.));
#3285 = ( GEOMETRIC_REPRESENTATION_CONTEXT(2) 
PARAMETRIC_REPRESENTATION_CONTEXT() REPRESENTATION_CONTEXT('2D SPACE',''
  ) );
#3286 = PCURVE('',#3287,#3296);
#3287 = ( BOUNDED_SURFACE() B_SPLINE_SURFACE(1,3,(
    (#3288,#3289,#3290,#3291)
    ,(#3292,#3293,#3294,#3295
)),.UNSPECIFIED.,.F.,.F.,.F.) B_SPLINE_SURFACE_WITH_KNOTS((2,2),(4,4),(
    42.,43.),(0.,1.),.PIECEWISE_BEZIER_KNOTS.) 
GEOMETRIC_REPRESENTATION_ITEM() RATIONAL_B_SPLINE_SURFACE((
    (1.,1.,1.,1.)
,(1.,1.,1.,1.))) REPRESENTATION_ITEM('') SURFACE() );
#3288 = CARTESIAN_POINT('',(-2.87168675508E-03,2.032E-02,
    6.487960528359E-04));
#3289 = CARTESIAN_POINT('',(-4.569789677265E-03,5.57630709112E-02,
    -1.568224606735E-04));
#3290 = CARTESIAN_POINT('',(-3.104955907551E-03,9.160924192655E-02,
    -6.399124971769E-04));
#3291 = CARTESIAN_POINT('',(-1.821989247818E-03,0.127,-3.96224954881E-04
    ));
#3292 = CARTESIAN_POINT('',(-3.721746899199E-03,2.032E-02,
    1.295674498955E-03));
#3293 = CARTESIAN_POINT('',(-6.101724390721E-03,5.57630709112E-02,
    4.800425189321E-04));
#3294 = CARTESIAN_POINT('',(-4.226205433969E-03,9.160924192655E-02,
    -3.83233151881E-04));
#3295 = CARTESIAN_POINT('',(-2.483061803747E-03,0.127,
    -2.524456009632E-04));
#3296 = DEFINITIONAL_REPRESENTATION('',(#3297),#3301);
#3297 = LINE('',#3298,#3299);
#3298 = CARTESIAN_POINT('',(42.,0.));
#3299 = VECTOR('',#3300,1.);
#3300 = DIRECTION('',(0.,1.));
#3301 = ( GEOMETRIC_REPRESENTATION_CONTEXT(2) 
PARAMETRIC_REPRESENTATION_CONTEXT() REPRESENTATION_CONTEXT('2D SPACE',''
  ) );
#3302 = ORIENTED_EDGE('',*,*,#3303,.F.);
#3303 = EDGE_CURVE('',#3194,#3271,#3304,.T.);
#3304 = SURFACE_CURVE('',#3305,(#3308,#3315),.PCURVE_S1.);
#3305 = B_SPLINE_CURVE_WITH_KNOTS('',1,(#3306,#3307),.UNSPECIFIED.,.F.,
  .F.,(2,2),(41.,42.),.PIECEWISE_BEZIER_KNOTS.);
#3306 = CARTESIAN_POINT('',(-1.16768631183E-03,0.127,-5.284493397113E-04
    ));
#3307 = CARTESIAN_POINT('',(-1.821989247818E-03,0.127,-3.96224954881E-04
    ));
#3308 = PCURVE('',#3210,#3309);
#3309 = DEFINITIONAL_REPRESENTATION('',(#3310),#3314);
#3310 = LINE('',#3311,#3312);
#3311 = CARTESIAN_POINT('',(0.,1.));
#3312 = VECTOR('',#3313,1.);
#3313 = DIRECTION('',(1.,0.));
#3314 = ( GEOMETRIC_REPRESENTATION_CONTEXT(2) 
PARAMETRIC_REPRESENTATION_CONTEXT() REPRESENTATION_CONTEXT('2D SPACE',''
  ) );
#3315 = PCURVE('',#124,#3316);
#3316 = DEFINITIONAL_REPRESENTATION('',(#3317),#3320);
#3317 = B_SPLINE_CURVE_WITH_KNOTS('',1,(#3318,#3319),.UNSPECIFIED.,.F.,
  .F.,(2,2),(41.,42.),.PIECEWISE_BEZIER_KNOTS.);
#3318 = CARTESIAN_POINT('',(7.336605850466E-03,-7.024639528919E-04));
#3319 = CARTESIAN_POINT('',(6.669687007698E-03,-6.739178998086E-04));
#3320 = ( GEOMETRIC_REPRESENTATION_CONTEXT(2) 
PARAMETRIC_REPRESENTATION_CONTEXT() REPRESENTATION_CONTEXT('2D SPACE',''
  ) );
#3321 = ORIENTED_EDGE('',*,*,#3193,.F.);
#3322 = ADVANCED_FACE('',(#3323),#3287,.T.);
#3323 = FACE_BOUND('',#3324,.T.);
#3324 = EDGE_LOOP('',(#3325,#3346,#3379,#3398));
#3325 = ORIENTED_EDGE('',*,*,#3326,.T.);
#3326 = EDGE_CURVE('',#3250,#3327,#3329,.T.);
#3327 = VERTEX_POINT('',#3328);
#3328 = CARTESIAN_POINT('',(-3.721746899199E-03,2.032E-02,
    1.295674498955E-03));
#3329 = SURFACE_CURVE('',#3330,(#3333,#3340),.PCURVE_S1.);
#3330 = B_SPLINE_CURVE_WITH_KNOTS('',1,(#3331,#3332),.UNSPECIFIED.,.F.,
  .F.,(2,2),(42.,43.),.PIECEWISE_BEZIER_KNOTS.);
#3331 = CARTESIAN_POINT('',(-2.87168675508E-03,2.032E-02,
    6.487960528359E-04));
#3332 = CARTESIAN_POINT('',(-3.721746899199E-03,2.032E-02,
    1.295674498955E-03));
#3333 = PCURVE('',#3287,#3334);
#3334 = DEFINITIONAL_REPRESENTATION('',(#3335),#3339);
#3335 = LINE('',#3336,#3337);
#3336 = CARTESIAN_POINT('',(0.,0.));
#3337 = VECTOR('',#3338,1.);
#3338 = DIRECTION('',(1.,0.));
#3339 = ( GEOMETRIC_REPRESENTATION_CONTEXT(2) 
PARAMETRIC_REPRESENTATION_CONTEXT() REPRESENTATION_CONTEXT('2D SPACE',''
  ) );
#3340 = PCURVE('',#65,#3341);
#3341 = DEFINITIONAL_REPRESENTATION('',(#3342),#3345);
#3342 = B_SPLINE_CURVE_WITH_KNOTS('',1,(#3343,#3344),.UNSPECIFIED.,.F.,
  .F.,(2,2),(42.,43.),.PIECEWISE_BEZIER_KNOTS.);
#3343 = CARTESIAN_POINT('',(1.0531084749E-02,-1.064080894435E-03));
#3344 = CARTESIAN_POINT('',(9.464651103558E-03,-1.002654087998E-03));
#3345 = ( GEOMETRIC_REPRESENTATION_CONTEXT(2) 
PARAMETRIC_REPRESENTATION_CONTEXT() REPRESENTATION_CONTEXT('2D SPACE',''
  ) );
#3346 = ORIENTED_EDGE('',*,*,#3347,.T.);
#3347 = EDGE_CURVE('',#3327,#3348,#3350,.T.);
#3348 = VERTEX_POINT('',#3349);
#3349 = CARTESIAN_POINT('',(-2.483061803747E-03,0.127,
    -2.524456009632E-04));
#3350 = SURFACE_CURVE('',#3351,(#3356,#3363),.PCURVE_S1.);
#3351 = ( BOUNDED_CURVE() B_SPLINE_CURVE(3,(#3352,#3353,#3354,#3355),
.UNSPECIFIED.,.F.,.F.) B_SPLINE_CURVE_WITH_KNOTS((4,4),(0.,1.),
.PIECEWISE_BEZIER_KNOTS.) CURVE() GEOMETRIC_REPRESENTATION_ITEM() 
RATIONAL_B_SPLINE_CURVE((1.,1.,1.,1.)) REPRESENTATION_ITEM('') );
#3352 = CARTESIAN_POINT('',(-3.721746899199E-03,2.032E-02,
    1.295674498955E-03));
#3353 = CARTESIAN_POINT('',(-6.101724390721E-03,5.57630709112E-02,
    4.800425189321E-04));
#3354 = CARTESIAN_POINT('',(-4.226205433969E-03,9.160924192655E-02,
    -3.83233151881E-04));
#3355 = CARTESIAN_POINT('',(-2.483061803747E-03,0.127,
    -2.524456009632E-04));
#3356 = PCURVE('',#3287,#3357);
#3357 = DEFINITIONAL_REPRESENTATION('',(#3358),#3362);
#3358 = LINE('',#3359,#3360);
#3359 = CARTESIAN_POINT('',(43.,0.));
#3360 = VECTOR('',#3361,1.);
#3361 = DIRECTION('',(0.,1.));
#3362 = ( GEOMETRIC_REPRESENTATION_CONTEXT(2) 
PARAMETRIC_REPRESENTATION_CONTEXT() REPRESENTATION_CONTEXT('2D SPACE',''
  ) );
#3363 = PCURVE('',#3364,#3373);
#3364 = ( BOUNDED_SURFACE() B_SPLINE_SURFACE(1,3,(
    (#3365,#3366,#3367,#3368)
    ,(#3369,#3370,#3371,#3372
)),.UNSPECIFIED.,.F.,.F.,.F.) B_SPLINE_SURFACE_WITH_KNOTS((2,2),(4,4),(
    43.,44.),(0.,1.),.PIECEWISE_BEZIER_KNOTS.) 
GEOMETRIC_REPRESENTATION_ITEM() RATIONAL_B_SPLINE_SURFACE((
    (1.,1.,1.,1.)
,(1.,1.,1.,1.))) REPRESENTATION_ITEM('') SURFACE() );
#3365 = CARTESIAN_POINT('',(-3.721746899199E-03,2.032E-02,
    1.295674498955E-03));
#3366 = CARTESIAN_POINT('',(-6.101724390721E-03,5.57630709112E-02,
    4.800425189321E-04));
#3367 = CARTESIAN_POINT('',(-4.226205433969E-03,9.160924192655E-02,
    -3.83233151881E-04));
#3368 = CARTESIAN_POINT('',(-2.483061803747E-03,0.127,
    -2.524456009632E-04));
#3369 = CARTESIAN_POINT('',(-4.56434505085E-03,2.032E-02,
    1.953615803855E-03));
#3370 = CARTESIAN_POINT('',(-7.626807942665E-03,5.57630709112E-02,
    1.136467484432E-03));
#3371 = CARTESIAN_POINT('',(-5.345052753009E-03,9.160924192655E-02,
    -1.123867831277E-04));
#3372 = CARTESIAN_POINT('',(-3.142812279046E-03,0.127,
    -1.003189584601E-04));
#3373 = DEFINITIONAL_REPRESENTATION('',(#3374),#3378);
#3374 = LINE('',#3375,#3376);
#3375 = CARTESIAN_POINT('',(43.,0.));
#3376 = VECTOR('',#3377,1.);
#3377 = DIRECTION('',(0.,1.));
#3378 = ( GEOMETRIC_REPRESENTATION_CONTEXT(2) 
PARAMETRIC_REPRESENTATION_CONTEXT() REPRESENTATION_CONTEXT('2D SPACE',''
  ) );
#3379 = ORIENTED_EDGE('',*,*,#3380,.F.);
#3380 = EDGE_CURVE('',#3271,#3348,#3381,.T.);
#3381 = SURFACE_CURVE('',#3382,(#3385,#3392),.PCURVE_S1.);
#3382 = B_SPLINE_CURVE_WITH_KNOTS('',1,(#3383,#3384),.UNSPECIFIED.,.F.,
  .F.,(2,2),(42.,43.),.PIECEWISE_BEZIER_KNOTS.);
#3383 = CARTESIAN_POINT('',(-1.821989247818E-03,0.127,-3.96224954881E-04
    ));
#3384 = CARTESIAN_POINT('',(-2.483061803747E-03,0.127,
    -2.524456009632E-04));
#3385 = PCURVE('',#3287,#3386);
#3386 = DEFINITIONAL_REPRESENTATION('',(#3387),#3391);
#3387 = LINE('',#3388,#3389);
#3388 = CARTESIAN_POINT('',(0.,1.));
#3389 = VECTOR('',#3390,1.);
#3390 = DIRECTION('',(1.,0.));
#3391 = ( GEOMETRIC_REPRESENTATION_CONTEXT(2) 
PARAMETRIC_REPRESENTATION_CONTEXT() REPRESENTATION_CONTEXT('2D SPACE',''
  ) );
#3392 = PCURVE('',#124,#3393);
#3393 = DEFINITIONAL_REPRESENTATION('',(#3394),#3397);
#3394 = B_SPLINE_CURVE_WITH_KNOTS('',1,(#3395,#3396),.UNSPECIFIED.,.F.,
  .F.,(2,2),(42.,43.),.PIECEWISE_BEZIER_KNOTS.);
#3395 = CARTESIAN_POINT('',(6.669687007698E-03,-6.739178998086E-04));
#3396 = CARTESIAN_POINT('',(5.994279032253E-03,-6.350142557323E-04));
#3397 = ( GEOMETRIC_REPRESENTATION_CONTEXT(2) 
PARAMETRIC_REPRESENTATION_CONTEXT() REPRESENTATION_CONTEXT('2D SPACE',''
  ) );
#3398 = ORIENTED_EDGE('',*,*,#3270,.F.);
#3399 = ADVANCED_FACE('',(#3400),#3364,.T.);
#3400 = FACE_BOUND('',#3401,.T.);
#3401 = EDGE_LOOP('',(#3402,#3423,#3456,#3475));
#3402 = ORIENTED_EDGE('',*,*,#3403,.T.);
#3403 = EDGE_CURVE('',#3327,#3404,#3406,.T.);
#3404 = VERTEX_POINT('',#3405);
#3405 = CARTESIAN_POINT('',(-4.56434505085E-03,2.032E-02,
    1.953615803855E-03));
#3406 = SURFACE_CURVE('',#3407,(#3410,#3417),.PCURVE_S1.);
#3407 = B_SPLINE_CURVE_WITH_KNOTS('',1,(#3408,#3409),.UNSPECIFIED.,.F.,
  .F.,(2,2),(43.,44.),.PIECEWISE_BEZIER_KNOTS.);
#3408 = CARTESIAN_POINT('',(-3.721746899199E-03,2.032E-02,
    1.295674498955E-03));
#3409 = CARTESIAN_POINT('',(-4.56434505085E-03,2.032E-02,
    1.953615803855E-03));
#3410 = PCURVE('',#3364,#3411);
#3411 = DEFINITIONAL_REPRESENTATION('',(#3412),#3416);
#3412 = LINE('',#3413,#3414);
#3413 = CARTESIAN_POINT('',(0.,0.));
#3414 = VECTOR('',#3415,1.);
#3415 = DIRECTION('',(1.,0.));
#3416 = ( GEOMETRIC_REPRESENTATION_CONTEXT(2) 
PARAMETRIC_REPRESENTATION_CONTEXT() REPRESENTATION_CONTEXT('2D SPACE',''
  ) );
#3417 = PCURVE('',#65,#3418);
#3418 = DEFINITIONAL_REPRESENTATION('',(#3419),#3422);
#3419 = B_SPLINE_CURVE_WITH_KNOTS('',1,(#3420,#3421),.UNSPECIFIED.,.F.,
  .F.,(2,2),(43.,44.),.PIECEWISE_BEZIER_KNOTS.);
#3420 = CARTESIAN_POINT('',(9.464651103558E-03,-1.002654087998E-03));
#3421 = CARTESIAN_POINT('',(8.398223562724E-03,-9.278830641363E-04));
#3422 = ( GEOMETRIC_REPRESENTATION_CONTEXT(2) 
PARAMETRIC_REPRESENTATION_CONTEXT() REPRESENTATION_CONTEXT('2D SPACE',''
  ) );
#3423 = ORIENTED_EDGE('',*,*,#3424,.T.);
#3424 = EDGE_CURVE('',#3404,#3425,#3427,.T.);
#3425 = VERTEX_POINT('',#3426);
#3426 = CARTESIAN_POINT('',(-3.142812279046E-03,0.127,
    -1.003189584601E-04));
#3427 = SURFACE_CURVE('',#3428,(#3433,#3440),.PCURVE_S1.);
#3428 = ( BOUNDED_CURVE() B_SPLINE_CURVE(3,(#3429,#3430,#3431,#3432),
.UNSPECIFIED.,.F.,.F.) B_SPLINE_CURVE_WITH_KNOTS((4,4),(0.,1.),
.PIECEWISE_BEZIER_KNOTS.) CURVE() GEOMETRIC_REPRESENTATION_ITEM() 
RATIONAL_B_SPLINE_CURVE((1.,1.,1.,1.)) REPRESENTATION_ITEM('') );
#3429 = CARTESIAN_POINT('',(-4.56434505085E-03,2.032E-02,
    1.953615803855E-03));
#3430 = CARTESIAN_POINT('',(-7.626807942665E-03,5.57630709112E-02,
    1.136467484432E-03));
#3431 = CARTESIAN_POINT('',(-5.345052753009E-03,9.160924192655E-02,
    -1.123867831277E-04));
#3432 = CARTESIAN_POINT('',(-3.142812279046E-03,0.127,
    -1.003189584601E-04));
#3433 = PCURVE('',#3364,#3434);
#3434 = DEFINITIONAL_REPRESENTATION('',(#3435),#3439);
#3435 = LINE('',#3436,#3437);
#3436 = CARTESIAN_POINT('',(44.,0.));
#3437 = VECTOR('',#3438,1.);
#3438 = DIRECTION('',(0.,1.));
#3439 = ( GEOMETRIC_REPRESENTATION_CONTEXT(2) 
PARAMETRIC_REPRESENTATION_CONTEXT() REPRESENTATION_CONTEXT('2D SPACE',''
  ) );
#3440 = PCURVE('',#3441,#3450);
#3441 = ( BOUNDED_SURFACE() B_SPLINE_SURFACE(1,3,(
    (#3442,#3443,#3444,#3445)
    ,(#3446,#3447,#3448,#3449
)),.UNSPECIFIED.,.F.,.F.,.F.) B_SPLINE_SURFACE_WITH_KNOTS((2,2),(4,4),(
    44.,45.),(0.,1.),.PIECEWISE_BEZIER_KNOTS.) 
GEOMETRIC_REPRESENTATION_ITEM() RATIONAL_B_SPLINE_SURFACE((
    (1.,1.,1.,1.)
,(1.,1.,1.,1.))) REPRESENTATION_ITEM('') SURFACE() );
#3442 = CARTESIAN_POINT('',(-4.56434505085E-03,2.032E-02,
    1.953615803855E-03));
#3443 = CARTESIAN_POINT('',(-7.626807942665E-03,5.57630709112E-02,
    1.136467484432E-03));
#3444 = CARTESIAN_POINT('',(-5.345052753009E-03,9.160924192655E-02,
    -1.123867831277E-04));
#3445 = CARTESIAN_POINT('',(-3.142812279046E-03,0.127,
    -1.003189584601E-04));
#3446 = CARTESIAN_POINT('',(-5.390066541072E-03,2.032E-02,
    2.612594340425E-03));
#3447 = CARTESIAN_POINT('',(-9.126946298557E-03,5.57630709112E-02,
    1.801100488237E-03));
#3448 = CARTESIAN_POINT('',(-6.447808063039E-03,9.160924192655E-02,
    1.669774286829E-04));
#3449 = CARTESIAN_POINT('',(-3.793153259815E-03,0.127,5.692022713205E-05
    ));
#3450 = DEFINITIONAL_REPRESENTATION('',(#3451),#3455);
#3451 = LINE('',#3452,#3453);
#3452 = CARTESIAN_POINT('',(44.,0.));
#3453 = VECTOR('',#3454,1.);
#3454 = DIRECTION('',(0.,1.));
#3455 = ( GEOMETRIC_REPRESENTATION_CONTEXT(2) 
PARAMETRIC_REPRESENTATION_CONTEXT() REPRESENTATION_CONTEXT('2D SPACE',''
  ) );
#3456 = ORIENTED_EDGE('',*,*,#3457,.F.);
#3457 = EDGE_CURVE('',#3348,#3425,#3458,.T.);
#3458 = SURFACE_CURVE('',#3459,(#3462,#3469),.PCURVE_S1.);
#3459 = B_SPLINE_CURVE_WITH_KNOTS('',1,(#3460,#3461),.UNSPECIFIED.,.F.,
  .F.,(2,2),(43.,44.),.PIECEWISE_BEZIER_KNOTS.);
#3460 = CARTESIAN_POINT('',(-2.483061803747E-03,0.127,
    -2.524456009632E-04));
#3461 = CARTESIAN_POINT('',(-3.142812279046E-03,0.127,
    -1.003189584601E-04));
#3462 = PCURVE('',#3364,#3463);
#3463 = DEFINITIONAL_REPRESENTATION('',(#3464),#3468);
#3464 = LINE('',#3465,#3466);
#3465 = CARTESIAN_POINT('',(0.,1.));
#3466 = VECTOR('',#3467,1.);
#3467 = DIRECTION('',(1.,0.));
#3468 = ( GEOMETRIC_REPRESENTATION_CONTEXT(2) 
PARAMETRIC_REPRESENTATION_CONTEXT() REPRESENTATION_CONTEXT('2D SPACE',''
  ) );
#3469 = PCURVE('',#124,#3470);
#3470 = DEFINITIONAL_REPRESENTATION('',(#3471),#3474);
#3471 = B_SPLINE_CURVE_WITH_KNOTS('',1,(#3472,#3473),.UNSPECIFIED.,.F.,
  .F.,(2,2),(43.,44.),.PIECEWISE_BEZIER_KNOTS.);
#3472 = CARTESIAN_POINT('',(5.994279032253E-03,-6.350142557323E-04));
#3473 = CARTESIAN_POINT('',(5.318874923058E-03,-5.87659273953E-04));
#3474 = ( GEOMETRIC_REPRESENTATION_CONTEXT(2) 
PARAMETRIC_REPRESENTATION_CONTEXT() REPRESENTATION_CONTEXT('2D SPACE',''
  ) );
#3475 = ORIENTED_EDGE('',*,*,#3347,.F.);
#3476 = ADVANCED_FACE('',(#3477),#3441,.T.);
#3477 = FACE_BOUND('',#3478,.T.);
#3478 = EDGE_LOOP('',(#3479,#3500,#3533,#3552));
#3479 = ORIENTED_EDGE('',*,*,#3480,.T.);
#3480 = EDGE_CURVE('',#3404,#3481,#3483,.T.);
#3481 = VERTEX_POINT('',#3482);
#3482 = CARTESIAN_POINT('',(-5.390066541072E-03,2.032E-02,
    2.612594340425E-03));
#3483 = SURFACE_CURVE('',#3484,(#3487,#3494),.PCURVE_S1.);
#3484 = B_SPLINE_CURVE_WITH_KNOTS('',1,(#3485,#3486),.UNSPECIFIED.,.F.,
  .F.,(2,2),(44.,45.),.PIECEWISE_BEZIER_KNOTS.);
#3485 = CARTESIAN_POINT('',(-4.56434505085E-03,2.032E-02,
    1.953615803855E-03));
#3486 = CARTESIAN_POINT('',(-5.390066541072E-03,2.032E-02,
    2.612594340425E-03));
#3487 = PCURVE('',#3441,#3488);
#3488 = DEFINITIONAL_REPRESENTATION('',(#3489),#3493);
#3489 = LINE('',#3490,#3491);
#3490 = CARTESIAN_POINT('',(0.,0.));
#3491 = VECTOR('',#3492,1.);
#3492 = DIRECTION('',(1.,0.));
#3493 = ( GEOMETRIC_REPRESENTATION_CONTEXT(2) 
PARAMETRIC_REPRESENTATION_CONTEXT() REPRESENTATION_CONTEXT('2D SPACE',''
  ) );
#3494 = PCURVE('',#65,#3495);
#3495 = DEFINITIONAL_REPRESENTATION('',(#3496),#3499);
#3496 = B_SPLINE_CURVE_WITH_KNOTS('',1,(#3497,#3498),.UNSPECIFIED.,.F.,
  .F.,(2,2),(44.,45.),.PIECEWISE_BEZIER_KNOTS.);
#3497 = CARTESIAN_POINT('',(8.398223562724E-03,-9.278830641363E-04));
#3498 = CARTESIAN_POINT('',(7.345212105006E-03,-8.428209633471E-04));
#3499 = ( GEOMETRIC_REPRESENTATION_CONTEXT(2) 
PARAMETRIC_REPRESENTATION_CONTEXT() REPRESENTATION_CONTEXT('2D SPACE',''
  ) );
#3500 = ORIENTED_EDGE('',*,*,#3501,.T.);
#3501 = EDGE_CURVE('',#3481,#3502,#3504,.T.);
#3502 = VERTEX_POINT('',#3503);
#3503 = CARTESIAN_POINT('',(-3.793153259815E-03,0.127,5.692022713205E-05
    ));
#3504 = SURFACE_CURVE('',#3505,(#3510,#3517),.PCURVE_S1.);
#3505 = ( BOUNDED_CURVE() B_SPLINE_CURVE(3,(#3506,#3507,#3508,#3509),
.UNSPECIFIED.,.F.,.F.) B_SPLINE_CURVE_WITH_KNOTS((4,4),(0.,1.),
.PIECEWISE_BEZIER_KNOTS.) CURVE() GEOMETRIC_REPRESENTATION_ITEM() 
RATIONAL_B_SPLINE_CURVE((1.,1.,1.,1.)) REPRESENTATION_ITEM('') );
#3506 = CARTESIAN_POINT('',(-5.390066541072E-03,2.032E-02,
    2.612594340425E-03));
#3507 = CARTESIAN_POINT('',(-9.126946298557E-03,5.57630709112E-02,
    1.801100488237E-03));
#3508 = CARTESIAN_POINT('',(-6.447808063039E-03,9.160924192655E-02,
    1.669774286829E-04));
#3509 = CARTESIAN_POINT('',(-3.793153259815E-03,0.127,5.692022713205E-05
    ));
#3510 = PCURVE('',#3441,#3511);
#3511 = DEFINITIONAL_REPRESENTATION('',(#3512),#3516);
#3512 = LINE('',#3513,#3514);
#3513 = CARTESIAN_POINT('',(45.,0.));
#3514 = VECTOR('',#3515,1.);
#3515 = DIRECTION('',(0.,1.));
#3516 = ( GEOMETRIC_REPRESENTATION_CONTEXT(2) 
PARAMETRIC_REPRESENTATION_CONTEXT() REPRESENTATION_CONTEXT('2D SPACE',''
  ) );
#3517 = PCURVE('',#3518,#3527);
#3518 = ( BOUNDED_SURFACE() B_SPLINE_SURFACE(1,3,(
    (#3519,#3520,#3521,#3522)
    ,(#3523,#3524,#3525,#3526
)),.UNSPECIFIED.,.F.,.F.,.F.) B_SPLINE_SURFACE_WITH_KNOTS((2,2),(4,4),(
    45.,46.),(0.,1.),.PIECEWISE_BEZIER_KNOTS.) 
GEOMETRIC_REPRESENTATION_ITEM() RATIONAL_B_SPLINE_SURFACE((
    (1.,1.,1.,1.)
,(1.,1.,1.,1.))) REPRESENTATION_ITEM('') SURFACE() );
#3519 = CARTESIAN_POINT('',(-5.390066541072E-03,2.032E-02,
    2.612594340425E-03));
#3520 = CARTESIAN_POINT('',(-9.126946298557E-03,5.57630709112E-02,
    1.801100488237E-03));
#3521 = CARTESIAN_POINT('',(-6.447808063039E-03,9.160924192655E-02,
    1.669774286829E-04));
#3522 = CARTESIAN_POINT('',(-3.793153259815E-03,0.127,5.692022713205E-05
    ));
#3523 = CARTESIAN_POINT('',(-6.189595036182E-03,2.032E-02,
    3.262740299284E-03));
#3524 = CARTESIAN_POINT('',(-1.058425454926E-02,5.57630709112E-02,
    2.462784922081E-03));
#3525 = CARTESIAN_POINT('',(-7.520947261905E-03,9.160924192655E-02,
    4.493194292715E-04));
#3526 = CARTESIAN_POINT('',(-4.426095482004E-03,0.127,2.161003286579E-04
    ));
#3527 = DEFINITIONAL_REPRESENTATION('',(#3528),#3532);
#3528 = LINE('',#3529,#3530);
#3529 = CARTESIAN_POINT('',(45.,0.));
#3530 = VECTOR('',#3531,1.);
#3531 = DIRECTION('',(0.,1.));
#3532 = ( GEOMETRIC_REPRESENTATION_CONTEXT(2) 
PARAMETRIC_REPRESENTATION_CONTEXT() REPRESENTATION_CONTEXT('2D SPACE',''
  ) );
#3533 = ORIENTED_EDGE('',*,*,#3534,.F.);
#3534 = EDGE_CURVE('',#3425,#3502,#3535,.T.);
#3535 = SURFACE_CURVE('',#3536,(#3539,#3546),.PCURVE_S1.);
#3536 = B_SPLINE_CURVE_WITH_KNOTS('',1,(#3537,#3538),.UNSPECIFIED.,.F.,
  .F.,(2,2),(44.,45.),.PIECEWISE_BEZIER_KNOTS.);
#3537 = CARTESIAN_POINT('',(-3.142812279046E-03,0.127,
    -1.003189584601E-04));
#3538 = CARTESIAN_POINT('',(-3.793153259815E-03,0.127,5.692022713205E-05
    ));
#3539 = PCURVE('',#3441,#3540);
#3540 = DEFINITIONAL_REPRESENTATION('',(#3541),#3545);
#3541 = LINE('',#3542,#3543);
#3542 = CARTESIAN_POINT('',(0.,1.));
#3543 = VECTOR('',#3544,1.);
#3544 = DIRECTION('',(1.,0.));
#3545 = ( GEOMETRIC_REPRESENTATION_CONTEXT(2) 
PARAMETRIC_REPRESENTATION_CONTEXT() REPRESENTATION_CONTEXT('2D SPACE',''
  ) );
#3546 = PCURVE('',#124,#3547);
#3547 = DEFINITIONAL_REPRESENTATION('',(#3548),#3551);
#3548 = B_SPLINE_CURVE_WITH_KNOTS('',1,(#3549,#3550),.UNSPECIFIED.,.F.,
  .F.,(2,2),(44.,45.),.PIECEWISE_BEZIER_KNOTS.);
#3549 = CARTESIAN_POINT('',(5.318874923058E-03,-5.87659273953E-04));
#3550 = CARTESIAN_POINT('',(4.651967666504E-03,-5.337866101198E-04));
#3551 = ( GEOMETRIC_REPRESENTATION_CONTEXT(2) 
PARAMETRIC_REPRESENTATION_CONTEXT() REPRESENTATION_CONTEXT('2D SPACE',''
  ) );
#3552 = ORIENTED_EDGE('',*,*,#3424,.F.);
#3553 = ADVANCED_FACE('',(#3554),#3518,.T.);
#3554 = FACE_BOUND('',#3555,.T.);
#3555 = EDGE_LOOP('',(#3556,#3577,#3610,#3629));
#3556 = ORIENTED_EDGE('',*,*,#3557,.T.);
#3557 = EDGE_CURVE('',#3481,#3558,#3560,.T.);
#3558 = VERTEX_POINT('',#3559);
#3559 = CARTESIAN_POINT('',(-6.189595036182E-03,2.032E-02,
    3.262740299284E-03));
#3560 = SURFACE_CURVE('',#3561,(#3564,#3571),.PCURVE_S1.);
#3561 = B_SPLINE_CURVE_WITH_KNOTS('',1,(#3562,#3563),.UNSPECIFIED.,.F.,
  .F.,(2,2),(45.,46.),.PIECEWISE_BEZIER_KNOTS.);
#3562 = CARTESIAN_POINT('',(-5.390066541072E-03,2.032E-02,
    2.612594340425E-03));
#3563 = CARTESIAN_POINT('',(-6.189595036182E-03,2.032E-02,
    3.262740299284E-03));
#3564 = PCURVE('',#3518,#3565);
#3565 = DEFINITIONAL_REPRESENTATION('',(#3566),#3570);
#3566 = LINE('',#3567,#3568);
#3567 = CARTESIAN_POINT('',(0.,0.));
#3568 = VECTOR('',#3569,1.);
#3569 = DIRECTION('',(1.,0.));
#3570 = ( GEOMETRIC_REPRESENTATION_CONTEXT(2) 
PARAMETRIC_REPRESENTATION_CONTEXT() REPRESENTATION_CONTEXT('2D SPACE',''
  ) );
#3571 = PCURVE('',#65,#3572);
#3572 = DEFINITIONAL_REPRESENTATION('',(#3573),#3576);
#3573 = B_SPLINE_CURVE_WITH_KNOTS('',1,(#3574,#3575),.UNSPECIFIED.,.F.,
  .F.,(2,2),(45.,46.),.PIECEWISE_BEZIER_KNOTS.);
#3574 = CARTESIAN_POINT('',(7.345212105006E-03,-8.428209633471E-04));
#3575 = CARTESIAN_POINT('',(6.318858087067E-03,-7.50446658619E-04));
#3576 = ( GEOMETRIC_REPRESENTATION_CONTEXT(2) 
PARAMETRIC_REPRESENTATION_CONTEXT() REPRESENTATION_CONTEXT('2D SPACE',''
  ) );
#3577 = ORIENTED_EDGE('',*,*,#3578,.T.);
#3578 = EDGE_CURVE('',#3558,#3579,#3581,.T.);
#3579 = VERTEX_POINT('',#3580);
#3580 = CARTESIAN_POINT('',(-4.426095482004E-03,0.127,2.161003286579E-04
    ));
#3581 = SURFACE_CURVE('',#3582,(#3587,#3594),.PCURVE_S1.);
#3582 = ( BOUNDED_CURVE() B_SPLINE_CURVE(3,(#3583,#3584,#3585,#3586),
.UNSPECIFIED.,.F.,.F.) B_SPLINE_CURVE_WITH_KNOTS((4,4),(0.,1.),
.PIECEWISE_BEZIER_KNOTS.) CURVE() GEOMETRIC_REPRESENTATION_ITEM() 
RATIONAL_B_SPLINE_CURVE((1.,1.,1.,1.)) REPRESENTATION_ITEM('') );
#3583 = CARTESIAN_POINT('',(-6.189595036182E-03,2.032E-02,
    3.262740299284E-03));
#3584 = CARTESIAN_POINT('',(-1.058425454926E-02,5.57630709112E-02,
    2.462784922081E-03));
#3585 = CARTESIAN_POINT('',(-7.520947261905E-03,9.160924192655E-02,
    4.493194292715E-04));
#3586 = CARTESIAN_POINT('',(-4.426095482004E-03,0.127,2.161003286579E-04
    ));
#3587 = PCURVE('',#3518,#3588);
#3588 = DEFINITIONAL_REPRESENTATION('',(#3589),#3593);
#3589 = LINE('',#3590,#3591);
#3590 = CARTESIAN_POINT('',(46.,0.));
#3591 = VECTOR('',#3592,1.);
#3592 = DIRECTION('',(0.,1.));
#3593 = ( GEOMETRIC_REPRESENTATION_CONTEXT(2) 
PARAMETRIC_REPRESENTATION_CONTEXT() REPRESENTATION_CONTEXT('2D SPACE',''
  ) );
#3594 = PCURVE('',#3595,#3604);
#3595 = ( BOUNDED_SURFACE() B_SPLINE_SURFACE(1,3,(
    (#3596,#3597,#3598,#3599)
    ,(#3600,#3601,#3602,#3603
)),.UNSPECIFIED.,.F.,.F.,.F.) B_SPLINE_SURFACE_WITH_KNOTS((2,2),(4,4),(
    46.,47.),(0.,1.),.PIECEWISE_BEZIER_KNOTS.) 
GEOMETRIC_REPRESENTATION_ITEM() RATIONAL_B_SPLINE_SURFACE((
    (1.,1.,1.,1.)
,(1.,1.,1.,1.))) REPRESENTATION_ITEM('') SURFACE() );
#3596 = CARTESIAN_POINT('',(-6.189595036182E-03,2.032E-02,
    3.262740299284E-03));
#3597 = CARTESIAN_POINT('',(-1.058425454926E-02,5.57630709112E-02,
    2.462784922081E-03));
#3598 = CARTESIAN_POINT('',(-7.520947261905E-03,9.160924192655E-02,
    4.493194292715E-04));
#3599 = CARTESIAN_POINT('',(-4.426095482004E-03,0.127,2.161003286579E-04
    ));
#3600 = CARTESIAN_POINT('',(-6.953818040619E-03,2.032E-02,
    3.894481087284E-03));
#3601 = CARTESIAN_POINT('',(-1.198127112277E-02,5.57630709112E-02,
    3.11073037007E-03));
#3602 = CARTESIAN_POINT('',(-8.551278268179E-03,9.160924192655E-02,
    7.293000884308E-04));
#3603 = CARTESIAN_POINT('',(-5.033846235982E-03,0.127,3.741657606202E-04
    ));
#3604 = DEFINITIONAL_REPRESENTATION('',(#3605),#3609);
#3605 = LINE('',#3606,#3607);
#3606 = CARTESIAN_POINT('',(46.,0.));
#3607 = VECTOR('',#3608,1.);
#3608 = DIRECTION('',(0.,1.));
#3609 = ( GEOMETRIC_REPRESENTATION_CONTEXT(2) 
PARAMETRIC_REPRESENTATION_CONTEXT() REPRESENTATION_CONTEXT('2D SPACE',''
  ) );
#3610 = ORIENTED_EDGE('',*,*,#3611,.F.);
#3611 = EDGE_CURVE('',#3502,#3579,#3612,.T.);
#3612 = SURFACE_CURVE('',#3613,(#3616,#3623),.PCURVE_S1.);
#3613 = B_SPLINE_CURVE_WITH_KNOTS('',1,(#3614,#3615),.UNSPECIFIED.,.F.,
  .F.,(2,2),(45.,46.),.PIECEWISE_BEZIER_KNOTS.);
#3614 = CARTESIAN_POINT('',(-3.793153259815E-03,0.127,5.692022713205E-05
    ));
#3615 = CARTESIAN_POINT('',(-4.426095482004E-03,0.127,2.161003286579E-04
    ));
#3616 = PCURVE('',#3518,#3617);
#3617 = DEFINITIONAL_REPRESENTATION('',(#3618),#3622);
#3618 = LINE('',#3619,#3620);
#3619 = CARTESIAN_POINT('',(0.,1.));
#3620 = VECTOR('',#3621,1.);
#3621 = DIRECTION('',(1.,0.));
#3622 = ( GEOMETRIC_REPRESENTATION_CONTEXT(2) 
PARAMETRIC_REPRESENTATION_CONTEXT() REPRESENTATION_CONTEXT('2D SPACE',''
  ) );
#3623 = PCURVE('',#124,#3624);
#3624 = DEFINITIONAL_REPRESENTATION('',(#3625),#3628);
#3625 = B_SPLINE_CURVE_WITH_KNOTS('',1,(#3626,#3627),.UNSPECIFIED.,.F.,
  .F.,(2,2),(45.,46.),.PIECEWISE_BEZIER_KNOTS.);
#3626 = CARTESIAN_POINT('',(4.651967666504E-03,-5.337866101198E-04));
#3627 = CARTESIAN_POINT('',(4.001943455142E-03,-4.75282883792E-04));
#3628 = ( GEOMETRIC_REPRESENTATION_CONTEXT(2) 
PARAMETRIC_REPRESENTATION_CONTEXT() REPRESENTATION_CONTEXT('2D SPACE',''
  ) );
#3629 = ORIENTED_EDGE('',*,*,#3501,.F.);
#3630 = ADVANCED_FACE('',(#3631),#3595,.T.);
#3631 = FACE_BOUND('',#3632,.T.);
#3632 = EDGE_LOOP('',(#3633,#3654,#3687,#3706));
#3633 = ORIENTED_EDGE('',*,*,#3634,.T.);
#3634 = EDGE_CURVE('',#3558,#3635,#3637,.T.);
#3635 = VERTEX_POINT('',#3636);
#3636 = CARTESIAN_POINT('',(-6.953818040619E-03,2.032E-02,
    3.894481087284E-03));
#3637 = SURFACE_CURVE('',#3638,(#3641,#3648),.PCURVE_S1.);
#3638 = B_SPLINE_CURVE_WITH_KNOTS('',1,(#3639,#3640),.UNSPECIFIED.,.F.,
  .F.,(2,2),(46.,47.),.PIECEWISE_BEZIER_KNOTS.);
#3639 = CARTESIAN_POINT('',(-6.189595036182E-03,2.032E-02,
    3.262740299284E-03));
#3640 = CARTESIAN_POINT('',(-6.953818040619E-03,2.032E-02,
    3.894481087284E-03));
#3641 = PCURVE('',#3595,#3642);
#3642 = DEFINITIONAL_REPRESENTATION('',(#3643),#3647);
#3643 = LINE('',#3644,#3645);
#3644 = CARTESIAN_POINT('',(0.,0.));
#3645 = VECTOR('',#3646,1.);
#3646 = DIRECTION('',(1.,0.));
#3647 = ( GEOMETRIC_REPRESENTATION_CONTEXT(2) 
PARAMETRIC_REPRESENTATION_CONTEXT() REPRESENTATION_CONTEXT('2D SPACE',''
  ) );
#3648 = PCURVE('',#65,#3649);
#3649 = DEFINITIONAL_REPRESENTATION('',(#3650),#3653);
#3650 = B_SPLINE_CURVE_WITH_KNOTS('',1,(#3651,#3652),.UNSPECIFIED.,.F.,
  .F.,(2,2),(46.,47.),.PIECEWISE_BEZIER_KNOTS.);
#3651 = CARTESIAN_POINT('',(6.318858087067E-03,-7.50446658619E-04));
#3652 = CARTESIAN_POINT('',(5.33206773551E-03,-6.53606451023E-04));
#3653 = ( GEOMETRIC_REPRESENTATION_CONTEXT(2) 
PARAMETRIC_REPRESENTATION_CONTEXT() REPRESENTATION_CONTEXT('2D SPACE',''
  ) );
#3654 = ORIENTED_EDGE('',*,*,#3655,.T.);
#3655 = EDGE_CURVE('',#3635,#3656,#3658,.T.);
#3656 = VERTEX_POINT('',#3657);
#3657 = CARTESIAN_POINT('',(-5.033846235982E-03,0.127,3.741657606202E-04
    ));
#3658 = SURFACE_CURVE('',#3659,(#3664,#3671),.PCURVE_S1.);
#3659 = ( BOUNDED_CURVE() B_SPLINE_CURVE(3,(#3660,#3661,#3662,#3663),
.UNSPECIFIED.,.F.,.F.) B_SPLINE_CURVE_WITH_KNOTS((4,4),(0.,1.),
.PIECEWISE_BEZIER_KNOTS.) CURVE() GEOMETRIC_REPRESENTATION_ITEM() 
RATIONAL_B_SPLINE_CURVE((1.,1.,1.,1.)) REPRESENTATION_ITEM('') );
#3660 = CARTESIAN_POINT('',(-6.953818040619E-03,2.032E-02,
    3.894481087284E-03));
#3661 = CARTESIAN_POINT('',(-1.198127112277E-02,5.57630709112E-02,
    3.11073037007E-03));
#3662 = CARTESIAN_POINT('',(-8.551278268179E-03,9.160924192655E-02,
    7.293000884308E-04));
#3663 = CARTESIAN_POINT('',(-5.033846235982E-03,0.127,3.741657606202E-04
    ));
#3664 = PCURVE('',#3595,#3665);
#3665 = DEFINITIONAL_REPRESENTATION('',(#3666),#3670);
#3666 = LINE('',#3667,#3668);
#3667 = CARTESIAN_POINT('',(47.,0.));
#3668 = VECTOR('',#3669,1.);
#3669 = DIRECTION('',(0.,1.));
#3670 = ( GEOMETRIC_REPRESENTATION_CONTEXT(2) 
PARAMETRIC_REPRESENTATION_CONTEXT() REPRESENTATION_CONTEXT('2D SPACE',''
  ) );
#3671 = PCURVE('',#3672,#3681);
#3672 = ( BOUNDED_SURFACE() B_SPLINE_SURFACE(1,3,(
    (#3673,#3674,#3675,#3676)
    ,(#3677,#3678,#3679,#3680
)),.UNSPECIFIED.,.F.,.F.,.F.) B_SPLINE_SURFACE_WITH_KNOTS((2,2),(4,4),(
    47.,48.),(0.,1.),.PIECEWISE_BEZIER_KNOTS.) 
GEOMETRIC_REPRESENTATION_ITEM() RATIONAL_B_SPLINE_SURFACE((
    (1.,1.,1.,1.)
,(1.,1.,1.,1.))) REPRESENTATION_ITEM('') SURFACE() );
#3673 = CARTESIAN_POINT('',(-6.953818040619E-03,2.032E-02,
    3.894481087284E-03));
#3674 = CARTESIAN_POINT('',(-1.198127112277E-02,5.57630709112E-02,
    3.11073037007E-03));
#3675 = CARTESIAN_POINT('',(-8.551278268179E-03,9.160924192655E-02,
    7.293000884308E-04));
#3676 = CARTESIAN_POINT('',(-5.033846235982E-03,0.127,3.741657606202E-04
    ));
#3677 = CARTESIAN_POINT('',(-7.673958259063E-03,2.032E-02,
    4.498636850025E-03));
#3678 = CARTESIAN_POINT('',(-1.330119276833E-02,5.57630709112E-02,
    3.734604352875E-03));
#3679 = CARTESIAN_POINT('',(-9.526112317022E-03,9.160924192655E-02,
    1.001816509192E-03));
#3680 = CARTESIAN_POINT('',(-5.608910335118E-03,0.127,5.281966484707E-04
    ));
#3681 = DEFINITIONAL_REPRESENTATION('',(#3682),#3686);
#3682 = LINE('',#3683,#3684);
#3683 = CARTESIAN_POINT('',(47.,0.));
#3684 = VECTOR('',#3685,1.);
#3685 = DIRECTION('',(0.,1.));
#3686 = ( GEOMETRIC_REPRESENTATION_CONTEXT(2) 
PARAMETRIC_REPRESENTATION_CONTEXT() REPRESENTATION_CONTEXT('2D SPACE',''
  ) );
#3687 = ORIENTED_EDGE('',*,*,#3688,.F.);
#3688 = EDGE_CURVE('',#3579,#3656,#3689,.T.);
#3689 = SURFACE_CURVE('',#3690,(#3693,#3700),.PCURVE_S1.);
#3690 = B_SPLINE_CURVE_WITH_KNOTS('',1,(#3691,#3692),.UNSPECIFIED.,.F.,
  .F.,(2,2),(46.,47.),.PIECEWISE_BEZIER_KNOTS.);
#3691 = CARTESIAN_POINT('',(-4.426095482004E-03,0.127,2.161003286579E-04
    ));
#3692 = CARTESIAN_POINT('',(-5.033846235982E-03,0.127,3.741657606202E-04
    ));
#3693 = PCURVE('',#3595,#3694);
#3694 = DEFINITIONAL_REPRESENTATION('',(#3695),#3699);
#3695 = LINE('',#3696,#3697);
#3696 = CARTESIAN_POINT('',(0.,1.));
#3697 = VECTOR('',#3698,1.);
#3698 = DIRECTION('',(1.,0.));
#3699 = ( GEOMETRIC_REPRESENTATION_CONTEXT(2) 
PARAMETRIC_REPRESENTATION_CONTEXT() REPRESENTATION_CONTEXT('2D SPACE',''
  ) );
#3700 = PCURVE('',#124,#3701);
#3701 = DEFINITIONAL_REPRESENTATION('',(#3702),#3705);
#3702 = B_SPLINE_CURVE_WITH_KNOTS('',1,(#3703,#3704),.UNSPECIFIED.,.F.,
  .F.,(2,2),(46.,47.),.PIECEWISE_BEZIER_KNOTS.);
#3703 = CARTESIAN_POINT('',(4.001943455142E-03,-4.75282883792E-04));
#3704 = CARTESIAN_POINT('',(3.37697623249E-03,-4.139507523146E-04));
#3705 = ( GEOMETRIC_REPRESENTATION_CONTEXT(2) 
PARAMETRIC_REPRESENTATION_CONTEXT() REPRESENTATION_CONTEXT('2D SPACE',''
  ) );
#3706 = ORIENTED_EDGE('',*,*,#3578,.F.);
#3707 = ADVANCED_FACE('',(#3708),#3672,.T.);
#3708 = FACE_BOUND('',#3709,.T.);
#3709 = EDGE_LOOP('',(#3710,#3731,#3764,#3783));
#3710 = ORIENTED_EDGE('',*,*,#3711,.T.);
#3711 = EDGE_CURVE('',#3635,#3712,#3714,.T.);
#3712 = VERTEX_POINT('',#3713);
#3713 = CARTESIAN_POINT('',(-7.673958259063E-03,2.032E-02,
    4.498636850025E-03));
#3714 = SURFACE_CURVE('',#3715,(#3718,#3725),.PCURVE_S1.);
#3715 = B_SPLINE_CURVE_WITH_KNOTS('',1,(#3716,#3717),.UNSPECIFIED.,.F.,
  .F.,(2,2),(47.,48.),.PIECEWISE_BEZIER_KNOTS.);
#3716 = CARTESIAN_POINT('',(-6.953818040619E-03,2.032E-02,
    3.894481087284E-03));
#3717 = CARTESIAN_POINT('',(-7.673958259063E-03,2.032E-02,
    4.498636850025E-03));
#3718 = PCURVE('',#3672,#3719);
#3719 = DEFINITIONAL_REPRESENTATION('',(#3720),#3724);
#3720 = LINE('',#3721,#3722);
#3721 = CARTESIAN_POINT('',(0.,0.));
#3722 = VECTOR('',#3723,1.);
#3723 = DIRECTION('',(1.,0.));
#3724 = ( GEOMETRIC_REPRESENTATION_CONTEXT(2) 
PARAMETRIC_REPRESENTATION_CONTEXT() REPRESENTATION_CONTEXT('2D SPACE',''
  ) );
#3725 = PCURVE('',#65,#3726);
#3726 = DEFINITIONAL_REPRESENTATION('',(#3727),#3730);
#3727 = B_SPLINE_CURVE_WITH_KNOTS('',1,(#3728,#3729),.UNSPECIFIED.,.F.,
  .F.,(2,2),(47.,48.),.PIECEWISE_BEZIER_KNOTS.);
#3728 = CARTESIAN_POINT('',(5.33206773551E-03,-6.53606451023E-04));
#3729 = CARTESIAN_POINT('',(4.397249829877E-03,-5.550082604624E-04));
#3730 = ( GEOMETRIC_REPRESENTATION_CONTEXT(2) 
PARAMETRIC_REPRESENTATION_CONTEXT() REPRESENTATION_CONTEXT('2D SPACE',''
  ) );
#3731 = ORIENTED_EDGE('',*,*,#3732,.T.);
#3732 = EDGE_CURVE('',#3712,#3733,#3735,.T.);
#3733 = VERTEX_POINT('',#3734);
#3734 = CARTESIAN_POINT('',(-5.608910335118E-03,0.127,5.281966484707E-04
    ));
#3735 = SURFACE_CURVE('',#3736,(#3741,#3748),.PCURVE_S1.);
#3736 = ( BOUNDED_CURVE() B_SPLINE_CURVE(3,(#3737,#3738,#3739,#3740),
.UNSPECIFIED.,.F.,.F.) B_SPLINE_CURVE_WITH_KNOTS((4,4),(0.,1.),
.PIECEWISE_BEZIER_KNOTS.) CURVE() GEOMETRIC_REPRESENTATION_ITEM() 
RATIONAL_B_SPLINE_CURVE((1.,1.,1.,1.)) REPRESENTATION_ITEM('') );
#3737 = CARTESIAN_POINT('',(-7.673958259063E-03,2.032E-02,
    4.498636850025E-03));
#3738 = CARTESIAN_POINT('',(-1.330119276833E-02,5.57630709112E-02,
    3.734604352875E-03));
#3739 = CARTESIAN_POINT('',(-9.526112317022E-03,9.160924192655E-02,
    1.001816509192E-03));
#3740 = CARTESIAN_POINT('',(-5.608910335118E-03,0.127,5.281966484707E-04
    ));
#3741 = PCURVE('',#3672,#3742);
#3742 = DEFINITIONAL_REPRESENTATION('',(#3743),#3747);
#3743 = LINE('',#3744,#3745);
#3744 = CARTESIAN_POINT('',(48.,0.));
#3745 = VECTOR('',#3746,1.);
#3746 = DIRECTION('',(0.,1.));
#3747 = ( GEOMETRIC_REPRESENTATION_CONTEXT(2) 
PARAMETRIC_REPRESENTATION_CONTEXT() REPRESENTATION_CONTEXT('2D SPACE',''
  ) );
#3748 = PCURVE('',#3749,#3758);
#3749 = ( BOUNDED_SURFACE() B_SPLINE_SURFACE(1,3,(
    (#3750,#3751,#3752,#3753)
    ,(#3754,#3755,#3756,#3757
)),.UNSPECIFIED.,.F.,.F.,.F.) B_SPLINE_SURFACE_WITH_KNOTS((2,2),(4,4),(
    48.,49.),(0.,1.),.PIECEWISE_BEZIER_KNOTS.) 
GEOMETRIC_REPRESENTATION_ITEM() RATIONAL_B_SPLINE_SURFACE((
    (1.,1.,1.,1.)
,(1.,1.,1.,1.))) REPRESENTATION_ITEM('') SURFACE() );
#3750 = CARTESIAN_POINT('',(-7.673958259063E-03,2.032E-02,
    4.498636850025E-03));
#3751 = CARTESIAN_POINT('',(-1.330119276833E-02,5.57630709112E-02,
    3.734604352875E-03));
#3752 = CARTESIAN_POINT('',(-9.526112317022E-03,9.160924192655E-02,
    1.001816509192E-03));
#3753 = CARTESIAN_POINT('',(-5.608910335118E-03,0.127,5.281966484707E-04
    ));
#3754 = CARTESIAN_POINT('',(-8.341719351145E-03,2.032E-02,
    5.066483468068E-03));
#3755 = CARTESIAN_POINT('',(-1.452811834633E-02,5.57630709112E-02,
    4.324569536463E-03));
#3756 = CARTESIAN_POINT('',(-1.043343491694E-02,9.160924192655E-02,
    1.26199903799E-03));
#3757 = CARTESIAN_POINT('',(-6.144190639699E-03,0.127,6.754059756656E-04
    ));
#3758 = DEFINITIONAL_REPRESENTATION('',(#3759),#3763);
#3759 = LINE('',#3760,#3761);
#3760 = CARTESIAN_POINT('',(48.,0.));
#3761 = VECTOR('',#3762,1.);
#3762 = DIRECTION('',(0.,1.));
#3763 = ( GEOMETRIC_REPRESENTATION_CONTEXT(2) 
PARAMETRIC_REPRESENTATION_CONTEXT() REPRESENTATION_CONTEXT('2D SPACE',''
  ) );
#3764 = ORIENTED_EDGE('',*,*,#3765,.F.);
#3765 = EDGE_CURVE('',#3656,#3733,#3766,.T.);
#3766 = SURFACE_CURVE('',#3767,(#3770,#3777),.PCURVE_S1.);
#3767 = B_SPLINE_CURVE_WITH_KNOTS('',1,(#3768,#3769),.UNSPECIFIED.,.F.,
  .F.,(2,2),(47.,48.),.PIECEWISE_BEZIER_KNOTS.);
#3768 = CARTESIAN_POINT('',(-5.033846235982E-03,0.127,3.741657606202E-04
    ));
#3769 = CARTESIAN_POINT('',(-5.608910335118E-03,0.127,5.281966484707E-04
    ));
#3770 = PCURVE('',#3672,#3771);
#3771 = DEFINITIONAL_REPRESENTATION('',(#3772),#3776);
#3772 = LINE('',#3773,#3774);
#3773 = CARTESIAN_POINT('',(0.,1.));
#3774 = VECTOR('',#3775,1.);
#3775 = DIRECTION('',(1.,0.));
#3776 = ( GEOMETRIC_REPRESENTATION_CONTEXT(2) 
PARAMETRIC_REPRESENTATION_CONTEXT() REPRESENTATION_CONTEXT('2D SPACE',''
  ) );
#3777 = PCURVE('',#124,#3778);
#3778 = DEFINITIONAL_REPRESENTATION('',(#3779),#3782);
#3779 = B_SPLINE_CURVE_WITH_KNOTS('',1,(#3780,#3781),.UNSPECIFIED.,.F.,
  .F.,(2,2),(47.,48.),.PIECEWISE_BEZIER_KNOTS.);
#3780 = CARTESIAN_POINT('',(3.37697623249E-03,-4.139507523146E-04));
#3781 = CARTESIAN_POINT('',(2.784924892255E-03,-3.515052316262E-04));
#3782 = ( GEOMETRIC_REPRESENTATION_CONTEXT(2) 
PARAMETRIC_REPRESENTATION_CONTEXT() REPRESENTATION_CONTEXT('2D SPACE',''
  ) );
#3783 = ORIENTED_EDGE('',*,*,#3655,.F.);
#3784 = ADVANCED_FACE('',(#3785),#3749,.T.);
#3785 = FACE_BOUND('',#3786,.T.);
#3786 = EDGE_LOOP('',(#3787,#3808,#3841,#3860));
#3787 = ORIENTED_EDGE('',*,*,#3788,.T.);
#3788 = EDGE_CURVE('',#3712,#3789,#3791,.T.);
#3789 = VERTEX_POINT('',#3790);
#3790 = CARTESIAN_POINT('',(-8.341719351145E-03,2.032E-02,
    5.066483468068E-03));
#3791 = SURFACE_CURVE('',#3792,(#3795,#3802),.PCURVE_S1.);
#3792 = B_SPLINE_CURVE_WITH_KNOTS('',1,(#3793,#3794),.UNSPECIFIED.,.F.,
  .F.,(2,2),(48.,49.),.PIECEWISE_BEZIER_KNOTS.);
#3793 = CARTESIAN_POINT('',(-7.673958259063E-03,2.032E-02,
    4.498636850025E-03));
#3794 = CARTESIAN_POINT('',(-8.341719351145E-03,2.032E-02,
    5.066483468068E-03));
#3795 = PCURVE('',#3749,#3796);
#3796 = DEFINITIONAL_REPRESENTATION('',(#3797),#3801);
#3797 = LINE('',#3798,#3799);
#3798 = CARTESIAN_POINT('',(0.,0.));
#3799 = VECTOR('',#3800,1.);
#3800 = DIRECTION('',(1.,0.));
#3801 = ( GEOMETRIC_REPRESENTATION_CONTEXT(2) 
PARAMETRIC_REPRESENTATION_CONTEXT() REPRESENTATION_CONTEXT('2D SPACE',''
  ) );
#3802 = PCURVE('',#65,#3803);
#3803 = DEFINITIONAL_REPRESENTATION('',(#3804),#3807);
#3804 = B_SPLINE_CURVE_WITH_KNOTS('',1,(#3805,#3806),.UNSPECIFIED.,.F.,
  .F.,(2,2),(48.,49.),.PIECEWISE_BEZIER_KNOTS.);
#3805 = CARTESIAN_POINT('',(4.397249829877E-03,-5.550082604624E-04));
#3806 = CARTESIAN_POINT('',(3.526159626105E-03,-4.572508330522E-04));
#3807 = ( GEOMETRIC_REPRESENTATION_CONTEXT(2) 
PARAMETRIC_REPRESENTATION_CONTEXT() REPRESENTATION_CONTEXT('2D SPACE',''
  ) );
#3808 = ORIENTED_EDGE('',*,*,#3809,.T.);
#3809 = EDGE_CURVE('',#3789,#3810,#3812,.T.);
#3810 = VERTEX_POINT('',#3811);
#3811 = CARTESIAN_POINT('',(-6.144190639699E-03,0.127,6.754059756656E-04
    ));
#3812 = SURFACE_CURVE('',#3813,(#3818,#3825),.PCURVE_S1.);
#3813 = ( BOUNDED_CURVE() B_SPLINE_CURVE(3,(#3814,#3815,#3816,#3817),
.UNSPECIFIED.,.F.,.F.) B_SPLINE_CURVE_WITH_KNOTS((4,4),(0.,1.),
.PIECEWISE_BEZIER_KNOTS.) CURVE() GEOMETRIC_REPRESENTATION_ITEM() 
RATIONAL_B_SPLINE_CURVE((1.,1.,1.,1.)) REPRESENTATION_ITEM('') );
#3814 = CARTESIAN_POINT('',(-8.341719351145E-03,2.032E-02,
    5.066483468068E-03));
#3815 = CARTESIAN_POINT('',(-1.452811834633E-02,5.57630709112E-02,
    4.324569536463E-03));
#3816 = CARTESIAN_POINT('',(-1.043343491694E-02,9.160924192655E-02,
    1.26199903799E-03));
#3817 = CARTESIAN_POINT('',(-6.144190639699E-03,0.127,6.754059756656E-04
    ));
#3818 = PCURVE('',#3749,#3819);
#3819 = DEFINITIONAL_REPRESENTATION('',(#3820),#3824);
#3820 = LINE('',#3821,#3822);
#3821 = CARTESIAN_POINT('',(49.,0.));
#3822 = VECTOR('',#3823,1.);
#3823 = DIRECTION('',(0.,1.));
#3824 = ( GEOMETRIC_REPRESENTATION_CONTEXT(2) 
PARAMETRIC_REPRESENTATION_CONTEXT() REPRESENTATION_CONTEXT('2D SPACE',''
  ) );
#3825 = PCURVE('',#3826,#3835);
#3826 = ( BOUNDED_SURFACE() B_SPLINE_SURFACE(1,3,(
    (#3827,#3828,#3829,#3830)
    ,(#3831,#3832,#3833,#3834
)),.UNSPECIFIED.,.F.,.F.,.F.) B_SPLINE_SURFACE_WITH_KNOTS((2,2),(4,4),(
    49.,50.),(0.,1.),.PIECEWISE_BEZIER_KNOTS.) 
GEOMETRIC_REPRESENTATION_ITEM() RATIONAL_B_SPLINE_SURFACE((
    (1.,1.,1.,1.)
,(1.,1.,1.,1.))) REPRESENTATION_ITEM('') SURFACE() );
#3827 = CARTESIAN_POINT('',(-8.341719351145E-03,2.032E-02,
    5.066483468068E-03));
#3828 = CARTESIAN_POINT('',(-1.452811834633E-02,5.57630709112E-02,
    4.324569536463E-03));
#3829 = CARTESIAN_POINT('',(-1.043343491694E-02,9.160924192655E-02,
    1.26199903799E-03));
#3830 = CARTESIAN_POINT('',(-6.144190639699E-03,0.127,6.754059756656E-04
    ));
#3831 = CARTESIAN_POINT('',(-8.949431249502E-03,2.032E-02,
    5.589801502426E-03));
#3832 = CARTESIAN_POINT('',(-1.564728642607E-02,5.57630709112E-02,
    4.871300004429E-03));
#3833 = CARTESIAN_POINT('',(-1.126207013365E-02,9.160924192655E-02,
    1.505194687649E-03));
#3834 = CARTESIAN_POINT('',(-6.633084569422E-03,0.127,8.131287825567E-04
    ));
#3835 = DEFINITIONAL_REPRESENTATION('',(#3836),#3840);
#3836 = LINE('',#3837,#3838);
#3837 = CARTESIAN_POINT('',(49.,0.));
#3838 = VECTOR('',#3839,1.);
#3839 = DIRECTION('',(0.,1.));
#3840 = ( GEOMETRIC_REPRESENTATION_CONTEXT(2) 
PARAMETRIC_REPRESENTATION_CONTEXT() REPRESENTATION_CONTEXT('2D SPACE',''
  ) );
#3841 = ORIENTED_EDGE('',*,*,#3842,.F.);
#3842 = EDGE_CURVE('',#3733,#3810,#3843,.T.);
#3843 = SURFACE_CURVE('',#3844,(#3847,#3854),.PCURVE_S1.);
#3844 = B_SPLINE_CURVE_WITH_KNOTS('',1,(#3845,#3846),.UNSPECIFIED.,.F.,
  .F.,(2,2),(48.,49.),.PIECEWISE_BEZIER_KNOTS.);
#3845 = CARTESIAN_POINT('',(-5.608910335118E-03,0.127,5.281966484707E-04
    ));
#3846 = CARTESIAN_POINT('',(-6.144190639699E-03,0.127,6.754059756656E-04
    ));
#3847 = PCURVE('',#3749,#3848);
#3848 = DEFINITIONAL_REPRESENTATION('',(#3849),#3853);
#3849 = LINE('',#3850,#3851);
#3850 = CARTESIAN_POINT('',(0.,1.));
#3851 = VECTOR('',#3852,1.);
#3852 = DIRECTION('',(1.,0.));
#3853 = ( GEOMETRIC_REPRESENTATION_CONTEXT(2) 
PARAMETRIC_REPRESENTATION_CONTEXT() REPRESENTATION_CONTEXT('2D SPACE',''
  ) );
#3854 = PCURVE('',#124,#3855);
#3855 = DEFINITIONAL_REPRESENTATION('',(#3856),#3859);
#3856 = B_SPLINE_CURVE_WITH_KNOTS('',1,(#3857,#3858),.UNSPECIFIED.,.F.,
  .F.,(2,2),(48.,49.),.PIECEWISE_BEZIER_KNOTS.);
#3857 = CARTESIAN_POINT('',(2.784924892255E-03,-3.515052316262E-04));
#3858 = CARTESIAN_POINT('',(2.233234429866E-03,-2.895921942664E-04));
#3859 = ( GEOMETRIC_REPRESENTATION_CONTEXT(2) 
PARAMETRIC_REPRESENTATION_CONTEXT() REPRESENTATION_CONTEXT('2D SPACE',''
  ) );
#3860 = ORIENTED_EDGE('',*,*,#3732,.F.);
#3861 = ADVANCED_FACE('',(#3862),#3826,.T.);
#3862 = FACE_BOUND('',#3863,.T.);
#3863 = EDGE_LOOP('',(#3864,#3885,#3918,#3937));
#3864 = ORIENTED_EDGE('',*,*,#3865,.T.);
#3865 = EDGE_CURVE('',#3789,#3866,#3868,.T.);
#3866 = VERTEX_POINT('',#3867);
#3867 = CARTESIAN_POINT('',(-8.949431249502E-03,2.032E-02,
    5.589801502426E-03));
#3868 = SURFACE_CURVE('',#3869,(#3872,#3879),.PCURVE_S1.);
#3869 = B_SPLINE_CURVE_WITH_KNOTS('',1,(#3870,#3871),.UNSPECIFIED.,.F.,
  .F.,(2,2),(49.,50.),.PIECEWISE_BEZIER_KNOTS.);
#3870 = CARTESIAN_POINT('',(-8.341719351145E-03,2.032E-02,
    5.066483468068E-03));
#3871 = CARTESIAN_POINT('',(-8.949431249502E-03,2.032E-02,
    5.589801502426E-03));
#3872 = PCURVE('',#3826,#3873);
#3873 = DEFINITIONAL_REPRESENTATION('',(#3874),#3878);
#3874 = LINE('',#3875,#3876);
#3875 = CARTESIAN_POINT('',(0.,0.));
#3876 = VECTOR('',#3877,1.);
#3877 = DIRECTION('',(1.,0.));
#3878 = ( GEOMETRIC_REPRESENTATION_CONTEXT(2) 
PARAMETRIC_REPRESENTATION_CONTEXT() REPRESENTATION_CONTEXT('2D SPACE',''
  ) );
#3879 = PCURVE('',#65,#3880);
#3880 = DEFINITIONAL_REPRESENTATION('',(#3881),#3884);
#3881 = B_SPLINE_CURVE_WITH_KNOTS('',1,(#3882,#3883),.UNSPECIFIED.,.F.,
  .F.,(2,2),(49.,50.),.PIECEWISE_BEZIER_KNOTS.);
#3882 = CARTESIAN_POINT('',(3.526159626105E-03,-4.572508330522E-04));
#3883 = CARTESIAN_POINT('',(2.729750993831E-03,-3.628643566524E-04));
#3884 = ( GEOMETRIC_REPRESENTATION_CONTEXT(2) 
PARAMETRIC_REPRESENTATION_CONTEXT() REPRESENTATION_CONTEXT('2D SPACE',''
  ) );
#3885 = ORIENTED_EDGE('',*,*,#3886,.T.);
#3886 = EDGE_CURVE('',#3866,#3887,#3889,.T.);
#3887 = VERTEX_POINT('',#3888);
#3888 = CARTESIAN_POINT('',(-6.633084569422E-03,0.127,8.131287825567E-04
    ));
#3889 = SURFACE_CURVE('',#3890,(#3895,#3902),.PCURVE_S1.);
#3890 = ( BOUNDED_CURVE() B_SPLINE_CURVE(3,(#3891,#3892,#3893,#3894),
.UNSPECIFIED.,.F.,.F.) B_SPLINE_CURVE_WITH_KNOTS((4,4),(0.,1.),
.PIECEWISE_BEZIER_KNOTS.) CURVE() GEOMETRIC_REPRESENTATION_ITEM() 
RATIONAL_B_SPLINE_CURVE((1.,1.,1.,1.)) REPRESENTATION_ITEM('') );
#3891 = CARTESIAN_POINT('',(-8.949431249502E-03,2.032E-02,
    5.589801502426E-03));
#3892 = CARTESIAN_POINT('',(-1.564728642607E-02,5.57630709112E-02,
    4.871300004429E-03));
#3893 = CARTESIAN_POINT('',(-1.126207013365E-02,9.160924192655E-02,
    1.505194687649E-03));
#3894 = CARTESIAN_POINT('',(-6.633084569422E-03,0.127,8.131287825567E-04
    ));
#3895 = PCURVE('',#3826,#3896);
#3896 = DEFINITIONAL_REPRESENTATION('',(#3897),#3901);
#3897 = LINE('',#3898,#3899);
#3898 = CARTESIAN_POINT('',(50.,0.));
#3899 = VECTOR('',#3900,1.);
#3900 = DIRECTION('',(0.,1.));
#3901 = ( GEOMETRIC_REPRESENTATION_CONTEXT(2) 
PARAMETRIC_REPRESENTATION_CONTEXT() REPRESENTATION_CONTEXT('2D SPACE',''
  ) );
#3902 = PCURVE('',#3903,#3912);
#3903 = ( BOUNDED_SURFACE() B_SPLINE_SURFACE(1,3,(
    (#3904,#3905,#3906,#3907)
    ,(#3908,#3909,#3910,#3911
)),.UNSPECIFIED.,.F.,.F.,.F.) B_SPLINE_SURFACE_WITH_KNOTS((2,2),(4,4),(
    50.,51.),(0.,1.),.PIECEWISE_BEZIER_KNOTS.) 
GEOMETRIC_REPRESENTATION_ITEM() RATIONAL_B_SPLINE_SURFACE((
    (1.,1.,1.,1.)
,(1.,1.,1.,1.))) REPRESENTATION_ITEM('') SURFACE() );
#3904 = CARTESIAN_POINT('',(-8.949431249502E-03,2.032E-02,
    5.589801502426E-03));
#3905 = CARTESIAN_POINT('',(-1.564728642607E-02,5.57630709112E-02,
    4.871300004429E-03));
#3906 = CARTESIAN_POINT('',(-1.126207013365E-02,9.160924192655E-02,
    1.505194687649E-03));
#3907 = CARTESIAN_POINT('',(-6.633084569422E-03,0.127,8.131287825567E-04
    ));
#3908 = CARTESIAN_POINT('',(-9.490180011868E-03,2.032E-02,
    6.060930046362E-03));
#3909 = CARTESIAN_POINT('',(-1.664529158201E-02,5.57630709112E-02,
    5.366010995044E-03));
#3910 = CARTESIAN_POINT('',(-1.20018318852E-02,9.160924192655E-02,
    1.726962246129E-03));
#3911 = CARTESIAN_POINT('',(-7.069573051712E-03,0.127,9.388183210709E-04
    ));
#3912 = DEFINITIONAL_REPRESENTATION('',(#3913),#3917);
#3913 = LINE('',#3914,#3915);
#3914 = CARTESIAN_POINT('',(50.,0.));
#3915 = VECTOR('',#3916,1.);
#3916 = DIRECTION('',(0.,1.));
#3917 = ( GEOMETRIC_REPRESENTATION_CONTEXT(2) 
PARAMETRIC_REPRESENTATION_CONTEXT() REPRESENTATION_CONTEXT('2D SPACE',''
  ) );
#3918 = ORIENTED_EDGE('',*,*,#3919,.F.);
#3919 = EDGE_CURVE('',#3810,#3887,#3920,.T.);
#3920 = SURFACE_CURVE('',#3921,(#3924,#3931),.PCURVE_S1.);
#3921 = B_SPLINE_CURVE_WITH_KNOTS('',1,(#3922,#3923),.UNSPECIFIED.,.F.,
  .F.,(2,2),(49.,50.),.PIECEWISE_BEZIER_KNOTS.);
#3922 = CARTESIAN_POINT('',(-6.144190639699E-03,0.127,6.754059756656E-04
    ));
#3923 = CARTESIAN_POINT('',(-6.633084569422E-03,0.127,8.131287825567E-04
    ));
#3924 = PCURVE('',#3826,#3925);
#3925 = DEFINITIONAL_REPRESENTATION('',(#3926),#3930);
#3926 = LINE('',#3927,#3928);
#3927 = CARTESIAN_POINT('',(0.,1.));
#3928 = VECTOR('',#3929,1.);
#3929 = DIRECTION('',(1.,0.));
#3930 = ( GEOMETRIC_REPRESENTATION_CONTEXT(2) 
PARAMETRIC_REPRESENTATION_CONTEXT() REPRESENTATION_CONTEXT('2D SPACE',''
  ) );
#3931 = PCURVE('',#124,#3932);
#3932 = DEFINITIONAL_REPRESENTATION('',(#3933),#3936);
#3933 = B_SPLINE_CURVE_WITH_KNOTS('',1,(#3934,#3935),.UNSPECIFIED.,.F.,
  .F.,(2,2),(49.,50.),.PIECEWISE_BEZIER_KNOTS.);
#3934 = CARTESIAN_POINT('',(2.233234429866E-03,-2.895921942664E-04));
#3935 = CARTESIAN_POINT('',(1.728842296093E-03,-2.298140925465E-04));
#3936 = ( GEOMETRIC_REPRESENTATION_CONTEXT(2) 
PARAMETRIC_REPRESENTATION_CONTEXT() REPRESENTATION_CONTEXT('2D SPACE',''
  ) );
#3937 = ORIENTED_EDGE('',*,*,#3809,.F.);
#3938 = ADVANCED_FACE('',(#3939),#3903,.T.);
#3939 = FACE_BOUND('',#3940,.T.);
#3940 = EDGE_LOOP('',(#3941,#3962,#3995,#4014));
#3941 = ORIENTED_EDGE('',*,*,#3942,.T.);
#3942 = EDGE_CURVE('',#3866,#3943,#3945,.T.);
#3943 = VERTEX_POINT('',#3944);
#3944 = CARTESIAN_POINT('',(-9.490180011868E-03,2.032E-02,
    6.060930046362E-03));
#3945 = SURFACE_CURVE('',#3946,(#3949,#3956),.PCURVE_S1.);
#3946 = B_SPLINE_CURVE_WITH_KNOTS('',1,(#3947,#3948),.UNSPECIFIED.,.F.,
  .F.,(2,2),(50.,51.),.PIECEWISE_BEZIER_KNOTS.);
#3947 = CARTESIAN_POINT('',(-8.949431249502E-03,2.032E-02,
    5.589801502426E-03));
#3948 = CARTESIAN_POINT('',(-9.490180011868E-03,2.032E-02,
    6.060930046362E-03));
#3949 = PCURVE('',#3903,#3950);
#3950 = DEFINITIONAL_REPRESENTATION('',(#3951),#3955);
#3951 = LINE('',#3952,#3953);
#3952 = CARTESIAN_POINT('',(0.,0.));
#3953 = VECTOR('',#3954,1.);
#3954 = DIRECTION('',(1.,0.));
#3955 = ( GEOMETRIC_REPRESENTATION_CONTEXT(2) 
PARAMETRIC_REPRESENTATION_CONTEXT() REPRESENTATION_CONTEXT('2D SPACE',''
  ) );
#3956 = PCURVE('',#65,#3957);
#3957 = DEFINITIONAL_REPRESENTATION('',(#3958),#3961);
#3958 = B_SPLINE_CURVE_WITH_KNOTS('',1,(#3959,#3960),.UNSPECIFIED.,.F.,
  .F.,(2,2),(50.,51.),.PIECEWISE_BEZIER_KNOTS.);
#3959 = CARTESIAN_POINT('',(2.729750993831E-03,-3.628643566524E-04));
#3960 = CARTESIAN_POINT('',(2.018038637803E-03,-2.743383650428E-04));
#3961 = ( GEOMETRIC_REPRESENTATION_CONTEXT(2) 
PARAMETRIC_REPRESENTATION_CONTEXT() REPRESENTATION_CONTEXT('2D SPACE',''
  ) );
#3962 = ORIENTED_EDGE('',*,*,#3963,.T.);
#3963 = EDGE_CURVE('',#3943,#3964,#3966,.T.);
#3964 = VERTEX_POINT('',#3965);
#3965 = CARTESIAN_POINT('',(-7.069573051712E-03,0.127,9.388183210709E-04
    ));
#3966 = SURFACE_CURVE('',#3967,(#3972,#3979),.PCURVE_S1.);
#3967 = ( BOUNDED_CURVE() B_SPLINE_CURVE(3,(#3968,#3969,#3970,#3971),
.UNSPECIFIED.,.F.,.F.) B_SPLINE_CURVE_WITH_KNOTS((4,4),(0.,1.),
.PIECEWISE_BEZIER_KNOTS.) CURVE() GEOMETRIC_REPRESENTATION_ITEM() 
RATIONAL_B_SPLINE_CURVE((1.,1.,1.,1.)) REPRESENTATION_ITEM('') );
#3968 = CARTESIAN_POINT('',(-9.490180011868E-03,2.032E-02,
    6.060930046362E-03));
#3969 = CARTESIAN_POINT('',(-1.664529158201E-02,5.57630709112E-02,
    5.366010995044E-03));
#3970 = CARTESIAN_POINT('',(-1.20018318852E-02,9.160924192655E-02,
    1.726962246129E-03));
#3971 = CARTESIAN_POINT('',(-7.069573051712E-03,0.127,9.388183210709E-04
    ));
#3972 = PCURVE('',#3903,#3973);
#3973 = DEFINITIONAL_REPRESENTATION('',(#3974),#3978);
#3974 = LINE('',#3975,#3976);
#3975 = CARTESIAN_POINT('',(51.,0.));
#3976 = VECTOR('',#3977,1.);
#3977 = DIRECTION('',(0.,1.));
#3978 = ( GEOMETRIC_REPRESENTATION_CONTEXT(2) 
PARAMETRIC_REPRESENTATION_CONTEXT() REPRESENTATION_CONTEXT('2D SPACE',''
  ) );
#3979 = PCURVE('',#3980,#3989);
#3980 = ( BOUNDED_SURFACE() B_SPLINE_SURFACE(1,3,(
    (#3981,#3982,#3983,#3984)
    ,(#3985,#3986,#3987,#3988
)),.UNSPECIFIED.,.F.,.F.,.F.) B_SPLINE_SURFACE_WITH_KNOTS((2,2),(4,4),(
    51.,52.),(0.,1.),.PIECEWISE_BEZIER_KNOTS.) 
GEOMETRIC_REPRESENTATION_ITEM() RATIONAL_B_SPLINE_SURFACE((
    (1.,1.,1.,1.)
,(1.,1.,1.,1.))) REPRESENTATION_ITEM('') SURFACE() );
#3981 = CARTESIAN_POINT('',(-9.490180011868E-03,2.032E-02,
    6.060930046362E-03));
#3982 = CARTESIAN_POINT('',(-1.664529158201E-02,5.57630709112E-02,
    5.366010995044E-03));
#3983 = CARTESIAN_POINT('',(-1.20018318852E-02,9.160924192655E-02,
    1.726962246129E-03));
#3984 = CARTESIAN_POINT('',(-7.069573051712E-03,0.127,9.388183210709E-04
    ));
#3985 = CARTESIAN_POINT('',(-9.95791003911E-03,2.032E-02,
    6.472840425261E-03));
#3986 = CARTESIAN_POINT('',(-1.75102669959E-02,5.57630709112E-02,
    5.80052934462E-03));
#3987 = CARTESIAN_POINT('',(-1.264365695399E-02,9.160924192655E-02,
    1.923099134099E-03));
#3988 = CARTESIAN_POINT('',(-7.448298920733E-03,0.127,1.050060998562E-03
    ));
#3989 = DEFINITIONAL_REPRESENTATION('',(#3990),#3994);
#3990 = LINE('',#3991,#3992);
#3991 = CARTESIAN_POINT('',(51.,0.));
#3992 = VECTOR('',#3993,1.);
#3993 = DIRECTION('',(0.,1.));
#3994 = ( GEOMETRIC_REPRESENTATION_CONTEXT(2) 
PARAMETRIC_REPRESENTATION_CONTEXT() REPRESENTATION_CONTEXT('2D SPACE',''
  ) );
#3995 = ORIENTED_EDGE('',*,*,#3996,.F.);
#3996 = EDGE_CURVE('',#3887,#3964,#3997,.T.);
#3997 = SURFACE_CURVE('',#3998,(#4001,#4008),.PCURVE_S1.);
#3998 = B_SPLINE_CURVE_WITH_KNOTS('',1,(#3999,#4000),.UNSPECIFIED.,.F.,
  .F.,(2,2),(50.,51.),.PIECEWISE_BEZIER_KNOTS.);
#3999 = CARTESIAN_POINT('',(-6.633084569422E-03,0.127,8.131287825567E-04
    ));
#4000 = CARTESIAN_POINT('',(-7.069573051712E-03,0.127,9.388183210709E-04
    ));
#4001 = PCURVE('',#3903,#4002);
#4002 = DEFINITIONAL_REPRESENTATION('',(#4003),#4007);
#4003 = LINE('',#4004,#4005);
#4004 = CARTESIAN_POINT('',(0.,1.));
#4005 = VECTOR('',#4006,1.);
#4006 = DIRECTION('',(1.,0.));
#4007 = ( GEOMETRIC_REPRESENTATION_CONTEXT(2) 
PARAMETRIC_REPRESENTATION_CONTEXT() REPRESENTATION_CONTEXT('2D SPACE',''
  ) );
#4008 = PCURVE('',#124,#4009);
#4009 = DEFINITIONAL_REPRESENTATION('',(#4010),#4013);
#4010 = B_SPLINE_CURVE_WITH_KNOTS('',1,(#4011,#4012),.UNSPECIFIED.,.F.,
  .F.,(2,2),(50.,51.),.PIECEWISE_BEZIER_KNOTS.);
#4011 = CARTESIAN_POINT('',(1.728842296093E-03,-2.298140925465E-04));
#4012 = CARTESIAN_POINT('',(1.278091137275E-03,-1.737476311937E-04));
#4013 = ( GEOMETRIC_REPRESENTATION_CONTEXT(2) 
PARAMETRIC_REPRESENTATION_CONTEXT() REPRESENTATION_CONTEXT('2D SPACE',''
  ) );
#4014 = ORIENTED_EDGE('',*,*,#3886,.F.);
#4015 = ADVANCED_FACE('',(#4016),#3980,.T.);
#4016 = FACE_BOUND('',#4017,.T.);
#4017 = EDGE_LOOP('',(#4018,#4039,#4072,#4091));
#4018 = ORIENTED_EDGE('',*,*,#4019,.T.);
#4019 = EDGE_CURVE('',#3943,#4020,#4022,.T.);
#4020 = VERTEX_POINT('',#4021);
#4021 = CARTESIAN_POINT('',(-9.95791003911E-03,2.032E-02,
    6.472840425261E-03));
#4022 = SURFACE_CURVE('',#4023,(#4026,#4033),.PCURVE_S1.);
#4023 = B_SPLINE_CURVE_WITH_KNOTS('',1,(#4024,#4025),.UNSPECIFIED.,.F.,
  .F.,(2,2),(51.,52.),.PIECEWISE_BEZIER_KNOTS.);
#4024 = CARTESIAN_POINT('',(-9.490180011868E-03,2.032E-02,
    6.060930046362E-03));
#4025 = CARTESIAN_POINT('',(-9.95791003911E-03,2.032E-02,
    6.472840425261E-03));
#4026 = PCURVE('',#3980,#4027);
#4027 = DEFINITIONAL_REPRESENTATION('',(#4028),#4032);
#4028 = LINE('',#4029,#4030);
#4029 = CARTESIAN_POINT('',(0.,0.));
#4030 = VECTOR('',#4031,1.);
#4031 = DIRECTION('',(1.,0.));
#4032 = ( GEOMETRIC_REPRESENTATION_CONTEXT(2) 
PARAMETRIC_REPRESENTATION_CONTEXT() REPRESENTATION_CONTEXT('2D SPACE',''
  ) );
#4033 = PCURVE('',#65,#4034);
#4034 = DEFINITIONAL_REPRESENTATION('',(#4035),#4038);
#4035 = B_SPLINE_CURVE_WITH_KNOTS('',1,(#4036,#4037),.UNSPECIFIED.,.F.,
  .F.,(2,2),(51.,52.),.PIECEWISE_BEZIER_KNOTS.);
#4036 = CARTESIAN_POINT('',(2.018038637803E-03,-2.743383650428E-04));
#4037 = CARTESIAN_POINT('',(1.399972144668E-03,-1.941177399437E-04));
#4038 = ( GEOMETRIC_REPRESENTATION_CONTEXT(2) 
PARAMETRIC_REPRESENTATION_CONTEXT() REPRESENTATION_CONTEXT('2D SPACE',''
  ) );
#4039 = ORIENTED_EDGE('',*,*,#4040,.T.);
#4040 = EDGE_CURVE('',#4020,#4041,#4043,.T.);
#4041 = VERTEX_POINT('',#4042);
#4042 = CARTESIAN_POINT('',(-7.448298920733E-03,0.127,1.050060998562E-03
    ));
#4043 = SURFACE_CURVE('',#4044,(#4049,#4056),.PCURVE_S1.);
#4044 = ( BOUNDED_CURVE() B_SPLINE_CURVE(3,(#4045,#4046,#4047,#4048),
.UNSPECIFIED.,.F.,.F.) B_SPLINE_CURVE_WITH_KNOTS((4,4),(0.,1.),
.PIECEWISE_BEZIER_KNOTS.) CURVE() GEOMETRIC_REPRESENTATION_ITEM() 
RATIONAL_B_SPLINE_CURVE((1.,1.,1.,1.)) REPRESENTATION_ITEM('') );
#4045 = CARTESIAN_POINT('',(-9.95791003911E-03,2.032E-02,
    6.472840425261E-03));
#4046 = CARTESIAN_POINT('',(-1.75102669959E-02,5.57630709112E-02,
    5.80052934462E-03));
#4047 = CARTESIAN_POINT('',(-1.264365695399E-02,9.160924192655E-02,
    1.923099134099E-03));
#4048 = CARTESIAN_POINT('',(-7.448298920733E-03,0.127,1.050060998562E-03
    ));
#4049 = PCURVE('',#3980,#4050);
#4050 = DEFINITIONAL_REPRESENTATION('',(#4051),#4055);
#4051 = LINE('',#4052,#4053);
#4052 = CARTESIAN_POINT('',(52.,0.));
#4053 = VECTOR('',#4054,1.);
#4054 = DIRECTION('',(0.,1.));
#4055 = ( GEOMETRIC_REPRESENTATION_CONTEXT(2) 
PARAMETRIC_REPRESENTATION_CONTEXT() REPRESENTATION_CONTEXT('2D SPACE',''
  ) );
#4056 = PCURVE('',#4057,#4066);
#4057 = ( BOUNDED_SURFACE() B_SPLINE_SURFACE(1,3,(
    (#4058,#4059,#4060,#4061)
    ,(#4062,#4063,#4064,#4065
)),.UNSPECIFIED.,.F.,.F.,.F.) B_SPLINE_SURFACE_WITH_KNOTS((2,2),(4,4),(
    52.,53.),(0.,1.),.PIECEWISE_BEZIER_KNOTS.) 
GEOMETRIC_REPRESENTATION_ITEM() RATIONAL_B_SPLINE_SURFACE((
    (1.,1.,1.,1.)
,(1.,1.,1.,1.))) REPRESENTATION_ITEM('') SURFACE() );
#4058 = CARTESIAN_POINT('',(-9.95791003911E-03,2.032E-02,
    6.472840425261E-03));
#4059 = CARTESIAN_POINT('',(-1.75102669959E-02,5.57630709112E-02,
    5.80052934462E-03));
#4060 = CARTESIAN_POINT('',(-1.264365695399E-02,9.160924192655E-02,
    1.923099134099E-03));
#4061 = CARTESIAN_POINT('',(-7.448298920733E-03,0.127,1.050060998562E-03
    ));
#4062 = CARTESIAN_POINT('',(-1.034749169013E-02,2.032E-02,
    6.819237244042E-03));
#4063 = CARTESIAN_POINT('',(-1.823202585001E-02,5.57630709112E-02,
    6.167418649676E-03));
#4064 = CARTESIAN_POINT('',(-1.317971621351E-02,9.160924192655E-02,
    2.08971046424E-03));
#4065 = CARTESIAN_POINT('',(-7.764632774173E-03,0.127,1.144616280829E-03
    ));
#4066 = DEFINITIONAL_REPRESENTATION('',(#4067),#4071);
#4067 = LINE('',#4068,#4069);
#4068 = CARTESIAN_POINT('',(52.,0.));
#4069 = VECTOR('',#4070,1.);
#4070 = DIRECTION('',(0.,1.));
#4071 = ( GEOMETRIC_REPRESENTATION_CONTEXT(2) 
PARAMETRIC_REPRESENTATION_CONTEXT() REPRESENTATION_CONTEXT('2D SPACE',''
  ) );
#4072 = ORIENTED_EDGE('',*,*,#4073,.F.);
#4073 = EDGE_CURVE('',#3964,#4041,#4074,.T.);
#4074 = SURFACE_CURVE('',#4075,(#4078,#4085),.PCURVE_S1.);
#4075 = B_SPLINE_CURVE_WITH_KNOTS('',1,(#4076,#4077),.UNSPECIFIED.,.F.,
  .F.,(2,2),(51.,52.),.PIECEWISE_BEZIER_KNOTS.);
#4076 = CARTESIAN_POINT('',(-7.069573051712E-03,0.127,9.388183210709E-04
    ));
#4077 = CARTESIAN_POINT('',(-7.448298920733E-03,0.127,1.050060998562E-03
    ));
#4078 = PCURVE('',#3980,#4079);
#4079 = DEFINITIONAL_REPRESENTATION('',(#4080),#4084);
#4080 = LINE('',#4081,#4082);
#4081 = CARTESIAN_POINT('',(0.,1.));
#4082 = VECTOR('',#4083,1.);
#4083 = DIRECTION('',(1.,0.));
#4084 = ( GEOMETRIC_REPRESENTATION_CONTEXT(2) 
PARAMETRIC_REPRESENTATION_CONTEXT() REPRESENTATION_CONTEXT('2D SPACE',''
  ) );
#4085 = PCURVE('',#124,#4086);
#4086 = DEFINITIONAL_REPRESENTATION('',(#4087),#4090);
#4087 = B_SPLINE_CURVE_WITH_KNOTS('',1,(#4088,#4089),.UNSPECIFIED.,.F.,
  .F.,(2,2),(51.,52.),.PIECEWISE_BEZIER_KNOTS.);
#4088 = CARTESIAN_POINT('',(1.278091137275E-03,-1.737476311937E-04));
#4089 = CARTESIAN_POINT('',(8.866490249565E-04,-1.229412352977E-04));
#4090 = ( GEOMETRIC_REPRESENTATION_CONTEXT(2) 
PARAMETRIC_REPRESENTATION_CONTEXT() REPRESENTATION_CONTEXT('2D SPACE',''
  ) );
#4091 = ORIENTED_EDGE('',*,*,#3963,.F.);
#4092 = ADVANCED_FACE('',(#4093),#4057,.T.);
#4093 = FACE_BOUND('',#4094,.T.);
#4094 = EDGE_LOOP('',(#4095,#4116,#4149,#4168));
#4095 = ORIENTED_EDGE('',*,*,#4096,.T.);
#4096 = EDGE_CURVE('',#4020,#4097,#4099,.T.);
#4097 = VERTEX_POINT('',#4098);
#4098 = CARTESIAN_POINT('',(-1.034749169013E-02,2.032E-02,
    6.819237244042E-03));
#4099 = SURFACE_CURVE('',#4100,(#4103,#4110),.PCURVE_S1.);
#4100 = B_SPLINE_CURVE_WITH_KNOTS('',1,(#4101,#4102),.UNSPECIFIED.,.F.,
  .F.,(2,2),(52.,53.),.PIECEWISE_BEZIER_KNOTS.);
#4101 = CARTESIAN_POINT('',(-9.95791003911E-03,2.032E-02,
    6.472840425261E-03));
#4102 = CARTESIAN_POINT('',(-1.034749169013E-02,2.032E-02,
    6.819237244042E-03));
#4103 = PCURVE('',#4057,#4104);
#4104 = DEFINITIONAL_REPRESENTATION('',(#4105),#4109);
#4105 = LINE('',#4106,#4107);
#4106 = CARTESIAN_POINT('',(0.,0.));
#4107 = VECTOR('',#4108,1.);
#4108 = DIRECTION('',(1.,0.));
#4109 = ( GEOMETRIC_REPRESENTATION_CONTEXT(2) 
PARAMETRIC_REPRESENTATION_CONTEXT() REPRESENTATION_CONTEXT('2D SPACE',''
  ) );
#4110 = PCURVE('',#65,#4111);
#4111 = DEFINITIONAL_REPRESENTATION('',(#4112),#4115);
#4112 = B_SPLINE_CURVE_WITH_KNOTS('',1,(#4113,#4114),.UNSPECIFIED.,.F.,
  .F.,(2,2),(52.,53.),.PIECEWISE_BEZIER_KNOTS.);
#4113 = CARTESIAN_POINT('',(1.399972144668E-03,-1.941177399437E-04));
#4114 = CARTESIAN_POINT('',(8.833234437063E-04,-1.245566971978E-04));
#4115 = ( GEOMETRIC_REPRESENTATION_CONTEXT(2) 
PARAMETRIC_REPRESENTATION_CONTEXT() REPRESENTATION_CONTEXT('2D SPACE',''
  ) );
#4116 = ORIENTED_EDGE('',*,*,#4117,.T.);
#4117 = EDGE_CURVE('',#4097,#4118,#4120,.T.);
#4118 = VERTEX_POINT('',#4119);
#4119 = CARTESIAN_POINT('',(-7.764632774173E-03,0.127,1.144616280829E-03
    ));
#4120 = SURFACE_CURVE('',#4121,(#4126,#4133),.PCURVE_S1.);
#4121 = ( BOUNDED_CURVE() B_SPLINE_CURVE(3,(#4122,#4123,#4124,#4125),
.UNSPECIFIED.,.F.,.F.) B_SPLINE_CURVE_WITH_KNOTS((4,4),(0.,1.),
.PIECEWISE_BEZIER_KNOTS.) CURVE() GEOMETRIC_REPRESENTATION_ITEM() 
RATIONAL_B_SPLINE_CURVE((1.,1.,1.,1.)) REPRESENTATION_ITEM('') );
#4122 = CARTESIAN_POINT('',(-1.034749169013E-02,2.032E-02,
    6.819237244042E-03));
#4123 = CARTESIAN_POINT('',(-1.823202585001E-02,5.57630709112E-02,
    6.167418649676E-03));
#4124 = CARTESIAN_POINT('',(-1.317971621351E-02,9.160924192655E-02,
    2.08971046424E-03));
#4125 = CARTESIAN_POINT('',(-7.764632774173E-03,0.127,1.144616280829E-03
    ));
#4126 = PCURVE('',#4057,#4127);
#4127 = DEFINITIONAL_REPRESENTATION('',(#4128),#4132);
#4128 = LINE('',#4129,#4130);
#4129 = CARTESIAN_POINT('',(53.,0.));
#4130 = VECTOR('',#4131,1.);
#4131 = DIRECTION('',(0.,1.));
#4132 = ( GEOMETRIC_REPRESENTATION_CONTEXT(2) 
PARAMETRIC_REPRESENTATION_CONTEXT() REPRESENTATION_CONTEXT('2D SPACE',''
  ) );
#4133 = PCURVE('',#4134,#4143);
#4134 = ( BOUNDED_SURFACE() B_SPLINE_SURFACE(1,3,(
    (#4135,#4136,#4137,#4138)
    ,(#4139,#4140,#4141,#4142
)),.UNSPECIFIED.,.F.,.F.,.F.) B_SPLINE_SURFACE_WITH_KNOTS((2,2),(4,4),(
    53.,54.),(0.,1.),.PIECEWISE_BEZIER_KNOTS.) 
GEOMETRIC_REPRESENTATION_ITEM() RATIONAL_B_SPLINE_SURFACE((
    (1.,1.,1.,1.)
,(1.,1.,1.,1.))) REPRESENTATION_ITEM('') SURFACE() );
#4135 = CARTESIAN_POINT('',(-1.034749169013E-02,2.032E-02,
    6.819237244042E-03));
#4136 = CARTESIAN_POINT('',(-1.823202585001E-02,5.57630709112E-02,
    6.167418649676E-03));
#4137 = CARTESIAN_POINT('',(-1.317971621351E-02,9.160924192655E-02,
    2.08971046424E-03));
#4138 = CARTESIAN_POINT('',(-7.764632774173E-03,0.127,1.144616280829E-03
    ));
#4139 = CARTESIAN_POINT('',(-1.065475368053E-02,2.032E-02,
    7.094685159777E-03));
#4140 = CARTESIAN_POINT('',(-1.880215995123E-02,5.57630709112E-02,
    6.460156952208E-03));
#4141 = CARTESIAN_POINT('',(-1.360350274722E-02,9.160924192655E-02,
    2.223318983562E-03));
#4142 = CARTESIAN_POINT('',(-8.01472550165E-03,0.127,1.220480787187E-03)
  );
#4143 = DEFINITIONAL_REPRESENTATION('',(#4144),#4148);
#4144 = LINE('',#4145,#4146);
#4145 = CARTESIAN_POINT('',(53.,0.));
#4146 = VECTOR('',#4147,1.);
#4147 = DIRECTION('',(0.,1.));
#4148 = ( GEOMETRIC_REPRESENTATION_CONTEXT(2) 
PARAMETRIC_REPRESENTATION_CONTEXT() REPRESENTATION_CONTEXT('2D SPACE',''
  ) );
#4149 = ORIENTED_EDGE('',*,*,#4150,.F.);
#4150 = EDGE_CURVE('',#4041,#4118,#4151,.T.);
#4151 = SURFACE_CURVE('',#4152,(#4155,#4162),.PCURVE_S1.);
#4152 = B_SPLINE_CURVE_WITH_KNOTS('',1,(#4153,#4154),.UNSPECIFIED.,.F.,
  .F.,(2,2),(52.,53.),.PIECEWISE_BEZIER_KNOTS.);
#4153 = CARTESIAN_POINT('',(-7.448298920733E-03,0.127,1.050060998562E-03
    ));
#4154 = CARTESIAN_POINT('',(-7.764632774173E-03,0.127,1.144616280829E-03
    ));
#4155 = PCURVE('',#4057,#4156);
#4156 = DEFINITIONAL_REPRESENTATION('',(#4157),#4161);
#4157 = LINE('',#4158,#4159);
#4158 = CARTESIAN_POINT('',(0.,1.));
#4159 = VECTOR('',#4160,1.);
#4160 = DIRECTION('',(1.,0.));
#4161 = ( GEOMETRIC_REPRESENTATION_CONTEXT(2) 
PARAMETRIC_REPRESENTATION_CONTEXT() REPRESENTATION_CONTEXT('2D SPACE',''
  ) );
#4162 = PCURVE('',#124,#4163);
#4163 = DEFINITIONAL_REPRESENTATION('',(#4164),#4167);
#4164 = B_SPLINE_CURVE_WITH_KNOTS('',1,(#4165,#4166),.UNSPECIFIED.,.F.,
  .F.,(2,2),(52.,53.),.PIECEWISE_BEZIER_KNOTS.);
#4165 = CARTESIAN_POINT('',(8.866490249565E-04,-1.229412352977E-04));
#4166 = CARTESIAN_POINT('',(5.59438181014E-04,-7.888590822528E-05));
#4167 = ( GEOMETRIC_REPRESENTATION_CONTEXT(2) 
PARAMETRIC_REPRESENTATION_CONTEXT() REPRESENTATION_CONTEXT('2D SPACE',''
  ) );
#4168 = ORIENTED_EDGE('',*,*,#4040,.F.);
#4169 = ADVANCED_FACE('',(#4170),#4134,.T.);
#4170 = FACE_BOUND('',#4171,.T.);
#4171 = EDGE_LOOP('',(#4172,#4193,#4226,#4245));
#4172 = ORIENTED_EDGE('',*,*,#4173,.T.);
#4173 = EDGE_CURVE('',#4097,#4174,#4176,.T.);
#4174 = VERTEX_POINT('',#4175);
#4175 = CARTESIAN_POINT('',(-1.065475368053E-02,2.032E-02,
    7.094685159777E-03));
#4176 = SURFACE_CURVE('',#4177,(#4180,#4187),.PCURVE_S1.);
#4177 = B_SPLINE_CURVE_WITH_KNOTS('',1,(#4178,#4179),.UNSPECIFIED.,.F.,
  .F.,(2,2),(53.,54.),.PIECEWISE_BEZIER_KNOTS.);
#4178 = CARTESIAN_POINT('',(-1.034749169013E-02,2.032E-02,
    6.819237244042E-03));
#4179 = CARTESIAN_POINT('',(-1.065475368053E-02,2.032E-02,
    7.094685159777E-03));
#4180 = PCURVE('',#4134,#4181);
#4181 = DEFINITIONAL_REPRESENTATION('',(#4182),#4186);
#4182 = LINE('',#4183,#4184);
#4183 = CARTESIAN_POINT('',(0.,0.));
#4184 = VECTOR('',#4185,1.);
#4185 = DIRECTION('',(1.,0.));
#4186 = ( GEOMETRIC_REPRESENTATION_CONTEXT(2) 
PARAMETRIC_REPRESENTATION_CONTEXT() REPRESENTATION_CONTEXT('2D SPACE',''
  ) );
#4187 = PCURVE('',#65,#4188);
#4188 = DEFINITIONAL_REPRESENTATION('',(#4189),#4192);
#4189 = B_SPLINE_CURVE_WITH_KNOTS('',1,(#4190,#4191),.UNSPECIFIED.,.F.,
  .F.,(2,2),(53.,54.),.PIECEWISE_BEZIER_KNOTS.);
#4190 = CARTESIAN_POINT('',(8.833234437063E-04,-1.245566971978E-04));
#4191 = CARTESIAN_POINT('',(4.745890965838E-04,-6.783175990162E-05));
#4192 = ( GEOMETRIC_REPRESENTATION_CONTEXT(2) 
PARAMETRIC_REPRESENTATION_CONTEXT() REPRESENTATION_CONTEXT('2D SPACE',''
  ) );
#4193 = ORIENTED_EDGE('',*,*,#4194,.T.);
#4194 = EDGE_CURVE('',#4174,#4195,#4197,.T.);
#4195 = VERTEX_POINT('',#4196);
#4196 = CARTESIAN_POINT('',(-8.01472550165E-03,0.127,1.220480787187E-03)
  );
#4197 = SURFACE_CURVE('',#4198,(#4203,#4210),.PCURVE_S1.);
#4198 = ( BOUNDED_CURVE() B_SPLINE_CURVE(3,(#4199,#4200,#4201,#4202),
.UNSPECIFIED.,.F.,.F.) B_SPLINE_CURVE_WITH_KNOTS((4,4),(0.,1.),
.PIECEWISE_BEZIER_KNOTS.) CURVE() GEOMETRIC_REPRESENTATION_ITEM() 
RATIONAL_B_SPLINE_CURVE((1.,1.,1.,1.)) REPRESENTATION_ITEM('') );
#4199 = CARTESIAN_POINT('',(-1.065475368053E-02,2.032E-02,
    7.094685159777E-03));
#4200 = CARTESIAN_POINT('',(-1.880215995123E-02,5.57630709112E-02,
    6.460156952208E-03));
#4201 = CARTESIAN_POINT('',(-1.360350274722E-02,9.160924192655E-02,
    2.223318983562E-03));
#4202 = CARTESIAN_POINT('',(-8.01472550165E-03,0.127,1.220480787187E-03)
  );
#4203 = PCURVE('',#4134,#4204);
#4204 = DEFINITIONAL_REPRESENTATION('',(#4205),#4209);
#4205 = LINE('',#4206,#4207);
#4206 = CARTESIAN_POINT('',(54.,0.));
#4207 = VECTOR('',#4208,1.);
#4208 = DIRECTION('',(0.,1.));
#4209 = ( GEOMETRIC_REPRESENTATION_CONTEXT(2) 
PARAMETRIC_REPRESENTATION_CONTEXT() REPRESENTATION_CONTEXT('2D SPACE',''
  ) );
#4210 = PCURVE('',#4211,#4220);
#4211 = ( BOUNDED_SURFACE() B_SPLINE_SURFACE(1,3,(
    (#4212,#4213,#4214,#4215)
    ,(#4216,#4217,#4218,#4219
)),.UNSPECIFIED.,.F.,.F.,.F.) B_SPLINE_SURFACE_WITH_KNOTS((2,2),(4,4),(
    54.,55.),(0.,1.),.PIECEWISE_BEZIER_KNOTS.) 
GEOMETRIC_REPRESENTATION_ITEM() RATIONAL_B_SPLINE_SURFACE((
    (1.,1.,1.,1.)
,(1.,1.,1.,1.))) REPRESENTATION_ITEM('') SURFACE() );
#4212 = CARTESIAN_POINT('',(-1.065475368053E-02,2.032E-02,
    7.094685159777E-03));
#4213 = CARTESIAN_POINT('',(-1.880215995123E-02,5.57630709112E-02,
    6.460156952208E-03));
#4214 = CARTESIAN_POINT('',(-1.360350274722E-02,9.160924192655E-02,
    2.223318983562E-03));
#4215 = CARTESIAN_POINT('',(-8.01472550165E-03,0.127,1.220480787187E-03)
  );
#4216 = CARTESIAN_POINT('',(-1.087648578039E-02,2.032E-02,
    7.294751004366E-03));
#4217 = CARTESIAN_POINT('',(-1.921409978355E-02,5.57630709112E-02,
    6.673349188293E-03));
#4218 = CARTESIAN_POINT('',(-1.390989765827E-02,9.160924192655E-02,
    2.321003271354E-03));
#4219 = CARTESIAN_POINT('',(-8.195547873516E-03,0.127,1.275969146083E-03
    ));
#4220 = DEFINITIONAL_REPRESENTATION('',(#4221),#4225);
#4221 = LINE('',#4222,#4223);
#4222 = CARTESIAN_POINT('',(54.,0.));
#4223 = VECTOR('',#4224,1.);
#4224 = DIRECTION('',(0.,1.));
#4225 = ( GEOMETRIC_REPRESENTATION_CONTEXT(2) 
PARAMETRIC_REPRESENTATION_CONTEXT() REPRESENTATION_CONTEXT('2D SPACE',''
  ) );
#4226 = ORIENTED_EDGE('',*,*,#4227,.F.);
#4227 = EDGE_CURVE('',#4118,#4195,#4228,.T.);
#4228 = SURFACE_CURVE('',#4229,(#4232,#4239),.PCURVE_S1.);
#4229 = B_SPLINE_CURVE_WITH_KNOTS('',1,(#4230,#4231),.UNSPECIFIED.,.F.,
  .F.,(2,2),(53.,54.),.PIECEWISE_BEZIER_KNOTS.);
#4230 = CARTESIAN_POINT('',(-7.764632774173E-03,0.127,1.144616280829E-03
    ));
#4231 = CARTESIAN_POINT('',(-8.01472550165E-03,0.127,1.220480787187E-03)
  );
#4232 = PCURVE('',#4134,#4233);
#4233 = DEFINITIONAL_REPRESENTATION('',(#4234),#4238);
#4234 = LINE('',#4235,#4236);
#4235 = CARTESIAN_POINT('',(0.,1.));
#4236 = VECTOR('',#4237,1.);
#4237 = DIRECTION('',(1.,0.));
#4238 = ( GEOMETRIC_REPRESENTATION_CONTEXT(2) 
PARAMETRIC_REPRESENTATION_CONTEXT() REPRESENTATION_CONTEXT('2D SPACE',''
  ) );
#4239 = PCURVE('',#124,#4240);
#4240 = DEFINITIONAL_REPRESENTATION('',(#4241),#4244);
#4241 = B_SPLINE_CURVE_WITH_KNOTS('',1,(#4242,#4243),.UNSPECIFIED.,.F.,
  .F.,(2,2),(53.,54.),.PIECEWISE_BEZIER_KNOTS.);
#4242 = CARTESIAN_POINT('',(5.59438181014E-04,-7.888590822528E-05));
#4243 = CARTESIAN_POINT('',(3.00573094503E-04,-4.296011460436E-05));
#4244 = ( GEOMETRIC_REPRESENTATION_CONTEXT(2) 
PARAMETRIC_REPRESENTATION_CONTEXT() REPRESENTATION_CONTEXT('2D SPACE',''
  ) );
#4245 = ORIENTED_EDGE('',*,*,#4117,.F.);
#4246 = ADVANCED_FACE('',(#4247),#4211,.T.);
#4247 = FACE_BOUND('',#4248,.T.);
#4248 = EDGE_LOOP('',(#4249,#4270,#4294,#4313));
#4249 = ORIENTED_EDGE('',*,*,#4250,.T.);
#4250 = EDGE_CURVE('',#4174,#4251,#4253,.T.);
#4251 = VERTEX_POINT('',#4252);
#4252 = CARTESIAN_POINT('',(-1.087648578039E-02,2.032E-02,
    7.294751004366E-03));
#4253 = SURFACE_CURVE('',#4254,(#4257,#4264),.PCURVE_S1.);
#4254 = B_SPLINE_CURVE_WITH_KNOTS('',1,(#4255,#4256),.UNSPECIFIED.,.F.,
  .F.,(2,2),(54.,55.),.PIECEWISE_BEZIER_KNOTS.);
#4255 = CARTESIAN_POINT('',(-1.065475368053E-02,2.032E-02,
    7.094685159777E-03));
#4256 = CARTESIAN_POINT('',(-1.087648578039E-02,2.032E-02,
    7.294751004366E-03));
#4257 = PCURVE('',#4211,#4258);
#4258 = DEFINITIONAL_REPRESENTATION('',(#4259),#4263);
#4259 = LINE('',#4260,#4261);
#4260 = CARTESIAN_POINT('',(0.,0.));
#4261 = VECTOR('',#4262,1.);
#4262 = DIRECTION('',(1.,0.));
#4263 = ( GEOMETRIC_REPRESENTATION_CONTEXT(2) 
PARAMETRIC_REPRESENTATION_CONTEXT() REPRESENTATION_CONTEXT('2D SPACE',''
  ) );
#4264 = PCURVE('',#65,#4265);
#4265 = DEFINITIONAL_REPRESENTATION('',(#4266),#4269);
#4266 = B_SPLINE_CURVE_WITH_KNOTS('',1,(#4267,#4268),.UNSPECIFIED.,.F.,
  .F.,(2,2),(54.,55.),.PIECEWISE_BEZIER_KNOTS.);
#4267 = CARTESIAN_POINT('',(4.745890965838E-04,-6.783175990162E-05));
#4268 = CARTESIAN_POINT('',(1.789086400257E-04,-2.58254045719E-05));
#4269 = ( GEOMETRIC_REPRESENTATION_CONTEXT(2) 
PARAMETRIC_REPRESENTATION_CONTEXT() REPRESENTATION_CONTEXT('2D SPACE',''
  ) );
#4270 = ORIENTED_EDGE('',*,*,#4271,.T.);
#4271 = EDGE_CURVE('',#4251,#4272,#4274,.T.);
#4272 = VERTEX_POINT('',#4273);
#4273 = CARTESIAN_POINT('',(-8.195547873516E-03,0.127,1.275969146083E-03
    ));
#4274 = SURFACE_CURVE('',#4275,(#4280,#4287),.PCURVE_S1.);
#4275 = ( BOUNDED_CURVE() B_SPLINE_CURVE(3,(#4276,#4277,#4278,#4279),
.UNSPECIFIED.,.F.,.F.) B_SPLINE_CURVE_WITH_KNOTS((4,4),(0.,1.),
.PIECEWISE_BEZIER_KNOTS.) CURVE() GEOMETRIC_REPRESENTATION_ITEM() 
RATIONAL_B_SPLINE_CURVE((1.,1.,1.,1.)) REPRESENTATION_ITEM('') );
#4276 = CARTESIAN_POINT('',(-1.087648578039E-02,2.032E-02,
    7.294751004366E-03));
#4277 = CARTESIAN_POINT('',(-1.921409978355E-02,5.57630709112E-02,
    6.673349188293E-03));
#4278 = CARTESIAN_POINT('',(-1.390989765827E-02,9.160924192655E-02,
    2.321003271354E-03));
#4279 = CARTESIAN_POINT('',(-8.195547873516E-03,0.127,1.275969146083E-03
    ));
#4280 = PCURVE('',#4211,#4281);
#4281 = DEFINITIONAL_REPRESENTATION('',(#4282),#4286);
#4282 = LINE('',#4283,#4284);
#4283 = CARTESIAN_POINT('',(55.,0.));
#4284 = VECTOR('',#4285,1.);
#4285 = DIRECTION('',(0.,1.));
#4286 = ( GEOMETRIC_REPRESENTATION_CONTEXT(2) 
PARAMETRIC_REPRESENTATION_CONTEXT() REPRESENTATION_CONTEXT('2D SPACE',''
  ) );
#4287 = PCURVE('',#150,#4288);
#4288 = DEFINITIONAL_REPRESENTATION('',(#4289),#4293);
#4289 = LINE('',#4290,#4291);
#4290 = CARTESIAN_POINT('',(55.,0.));
#4291 = VECTOR('',#4292,1.);
#4292 = DIRECTION('',(0.,1.));
#4293 = ( GEOMETRIC_REPRESENTATION_CONTEXT(2) 
PARAMETRIC_REPRESENTATION_CONTEXT() REPRESENTATION_CONTEXT('2D SPACE',''
  ) );
#4294 = ORIENTED_EDGE('',*,*,#4295,.F.);
#4295 = EDGE_CURVE('',#4195,#4272,#4296,.T.);
#4296 = SURFACE_CURVE('',#4297,(#4300,#4307),.PCURVE_S1.);
#4297 = B_SPLINE_CURVE_WITH_KNOTS('',1,(#4298,#4299),.UNSPECIFIED.,.F.,
  .F.,(2,2),(54.,55.),.PIECEWISE_BEZIER_KNOTS.);
#4298 = CARTESIAN_POINT('',(-8.01472550165E-03,0.127,1.220480787187E-03)
  );
#4299 = CARTESIAN_POINT('',(-8.195547873516E-03,0.127,1.275969146083E-03
    ));
#4300 = PCURVE('',#4211,#4301);
#4301 = DEFINITIONAL_REPRESENTATION('',(#4302),#4306);
#4302 = LINE('',#4303,#4304);
#4303 = CARTESIAN_POINT('',(0.,1.));
#4304 = VECTOR('',#4305,1.);
#4305 = DIRECTION('',(1.,0.));
#4306 = ( GEOMETRIC_REPRESENTATION_CONTEXT(2) 
PARAMETRIC_REPRESENTATION_CONTEXT() REPRESENTATION_CONTEXT('2D SPACE',''
  ) );
#4307 = PCURVE('',#124,#4308);
#4308 = DEFINITIONAL_REPRESENTATION('',(#4309),#4312);
#4309 = B_SPLINE_CURVE_WITH_KNOTS('',1,(#4310,#4311),.UNSPECIFIED.,.F.,
  .F.,(2,2),(54.,55.),.PIECEWISE_BEZIER_KNOTS.);
#4310 = CARTESIAN_POINT('',(3.00573094503E-04,-4.296011460436E-05));
#4311 = CARTESIAN_POINT('',(1.133088053496E-04,-1.635608956221E-05));
#4312 = ( GEOMETRIC_REPRESENTATION_CONTEXT(2) 
PARAMETRIC_REPRESENTATION_CONTEXT() REPRESENTATION_CONTEXT('2D SPACE',''
  ) );
#4313 = ORIENTED_EDGE('',*,*,#4194,.F.);
#4314 = ADVANCED_FACE('',(#4315),#150,.T.);
#4315 = FACE_BOUND('',#4316,.T.);
#4316 = EDGE_LOOP('',(#4317,#4336,#4337,#4356));
#4317 = ORIENTED_EDGE('',*,*,#4318,.T.);
#4318 = EDGE_CURVE('',#4251,#40,#4319,.T.);
#4319 = SURFACE_CURVE('',#4320,(#4323,#4330),.PCURVE_S1.);
#4320 = B_SPLINE_CURVE_WITH_KNOTS('',1,(#4321,#4322),.UNSPECIFIED.,.F.,
  .F.,(2,2),(55.,56.),.PIECEWISE_BEZIER_KNOTS.);
#4321 = CARTESIAN_POINT('',(-1.087648578039E-02,2.032E-02,
    7.294751004366E-03));
#4322 = CARTESIAN_POINT('',(-1.101042193015E-02,2.032E-02,
    7.416144417634E-03));
#4323 = PCURVE('',#150,#4324);
#4324 = DEFINITIONAL_REPRESENTATION('',(#4325),#4329);
#4325 = LINE('',#4326,#4327);
#4326 = CARTESIAN_POINT('',(0.,0.));
#4327 = VECTOR('',#4328,1.);
#4328 = DIRECTION('',(1.,0.));
#4329 = ( GEOMETRIC_REPRESENTATION_CONTEXT(2) 
PARAMETRIC_REPRESENTATION_CONTEXT() REPRESENTATION_CONTEXT('2D SPACE',''
  ) );
#4330 = PCURVE('',#65,#4331);
#4331 = DEFINITIONAL_REPRESENTATION('',(#4332),#4335);
#4332 = B_SPLINE_CURVE_WITH_KNOTS('',1,(#4333,#4334),.UNSPECIFIED.,.F.,
  .F.,(2,2),(55.,56.),.PIECEWISE_BEZIER_KNOTS.);
#4333 = CARTESIAN_POINT('',(1.789086400257E-04,-2.58254045719E-05));
#4334 = CARTESIAN_POINT('',(0.,0.));
#4335 = ( GEOMETRIC_REPRESENTATION_CONTEXT(2) 
PARAMETRIC_REPRESENTATION_CONTEXT() REPRESENTATION_CONTEXT('2D SPACE',''
  ) );
#4336 = ORIENTED_EDGE('',*,*,#135,.T.);
#4337 = ORIENTED_EDGE('',*,*,#4338,.F.);
#4338 = EDGE_CURVE('',#4272,#110,#4339,.T.);
#4339 = SURFACE_CURVE('',#4340,(#4343,#4350),.PCURVE_S1.);
#4340 = B_SPLINE_CURVE_WITH_KNOTS('',1,(#4341,#4342),.UNSPECIFIED.,.F.,
  .F.,(2,2),(55.,56.),.PIECEWISE_BEZIER_KNOTS.);
#4341 = CARTESIAN_POINT('',(-8.195547873516E-03,0.127,1.275969146083E-03
    ));
#4342 = CARTESIAN_POINT('',(-8.304918491086E-03,0.127,1.309799236948E-03
    ));
#4343 = PCURVE('',#150,#4344);
#4344 = DEFINITIONAL_REPRESENTATION('',(#4345),#4349);
#4345 = LINE('',#4346,#4347);
#4346 = CARTESIAN_POINT('',(0.,1.));
#4347 = VECTOR('',#4348,1.);
#4348 = DIRECTION('',(1.,0.));
#4349 = ( GEOMETRIC_REPRESENTATION_CONTEXT(2) 
PARAMETRIC_REPRESENTATION_CONTEXT() REPRESENTATION_CONTEXT('2D SPACE',''
  ) );
#4350 = PCURVE('',#124,#4351);
#4351 = DEFINITIONAL_REPRESENTATION('',(#4352),#4355);
#4352 = B_SPLINE_CURVE_WITH_KNOTS('',1,(#4353,#4354),.UNSPECIFIED.,.F.,
  .F.,(2,2),(55.,56.),.PIECEWISE_BEZIER_KNOTS.);
#4353 = CARTESIAN_POINT('',(1.133088053496E-04,-1.635608956221E-05));
#4354 = CARTESIAN_POINT('',(0.,0.));
#4355 = ( GEOMETRIC_REPRESENTATION_CONTEXT(2) 
PARAMETRIC_REPRESENTATION_CONTEXT() REPRESENTATION_CONTEXT('2D SPACE',''
  ) );
#4356 = ORIENTED_EDGE('',*,*,#4271,.F.);
#4357 = ADVANCED_FACE('',(#4358),#65,.T.);
#4358 = FACE_BOUND('',#4359,.T.);
#4359 = EDGE_LOOP('',(#4360,#4361,#4362,#4363,#4364,#4365,#4366,#4367,
    #4368,#4369,#4370,#4371,#4372,#4373,#4374,#4375,#4376,#4377,#4378,
    #4379,#4380,#4381,#4382,#4383,#4384,#4385,#4386,#4387,#4388,#4389,
    #4390,#4391,#4392,#4393,#4394,#4395,#4396,#4397,#4398,#4399,#4400,
    #4401,#4402,#4403,#4404,#4405,#4406,#4407,#4408,#4409,#4410,#4411,
    #4412,#4413,#4414,#4415));
#4360 = ORIENTED_EDGE('',*,*,#39,.F.);
#4361 = ORIENTED_EDGE('',*,*,#4318,.F.);
#4362 = ORIENTED_EDGE('',*,*,#4250,.F.);
#4363 = ORIENTED_EDGE('',*,*,#4173,.F.);
#4364 = ORIENTED_EDGE('',*,*,#4096,.F.);
#4365 = ORIENTED_EDGE('',*,*,#4019,.F.);
#4366 = ORIENTED_EDGE('',*,*,#3942,.F.);
#4367 = ORIENTED_EDGE('',*,*,#3865,.F.);
#4368 = ORIENTED_EDGE('',*,*,#3788,.F.);
#4369 = ORIENTED_EDGE('',*,*,#3711,.F.);
#4370 = ORIENTED_EDGE('',*,*,#3634,.F.);
#4371 = ORIENTED_EDGE('',*,*,#3557,.F.);
#4372 = ORIENTED_EDGE('',*,*,#3480,.F.);
#4373 = ORIENTED_EDGE('',*,*,#3403,.F.);
#4374 = ORIENTED_EDGE('',*,*,#3326,.F.);
#4375 = ORIENTED_EDGE('',*,*,#3249,.F.);
#4376 = ORIENTED_EDGE('',*,*,#3172,.F.);
#4377 = ORIENTED_EDGE('',*,*,#3095,.F.);
#4378 = ORIENTED_EDGE('',*,*,#3018,.F.);
#4379 = ORIENTED_EDGE('',*,*,#2941,.F.);
#4380 = ORIENTED_EDGE('',*,*,#2864,.F.);
#4381 = ORIENTED_EDGE('',*,*,#2787,.F.);
#4382 = ORIENTED_EDGE('',*,*,#2710,.F.);
#4383 = ORIENTED_EDGE('',*,*,#2633,.F.);
#4384 = ORIENTED_EDGE('',*,*,#2556,.F.);
#4385 = ORIENTED_EDGE('',*,*,#2479,.F.);
#4386 = ORIENTED_EDGE('',*,*,#2402,.F.);
#4387 = ORIENTED_EDGE('',*,*,#2325,.F.);
#4388 = ORIENTED_EDGE('',*,*,#2248,.F.);
#4389 = ORIENTED_EDGE('',*,*,#2171,.F.);
#4390 = ORIENTED_EDGE('',*,*,#2094,.F.);
#4391 = ORIENTED_EDGE('',*,*,#2017,.F.);
#4392 = ORIENTED_EDGE('',*,*,#1940,.F.);
#4393 = ORIENTED_EDGE('',*,*,#1863,.F.);
#4394 = ORIENTED_EDGE('',*,*,#1786,.F.);
#4395 = ORIENTED_EDGE('',*,*,#1709,.F.);
#4396 = ORIENTED_EDGE('',*,*,#1632,.F.);
#4397 = ORIENTED_EDGE('',*,*,#1555,.F.);
#4398 = ORIENTED_EDGE('',*,*,#1478,.F.);
#4399 = ORIENTED_EDGE('',*,*,#1401,.F.);
#4400 = ORIENTED_EDGE('',*,*,#1324,.F.);
#4401 = ORIENTED_EDGE('',*,*,#1247,.F.);
#4402 = ORIENTED_EDGE('',*,*,#1170,.F.);
#4403 = ORIENTED_EDGE('',*,*,#1093,.F.);
#4404 = ORIENTED_EDGE('',*,*,#1016,.F.);
#4405 = ORIENTED_EDGE('',*,*,#939,.F.);
#4406 = ORIENTED_EDGE('',*,*,#862,.F.);
#4407 = ORIENTED_EDGE('',*,*,#785,.F.);
#4408 = ORIENTED_EDGE('',*,*,#708,.F.);
#4409 = ORIENTED_EDGE('',*,*,#631,.F.);
#4410 = ORIENTED_EDGE('',*,*,#554,.F.);
#4411 = ORIENTED_EDGE('',*,*,#477,.F.);
#4412 = ORIENTED_EDGE('',*,*,#400,.F.);
#4413 = ORIENTED_EDGE('',*,*,#323,.F.);
#4414 = ORIENTED_EDGE('',*,*,#246,.F.);
#4415 = ORIENTED_EDGE('',*,*,#169,.F.);
#4416 = ADVANCED_FACE('',(#4417),#124,.F.);
#4417 = FACE_BOUND('',#4418,.T.);
#4418 = EDGE_LOOP('',(#4419,#4420,#4421,#4422,#4423,#4424,#4425,#4426,
    #4427,#4428,#4429,#4430,#4431,#4432,#4433,#4434,#4435,#4436,#4437,
    #4438,#4439,#4440,#4441,#4442,#4443,#4444,#4445,#4446,#4447,#4448,
    #4449,#4450,#4451,#4452,#4453,#4454,#4455,#4456,#4457,#4458,#4459,
    #4460,#4461,#4462,#4463,#4464,#4465,#4466,#4467,#4468,#4469,#4470,
    #4471,#4472,#4473,#4474));
#4419 = ORIENTED_EDGE('',*,*,#109,.T.);
#4420 = ORIENTED_EDGE('',*,*,#223,.T.);
#4421 = ORIENTED_EDGE('',*,*,#300,.T.);
#4422 = ORIENTED_EDGE('',*,*,#377,.T.);
#4423 = ORIENTED_EDGE('',*,*,#454,.T.);
#4424 = ORIENTED_EDGE('',*,*,#531,.T.);
#4425 = ORIENTED_EDGE('',*,*,#608,.T.);
#4426 = ORIENTED_EDGE('',*,*,#685,.T.);
#4427 = ORIENTED_EDGE('',*,*,#762,.T.);
#4428 = ORIENTED_EDGE('',*,*,#839,.T.);
#4429 = ORIENTED_EDGE('',*,*,#916,.T.);
#4430 = ORIENTED_EDGE('',*,*,#993,.T.);
#4431 = ORIENTED_EDGE('',*,*,#1070,.T.);
#4432 = ORIENTED_EDGE('',*,*,#1147,.T.);
#4433 = ORIENTED_EDGE('',*,*,#1224,.T.);
#4434 = ORIENTED_EDGE('',*,*,#1301,.T.);
#4435 = ORIENTED_EDGE('',*,*,#1378,.T.);
#4436 = ORIENTED_EDGE('',*,*,#1455,.T.);
#4437 = ORIENTED_EDGE('',*,*,#1532,.T.);
#4438 = ORIENTED_EDGE('',*,*,#1609,.T.);
#4439 = ORIENTED_EDGE('',*,*,#1686,.T.);
#4440 = ORIENTED_EDGE('',*,*,#1763,.T.);
#4441 = ORIENTED_EDGE('',*,*,#1840,.T.);
#4442 = ORIENTED_EDGE('',*,*,#1917,.T.);
#4443 = ORIENTED_EDGE('',*,*,#1994,.T.);
#4444 = ORIENTED_EDGE('',*,*,#2071,.T.);
#4445 = ORIENTED_EDGE('',*,*,#2148,.T.);
#4446 = ORIENTED_EDGE('',*,*,#2225,.T.);
#4447 = ORIENTED_EDGE('',*,*,#2302,.T.);
#4448 = ORIENTED_EDGE('',*,*,#2379,.T.);
#4449 = ORIENTED_EDGE('',*,*,#2456,.T.);
#4450 = ORIENTED_EDGE('',*,*,#2533,.T.);
#4451 = ORIENTED_EDGE('',*,*,#2610,.T.);
#4452 = ORIENTED_EDGE('',*,*,#2687,.T.);
#4453 = ORIENTED_EDGE('',*,*,#2764,.T.);
#4454 = ORIENTED_EDGE('',*,*,#2841,.T.);
#4455 = ORIENTED_EDGE('',*,*,#2918,.T.);
#4456 = ORIENTED_EDGE('',*,*,#2995,.T.);
#4457 = ORIENTED_EDGE('',*,*,#3072,.T.);
#4458 = ORIENTED_EDGE('',*,*,#3149,.T.);
#4459 = ORIENTED_EDGE('',*,*,#3226,.T.);
#4460 = ORIENTED_EDGE('',*,*,#3303,.T.);
#4461 = ORIENTED_EDGE('',*,*,#3380,.T.);
#4462 = ORIENTED_EDGE('',*,*,#3457,.T.);
#4463 = ORIENTED_EDGE('',*,*,#3534,.T.);
#4464 = ORIENTED_EDGE('',*,*,#3611,.T.);
#4465 = ORIENTED_EDGE('',*,*,#3688,.T.);
#4466 = ORIENTED_EDGE('',*,*,#3765,.T.);
#4467 = ORIENTED_EDGE('',*,*,#3842,.T.);
#4468 = ORIENTED_EDGE('',*,*,#3919,.T.);
#4469 = ORIENTED_EDGE('',*,*,#3996,.T.);
#4470 = ORIENTED_EDGE('',*,*,#4073,.T.);
#4471 = ORIENTED_EDGE('',*,*,#4150,.T.);
#4472 = ORIENTED_EDGE('',*,*,#4227,.T.);
#4473 = ORIENTED_EDGE('',*,*,#4295,.T.);
#4474 = ORIENTED_EDGE('',*,*,#4338,.T.);
#4475 = MANIFOLD_SOLID_BREP('',#4476);
#4476 = CLOSED_SHELL('',(#4477,#4607,#4684,#4761,#4838,#4915,#4992,#5069
    ,#5146,#5223,#5300,#5377,#5454,#5531,#5608,#5685,#5762,#5839,#5916,
    #5993,#6070,#6147,#6224,#6301,#6378,#6455,#6532,#6609,#6686,#6763,
    #6840,#6917,#6994,#7071,#7148,#7225,#7302,#7379,#7456,#7533,#7610,
    #7687,#7764,#7841,#7918,#7995,#8072,#8149,#8226,#8303,#8380,#8457,
    #8534,#8611,#8688,#8756,#8799,#8858));
#4477 = ADVANCED_FACE('',(#4478),#4491,.T.);
#4478 = FACE_BOUND('',#4479,.T.);
#4479 = EDGE_LOOP('',(#4480,#4517,#4550,#4576));
#4480 = ORIENTED_EDGE('',*,*,#4481,.T.);
#4481 = EDGE_CURVE('',#4482,#4484,#4486,.T.);
#4482 = VERTEX_POINT('',#4483);
#4483 = CARTESIAN_POINT('',(1.101042193015E-02,-2.032E-02,
    7.416144417634E-03));
#4484 = VERTEX_POINT('',#4485);
#4485 = CARTESIAN_POINT('',(1.105521603002E-02,-2.032E-02,
    7.456837367782E-03));
#4486 = SURFACE_CURVE('',#4487,(#4490,#4506),.PCURVE_S1.);
#4487 = B_SPLINE_CURVE_WITH_KNOTS('',1,(#4488,#4489),.UNSPECIFIED.,.F.,
  .F.,(2,2),(0.,1.),.PIECEWISE_BEZIER_KNOTS.);
#4488 = CARTESIAN_POINT('',(1.101042193015E-02,-2.032E-02,
    7.416144417634E-03));
#4489 = CARTESIAN_POINT('',(1.105521603002E-02,-2.032E-02,
    7.456837367782E-03));
#4490 = PCURVE('',#4491,#4500);
#4491 = ( BOUNDED_SURFACE() B_SPLINE_SURFACE(1,3,(
    (#4492,#4493,#4494,#4495)
    ,(#4496,#4497,#4498,#4499
)),.UNSPECIFIED.,.F.,.F.,.F.) B_SPLINE_SURFACE_WITH_KNOTS((2,2),(4,4),(
    0.,1.),(0.,1.),.PIECEWISE_BEZIER_KNOTS.) 
GEOMETRIC_REPRESENTATION_ITEM() RATIONAL_B_SPLINE_SURFACE((
    (1.,1.,1.,1.)
,(1.,1.,1.,1.))) REPRESENTATION_ITEM('') SURFACE() );
#4492 = CARTESIAN_POINT('',(1.101042193015E-02,-2.032E-02,
    7.416144417634E-03));
#4493 = CARTESIAN_POINT('',(1.946314455577E-02,-5.57630709112E-02,
    6.802945114592E-03));
#4494 = CARTESIAN_POINT('',(1.409521601088E-02,-9.160924192655E-02,
    2.380543178907E-03));
#4495 = CARTESIAN_POINT('',(8.304918491086E-03,-0.127,1.309799236948E-03
    ));
#4496 = CARTESIAN_POINT('',(1.105521603002E-02,-2.032E-02,
    7.456837367782E-03));
#4497 = CARTESIAN_POINT('',(1.954647292364E-02,-5.57630709112E-02,
    6.846428404048E-03));
#4498 = CARTESIAN_POINT('',(1.415723620257E-02,-9.160924192655E-02,
    2.400547817639E-03));
#4499 = CARTESIAN_POINT('',(8.341521880496E-03,-0.127,1.321167274497E-03
    ));
#4500 = DEFINITIONAL_REPRESENTATION('',(#4501),#4505);
#4501 = LINE('',#4502,#4503);
#4502 = CARTESIAN_POINT('',(0.,0.));
#4503 = VECTOR('',#4504,1.);
#4504 = DIRECTION('',(1.,0.));
#4505 = ( GEOMETRIC_REPRESENTATION_CONTEXT(2) 
PARAMETRIC_REPRESENTATION_CONTEXT() REPRESENTATION_CONTEXT('2D SPACE',''
  ) );
#4506 = PCURVE('',#4507,#4512);
#4507 = PLANE('',#4508);
#4508 = AXIS2_PLACEMENT_3D('',#4509,#4510,#4511);
#4509 = CARTESIAN_POINT('',(1.101042193015E-02,-2.032E-02,
    7.416144417634E-03));
#4510 = DIRECTION('',(1.224646799147E-16,1.,0.));
#4511 = DIRECTION('',(-0.829293300838,1.015591386426E-16,-0.558813583573
    ));
#4512 = DEFINITIONAL_REPRESENTATION('',(#4513),#4516);
#4513 = B_SPLINE_CURVE_WITH_KNOTS('',1,(#4514,#4515),.UNSPECIFIED.,.F.,
  .F.,(2,2),(0.,1.),.PIECEWISE_BEZIER_KNOTS.);
#4514 = CARTESIAN_POINT('',(0.,0.));
#4515 = CARTESIAN_POINT('',(-5.98872202394E-05,8.714839477146E-06));
#4516 = ( GEOMETRIC_REPRESENTATION_CONTEXT(2) 
PARAMETRIC_REPRESENTATION_CONTEXT() REPRESENTATION_CONTEXT('2D SPACE',''
  ) );
#4517 = ORIENTED_EDGE('',*,*,#4518,.T.);
#4518 = EDGE_CURVE('',#4484,#4519,#4521,.T.);
#4519 = VERTEX_POINT('',#4520);
#4520 = CARTESIAN_POINT('',(8.341521880496E-03,-0.127,1.321167274497E-03
    ));
#4521 = SURFACE_CURVE('',#4522,(#4527,#4534),.PCURVE_S1.);
#4522 = ( BOUNDED_CURVE() B_SPLINE_CURVE(3,(#4523,#4524,#4525,#4526),
.UNSPECIFIED.,.F.,.F.) B_SPLINE_CURVE_WITH_KNOTS((4,4),(0.,1.),
.PIECEWISE_BEZIER_KNOTS.) CURVE() GEOMETRIC_REPRESENTATION_ITEM() 
RATIONAL_B_SPLINE_CURVE((1.,1.,1.,1.)) REPRESENTATION_ITEM('') );
#4523 = CARTESIAN_POINT('',(1.105521603002E-02,-2.032E-02,
    7.456837367782E-03));
#4524 = CARTESIAN_POINT('',(1.954647292364E-02,-5.57630709112E-02,
    6.846428404048E-03));
#4525 = CARTESIAN_POINT('',(1.415723620257E-02,-9.160924192655E-02,
    2.400547817639E-03));
#4526 = CARTESIAN_POINT('',(8.341521880496E-03,-0.127,1.321167274497E-03
    ));
#4527 = PCURVE('',#4491,#4528);
#4528 = DEFINITIONAL_REPRESENTATION('',(#4529),#4533);
#4529 = LINE('',#4530,#4531);
#4530 = CARTESIAN_POINT('',(1.,0.));
#4531 = VECTOR('',#4532,1.);
#4532 = DIRECTION('',(0.,1.));
#4533 = ( GEOMETRIC_REPRESENTATION_CONTEXT(2) 
PARAMETRIC_REPRESENTATION_CONTEXT() REPRESENTATION_CONTEXT('2D SPACE',''
  ) );
#4534 = PCURVE('',#4535,#4544);
#4535 = ( BOUNDED_SURFACE() B_SPLINE_SURFACE(1,3,(
    (#4536,#4537,#4538,#4539)
    ,(#4540,#4541,#4542,#4543
)),.UNSPECIFIED.,.F.,.F.,.F.) B_SPLINE_SURFACE_WITH_KNOTS((2,2),(4,4),(
    1.,2.),(0.,1.),.PIECEWISE_BEZIER_KNOTS.) 
GEOMETRIC_REPRESENTATION_ITEM() RATIONAL_B_SPLINE_SURFACE((
    (1.,1.,1.,1.)
,(1.,1.,1.,1.))) REPRESENTATION_ITEM('') SURFACE() );
#4536 = CARTESIAN_POINT('',(1.105521603002E-02,-2.032E-02,
    7.456837367782E-03));
#4537 = CARTESIAN_POINT('',(1.954647292364E-02,-5.57630709112E-02,
    6.846428404048E-03));
#4538 = CARTESIAN_POINT('',(1.415723620257E-02,-9.160924192655E-02,
    2.400547817639E-03));
#4539 = CARTESIAN_POINT('',(8.341521880496E-03,-0.127,1.321167274497E-03
    ));
#4540 = CARTESIAN_POINT('',(1.100070601849E-02,-2.032E-02,
    7.430548849033E-03));
#4541 = CARTESIAN_POINT('',(1.945422397855E-02,-5.57630709112E-02,
    6.828413258095E-03));
#4542 = CARTESIAN_POINT('',(1.409208820892E-02,-9.160924192655E-02,
    2.39898939806E-03));
#4543 = CARTESIAN_POINT('',(8.303197071684E-03,-0.127,1.320667851307E-03
    ));
#4544 = DEFINITIONAL_REPRESENTATION('',(#4545),#4549);
#4545 = LINE('',#4546,#4547);
#4546 = CARTESIAN_POINT('',(1.,0.));
#4547 = VECTOR('',#4548,1.);
#4548 = DIRECTION('',(0.,1.));
#4549 = ( GEOMETRIC_REPRESENTATION_CONTEXT(2) 
PARAMETRIC_REPRESENTATION_CONTEXT() REPRESENTATION_CONTEXT('2D SPACE',''
  ) );
#4550 = ORIENTED_EDGE('',*,*,#4551,.F.);
#4551 = EDGE_CURVE('',#4552,#4519,#4554,.T.);
#4552 = VERTEX_POINT('',#4553);
#4553 = CARTESIAN_POINT('',(8.304918491086E-03,-0.127,1.309799236948E-03
    ));
#4554 = SURFACE_CURVE('',#4555,(#4558,#4565),.PCURVE_S1.);
#4555 = B_SPLINE_CURVE_WITH_KNOTS('',1,(#4556,#4557),.UNSPECIFIED.,.F.,
  .F.,(2,2),(0.,1.),.PIECEWISE_BEZIER_KNOTS.);
#4556 = CARTESIAN_POINT('',(8.304918491086E-03,-0.127,1.309799236948E-03
    ));
#4557 = CARTESIAN_POINT('',(8.341521880496E-03,-0.127,1.321167274497E-03
    ));
#4558 = PCURVE('',#4491,#4559);
#4559 = DEFINITIONAL_REPRESENTATION('',(#4560),#4564);
#4560 = LINE('',#4561,#4562);
#4561 = CARTESIAN_POINT('',(0.,1.));
#4562 = VECTOR('',#4563,1.);
#4563 = DIRECTION('',(1.,0.));
#4564 = ( GEOMETRIC_REPRESENTATION_CONTEXT(2) 
PARAMETRIC_REPRESENTATION_CONTEXT() REPRESENTATION_CONTEXT('2D SPACE',''
  ) );
#4565 = PCURVE('',#4566,#4571);
#4566 = PLANE('',#4567);
#4567 = AXIS2_PLACEMENT_3D('',#4568,#4569,#4570);
#4568 = CARTESIAN_POINT('',(8.304918491086E-03,-0.127,1.309799236948E-03
    ));
#4569 = DIRECTION('',(1.224646799147E-16,1.,0.));
#4570 = DIRECTION('',(-0.987759801613,1.209656879372E-16,-0.15598260902)
  );
#4571 = DEFINITIONAL_REPRESENTATION('',(#4572),#4575);
#4572 = B_SPLINE_CURVE_WITH_KNOTS('',1,(#4573,#4574),.UNSPECIFIED.,.F.,
  .F.,(2,2),(0.,1.),.PIECEWISE_BEZIER_KNOTS.);
#4573 = CARTESIAN_POINT('',(0.,0.));
#4574 = CARTESIAN_POINT('',(-3.792857281829E-05,5.519398335525E-06));
#4575 = ( GEOMETRIC_REPRESENTATION_CONTEXT(2) 
PARAMETRIC_REPRESENTATION_CONTEXT() REPRESENTATION_CONTEXT('2D SPACE',''
  ) );
#4576 = ORIENTED_EDGE('',*,*,#4577,.F.);
#4577 = EDGE_CURVE('',#4482,#4552,#4578,.T.);
#4578 = SURFACE_CURVE('',#4579,(#4584,#4591),.PCURVE_S1.);
#4579 = ( BOUNDED_CURVE() B_SPLINE_CURVE(3,(#4580,#4581,#4582,#4583),
.UNSPECIFIED.,.F.,.F.) B_SPLINE_CURVE_WITH_KNOTS((4,4),(0.,1.),
.PIECEWISE_BEZIER_KNOTS.) CURVE() GEOMETRIC_REPRESENTATION_ITEM() 
RATIONAL_B_SPLINE_CURVE((1.,1.,1.,1.)) REPRESENTATION_ITEM('') );
#4580 = CARTESIAN_POINT('',(1.101042193015E-02,-2.032E-02,
    7.416144417634E-03));
#4581 = CARTESIAN_POINT('',(1.946314455577E-02,-5.57630709112E-02,
    6.802945114592E-03));
#4582 = CARTESIAN_POINT('',(1.409521601088E-02,-9.160924192655E-02,
    2.380543178907E-03));
#4583 = CARTESIAN_POINT('',(8.304918491086E-03,-0.127,1.309799236948E-03
    ));
#4584 = PCURVE('',#4491,#4585);
#4585 = DEFINITIONAL_REPRESENTATION('',(#4586),#4590);
#4586 = LINE('',#4587,#4588);
#4587 = CARTESIAN_POINT('',(0.,0.));
#4588 = VECTOR('',#4589,1.);
#4589 = DIRECTION('',(0.,1.));
#4590 = ( GEOMETRIC_REPRESENTATION_CONTEXT(2) 
PARAMETRIC_REPRESENTATION_CONTEXT() REPRESENTATION_CONTEXT('2D SPACE',''
  ) );
#4591 = PCURVE('',#4592,#4601);
#4592 = ( BOUNDED_SURFACE() B_SPLINE_SURFACE(1,3,(
    (#4593,#4594,#4595,#4596)
    ,(#4597,#4598,#4599,#4600
)),.UNSPECIFIED.,.F.,.F.,.F.) B_SPLINE_SURFACE_WITH_KNOTS((2,2),(4,4),(
    55.,56.),(0.,1.),.PIECEWISE_BEZIER_KNOTS.) 
GEOMETRIC_REPRESENTATION_ITEM() RATIONAL_B_SPLINE_SURFACE((
    (1.,1.,1.,1.)
,(1.,1.,1.,1.))) REPRESENTATION_ITEM('') SURFACE() );
#4593 = CARTESIAN_POINT('',(1.087648578039E-02,-2.032E-02,
    7.294751004366E-03));
#4594 = CARTESIAN_POINT('',(1.921409978355E-02,-5.57630709112E-02,
    6.673349188293E-03));
#4595 = CARTESIAN_POINT('',(1.390989765827E-02,-9.160924192655E-02,
    2.321003271354E-03));
#4596 = CARTESIAN_POINT('',(8.195547873516E-03,-0.127,1.275969146083E-03
    ));
#4597 = CARTESIAN_POINT('',(1.101042193015E-02,-2.032E-02,
    7.416144417634E-03));
#4598 = CARTESIAN_POINT('',(1.946314455577E-02,-5.57630709112E-02,
    6.802945114592E-03));
#4599 = CARTESIAN_POINT('',(1.409521601088E-02,-9.160924192655E-02,
    2.380543178907E-03));
#4600 = CARTESIAN_POINT('',(8.304918491086E-03,-0.127,1.309799236948E-03
    ));
#4601 = DEFINITIONAL_REPRESENTATION('',(#4602),#4606);
#4602 = LINE('',#4603,#4604);
#4603 = CARTESIAN_POINT('',(56.,0.));
#4604 = VECTOR('',#4605,1.);
#4605 = DIRECTION('',(0.,1.));
#4606 = ( GEOMETRIC_REPRESENTATION_CONTEXT(2) 
PARAMETRIC_REPRESENTATION_CONTEXT() REPRESENTATION_CONTEXT('2D SPACE',''
  ) );
#4607 = ADVANCED_FACE('',(#4608),#4535,.T.);
#4608 = FACE_BOUND('',#4609,.T.);
#4609 = EDGE_LOOP('',(#4610,#4631,#4664,#4683));
#4610 = ORIENTED_EDGE('',*,*,#4611,.T.);
#4611 = EDGE_CURVE('',#4484,#4612,#4614,.T.);
#4612 = VERTEX_POINT('',#4613);
#4613 = CARTESIAN_POINT('',(1.100070601849E-02,-2.032E-02,
    7.430548849033E-03));
#4614 = SURFACE_CURVE('',#4615,(#4618,#4625),.PCURVE_S1.);
#4615 = B_SPLINE_CURVE_WITH_KNOTS('',1,(#4616,#4617),.UNSPECIFIED.,.F.,
  .F.,(2,2),(1.,2.),.PIECEWISE_BEZIER_KNOTS.);
#4616 = CARTESIAN_POINT('',(1.105521603002E-02,-2.032E-02,
    7.456837367782E-03));
#4617 = CARTESIAN_POINT('',(1.100070601849E-02,-2.032E-02,
    7.430548849033E-03));
#4618 = PCURVE('',#4535,#4619);
#4619 = DEFINITIONAL_REPRESENTATION('',(#4620),#4624);
#4620 = LINE('',#4621,#4622);
#4621 = CARTESIAN_POINT('',(0.,0.));
#4622 = VECTOR('',#4623,1.);
#4623 = DIRECTION('',(1.,0.));
#4624 = ( GEOMETRIC_REPRESENTATION_CONTEXT(2) 
PARAMETRIC_REPRESENTATION_CONTEXT() REPRESENTATION_CONTEXT('2D SPACE',''
  ) );
#4625 = PCURVE('',#4507,#4626);
#4626 = DEFINITIONAL_REPRESENTATION('',(#4627),#4630);
#4627 = B_SPLINE_CURVE_WITH_KNOTS('',1,(#4628,#4629),.UNSPECIFIED.,.F.,
  .F.,(2,2),(1.,2.),.PIECEWISE_BEZIER_KNOTS.);
#4628 = CARTESIAN_POINT('',(-5.98872202394E-05,8.714839477146E-06));
#4629 = CARTESIAN_POINT('',(7.948520857129E-09,1.737488187285E-05));
#4630 = ( GEOMETRIC_REPRESENTATION_CONTEXT(2) 
PARAMETRIC_REPRESENTATION_CONTEXT() REPRESENTATION_CONTEXT('2D SPACE',''
  ) );
#4631 = ORIENTED_EDGE('',*,*,#4632,.T.);
#4632 = EDGE_CURVE('',#4612,#4633,#4635,.T.);
#4633 = VERTEX_POINT('',#4634);
#4634 = CARTESIAN_POINT('',(8.303197071684E-03,-0.127,1.320667851307E-03
    ));
#4635 = SURFACE_CURVE('',#4636,(#4641,#4648),.PCURVE_S1.);
#4636 = ( BOUNDED_CURVE() B_SPLINE_CURVE(3,(#4637,#4638,#4639,#4640),
.UNSPECIFIED.,.F.,.F.) B_SPLINE_CURVE_WITH_KNOTS((4,4),(0.,1.),
.PIECEWISE_BEZIER_KNOTS.) CURVE() GEOMETRIC_REPRESENTATION_ITEM() 
RATIONAL_B_SPLINE_CURVE((1.,1.,1.,1.)) REPRESENTATION_ITEM('') );
#4637 = CARTESIAN_POINT('',(1.100070601849E-02,-2.032E-02,
    7.430548849033E-03));
#4638 = CARTESIAN_POINT('',(1.945422397855E-02,-5.57630709112E-02,
    6.828413258095E-03));
#4639 = CARTESIAN_POINT('',(1.409208820892E-02,-9.160924192655E-02,
    2.39898939806E-03));
#4640 = CARTESIAN_POINT('',(8.303197071684E-03,-0.127,1.320667851307E-03
    ));
#4641 = PCURVE('',#4535,#4642);
#4642 = DEFINITIONAL_REPRESENTATION('',(#4643),#4647);
#4643 = LINE('',#4644,#4645);
#4644 = CARTESIAN_POINT('',(2.,0.));
#4645 = VECTOR('',#4646,1.);
#4646 = DIRECTION('',(0.,1.));
#4647 = ( GEOMETRIC_REPRESENTATION_CONTEXT(2) 
PARAMETRIC_REPRESENTATION_CONTEXT() REPRESENTATION_CONTEXT('2D SPACE',''
  ) );
#4648 = PCURVE('',#4649,#4658);
#4649 = ( BOUNDED_SURFACE() B_SPLINE_SURFACE(1,3,(
    (#4650,#4651,#4652,#4653)
    ,(#4654,#4655,#4656,#4657
)),.UNSPECIFIED.,.F.,.F.,.F.) B_SPLINE_SURFACE_WITH_KNOTS((2,2),(4,4),(
    2.,3.),(0.,1.),.PIECEWISE_BEZIER_KNOTS.) 
GEOMETRIC_REPRESENTATION_ITEM() RATIONAL_B_SPLINE_SURFACE((
    (1.,1.,1.,1.)
,(1.,1.,1.,1.))) REPRESENTATION_ITEM('') SURFACE() );
#4650 = CARTESIAN_POINT('',(1.100070601849E-02,-2.032E-02,
    7.430548849033E-03));
#4651 = CARTESIAN_POINT('',(1.945422397855E-02,-5.57630709112E-02,
    6.828413258095E-03));
#4652 = CARTESIAN_POINT('',(1.409208820892E-02,-9.160924192655E-02,
    2.39898939806E-03));
#4653 = CARTESIAN_POINT('',(8.303197071684E-03,-0.127,1.320667851307E-03
    ));
#4654 = CARTESIAN_POINT('',(1.083797864086E-02,-2.032E-02,
    7.35184018644E-03));
#4655 = CARTESIAN_POINT('',(1.917874479848E-02,-5.57630709112E-02,
    6.774287256678E-03));
#4656 = CARTESIAN_POINT('',(1.389750121924E-02,-9.160924192655E-02,
    2.394111298645E-03));
#4657 = CARTESIAN_POINT('',(8.188725360155E-03,-0.127,1.319044800156E-03
    ));
#4658 = DEFINITIONAL_REPRESENTATION('',(#4659),#4663);
#4659 = LINE('',#4660,#4661);
#4660 = CARTESIAN_POINT('',(2.,0.));
#4661 = VECTOR('',#4662,1.);
#4662 = DIRECTION('',(0.,1.));
#4663 = ( GEOMETRIC_REPRESENTATION_CONTEXT(2) 
PARAMETRIC_REPRESENTATION_CONTEXT() REPRESENTATION_CONTEXT('2D SPACE',''
  ) );
#4664 = ORIENTED_EDGE('',*,*,#4665,.F.);
#4665 = EDGE_CURVE('',#4519,#4633,#4666,.T.);
#4666 = SURFACE_CURVE('',#4667,(#4670,#4677),.PCURVE_S1.);
#4667 = B_SPLINE_CURVE_WITH_KNOTS('',1,(#4668,#4669),.UNSPECIFIED.,.F.,
  .F.,(2,2),(1.,2.),.PIECEWISE_BEZIER_KNOTS.);
#4668 = CARTESIAN_POINT('',(8.341521880496E-03,-0.127,1.321167274497E-03
    ));
#4669 = CARTESIAN_POINT('',(8.303197071684E-03,-0.127,1.320667851307E-03
    ));
#4670 = PCURVE('',#4535,#4671);
#4671 = DEFINITIONAL_REPRESENTATION('',(#4672),#4676);
#4672 = LINE('',#4673,#4674);
#4673 = CARTESIAN_POINT('',(0.,1.));
#4674 = VECTOR('',#4675,1.);
#4675 = DIRECTION('',(1.,0.));
#4676 = ( GEOMETRIC_REPRESENTATION_CONTEXT(2) 
PARAMETRIC_REPRESENTATION_CONTEXT() REPRESENTATION_CONTEXT('2D SPACE',''
  ) );
#4677 = PCURVE('',#4566,#4678);
#4678 = DEFINITIONAL_REPRESENTATION('',(#4679),#4682);
#4679 = B_SPLINE_CURVE_WITH_KNOTS('',1,(#4680,#4681),.UNSPECIFIED.,.F.,
  .F.,(2,2),(1.,2.),.PIECEWISE_BEZIER_KNOTS.);
#4680 = CARTESIAN_POINT('',(-3.792857281829E-05,5.519398335525E-06));
#4681 = CARTESIAN_POINT('',(5.034063209688E-09,1.10040918528E-05));
#4682 = ( GEOMETRIC_REPRESENTATION_CONTEXT(2) 
PARAMETRIC_REPRESENTATION_CONTEXT() REPRESENTATION_CONTEXT('2D SPACE',''
  ) );
#4683 = ORIENTED_EDGE('',*,*,#4518,.F.);
#4684 = ADVANCED_FACE('',(#4685),#4649,.T.);
#4685 = FACE_BOUND('',#4686,.T.);
#4686 = EDGE_LOOP('',(#4687,#4708,#4741,#4760));
#4687 = ORIENTED_EDGE('',*,*,#4688,.T.);
#4688 = EDGE_CURVE('',#4612,#4689,#4691,.T.);
#4689 = VERTEX_POINT('',#4690);
#4690 = CARTESIAN_POINT('',(1.083797864086E-02,-2.032E-02,
    7.35184018644E-03));
#4691 = SURFACE_CURVE('',#4692,(#4695,#4702),.PCURVE_S1.);
#4692 = B_SPLINE_CURVE_WITH_KNOTS('',1,(#4693,#4694),.UNSPECIFIED.,.F.,
  .F.,(2,2),(2.,3.),.PIECEWISE_BEZIER_KNOTS.);
#4693 = CARTESIAN_POINT('',(1.100070601849E-02,-2.032E-02,
    7.430548849033E-03));
#4694 = CARTESIAN_POINT('',(1.083797864086E-02,-2.032E-02,
    7.35184018644E-03));
#4695 = PCURVE('',#4649,#4696);
#4696 = DEFINITIONAL_REPRESENTATION('',(#4697),#4701);
#4697 = LINE('',#4698,#4699);
#4698 = CARTESIAN_POINT('',(0.,0.));
#4699 = VECTOR('',#4700,1.);
#4700 = DIRECTION('',(1.,0.));
#4701 = ( GEOMETRIC_REPRESENTATION_CONTEXT(2) 
PARAMETRIC_REPRESENTATION_CONTEXT() REPRESENTATION_CONTEXT('2D SPACE',''
  ) );
#4702 = PCURVE('',#4507,#4703);
#4703 = DEFINITIONAL_REPRESENTATION('',(#4704),#4707);
#4704 = B_SPLINE_CURVE_WITH_KNOTS('',1,(#4705,#4706),.UNSPECIFIED.,.F.,
  .F.,(2,2),(2.,3.),.PIECEWISE_BEZIER_KNOTS.);
#4705 = CARTESIAN_POINT('',(7.948520857129E-09,1.737488187285E-05));
#4706 = CARTESIAN_POINT('',(1.789401424531E-04,4.30365843055E-05));
#4707 = ( GEOMETRIC_REPRESENTATION_CONTEXT(2) 
PARAMETRIC_REPRESENTATION_CONTEXT() REPRESENTATION_CONTEXT('2D SPACE',''
  ) );
#4708 = ORIENTED_EDGE('',*,*,#4709,.T.);
#4709 = EDGE_CURVE('',#4689,#4710,#4712,.T.);
#4710 = VERTEX_POINT('',#4711);
#4711 = CARTESIAN_POINT('',(8.188725360155E-03,-0.127,1.319044800156E-03
    ));
#4712 = SURFACE_CURVE('',#4713,(#4718,#4725),.PCURVE_S1.);
#4713 = ( BOUNDED_CURVE() B_SPLINE_CURVE(3,(#4714,#4715,#4716,#4717),
.UNSPECIFIED.,.F.,.F.) B_SPLINE_CURVE_WITH_KNOTS((4,4),(0.,1.),
.PIECEWISE_BEZIER_KNOTS.) CURVE() GEOMETRIC_REPRESENTATION_ITEM() 
RATIONAL_B_SPLINE_CURVE((1.,1.,1.,1.)) REPRESENTATION_ITEM('') );
#4714 = CARTESIAN_POINT('',(1.083797864086E-02,-2.032E-02,
    7.35184018644E-03));
#4715 = CARTESIAN_POINT('',(1.917874479848E-02,-5.57630709112E-02,
    6.774287256678E-03));
#4716 = CARTESIAN_POINT('',(1.389750121924E-02,-9.160924192655E-02,
    2.394111298645E-03));
#4717 = CARTESIAN_POINT('',(8.188725360155E-03,-0.127,1.319044800156E-03
    ));
#4718 = PCURVE('',#4649,#4719);
#4719 = DEFINITIONAL_REPRESENTATION('',(#4720),#4724);
#4720 = LINE('',#4721,#4722);
#4721 = CARTESIAN_POINT('',(3.,0.));
#4722 = VECTOR('',#4723,1.);
#4723 = DIRECTION('',(0.,1.));
#4724 = ( GEOMETRIC_REPRESENTATION_CONTEXT(2) 
PARAMETRIC_REPRESENTATION_CONTEXT() REPRESENTATION_CONTEXT('2D SPACE',''
  ) );
#4725 = PCURVE('',#4726,#4735);
#4726 = ( BOUNDED_SURFACE() B_SPLINE_SURFACE(1,3,(
    (#4727,#4728,#4729,#4730)
    ,(#4731,#4732,#4733,#4734
)),.UNSPECIFIED.,.F.,.F.,.F.) B_SPLINE_SURFACE_WITH_KNOTS((2,2),(4,4),(
    3.,4.),(0.,1.),.PIECEWISE_BEZIER_KNOTS.) 
GEOMETRIC_REPRESENTATION_ITEM() RATIONAL_B_SPLINE_SURFACE((
    (1.,1.,1.,1.)
,(1.,1.,1.,1.))) REPRESENTATION_ITEM('') SURFACE() );
#4727 = CARTESIAN_POINT('',(1.083797864086E-02,-2.032E-02,
    7.35184018644E-03));
#4728 = CARTESIAN_POINT('',(1.917874479848E-02,-5.57630709112E-02,
    6.774287256678E-03));
#4729 = CARTESIAN_POINT('',(1.389750121924E-02,-9.160924192655E-02,
    2.394111298645E-03));
#4730 = CARTESIAN_POINT('',(8.188725360155E-03,-0.127,1.319044800156E-03
    ));
#4731 = CARTESIAN_POINT('',(1.056941851333E-02,-2.032E-02,
    7.221199747913E-03));
#4732 = CARTESIAN_POINT('',(1.87238102322E-02,-5.57630709112E-02,
    6.683844482577E-03));
#4733 = CARTESIAN_POINT('',(1.357603116117E-02,-9.160924192655E-02,
    2.385332724629E-03));
#4734 = CARTESIAN_POINT('',(7.99960621921E-03,-0.127,1.315940179593E-03)
  );
#4735 = DEFINITIONAL_REPRESENTATION('',(#4736),#4740);
#4736 = LINE('',#4737,#4738);
#4737 = CARTESIAN_POINT('',(3.,0.));
#4738 = VECTOR('',#4739,1.);
#4739 = DIRECTION('',(0.,1.));
#4740 = ( GEOMETRIC_REPRESENTATION_CONTEXT(2) 
PARAMETRIC_REPRESENTATION_CONTEXT() REPRESENTATION_CONTEXT('2D SPACE',''
  ) );
#4741 = ORIENTED_EDGE('',*,*,#4742,.F.);
#4742 = EDGE_CURVE('',#4633,#4710,#4743,.T.);
#4743 = SURFACE_CURVE('',#4744,(#4747,#4754),.PCURVE_S1.);
#4744 = B_SPLINE_CURVE_WITH_KNOTS('',1,(#4745,#4746),.UNSPECIFIED.,.F.,
  .F.,(2,2),(2.,3.),.PIECEWISE_BEZIER_KNOTS.);
#4745 = CARTESIAN_POINT('',(8.303197071684E-03,-0.127,1.320667851307E-03
    ));
#4746 = CARTESIAN_POINT('',(8.188725360155E-03,-0.127,1.319044800156E-03
    ));
#4747 = PCURVE('',#4649,#4748);
#4748 = DEFINITIONAL_REPRESENTATION('',(#4749),#4753);
#4749 = LINE('',#4750,#4751);
#4750 = CARTESIAN_POINT('',(0.,1.));
#4751 = VECTOR('',#4752,1.);
#4752 = DIRECTION('',(1.,0.));
#4753 = ( GEOMETRIC_REPRESENTATION_CONTEXT(2) 
PARAMETRIC_REPRESENTATION_CONTEXT() REPRESENTATION_CONTEXT('2D SPACE',''
  ) );
#4754 = PCURVE('',#4566,#4755);
#4755 = DEFINITIONAL_REPRESENTATION('',(#4756),#4759);
#4756 = B_SPLINE_CURVE_WITH_KNOTS('',1,(#4757,#4758),.UNSPECIFIED.,.F.,
  .F.,(2,2),(2.,3.),.PIECEWISE_BEZIER_KNOTS.);
#4757 = CARTESIAN_POINT('',(5.034063209688E-09,1.10040918528E-05));
#4758 = CARTESIAN_POINT('',(1.13328756887E-04,2.725650339349E-05));
#4759 = ( GEOMETRIC_REPRESENTATION_CONTEXT(2) 
PARAMETRIC_REPRESENTATION_CONTEXT() REPRESENTATION_CONTEXT('2D SPACE',''
  ) );
#4760 = ORIENTED_EDGE('',*,*,#4632,.F.);
#4761 = ADVANCED_FACE('',(#4762),#4726,.T.);
#4762 = FACE_BOUND('',#4763,.T.);
#4763 = EDGE_LOOP('',(#4764,#4785,#4818,#4837));
#4764 = ORIENTED_EDGE('',*,*,#4765,.T.);
#4765 = EDGE_CURVE('',#4689,#4766,#4768,.T.);
#4766 = VERTEX_POINT('',#4767);
#4767 = CARTESIAN_POINT('',(1.056941851333E-02,-2.032E-02,
    7.221199747913E-03));
#4768 = SURFACE_CURVE('',#4769,(#4772,#4779),.PCURVE_S1.);
#4769 = B_SPLINE_CURVE_WITH_KNOTS('',1,(#4770,#4771),.UNSPECIFIED.,.F.,
  .F.,(2,2),(3.,4.),.PIECEWISE_BEZIER_KNOTS.);
#4770 = CARTESIAN_POINT('',(1.083797864086E-02,-2.032E-02,
    7.35184018644E-03));
#4771 = CARTESIAN_POINT('',(1.056941851333E-02,-2.032E-02,
    7.221199747913E-03));
#4772 = PCURVE('',#4726,#4773);
#4773 = DEFINITIONAL_REPRESENTATION('',(#4774),#4778);
#4774 = LINE('',#4775,#4776);
#4775 = CARTESIAN_POINT('',(0.,0.));
#4776 = VECTOR('',#4777,1.);
#4777 = DIRECTION('',(1.,0.));
#4778 = ( GEOMETRIC_REPRESENTATION_CONTEXT(2) 
PARAMETRIC_REPRESENTATION_CONTEXT() REPRESENTATION_CONTEXT('2D SPACE',''
  ) );
#4779 = PCURVE('',#4507,#4780);
#4780 = DEFINITIONAL_REPRESENTATION('',(#4781),#4784);
#4781 = B_SPLINE_CURVE_WITH_KNOTS('',1,(#4782,#4783),.UNSPECIFIED.,.F.,
  .F.,(2,2),(3.,4.),.PIECEWISE_BEZIER_KNOTS.);
#4782 = CARTESIAN_POINT('',(1.789401424531E-04,4.30365843055E-05));
#4783 = CARTESIAN_POINT('',(4.746589087002E-04,8.477239108756E-05));
#4784 = ( GEOMETRIC_REPRESENTATION_CONTEXT(2) 
PARAMETRIC_REPRESENTATION_CONTEXT() REPRESENTATION_CONTEXT('2D SPACE',''
  ) );
#4785 = ORIENTED_EDGE('',*,*,#4786,.T.);
#4786 = EDGE_CURVE('',#4766,#4787,#4789,.T.);
#4787 = VERTEX_POINT('',#4788);
#4788 = CARTESIAN_POINT('',(7.99960621921E-03,-0.127,1.315940179593E-03)
  );
#4789 = SURFACE_CURVE('',#4790,(#4795,#4802),.PCURVE_S1.);
#4790 = ( BOUNDED_CURVE() B_SPLINE_CURVE(3,(#4791,#4792,#4793,#4794),
.UNSPECIFIED.,.F.,.F.) B_SPLINE_CURVE_WITH_KNOTS((4,4),(0.,1.),
.PIECEWISE_BEZIER_KNOTS.) CURVE() GEOMETRIC_REPRESENTATION_ITEM() 
RATIONAL_B_SPLINE_CURVE((1.,1.,1.,1.)) REPRESENTATION_ITEM('') );
#4791 = CARTESIAN_POINT('',(1.056941851333E-02,-2.032E-02,
    7.221199747913E-03));
#4792 = CARTESIAN_POINT('',(1.87238102322E-02,-5.57630709112E-02,
    6.683844482577E-03));
#4793 = CARTESIAN_POINT('',(1.357603116117E-02,-9.160924192655E-02,
    2.385332724629E-03));
#4794 = CARTESIAN_POINT('',(7.99960621921E-03,-0.127,1.315940179593E-03)
  );
#4795 = PCURVE('',#4726,#4796);
#4796 = DEFINITIONAL_REPRESENTATION('',(#4797),#4801);
#4797 = LINE('',#4798,#4799);
#4798 = CARTESIAN_POINT('',(4.,0.));
#4799 = VECTOR('',#4800,1.);
#4800 = DIRECTION('',(0.,1.));
#4801 = ( GEOMETRIC_REPRESENTATION_CONTEXT(2) 
PARAMETRIC_REPRESENTATION_CONTEXT() REPRESENTATION_CONTEXT('2D SPACE',''
  ) );
#4802 = PCURVE('',#4803,#4812);
#4803 = ( BOUNDED_SURFACE() B_SPLINE_SURFACE(1,3,(
    (#4804,#4805,#4806,#4807)
    ,(#4808,#4809,#4810,#4811
)),.UNSPECIFIED.,.F.,.F.,.F.) B_SPLINE_SURFACE_WITH_KNOTS((2,2),(4,4),(
    4.,5.),(0.,1.),.PIECEWISE_BEZIER_KNOTS.) 
GEOMETRIC_REPRESENTATION_ITEM() RATIONAL_B_SPLINE_SURFACE((
    (1.,1.,1.,1.)
,(1.,1.,1.,1.))) REPRESENTATION_ITEM('') SURFACE() );
#4804 = CARTESIAN_POINT('',(1.056941851333E-02,-2.032E-02,
    7.221199747913E-03));
#4805 = CARTESIAN_POINT('',(1.87238102322E-02,-5.57630709112E-02,
    6.683844482577E-03));
#4806 = CARTESIAN_POINT('',(1.357603116117E-02,-9.160924192655E-02,
    2.385332724629E-03));
#4807 = CARTESIAN_POINT('',(7.99960621921E-03,-0.127,1.315940179593E-03)
  );
#4808 = CARTESIAN_POINT('',(1.019892528558E-02,-2.032E-02,
    7.039495996667E-03));
#4809 = CARTESIAN_POINT('',(1.809562093706E-02,-5.57630709112E-02,
    6.55685307888E-03));
#4810 = CARTESIAN_POINT('',(1.313188886518E-02,-9.160924192655E-02,
    2.37177235956E-03));
#4811 = CARTESIAN_POINT('',(7.73831047933E-03,-0.127,1.31080870976E-03)
  );
#4812 = DEFINITIONAL_REPRESENTATION('',(#4813),#4817);
#4813 = LINE('',#4814,#4815);
#4814 = CARTESIAN_POINT('',(4.,0.));
#4815 = VECTOR('',#4816,1.);
#4816 = DIRECTION('',(0.,1.));
#4817 = ( GEOMETRIC_REPRESENTATION_CONTEXT(2) 
PARAMETRIC_REPRESENTATION_CONTEXT() REPRESENTATION_CONTEXT('2D SPACE',''
  ) );
#4818 = ORIENTED_EDGE('',*,*,#4819,.F.);
#4819 = EDGE_CURVE('',#4710,#4787,#4820,.T.);
#4820 = SURFACE_CURVE('',#4821,(#4824,#4831),.PCURVE_S1.);
#4821 = B_SPLINE_CURVE_WITH_KNOTS('',1,(#4822,#4823),.UNSPECIFIED.,.F.,
  .F.,(2,2),(3.,4.),.PIECEWISE_BEZIER_KNOTS.);
#4822 = CARTESIAN_POINT('',(8.188725360155E-03,-0.127,1.319044800156E-03
    ));
#4823 = CARTESIAN_POINT('',(7.99960621921E-03,-0.127,1.315940179593E-03)
  );
#4824 = PCURVE('',#4726,#4825);
#4825 = DEFINITIONAL_REPRESENTATION('',(#4826),#4830);
#4826 = LINE('',#4827,#4828);
#4827 = CARTESIAN_POINT('',(0.,1.));
#4828 = VECTOR('',#4829,1.);
#4829 = DIRECTION('',(1.,0.));
#4830 = ( GEOMETRIC_REPRESENTATION_CONTEXT(2) 
PARAMETRIC_REPRESENTATION_CONTEXT() REPRESENTATION_CONTEXT('2D SPACE',''
  ) );
#4831 = PCURVE('',#4566,#4832);
#4832 = DEFINITIONAL_REPRESENTATION('',(#4833),#4836);
#4833 = B_SPLINE_CURVE_WITH_KNOTS('',1,(#4834,#4835),.UNSPECIFIED.,.F.,
  .F.,(2,2),(3.,4.),.PIECEWISE_BEZIER_KNOTS.);
#4834 = CARTESIAN_POINT('',(1.13328756887E-04,2.725650339349E-05));
#4835 = CARTESIAN_POINT('',(3.006173088435E-04,5.368918102212E-05));
#4836 = ( GEOMETRIC_REPRESENTATION_CONTEXT(2) 
PARAMETRIC_REPRESENTATION_CONTEXT() REPRESENTATION_CONTEXT('2D SPACE',''
  ) );
#4837 = ORIENTED_EDGE('',*,*,#4709,.F.);
#4838 = ADVANCED_FACE('',(#4839),#4803,.T.);
#4839 = FACE_BOUND('',#4840,.T.);
#4840 = EDGE_LOOP('',(#4841,#4862,#4895,#4914));
#4841 = ORIENTED_EDGE('',*,*,#4842,.T.);
#4842 = EDGE_CURVE('',#4766,#4843,#4845,.T.);
#4843 = VERTEX_POINT('',#4844);
#4844 = CARTESIAN_POINT('',(1.019892528558E-02,-2.032E-02,
    7.039495996667E-03));
#4845 = SURFACE_CURVE('',#4846,(#4849,#4856),.PCURVE_S1.);
#4846 = B_SPLINE_CURVE_WITH_KNOTS('',1,(#4847,#4848),.UNSPECIFIED.,.F.,
  .F.,(2,2),(4.,5.),.PIECEWISE_BEZIER_KNOTS.);
#4847 = CARTESIAN_POINT('',(1.056941851333E-02,-2.032E-02,
    7.221199747913E-03));
#4848 = CARTESIAN_POINT('',(1.019892528558E-02,-2.032E-02,
    7.039495996667E-03));
#4849 = PCURVE('',#4803,#4850);
#4850 = DEFINITIONAL_REPRESENTATION('',(#4851),#4855);
#4851 = LINE('',#4852,#4853);
#4852 = CARTESIAN_POINT('',(0.,0.));
#4853 = VECTOR('',#4854,1.);
#4854 = DIRECTION('',(1.,0.));
#4855 = ( GEOMETRIC_REPRESENTATION_CONTEXT(2) 
PARAMETRIC_REPRESENTATION_CONTEXT() REPRESENTATION_CONTEXT('2D SPACE',''
  ) );
#4856 = PCURVE('',#4507,#4857);
#4857 = DEFINITIONAL_REPRESENTATION('',(#4858),#4861);
#4858 = B_SPLINE_CURVE_WITH_KNOTS('',1,(#4859,#4860),.UNSPECIFIED.,.F.,
  .F.,(2,2),(4.,5.),.PIECEWISE_BEZIER_KNOTS.);
#4859 = CARTESIAN_POINT('',(4.746589087002E-04,8.477239108756E-05));
#4860 = CARTESIAN_POINT('',(8.834449848654E-04,1.411233357326E-04));
#4861 = ( GEOMETRIC_REPRESENTATION_CONTEXT(2) 
PARAMETRIC_REPRESENTATION_CONTEXT() REPRESENTATION_CONTEXT('2D SPACE',''
  ) );
#4862 = ORIENTED_EDGE('',*,*,#4863,.T.);
#4863 = EDGE_CURVE('',#4843,#4864,#4866,.T.);
#4864 = VERTEX_POINT('',#4865);
#4865 = CARTESIAN_POINT('',(7.73831047933E-03,-0.127,1.31080870976E-03)
  );
#4866 = SURFACE_CURVE('',#4867,(#4872,#4879),.PCURVE_S1.);
#4867 = ( BOUNDED_CURVE() B_SPLINE_CURVE(3,(#4868,#4869,#4870,#4871),
.UNSPECIFIED.,.F.,.F.) B_SPLINE_CURVE_WITH_KNOTS((4,4),(0.,1.),
.PIECEWISE_BEZIER_KNOTS.) CURVE() GEOMETRIC_REPRESENTATION_ITEM() 
RATIONAL_B_SPLINE_CURVE((1.,1.,1.,1.)) REPRESENTATION_ITEM('') );
#4868 = CARTESIAN_POINT('',(1.019892528558E-02,-2.032E-02,
    7.039495996667E-03));
#4869 = CARTESIAN_POINT('',(1.809562093706E-02,-5.57630709112E-02,
    6.55685307888E-03));
#4870 = CARTESIAN_POINT('',(1.313188886518E-02,-9.160924192655E-02,
    2.37177235956E-03));
#4871 = CARTESIAN_POINT('',(7.73831047933E-03,-0.127,1.31080870976E-03)
  );
#4872 = PCURVE('',#4803,#4873);
#4873 = DEFINITIONAL_REPRESENTATION('',(#4874),#4878);
#4874 = LINE('',#4875,#4876);
#4875 = CARTESIAN_POINT('',(5.,0.));
#4876 = VECTOR('',#4877,1.);
#4877 = DIRECTION('',(0.,1.));
#4878 = ( GEOMETRIC_REPRESENTATION_CONTEXT(2) 
PARAMETRIC_REPRESENTATION_CONTEXT() REPRESENTATION_CONTEXT('2D SPACE',''
  ) );
#4879 = PCURVE('',#4880,#4889);
#4880 = ( BOUNDED_SURFACE() B_SPLINE_SURFACE(1,3,(
    (#4881,#4882,#4883,#4884)
    ,(#4885,#4886,#4887,#4888
)),.UNSPECIFIED.,.F.,.F.,.F.) B_SPLINE_SURFACE_WITH_KNOTS((2,2),(4,4),(
    5.,6.),(0.,1.),.PIECEWISE_BEZIER_KNOTS.) 
GEOMETRIC_REPRESENTATION_ITEM() RATIONAL_B_SPLINE_SURFACE((
    (1.,1.,1.,1.)
,(1.,1.,1.,1.))) REPRESENTATION_ITEM('') SURFACE() );
#4881 = CARTESIAN_POINT('',(1.019892528558E-02,-2.032E-02,
    7.039495996667E-03));
#4882 = CARTESIAN_POINT('',(1.809562093706E-02,-5.57630709112E-02,
    6.55685307888E-03));
#4883 = CARTESIAN_POINT('',(1.313188886518E-02,-9.160924192655E-02,
    2.37177235956E-03));
#4884 = CARTESIAN_POINT('',(7.73831047933E-03,-0.127,1.31080870976E-03)
  );
#4885 = CARTESIAN_POINT('',(9.731811892782E-03,-2.032E-02,
    6.808044712059E-03));
#4886 = CARTESIAN_POINT('',(1.730267700905E-02,-5.57630709112E-02,
    6.393196326251E-03));
#4887 = CARTESIAN_POINT('',(1.257087014305E-02,-9.160924192655E-02,
    2.352359516838E-03));
#4888 = CARTESIAN_POINT('',(7.408239917563E-03,-0.127,1.302983590501E-03
    ));
#4889 = DEFINITIONAL_REPRESENTATION('',(#4890),#4894);
#4890 = LINE('',#4891,#4892);
#4891 = CARTESIAN_POINT('',(5.,0.));
#4892 = VECTOR('',#4893,1.);
#4893 = DIRECTION('',(0.,1.));
#4894 = ( GEOMETRIC_REPRESENTATION_CONTEXT(2) 
PARAMETRIC_REPRESENTATION_CONTEXT() REPRESENTATION_CONTEXT('2D SPACE',''
  ) );
#4895 = ORIENTED_EDGE('',*,*,#4896,.F.);
#4896 = EDGE_CURVE('',#4787,#4864,#4897,.T.);
#4897 = SURFACE_CURVE('',#4898,(#4901,#4908),.PCURVE_S1.);
#4898 = B_SPLINE_CURVE_WITH_KNOTS('',1,(#4899,#4900),.UNSPECIFIED.,.F.,
  .F.,(2,2),(4.,5.),.PIECEWISE_BEZIER_KNOTS.);
#4899 = CARTESIAN_POINT('',(7.99960621921E-03,-0.127,1.315940179593E-03)
  );
#4900 = CARTESIAN_POINT('',(7.73831047933E-03,-0.127,1.31080870976E-03)
  );
#4901 = PCURVE('',#4803,#4902);
#4902 = DEFINITIONAL_REPRESENTATION('',(#4903),#4907);
#4903 = LINE('',#4904,#4905);
#4904 = CARTESIAN_POINT('',(0.,1.));
#4905 = VECTOR('',#4906,1.);
#4906 = DIRECTION('',(1.,0.));
#4907 = ( GEOMETRIC_REPRESENTATION_CONTEXT(2) 
PARAMETRIC_REPRESENTATION_CONTEXT() REPRESENTATION_CONTEXT('2D SPACE',''
  ) );
#4908 = PCURVE('',#4566,#4909);
#4909 = DEFINITIONAL_REPRESENTATION('',(#4910),#4913);
#4910 = B_SPLINE_CURVE_WITH_KNOTS('',1,(#4911,#4912),.UNSPECIFIED.,.F.,
  .F.,(2,2),(4.,5.),.PIECEWISE_BEZIER_KNOTS.);
#4911 = CARTESIAN_POINT('',(3.006173088435E-04,5.368918102212E-05));
#4912 = CARTESIAN_POINT('',(5.595151570814E-04,8.937811263067E-05));
#4913 = ( GEOMETRIC_REPRESENTATION_CONTEXT(2) 
PARAMETRIC_REPRESENTATION_CONTEXT() REPRESENTATION_CONTEXT('2D SPACE',''
  ) );
#4914 = ORIENTED_EDGE('',*,*,#4786,.F.);
#4915 = ADVANCED_FACE('',(#4916),#4880,.T.);
#4916 = FACE_BOUND('',#4917,.T.);
#4917 = EDGE_LOOP('',(#4918,#4939,#4972,#4991));
#4918 = ORIENTED_EDGE('',*,*,#4919,.T.);
#4919 = EDGE_CURVE('',#4843,#4920,#4922,.T.);
#4920 = VERTEX_POINT('',#4921);
#4921 = CARTESIAN_POINT('',(9.731811892782E-03,-2.032E-02,
    6.808044712059E-03));
#4922 = SURFACE_CURVE('',#4923,(#4926,#4933),.PCURVE_S1.);
#4923 = B_SPLINE_CURVE_WITH_KNOTS('',1,(#4924,#4925),.UNSPECIFIED.,.F.,
  .F.,(2,2),(5.,6.),.PIECEWISE_BEZIER_KNOTS.);
#4924 = CARTESIAN_POINT('',(1.019892528558E-02,-2.032E-02,
    7.039495996667E-03));
#4925 = CARTESIAN_POINT('',(9.731811892782E-03,-2.032E-02,
    6.808044712059E-03));
#4926 = PCURVE('',#4880,#4927);
#4927 = DEFINITIONAL_REPRESENTATION('',(#4928),#4932);
#4928 = LINE('',#4929,#4930);
#4929 = CARTESIAN_POINT('',(0.,0.));
#4930 = VECTOR('',#4931,1.);
#4931 = DIRECTION('',(1.,0.));
#4932 = ( GEOMETRIC_REPRESENTATION_CONTEXT(2) 
PARAMETRIC_REPRESENTATION_CONTEXT() REPRESENTATION_CONTEXT('2D SPACE',''
  ) );
#4933 = PCURVE('',#4507,#4934);
#4934 = DEFINITIONAL_REPRESENTATION('',(#4935),#4938);
#4935 = B_SPLINE_CURVE_WITH_KNOTS('',1,(#4936,#4937),.UNSPECIFIED.,.F.,
  .F.,(2,2),(5.,6.),.PIECEWISE_BEZIER_KNOTS.);
#4936 = CARTESIAN_POINT('',(8.834449848654E-04,1.411233357326E-04));
#4937 = CARTESIAN_POINT('',(1.400157114015E-03,2.102116448985E-04));
#4938 = ( GEOMETRIC_REPRESENTATION_CONTEXT(2) 
PARAMETRIC_REPRESENTATION_CONTEXT() REPRESENTATION_CONTEXT('2D SPACE',''
  ) );
#4939 = ORIENTED_EDGE('',*,*,#4940,.T.);
#4940 = EDGE_CURVE('',#4920,#4941,#4943,.T.);
#4941 = VERTEX_POINT('',#4942);
#4942 = CARTESIAN_POINT('',(7.408239917563E-03,-0.127,1.302983590501E-03
    ));
#4943 = SURFACE_CURVE('',#4944,(#4949,#4956),.PCURVE_S1.);
#4944 = ( BOUNDED_CURVE() B_SPLINE_CURVE(3,(#4945,#4946,#4947,#4948),
.UNSPECIFIED.,.F.,.F.) B_SPLINE_CURVE_WITH_KNOTS((4,4),(0.,1.),
.PIECEWISE_BEZIER_KNOTS.) CURVE() GEOMETRIC_REPRESENTATION_ITEM() 
RATIONAL_B_SPLINE_CURVE((1.,1.,1.,1.)) REPRESENTATION_ITEM('') );
#4945 = CARTESIAN_POINT('',(9.731811892782E-03,-2.032E-02,
    6.808044712059E-03));
#4946 = CARTESIAN_POINT('',(1.730267700905E-02,-5.57630709112E-02,
    6.393196326251E-03));
#4947 = CARTESIAN_POINT('',(1.257087014305E-02,-9.160924192655E-02,
    2.352359516838E-03));
#4948 = CARTESIAN_POINT('',(7.408239917563E-03,-0.127,1.302983590501E-03
    ));
#4949 = PCURVE('',#4880,#4950);
#4950 = DEFINITIONAL_REPRESENTATION('',(#4951),#4955);
#4951 = LINE('',#4952,#4953);
#4952 = CARTESIAN_POINT('',(6.,0.));
#4953 = VECTOR('',#4954,1.);
#4954 = DIRECTION('',(0.,1.));
#4955 = ( GEOMETRIC_REPRESENTATION_CONTEXT(2) 
PARAMETRIC_REPRESENTATION_CONTEXT() REPRESENTATION_CONTEXT('2D SPACE',''
  ) );
#4956 = PCURVE('',#4957,#4966);
#4957 = ( BOUNDED_SURFACE() B_SPLINE_SURFACE(1,3,(
    (#4958,#4959,#4960,#4961)
    ,(#4962,#4963,#4964,#4965
)),.UNSPECIFIED.,.F.,.F.,.F.) B_SPLINE_SURFACE_WITH_KNOTS((2,2),(4,4),(
    6.,7.),(0.,1.),.PIECEWISE_BEZIER_KNOTS.) 
GEOMETRIC_REPRESENTATION_ITEM() RATIONAL_B_SPLINE_SURFACE((
    (1.,1.,1.,1.)
,(1.,1.,1.,1.))) REPRESENTATION_ITEM('') SURFACE() );
#4958 = CARTESIAN_POINT('',(9.731811892782E-03,-2.032E-02,
    6.808044712059E-03));
#4959 = CARTESIAN_POINT('',(1.730267700905E-02,-5.57630709112E-02,
    6.393196326251E-03));
#4960 = CARTESIAN_POINT('',(1.257087014305E-02,-9.160924192655E-02,
    2.352359516838E-03));
#4961 = CARTESIAN_POINT('',(7.408239917563E-03,-0.127,1.302983590501E-03
    ));
#4962 = CARTESIAN_POINT('',(9.174680487796E-03,-2.032E-02,
    6.528677326337E-03));
#4963 = CARTESIAN_POINT('',(1.635561852137E-02,-5.57630709112E-02,
    6.193024191195E-03));
#4964 = CARTESIAN_POINT('',(1.190026447041E-02,-9.160924192655E-02,
    2.325956305379E-03));
#4965 = CARTESIAN_POINT('',(7.013674334097E-03,-0.127,1.291748934082E-03
    ));
#4966 = DEFINITIONAL_REPRESENTATION('',(#4967),#4971);
#4967 = LINE('',#4968,#4969);
#4968 = CARTESIAN_POINT('',(6.,0.));
#4969 = VECTOR('',#4970,1.);
#4970 = DIRECTION('',(0.,1.));
#4971 = ( GEOMETRIC_REPRESENTATION_CONTEXT(2) 
PARAMETRIC_REPRESENTATION_CONTEXT() REPRESENTATION_CONTEXT('2D SPACE',''
  ) );
#4972 = ORIENTED_EDGE('',*,*,#4973,.F.);
#4973 = EDGE_CURVE('',#4864,#4941,#4974,.T.);
#4974 = SURFACE_CURVE('',#4975,(#4978,#4985),.PCURVE_S1.);
#4975 = B_SPLINE_CURVE_WITH_KNOTS('',1,(#4976,#4977),.UNSPECIFIED.,.F.,
  .F.,(2,2),(5.,6.),.PIECEWISE_BEZIER_KNOTS.);
#4976 = CARTESIAN_POINT('',(7.73831047933E-03,-0.127,1.31080870976E-03)
  );
#4977 = CARTESIAN_POINT('',(7.408239917563E-03,-0.127,1.302983590501E-03
    ));
#4978 = PCURVE('',#4880,#4979);
#4979 = DEFINITIONAL_REPRESENTATION('',(#4980),#4984);
#4980 = LINE('',#4981,#4982);
#4981 = CARTESIAN_POINT('',(0.,1.));
#4982 = VECTOR('',#4983,1.);
#4983 = DIRECTION('',(1.,0.));
#4984 = ( GEOMETRIC_REPRESENTATION_CONTEXT(2) 
PARAMETRIC_REPRESENTATION_CONTEXT() REPRESENTATION_CONTEXT('2D SPACE',''
  ) );
#4985 = PCURVE('',#4566,#4986);
#4986 = DEFINITIONAL_REPRESENTATION('',(#4987),#4990);
#4987 = B_SPLINE_CURVE_WITH_KNOTS('',1,(#4988,#4989),.UNSPECIFIED.,.F.,
  .F.,(2,2),(5.,6.),.PIECEWISE_BEZIER_KNOTS.);
#4988 = CARTESIAN_POINT('',(5.595151570814E-04,8.937811263067E-05));
#4989 = CARTESIAN_POINT('',(8.867661722093E-04,1.331340417691E-04));
#4990 = ( GEOMETRIC_REPRESENTATION_CONTEXT(2) 
PARAMETRIC_REPRESENTATION_CONTEXT() REPRESENTATION_CONTEXT('2D SPACE',''
  ) );
#4991 = ORIENTED_EDGE('',*,*,#4863,.F.);
#4992 = ADVANCED_FACE('',(#4993),#4957,.T.);
#4993 = FACE_BOUND('',#4994,.T.);
#4994 = EDGE_LOOP('',(#4995,#5016,#5049,#5068));
#4995 = ORIENTED_EDGE('',*,*,#4996,.T.);
#4996 = EDGE_CURVE('',#4920,#4997,#4999,.T.);
#4997 = VERTEX_POINT('',#4998);
#4998 = CARTESIAN_POINT('',(9.174680487796E-03,-2.032E-02,
    6.528677326337E-03));
#4999 = SURFACE_CURVE('',#5000,(#5003,#5010),.PCURVE_S1.);
#5000 = B_SPLINE_CURVE_WITH_KNOTS('',1,(#5001,#5002),.UNSPECIFIED.,.F.,
  .F.,(2,2),(6.,7.),.PIECEWISE_BEZIER_KNOTS.);
#5001 = CARTESIAN_POINT('',(9.731811892782E-03,-2.032E-02,
    6.808044712059E-03));
#5002 = CARTESIAN_POINT('',(9.174680487796E-03,-2.032E-02,
    6.528677326337E-03));
#5003 = PCURVE('',#4957,#5004);
#5004 = DEFINITIONAL_REPRESENTATION('',(#5005),#5009);
#5005 = LINE('',#5006,#5007);
#5006 = CARTESIAN_POINT('',(0.,0.));
#5007 = VECTOR('',#5008,1.);
#5008 = DIRECTION('',(1.,0.));
#5009 = ( GEOMETRIC_REPRESENTATION_CONTEXT(2) 
PARAMETRIC_REPRESENTATION_CONTEXT() REPRESENTATION_CONTEXT('2D SPACE',''
  ) );
#5010 = PCURVE('',#4507,#5011);
#5011 = DEFINITIONAL_REPRESENTATION('',(#5012),#5015);
#5012 = B_SPLINE_CURVE_WITH_KNOTS('',1,(#5013,#5014),.UNSPECIFIED.,.F.,
  .F.,(2,2),(6.,7.),.PIECEWISE_BEZIER_KNOTS.);
#5013 = CARTESIAN_POINT('',(1.400157114015E-03,2.102116448985E-04));
#5014 = CARTESIAN_POINT('',(2.018296745805E-03,2.898667403878E-04));
#5015 = ( GEOMETRIC_REPRESENTATION_CONTEXT(2) 
PARAMETRIC_REPRESENTATION_CONTEXT() REPRESENTATION_CONTEXT('2D SPACE',''
  ) );
#5016 = ORIENTED_EDGE('',*,*,#5017,.T.);
#5017 = EDGE_CURVE('',#4997,#5018,#5020,.T.);
#5018 = VERTEX_POINT('',#5019);
#5019 = CARTESIAN_POINT('',(7.013674334097E-03,-0.127,1.291748934082E-03
    ));
#5020 = SURFACE_CURVE('',#5021,(#5026,#5033),.PCURVE_S1.);
#5021 = ( BOUNDED_CURVE() B_SPLINE_CURVE(3,(#5022,#5023,#5024,#5025),
.UNSPECIFIED.,.F.,.F.) B_SPLINE_CURVE_WITH_KNOTS((4,4),(0.,1.),
.PIECEWISE_BEZIER_KNOTS.) CURVE() GEOMETRIC_REPRESENTATION_ITEM() 
RATIONAL_B_SPLINE_CURVE((1.,1.,1.,1.)) REPRESENTATION_ITEM('') );
#5022 = CARTESIAN_POINT('',(9.174680487796E-03,-2.032E-02,
    6.528677326337E-03));
#5023 = CARTESIAN_POINT('',(1.635561852137E-02,-5.57630709112E-02,
    6.193024191195E-03));
#5024 = CARTESIAN_POINT('',(1.190026447041E-02,-9.160924192655E-02,
    2.325956305379E-03));
#5025 = CARTESIAN_POINT('',(7.013674334097E-03,-0.127,1.291748934082E-03
    ));
#5026 = PCURVE('',#4957,#5027);
#5027 = DEFINITIONAL_REPRESENTATION('',(#5028),#5032);
#5028 = LINE('',#5029,#5030);
#5029 = CARTESIAN_POINT('',(7.,0.));
#5030 = VECTOR('',#5031,1.);
#5031 = DIRECTION('',(0.,1.));
#5032 = ( GEOMETRIC_REPRESENTATION_CONTEXT(2) 
PARAMETRIC_REPRESENTATION_CONTEXT() REPRESENTATION_CONTEXT('2D SPACE',''
  ) );
#5033 = PCURVE('',#5034,#5043);
#5034 = ( BOUNDED_SURFACE() B_SPLINE_SURFACE(1,3,(
    (#5035,#5036,#5037,#5038)
    ,(#5039,#5040,#5041,#5042
)),.UNSPECIFIED.,.F.,.F.,.F.) B_SPLINE_SURFACE_WITH_KNOTS((2,2),(4,4),(
    7.,8.),(0.,1.),.PIECEWISE_BEZIER_KNOTS.) 
GEOMETRIC_REPRESENTATION_ITEM() RATIONAL_B_SPLINE_SURFACE((
    (1.,1.,1.,1.)
,(1.,1.,1.,1.))) REPRESENTATION_ITEM('') SURFACE() );
#5035 = CARTESIAN_POINT('',(9.174680487796E-03,-2.032E-02,
    6.528677326337E-03));
#5036 = CARTESIAN_POINT('',(1.635561852137E-02,-5.57630709112E-02,
    6.193024191195E-03));
#5037 = CARTESIAN_POINT('',(1.190026447041E-02,-9.160924192655E-02,
    2.325956305379E-03));
#5038 = CARTESIAN_POINT('',(7.013674334097E-03,-0.127,1.291748934082E-03
    ));
#5039 = CARTESIAN_POINT('',(8.535289656668E-03,-2.032E-02,
    6.203791663399E-03));
#5040 = CARTESIAN_POINT('',(1.526704603398E-02,-5.57630709112E-02,
    5.956881871327E-03));
#5041 = CARTESIAN_POINT('',(1.112874729881E-02,-9.160924192655E-02,
    2.291466408739E-03));
#5042 = CARTESIAN_POINT('',(6.559708915311E-03,-0.127,1.27640442984E-03)
  );
#5043 = DEFINITIONAL_REPRESENTATION('',(#5044),#5048);
#5044 = LINE('',#5045,#5046);
#5045 = CARTESIAN_POINT('',(7.,0.));
#5046 = VECTOR('',#5047,1.);
#5047 = DIRECTION('',(0.,1.));
#5048 = ( GEOMETRIC_REPRESENTATION_CONTEXT(2) 
PARAMETRIC_REPRESENTATION_CONTEXT() REPRESENTATION_CONTEXT('2D SPACE',''
  ) );
#5049 = ORIENTED_EDGE('',*,*,#5050,.F.);
#5050 = EDGE_CURVE('',#4941,#5018,#5051,.T.);
#5051 = SURFACE_CURVE('',#5052,(#5055,#5062),.PCURVE_S1.);
#5052 = B_SPLINE_CURVE_WITH_KNOTS('',1,(#5053,#5054),.UNSPECIFIED.,.F.,
  .F.,(2,2),(6.,7.),.PIECEWISE_BEZIER_KNOTS.);
#5053 = CARTESIAN_POINT('',(7.408239917563E-03,-0.127,1.302983590501E-03
    ));
#5054 = CARTESIAN_POINT('',(7.013674334097E-03,-0.127,1.291748934082E-03
    ));
#5055 = PCURVE('',#4957,#5056);
#5056 = DEFINITIONAL_REPRESENTATION('',(#5057),#5061);
#5057 = LINE('',#5058,#5059);
#5058 = CARTESIAN_POINT('',(0.,1.));
#5059 = VECTOR('',#5060,1.);
#5060 = DIRECTION('',(1.,0.));
#5061 = ( GEOMETRIC_REPRESENTATION_CONTEXT(2) 
PARAMETRIC_REPRESENTATION_CONTEXT() REPRESENTATION_CONTEXT('2D SPACE',''
  ) );
#5062 = PCURVE('',#4566,#5063);
#5063 = DEFINITIONAL_REPRESENTATION('',(#5064),#5067);
#5064 = B_SPLINE_CURVE_WITH_KNOTS('',1,(#5065,#5066),.UNSPECIFIED.,.F.,
  .F.,(2,2),(6.,7.),.PIECEWISE_BEZIER_KNOTS.);
#5065 = CARTESIAN_POINT('',(8.867661722093E-04,1.331340417691E-04));
#5066 = CARTESIAN_POINT('',(1.278254605677E-03,1.835822689123E-04));
#5067 = ( GEOMETRIC_REPRESENTATION_CONTEXT(2) 
PARAMETRIC_REPRESENTATION_CONTEXT() REPRESENTATION_CONTEXT('2D SPACE',''
  ) );
#5068 = ORIENTED_EDGE('',*,*,#4940,.F.);
#5069 = ADVANCED_FACE('',(#5070),#5034,.T.);
#5070 = FACE_BOUND('',#5071,.T.);
#5071 = EDGE_LOOP('',(#5072,#5093,#5126,#5145));
#5072 = ORIENTED_EDGE('',*,*,#5073,.T.);
#5073 = EDGE_CURVE('',#4997,#5074,#5076,.T.);
#5074 = VERTEX_POINT('',#5075);
#5075 = CARTESIAN_POINT('',(8.535289656668E-03,-2.032E-02,
    6.203791663399E-03));
#5076 = SURFACE_CURVE('',#5077,(#5080,#5087),.PCURVE_S1.);
#5077 = B_SPLINE_CURVE_WITH_KNOTS('',1,(#5078,#5079),.UNSPECIFIED.,.F.,
  .F.,(2,2),(7.,8.),.PIECEWISE_BEZIER_KNOTS.);
#5078 = CARTESIAN_POINT('',(9.174680487796E-03,-2.032E-02,
    6.528677326337E-03));
#5079 = CARTESIAN_POINT('',(8.535289656668E-03,-2.032E-02,
    6.203791663399E-03));
#5080 = PCURVE('',#5034,#5081);
#5081 = DEFINITIONAL_REPRESENTATION('',(#5082),#5086);
#5082 = LINE('',#5083,#5084);
#5083 = CARTESIAN_POINT('',(0.,0.));
#5084 = VECTOR('',#5085,1.);
#5085 = DIRECTION('',(1.,0.));
#5086 = ( GEOMETRIC_REPRESENTATION_CONTEXT(2) 
PARAMETRIC_REPRESENTATION_CONTEXT() REPRESENTATION_CONTEXT('2D SPACE',''
  ) );
#5087 = PCURVE('',#4507,#5088);
#5088 = DEFINITIONAL_REPRESENTATION('',(#5089),#5092);
#5089 = B_SPLINE_CURVE_WITH_KNOTS('',1,(#5090,#5091),.UNSPECIFIED.,.F.,
  .F.,(2,2),(7.,8.),.PIECEWISE_BEZIER_KNOTS.);
#5090 = CARTESIAN_POINT('',(2.018296745805E-03,2.898667403878E-04));
#5091 = CARTESIAN_POINT('',(2.730089800234E-03,3.777415182208E-04));
#5092 = ( GEOMETRIC_REPRESENTATION_CONTEXT(2) 
PARAMETRIC_REPRESENTATION_CONTEXT() REPRESENTATION_CONTEXT('2D SPACE',''
  ) );
#5093 = ORIENTED_EDGE('',*,*,#5094,.T.);
#5094 = EDGE_CURVE('',#5074,#5095,#5097,.T.);
#5095 = VERTEX_POINT('',#5096);
#5096 = CARTESIAN_POINT('',(6.559708915311E-03,-0.127,1.27640442984E-03)
  );
#5097 = SURFACE_CURVE('',#5098,(#5103,#5110),.PCURVE_S1.);
#5098 = ( BOUNDED_CURVE() B_SPLINE_CURVE(3,(#5099,#5100,#5101,#5102),
.UNSPECIFIED.,.F.,.F.) B_SPLINE_CURVE_WITH_KNOTS((4,4),(0.,1.),
.PIECEWISE_BEZIER_KNOTS.) CURVE() GEOMETRIC_REPRESENTATION_ITEM() 
RATIONAL_B_SPLINE_CURVE((1.,1.,1.,1.)) REPRESENTATION_ITEM('') );
#5099 = CARTESIAN_POINT('',(8.535289656668E-03,-2.032E-02,
    6.203791663399E-03));
#5100 = CARTESIAN_POINT('',(1.526704603398E-02,-5.57630709112E-02,
    5.956881871327E-03));
#5101 = CARTESIAN_POINT('',(1.112874729881E-02,-9.160924192655E-02,
    2.291466408739E-03));
#5102 = CARTESIAN_POINT('',(6.559708915311E-03,-0.127,1.27640442984E-03)
  );
#5103 = PCURVE('',#5034,#5104);
#5104 = DEFINITIONAL_REPRESENTATION('',(#5105),#5109);
#5105 = LINE('',#5106,#5107);
#5106 = CARTESIAN_POINT('',(8.,0.));
#5107 = VECTOR('',#5108,1.);
#5108 = DIRECTION('',(0.,1.));
#5109 = ( GEOMETRIC_REPRESENTATION_CONTEXT(2) 
PARAMETRIC_REPRESENTATION_CONTEXT() REPRESENTATION_CONTEXT('2D SPACE',''
  ) );
#5110 = PCURVE('',#5111,#5120);
#5111 = ( BOUNDED_SURFACE() B_SPLINE_SURFACE(1,3,(
    (#5112,#5113,#5114,#5115)
    ,(#5116,#5117,#5118,#5119
)),.UNSPECIFIED.,.F.,.F.,.F.) B_SPLINE_SURFACE_WITH_KNOTS((2,2),(4,4),(
    8.,9.),(0.,1.),.PIECEWISE_BEZIER_KNOTS.) 
GEOMETRIC_REPRESENTATION_ITEM() RATIONAL_B_SPLINE_SURFACE((
    (1.,1.,1.,1.)
,(1.,1.,1.,1.))) REPRESENTATION_ITEM('') SURFACE() );
#5112 = CARTESIAN_POINT('',(8.535289656668E-03,-2.032E-02,
    6.203791663399E-03));
#5113 = CARTESIAN_POINT('',(1.526704603398E-02,-5.57630709112E-02,
    5.956881871327E-03));
#5114 = CARTESIAN_POINT('',(1.112874729881E-02,-9.160924192655E-02,
    2.291466408739E-03));
#5115 = CARTESIAN_POINT('',(6.559708915311E-03,-0.127,1.27640442984E-03)
  );
#5116 = CARTESIAN_POINT('',(7.822424740387E-03,-2.032E-02,
    5.836369389138E-03));
#5117 = CARTESIAN_POINT('',(1.405133265317E-02,-5.57630709112E-02,
    5.685787107392E-03));
#5118 = CARTESIAN_POINT('',(1.026626061997E-02,-9.160924192655E-02,
    2.247909833764E-03));
#5119 = CARTESIAN_POINT('',(6.052184469829E-03,-0.127,1.256310070045E-03
    ));
#5120 = DEFINITIONAL_REPRESENTATION('',(#5121),#5125);
#5121 = LINE('',#5122,#5123);
#5122 = CARTESIAN_POINT('',(8.,0.));
#5123 = VECTOR('',#5124,1.);
#5124 = DIRECTION('',(0.,1.));
#5125 = ( GEOMETRIC_REPRESENTATION_CONTEXT(2) 
PARAMETRIC_REPRESENTATION_CONTEXT() REPRESENTATION_CONTEXT('2D SPACE',''
  ) );
#5126 = ORIENTED_EDGE('',*,*,#5127,.F.);
#5127 = EDGE_CURVE('',#5018,#5095,#5128,.T.);
#5128 = SURFACE_CURVE('',#5129,(#5132,#5139),.PCURVE_S1.);
#5129 = B_SPLINE_CURVE_WITH_KNOTS('',1,(#5130,#5131),.UNSPECIFIED.,.F.,
  .F.,(2,2),(7.,8.),.PIECEWISE_BEZIER_KNOTS.);
#5130 = CARTESIAN_POINT('',(7.013674334097E-03,-0.127,1.291748934082E-03
    ));
#5131 = CARTESIAN_POINT('',(6.559708915311E-03,-0.127,1.27640442984E-03)
  );
#5132 = PCURVE('',#5034,#5133);
#5133 = DEFINITIONAL_REPRESENTATION('',(#5134),#5138);
#5134 = LINE('',#5135,#5136);
#5135 = CARTESIAN_POINT('',(0.,1.));
#5136 = VECTOR('',#5137,1.);
#5137 = DIRECTION('',(1.,0.));
#5138 = ( GEOMETRIC_REPRESENTATION_CONTEXT(2) 
PARAMETRIC_REPRESENTATION_CONTEXT() REPRESENTATION_CONTEXT('2D SPACE',''
  ) );
#5139 = PCURVE('',#4566,#5140);
#5140 = DEFINITIONAL_REPRESENTATION('',(#5141),#5144);
#5141 = B_SPLINE_CURVE_WITH_KNOTS('',1,(#5142,#5143),.UNSPECIFIED.,.F.,
  .F.,(2,2),(7.,8.),.PIECEWISE_BEZIER_KNOTS.);
#5142 = CARTESIAN_POINT('',(1.278254605677E-03,1.835822689123E-04));
#5143 = CARTESIAN_POINT('',(1.729056873482E-03,2.392362948732E-04));
#5144 = ( GEOMETRIC_REPRESENTATION_CONTEXT(2) 
PARAMETRIC_REPRESENTATION_CONTEXT() REPRESENTATION_CONTEXT('2D SPACE',''
  ) );
#5145 = ORIENTED_EDGE('',*,*,#5017,.F.);
#5146 = ADVANCED_FACE('',(#5147),#5111,.T.);
#5147 = FACE_BOUND('',#5148,.T.);
#5148 = EDGE_LOOP('',(#5149,#5170,#5203,#5222));
#5149 = ORIENTED_EDGE('',*,*,#5150,.T.);
#5150 = EDGE_CURVE('',#5074,#5151,#5153,.T.);
#5151 = VERTEX_POINT('',#5152);
#5152 = CARTESIAN_POINT('',(7.822424740387E-03,-2.032E-02,
    5.836369389138E-03));
#5153 = SURFACE_CURVE('',#5154,(#5157,#5164),.PCURVE_S1.);
#5154 = B_SPLINE_CURVE_WITH_KNOTS('',1,(#5155,#5156),.UNSPECIFIED.,.F.,
  .F.,(2,2),(8.,9.),.PIECEWISE_BEZIER_KNOTS.);
#5155 = CARTESIAN_POINT('',(8.535289656668E-03,-2.032E-02,
    6.203791663399E-03));
#5156 = CARTESIAN_POINT('',(7.822424740387E-03,-2.032E-02,
    5.836369389138E-03));
#5157 = PCURVE('',#5111,#5158);
#5158 = DEFINITIONAL_REPRESENTATION('',(#5159),#5163);
#5159 = LINE('',#5160,#5161);
#5160 = CARTESIAN_POINT('',(0.,0.));
#5161 = VECTOR('',#5162,1.);
#5162 = DIRECTION('',(1.,0.));
#5163 = ( GEOMETRIC_REPRESENTATION_CONTEXT(2) 
PARAMETRIC_REPRESENTATION_CONTEXT() REPRESENTATION_CONTEXT('2D SPACE',''
  ) );
#5164 = PCURVE('',#4507,#5165);
#5165 = DEFINITIONAL_REPRESENTATION('',(#5166),#5169);
#5166 = B_SPLINE_CURVE_WITH_KNOTS('',1,(#5167,#5168),.UNSPECIFIED.,.F.,
  .F.,(2,2),(8.,9.),.PIECEWISE_BEZIER_KNOTS.);
#5167 = CARTESIAN_POINT('',(2.730089800234E-03,3.777415182208E-04));
#5168 = CARTESIAN_POINT('',(3.526584457473E-03,4.713992860682E-04));
#5169 = ( GEOMETRIC_REPRESENTATION_CONTEXT(2) 
PARAMETRIC_REPRESENTATION_CONTEXT() REPRESENTATION_CONTEXT('2D SPACE',''
  ) );
#5170 = ORIENTED_EDGE('',*,*,#5171,.T.);
#5171 = EDGE_CURVE('',#5151,#5172,#5174,.T.);
#5172 = VERTEX_POINT('',#5173);
#5173 = CARTESIAN_POINT('',(6.052184469829E-03,-0.127,1.256310070045E-03
    ));
#5174 = SURFACE_CURVE('',#5175,(#5180,#5187),.PCURVE_S1.);
#5175 = ( BOUNDED_CURVE() B_SPLINE_CURVE(3,(#5176,#5177,#5178,#5179),
.UNSPECIFIED.,.F.,.F.) B_SPLINE_CURVE_WITH_KNOTS((4,4),(0.,1.),
.PIECEWISE_BEZIER_KNOTS.) CURVE() GEOMETRIC_REPRESENTATION_ITEM() 
RATIONAL_B_SPLINE_CURVE((1.,1.,1.,1.)) REPRESENTATION_ITEM('') );
#5176 = CARTESIAN_POINT('',(7.822424740387E-03,-2.032E-02,
    5.836369389138E-03));
#5177 = CARTESIAN_POINT('',(1.405133265317E-02,-5.57630709112E-02,
    5.685787107392E-03));
#5178 = CARTESIAN_POINT('',(1.026626061997E-02,-9.160924192655E-02,
    2.247909833764E-03));
#5179 = CARTESIAN_POINT('',(6.052184469829E-03,-0.127,1.256310070045E-03
    ));
#5180 = PCURVE('',#5111,#5181);
#5181 = DEFINITIONAL_REPRESENTATION('',(#5182),#5186);
#5182 = LINE('',#5183,#5184);
#5183 = CARTESIAN_POINT('',(9.,0.));
#5184 = VECTOR('',#5185,1.);
#5185 = DIRECTION('',(0.,1.));
#5186 = ( GEOMETRIC_REPRESENTATION_CONTEXT(2) 
PARAMETRIC_REPRESENTATION_CONTEXT() REPRESENTATION_CONTEXT('2D SPACE',''
  ) );
#5187 = PCURVE('',#5188,#5197);
#5188 = ( BOUNDED_SURFACE() B_SPLINE_SURFACE(1,3,(
    (#5189,#5190,#5191,#5192)
    ,(#5193,#5194,#5195,#5196
)),.UNSPECIFIED.,.F.,.F.,.F.) B_SPLINE_SURFACE_WITH_KNOTS((2,2),(4,4),(
    9.,10.),(0.,1.),.PIECEWISE_BEZIER_KNOTS.) 
GEOMETRIC_REPRESENTATION_ITEM() RATIONAL_B_SPLINE_SURFACE((
    (1.,1.,1.,1.)
,(1.,1.,1.,1.))) REPRESENTATION_ITEM('') SURFACE() );
#5189 = CARTESIAN_POINT('',(7.822424740387E-03,-2.032E-02,
    5.836369389138E-03));
#5190 = CARTESIAN_POINT('',(1.405133265317E-02,-5.57630709112E-02,
    5.685787107392E-03));
#5191 = CARTESIAN_POINT('',(1.026626061997E-02,-9.160924192655E-02,
    2.247909833764E-03));
#5192 = CARTESIAN_POINT('',(6.052184469829E-03,-0.127,1.256310070045E-03
    ));
#5193 = CARTESIAN_POINT('',(7.045778816346E-03,-2.032E-02,
    5.42995117302E-03));
#5194 = CARTESIAN_POINT('',(1.272443544249E-02,-5.57630709112E-02,
    5.381239764465E-03));
#5195 = CARTESIAN_POINT('',(9.323885190973E-03,-9.160924192655E-02,
    2.19445144402E-03));
#5196 = CARTESIAN_POINT('',(5.497612464278E-03,-0.127,1.230903749063E-03
    ));
#5197 = DEFINITIONAL_REPRESENTATION('',(#5198),#5202);
#5198 = LINE('',#5199,#5200);
#5199 = CARTESIAN_POINT('',(9.,0.));
#5200 = VECTOR('',#5201,1.);
#5201 = DIRECTION('',(0.,1.));
#5202 = ( GEOMETRIC_REPRESENTATION_CONTEXT(2) 
PARAMETRIC_REPRESENTATION_CONTEXT() REPRESENTATION_CONTEXT('2D SPACE',''
  ) );
#5203 = ORIENTED_EDGE('',*,*,#5204,.F.);
#5204 = EDGE_CURVE('',#5095,#5172,#5205,.T.);
#5205 = SURFACE_CURVE('',#5206,(#5209,#5216),.PCURVE_S1.);
#5206 = B_SPLINE_CURVE_WITH_KNOTS('',1,(#5207,#5208),.UNSPECIFIED.,.F.,
  .F.,(2,2),(8.,9.),.PIECEWISE_BEZIER_KNOTS.);
#5207 = CARTESIAN_POINT('',(6.559708915311E-03,-0.127,1.27640442984E-03)
  );
#5208 = CARTESIAN_POINT('',(6.052184469829E-03,-0.127,1.256310070045E-03
    ));
#5209 = PCURVE('',#5111,#5210);
#5210 = DEFINITIONAL_REPRESENTATION('',(#5211),#5215);
#5211 = LINE('',#5212,#5213);
#5212 = CARTESIAN_POINT('',(0.,1.));
#5213 = VECTOR('',#5214,1.);
#5214 = DIRECTION('',(1.,0.));
#5215 = ( GEOMETRIC_REPRESENTATION_CONTEXT(2) 
PARAMETRIC_REPRESENTATION_CONTEXT() REPRESENTATION_CONTEXT('2D SPACE',''
  ) );
#5216 = PCURVE('',#4566,#5217);
#5217 = DEFINITIONAL_REPRESENTATION('',(#5218),#5221);
#5218 = B_SPLINE_CURVE_WITH_KNOTS('',1,(#5219,#5220),.UNSPECIFIED.,.F.,
  .F.,(2,2),(8.,9.),.PIECEWISE_BEZIER_KNOTS.);
#5219 = CARTESIAN_POINT('',(1.729056873482E-03,2.392362948732E-04));
#5220 = CARTESIAN_POINT('',(2.233503489733E-03,2.985528811765E-04));
#5221 = ( GEOMETRIC_REPRESENTATION_CONTEXT(2) 
PARAMETRIC_REPRESENTATION_CONTEXT() REPRESENTATION_CONTEXT('2D SPACE',''
  ) );
#5222 = ORIENTED_EDGE('',*,*,#5094,.F.);
#5223 = ADVANCED_FACE('',(#5224),#5188,.T.);
#5224 = FACE_BOUND('',#5225,.T.);
#5225 = EDGE_LOOP('',(#5226,#5247,#5280,#5299));
#5226 = ORIENTED_EDGE('',*,*,#5227,.T.);
#5227 = EDGE_CURVE('',#5151,#5228,#5230,.T.);
#5228 = VERTEX_POINT('',#5229);
#5229 = CARTESIAN_POINT('',(7.045778816346E-03,-2.032E-02,
    5.42995117302E-03));
#5230 = SURFACE_CURVE('',#5231,(#5234,#5241),.PCURVE_S1.);
#5231 = B_SPLINE_CURVE_WITH_KNOTS('',1,(#5232,#5233),.UNSPECIFIED.,.F.,
  .F.,(2,2),(9.,10.),.PIECEWISE_BEZIER_KNOTS.);
#5232 = CARTESIAN_POINT('',(7.822424740387E-03,-2.032E-02,
    5.836369389138E-03));
#5233 = CARTESIAN_POINT('',(7.045778816346E-03,-2.032E-02,
    5.42995117302E-03));
#5234 = PCURVE('',#5188,#5235);
#5235 = DEFINITIONAL_REPRESENTATION('',(#5236),#5240);
#5236 = LINE('',#5237,#5238);
#5237 = CARTESIAN_POINT('',(0.,0.));
#5238 = VECTOR('',#5239,1.);
#5239 = DIRECTION('',(1.,0.));
#5240 = ( GEOMETRIC_REPRESENTATION_CONTEXT(2) 
PARAMETRIC_REPRESENTATION_CONTEXT() REPRESENTATION_CONTEXT('2D SPACE',''
  ) );
#5241 = PCURVE('',#4507,#5242);
#5242 = DEFINITIONAL_REPRESENTATION('',(#5243),#5246);
#5243 = B_SPLINE_CURVE_WITH_KNOTS('',1,(#5244,#5245),.UNSPECIFIED.,.F.,
  .F.,(2,2),(9.,10.),.PIECEWISE_BEZIER_KNOTS.);
#5244 = CARTESIAN_POINT('',(3.526584457473E-03,4.713992860682E-04));
#5245 = CARTESIAN_POINT('',(4.397763739181E-03,5.683596740831E-04));
#5246 = ( GEOMETRIC_REPRESENTATION_CONTEXT(2) 
PARAMETRIC_REPRESENTATION_CONTEXT() REPRESENTATION_CONTEXT('2D SPACE',''
  ) );
#5247 = ORIENTED_EDGE('',*,*,#5248,.T.);
#5248 = EDGE_CURVE('',#5228,#5249,#5251,.T.);
#5249 = VERTEX_POINT('',#5250);
#5250 = CARTESIAN_POINT('',(5.497612464278E-03,-0.127,1.230903749063E-03
    ));
#5251 = SURFACE_CURVE('',#5252,(#5257,#5264),.PCURVE_S1.);
#5252 = ( BOUNDED_CURVE() B_SPLINE_CURVE(3,(#5253,#5254,#5255,#5256),
.UNSPECIFIED.,.F.,.F.) B_SPLINE_CURVE_WITH_KNOTS((4,4),(0.,1.),
.PIECEWISE_BEZIER_KNOTS.) CURVE() GEOMETRIC_REPRESENTATION_ITEM() 
RATIONAL_B_SPLINE_CURVE((1.,1.,1.,1.)) REPRESENTATION_ITEM('') );
#5253 = CARTESIAN_POINT('',(7.045778816346E-03,-2.032E-02,
    5.42995117302E-03));
#5254 = CARTESIAN_POINT('',(1.272443544249E-02,-5.57630709112E-02,
    5.381239764465E-03));
#5255 = CARTESIAN_POINT('',(9.323885190973E-03,-9.160924192655E-02,
    2.19445144402E-03));
#5256 = CARTESIAN_POINT('',(5.497612464278E-03,-0.127,1.230903749063E-03
    ));
#5257 = PCURVE('',#5188,#5258);
#5258 = DEFINITIONAL_REPRESENTATION('',(#5259),#5263);
#5259 = LINE('',#5260,#5261);
#5260 = CARTESIAN_POINT('',(10.,0.));
#5261 = VECTOR('',#5262,1.);
#5262 = DIRECTION('',(0.,1.));
#5263 = ( GEOMETRIC_REPRESENTATION_CONTEXT(2) 
PARAMETRIC_REPRESENTATION_CONTEXT() REPRESENTATION_CONTEXT('2D SPACE',''
  ) );
#5264 = PCURVE('',#5265,#5274);
#5265 = ( BOUNDED_SURFACE() B_SPLINE_SURFACE(1,3,(
    (#5266,#5267,#5268,#5269)
    ,(#5270,#5271,#5272,#5273
)),.UNSPECIFIED.,.F.,.F.,.F.) B_SPLINE_SURFACE_WITH_KNOTS((2,2),(4,4),(
    10.,11.),(0.,1.),.PIECEWISE_BEZIER_KNOTS.) 
GEOMETRIC_REPRESENTATION_ITEM() RATIONAL_B_SPLINE_SURFACE((
    (1.,1.,1.,1.)
,(1.,1.,1.,1.))) REPRESENTATION_ITEM('') SURFACE() );
#5266 = CARTESIAN_POINT('',(7.045778816346E-03,-2.032E-02,
    5.42995117302E-03));
#5267 = CARTESIAN_POINT('',(1.272443544249E-02,-5.57630709112E-02,
    5.381239764465E-03));
#5268 = CARTESIAN_POINT('',(9.323885190973E-03,-9.160924192655E-02,
    2.19445144402E-03));
#5269 = CARTESIAN_POINT('',(5.497612464278E-03,-0.127,1.230903749063E-03
    ));
#5270 = CARTESIAN_POINT('',(6.215846073476E-03,-2.032E-02,
    4.988569521628E-03));
#5271 = CARTESIAN_POINT('',(1.130370877455E-02,-5.57630709112E-02,
    5.04516294017E-03));
#5272 = CARTESIAN_POINT('',(8.313706103488E-03,-9.160924192655E-02,
    2.13038246886E-03));
#5273 = CARTESIAN_POINT('',(4.903095843503E-03,-0.127,1.199691249176E-03
    ));
#5274 = DEFINITIONAL_REPRESENTATION('',(#5275),#5279);
#5275 = LINE('',#5276,#5277);
#5276 = CARTESIAN_POINT('',(10.,0.));
#5277 = VECTOR('',#5278,1.);
#5278 = DIRECTION('',(0.,1.));
#5279 = ( GEOMETRIC_REPRESENTATION_CONTEXT(2) 
PARAMETRIC_REPRESENTATION_CONTEXT() REPRESENTATION_CONTEXT('2D SPACE',''
  ) );
#5280 = ORIENTED_EDGE('',*,*,#5281,.F.);
#5281 = EDGE_CURVE('',#5172,#5249,#5282,.T.);
#5282 = SURFACE_CURVE('',#5283,(#5286,#5293),.PCURVE_S1.);
#5283 = B_SPLINE_CURVE_WITH_KNOTS('',1,(#5284,#5285),.UNSPECIFIED.,.F.,
  .F.,(2,2),(9.,10.),.PIECEWISE_BEZIER_KNOTS.);
#5284 = CARTESIAN_POINT('',(6.052184469829E-03,-0.127,1.256310070045E-03
    ));
#5285 = CARTESIAN_POINT('',(5.497612464278E-03,-0.127,1.230903749063E-03
    ));
#5286 = PCURVE('',#5188,#5287);
#5287 = DEFINITIONAL_REPRESENTATION('',(#5288),#5292);
#5288 = LINE('',#5289,#5290);
#5289 = CARTESIAN_POINT('',(0.,1.));
#5290 = VECTOR('',#5291,1.);
#5291 = DIRECTION('',(1.,0.));
#5292 = ( GEOMETRIC_REPRESENTATION_CONTEXT(2) 
PARAMETRIC_REPRESENTATION_CONTEXT() REPRESENTATION_CONTEXT('2D SPACE',''
  ) );
#5293 = PCURVE('',#4566,#5294);
#5294 = DEFINITIONAL_REPRESENTATION('',(#5295),#5298);
#5295 = B_SPLINE_CURVE_WITH_KNOTS('',1,(#5296,#5297),.UNSPECIFIED.,.F.,
  .F.,(2,2),(9.,10.),.PIECEWISE_BEZIER_KNOTS.);
#5296 = CARTESIAN_POINT('',(2.233503489733E-03,2.985528811765E-04));
#5297 = CARTESIAN_POINT('',(2.785250368148E-03,3.599611269193E-04));
#5298 = ( GEOMETRIC_REPRESENTATION_CONTEXT(2) 
PARAMETRIC_REPRESENTATION_CONTEXT() REPRESENTATION_CONTEXT('2D SPACE',''
  ) );
#5299 = ORIENTED_EDGE('',*,*,#5171,.F.);
#5300 = ADVANCED_FACE('',(#5301),#5265,.T.);
#5301 = FACE_BOUND('',#5302,.T.);
#5302 = EDGE_LOOP('',(#5303,#5324,#5357,#5376));
#5303 = ORIENTED_EDGE('',*,*,#5304,.T.);
#5304 = EDGE_CURVE('',#5228,#5305,#5307,.T.);
#5305 = VERTEX_POINT('',#5306);
#5306 = CARTESIAN_POINT('',(6.215846073476E-03,-2.032E-02,
    4.988569521628E-03));
#5307 = SURFACE_CURVE('',#5308,(#5311,#5318),.PCURVE_S1.);
#5308 = B_SPLINE_CURVE_WITH_KNOTS('',1,(#5309,#5310),.UNSPECIFIED.,.F.,
  .F.,(2,2),(10.,11.),.PIECEWISE_BEZIER_KNOTS.);
#5309 = CARTESIAN_POINT('',(7.045778816346E-03,-2.032E-02,
    5.42995117302E-03));
#5310 = CARTESIAN_POINT('',(6.215846073476E-03,-2.032E-02,
    4.988569521628E-03));
#5311 = PCURVE('',#5265,#5312);
#5312 = DEFINITIONAL_REPRESENTATION('',(#5313),#5317);
#5313 = LINE('',#5314,#5315);
#5314 = CARTESIAN_POINT('',(0.,0.));
#5315 = VECTOR('',#5316,1.);
#5316 = DIRECTION('',(1.,0.));
#5317 = ( GEOMETRIC_REPRESENTATION_CONTEXT(2) 
PARAMETRIC_REPRESENTATION_CONTEXT() REPRESENTATION_CONTEXT('2D SPACE',''
  ) );
#5318 = PCURVE('',#4507,#5319);
#5319 = DEFINITIONAL_REPRESENTATION('',(#5320),#5323);
#5320 = B_SPLINE_CURVE_WITH_KNOTS('',1,(#5321,#5322),.UNSPECIFIED.,.F.,
  .F.,(2,2),(10.,11.),.PIECEWISE_BEZIER_KNOTS.);
#5321 = CARTESIAN_POINT('',(4.397763739181E-03,5.683596740831E-04));
#5322 = CARTESIAN_POINT('',(5.332671465327E-03,6.661025176383E-04));
#5323 = ( GEOMETRIC_REPRESENTATION_CONTEXT(2) 
PARAMETRIC_REPRESENTATION_CONTEXT() REPRESENTATION_CONTEXT('2D SPACE',''
  ) );
#5324 = ORIENTED_EDGE('',*,*,#5325,.T.);
#5325 = EDGE_CURVE('',#5305,#5326,#5328,.T.);
#5326 = VERTEX_POINT('',#5327);
#5327 = CARTESIAN_POINT('',(4.903095843503E-03,-0.127,1.199691249176E-03
    ));
#5328 = SURFACE_CURVE('',#5329,(#5334,#5341),.PCURVE_S1.);
#5329 = ( BOUNDED_CURVE() B_SPLINE_CURVE(3,(#5330,#5331,#5332,#5333),
.UNSPECIFIED.,.F.,.F.) B_SPLINE_CURVE_WITH_KNOTS((4,4),(0.,1.),
.PIECEWISE_BEZIER_KNOTS.) CURVE() GEOMETRIC_REPRESENTATION_ITEM() 
RATIONAL_B_SPLINE_CURVE((1.,1.,1.,1.)) REPRESENTATION_ITEM('') );
#5330 = CARTESIAN_POINT('',(6.215846073476E-03,-2.032E-02,
    4.988569521628E-03));
#5331 = CARTESIAN_POINT('',(1.130370877455E-02,-5.57630709112E-02,
    5.04516294017E-03));
#5332 = CARTESIAN_POINT('',(8.313706103488E-03,-9.160924192655E-02,
    2.13038246886E-03));
#5333 = CARTESIAN_POINT('',(4.903095843503E-03,-0.127,1.199691249176E-03
    ));
#5334 = PCURVE('',#5265,#5335);
#5335 = DEFINITIONAL_REPRESENTATION('',(#5336),#5340);
#5336 = LINE('',#5337,#5338);
#5337 = CARTESIAN_POINT('',(11.,0.));
#5338 = VECTOR('',#5339,1.);
#5339 = DIRECTION('',(0.,1.));
#5340 = ( GEOMETRIC_REPRESENTATION_CONTEXT(2) 
PARAMETRIC_REPRESENTATION_CONTEXT() REPRESENTATION_CONTEXT('2D SPACE',''
  ) );
#5341 = PCURVE('',#5342,#5351);
#5342 = ( BOUNDED_SURFACE() B_SPLINE_SURFACE(1,3,(
    (#5343,#5344,#5345,#5346)
    ,(#5347,#5348,#5349,#5350
)),.UNSPECIFIED.,.F.,.F.,.F.) B_SPLINE_SURFACE_WITH_KNOTS((2,2),(4,4),(
    11.,12.),(0.,1.),.PIECEWISE_BEZIER_KNOTS.) 
GEOMETRIC_REPRESENTATION_ITEM() RATIONAL_B_SPLINE_SURFACE((
    (1.,1.,1.,1.)
,(1.,1.,1.,1.))) REPRESENTATION_ITEM('') SURFACE() );
#5343 = CARTESIAN_POINT('',(6.215846073476E-03,-2.032E-02,
    4.988569521628E-03));
#5344 = CARTESIAN_POINT('',(1.130370877455E-02,-5.57630709112E-02,
    5.04516294017E-03));
#5345 = CARTESIAN_POINT('',(8.313706103488E-03,-9.160924192655E-02,
    2.13038246886E-03));
#5346 = CARTESIAN_POINT('',(4.903095843503E-03,-0.127,1.199691249176E-03
    ));
#5347 = CARTESIAN_POINT('',(5.343823238269E-03,-2.032E-02,
    4.516648555139E-03));
#5348 = CARTESIAN_POINT('',(9.807716752468E-03,-5.57630709112E-02,
    4.679791238849E-03));
#5349 = CARTESIAN_POINT('',(7.248671557935E-03,-9.160924192655E-02,
    2.055066011363E-03));
#5350 = CARTESIAN_POINT('',(4.276245623949E-03,-0.127,1.162215096922E-03
    ));
#5351 = DEFINITIONAL_REPRESENTATION('',(#5352),#5356);
#5352 = LINE('',#5353,#5354);
#5353 = CARTESIAN_POINT('',(11.,0.));
#5354 = VECTOR('',#5355,1.);
#5355 = DIRECTION('',(0.,1.));
#5356 = ( GEOMETRIC_REPRESENTATION_CONTEXT(2) 
PARAMETRIC_REPRESENTATION_CONTEXT() REPRESENTATION_CONTEXT('2D SPACE',''
  ) );
#5357 = ORIENTED_EDGE('',*,*,#5358,.F.);
#5358 = EDGE_CURVE('',#5249,#5326,#5359,.T.);
#5359 = SURFACE_CURVE('',#5360,(#5363,#5370),.PCURVE_S1.);
#5360 = B_SPLINE_CURVE_WITH_KNOTS('',1,(#5361,#5362),.UNSPECIFIED.,.F.,
  .F.,(2,2),(10.,11.),.PIECEWISE_BEZIER_KNOTS.);
#5361 = CARTESIAN_POINT('',(5.497612464278E-03,-0.127,1.230903749063E-03
    ));
#5362 = CARTESIAN_POINT('',(4.903095843503E-03,-0.127,1.199691249176E-03
    ));
#5363 = PCURVE('',#5265,#5364);
#5364 = DEFINITIONAL_REPRESENTATION('',(#5365),#5369);
#5365 = LINE('',#5366,#5367);
#5366 = CARTESIAN_POINT('',(0.,1.));
#5367 = VECTOR('',#5368,1.);
#5368 = DIRECTION('',(1.,0.));
#5369 = ( GEOMETRIC_REPRESENTATION_CONTEXT(2) 
PARAMETRIC_REPRESENTATION_CONTEXT() REPRESENTATION_CONTEXT('2D SPACE',''
  ) );
#5370 = PCURVE('',#4566,#5371);
#5371 = DEFINITIONAL_REPRESENTATION('',(#5372),#5375);
#5372 = B_SPLINE_CURVE_WITH_KNOTS('',1,(#5373,#5374),.UNSPECIFIED.,.F.,
  .F.,(2,2),(10.,11.),.PIECEWISE_BEZIER_KNOTS.);
#5373 = CARTESIAN_POINT('',(2.785250368148E-03,3.599611269193E-04));
#5374 = CARTESIAN_POINT('',(3.377358594707E-03,4.218649278376E-04));
#5375 = ( GEOMETRIC_REPRESENTATION_CONTEXT(2) 
PARAMETRIC_REPRESENTATION_CONTEXT() REPRESENTATION_CONTEXT('2D SPACE',''
  ) );
#5376 = ORIENTED_EDGE('',*,*,#5248,.F.);
#5377 = ADVANCED_FACE('',(#5378),#5342,.T.);
#5378 = FACE_BOUND('',#5379,.T.);
#5379 = EDGE_LOOP('',(#5380,#5401,#5434,#5453));
#5380 = ORIENTED_EDGE('',*,*,#5381,.T.);
#5381 = EDGE_CURVE('',#5305,#5382,#5384,.T.);
#5382 = VERTEX_POINT('',#5383);
#5383 = CARTESIAN_POINT('',(5.343823238269E-03,-2.032E-02,
    4.516648555139E-03));
#5384 = SURFACE_CURVE('',#5385,(#5388,#5395),.PCURVE_S1.);
#5385 = B_SPLINE_CURVE_WITH_KNOTS('',1,(#5386,#5387),.UNSPECIFIED.,.F.,
  .F.,(2,2),(11.,12.),.PIECEWISE_BEZIER_KNOTS.);
#5386 = CARTESIAN_POINT('',(6.215846073476E-03,-2.032E-02,
    4.988569521628E-03));
#5387 = CARTESIAN_POINT('',(5.343823238269E-03,-2.032E-02,
    4.516648555139E-03));
#5388 = PCURVE('',#5342,#5389);
#5389 = DEFINITIONAL_REPRESENTATION('',(#5390),#5394);
#5390 = LINE('',#5391,#5392);
#5391 = CARTESIAN_POINT('',(0.,0.));
#5392 = VECTOR('',#5393,1.);
#5393 = DIRECTION('',(1.,0.));
#5394 = ( GEOMETRIC_REPRESENTATION_CONTEXT(2) 
PARAMETRIC_REPRESENTATION_CONTEXT() REPRESENTATION_CONTEXT('2D SPACE',''
  ) );
#5395 = PCURVE('',#4507,#5396);
#5396 = DEFINITIONAL_REPRESENTATION('',(#5397),#5400);
#5397 = B_SPLINE_CURVE_WITH_KNOTS('',1,(#5398,#5399),.UNSPECIFIED.,.F.,
  .F.,(2,2),(11.,12.),.PIECEWISE_BEZIER_KNOTS.);
#5398 = CARTESIAN_POINT('',(5.332671465327E-03,6.661025176383E-04));
#5399 = CARTESIAN_POINT('',(6.319550007188E-03,7.620398271038E-04));
#5400 = ( GEOMETRIC_REPRESENTATION_CONTEXT(2) 
PARAMETRIC_REPRESENTATION_CONTEXT() REPRESENTATION_CONTEXT('2D SPACE',''
  ) );
#5401 = ORIENTED_EDGE('',*,*,#5402,.T.);
#5402 = EDGE_CURVE('',#5382,#5403,#5405,.T.);
#5403 = VERTEX_POINT('',#5404);
#5404 = CARTESIAN_POINT('',(4.276245623949E-03,-0.127,1.162215096922E-03
    ));
#5405 = SURFACE_CURVE('',#5406,(#5411,#5418),.PCURVE_S1.);
#5406 = ( BOUNDED_CURVE() B_SPLINE_CURVE(3,(#5407,#5408,#5409,#5410),
.UNSPECIFIED.,.F.,.F.) B_SPLINE_CURVE_WITH_KNOTS((4,4),(0.,1.),
.PIECEWISE_BEZIER_KNOTS.) CURVE() GEOMETRIC_REPRESENTATION_ITEM() 
RATIONAL_B_SPLINE_CURVE((1.,1.,1.,1.)) REPRESENTATION_ITEM('') );
#5407 = CARTESIAN_POINT('',(5.343823238269E-03,-2.032E-02,
    4.516648555139E-03));
#5408 = CARTESIAN_POINT('',(9.807716752468E-03,-5.57630709112E-02,
    4.679791238849E-03));
#5409 = CARTESIAN_POINT('',(7.248671557935E-03,-9.160924192655E-02,
    2.055066011363E-03));
#5410 = CARTESIAN_POINT('',(4.276245623949E-03,-0.127,1.162215096922E-03
    ));
#5411 = PCURVE('',#5342,#5412);
#5412 = DEFINITIONAL_REPRESENTATION('',(#5413),#5417);
#5413 = LINE('',#5414,#5415);
#5414 = CARTESIAN_POINT('',(12.,0.));
#5415 = VECTOR('',#5416,1.);
#5416 = DIRECTION('',(0.,1.));
#5417 = ( GEOMETRIC_REPRESENTATION_CONTEXT(2) 
PARAMETRIC_REPRESENTATION_CONTEXT() REPRESENTATION_CONTEXT('2D SPACE',''
  ) );
#5418 = PCURVE('',#5419,#5428);
#5419 = ( BOUNDED_SURFACE() B_SPLINE_SURFACE(1,3,(
    (#5420,#5421,#5422,#5423)
    ,(#5424,#5425,#5426,#5427
)),.UNSPECIFIED.,.F.,.F.,.F.) B_SPLINE_SURFACE_WITH_KNOTS((2,2),(4,4),(
    12.,13.),(0.,1.),.PIECEWISE_BEZIER_KNOTS.) 
GEOMETRIC_REPRESENTATION_ITEM() RATIONAL_B_SPLINE_SURFACE((
    (1.,1.,1.,1.)
,(1.,1.,1.,1.))) REPRESENTATION_ITEM('') SURFACE() );
#5420 = CARTESIAN_POINT('',(5.343823238269E-03,-2.032E-02,
    4.516648555139E-03));
#5421 = CARTESIAN_POINT('',(9.807716752468E-03,-5.57630709112E-02,
    4.679791238849E-03));
#5422 = CARTESIAN_POINT('',(7.248671557935E-03,-9.160924192655E-02,
    2.055066011363E-03));
#5423 = CARTESIAN_POINT('',(4.276245623949E-03,-0.127,1.162215096922E-03
    ));
#5424 = CARTESIAN_POINT('',(4.44150975621E-03,-2.032E-02,
    4.018887606079E-03));
#5425 = CARTESIAN_POINT('',(8.256037387121E-03,-5.57630709112E-02,
    4.287535232267E-03));
#5426 = CARTESIAN_POINT('',(6.14244322705E-03,-9.160924192655E-02,
    1.967867241951E-03));
#5427 = CARTESIAN_POINT('',(3.625092442561E-03,-0.127,1.118014466629E-03
    ));
#5428 = DEFINITIONAL_REPRESENTATION('',(#5429),#5433);
#5429 = LINE('',#5430,#5431);
#5430 = CARTESIAN_POINT('',(12.,0.));
#5431 = VECTOR('',#5432,1.);
#5432 = DIRECTION('',(0.,1.));
#5433 = ( GEOMETRIC_REPRESENTATION_CONTEXT(2) 
PARAMETRIC_REPRESENTATION_CONTEXT() REPRESENTATION_CONTEXT('2D SPACE',''
  ) );
#5434 = ORIENTED_EDGE('',*,*,#5435,.F.);
#5435 = EDGE_CURVE('',#5326,#5403,#5436,.T.);
#5436 = SURFACE_CURVE('',#5437,(#5440,#5447),.PCURVE_S1.);
#5437 = B_SPLINE_CURVE_WITH_KNOTS('',1,(#5438,#5439),.UNSPECIFIED.,.F.,
  .F.,(2,2),(11.,12.),.PIECEWISE_BEZIER_KNOTS.);
#5438 = CARTESIAN_POINT('',(4.903095843503E-03,-0.127,1.199691249176E-03
    ));
#5439 = CARTESIAN_POINT('',(4.276245623949E-03,-0.127,1.162215096922E-03
    ));
#5440 = PCURVE('',#5342,#5441);
#5441 = DEFINITIONAL_REPRESENTATION('',(#5442),#5446);
#5442 = LINE('',#5443,#5444);
#5443 = CARTESIAN_POINT('',(0.,1.));
#5444 = VECTOR('',#5445,1.);
#5445 = DIRECTION('',(1.,0.));
#5446 = ( GEOMETRIC_REPRESENTATION_CONTEXT(2) 
PARAMETRIC_REPRESENTATION_CONTEXT() REPRESENTATION_CONTEXT('2D SPACE',''
  ) );
#5447 = PCURVE('',#4566,#5448);
#5448 = DEFINITIONAL_REPRESENTATION('',(#5449),#5452);
#5449 = B_SPLINE_CURVE_WITH_KNOTS('',1,(#5450,#5451),.UNSPECIFIED.,.F.,
  .F.,(2,2),(11.,12.),.PIECEWISE_BEZIER_KNOTS.);
#5450 = CARTESIAN_POINT('',(3.377358594707E-03,4.218649278376E-04));
#5451 = CARTESIAN_POINT('',(4.002381671219E-03,4.826252238324E-04));
#5452 = ( GEOMETRIC_REPRESENTATION_CONTEXT(2) 
PARAMETRIC_REPRESENTATION_CONTEXT() REPRESENTATION_CONTEXT('2D SPACE',''
  ) );
#5453 = ORIENTED_EDGE('',*,*,#5325,.F.);
#5454 = ADVANCED_FACE('',(#5455),#5419,.T.);
#5455 = FACE_BOUND('',#5456,.T.);
#5456 = EDGE_LOOP('',(#5457,#5478,#5511,#5530));
#5457 = ORIENTED_EDGE('',*,*,#5458,.T.);
#5458 = EDGE_CURVE('',#5382,#5459,#5461,.T.);
#5459 = VERTEX_POINT('',#5460);
#5460 = CARTESIAN_POINT('',(4.44150975621E-03,-2.032E-02,
    4.018887606079E-03));
#5461 = SURFACE_CURVE('',#5462,(#5465,#5472),.PCURVE_S1.);
#5462 = B_SPLINE_CURVE_WITH_KNOTS('',1,(#5463,#5464),.UNSPECIFIED.,.F.,
  .F.,(2,2),(12.,13.),.PIECEWISE_BEZIER_KNOTS.);
#5463 = CARTESIAN_POINT('',(5.343823238269E-03,-2.032E-02,
    4.516648555139E-03));
#5464 = CARTESIAN_POINT('',(4.44150975621E-03,-2.032E-02,
    4.018887606079E-03));
#5465 = PCURVE('',#5419,#5466);
#5466 = DEFINITIONAL_REPRESENTATION('',(#5467),#5471);
#5467 = LINE('',#5468,#5469);
#5468 = CARTESIAN_POINT('',(0.,0.));
#5469 = VECTOR('',#5470,1.);
#5470 = DIRECTION('',(1.,0.));
#5471 = ( GEOMETRIC_REPRESENTATION_CONTEXT(2) 
PARAMETRIC_REPRESENTATION_CONTEXT() REPRESENTATION_CONTEXT('2D SPACE',''
  ) );
#5472 = PCURVE('',#4507,#5473);
#5473 = DEFINITIONAL_REPRESENTATION('',(#5474),#5477);
#5474 = B_SPLINE_CURVE_WITH_KNOTS('',1,(#5475,#5476),.UNSPECIFIED.,.F.,
  .F.,(2,2),(12.,13.),.PIECEWISE_BEZIER_KNOTS.);
#5475 = CARTESIAN_POINT('',(6.319550007188E-03,7.620398271038E-04));
#5476 = CARTESIAN_POINT('',(7.345988112822E-03,8.53475037044E-04));
#5477 = ( GEOMETRIC_REPRESENTATION_CONTEXT(2) 
PARAMETRIC_REPRESENTATION_CONTEXT() REPRESENTATION_CONTEXT('2D SPACE',''
  ) );
#5478 = ORIENTED_EDGE('',*,*,#5479,.T.);
#5479 = EDGE_CURVE('',#5459,#5480,#5482,.T.);
#5480 = VERTEX_POINT('',#5481);
#5481 = CARTESIAN_POINT('',(3.625092442561E-03,-0.127,1.118014466629E-03
    ));
#5482 = SURFACE_CURVE('',#5483,(#5488,#5495),.PCURVE_S1.);
#5483 = ( BOUNDED_CURVE() B_SPLINE_CURVE(3,(#5484,#5485,#5486,#5487),
.UNSPECIFIED.,.F.,.F.) B_SPLINE_CURVE_WITH_KNOTS((4,4),(0.,1.),
.PIECEWISE_BEZIER_KNOTS.) CURVE() GEOMETRIC_REPRESENTATION_ITEM() 
RATIONAL_B_SPLINE_CURVE((1.,1.,1.,1.)) REPRESENTATION_ITEM('') );
#5484 = CARTESIAN_POINT('',(4.44150975621E-03,-2.032E-02,
    4.018887606079E-03));
#5485 = CARTESIAN_POINT('',(8.256037387121E-03,-5.57630709112E-02,
    4.287535232267E-03));
#5486 = CARTESIAN_POINT('',(6.14244322705E-03,-9.160924192655E-02,
    1.967867241951E-03));
#5487 = CARTESIAN_POINT('',(3.625092442561E-03,-0.127,1.118014466629E-03
    ));
#5488 = PCURVE('',#5419,#5489);
#5489 = DEFINITIONAL_REPRESENTATION('',(#5490),#5494);
#5490 = LINE('',#5491,#5492);
#5491 = CARTESIAN_POINT('',(13.,0.));
#5492 = VECTOR('',#5493,1.);
#5493 = DIRECTION('',(0.,1.));
#5494 = ( GEOMETRIC_REPRESENTATION_CONTEXT(2) 
PARAMETRIC_REPRESENTATION_CONTEXT() REPRESENTATION_CONTEXT('2D SPACE',''
  ) );
#5495 = PCURVE('',#5496,#5505);
#5496 = ( BOUNDED_SURFACE() B_SPLINE_SURFACE(1,3,(
    (#5497,#5498,#5499,#5500)
    ,(#5501,#5502,#5503,#5504
)),.UNSPECIFIED.,.F.,.F.,.F.) B_SPLINE_SURFACE_WITH_KNOTS((2,2),(4,4),(
    13.,14.),(0.,1.),.PIECEWISE_BEZIER_KNOTS.) 
GEOMETRIC_REPRESENTATION_ITEM() RATIONAL_B_SPLINE_SURFACE((
    (1.,1.,1.,1.)
,(1.,1.,1.,1.))) REPRESENTATION_ITEM('') SURFACE() );
#5497 = CARTESIAN_POINT('',(4.44150975621E-03,-2.032E-02,
    4.018887606079E-03));
#5498 = CARTESIAN_POINT('',(8.256037387121E-03,-5.57630709112E-02,
    4.287535232267E-03));
#5499 = CARTESIAN_POINT('',(6.14244322705E-03,-9.160924192655E-02,
    1.967867241951E-03));
#5500 = CARTESIAN_POINT('',(3.625092442561E-03,-0.127,1.118014466629E-03
    ));
#5501 = CARTESIAN_POINT('',(3.521194782034E-03,-2.032E-02,
    3.500149676694E-03));
#5502 = CARTESIAN_POINT('',(6.669048871646E-03,-5.57630709112E-02,
    3.870858417078E-03));
#5503 = CARTESIAN_POINT('',(5.009235840588E-03,-9.160924192655E-02,
    1.868094220011E-03));
#5504 = CARTESIAN_POINT('',(2.957991834457E-03,-0.127,1.066591403507E-03
    ));
#5505 = DEFINITIONAL_REPRESENTATION('',(#5506),#5510);
#5506 = LINE('',#5507,#5508);
#5507 = CARTESIAN_POINT('',(13.,0.));
#5508 = VECTOR('',#5509,1.);
#5509 = DIRECTION('',(0.,1.));
#5510 = ( GEOMETRIC_REPRESENTATION_CONTEXT(2) 
PARAMETRIC_REPRESENTATION_CONTEXT() REPRESENTATION_CONTEXT('2D SPACE',''
  ) );
#5511 = ORIENTED_EDGE('',*,*,#5512,.F.);
#5512 = EDGE_CURVE('',#5403,#5480,#5513,.T.);
#5513 = SURFACE_CURVE('',#5514,(#5517,#5524),.PCURVE_S1.);
#5514 = B_SPLINE_CURVE_WITH_KNOTS('',1,(#5515,#5516),.UNSPECIFIED.,.F.,
  .F.,(2,2),(12.,13.),.PIECEWISE_BEZIER_KNOTS.);
#5515 = CARTESIAN_POINT('',(4.276245623949E-03,-0.127,1.162215096922E-03
    ));
#5516 = CARTESIAN_POINT('',(3.625092442561E-03,-0.127,1.118014466629E-03
    ));
#5517 = PCURVE('',#5419,#5518);
#5518 = DEFINITIONAL_REPRESENTATION('',(#5519),#5523);
#5519 = LINE('',#5520,#5521);
#5520 = CARTESIAN_POINT('',(0.,1.));
#5521 = VECTOR('',#5522,1.);
#5522 = DIRECTION('',(1.,0.));
#5523 = ( GEOMETRIC_REPRESENTATION_CONTEXT(2) 
PARAMETRIC_REPRESENTATION_CONTEXT() REPRESENTATION_CONTEXT('2D SPACE',''
  ) );
#5524 = PCURVE('',#4566,#5525);
#5525 = DEFINITIONAL_REPRESENTATION('',(#5526),#5529);
#5526 = B_SPLINE_CURVE_WITH_KNOTS('',1,(#5527,#5528),.UNSPECIFIED.,.F.,
  .F.,(2,2),(12.,13.),.PIECEWISE_BEZIER_KNOTS.);
#5527 = CARTESIAN_POINT('',(4.002381671219E-03,4.826252238324E-04));
#5528 = CARTESIAN_POINT('',(4.652459138121E-03,5.405341901279E-04));
#5529 = ( GEOMETRIC_REPRESENTATION_CONTEXT(2) 
PARAMETRIC_REPRESENTATION_CONTEXT() REPRESENTATION_CONTEXT('2D SPACE',''
  ) );
#5530 = ORIENTED_EDGE('',*,*,#5402,.F.);
#5531 = ADVANCED_FACE('',(#5532),#5496,.T.);
#5532 = FACE_BOUND('',#5533,.T.);
#5533 = EDGE_LOOP('',(#5534,#5555,#5588,#5607));
#5534 = ORIENTED_EDGE('',*,*,#5535,.T.);
#5535 = EDGE_CURVE('',#5459,#5536,#5538,.T.);
#5536 = VERTEX_POINT('',#5537);
#5537 = CARTESIAN_POINT('',(3.521194782034E-03,-2.032E-02,
    3.500149676694E-03));
#5538 = SURFACE_CURVE('',#5539,(#5542,#5549),.PCURVE_S1.);
#5539 = B_SPLINE_CURVE_WITH_KNOTS('',1,(#5540,#5541),.UNSPECIFIED.,.F.,
  .F.,(2,2),(13.,14.),.PIECEWISE_BEZIER_KNOTS.);
#5540 = CARTESIAN_POINT('',(4.44150975621E-03,-2.032E-02,
    4.018887606079E-03));
#5541 = CARTESIAN_POINT('',(3.521194782034E-03,-2.032E-02,
    3.500149676694E-03));
#5542 = PCURVE('',#5496,#5543);
#5543 = DEFINITIONAL_REPRESENTATION('',(#5544),#5548);
#5544 = LINE('',#5545,#5546);
#5545 = CARTESIAN_POINT('',(0.,0.));
#5546 = VECTOR('',#5547,1.);
#5547 = DIRECTION('',(1.,0.));
#5548 = ( GEOMETRIC_REPRESENTATION_CONTEXT(2) 
PARAMETRIC_REPRESENTATION_CONTEXT() REPRESENTATION_CONTEXT('2D SPACE',''
  ) );
#5549 = PCURVE('',#4507,#5550);
#5550 = DEFINITIONAL_REPRESENTATION('',(#5551),#5554);
#5551 = B_SPLINE_CURVE_WITH_KNOTS('',1,(#5552,#5553),.UNSPECIFIED.,.F.,
  .F.,(2,2),(13.,14.),.PIECEWISE_BEZIER_KNOTS.);
#5552 = CARTESIAN_POINT('',(7.345988112822E-03,8.53475037044E-04));
#5553 = CARTESIAN_POINT('',(8.399076956822E-03,9.375736560498E-04));
#5554 = ( GEOMETRIC_REPRESENTATION_CONTEXT(2) 
PARAMETRIC_REPRESENTATION_CONTEXT() REPRESENTATION_CONTEXT('2D SPACE',''
  ) );
#5555 = ORIENTED_EDGE('',*,*,#5556,.T.);
#5556 = EDGE_CURVE('',#5536,#5557,#5559,.T.);
#5557 = VERTEX_POINT('',#5558);
#5558 = CARTESIAN_POINT('',(2.957991834457E-03,-0.127,1.066591403507E-03
    ));
#5559 = SURFACE_CURVE('',#5560,(#5565,#5572),.PCURVE_S1.);
#5560 = ( BOUNDED_CURVE() B_SPLINE_CURVE(3,(#5561,#5562,#5563,#5564),
.UNSPECIFIED.,.F.,.F.) B_SPLINE_CURVE_WITH_KNOTS((4,4),(0.,1.),
.PIECEWISE_BEZIER_KNOTS.) CURVE() GEOMETRIC_REPRESENTATION_ITEM() 
RATIONAL_B_SPLINE_CURVE((1.,1.,1.,1.)) REPRESENTATION_ITEM('') );
#5561 = CARTESIAN_POINT('',(3.521194782034E-03,-2.032E-02,
    3.500149676694E-03));
#5562 = CARTESIAN_POINT('',(6.669048871646E-03,-5.57630709112E-02,
    3.870858417078E-03));
#5563 = CARTESIAN_POINT('',(5.009235840588E-03,-9.160924192655E-02,
    1.868094220011E-03));
#5564 = CARTESIAN_POINT('',(2.957991834457E-03,-0.127,1.066591403507E-03
    ));
#5565 = PCURVE('',#5496,#5566);
#5566 = DEFINITIONAL_REPRESENTATION('',(#5567),#5571);
#5567 = LINE('',#5568,#5569);
#5568 = CARTESIAN_POINT('',(14.,0.));
#5569 = VECTOR('',#5570,1.);
#5570 = DIRECTION('',(0.,1.));
#5571 = ( GEOMETRIC_REPRESENTATION_CONTEXT(2) 
PARAMETRIC_REPRESENTATION_CONTEXT() REPRESENTATION_CONTEXT('2D SPACE',''
  ) );
#5572 = PCURVE('',#5573,#5582);
#5573 = ( BOUNDED_SURFACE() B_SPLINE_SURFACE(1,3,(
    (#5574,#5575,#5576,#5577)
    ,(#5578,#5579,#5580,#5581
)),.UNSPECIFIED.,.F.,.F.,.F.) B_SPLINE_SURFACE_WITH_KNOTS((2,2),(4,4),(
    14.,15.),(0.,1.),.PIECEWISE_BEZIER_KNOTS.) 
GEOMETRIC_REPRESENTATION_ITEM() RATIONAL_B_SPLINE_SURFACE((
    (1.,1.,1.,1.)
,(1.,1.,1.,1.))) REPRESENTATION_ITEM('') SURFACE() );
#5574 = CARTESIAN_POINT('',(3.521194782034E-03,-2.032E-02,
    3.500149676694E-03));
#5575 = CARTESIAN_POINT('',(6.669048871646E-03,-5.57630709112E-02,
    3.870858417078E-03));
#5576 = CARTESIAN_POINT('',(5.009235840588E-03,-9.160924192655E-02,
    1.868094220011E-03));
#5577 = CARTESIAN_POINT('',(2.957991834457E-03,-0.127,1.066591403507E-03
    ));
#5578 = CARTESIAN_POINT('',(2.59551940367E-03,-2.032E-02,
    2.965375425492E-03));
#5579 = CARTESIAN_POINT('',(5.0676887085E-03,-5.57630709112E-02,
    3.432202283381E-03));
#5580 = CARTESIAN_POINT('',(3.863643824641E-03,-9.160924192655E-02,
    1.754974761961E-03));
#5581 = CARTESIAN_POINT('',(2.283522127965E-03,-0.127,1.007398329247E-03
    ));
#5582 = DEFINITIONAL_REPRESENTATION('',(#5583),#5587);
#5583 = LINE('',#5584,#5585);
#5584 = CARTESIAN_POINT('',(14.,0.));
#5585 = VECTOR('',#5586,1.);
#5586 = DIRECTION('',(0.,1.));
#5587 = ( GEOMETRIC_REPRESENTATION_CONTEXT(2) 
PARAMETRIC_REPRESENTATION_CONTEXT() REPRESENTATION_CONTEXT('2D SPACE',''
  ) );
#5588 = ORIENTED_EDGE('',*,*,#5589,.F.);
#5589 = EDGE_CURVE('',#5480,#5557,#5590,.T.);
#5590 = SURFACE_CURVE('',#5591,(#5594,#5601),.PCURVE_S1.);
#5591 = B_SPLINE_CURVE_WITH_KNOTS('',1,(#5592,#5593),.UNSPECIFIED.,.F.,
  .F.,(2,2),(13.,14.),.PIECEWISE_BEZIER_KNOTS.);
#5592 = CARTESIAN_POINT('',(3.625092442561E-03,-0.127,1.118014466629E-03
    ));
#5593 = CARTESIAN_POINT('',(2.957991834457E-03,-0.127,1.066591403507E-03
    ));
#5594 = PCURVE('',#5496,#5595);
#5595 = DEFINITIONAL_REPRESENTATION('',(#5596),#5600);
#5596 = LINE('',#5597,#5598);
#5597 = CARTESIAN_POINT('',(0.,1.));
#5598 = VECTOR('',#5599,1.);
#5599 = DIRECTION('',(1.,0.));
#5600 = ( GEOMETRIC_REPRESENTATION_CONTEXT(2) 
PARAMETRIC_REPRESENTATION_CONTEXT() REPRESENTATION_CONTEXT('2D SPACE',''
  ) );
#5601 = PCURVE('',#4566,#5602);
#5602 = DEFINITIONAL_REPRESENTATION('',(#5603),#5606);
#5603 = B_SPLINE_CURVE_WITH_KNOTS('',1,(#5604,#5605),.UNSPECIFIED.,.F.,
  .F.,(2,2),(13.,14.),.PIECEWISE_BEZIER_KNOTS.);
#5604 = CARTESIAN_POINT('',(4.652459138121E-03,5.405341901279E-04));
#5605 = CARTESIAN_POINT('',(5.319415405987E-03,5.937966488316E-04));
#5606 = ( GEOMETRIC_REPRESENTATION_CONTEXT(2) 
PARAMETRIC_REPRESENTATION_CONTEXT() REPRESENTATION_CONTEXT('2D SPACE',''
  ) );
#5607 = ORIENTED_EDGE('',*,*,#5479,.F.);
#5608 = ADVANCED_FACE('',(#5609),#5573,.T.);
#5609 = FACE_BOUND('',#5610,.T.);
#5610 = EDGE_LOOP('',(#5611,#5632,#5665,#5684));
#5611 = ORIENTED_EDGE('',*,*,#5612,.T.);
#5612 = EDGE_CURVE('',#5536,#5613,#5615,.T.);
#5613 = VERTEX_POINT('',#5614);
#5614 = CARTESIAN_POINT('',(2.59551940367E-03,-2.032E-02,
    2.965375425492E-03));
#5615 = SURFACE_CURVE('',#5616,(#5619,#5626),.PCURVE_S1.);
#5616 = B_SPLINE_CURVE_WITH_KNOTS('',1,(#5617,#5618),.UNSPECIFIED.,.F.,
  .F.,(2,2),(14.,15.),.PIECEWISE_BEZIER_KNOTS.);
#5617 = CARTESIAN_POINT('',(3.521194782034E-03,-2.032E-02,
    3.500149676694E-03));
#5618 = CARTESIAN_POINT('',(2.59551940367E-03,-2.032E-02,
    2.965375425492E-03));
#5619 = PCURVE('',#5573,#5620);
#5620 = DEFINITIONAL_REPRESENTATION('',(#5621),#5625);
#5621 = LINE('',#5622,#5623);
#5622 = CARTESIAN_POINT('',(0.,0.));
#5623 = VECTOR('',#5624,1.);
#5624 = DIRECTION('',(1.,0.));
#5625 = ( GEOMETRIC_REPRESENTATION_CONTEXT(2) 
PARAMETRIC_REPRESENTATION_CONTEXT() REPRESENTATION_CONTEXT('2D SPACE',''
  ) );
#5626 = PCURVE('',#4507,#5627);
#5627 = DEFINITIONAL_REPRESENTATION('',(#5628),#5631);
#5628 = B_SPLINE_CURVE_WITH_KNOTS('',1,(#5629,#5630),.UNSPECIFIED.,.F.,
  .F.,(2,2),(14.,15.),.PIECEWISE_BEZIER_KNOTS.);
#5629 = CARTESIAN_POINT('',(8.399076956822E-03,9.375736560498E-04));
#5630 = CARTESIAN_POINT('',(9.465572462566E-03,1.011368927475E-03));
#5631 = ( GEOMETRIC_REPRESENTATION_CONTEXT(2) 
PARAMETRIC_REPRESENTATION_CONTEXT() REPRESENTATION_CONTEXT('2D SPACE',''
  ) );
#5632 = ORIENTED_EDGE('',*,*,#5633,.T.);
#5633 = EDGE_CURVE('',#5613,#5634,#5636,.T.);
#5634 = VERTEX_POINT('',#5635);
#5635 = CARTESIAN_POINT('',(2.283522127965E-03,-0.127,1.007398329247E-03
    ));
#5636 = SURFACE_CURVE('',#5637,(#5642,#5649),.PCURVE_S1.);
#5637 = ( BOUNDED_CURVE() B_SPLINE_CURVE(3,(#5638,#5639,#5640,#5641),
.UNSPECIFIED.,.F.,.F.) B_SPLINE_CURVE_WITH_KNOTS((4,4),(0.,1.),
.PIECEWISE_BEZIER_KNOTS.) CURVE() GEOMETRIC_REPRESENTATION_ITEM() 
RATIONAL_B_SPLINE_CURVE((1.,1.,1.,1.)) REPRESENTATION_ITEM('') );
#5638 = CARTESIAN_POINT('',(2.59551940367E-03,-2.032E-02,
    2.965375425492E-03));
#5639 = CARTESIAN_POINT('',(5.0676887085E-03,-5.57630709112E-02,
    3.432202283381E-03));
#5640 = CARTESIAN_POINT('',(3.863643824641E-03,-9.160924192655E-02,
    1.754974761961E-03));
#5641 = CARTESIAN_POINT('',(2.283522127965E-03,-0.127,1.007398329247E-03
    ));
#5642 = PCURVE('',#5573,#5643);
#5643 = DEFINITIONAL_REPRESENTATION('',(#5644),#5648);
#5644 = LINE('',#5645,#5646);
#5645 = CARTESIAN_POINT('',(15.,0.));
#5646 = VECTOR('',#5647,1.);
#5647 = DIRECTION('',(0.,1.));
#5648 = ( GEOMETRIC_REPRESENTATION_CONTEXT(2) 
PARAMETRIC_REPRESENTATION_CONTEXT() REPRESENTATION_CONTEXT('2D SPACE',''
  ) );
#5649 = PCURVE('',#5650,#5659);
#5650 = ( BOUNDED_SURFACE() B_SPLINE_SURFACE(1,3,(
    (#5651,#5652,#5653,#5654)
    ,(#5655,#5656,#5657,#5658
)),.UNSPECIFIED.,.F.,.F.,.F.) B_SPLINE_SURFACE_WITH_KNOTS((2,2),(4,4),(
    15.,16.),(0.,1.),.PIECEWISE_BEZIER_KNOTS.) 
GEOMETRIC_REPRESENTATION_ITEM() RATIONAL_B_SPLINE_SURFACE((
    (1.,1.,1.,1.)
,(1.,1.,1.,1.))) REPRESENTATION_ITEM('') SURFACE() );
#5651 = CARTESIAN_POINT('',(2.59551940367E-03,-2.032E-02,
    2.965375425492E-03));
#5652 = CARTESIAN_POINT('',(5.0676887085E-03,-5.57630709112E-02,
    3.432202283381E-03));
#5653 = CARTESIAN_POINT('',(3.863643824641E-03,-9.160924192655E-02,
    1.754974761961E-03));
#5654 = CARTESIAN_POINT('',(2.283522127965E-03,-0.127,1.007398329247E-03
    ));
#5655 = CARTESIAN_POINT('',(1.677306017774E-03,-2.032E-02,
    2.419538315509E-03));
#5656 = CARTESIAN_POINT('',(3.473179706868E-03,-5.57630709112E-02,
    2.973986163789E-03));
#5657 = CARTESIAN_POINT('',(2.720454016071E-03,-9.160924192655E-02,
    1.627688280452E-03));
#5658 = CARTESIAN_POINT('',(1.610374502103E-03,-0.127,9.398579664024E-04
    ));
#5659 = DEFINITIONAL_REPRESENTATION('',(#5660),#5664);
#5660 = LINE('',#5661,#5662);
#5661 = CARTESIAN_POINT('',(15.,0.));
#5662 = VECTOR('',#5663,1.);
#5663 = DIRECTION('',(0.,1.));
#5664 = ( GEOMETRIC_REPRESENTATION_CONTEXT(2) 
PARAMETRIC_REPRESENTATION_CONTEXT() REPRESENTATION_CONTEXT('2D SPACE',''
  ) );
#5665 = ORIENTED_EDGE('',*,*,#5666,.F.);
#5666 = EDGE_CURVE('',#5557,#5634,#5667,.T.);
#5667 = SURFACE_CURVE('',#5668,(#5671,#5678),.PCURVE_S1.);
#5668 = B_SPLINE_CURVE_WITH_KNOTS('',1,(#5669,#5670),.UNSPECIFIED.,.F.,
  .F.,(2,2),(14.,15.),.PIECEWISE_BEZIER_KNOTS.);
#5669 = CARTESIAN_POINT('',(2.957991834457E-03,-0.127,1.066591403507E-03
    ));
#5670 = CARTESIAN_POINT('',(2.283522127965E-03,-0.127,1.007398329247E-03
    ));
#5671 = PCURVE('',#5573,#5672);
#5672 = DEFINITIONAL_REPRESENTATION('',(#5673),#5677);
#5673 = LINE('',#5674,#5675);
#5674 = CARTESIAN_POINT('',(0.,1.));
#5675 = VECTOR('',#5676,1.);
#5676 = DIRECTION('',(1.,0.));
#5677 = ( GEOMETRIC_REPRESENTATION_CONTEXT(2) 
PARAMETRIC_REPRESENTATION_CONTEXT() REPRESENTATION_CONTEXT('2D SPACE',''
  ) );
#5678 = PCURVE('',#4566,#5679);
#5679 = DEFINITIONAL_REPRESENTATION('',(#5680),#5683);
#5680 = B_SPLINE_CURVE_WITH_KNOTS('',1,(#5681,#5682),.UNSPECIFIED.,.F.,
  .F.,(2,2),(14.,15.),.PIECEWISE_BEZIER_KNOTS.);
#5681 = CARTESIAN_POINT('',(5.319415405987E-03,5.937966488316E-04));
#5682 = CARTESIAN_POINT('',(5.994862559625E-03,6.405336540678E-04));
#5683 = ( GEOMETRIC_REPRESENTATION_CONTEXT(2) 
PARAMETRIC_REPRESENTATION_CONTEXT() REPRESENTATION_CONTEXT('2D SPACE',''
  ) );
#5684 = ORIENTED_EDGE('',*,*,#5556,.F.);
#5685 = ADVANCED_FACE('',(#5686),#5650,.T.);
#5686 = FACE_BOUND('',#5687,.T.);
#5687 = EDGE_LOOP('',(#5688,#5709,#5742,#5761));
#5688 = ORIENTED_EDGE('',*,*,#5689,.T.);
#5689 = EDGE_CURVE('',#5613,#5690,#5692,.T.);
#5690 = VERTEX_POINT('',#5691);
#5691 = CARTESIAN_POINT('',(1.677306017774E-03,-2.032E-02,
    2.419538315509E-03));
#5692 = SURFACE_CURVE('',#5693,(#5696,#5703),.PCURVE_S1.);
#5693 = B_SPLINE_CURVE_WITH_KNOTS('',1,(#5694,#5695),.UNSPECIFIED.,.F.,
  .F.,(2,2),(15.,16.),.PIECEWISE_BEZIER_KNOTS.);
#5694 = CARTESIAN_POINT('',(2.59551940367E-03,-2.032E-02,
    2.965375425492E-03));
#5695 = CARTESIAN_POINT('',(1.677306017774E-03,-2.032E-02,
    2.419538315509E-03));
#5696 = PCURVE('',#5650,#5697);
#5697 = DEFINITIONAL_REPRESENTATION('',(#5698),#5702);
#5698 = LINE('',#5699,#5700);
#5699 = CARTESIAN_POINT('',(0.,0.));
#5700 = VECTOR('',#5701,1.);
#5701 = DIRECTION('',(1.,0.));
#5702 = ( GEOMETRIC_REPRESENTATION_CONTEXT(2) 
PARAMETRIC_REPRESENTATION_CONTEXT() REPRESENTATION_CONTEXT('2D SPACE',''
  ) );
#5703 = PCURVE('',#4507,#5704);
#5704 = DEFINITIONAL_REPRESENTATION('',(#5705),#5708);
#5705 = B_SPLINE_CURVE_WITH_KNOTS('',1,(#5706,#5707),.UNSPECIFIED.,.F.,
  .F.,(2,2),(15.,16.),.PIECEWISE_BEZIER_KNOTS.);
#5706 = CARTESIAN_POINT('',(9.465572462566E-03,1.011368927475E-03));
#5707 = CARTESIAN_POINT('',(1.053206186371E-02,1.071819981475E-03));
#5708 = ( GEOMETRIC_REPRESENTATION_CONTEXT(2) 
PARAMETRIC_REPRESENTATION_CONTEXT() REPRESENTATION_CONTEXT('2D SPACE',''
  ) );
#5709 = ORIENTED_EDGE('',*,*,#5710,.T.);
#5710 = EDGE_CURVE('',#5690,#5711,#5713,.T.);
#5711 = VERTEX_POINT('',#5712);
#5712 = CARTESIAN_POINT('',(1.610374502103E-03,-0.127,9.398579664024E-04
    ));
#5713 = SURFACE_CURVE('',#5714,(#5719,#5726),.PCURVE_S1.);
#5714 = ( BOUNDED_CURVE() B_SPLINE_CURVE(3,(#5715,#5716,#5717,#5718),
.UNSPECIFIED.,.F.,.F.) B_SPLINE_CURVE_WITH_KNOTS((4,4),(0.,1.),
.PIECEWISE_BEZIER_KNOTS.) CURVE() GEOMETRIC_REPRESENTATION_ITEM() 
RATIONAL_B_SPLINE_CURVE((1.,1.,1.,1.)) REPRESENTATION_ITEM('') );
#5715 = CARTESIAN_POINT('',(1.677306017774E-03,-2.032E-02,
    2.419538315509E-03));
#5716 = CARTESIAN_POINT('',(3.473179706868E-03,-5.57630709112E-02,
    2.973986163789E-03));
#5717 = CARTESIAN_POINT('',(2.720454016071E-03,-9.160924192655E-02,
    1.627688280452E-03));
#5718 = CARTESIAN_POINT('',(1.610374502103E-03,-0.127,9.398579664024E-04
    ));
#5719 = PCURVE('',#5650,#5720);
#5720 = DEFINITIONAL_REPRESENTATION('',(#5721),#5725);
#5721 = LINE('',#5722,#5723);
#5722 = CARTESIAN_POINT('',(16.,0.));
#5723 = VECTOR('',#5724,1.);
#5724 = DIRECTION('',(0.,1.));
#5725 = ( GEOMETRIC_REPRESENTATION_CONTEXT(2) 
PARAMETRIC_REPRESENTATION_CONTEXT() REPRESENTATION_CONTEXT('2D SPACE',''
  ) );
#5726 = PCURVE('',#5727,#5736);
#5727 = ( BOUNDED_SURFACE() B_SPLINE_SURFACE(1,3,(
    (#5728,#5729,#5730,#5731)
    ,(#5732,#5733,#5734,#5735
)),.UNSPECIFIED.,.F.,.F.,.F.) B_SPLINE_SURFACE_WITH_KNOTS((2,2),(4,4),(
    16.,17.),(0.,1.),.PIECEWISE_BEZIER_KNOTS.) 
GEOMETRIC_REPRESENTATION_ITEM() RATIONAL_B_SPLINE_SURFACE((
    (1.,1.,1.,1.)
,(1.,1.,1.,1.))) REPRESENTATION_ITEM('') SURFACE() );
#5728 = CARTESIAN_POINT('',(1.677306017774E-03,-2.032E-02,
    2.419538315509E-03));
#5729 = CARTESIAN_POINT('',(3.473179706868E-03,-5.57630709112E-02,
    2.973986163789E-03));
#5730 = CARTESIAN_POINT('',(2.720454016071E-03,-9.160924192655E-02,
    1.627688280452E-03));
#5731 = CARTESIAN_POINT('',(1.610374502103E-03,-0.127,9.398579664024E-04
    ));
#5732 = CARTESIAN_POINT('',(7.793528264649E-04,-2.032E-02,
    1.86764767966E-03));
#5733 = CARTESIAN_POINT('',(1.906722461934E-03,-5.57630709112E-02,
    2.49869281162E-03));
#5734 = CARTESIAN_POINT('',(1.594445462896E-03,-9.160924192655E-02,
    1.485460122865E-03));
#5735 = CARTESIAN_POINT('',(9.472358492177E-04,-0.127,8.634201025188E-04
    ));
#5736 = DEFINITIONAL_REPRESENTATION('',(#5737),#5741);
#5737 = LINE('',#5738,#5739);
#5738 = CARTESIAN_POINT('',(16.,0.));
#5739 = VECTOR('',#5740,1.);
#5740 = DIRECTION('',(0.,1.));
#5741 = ( GEOMETRIC_REPRESENTATION_CONTEXT(2) 
PARAMETRIC_REPRESENTATION_CONTEXT() REPRESENTATION_CONTEXT('2D SPACE',''
  ) );
#5742 = ORIENTED_EDGE('',*,*,#5743,.F.);
#5743 = EDGE_CURVE('',#5634,#5711,#5744,.T.);
#5744 = SURFACE_CURVE('',#5745,(#5748,#5755),.PCURVE_S1.);
#5745 = B_SPLINE_CURVE_WITH_KNOTS('',1,(#5746,#5747),.UNSPECIFIED.,.F.,
  .F.,(2,2),(15.,16.),.PIECEWISE_BEZIER_KNOTS.);
#5746 = CARTESIAN_POINT('',(2.283522127965E-03,-0.127,1.007398329247E-03
    ));
#5747 = CARTESIAN_POINT('',(1.610374502103E-03,-0.127,9.398579664024E-04
    ));
#5748 = PCURVE('',#5650,#5749);
#5749 = DEFINITIONAL_REPRESENTATION('',(#5750),#5754);
#5750 = LINE('',#5751,#5752);
#5751 = CARTESIAN_POINT('',(0.,1.));
#5752 = VECTOR('',#5753,1.);
#5753 = DIRECTION('',(1.,0.));
#5754 = ( GEOMETRIC_REPRESENTATION_CONTEXT(2) 
PARAMETRIC_REPRESENTATION_CONTEXT() REPRESENTATION_CONTEXT('2D SPACE',''
  ) );
#5755 = PCURVE('',#4566,#5756);
#5756 = DEFINITIONAL_REPRESENTATION('',(#5757),#5760);
#5757 = B_SPLINE_CURVE_WITH_KNOTS('',1,(#5758,#5759),.UNSPECIFIED.,.F.,
  .F.,(2,2),(15.,16.),.PIECEWISE_BEZIER_KNOTS.);
#5758 = CARTESIAN_POINT('',(5.994862559625E-03,6.405336540678E-04));
#5759 = CARTESIAN_POINT('',(6.670305847014E-03,6.78819321601E-04));
#5760 = ( GEOMETRIC_REPRESENTATION_CONTEXT(2) 
PARAMETRIC_REPRESENTATION_CONTEXT() REPRESENTATION_CONTEXT('2D SPACE',''
  ) );
#5761 = ORIENTED_EDGE('',*,*,#5633,.F.);
#5762 = ADVANCED_FACE('',(#5763),#5727,.T.);
#5763 = FACE_BOUND('',#5764,.T.);
#5764 = EDGE_LOOP('',(#5765,#5786,#5819,#5838));
#5765 = ORIENTED_EDGE('',*,*,#5766,.T.);
#5766 = EDGE_CURVE('',#5690,#5767,#5769,.T.);
#5767 = VERTEX_POINT('',#5768);
#5768 = CARTESIAN_POINT('',(7.793528264649E-04,-2.032E-02,
    1.86764767966E-03));
#5769 = SURFACE_CURVE('',#5770,(#5773,#5780),.PCURVE_S1.);
#5770 = B_SPLINE_CURVE_WITH_KNOTS('',1,(#5771,#5772),.UNSPECIFIED.,.F.,
  .F.,(2,2),(16.,17.),.PIECEWISE_BEZIER_KNOTS.);
#5771 = CARTESIAN_POINT('',(1.677306017774E-03,-2.032E-02,
    2.419538315509E-03));
#5772 = CARTESIAN_POINT('',(7.793528264649E-04,-2.032E-02,
    1.86764767966E-03));
#5773 = PCURVE('',#5727,#5774);
#5774 = DEFINITIONAL_REPRESENTATION('',(#5775),#5779);
#5775 = LINE('',#5776,#5777);
#5776 = CARTESIAN_POINT('',(0.,0.));
#5777 = VECTOR('',#5778,1.);
#5778 = DIRECTION('',(1.,0.));
#5779 = ( GEOMETRIC_REPRESENTATION_CONTEXT(2) 
PARAMETRIC_REPRESENTATION_CONTEXT() REPRESENTATION_CONTEXT('2D SPACE',''
  ) );
#5780 = PCURVE('',#4507,#5781);
#5781 = DEFINITIONAL_REPRESENTATION('',(#5782),#5785);
#5782 = B_SPLINE_CURVE_WITH_KNOTS('',1,(#5783,#5784),.UNSPECIFIED.,.F.,
  .F.,(2,2),(16.,17.),.PIECEWISE_BEZIER_KNOTS.);
#5783 = CARTESIAN_POINT('',(1.053206186371E-02,1.071819981475E-03));
#5784 = CARTESIAN_POINT('',(1.158513241368E-02,1.115929215087E-03));
#5785 = ( GEOMETRIC_REPRESENTATION_CONTEXT(2) 
PARAMETRIC_REPRESENTATION_CONTEXT() REPRESENTATION_CONTEXT('2D SPACE',''
  ) );
#5786 = ORIENTED_EDGE('',*,*,#5787,.T.);
#5787 = EDGE_CURVE('',#5767,#5788,#5790,.T.);
#5788 = VERTEX_POINT('',#5789);
#5789 = CARTESIAN_POINT('',(9.472358492177E-04,-0.127,8.634201025188E-04
    ));
#5790 = SURFACE_CURVE('',#5791,(#5796,#5803),.PCURVE_S1.);
#5791 = ( BOUNDED_CURVE() B_SPLINE_CURVE(3,(#5792,#5793,#5794,#5795),
.UNSPECIFIED.,.F.,.F.) B_SPLINE_CURVE_WITH_KNOTS((4,4),(0.,1.),
.PIECEWISE_BEZIER_KNOTS.) CURVE() GEOMETRIC_REPRESENTATION_ITEM() 
RATIONAL_B_SPLINE_CURVE((1.,1.,1.,1.)) REPRESENTATION_ITEM('') );
#5792 = CARTESIAN_POINT('',(7.793528264649E-04,-2.032E-02,
    1.86764767966E-03));
#5793 = CARTESIAN_POINT('',(1.906722461934E-03,-5.57630709112E-02,
    2.49869281162E-03));
#5794 = CARTESIAN_POINT('',(1.594445462896E-03,-9.160924192655E-02,
    1.485460122865E-03));
#5795 = CARTESIAN_POINT('',(9.472358492177E-04,-0.127,8.634201025188E-04
    ));
#5796 = PCURVE('',#5727,#5797);
#5797 = DEFINITIONAL_REPRESENTATION('',(#5798),#5802);
#5798 = LINE('',#5799,#5800);
#5799 = CARTESIAN_POINT('',(17.,0.));
#5800 = VECTOR('',#5801,1.);
#5801 = DIRECTION('',(0.,1.));
#5802 = ( GEOMETRIC_REPRESENTATION_CONTEXT(2) 
PARAMETRIC_REPRESENTATION_CONTEXT() REPRESENTATION_CONTEXT('2D SPACE',''
  ) );
#5803 = PCURVE('',#5804,#5813);
#5804 = ( BOUNDED_SURFACE() B_SPLINE_SURFACE(1,3,(
    (#5805,#5806,#5807,#5808)
    ,(#5809,#5810,#5811,#5812
)),.UNSPECIFIED.,.F.,.F.,.F.) B_SPLINE_SURFACE_WITH_KNOTS((2,2),(4,4),(
    17.,18.),(0.,1.),.PIECEWISE_BEZIER_KNOTS.) 
GEOMETRIC_REPRESENTATION_ITEM() RATIONAL_B_SPLINE_SURFACE((
    (1.,1.,1.,1.)
,(1.,1.,1.,1.))) REPRESENTATION_ITEM('') SURFACE() );
#5805 = CARTESIAN_POINT('',(7.793528264649E-04,-2.032E-02,
    1.86764767966E-03));
#5806 = CARTESIAN_POINT('',(1.906722461934E-03,-5.57630709112E-02,
    2.49869281162E-03));
#5807 = CARTESIAN_POINT('',(1.594445462896E-03,-9.160924192655E-02,
    1.485460122865E-03));
#5808 = CARTESIAN_POINT('',(9.472358492177E-04,-0.127,8.634201025188E-04
    ));
#5809 = CARTESIAN_POINT('',(-8.580109507926E-05,-2.032E-02,
    1.314795416574E-03));
#5810 = CARTESIAN_POINT('',(3.891608140643E-04,-5.57630709112E-02,
    2.00903112115E-03));
#5811 = CARTESIAN_POINT('',(5.001797506785E-04,-9.160924192655E-02,
    1.327711782712E-03));
#5812 = CARTESIAN_POINT('',(3.026664234974E-04,-0.127,7.776512749041E-04
    ));
#5813 = DEFINITIONAL_REPRESENTATION('',(#5814),#5818);
#5814 = LINE('',#5815,#5816);
#5815 = CARTESIAN_POINT('',(17.,0.));
#5816 = VECTOR('',#5817,1.);
#5817 = DIRECTION('',(0.,1.));
#5818 = ( GEOMETRIC_REPRESENTATION_CONTEXT(2) 
PARAMETRIC_REPRESENTATION_CONTEXT() REPRESENTATION_CONTEXT('2D SPACE',''
  ) );
#5819 = ORIENTED_EDGE('',*,*,#5820,.F.);
#5820 = EDGE_CURVE('',#5711,#5788,#5821,.T.);
#5821 = SURFACE_CURVE('',#5822,(#5825,#5832),.PCURVE_S1.);
#5822 = B_SPLINE_CURVE_WITH_KNOTS('',1,(#5823,#5824),.UNSPECIFIED.,.F.,
  .F.,(2,2),(16.,17.),.PIECEWISE_BEZIER_KNOTS.);
#5823 = CARTESIAN_POINT('',(1.610374502103E-03,-0.127,9.398579664024E-04
    ));
#5824 = CARTESIAN_POINT('',(9.472358492177E-04,-0.127,8.634201025188E-04
    ));
#5825 = PCURVE('',#5727,#5826);
#5826 = DEFINITIONAL_REPRESENTATION('',(#5827),#5831);
#5827 = LINE('',#5828,#5829);
#5828 = CARTESIAN_POINT('',(0.,1.));
#5829 = VECTOR('',#5830,1.);
#5830 = DIRECTION('',(1.,0.));
#5831 = ( GEOMETRIC_REPRESENTATION_CONTEXT(2) 
PARAMETRIC_REPRESENTATION_CONTEXT() REPRESENTATION_CONTEXT('2D SPACE',''
  ) );
#5832 = PCURVE('',#4566,#5833);
#5833 = DEFINITIONAL_REPRESENTATION('',(#5834),#5837);
#5834 = B_SPLINE_CURVE_WITH_KNOTS('',1,(#5835,#5836),.UNSPECIFIED.,.F.,
  .F.,(2,2),(16.,17.),.PIECEWISE_BEZIER_KNOTS.);
#5835 = CARTESIAN_POINT('',(6.670305847014E-03,6.78819321601E-04));
#5836 = CARTESIAN_POINT('',(7.337250528666E-03,7.067551695549E-04));
#5837 = ( GEOMETRIC_REPRESENTATION_CONTEXT(2) 
PARAMETRIC_REPRESENTATION_CONTEXT() REPRESENTATION_CONTEXT('2D SPACE',''
  ) );
#5838 = ORIENTED_EDGE('',*,*,#5710,.F.);
#5839 = ADVANCED_FACE('',(#5840),#5804,.T.);
#5840 = FACE_BOUND('',#5841,.T.);
#5841 = EDGE_LOOP('',(#5842,#5863,#5896,#5915));
#5842 = ORIENTED_EDGE('',*,*,#5843,.T.);
#5843 = EDGE_CURVE('',#5767,#5844,#5846,.T.);
#5844 = VERTEX_POINT('',#5845);
#5845 = CARTESIAN_POINT('',(-8.580109507926E-05,-2.032E-02,
    1.314795416574E-03));
#5846 = SURFACE_CURVE('',#5847,(#5850,#5857),.PCURVE_S1.);
#5847 = B_SPLINE_CURVE_WITH_KNOTS('',1,(#5848,#5849),.UNSPECIFIED.,.F.,
  .F.,(2,2),(17.,18.),.PIECEWISE_BEZIER_KNOTS.);
#5848 = CARTESIAN_POINT('',(7.793528264649E-04,-2.032E-02,
    1.86764767966E-03));
#5849 = CARTESIAN_POINT('',(-8.580109507926E-05,-2.032E-02,
    1.314795416574E-03));
#5850 = PCURVE('',#5804,#5851);
#5851 = DEFINITIONAL_REPRESENTATION('',(#5852),#5856);
#5852 = LINE('',#5853,#5854);
#5853 = CARTESIAN_POINT('',(0.,0.));
#5854 = VECTOR('',#5855,1.);
#5855 = DIRECTION('',(1.,0.));
#5856 = ( GEOMETRIC_REPRESENTATION_CONTEXT(2) 
PARAMETRIC_REPRESENTATION_CONTEXT() REPRESENTATION_CONTEXT('2D SPACE',''
  ) );
#5857 = PCURVE('',#4507,#5858);
#5858 = DEFINITIONAL_REPRESENTATION('',(#5859),#5862);
#5859 = B_SPLINE_CURVE_WITH_KNOTS('',1,(#5860,#5861),.UNSPECIFIED.,.F.,
  .F.,(2,2),(17.,18.),.PIECEWISE_BEZIER_KNOTS.);
#5860 = CARTESIAN_POINT('',(1.158513241368E-02,1.115929215087E-03));
#5861 = CARTESIAN_POINT('',(1.261154011934E-02,1.140912300196E-03));
#5862 = ( GEOMETRIC_REPRESENTATION_CONTEXT(2) 
PARAMETRIC_REPRESENTATION_CONTEXT() REPRESENTATION_CONTEXT('2D SPACE',''
  ) );
#5863 = ORIENTED_EDGE('',*,*,#5864,.T.);
#5864 = EDGE_CURVE('',#5844,#5865,#5867,.T.);
#5865 = VERTEX_POINT('',#5866);
#5866 = CARTESIAN_POINT('',(3.026664234974E-04,-0.127,7.776512749041E-04
    ));
#5867 = SURFACE_CURVE('',#5868,(#5873,#5880),.PCURVE_S1.);
#5868 = ( BOUNDED_CURVE() B_SPLINE_CURVE(3,(#5869,#5870,#5871,#5872),
.UNSPECIFIED.,.F.,.F.) B_SPLINE_CURVE_WITH_KNOTS((4,4),(0.,1.),
.PIECEWISE_BEZIER_KNOTS.) CURVE() GEOMETRIC_REPRESENTATION_ITEM() 
RATIONAL_B_SPLINE_CURVE((1.,1.,1.,1.)) REPRESENTATION_ITEM('') );
#5869 = CARTESIAN_POINT('',(-8.580109507926E-05,-2.032E-02,
    1.314795416574E-03));
#5870 = CARTESIAN_POINT('',(3.891608140643E-04,-5.57630709112E-02,
    2.00903112115E-03));
#5871 = CARTESIAN_POINT('',(5.001797506785E-04,-9.160924192655E-02,
    1.327711782712E-03));
#5872 = CARTESIAN_POINT('',(3.026664234974E-04,-0.127,7.776512749041E-04
    ));
#5873 = PCURVE('',#5804,#5874);
#5874 = DEFINITIONAL_REPRESENTATION('',(#5875),#5879);
#5875 = LINE('',#5876,#5877);
#5876 = CARTESIAN_POINT('',(18.,0.));
#5877 = VECTOR('',#5878,1.);
#5878 = DIRECTION('',(0.,1.));
#5879 = ( GEOMETRIC_REPRESENTATION_CONTEXT(2) 
PARAMETRIC_REPRESENTATION_CONTEXT() REPRESENTATION_CONTEXT('2D SPACE',''
  ) );
#5880 = PCURVE('',#5881,#5890);
#5881 = ( BOUNDED_SURFACE() B_SPLINE_SURFACE(1,3,(
    (#5882,#5883,#5884,#5885)
    ,(#5886,#5887,#5888,#5889
)),.UNSPECIFIED.,.F.,.F.,.F.) B_SPLINE_SURFACE_WITH_KNOTS((2,2),(4,4),(
    18.,19.),(0.,1.),.PIECEWISE_BEZIER_KNOTS.) 
GEOMETRIC_REPRESENTATION_ITEM() RATIONAL_B_SPLINE_SURFACE((
    (1.,1.,1.,1.)
,(1.,1.,1.,1.))) REPRESENTATION_ITEM('') SURFACE() );
#5882 = CARTESIAN_POINT('',(-8.580109507926E-05,-2.032E-02,
    1.314795416574E-03));
#5883 = CARTESIAN_POINT('',(3.891608140643E-04,-5.57630709112E-02,
    2.00903112115E-03));
#5884 = CARTESIAN_POINT('',(5.001797506785E-04,-9.160924192655E-02,
    1.327711782712E-03));
#5885 = CARTESIAN_POINT('',(3.026664234974E-04,-0.127,7.776512749041E-04
    ));
#5886 = CARTESIAN_POINT('',(-9.061272874088E-04,-2.032E-02,
    7.662310251528E-04));
#5887 = CARTESIAN_POINT('',(-1.059366398642E-03,-5.57630709112E-02,
    1.50814794487E-03));
#5888 = CARTESIAN_POINT('',(-5.482123153465E-04,-9.160924192655E-02,
    1.154246264427E-03));
#5889 = CARTESIAN_POINT('',(-3.150244286993E-04,-0.127,
    6.823451531275E-04));
#5890 = DEFINITIONAL_REPRESENTATION('',(#5891),#5895);
#5891 = LINE('',#5892,#5893);
#5892 = CARTESIAN_POINT('',(18.,0.));
#5893 = VECTOR('',#5894,1.);
#5894 = DIRECTION('',(0.,1.));
#5895 = ( GEOMETRIC_REPRESENTATION_CONTEXT(2) 
PARAMETRIC_REPRESENTATION_CONTEXT() REPRESENTATION_CONTEXT('2D SPACE',''
  ) );
#5896 = ORIENTED_EDGE('',*,*,#5897,.F.);
#5897 = EDGE_CURVE('',#5788,#5865,#5898,.T.);
#5898 = SURFACE_CURVE('',#5899,(#5902,#5909),.PCURVE_S1.);
#5899 = B_SPLINE_CURVE_WITH_KNOTS('',1,(#5900,#5901),.UNSPECIFIED.,.F.,
  .F.,(2,2),(17.,18.),.PIECEWISE_BEZIER_KNOTS.);
#5900 = CARTESIAN_POINT('',(9.472358492177E-04,-0.127,8.634201025188E-04
    ));
#5901 = CARTESIAN_POINT('',(3.026664234974E-04,-0.127,7.776512749041E-04
    ));
#5902 = PCURVE('',#5804,#5903);
#5903 = DEFINITIONAL_REPRESENTATION('',(#5904),#5908);
#5904 = LINE('',#5905,#5906);
#5905 = CARTESIAN_POINT('',(0.,1.));
#5906 = VECTOR('',#5907,1.);
#5907 = DIRECTION('',(1.,0.));
#5908 = ( GEOMETRIC_REPRESENTATION_CONTEXT(2) 
PARAMETRIC_REPRESENTATION_CONTEXT() REPRESENTATION_CONTEXT('2D SPACE',''
  ) );
#5909 = PCURVE('',#4566,#5910);
#5910 = DEFINITIONAL_REPRESENTATION('',(#5911),#5914);
#5911 = B_SPLINE_CURVE_WITH_KNOTS('',1,(#5912,#5913),.UNSPECIFIED.,.F.,
  .F.,(2,2),(17.,18.),.PIECEWISE_BEZIER_KNOTS.);
#5912 = CARTESIAN_POINT('',(7.337250528666E-03,7.067551695549E-04));
#5913 = CARTESIAN_POINT('',(7.987308742246E-03,7.225777901242E-04));
#5914 = ( GEOMETRIC_REPRESENTATION_CONTEXT(2) 
PARAMETRIC_REPRESENTATION_CONTEXT() REPRESENTATION_CONTEXT('2D SPACE',''
  ) );
#5915 = ORIENTED_EDGE('',*,*,#5787,.F.);
#5916 = ADVANCED_FACE('',(#5917),#5881,.T.);
#5917 = FACE_BOUND('',#5918,.T.);
#5918 = EDGE_LOOP('',(#5919,#5940,#5973,#5992));
#5919 = ORIENTED_EDGE('',*,*,#5920,.T.);
#5920 = EDGE_CURVE('',#5844,#5921,#5923,.T.);
#5921 = VERTEX_POINT('',#5922);
#5922 = CARTESIAN_POINT('',(-9.061272874088E-04,-2.032E-02,
    7.662310251528E-04));
#5923 = SURFACE_CURVE('',#5924,(#5927,#5934),.PCURVE_S1.);
#5924 = B_SPLINE_CURVE_WITH_KNOTS('',1,(#5925,#5926),.UNSPECIFIED.,.F.,
  .F.,(2,2),(18.,19.),.PIECEWISE_BEZIER_KNOTS.);
#5925 = CARTESIAN_POINT('',(-8.580109507926E-05,-2.032E-02,
    1.314795416574E-03));
#5926 = CARTESIAN_POINT('',(-9.061272874088E-04,-2.032E-02,
    7.662310251528E-04));
#5927 = PCURVE('',#5881,#5928);
#5928 = DEFINITIONAL_REPRESENTATION('',(#5929),#5933);
#5929 = LINE('',#5930,#5931);
#5930 = CARTESIAN_POINT('',(0.,0.));
#5931 = VECTOR('',#5932,1.);
#5932 = DIRECTION('',(1.,0.));
#5933 = ( GEOMETRIC_REPRESENTATION_CONTEXT(2) 
PARAMETRIC_REPRESENTATION_CONTEXT() REPRESENTATION_CONTEXT('2D SPACE',''
  ) );
#5934 = PCURVE('',#4507,#5935);
#5935 = DEFINITIONAL_REPRESENTATION('',(#5936),#5939);
#5936 = B_SPLINE_CURVE_WITH_KNOTS('',1,(#5937,#5938),.UNSPECIFIED.,.F.,
  .F.,(2,2),(18.,19.),.PIECEWISE_BEZIER_KNOTS.);
#5937 = CARTESIAN_POINT('',(1.261154011934E-02,1.140912300196E-03));
#5938 = CARTESIAN_POINT('',(1.359837636853E-02,1.144400944546E-03));
#5939 = ( GEOMETRIC_REPRESENTATION_CONTEXT(2) 
PARAMETRIC_REPRESENTATION_CONTEXT() REPRESENTATION_CONTEXT('2D SPACE',''
  ) );
#5940 = ORIENTED_EDGE('',*,*,#5941,.T.);
#5941 = EDGE_CURVE('',#5921,#5942,#5944,.T.);
#5942 = VERTEX_POINT('',#5943);
#5943 = CARTESIAN_POINT('',(-3.150244286993E-04,-0.127,
    6.823451531275E-04));
#5944 = SURFACE_CURVE('',#5945,(#5950,#5957),.PCURVE_S1.);
#5945 = ( BOUNDED_CURVE() B_SPLINE_CURVE(3,(#5946,#5947,#5948,#5949),
.UNSPECIFIED.,.F.,.F.) B_SPLINE_CURVE_WITH_KNOTS((4,4),(0.,1.),
.PIECEWISE_BEZIER_KNOTS.) CURVE() GEOMETRIC_REPRESENTATION_ITEM() 
RATIONAL_B_SPLINE_CURVE((1.,1.,1.,1.)) REPRESENTATION_ITEM('') );
#5946 = CARTESIAN_POINT('',(-9.061272874088E-04,-2.032E-02,
    7.662310251528E-04));
#5947 = CARTESIAN_POINT('',(-1.059366398642E-03,-5.57630709112E-02,
    1.50814794487E-03));
#5948 = CARTESIAN_POINT('',(-5.482123153465E-04,-9.160924192655E-02,
    1.154246264427E-03));
#5949 = CARTESIAN_POINT('',(-3.150244286993E-04,-0.127,
    6.823451531275E-04));
#5950 = PCURVE('',#5881,#5951);
#5951 = DEFINITIONAL_REPRESENTATION('',(#5952),#5956);
#5952 = LINE('',#5953,#5954);
#5953 = CARTESIAN_POINT('',(19.,0.));
#5954 = VECTOR('',#5955,1.);
#5955 = DIRECTION('',(0.,1.));
#5956 = ( GEOMETRIC_REPRESENTATION_CONTEXT(2) 
PARAMETRIC_REPRESENTATION_CONTEXT() REPRESENTATION_CONTEXT('2D SPACE',''
  ) );
#5957 = PCURVE('',#5958,#5967);
#5958 = ( BOUNDED_SURFACE() B_SPLINE_SURFACE(1,3,(
    (#5959,#5960,#5961,#5962)
    ,(#5963,#5964,#5965,#5966
)),.UNSPECIFIED.,.F.,.F.,.F.) B_SPLINE_SURFACE_WITH_KNOTS((2,2),(4,4),(
    19.,20.),(0.,1.),.PIECEWISE_BEZIER_KNOTS.) 
GEOMETRIC_REPRESENTATION_ITEM() RATIONAL_B_SPLINE_SURFACE((
    (1.,1.,1.,1.)
,(1.,1.,1.,1.))) REPRESENTATION_ITEM('') SURFACE() );
#5959 = CARTESIAN_POINT('',(-9.061272874088E-04,-2.032E-02,
    7.662310251528E-04));
#5960 = CARTESIAN_POINT('',(-1.059366398642E-03,-5.57630709112E-02,
    1.50814794487E-03));
#5961 = CARTESIAN_POINT('',(-5.482123153465E-04,-9.160924192655E-02,
    1.154246264427E-03));
#5962 = CARTESIAN_POINT('',(-3.150244286993E-04,-0.127,
    6.823451531275E-04));
#5963 = CARTESIAN_POINT('',(-1.670357262832E-03,-2.032E-02,
    2.2744101522E-04));
#5964 = CARTESIAN_POINT('',(-2.419768659451E-03,-5.57630709112E-02,
    9.998456446018E-04));
#5965 = CARTESIAN_POINT('',(-1.537239991418E-03,-9.160924192655E-02,
    9.654367924535E-04));
#5966 = CARTESIAN_POINT('',(-8.979001430267E-04,-0.127,
    5.776348625232E-04));
#5967 = DEFINITIONAL_REPRESENTATION('',(#5968),#5972);
#5968 = LINE('',#5969,#5970);
#5969 = CARTESIAN_POINT('',(19.,0.));
#5970 = VECTOR('',#5971,1.);
#5971 = DIRECTION('',(0.,1.));
#5972 = ( GEOMETRIC_REPRESENTATION_CONTEXT(2) 
PARAMETRIC_REPRESENTATION_CONTEXT() REPRESENTATION_CONTEXT('2D SPACE',''
  ) );
#5973 = ORIENTED_EDGE('',*,*,#5974,.F.);
#5974 = EDGE_CURVE('',#5865,#5942,#5975,.T.);
#5975 = SURFACE_CURVE('',#5976,(#5979,#5986),.PCURVE_S1.);
#5976 = B_SPLINE_CURVE_WITH_KNOTS('',1,(#5977,#5978),.UNSPECIFIED.,.F.,
  .F.,(2,2),(18.,19.),.PIECEWISE_BEZIER_KNOTS.);
#5977 = CARTESIAN_POINT('',(3.026664234974E-04,-0.127,7.776512749041E-04
    ));
#5978 = CARTESIAN_POINT('',(-3.150244286993E-04,-0.127,
    6.823451531275E-04));
#5979 = PCURVE('',#5881,#5980);
#5980 = DEFINITIONAL_REPRESENTATION('',(#5981),#5985);
#5981 = LINE('',#5982,#5983);
#5982 = CARTESIAN_POINT('',(0.,1.));
#5983 = VECTOR('',#5984,1.);
#5984 = DIRECTION('',(1.,0.));
#5985 = ( GEOMETRIC_REPRESENTATION_CONTEXT(2) 
PARAMETRIC_REPRESENTATION_CONTEXT() REPRESENTATION_CONTEXT('2D SPACE',''
  ) );
#5986 = PCURVE('',#4566,#5987);
#5987 = DEFINITIONAL_REPRESENTATION('',(#5988),#5991);
#5988 = B_SPLINE_CURVE_WITH_KNOTS('',1,(#5989,#5990),.UNSPECIFIED.,.F.,
  .F.,(2,2),(18.,19.),.PIECEWISE_BEZIER_KNOTS.);
#5989 = CARTESIAN_POINT('',(7.987308742246E-03,7.225777901242E-04));
#5990 = CARTESIAN_POINT('',(8.6123050334E-03,7.247872648794E-04));
#5991 = ( GEOMETRIC_REPRESENTATION_CONTEXT(2) 
PARAMETRIC_REPRESENTATION_CONTEXT() REPRESENTATION_CONTEXT('2D SPACE',''
  ) );
#5992 = ORIENTED_EDGE('',*,*,#5864,.F.);
#5993 = ADVANCED_FACE('',(#5994),#5958,.T.);
#5994 = FACE_BOUND('',#5995,.T.);
#5995 = EDGE_LOOP('',(#5996,#6017,#6050,#6069));
#5996 = ORIENTED_EDGE('',*,*,#5997,.T.);
#5997 = EDGE_CURVE('',#5921,#5998,#6000,.T.);
#5998 = VERTEX_POINT('',#5999);
#5999 = CARTESIAN_POINT('',(-1.670357262832E-03,-2.032E-02,
    2.2744101522E-04));
#6000 = SURFACE_CURVE('',#6001,(#6004,#6011),.PCURVE_S1.);
#6001 = B_SPLINE_CURVE_WITH_KNOTS('',1,(#6002,#6003),.UNSPECIFIED.,.F.,
  .F.,(2,2),(19.,20.),.PIECEWISE_BEZIER_KNOTS.);
#6002 = CARTESIAN_POINT('',(-9.061272874088E-04,-2.032E-02,
    7.662310251528E-04));
#6003 = CARTESIAN_POINT('',(-1.670357262832E-03,-2.032E-02,
    2.2744101522E-04));
#6004 = PCURVE('',#5958,#6005);
#6005 = DEFINITIONAL_REPRESENTATION('',(#6006),#6010);
#6006 = LINE('',#6007,#6008);
#6007 = CARTESIAN_POINT('',(0.,0.));
#6008 = VECTOR('',#6009,1.);
#6009 = DIRECTION('',(1.,0.));
#6010 = ( GEOMETRIC_REPRESENTATION_CONTEXT(2) 
PARAMETRIC_REPRESENTATION_CONTEXT() REPRESENTATION_CONTEXT('2D SPACE',''
  ) );
#6011 = PCURVE('',#4507,#6012);
#6012 = DEFINITIONAL_REPRESENTATION('',(#6013),#6016);
#6013 = B_SPLINE_CURVE_WITH_KNOTS('',1,(#6014,#6015),.UNSPECIFIED.,.F.,
  .F.,(2,2),(19.,20.),.PIECEWISE_BEZIER_KNOTS.);
#6014 = CARTESIAN_POINT('',(1.359837636853E-02,1.144400944546E-03));
#6015 = CARTESIAN_POINT('',(1.453323034369E-02,1.12464808999E-03));
#6016 = ( GEOMETRIC_REPRESENTATION_CONTEXT(2) 
PARAMETRIC_REPRESENTATION_CONTEXT() REPRESENTATION_CONTEXT('2D SPACE',''
  ) );
#6017 = ORIENTED_EDGE('',*,*,#6018,.T.);
#6018 = EDGE_CURVE('',#5998,#6019,#6021,.T.);
#6019 = VERTEX_POINT('',#6020);
#6020 = CARTESIAN_POINT('',(-8.979001430267E-04,-0.127,
    5.776348625232E-04));
#6021 = SURFACE_CURVE('',#6022,(#6027,#6034),.PCURVE_S1.);
#6022 = ( BOUNDED_CURVE() B_SPLINE_CURVE(3,(#6023,#6024,#6025,#6026),
.UNSPECIFIED.,.F.,.F.) B_SPLINE_CURVE_WITH_KNOTS((4,4),(0.,1.),
.PIECEWISE_BEZIER_KNOTS.) CURVE() GEOMETRIC_REPRESENTATION_ITEM() 
RATIONAL_B_SPLINE_CURVE((1.,1.,1.,1.)) REPRESENTATION_ITEM('') );
#6023 = CARTESIAN_POINT('',(-1.670357262832E-03,-2.032E-02,
    2.2744101522E-04));
#6024 = CARTESIAN_POINT('',(-2.419768659451E-03,-5.57630709112E-02,
    9.998456446018E-04));
#6025 = CARTESIAN_POINT('',(-1.537239991418E-03,-9.160924192655E-02,
    9.654367924535E-04));
#6026 = CARTESIAN_POINT('',(-8.979001430267E-04,-0.127,
    5.776348625232E-04));
#6027 = PCURVE('',#5958,#6028);
#6028 = DEFINITIONAL_REPRESENTATION('',(#6029),#6033);
#6029 = LINE('',#6030,#6031);
#6030 = CARTESIAN_POINT('',(20.,0.));
#6031 = VECTOR('',#6032,1.);
#6032 = DIRECTION('',(0.,1.));
#6033 = ( GEOMETRIC_REPRESENTATION_CONTEXT(2) 
PARAMETRIC_REPRESENTATION_CONTEXT() REPRESENTATION_CONTEXT('2D SPACE',''
  ) );
#6034 = PCURVE('',#6035,#6044);
#6035 = ( BOUNDED_SURFACE() B_SPLINE_SURFACE(1,3,(
    (#6036,#6037,#6038,#6039)
    ,(#6040,#6041,#6042,#6043
)),.UNSPECIFIED.,.F.,.F.,.F.) B_SPLINE_SURFACE_WITH_KNOTS((2,2),(4,4),(
    20.,21.),(0.,1.),.PIECEWISE_BEZIER_KNOTS.) 
GEOMETRIC_REPRESENTATION_ITEM() RATIONAL_B_SPLINE_SURFACE((
    (1.,1.,1.,1.)
,(1.,1.,1.,1.))) REPRESENTATION_ITEM('') SURFACE() );
#6036 = CARTESIAN_POINT('',(-1.670357262832E-03,-2.032E-02,
    2.2744101522E-04));
#6037 = CARTESIAN_POINT('',(-2.419768659451E-03,-5.57630709112E-02,
    9.998456446018E-04));
#6038 = CARTESIAN_POINT('',(-1.537239991418E-03,-9.160924192655E-02,
    9.654367924535E-04));
#6039 = CARTESIAN_POINT('',(-8.979001430267E-04,-0.127,
    5.776348625232E-04));
#6040 = CARTESIAN_POINT('',(-2.368208133306E-03,-2.032E-02,
    -2.957956718269E-04));
#6041 = CARTESIAN_POINT('',(-3.674320897834E-03,-5.57630709112E-02,
    4.887542528941E-04));
#6042 = CARTESIAN_POINT('',(-2.454249265225E-03,-9.160924192655E-02,
    7.623814449232E-04));
#6043 = CARTESIAN_POINT('',(-1.438511612625E-03,-0.127,
    4.640851865268E-04));
#6044 = DEFINITIONAL_REPRESENTATION('',(#6045),#6049);
#6045 = LINE('',#6046,#6047);
#6046 = CARTESIAN_POINT('',(20.,0.));
#6047 = VECTOR('',#6048,1.);
#6048 = DIRECTION('',(0.,1.));
#6049 = ( GEOMETRIC_REPRESENTATION_CONTEXT(2) 
PARAMETRIC_REPRESENTATION_CONTEXT() REPRESENTATION_CONTEXT('2D SPACE',''
  ) );
#6050 = ORIENTED_EDGE('',*,*,#6051,.F.);
#6051 = EDGE_CURVE('',#5942,#6019,#6052,.T.);
#6052 = SURFACE_CURVE('',#6053,(#6056,#6063),.PCURVE_S1.);
#6053 = B_SPLINE_CURVE_WITH_KNOTS('',1,(#6054,#6055),.UNSPECIFIED.,.F.,
  .F.,(2,2),(19.,20.),.PIECEWISE_BEZIER_KNOTS.);
#6054 = CARTESIAN_POINT('',(-3.150244286993E-04,-0.127,
    6.823451531275E-04));
#6055 = CARTESIAN_POINT('',(-8.979001430267E-04,-0.127,
    5.776348625232E-04));
#6056 = PCURVE('',#5958,#6057);
#6057 = DEFINITIONAL_REPRESENTATION('',(#6058),#6062);
#6058 = LINE('',#6059,#6060);
#6059 = CARTESIAN_POINT('',(0.,1.));
#6060 = VECTOR('',#6061,1.);
#6061 = DIRECTION('',(1.,0.));
#6062 = ( GEOMETRIC_REPRESENTATION_CONTEXT(2) 
PARAMETRIC_REPRESENTATION_CONTEXT() REPRESENTATION_CONTEXT('2D SPACE',''
  ) );
#6063 = PCURVE('',#4566,#6064);
#6064 = DEFINITIONAL_REPRESENTATION('',(#6065),#6068);
#6065 = B_SPLINE_CURVE_WITH_KNOTS('',1,(#6066,#6067),.UNSPECIFIED.,.F.,
  .F.,(2,2),(19.,20.),.PIECEWISE_BEZIER_KNOTS.);
#6066 = CARTESIAN_POINT('',(8.6123050334E-03,7.247872648794E-04));
#6067 = CARTESIAN_POINT('',(9.204379217669E-03,7.122771236606E-04));
#6068 = ( GEOMETRIC_REPRESENTATION_CONTEXT(2) 
PARAMETRIC_REPRESENTATION_CONTEXT() REPRESENTATION_CONTEXT('2D SPACE',''
  ) );
#6069 = ORIENTED_EDGE('',*,*,#5941,.F.);
#6070 = ADVANCED_FACE('',(#6071),#6035,.T.);
#6071 = FACE_BOUND('',#6072,.T.);
#6072 = EDGE_LOOP('',(#6073,#6094,#6127,#6146));
#6073 = ORIENTED_EDGE('',*,*,#6074,.T.);
#6074 = EDGE_CURVE('',#5998,#6075,#6077,.T.);
#6075 = VERTEX_POINT('',#6076);
#6076 = CARTESIAN_POINT('',(-2.368208133306E-03,-2.032E-02,
    -2.957956718269E-04));
#6077 = SURFACE_CURVE('',#6078,(#6081,#6088),.PCURVE_S1.);
#6078 = B_SPLINE_CURVE_WITH_KNOTS('',1,(#6079,#6080),.UNSPECIFIED.,.F.,
  .F.,(2,2),(20.,21.),.PIECEWISE_BEZIER_KNOTS.);
#6079 = CARTESIAN_POINT('',(-1.670357262832E-03,-2.032E-02,
    2.2744101522E-04));
#6080 = CARTESIAN_POINT('',(-2.368208133306E-03,-2.032E-02,
    -2.957956718269E-04));
#6081 = PCURVE('',#6035,#6082);
#6082 = DEFINITIONAL_REPRESENTATION('',(#6083),#6087);
#6083 = LINE('',#6084,#6085);
#6084 = CARTESIAN_POINT('',(0.,0.));
#6085 = VECTOR('',#6086,1.);
#6086 = DIRECTION('',(1.,0.));
#6087 = ( GEOMETRIC_REPRESENTATION_CONTEXT(2) 
PARAMETRIC_REPRESENTATION_CONTEXT() REPRESENTATION_CONTEXT('2D SPACE',''
  ) );
#6088 = PCURVE('',#4507,#6089);
#6089 = DEFINITIONAL_REPRESENTATION('',(#6090),#6093);
#6090 = B_SPLINE_CURVE_WITH_KNOTS('',1,(#6091,#6092),.UNSPECIFIED.,.F.,
  .F.,(2,2),(20.,21.),.PIECEWISE_BEZIER_KNOTS.);
#6091 = CARTESIAN_POINT('',(1.453323034369E-02,1.12464808999E-03));
#6092 = CARTESIAN_POINT('',(1.54043451637E-02,1.080699956399E-03));
#6093 = ( GEOMETRIC_REPRESENTATION_CONTEXT(2) 
PARAMETRIC_REPRESENTATION_CONTEXT() REPRESENTATION_CONTEXT('2D SPACE',''
  ) );
#6094 = ORIENTED_EDGE('',*,*,#6095,.T.);
#6095 = EDGE_CURVE('',#6075,#6096,#6098,.T.);
#6096 = VERTEX_POINT('',#6097);
#6097 = CARTESIAN_POINT('',(-1.438511612625E-03,-0.127,
    4.640851865268E-04));
#6098 = SURFACE_CURVE('',#6099,(#6104,#6111),.PCURVE_S1.);
#6099 = ( BOUNDED_CURVE() B_SPLINE_CURVE(3,(#6100,#6101,#6102,#6103),
.UNSPECIFIED.,.F.,.F.) B_SPLINE_CURVE_WITH_KNOTS((4,4),(0.,1.),
.PIECEWISE_BEZIER_KNOTS.) CURVE() GEOMETRIC_REPRESENTATION_ITEM() 
RATIONAL_B_SPLINE_CURVE((1.,1.,1.,1.)) REPRESENTATION_ITEM('') );
#6100 = CARTESIAN_POINT('',(-2.368208133306E-03,-2.032E-02,
    -2.957956718269E-04));
#6101 = CARTESIAN_POINT('',(-3.674320897834E-03,-5.57630709112E-02,
    4.887542528941E-04));
#6102 = CARTESIAN_POINT('',(-2.454249265225E-03,-9.160924192655E-02,
    7.623814449232E-04));
#6103 = CARTESIAN_POINT('',(-1.438511612625E-03,-0.127,
    4.640851865268E-04));
#6104 = PCURVE('',#6035,#6105);
#6105 = DEFINITIONAL_REPRESENTATION('',(#6106),#6110);
#6106 = LINE('',#6107,#6108);
#6107 = CARTESIAN_POINT('',(21.,0.));
#6108 = VECTOR('',#6109,1.);
#6109 = DIRECTION('',(0.,1.));
#6110 = ( GEOMETRIC_REPRESENTATION_CONTEXT(2) 
PARAMETRIC_REPRESENTATION_CONTEXT() REPRESENTATION_CONTEXT('2D SPACE',''
  ) );
#6111 = PCURVE('',#6112,#6121);
#6112 = ( BOUNDED_SURFACE() B_SPLINE_SURFACE(1,3,(
    (#6113,#6114,#6115,#6116)
    ,(#6117,#6118,#6119,#6120
)),.UNSPECIFIED.,.F.,.F.,.F.) B_SPLINE_SURFACE_WITH_KNOTS((2,2),(4,4),(
    21.,22.),(0.,1.),.PIECEWISE_BEZIER_KNOTS.) 
GEOMETRIC_REPRESENTATION_ITEM() RATIONAL_B_SPLINE_SURFACE((
    (1.,1.,1.,1.)
,(1.,1.,1.,1.))) REPRESENTATION_ITEM('') SURFACE() );
#6113 = CARTESIAN_POINT('',(-2.368208133306E-03,-2.032E-02,
    -2.957956718269E-04));
#6114 = CARTESIAN_POINT('',(-3.674320897834E-03,-5.57630709112E-02,
    4.887542528941E-04));
#6115 = CARTESIAN_POINT('',(-2.454249265225E-03,-9.160924192655E-02,
    7.623814449232E-04));
#6116 = CARTESIAN_POINT('',(-1.438511612625E-03,-0.127,
    4.640851865268E-04));
#6117 = CARTESIAN_POINT('',(-2.990563705955E-03,-2.032E-02,
    -7.97403566244E-04));
#6118 = CARTESIAN_POINT('',(-4.806933935897E-03,-5.57630709112E-02,
    -1.959101650456E-05));
#6119 = CARTESIAN_POINT('',(-3.287598657487E-03,-9.160924192655E-02,
    5.469876562406E-04));
#6120 = CARTESIAN_POINT('',(-1.930000039492E-03,-0.127,
    3.427433899072E-04));
#6121 = DEFINITIONAL_REPRESENTATION('',(#6122),#6126);
#6122 = LINE('',#6123,#6124);
#6123 = CARTESIAN_POINT('',(21.,0.));
#6124 = VECTOR('',#6125,1.);
#6125 = DIRECTION('',(0.,1.));
#6126 = ( GEOMETRIC_REPRESENTATION_CONTEXT(2) 
PARAMETRIC_REPRESENTATION_CONTEXT() REPRESENTATION_CONTEXT('2D SPACE',''
  ) );
#6127 = ORIENTED_EDGE('',*,*,#6128,.F.);
#6128 = EDGE_CURVE('',#6019,#6096,#6129,.T.);
#6129 = SURFACE_CURVE('',#6130,(#6133,#6140),.PCURVE_S1.);
#6130 = B_SPLINE_CURVE_WITH_KNOTS('',1,(#6131,#6132),.UNSPECIFIED.,.F.,
  .F.,(2,2),(20.,21.),.PIECEWISE_BEZIER_KNOTS.);
#6131 = CARTESIAN_POINT('',(-8.979001430267E-04,-0.127,
    5.776348625232E-04));
#6132 = CARTESIAN_POINT('',(-1.438511612625E-03,-0.127,
    4.640851865268E-04));
#6133 = PCURVE('',#6035,#6134);
#6134 = DEFINITIONAL_REPRESENTATION('',(#6135),#6139);
#6135 = LINE('',#6136,#6137);
#6136 = CARTESIAN_POINT('',(0.,1.));
#6137 = VECTOR('',#6138,1.);
#6138 = DIRECTION('',(1.,0.));
#6139 = ( GEOMETRIC_REPRESENTATION_CONTEXT(2) 
PARAMETRIC_REPRESENTATION_CONTEXT() REPRESENTATION_CONTEXT('2D SPACE',''
  ) );
#6140 = PCURVE('',#4566,#6141);
#6141 = DEFINITIONAL_REPRESENTATION('',(#6142),#6145);
#6142 = B_SPLINE_CURVE_WITH_KNOTS('',1,(#6143,#6144),.UNSPECIFIED.,.F.,
  .F.,(2,2),(20.,21.),.PIECEWISE_BEZIER_KNOTS.);
#6143 = CARTESIAN_POINT('',(9.204379217669E-03,7.122771236606E-04));
#6144 = CARTESIAN_POINT('',(9.756085270345E-03,6.844433057194E-04));
#6145 = ( GEOMETRIC_REPRESENTATION_CONTEXT(2) 
PARAMETRIC_REPRESENTATION_CONTEXT() REPRESENTATION_CONTEXT('2D SPACE',''
  ) );
#6146 = ORIENTED_EDGE('',*,*,#6018,.F.);
#6147 = ADVANCED_FACE('',(#6148),#6112,.T.);
#6148 = FACE_BOUND('',#6149,.T.);
#6149 = EDGE_LOOP('',(#6150,#6171,#6204,#6223));
#6150 = ORIENTED_EDGE('',*,*,#6151,.T.);
#6151 = EDGE_CURVE('',#6075,#6152,#6154,.T.);
#6152 = VERTEX_POINT('',#6153);
#6153 = CARTESIAN_POINT('',(-2.990563705955E-03,-2.032E-02,
    -7.97403566244E-04));
#6154 = SURFACE_CURVE('',#6155,(#6158,#6165),.PCURVE_S1.);
#6155 = B_SPLINE_CURVE_WITH_KNOTS('',1,(#6156,#6157),.UNSPECIFIED.,.F.,
  .F.,(2,2),(21.,22.),.PIECEWISE_BEZIER_KNOTS.);
#6156 = CARTESIAN_POINT('',(-2.368208133306E-03,-2.032E-02,
    -2.957956718269E-04));
#6157 = CARTESIAN_POINT('',(-2.990563705955E-03,-2.032E-02,
    -7.97403566244E-04));
#6158 = PCURVE('',#6112,#6159);
#6159 = DEFINITIONAL_REPRESENTATION('',(#6160),#6164);
#6160 = LINE('',#6161,#6162);
#6161 = CARTESIAN_POINT('',(0.,0.));
#6162 = VECTOR('',#6163,1.);
#6163 = DIRECTION('',(1.,0.));
#6164 = ( GEOMETRIC_REPRESENTATION_CONTEXT(2) 
PARAMETRIC_REPRESENTATION_CONTEXT() REPRESENTATION_CONTEXT('2D SPACE',''
  ) );
#6165 = PCURVE('',#4507,#6166);
#6166 = DEFINITIONAL_REPRESENTATION('',(#6167),#6170);
#6167 = B_SPLINE_CURVE_WITH_KNOTS('',1,(#6168,#6169),.UNSPECIFIED.,.F.,
  .F.,(2,2),(21.,22.),.PIECEWISE_BEZIER_KNOTS.);
#6168 = CARTESIAN_POINT('',(1.54043451637E-02,1.080699956399E-03));
#6169 = CARTESIAN_POINT('',(1.620076577587E-02,1.01250063772E-03));
#6170 = ( GEOMETRIC_REPRESENTATION_CONTEXT(2) 
PARAMETRIC_REPRESENTATION_CONTEXT() REPRESENTATION_CONTEXT('2D SPACE',''
  ) );
#6171 = ORIENTED_EDGE('',*,*,#6172,.T.);
#6172 = EDGE_CURVE('',#6152,#6173,#6175,.T.);
#6173 = VERTEX_POINT('',#6174);
#6174 = CARTESIAN_POINT('',(-1.930000039492E-03,-0.127,
    3.427433899072E-04));
#6175 = SURFACE_CURVE('',#6176,(#6181,#6188),.PCURVE_S1.);
#6176 = ( BOUNDED_CURVE() B_SPLINE_CURVE(3,(#6177,#6178,#6179,#6180),
.UNSPECIFIED.,.F.,.F.) B_SPLINE_CURVE_WITH_KNOTS((4,4),(0.,1.),
.PIECEWISE_BEZIER_KNOTS.) CURVE() GEOMETRIC_REPRESENTATION_ITEM() 
RATIONAL_B_SPLINE_CURVE((1.,1.,1.,1.)) REPRESENTATION_ITEM('') );
#6177 = CARTESIAN_POINT('',(-2.990563705955E-03,-2.032E-02,
    -7.97403566244E-04));
#6178 = CARTESIAN_POINT('',(-4.806933935897E-03,-5.57630709112E-02,
    -1.959101650456E-05));
#6179 = CARTESIAN_POINT('',(-3.287598657487E-03,-9.160924192655E-02,
    5.469876562406E-04));
#6180 = CARTESIAN_POINT('',(-1.930000039492E-03,-0.127,
    3.427433899072E-04));
#6181 = PCURVE('',#6112,#6182);
#6182 = DEFINITIONAL_REPRESENTATION('',(#6183),#6187);
#6183 = LINE('',#6184,#6185);
#6184 = CARTESIAN_POINT('',(22.,0.));
#6185 = VECTOR('',#6186,1.);
#6186 = DIRECTION('',(0.,1.));
#6187 = ( GEOMETRIC_REPRESENTATION_CONTEXT(2) 
PARAMETRIC_REPRESENTATION_CONTEXT() REPRESENTATION_CONTEXT('2D SPACE',''
  ) );
#6188 = PCURVE('',#6189,#6198);
#6189 = ( BOUNDED_SURFACE() B_SPLINE_SURFACE(1,3,(
    (#6190,#6191,#6192,#6193)
    ,(#6194,#6195,#6196,#6197
)),.UNSPECIFIED.,.F.,.F.,.F.) B_SPLINE_SURFACE_WITH_KNOTS((2,2),(4,4),(
    22.,23.),(0.,1.),.PIECEWISE_BEZIER_KNOTS.) 
GEOMETRIC_REPRESENTATION_ITEM() RATIONAL_B_SPLINE_SURFACE((
    (1.,1.,1.,1.)
,(1.,1.,1.,1.))) REPRESENTATION_ITEM('') SURFACE() );
#6190 = CARTESIAN_POINT('',(-2.990563705955E-03,-2.032E-02,
    -7.97403566244E-04));
#6191 = CARTESIAN_POINT('',(-4.806933935897E-03,-5.57630709112E-02,
    -1.959101650456E-05));
#6192 = CARTESIAN_POINT('',(-3.287598657487E-03,-9.160924192655E-02,
    5.469876562406E-04));
#6193 = CARTESIAN_POINT('',(-1.930000039492E-03,-0.127,
    3.427433899072E-04));
#6194 = CARTESIAN_POINT('',(-3.529594827103E-03,-2.032E-02,
    -1.271078618009E-03));
#6195 = CARTESIAN_POINT('',(-5.803362054945E-03,-5.57630709112E-02,
    -5.188044289793E-04));
#6196 = CARTESIAN_POINT('',(-4.026807456133E-03,-9.160924192655E-02,
    3.219590567525E-04));
#6197 = CARTESIAN_POINT('',(-2.366184198212E-03,-0.127,
    2.151324279931E-04));
#6198 = DEFINITIONAL_REPRESENTATION('',(#6199),#6203);
#6199 = LINE('',#6200,#6201);
#6200 = CARTESIAN_POINT('',(22.,0.));
#6201 = VECTOR('',#6202,1.);
#6202 = DIRECTION('',(0.,1.));
#6203 = ( GEOMETRIC_REPRESENTATION_CONTEXT(2) 
PARAMETRIC_REPRESENTATION_CONTEXT() REPRESENTATION_CONTEXT('2D SPACE',''
  ) );
#6204 = ORIENTED_EDGE('',*,*,#6205,.F.);
#6205 = EDGE_CURVE('',#6096,#6173,#6206,.T.);
#6206 = SURFACE_CURVE('',#6207,(#6210,#6217),.PCURVE_S1.);
#6207 = B_SPLINE_CURVE_WITH_KNOTS('',1,(#6208,#6209),.UNSPECIFIED.,.F.,
  .F.,(2,2),(21.,22.),.PIECEWISE_BEZIER_KNOTS.);
#6208 = CARTESIAN_POINT('',(-1.438511612625E-03,-0.127,
    4.640851865268E-04));
#6209 = CARTESIAN_POINT('',(-1.930000039492E-03,-0.127,
    3.427433899072E-04));
#6210 = PCURVE('',#6112,#6211);
#6211 = DEFINITIONAL_REPRESENTATION('',(#6212),#6216);
#6212 = LINE('',#6213,#6214);
#6213 = CARTESIAN_POINT('',(0.,1.));
#6214 = VECTOR('',#6215,1.);
#6215 = DIRECTION('',(1.,0.));
#6216 = ( GEOMETRIC_REPRESENTATION_CONTEXT(2) 
PARAMETRIC_REPRESENTATION_CONTEXT() REPRESENTATION_CONTEXT('2D SPACE',''
  ) );
#6217 = PCURVE('',#4566,#6218);
#6218 = DEFINITIONAL_REPRESENTATION('',(#6219),#6222);
#6219 = B_SPLINE_CURVE_WITH_KNOTS('',1,(#6220,#6221),.UNSPECIFIED.,.F.,
  .F.,(2,2),(21.,22.),.PIECEWISE_BEZIER_KNOTS.);
#6220 = CARTESIAN_POINT('',(9.756085270345E-03,6.844433057194E-04));
#6221 = CARTESIAN_POINT('',(1.026048499138E-02,6.412504038891E-04));
#6222 = ( GEOMETRIC_REPRESENTATION_CONTEXT(2) 
PARAMETRIC_REPRESENTATION_CONTEXT() REPRESENTATION_CONTEXT('2D SPACE',''
  ) );
#6223 = ORIENTED_EDGE('',*,*,#6095,.F.);
#6224 = ADVANCED_FACE('',(#6225),#6189,.T.);
#6225 = FACE_BOUND('',#6226,.T.);
#6226 = EDGE_LOOP('',(#6227,#6248,#6281,#6300));
#6227 = ORIENTED_EDGE('',*,*,#6228,.T.);
#6228 = EDGE_CURVE('',#6152,#6229,#6231,.T.);
#6229 = VERTEX_POINT('',#6230);
#6230 = CARTESIAN_POINT('',(-3.529594827103E-03,-2.032E-02,
    -1.271078618009E-03));
#6231 = SURFACE_CURVE('',#6232,(#6235,#6242),.PCURVE_S1.);
#6232 = B_SPLINE_CURVE_WITH_KNOTS('',1,(#6233,#6234),.UNSPECIFIED.,.F.,
  .F.,(2,2),(22.,23.),.PIECEWISE_BEZIER_KNOTS.);
#6233 = CARTESIAN_POINT('',(-2.990563705955E-03,-2.032E-02,
    -7.97403566244E-04));
#6234 = CARTESIAN_POINT('',(-3.529594827103E-03,-2.032E-02,
    -1.271078618009E-03));
#6235 = PCURVE('',#6189,#6236);
#6236 = DEFINITIONAL_REPRESENTATION('',(#6237),#6241);
#6237 = LINE('',#6238,#6239);
#6238 = CARTESIAN_POINT('',(0.,0.));
#6239 = VECTOR('',#6240,1.);
#6240 = DIRECTION('',(1.,0.));
#6241 = ( GEOMETRIC_REPRESENTATION_CONTEXT(2) 
PARAMETRIC_REPRESENTATION_CONTEXT() REPRESENTATION_CONTEXT('2D SPACE',''
  ) );
#6242 = PCURVE('',#4507,#6243);
#6243 = DEFINITIONAL_REPRESENTATION('',(#6244),#6247);
#6244 = B_SPLINE_CURVE_WITH_KNOTS('',1,(#6245,#6246),.UNSPECIFIED.,.F.,
  .F.,(2,2),(22.,23.),.PIECEWISE_BEZIER_KNOTS.);
#6245 = CARTESIAN_POINT('',(1.620076577587E-02,1.01250063772E-03));
#6246 = CARTESIAN_POINT('',(1.69124767267E-02,9.209030029826E-04));
#6247 = ( GEOMETRIC_REPRESENTATION_CONTEXT(2) 
PARAMETRIC_REPRESENTATION_CONTEXT() REPRESENTATION_CONTEXT('2D SPACE',''
  ) );
#6248 = ORIENTED_EDGE('',*,*,#6249,.T.);
#6249 = EDGE_CURVE('',#6229,#6250,#6252,.T.);
#6250 = VERTEX_POINT('',#6251);
#6251 = CARTESIAN_POINT('',(-2.366184198212E-03,-0.127,
    2.151324279931E-04));
#6252 = SURFACE_CURVE('',#6253,(#6258,#6265),.PCURVE_S1.);
#6253 = ( BOUNDED_CURVE() B_SPLINE_CURVE(3,(#6254,#6255,#6256,#6257),
.UNSPECIFIED.,.F.,.F.) B_SPLINE_CURVE_WITH_KNOTS((4,4),(0.,1.),
.PIECEWISE_BEZIER_KNOTS.) CURVE() GEOMETRIC_REPRESENTATION_ITEM() 
RATIONAL_B_SPLINE_CURVE((1.,1.,1.,1.)) REPRESENTATION_ITEM('') );
#6254 = CARTESIAN_POINT('',(-3.529594827103E-03,-2.032E-02,
    -1.271078618009E-03));
#6255 = CARTESIAN_POINT('',(-5.803362054945E-03,-5.57630709112E-02,
    -5.188044289793E-04));
#6256 = CARTESIAN_POINT('',(-4.026807456133E-03,-9.160924192655E-02,
    3.219590567525E-04));
#6257 = CARTESIAN_POINT('',(-2.366184198212E-03,-0.127,
    2.151324279931E-04));
#6258 = PCURVE('',#6189,#6259);
#6259 = DEFINITIONAL_REPRESENTATION('',(#6260),#6264);
#6260 = LINE('',#6261,#6262);
#6261 = CARTESIAN_POINT('',(23.,0.));
#6262 = VECTOR('',#6263,1.);
#6263 = DIRECTION('',(0.,1.));
#6264 = ( GEOMETRIC_REPRESENTATION_CONTEXT(2) 
PARAMETRIC_REPRESENTATION_CONTEXT() REPRESENTATION_CONTEXT('2D SPACE',''
  ) );
#6265 = PCURVE('',#6266,#6275);
#6266 = ( BOUNDED_SURFACE() B_SPLINE_SURFACE(1,3,(
    (#6267,#6268,#6269,#6270)
    ,(#6271,#6272,#6273,#6274
)),.UNSPECIFIED.,.F.,.F.,.F.) B_SPLINE_SURFACE_WITH_KNOTS((2,2),(4,4),(
    23.,24.),(0.,1.),.PIECEWISE_BEZIER_KNOTS.) 
GEOMETRIC_REPRESENTATION_ITEM() RATIONAL_B_SPLINE_SURFACE((
    (1.,1.,1.,1.)
,(1.,1.,1.,1.))) REPRESENTATION_ITEM('') SURFACE() );
#6267 = CARTESIAN_POINT('',(-3.529594827103E-03,-2.032E-02,
    -1.271078618009E-03));
#6268 = CARTESIAN_POINT('',(-5.803362054945E-03,-5.57630709112E-02,
    -5.188044289793E-04));
#6269 = CARTESIAN_POINT('',(-4.026807456133E-03,-9.160924192655E-02,
    3.219590567525E-04));
#6270 = CARTESIAN_POINT('',(-2.366184198212E-03,-0.127,
    2.151324279931E-04));
#6271 = CARTESIAN_POINT('',(-3.978810498681E-03,-2.032E-02,
    -1.710437657971E-03));
#6272 = CARTESIAN_POINT('',(-6.651338679095E-03,-5.57630709112E-02,
    -1.001854124194E-03));
#6273 = CARTESIAN_POINT('',(-4.662672277451E-03,-9.160924192655E-02,
    9.067159578154E-05));
#6274 = CARTESIAN_POINT('',(-2.741629781019E-03,-0.127,
    8.317883845614E-05));
#6275 = DEFINITIONAL_REPRESENTATION('',(#6276),#6280);
#6276 = LINE('',#6277,#6278);
#6277 = CARTESIAN_POINT('',(23.,0.));
#6278 = VECTOR('',#6279,1.);
#6279 = DIRECTION('',(0.,1.));
#6280 = ( GEOMETRIC_REPRESENTATION_CONTEXT(2) 
PARAMETRIC_REPRESENTATION_CONTEXT() REPRESENTATION_CONTEXT('2D SPACE',''
  ) );
#6281 = ORIENTED_EDGE('',*,*,#6282,.F.);
#6282 = EDGE_CURVE('',#6173,#6250,#6283,.T.);
#6283 = SURFACE_CURVE('',#6284,(#6287,#6294),.PCURVE_S1.);
#6284 = B_SPLINE_CURVE_WITH_KNOTS('',1,(#6285,#6286),.UNSPECIFIED.,.F.,
  .F.,(2,2),(22.,23.),.PIECEWISE_BEZIER_KNOTS.);
#6285 = CARTESIAN_POINT('',(-1.930000039492E-03,-0.127,
    3.427433899072E-04));
#6286 = CARTESIAN_POINT('',(-2.366184198212E-03,-0.127,
    2.151324279931E-04));
#6287 = PCURVE('',#6189,#6288);
#6288 = DEFINITIONAL_REPRESENTATION('',(#6289),#6293);
#6289 = LINE('',#6290,#6291);
#6290 = CARTESIAN_POINT('',(0.,1.));
#6291 = VECTOR('',#6292,1.);
#6292 = DIRECTION('',(1.,0.));
#6293 = ( GEOMETRIC_REPRESENTATION_CONTEXT(2) 
PARAMETRIC_REPRESENTATION_CONTEXT() REPRESENTATION_CONTEXT('2D SPACE',''
  ) );
#6294 = PCURVE('',#4566,#6295);
#6295 = DEFINITIONAL_REPRESENTATION('',(#6296),#6299);
#6296 = B_SPLINE_CURVE_WITH_KNOTS('',1,(#6297,#6298),.UNSPECIFIED.,.F.,
  .F.,(2,2),(22.,23.),.PIECEWISE_BEZIER_KNOTS.);
#6297 = CARTESIAN_POINT('',(1.026048499138E-02,6.412504038891E-04));
#6298 = CARTESIAN_POINT('',(1.071123526025E-02,5.832385685557E-04));
#6299 = ( GEOMETRIC_REPRESENTATION_CONTEXT(2) 
PARAMETRIC_REPRESENTATION_CONTEXT() REPRESENTATION_CONTEXT('2D SPACE',''
  ) );
#6300 = ORIENTED_EDGE('',*,*,#6172,.F.);
#6301 = ADVANCED_FACE('',(#6302),#6266,.T.);
#6302 = FACE_BOUND('',#6303,.T.);
#6303 = EDGE_LOOP('',(#6304,#6325,#6358,#6377));
#6304 = ORIENTED_EDGE('',*,*,#6305,.T.);
#6305 = EDGE_CURVE('',#6229,#6306,#6308,.T.);
#6306 = VERTEX_POINT('',#6307);
#6307 = CARTESIAN_POINT('',(-3.978810498681E-03,-2.032E-02,
    -1.710437657971E-03));
#6308 = SURFACE_CURVE('',#6309,(#6312,#6319),.PCURVE_S1.);
#6309 = B_SPLINE_CURVE_WITH_KNOTS('',1,(#6310,#6311),.UNSPECIFIED.,.F.,
  .F.,(2,2),(23.,24.),.PIECEWISE_BEZIER_KNOTS.);
#6310 = CARTESIAN_POINT('',(-3.529594827103E-03,-2.032E-02,
    -1.271078618009E-03));
#6311 = CARTESIAN_POINT('',(-3.978810498681E-03,-2.032E-02,
    -1.710437657971E-03));
#6312 = PCURVE('',#6266,#6313);
#6313 = DEFINITIONAL_REPRESENTATION('',(#6314),#6318);
#6314 = LINE('',#6315,#6316);
#6315 = CARTESIAN_POINT('',(0.,0.));
#6316 = VECTOR('',#6317,1.);
#6317 = DIRECTION('',(1.,0.));
#6318 = ( GEOMETRIC_REPRESENTATION_CONTEXT(2) 
PARAMETRIC_REPRESENTATION_CONTEXT() REPRESENTATION_CONTEXT('2D SPACE',''
  ) );
#6319 = PCURVE('',#4507,#6320);
#6320 = DEFINITIONAL_REPRESENTATION('',(#6321),#6324);
#6321 = B_SPLINE_CURVE_WITH_KNOTS('',1,(#6322,#6323),.UNSPECIFIED.,.F.,
  .F.,(2,2),(23.,24.),.PIECEWISE_BEZIER_KNOTS.);
#6322 = CARTESIAN_POINT('',(1.69124767267E-02,9.209030029826E-04));
#6323 = CARTESIAN_POINT('',(1.753052807337E-02,8.075733137115E-04));
#6324 = ( GEOMETRIC_REPRESENTATION_CONTEXT(2) 
PARAMETRIC_REPRESENTATION_CONTEXT() REPRESENTATION_CONTEXT('2D SPACE',''
  ) );
#6325 = ORIENTED_EDGE('',*,*,#6326,.T.);
#6326 = EDGE_CURVE('',#6306,#6327,#6329,.T.);
#6327 = VERTEX_POINT('',#6328);
#6328 = CARTESIAN_POINT('',(-2.741629781019E-03,-0.127,
    8.317883845614E-05));
#6329 = SURFACE_CURVE('',#6330,(#6335,#6342),.PCURVE_S1.);
#6330 = ( BOUNDED_CURVE() B_SPLINE_CURVE(3,(#6331,#6332,#6333,#6334),
.UNSPECIFIED.,.F.,.F.) B_SPLINE_CURVE_WITH_KNOTS((4,4),(0.,1.),
.PIECEWISE_BEZIER_KNOTS.) CURVE() GEOMETRIC_REPRESENTATION_ITEM() 
RATIONAL_B_SPLINE_CURVE((1.,1.,1.,1.)) REPRESENTATION_ITEM('') );
#6331 = CARTESIAN_POINT('',(-3.978810498681E-03,-2.032E-02,
    -1.710437657971E-03));
#6332 = CARTESIAN_POINT('',(-6.651338679095E-03,-5.57630709112E-02,
    -1.001854124194E-03));
#6333 = CARTESIAN_POINT('',(-4.662672277451E-03,-9.160924192655E-02,
    9.067159578154E-05));
#6334 = CARTESIAN_POINT('',(-2.741629781019E-03,-0.127,
    8.317883845614E-05));
#6335 = PCURVE('',#6266,#6336);
#6336 = DEFINITIONAL_REPRESENTATION('',(#6337),#6341);
#6337 = LINE('',#6338,#6339);
#6338 = CARTESIAN_POINT('',(24.,0.));
#6339 = VECTOR('',#6340,1.);
#6340 = DIRECTION('',(0.,1.));
#6341 = ( GEOMETRIC_REPRESENTATION_CONTEXT(2) 
PARAMETRIC_REPRESENTATION_CONTEXT() REPRESENTATION_CONTEXT('2D SPACE',''
  ) );
#6342 = PCURVE('',#6343,#6352);
#6343 = ( BOUNDED_SURFACE() B_SPLINE_SURFACE(1,3,(
    (#6344,#6345,#6346,#6347)
    ,(#6348,#6349,#6350,#6351
)),.UNSPECIFIED.,.F.,.F.,.F.) B_SPLINE_SURFACE_WITH_KNOTS((2,2),(4,4),(
    24.,25.),(0.,1.),.PIECEWISE_BEZIER_KNOTS.) 
GEOMETRIC_REPRESENTATION_ITEM() RATIONAL_B_SPLINE_SURFACE((
    (1.,1.,1.,1.)
,(1.,1.,1.,1.))) REPRESENTATION_ITEM('') SURFACE() );
#6344 = CARTESIAN_POINT('',(-3.978810498681E-03,-2.032E-02,
    -1.710437657971E-03));
#6345 = CARTESIAN_POINT('',(-6.651338679095E-03,-5.57630709112E-02,
    -1.001854124194E-03));
#6346 = CARTESIAN_POINT('',(-4.662672277451E-03,-9.160924192655E-02,
    9.067159578154E-05));
#6347 = CARTESIAN_POINT('',(-2.741629781019E-03,-0.127,
    8.317883845614E-05));
#6348 = CARTESIAN_POINT('',(-4.333040922744E-03,-2.032E-02,
    -2.109244826028E-03));
#6349 = CARTESIAN_POINT('',(-7.340640120982E-03,-5.57630709112E-02,
    -1.461408961092E-03));
#6350 = CARTESIAN_POINT('',(-5.187351067398E-03,-9.160924192655E-02,
    -1.430560794548E-04));
#6351 = CARTESIAN_POINT('',(-3.051700270802E-03,-0.127,
    -5.092176559088E-05));
#6352 = DEFINITIONAL_REPRESENTATION('',(#6353),#6357);
#6353 = LINE('',#6354,#6355);
#6354 = CARTESIAN_POINT('',(24.,0.));
#6355 = VECTOR('',#6356,1.);
#6356 = DIRECTION('',(0.,1.));
#6357 = ( GEOMETRIC_REPRESENTATION_CONTEXT(2) 
PARAMETRIC_REPRESENTATION_CONTEXT() REPRESENTATION_CONTEXT('2D SPACE',''
  ) );
#6358 = ORIENTED_EDGE('',*,*,#6359,.F.);
#6359 = EDGE_CURVE('',#6250,#6327,#6360,.T.);
#6360 = SURFACE_CURVE('',#6361,(#6364,#6371),.PCURVE_S1.);
#6361 = B_SPLINE_CURVE_WITH_KNOTS('',1,(#6362,#6363),.UNSPECIFIED.,.F.,
  .F.,(2,2),(23.,24.),.PIECEWISE_BEZIER_KNOTS.);
#6362 = CARTESIAN_POINT('',(-2.366184198212E-03,-0.127,
    2.151324279931E-04));
#6363 = CARTESIAN_POINT('',(-2.741629781019E-03,-0.127,
    8.317883845614E-05));
#6364 = PCURVE('',#6266,#6365);
#6365 = DEFINITIONAL_REPRESENTATION('',(#6366),#6370);
#6366 = LINE('',#6367,#6368);
#6367 = CARTESIAN_POINT('',(0.,1.));
#6368 = VECTOR('',#6369,1.);
#6369 = DIRECTION('',(1.,0.));
#6370 = ( GEOMETRIC_REPRESENTATION_CONTEXT(2) 
PARAMETRIC_REPRESENTATION_CONTEXT() REPRESENTATION_CONTEXT('2D SPACE',''
  ) );
#6371 = PCURVE('',#4566,#6372);
#6372 = DEFINITIONAL_REPRESENTATION('',(#6373),#6376);
#6373 = B_SPLINE_CURVE_WITH_KNOTS('',1,(#6374,#6375),.UNSPECIFIED.,.F.,
  .F.,(2,2),(23.,24.),.PIECEWISE_BEZIER_KNOTS.);
#6374 = CARTESIAN_POINT('',(1.071123526025E-02,5.832385685557E-04));
#6375 = CARTESIAN_POINT('',(1.11026677798E-02,5.114630986839E-04));
#6376 = ( GEOMETRIC_REPRESENTATION_CONTEXT(2) 
PARAMETRIC_REPRESENTATION_CONTEXT() REPRESENTATION_CONTEXT('2D SPACE',''
  ) );
#6377 = ORIENTED_EDGE('',*,*,#6249,.F.);
#6378 = ADVANCED_FACE('',(#6379),#6343,.T.);
#6379 = FACE_BOUND('',#6380,.T.);
#6380 = EDGE_LOOP('',(#6381,#6402,#6435,#6454));
#6381 = ORIENTED_EDGE('',*,*,#6382,.T.);
#6382 = EDGE_CURVE('',#6306,#6383,#6385,.T.);
#6383 = VERTEX_POINT('',#6384);
#6384 = CARTESIAN_POINT('',(-4.333040922744E-03,-2.032E-02,
    -2.109244826028E-03));
#6385 = SURFACE_CURVE('',#6386,(#6389,#6396),.PCURVE_S1.);
#6386 = B_SPLINE_CURVE_WITH_KNOTS('',1,(#6387,#6388),.UNSPECIFIED.,.F.,
  .F.,(2,2),(24.,25.),.PIECEWISE_BEZIER_KNOTS.);
#6387 = CARTESIAN_POINT('',(-3.978810498681E-03,-2.032E-02,
    -1.710437657971E-03));
#6388 = CARTESIAN_POINT('',(-4.333040922744E-03,-2.032E-02,
    -2.109244826028E-03));
#6389 = PCURVE('',#6343,#6390);
#6390 = DEFINITIONAL_REPRESENTATION('',(#6391),#6395);
#6391 = LINE('',#6392,#6393);
#6392 = CARTESIAN_POINT('',(0.,0.));
#6393 = VECTOR('',#6394,1.);
#6394 = DIRECTION('',(1.,0.));
#6395 = ( GEOMETRIC_REPRESENTATION_CONTEXT(2) 
PARAMETRIC_REPRESENTATION_CONTEXT() REPRESENTATION_CONTEXT('2D SPACE',''
  ) );
#6396 = PCURVE('',#4507,#6397);
#6397 = DEFINITIONAL_REPRESENTATION('',(#6398),#6401);
#6398 = B_SPLINE_CURVE_WITH_KNOTS('',1,(#6399,#6400),.UNSPECIFIED.,.F.,
  .F.,(2,2),(24.,25.),.PIECEWISE_BEZIER_KNOTS.);
#6399 = CARTESIAN_POINT('',(1.753052807337E-02,8.075733137115E-04));
#6400 = CARTESIAN_POINT('',(1.804714785374E-02,6.74793973596E-04));
#6401 = ( GEOMETRIC_REPRESENTATION_CONTEXT(2) 
PARAMETRIC_REPRESENTATION_CONTEXT() REPRESENTATION_CONTEXT('2D SPACE',''
  ) );
#6402 = ORIENTED_EDGE('',*,*,#6403,.T.);
#6403 = EDGE_CURVE('',#6383,#6404,#6406,.T.);
#6404 = VERTEX_POINT('',#6405);
#6405 = CARTESIAN_POINT('',(-3.051700270802E-03,-0.127,
    -5.092176559088E-05));
#6406 = SURFACE_CURVE('',#6407,(#6412,#6419),.PCURVE_S1.);
#6407 = ( BOUNDED_CURVE() B_SPLINE_CURVE(3,(#6408,#6409,#6410,#6411),
.UNSPECIFIED.,.F.,.F.) B_SPLINE_CURVE_WITH_KNOTS((4,4),(0.,1.),
.PIECEWISE_BEZIER_KNOTS.) CURVE() GEOMETRIC_REPRESENTATION_ITEM() 
RATIONAL_B_SPLINE_CURVE((1.,1.,1.,1.)) REPRESENTATION_ITEM('') );
#6408 = CARTESIAN_POINT('',(-4.333040922744E-03,-2.032E-02,
    -2.109244826028E-03));
#6409 = CARTESIAN_POINT('',(-7.340640120982E-03,-5.57630709112E-02,
    -1.461408961092E-03));
#6410 = CARTESIAN_POINT('',(-5.187351067398E-03,-9.160924192655E-02,
    -1.430560794548E-04));
#6411 = CARTESIAN_POINT('',(-3.051700270802E-03,-0.127,
    -5.092176559088E-05));
#6412 = PCURVE('',#6343,#6413);
#6413 = DEFINITIONAL_REPRESENTATION('',(#6414),#6418);
#6414 = LINE('',#6415,#6416);
#6415 = CARTESIAN_POINT('',(25.,0.));
#6416 = VECTOR('',#6417,1.);
#6417 = DIRECTION('',(0.,1.));
#6418 = ( GEOMETRIC_REPRESENTATION_CONTEXT(2) 
PARAMETRIC_REPRESENTATION_CONTEXT() REPRESENTATION_CONTEXT('2D SPACE',''
  ) );
#6419 = PCURVE('',#6420,#6429);
#6420 = ( BOUNDED_SURFACE() B_SPLINE_SURFACE(1,3,(
    (#6421,#6422,#6423,#6424)
    ,(#6425,#6426,#6427,#6428
)),.UNSPECIFIED.,.F.,.F.,.F.) B_SPLINE_SURFACE_WITH_KNOTS((2,2),(4,4),(
    25.,26.),(0.,1.),.PIECEWISE_BEZIER_KNOTS.) 
GEOMETRIC_REPRESENTATION_ITEM() RATIONAL_B_SPLINE_SURFACE((
    (1.,1.,1.,1.)
,(1.,1.,1.,1.))) REPRESENTATION_ITEM('') SURFACE() );
#6421 = CARTESIAN_POINT('',(-4.333040922744E-03,-2.032E-02,
    -2.109244826028E-03));
#6422 = CARTESIAN_POINT('',(-7.340640120982E-03,-5.57630709112E-02,
    -1.461408961092E-03));
#6423 = CARTESIAN_POINT('',(-5.187351067398E-03,-9.160924192655E-02,
    -1.430560794548E-04));
#6424 = CARTESIAN_POINT('',(-3.051700270802E-03,-0.127,
    -5.092176559088E-05));
#6425 = CARTESIAN_POINT('',(-4.588363475336E-03,-2.032E-02,
    -2.461696124987E-03));
#6426 = CARTESIAN_POINT('',(-7.863086492835E-03,-5.57630709112E-02,
    -1.89029517255E-03));
#6427 = CARTESIAN_POINT('',(-5.594416959641E-03,-9.160924192655E-02,
    -3.752746197602E-04));
#6428 = CARTESIAN_POINT('',(-3.292590613661E-03,-0.127,
    -1.848878417679E-04));
#6429 = DEFINITIONAL_REPRESENTATION('',(#6430),#6434);
#6430 = LINE('',#6431,#6432);
#6431 = CARTESIAN_POINT('',(25.,0.));
#6432 = VECTOR('',#6433,1.);
#6433 = DIRECTION('',(0.,1.));
#6434 = ( GEOMETRIC_REPRESENTATION_CONTEXT(2) 
PARAMETRIC_REPRESENTATION_CONTEXT() REPRESENTATION_CONTEXT('2D SPACE',''
  ) );
#6435 = ORIENTED_EDGE('',*,*,#6436,.F.);
#6436 = EDGE_CURVE('',#6327,#6404,#6437,.T.);
#6437 = SURFACE_CURVE('',#6438,(#6441,#6448),.PCURVE_S1.);
#6438 = B_SPLINE_CURVE_WITH_KNOTS('',1,(#6439,#6440),.UNSPECIFIED.,.F.,
  .F.,(2,2),(24.,25.),.PIECEWISE_BEZIER_KNOTS.);
#6439 = CARTESIAN_POINT('',(-2.741629781019E-03,-0.127,
    8.317883845614E-05));
#6440 = CARTESIAN_POINT('',(-3.051700270802E-03,-0.127,
    -5.092176559088E-05));
#6441 = PCURVE('',#6343,#6442);
#6442 = DEFINITIONAL_REPRESENTATION('',(#6443),#6447);
#6443 = LINE('',#6444,#6445);
#6444 = CARTESIAN_POINT('',(0.,1.));
#6445 = VECTOR('',#6446,1.);
#6446 = DIRECTION('',(1.,0.));
#6447 = ( GEOMETRIC_REPRESENTATION_CONTEXT(2) 
PARAMETRIC_REPRESENTATION_CONTEXT() REPRESENTATION_CONTEXT('2D SPACE',''
  ) );
#6448 = PCURVE('',#4566,#6449);
#6449 = DEFINITIONAL_REPRESENTATION('',(#6450),#6453);
#6450 = B_SPLINE_CURVE_WITH_KNOTS('',1,(#6451,#6452),.UNSPECIFIED.,.F.,
  .F.,(2,2),(24.,25.),.PIECEWISE_BEZIER_KNOTS.);
#6451 = CARTESIAN_POINT('',(1.11026677798E-02,5.114630986839E-04));
#6452 = CARTESIAN_POINT('',(1.142986030737E-02,4.273695166108E-04));
#6453 = ( GEOMETRIC_REPRESENTATION_CONTEXT(2) 
PARAMETRIC_REPRESENTATION_CONTEXT() REPRESENTATION_CONTEXT('2D SPACE',''
  ) );
#6454 = ORIENTED_EDGE('',*,*,#6326,.F.);
#6455 = ADVANCED_FACE('',(#6456),#6420,.T.);
#6456 = FACE_BOUND('',#6457,.T.);
#6457 = EDGE_LOOP('',(#6458,#6479,#6512,#6531));
#6458 = ORIENTED_EDGE('',*,*,#6459,.T.);
#6459 = EDGE_CURVE('',#6383,#6460,#6462,.T.);
#6460 = VERTEX_POINT('',#6461);
#6461 = CARTESIAN_POINT('',(-4.588363475336E-03,-2.032E-02,
    -2.461696124987E-03));
#6462 = SURFACE_CURVE('',#6463,(#6466,#6473),.PCURVE_S1.);
#6463 = B_SPLINE_CURVE_WITH_KNOTS('',1,(#6464,#6465),.UNSPECIFIED.,.F.,
  .F.,(2,2),(25.,26.),.PIECEWISE_BEZIER_KNOTS.);
#6464 = CARTESIAN_POINT('',(-4.333040922744E-03,-2.032E-02,
    -2.109244826028E-03));
#6465 = CARTESIAN_POINT('',(-4.588363475336E-03,-2.032E-02,
    -2.461696124987E-03));
#6466 = PCURVE('',#6420,#6467);
#6467 = DEFINITIONAL_REPRESENTATION('',(#6468),#6472);
#6468 = LINE('',#6469,#6470);
#6469 = CARTESIAN_POINT('',(0.,0.));
#6470 = VECTOR('',#6471,1.);
#6471 = DIRECTION('',(1.,0.));
#6472 = ( GEOMETRIC_REPRESENTATION_CONTEXT(2) 
PARAMETRIC_REPRESENTATION_CONTEXT() REPRESENTATION_CONTEXT('2D SPACE',''
  ) );
#6473 = PCURVE('',#4507,#6474);
#6474 = DEFINITIONAL_REPRESENTATION('',(#6475),#6478);
#6475 = B_SPLINE_CURVE_WITH_KNOTS('',1,(#6476,#6477),.UNSPECIFIED.,.F.,
  .F.,(2,2),(25.,26.),.PIECEWISE_BEZIER_KNOTS.);
#6476 = CARTESIAN_POINT('',(1.804714785374E-02,6.74793973596E-04));
#6477 = CARTESIAN_POINT('',(1.845583970956E-02,5.251861830792E-04));
#6478 = ( GEOMETRIC_REPRESENTATION_CONTEXT(2) 
PARAMETRIC_REPRESENTATION_CONTEXT() REPRESENTATION_CONTEXT('2D SPACE',''
  ) );
#6479 = ORIENTED_EDGE('',*,*,#6480,.T.);
#6480 = EDGE_CURVE('',#6460,#6481,#6483,.T.);
#6481 = VERTEX_POINT('',#6482);
#6482 = CARTESIAN_POINT('',(-3.292590613661E-03,-0.127,
    -1.848878417679E-04));
#6483 = SURFACE_CURVE('',#6484,(#6489,#6496),.PCURVE_S1.);
#6484 = ( BOUNDED_CURVE() B_SPLINE_CURVE(3,(#6485,#6486,#6487,#6488),
.UNSPECIFIED.,.F.,.F.) B_SPLINE_CURVE_WITH_KNOTS((4,4),(0.,1.),
.PIECEWISE_BEZIER_KNOTS.) CURVE() GEOMETRIC_REPRESENTATION_ITEM() 
RATIONAL_B_SPLINE_CURVE((1.,1.,1.,1.)) REPRESENTATION_ITEM('') );
#6485 = CARTESIAN_POINT('',(-4.588363475336E-03,-2.032E-02,
    -2.461696124987E-03));
#6486 = CARTESIAN_POINT('',(-7.863086492835E-03,-5.57630709112E-02,
    -1.89029517255E-03));
#6487 = CARTESIAN_POINT('',(-5.594416959641E-03,-9.160924192655E-02,
    -3.752746197602E-04));
#6488 = CARTESIAN_POINT('',(-3.292590613661E-03,-0.127,
    -1.848878417679E-04));
#6489 = PCURVE('',#6420,#6490);
#6490 = DEFINITIONAL_REPRESENTATION('',(#6491),#6495);
#6491 = LINE('',#6492,#6493);
#6492 = CARTESIAN_POINT('',(26.,0.));
#6493 = VECTOR('',#6494,1.);
#6494 = DIRECTION('',(0.,1.));
#6495 = ( GEOMETRIC_REPRESENTATION_CONTEXT(2) 
PARAMETRIC_REPRESENTATION_CONTEXT() REPRESENTATION_CONTEXT('2D SPACE',''
  ) );
#6496 = PCURVE('',#6497,#6506);
#6497 = ( BOUNDED_SURFACE() B_SPLINE_SURFACE(1,3,(
    (#6498,#6499,#6500,#6501)
    ,(#6502,#6503,#6504,#6505
)),.UNSPECIFIED.,.F.,.F.,.F.) B_SPLINE_SURFACE_WITH_KNOTS((2,2),(4,4),(
    26.,27.),(0.,1.),.PIECEWISE_BEZIER_KNOTS.) 
GEOMETRIC_REPRESENTATION_ITEM() RATIONAL_B_SPLINE_SURFACE((
    (1.,1.,1.,1.)
,(1.,1.,1.,1.))) REPRESENTATION_ITEM('') SURFACE() );
#6498 = CARTESIAN_POINT('',(-4.588363475336E-03,-2.032E-02,
    -2.461696124987E-03));
#6499 = CARTESIAN_POINT('',(-7.863086492835E-03,-5.57630709112E-02,
    -1.89029517255E-03));
#6500 = CARTESIAN_POINT('',(-5.594416959641E-03,-9.160924192655E-02,
    -3.752746197602E-04));
#6501 = CARTESIAN_POINT('',(-3.292590613661E-03,-0.127,
    -1.848878417679E-04));
#6502 = CARTESIAN_POINT('',(-4.741990897355E-03,-2.032E-02,
    -2.762731306713E-03));
#6503 = CARTESIAN_POINT('',(-8.212496625523E-03,-5.57630709112E-02,
    -2.282008968874E-03));
#6504 = CARTESIAN_POINT('',(-5.878887222525E-03,-9.160924192655E-02,
    -6.02259569898E-04));
#6505 = CARTESIAN_POINT('',(-3.461346519925E-03,-0.127,
    -3.165608661378E-04));
#6506 = DEFINITIONAL_REPRESENTATION('',(#6507),#6511);
#6507 = LINE('',#6508,#6509);
#6508 = CARTESIAN_POINT('',(26.,0.));
#6509 = VECTOR('',#6510,1.);
#6510 = DIRECTION('',(0.,1.));
#6511 = ( GEOMETRIC_REPRESENTATION_CONTEXT(2) 
PARAMETRIC_REPRESENTATION_CONTEXT() REPRESENTATION_CONTEXT('2D SPACE',''
  ) );
#6512 = ORIENTED_EDGE('',*,*,#6513,.F.);
#6513 = EDGE_CURVE('',#6404,#6481,#6514,.T.);
#6514 = SURFACE_CURVE('',#6515,(#6518,#6525),.PCURVE_S1.);
#6515 = B_SPLINE_CURVE_WITH_KNOTS('',1,(#6516,#6517),.UNSPECIFIED.,.F.,
  .F.,(2,2),(25.,26.),.PIECEWISE_BEZIER_KNOTS.);
#6516 = CARTESIAN_POINT('',(-3.051700270802E-03,-0.127,
    -5.092176559088E-05));
#6517 = CARTESIAN_POINT('',(-3.292590613661E-03,-0.127,
    -1.848878417679E-04));
#6518 = PCURVE('',#6420,#6519);
#6519 = DEFINITIONAL_REPRESENTATION('',(#6520),#6524);
#6520 = LINE('',#6521,#6522);
#6521 = CARTESIAN_POINT('',(0.,1.));
#6522 = VECTOR('',#6523,1.);
#6523 = DIRECTION('',(1.,0.));
#6524 = ( GEOMETRIC_REPRESENTATION_CONTEXT(2) 
PARAMETRIC_REPRESENTATION_CONTEXT() REPRESENTATION_CONTEXT('2D SPACE',''
  ) );
#6525 = PCURVE('',#4566,#6526);
#6526 = DEFINITIONAL_REPRESENTATION('',(#6527),#6530);
#6527 = B_SPLINE_CURVE_WITH_KNOTS('',1,(#6528,#6529),.UNSPECIFIED.,.F.,
  .F.,(2,2),(25.,26.),.PIECEWISE_BEZIER_KNOTS.);
#6528 = CARTESIAN_POINT('',(1.142986030737E-02,4.273695166108E-04));
#6529 = CARTESIAN_POINT('',(1.168869848272E-02,3.326179159502E-04));
#6530 = ( GEOMETRIC_REPRESENTATION_CONTEXT(2) 
PARAMETRIC_REPRESENTATION_CONTEXT() REPRESENTATION_CONTEXT('2D SPACE',''
  ) );
#6531 = ORIENTED_EDGE('',*,*,#6403,.F.);
#6532 = ADVANCED_FACE('',(#6533),#6497,.T.);
#6533 = FACE_BOUND('',#6534,.T.);
#6534 = EDGE_LOOP('',(#6535,#6556,#6589,#6608));
#6535 = ORIENTED_EDGE('',*,*,#6536,.T.);
#6536 = EDGE_CURVE('',#6460,#6537,#6539,.T.);
#6537 = VERTEX_POINT('',#6538);
#6538 = CARTESIAN_POINT('',(-4.741990897355E-03,-2.032E-02,
    -2.762731306713E-03));
#6539 = SURFACE_CURVE('',#6540,(#6543,#6550),.PCURVE_S1.);
#6540 = B_SPLINE_CURVE_WITH_KNOTS('',1,(#6541,#6542),.UNSPECIFIED.,.F.,
  .F.,(2,2),(26.,27.),.PIECEWISE_BEZIER_KNOTS.);
#6541 = CARTESIAN_POINT('',(-4.588363475336E-03,-2.032E-02,
    -2.461696124987E-03));
#6542 = CARTESIAN_POINT('',(-4.741990897355E-03,-2.032E-02,
    -2.762731306713E-03));
#6543 = PCURVE('',#6497,#6544);
#6544 = DEFINITIONAL_REPRESENTATION('',(#6545),#6549);
#6545 = LINE('',#6546,#6547);
#6546 = CARTESIAN_POINT('',(0.,0.));
#6547 = VECTOR('',#6548,1.);
#6548 = DIRECTION('',(1.,0.));
#6549 = ( GEOMETRIC_REPRESENTATION_CONTEXT(2) 
PARAMETRIC_REPRESENTATION_CONTEXT() REPRESENTATION_CONTEXT('2D SPACE',''
  ) );
#6550 = PCURVE('',#4507,#6551);
#6551 = DEFINITIONAL_REPRESENTATION('',(#6552),#6555);
#6552 = B_SPLINE_CURVE_WITH_KNOTS('',1,(#6553,#6554),.UNSPECIFIED.,.F.,
  .F.,(2,2),(26.,27.),.PIECEWISE_BEZIER_KNOTS.);
#6553 = CARTESIAN_POINT('',(1.845583970956E-02,5.251861830792E-04));
#6554 = CARTESIAN_POINT('',(1.875146445015E-02,3.613888137908E-04));
#6555 = ( GEOMETRIC_REPRESENTATION_CONTEXT(2) 
PARAMETRIC_REPRESENTATION_CONTEXT() REPRESENTATION_CONTEXT('2D SPACE',''
  ) );
#6556 = ORIENTED_EDGE('',*,*,#6557,.T.);
#6557 = EDGE_CURVE('',#6537,#6558,#6560,.T.);
#6558 = VERTEX_POINT('',#6559);
#6559 = CARTESIAN_POINT('',(-3.461346519925E-03,-0.127,
    -3.165608661378E-04));
#6560 = SURFACE_CURVE('',#6561,(#6566,#6573),.PCURVE_S1.);
#6561 = ( BOUNDED_CURVE() B_SPLINE_CURVE(3,(#6562,#6563,#6564,#6565),
.UNSPECIFIED.,.F.,.F.) B_SPLINE_CURVE_WITH_KNOTS((4,4),(0.,1.),
.PIECEWISE_BEZIER_KNOTS.) CURVE() GEOMETRIC_REPRESENTATION_ITEM() 
RATIONAL_B_SPLINE_CURVE((1.,1.,1.,1.)) REPRESENTATION_ITEM('') );
#6562 = CARTESIAN_POINT('',(-4.741990897355E-03,-2.032E-02,
    -2.762731306713E-03));
#6563 = CARTESIAN_POINT('',(-8.212496625523E-03,-5.57630709112E-02,
    -2.282008968874E-03));
#6564 = CARTESIAN_POINT('',(-5.878887222525E-03,-9.160924192655E-02,
    -6.02259569898E-04));
#6565 = CARTESIAN_POINT('',(-3.461346519925E-03,-0.127,
    -3.165608661378E-04));
#6566 = PCURVE('',#6497,#6567);
#6567 = DEFINITIONAL_REPRESENTATION('',(#6568),#6572);
#6568 = LINE('',#6569,#6570);
#6569 = CARTESIAN_POINT('',(27.,0.));
#6570 = VECTOR('',#6571,1.);
#6571 = DIRECTION('',(0.,1.));
#6572 = ( GEOMETRIC_REPRESENTATION_CONTEXT(2) 
PARAMETRIC_REPRESENTATION_CONTEXT() REPRESENTATION_CONTEXT('2D SPACE',''
  ) );
#6573 = PCURVE('',#6574,#6583);
#6574 = ( BOUNDED_SURFACE() B_SPLINE_SURFACE(1,3,(
    (#6575,#6576,#6577,#6578)
    ,(#6579,#6580,#6581,#6582
)),.UNSPECIFIED.,.F.,.F.,.F.) B_SPLINE_SURFACE_WITH_KNOTS((2,2),(4,4),(
    27.,28.),(0.,1.),.PIECEWISE_BEZIER_KNOTS.) 
GEOMETRIC_REPRESENTATION_ITEM() RATIONAL_B_SPLINE_SURFACE((
    (1.,1.,1.,1.)
,(1.,1.,1.,1.))) REPRESENTATION_ITEM('') SURFACE() );
#6575 = CARTESIAN_POINT('',(-4.741990897355E-03,-2.032E-02,
    -2.762731306713E-03));
#6576 = CARTESIAN_POINT('',(-8.212496625523E-03,-5.57630709112E-02,
    -2.282008968874E-03));
#6577 = CARTESIAN_POINT('',(-5.878887222525E-03,-9.160924192655E-02,
    -6.02259569898E-04));
#6578 = CARTESIAN_POINT('',(-3.461346519925E-03,-0.127,
    -3.165608661378E-04));
#6579 = CARTESIAN_POINT('',(-4.792146181564E-03,-2.032E-02,
    -3.008334961154E-03));
#6580 = CARTESIAN_POINT('',(-8.384618746849E-03,-5.57630709112E-02,
    -2.631218162733E-03));
#6581 = CARTESIAN_POINT('',(-6.037234358781E-03,-9.160924192655E-02,
    -8.20862287105E-04));
#6582 = CARTESIAN_POINT('',(-3.555873238891E-03,-0.127,
    -4.441116442975E-04));
#6583 = DEFINITIONAL_REPRESENTATION('',(#6584),#6588);
#6584 = LINE('',#6585,#6586);
#6585 = CARTESIAN_POINT('',(27.,0.));
#6586 = VECTOR('',#6587,1.);
#6587 = DIRECTION('',(0.,1.));
#6588 = ( GEOMETRIC_REPRESENTATION_CONTEXT(2) 
PARAMETRIC_REPRESENTATION_CONTEXT() REPRESENTATION_CONTEXT('2D SPACE',''
  ) );
#6589 = ORIENTED_EDGE('',*,*,#6590,.F.);
#6590 = EDGE_CURVE('',#6481,#6558,#6591,.T.);
#6591 = SURFACE_CURVE('',#6592,(#6595,#6602),.PCURVE_S1.);
#6592 = B_SPLINE_CURVE_WITH_KNOTS('',1,(#6593,#6594),.UNSPECIFIED.,.F.,
  .F.,(2,2),(26.,27.),.PIECEWISE_BEZIER_KNOTS.);
#6593 = CARTESIAN_POINT('',(-3.292590613661E-03,-0.127,
    -1.848878417679E-04));
#6594 = CARTESIAN_POINT('',(-3.461346519925E-03,-0.127,
    -3.165608661378E-04));
#6595 = PCURVE('',#6497,#6596);
#6596 = DEFINITIONAL_REPRESENTATION('',(#6597),#6601);
#6597 = LINE('',#6598,#6599);
#6598 = CARTESIAN_POINT('',(0.,1.));
#6599 = VECTOR('',#6600,1.);
#6600 = DIRECTION('',(1.,0.));
#6601 = ( GEOMETRIC_REPRESENTATION_CONTEXT(2) 
PARAMETRIC_REPRESENTATION_CONTEXT() REPRESENTATION_CONTEXT('2D SPACE',''
  ) );
#6602 = PCURVE('',#4566,#6603);
#6603 = DEFINITIONAL_REPRESENTATION('',(#6604),#6607);
#6604 = B_SPLINE_CURVE_WITH_KNOTS('',1,(#6605,#6606),.UNSPECIFIED.,.F.,
  .F.,(2,2),(26.,27.),.PIECEWISE_BEZIER_KNOTS.);
#6605 = CARTESIAN_POINT('',(1.168869848272E-02,3.326179159502E-04));
#6606 = CARTESIAN_POINT('',(1.187592748509E-02,2.288795820675E-04));
#6607 = ( GEOMETRIC_REPRESENTATION_CONTEXT(2) 
PARAMETRIC_REPRESENTATION_CONTEXT() REPRESENTATION_CONTEXT('2D SPACE',''
  ) );
#6608 = ORIENTED_EDGE('',*,*,#6480,.F.);
#6609 = ADVANCED_FACE('',(#6610),#6574,.T.);
#6610 = FACE_BOUND('',#6611,.T.);
#6611 = EDGE_LOOP('',(#6612,#6633,#6666,#6685));
#6612 = ORIENTED_EDGE('',*,*,#6613,.T.);
#6613 = EDGE_CURVE('',#6537,#6614,#6616,.T.);
#6614 = VERTEX_POINT('',#6615);
#6615 = CARTESIAN_POINT('',(-4.792146181564E-03,-2.032E-02,
    -3.008334961154E-03));
#6616 = SURFACE_CURVE('',#6617,(#6620,#6627),.PCURVE_S1.);
#6617 = B_SPLINE_CURVE_WITH_KNOTS('',1,(#6618,#6619),.UNSPECIFIED.,.F.,
  .F.,(2,2),(27.,28.),.PIECEWISE_BEZIER_KNOTS.);
#6618 = CARTESIAN_POINT('',(-4.741990897355E-03,-2.032E-02,
    -2.762731306713E-03));
#6619 = CARTESIAN_POINT('',(-4.792146181564E-03,-2.032E-02,
    -3.008334961154E-03));
#6620 = PCURVE('',#6574,#6621);
#6621 = DEFINITIONAL_REPRESENTATION('',(#6622),#6626);
#6622 = LINE('',#6623,#6624);
#6623 = CARTESIAN_POINT('',(0.,0.));
#6624 = VECTOR('',#6625,1.);
#6625 = DIRECTION('',(1.,0.));
#6626 = ( GEOMETRIC_REPRESENTATION_CONTEXT(2) 
PARAMETRIC_REPRESENTATION_CONTEXT() REPRESENTATION_CONTEXT('2D SPACE',''
  ) );
#6627 = PCURVE('',#4507,#6628);
#6628 = DEFINITIONAL_REPRESENTATION('',(#6629),#6632);
#6629 = B_SPLINE_CURVE_WITH_KNOTS('',1,(#6630,#6631),.UNSPECIFIED.,.F.,
  .F.,(2,2),(27.,28.),.PIECEWISE_BEZIER_KNOTS.);
#6630 = CARTESIAN_POINT('',(1.875146445015E-02,3.613888137908E-04));
#6631 = CARTESIAN_POINT('',(1.893030454962E-02,1.857388026052E-04));
#6632 = ( GEOMETRIC_REPRESENTATION_CONTEXT(2) 
PARAMETRIC_REPRESENTATION_CONTEXT() REPRESENTATION_CONTEXT('2D SPACE',''
  ) );
#6633 = ORIENTED_EDGE('',*,*,#6634,.T.);
#6634 = EDGE_CURVE('',#6614,#6635,#6637,.T.);
#6635 = VERTEX_POINT('',#6636);
#6636 = CARTESIAN_POINT('',(-3.555873238891E-03,-0.127,
    -4.441116442975E-04));
#6637 = SURFACE_CURVE('',#6638,(#6643,#6650),.PCURVE_S1.);
#6638 = ( BOUNDED_CURVE() B_SPLINE_CURVE(3,(#6639,#6640,#6641,#6642),
.UNSPECIFIED.,.F.,.F.) B_SPLINE_CURVE_WITH_KNOTS((4,4),(0.,1.),
.PIECEWISE_BEZIER_KNOTS.) CURVE() GEOMETRIC_REPRESENTATION_ITEM() 
RATIONAL_B_SPLINE_CURVE((1.,1.,1.,1.)) REPRESENTATION_ITEM('') );
#6639 = CARTESIAN_POINT('',(-4.792146181564E-03,-2.032E-02,
    -3.008334961154E-03));
#6640 = CARTESIAN_POINT('',(-8.384618746849E-03,-5.57630709112E-02,
    -2.631218162733E-03));
#6641 = CARTESIAN_POINT('',(-6.037234358781E-03,-9.160924192655E-02,
    -8.20862287105E-04));
#6642 = CARTESIAN_POINT('',(-3.555873238891E-03,-0.127,
    -4.441116442975E-04));
#6643 = PCURVE('',#6574,#6644);
#6644 = DEFINITIONAL_REPRESENTATION('',(#6645),#6649);
#6645 = LINE('',#6646,#6647);
#6646 = CARTESIAN_POINT('',(28.,0.));
#6647 = VECTOR('',#6648,1.);
#6648 = DIRECTION('',(0.,1.));
#6649 = ( GEOMETRIC_REPRESENTATION_CONTEXT(2) 
PARAMETRIC_REPRESENTATION_CONTEXT() REPRESENTATION_CONTEXT('2D SPACE',''
  ) );
#6650 = PCURVE('',#6651,#6660);
#6651 = ( BOUNDED_SURFACE() B_SPLINE_SURFACE(1,3,(
    (#6652,#6653,#6654,#6655)
    ,(#6656,#6657,#6658,#6659
)),.UNSPECIFIED.,.F.,.F.,.F.) B_SPLINE_SURFACE_WITH_KNOTS((2,2),(4,4),(
    28.,29.),(0.,1.),.PIECEWISE_BEZIER_KNOTS.) 
GEOMETRIC_REPRESENTATION_ITEM() RATIONAL_B_SPLINE_SURFACE((
    (1.,1.,1.,1.)
,(1.,1.,1.,1.))) REPRESENTATION_ITEM('') SURFACE() );
#6652 = CARTESIAN_POINT('',(-4.792146181564E-03,-2.032E-02,
    -3.008334961154E-03));
#6653 = CARTESIAN_POINT('',(-8.384618746849E-03,-5.57630709112E-02,
    -2.631218162733E-03));
#6654 = CARTESIAN_POINT('',(-6.037234358781E-03,-9.160924192655E-02,
    -8.20862287105E-04));
#6655 = CARTESIAN_POINT('',(-3.555873238891E-03,-0.127,
    -4.441116442975E-04));
#6656 = CARTESIAN_POINT('',(-4.737949727152E-03,-2.032E-02,
    -3.195787443335E-03));
#6657 = CARTESIAN_POINT('',(-8.377059824416E-03,-5.57630709112E-02,
    -2.934183601735E-03));
#6658 = CARTESIAN_POINT('',(-6.067386943957E-03,-9.160924192655E-02,
    -1.02880620756E-03));
#6659 = CARTESIAN_POINT('',(-3.574937948784E-03,-0.127,
    -5.662145462131E-04));
#6660 = DEFINITIONAL_REPRESENTATION('',(#6661),#6665);
#6661 = LINE('',#6662,#6663);
#6662 = CARTESIAN_POINT('',(28.,0.));
#6663 = VECTOR('',#6664,1.);
#6664 = DIRECTION('',(0.,1.));
#6665 = ( GEOMETRIC_REPRESENTATION_CONTEXT(2) 
PARAMETRIC_REPRESENTATION_CONTEXT() REPRESENTATION_CONTEXT('2D SPACE',''
  ) );
#6666 = ORIENTED_EDGE('',*,*,#6667,.F.);
#6667 = EDGE_CURVE('',#6558,#6635,#6668,.T.);
#6668 = SURFACE_CURVE('',#6669,(#6672,#6679),.PCURVE_S1.);
#6669 = B_SPLINE_CURVE_WITH_KNOTS('',1,(#6670,#6671),.UNSPECIFIED.,.F.,
  .F.,(2,2),(27.,28.),.PIECEWISE_BEZIER_KNOTS.);
#6670 = CARTESIAN_POINT('',(-3.461346519925E-03,-0.127,
    -3.165608661378E-04));
#6671 = CARTESIAN_POINT('',(-3.555873238891E-03,-0.127,
    -4.441116442975E-04));
#6672 = PCURVE('',#6574,#6673);
#6673 = DEFINITIONAL_REPRESENTATION('',(#6674),#6678);
#6674 = LINE('',#6675,#6676);
#6675 = CARTESIAN_POINT('',(0.,1.));
#6676 = VECTOR('',#6677,1.);
#6677 = DIRECTION('',(1.,0.));
#6678 = ( GEOMETRIC_REPRESENTATION_CONTEXT(2) 
PARAMETRIC_REPRESENTATION_CONTEXT() REPRESENTATION_CONTEXT('2D SPACE',''
  ) );
#6679 = PCURVE('',#4566,#6680);
#6680 = DEFINITIONAL_REPRESENTATION('',(#6681),#6684);
#6681 = B_SPLINE_CURVE_WITH_KNOTS('',1,(#6682,#6683),.UNSPECIFIED.,.F.,
  .F.,(2,2),(27.,28.),.PIECEWISE_BEZIER_KNOTS.);
#6682 = CARTESIAN_POINT('',(1.187592748509E-02,2.288795820675E-04));
#6683 = CARTESIAN_POINT('',(1.198919288143E-02,1.176345749833E-04));
#6684 = ( GEOMETRIC_REPRESENTATION_CONTEXT(2) 
PARAMETRIC_REPRESENTATION_CONTEXT() REPRESENTATION_CONTEXT('2D SPACE',''
  ) );
#6685 = ORIENTED_EDGE('',*,*,#6557,.F.);
#6686 = ADVANCED_FACE('',(#6687),#6651,.T.);
#6687 = FACE_BOUND('',#6688,.T.);
#6688 = EDGE_LOOP('',(#6689,#6710,#6743,#6762));
#6689 = ORIENTED_EDGE('',*,*,#6690,.T.);
#6690 = EDGE_CURVE('',#6614,#6691,#6693,.T.);
#6691 = VERTEX_POINT('',#6692);
#6692 = CARTESIAN_POINT('',(-4.737949727152E-03,-2.032E-02,
    -3.195787443335E-03));
#6693 = SURFACE_CURVE('',#6694,(#6697,#6704),.PCURVE_S1.);
#6694 = B_SPLINE_CURVE_WITH_KNOTS('',1,(#6695,#6696),.UNSPECIFIED.,.F.,
  .F.,(2,2),(28.,29.),.PIECEWISE_BEZIER_KNOTS.);
#6695 = CARTESIAN_POINT('',(-4.792146181564E-03,-2.032E-02,
    -3.008334961154E-03));
#6696 = CARTESIAN_POINT('',(-4.737949727152E-03,-2.032E-02,
    -3.195787443335E-03));
#6697 = PCURVE('',#6651,#6698);
#6698 = DEFINITIONAL_REPRESENTATION('',(#6699),#6703);
#6699 = LINE('',#6700,#6701);
#6700 = CARTESIAN_POINT('',(0.,0.));
#6701 = VECTOR('',#6702,1.);
#6702 = DIRECTION('',(1.,0.));
#6703 = ( GEOMETRIC_REPRESENTATION_CONTEXT(2) 
PARAMETRIC_REPRESENTATION_CONTEXT() REPRESENTATION_CONTEXT('2D SPACE',''
  ) );
#6704 = PCURVE('',#4507,#6705);
#6705 = DEFINITIONAL_REPRESENTATION('',(#6706),#6709);
#6706 = B_SPLINE_CURVE_WITH_KNOTS('',1,(#6707,#6708),.UNSPECIFIED.,.F.,
  .F.,(2,2),(28.,29.),.PIECEWISE_BEZIER_KNOTS.);
#6707 = CARTESIAN_POINT('',(1.893030454962E-02,1.857388026052E-04));
#6708 = CARTESIAN_POINT('',(1.899011078636E-02,0.));
#6709 = ( GEOMETRIC_REPRESENTATION_CONTEXT(2) 
PARAMETRIC_REPRESENTATION_CONTEXT() REPRESENTATION_CONTEXT('2D SPACE',''
  ) );
#6710 = ORIENTED_EDGE('',*,*,#6711,.T.);
#6711 = EDGE_CURVE('',#6691,#6712,#6714,.T.);
#6712 = VERTEX_POINT('',#6713);
#6713 = CARTESIAN_POINT('',(-3.574937948784E-03,-0.127,
    -5.662145462131E-04));
#6714 = SURFACE_CURVE('',#6715,(#6720,#6727),.PCURVE_S1.);
#6715 = ( BOUNDED_CURVE() B_SPLINE_CURVE(3,(#6716,#6717,#6718,#6719),
.UNSPECIFIED.,.F.,.F.) B_SPLINE_CURVE_WITH_KNOTS((4,4),(0.,1.),
.PIECEWISE_BEZIER_KNOTS.) CURVE() GEOMETRIC_REPRESENTATION_ITEM() 
RATIONAL_B_SPLINE_CURVE((1.,1.,1.,1.)) REPRESENTATION_ITEM('') );
#6716 = CARTESIAN_POINT('',(-4.737949727152E-03,-2.032E-02,
    -3.195787443335E-03));
#6717 = CARTESIAN_POINT('',(-8.377059824416E-03,-5.57630709112E-02,
    -2.934183601735E-03));
#6718 = CARTESIAN_POINT('',(-6.067386943957E-03,-9.160924192655E-02,
    -1.02880620756E-03));
#6719 = CARTESIAN_POINT('',(-3.574937948784E-03,-0.127,
    -5.662145462131E-04));
#6720 = PCURVE('',#6651,#6721);
#6721 = DEFINITIONAL_REPRESENTATION('',(#6722),#6726);
#6722 = LINE('',#6723,#6724);
#6723 = CARTESIAN_POINT('',(29.,0.));
#6724 = VECTOR('',#6725,1.);
#6725 = DIRECTION('',(0.,1.));
#6726 = ( GEOMETRIC_REPRESENTATION_CONTEXT(2) 
PARAMETRIC_REPRESENTATION_CONTEXT() REPRESENTATION_CONTEXT('2D SPACE',''
  ) );
#6727 = PCURVE('',#6728,#6737);
#6728 = ( BOUNDED_SURFACE() B_SPLINE_SURFACE(1,3,(
    (#6729,#6730,#6731,#6732)
    ,(#6733,#6734,#6735,#6736
)),.UNSPECIFIED.,.F.,.F.,.F.) B_SPLINE_SURFACE_WITH_KNOTS((2,2),(4,4),(
    29.,30.),(0.,1.),.PIECEWISE_BEZIER_KNOTS.) 
GEOMETRIC_REPRESENTATION_ITEM() RATIONAL_B_SPLINE_SURFACE((
    (1.,1.,1.,1.)
,(1.,1.,1.,1.))) REPRESENTATION_ITEM('') SURFACE() );
#6729 = CARTESIAN_POINT('',(-4.737949727152E-03,-2.032E-02,
    -3.195787443335E-03));
#6730 = CARTESIAN_POINT('',(-8.377059824416E-03,-5.57630709112E-02,
    -2.934183601735E-03));
#6731 = CARTESIAN_POINT('',(-6.067386943957E-03,-9.160924192655E-02,
    -1.02880620756E-03));
#6732 = CARTESIAN_POINT('',(-3.574937948784E-03,-0.127,
    -5.662145462131E-04));
#6733 = CARTESIAN_POINT('',(-4.584449161338E-03,-2.032E-02,
    -3.316258456618E-03));
#6734 = CARTESIAN_POINT('',(-8.193923589025E-03,-5.57630709112E-02,
    -3.175650605328E-03));
#6735 = CARTESIAN_POINT('',(-5.9703713438E-03,-9.160924192655E-02,
    -1.215187069702E-03));
#6736 = CARTESIAN_POINT('',(-3.519074460455E-03,-0.127,
    -6.764499873888E-04));
#6737 = DEFINITIONAL_REPRESENTATION('',(#6738),#6742);
#6738 = LINE('',#6739,#6740);
#6739 = CARTESIAN_POINT('',(29.,0.));
#6740 = VECTOR('',#6741,1.);
#6741 = DIRECTION('',(0.,1.));
#6742 = ( GEOMETRIC_REPRESENTATION_CONTEXT(2) 
PARAMETRIC_REPRESENTATION_CONTEXT() REPRESENTATION_CONTEXT('2D SPACE',''
  ) );
#6743 = ORIENTED_EDGE('',*,*,#6744,.F.);
#6744 = EDGE_CURVE('',#6635,#6712,#6745,.T.);
#6745 = SURFACE_CURVE('',#6746,(#6749,#6756),.PCURVE_S1.);
#6746 = B_SPLINE_CURVE_WITH_KNOTS('',1,(#6747,#6748),.UNSPECIFIED.,.F.,
  .F.,(2,2),(28.,29.),.PIECEWISE_BEZIER_KNOTS.);
#6747 = CARTESIAN_POINT('',(-3.555873238891E-03,-0.127,
    -4.441116442975E-04));
#6748 = CARTESIAN_POINT('',(-3.574937948784E-03,-0.127,
    -5.662145462131E-04));
#6749 = PCURVE('',#6651,#6750);
#6750 = DEFINITIONAL_REPRESENTATION('',(#6751),#6755);
#6751 = LINE('',#6752,#6753);
#6752 = CARTESIAN_POINT('',(0.,1.));
#6753 = VECTOR('',#6754,1.);
#6754 = DIRECTION('',(1.,0.));
#6755 = ( GEOMETRIC_REPRESENTATION_CONTEXT(2) 
PARAMETRIC_REPRESENTATION_CONTEXT() REPRESENTATION_CONTEXT('2D SPACE',''
  ) );
#6756 = PCURVE('',#4566,#6757);
#6757 = DEFINITIONAL_REPRESENTATION('',(#6758),#6761);
#6758 = B_SPLINE_CURVE_WITH_KNOTS('',1,(#6759,#6760),.UNSPECIFIED.,.F.,
  .F.,(2,2),(28.,29.),.PIECEWISE_BEZIER_KNOTS.);
#6759 = CARTESIAN_POINT('',(1.198919288143E-02,1.176345749833E-04));
#6760 = CARTESIAN_POINT('',(1.20270701647E-02,-1.084202172486E-19));
#6761 = ( GEOMETRIC_REPRESENTATION_CONTEXT(2) 
PARAMETRIC_REPRESENTATION_CONTEXT() REPRESENTATION_CONTEXT('2D SPACE',''
  ) );
#6762 = ORIENTED_EDGE('',*,*,#6634,.F.);
#6763 = ADVANCED_FACE('',(#6764),#6728,.T.);
#6764 = FACE_BOUND('',#6765,.T.);
#6765 = EDGE_LOOP('',(#6766,#6787,#6820,#6839));
#6766 = ORIENTED_EDGE('',*,*,#6767,.T.);
#6767 = EDGE_CURVE('',#6691,#6768,#6770,.T.);
#6768 = VERTEX_POINT('',#6769);
#6769 = CARTESIAN_POINT('',(-4.584449161338E-03,-2.032E-02,
    -3.316258456618E-03));
#6770 = SURFACE_CURVE('',#6771,(#6774,#6781),.PCURVE_S1.);
#6771 = B_SPLINE_CURVE_WITH_KNOTS('',1,(#6772,#6773),.UNSPECIFIED.,.F.,
  .F.,(2,2),(29.,30.),.PIECEWISE_BEZIER_KNOTS.);
#6772 = CARTESIAN_POINT('',(-4.737949727152E-03,-2.032E-02,
    -3.195787443335E-03));
#6773 = CARTESIAN_POINT('',(-4.584449161338E-03,-2.032E-02,
    -3.316258456618E-03));
#6774 = PCURVE('',#6728,#6775);
#6775 = DEFINITIONAL_REPRESENTATION('',(#6776),#6780);
#6776 = LINE('',#6777,#6778);
#6777 = CARTESIAN_POINT('',(0.,0.));
#6778 = VECTOR('',#6779,1.);
#6779 = DIRECTION('',(1.,0.));
#6780 = ( GEOMETRIC_REPRESENTATION_CONTEXT(2) 
PARAMETRIC_REPRESENTATION_CONTEXT() REPRESENTATION_CONTEXT('2D SPACE',''
  ) );
#6781 = PCURVE('',#4507,#6782);
#6782 = DEFINITIONAL_REPRESENTATION('',(#6783),#6786);
#6783 = B_SPLINE_CURVE_WITH_KNOTS('',1,(#6784,#6785),.UNSPECIFIED.,.F.,
  .F.,(2,2),(29.,30.),.PIECEWISE_BEZIER_KNOTS.);
#6784 = CARTESIAN_POINT('',(1.899011078636E-02,0.));
#6785 = CARTESIAN_POINT('',(1.893013463411E-02,-1.856840055238E-04));
#6786 = ( GEOMETRIC_REPRESENTATION_CONTEXT(2) 
PARAMETRIC_REPRESENTATION_CONTEXT() REPRESENTATION_CONTEXT('2D SPACE',''
  ) );
#6787 = ORIENTED_EDGE('',*,*,#6788,.T.);
#6788 = EDGE_CURVE('',#6768,#6789,#6791,.T.);
#6789 = VERTEX_POINT('',#6790);
#6790 = CARTESIAN_POINT('',(-3.519074460455E-03,-0.127,
    -6.764499873888E-04));
#6791 = SURFACE_CURVE('',#6792,(#6797,#6804),.PCURVE_S1.);
#6792 = ( BOUNDED_CURVE() B_SPLINE_CURVE(3,(#6793,#6794,#6795,#6796),
.UNSPECIFIED.,.F.,.F.) B_SPLINE_CURVE_WITH_KNOTS((4,4),(0.,1.),
.PIECEWISE_BEZIER_KNOTS.) CURVE() GEOMETRIC_REPRESENTATION_ITEM() 
RATIONAL_B_SPLINE_CURVE((1.,1.,1.,1.)) REPRESENTATION_ITEM('') );
#6793 = CARTESIAN_POINT('',(-4.584449161338E-03,-2.032E-02,
    -3.316258456618E-03));
#6794 = CARTESIAN_POINT('',(-8.193923589025E-03,-5.57630709112E-02,
    -3.175650605328E-03));
#6795 = CARTESIAN_POINT('',(-5.9703713438E-03,-9.160924192655E-02,
    -1.215187069702E-03));
#6796 = CARTESIAN_POINT('',(-3.519074460455E-03,-0.127,
    -6.764499873888E-04));
#6797 = PCURVE('',#6728,#6798);
#6798 = DEFINITIONAL_REPRESENTATION('',(#6799),#6803);
#6799 = LINE('',#6800,#6801);
#6800 = CARTESIAN_POINT('',(30.,0.));
#6801 = VECTOR('',#6802,1.);
#6802 = DIRECTION('',(0.,1.));
#6803 = ( GEOMETRIC_REPRESENTATION_CONTEXT(2) 
PARAMETRIC_REPRESENTATION_CONTEXT() REPRESENTATION_CONTEXT('2D SPACE',''
  ) );
#6804 = PCURVE('',#6805,#6814);
#6805 = ( BOUNDED_SURFACE() B_SPLINE_SURFACE(1,3,(
    (#6806,#6807,#6808,#6809)
    ,(#6810,#6811,#6812,#6813
)),.UNSPECIFIED.,.F.,.F.,.F.) B_SPLINE_SURFACE_WITH_KNOTS((2,2),(4,4),(
    30.,31.),(0.,1.),.PIECEWISE_BEZIER_KNOTS.) 
GEOMETRIC_REPRESENTATION_ITEM() RATIONAL_B_SPLINE_SURFACE((
    (1.,1.,1.,1.)
,(1.,1.,1.,1.))) REPRESENTATION_ITEM('') SURFACE() );
#6806 = CARTESIAN_POINT('',(-4.584449161338E-03,-2.032E-02,
    -3.316258456618E-03));
#6807 = CARTESIAN_POINT('',(-8.193923589025E-03,-5.57630709112E-02,
    -3.175650605328E-03));
#6808 = CARTESIAN_POINT('',(-5.9703713438E-03,-9.160924192655E-02,
    -1.215187069702E-03));
#6809 = CARTESIAN_POINT('',(-3.519074460455E-03,-0.127,
    -6.764499873888E-04));
#6810 = CARTESIAN_POINT('',(-4.337940918158E-03,-2.032E-02,
    -3.361760035199E-03));
#6811 = CARTESIAN_POINT('',(-7.841521758057E-03,-5.57630709112E-02,
    -3.34113787147E-03));
#6812 = CARTESIAN_POINT('',(-5.74881313777E-03,-9.160924192655E-02,
    -1.369371779942E-03));
#6813 = CARTESIAN_POINT('',(-3.389758850321E-03,-0.127,
    -7.685476235331E-04));
#6814 = DEFINITIONAL_REPRESENTATION('',(#6815),#6819);
#6815 = LINE('',#6816,#6817);
#6816 = CARTESIAN_POINT('',(30.,0.));
#6817 = VECTOR('',#6818,1.);
#6818 = DIRECTION('',(0.,1.));
#6819 = ( GEOMETRIC_REPRESENTATION_CONTEXT(2) 
PARAMETRIC_REPRESENTATION_CONTEXT() REPRESENTATION_CONTEXT('2D SPACE',''
  ) );
#6820 = ORIENTED_EDGE('',*,*,#6821,.F.);
#6821 = EDGE_CURVE('',#6712,#6789,#6822,.T.);
#6822 = SURFACE_CURVE('',#6823,(#6826,#6833),.PCURVE_S1.);
#6823 = B_SPLINE_CURVE_WITH_KNOTS('',1,(#6824,#6825),.UNSPECIFIED.,.F.,
  .F.,(2,2),(29.,30.),.PIECEWISE_BEZIER_KNOTS.);
#6824 = CARTESIAN_POINT('',(-3.574937948784E-03,-0.127,
    -5.662145462131E-04));
#6825 = CARTESIAN_POINT('',(-3.519074460455E-03,-0.127,
    -6.764499873888E-04));
#6826 = PCURVE('',#6728,#6827);
#6827 = DEFINITIONAL_REPRESENTATION('',(#6828),#6832);
#6828 = LINE('',#6829,#6830);
#6829 = CARTESIAN_POINT('',(0.,1.));
#6830 = VECTOR('',#6831,1.);
#6831 = DIRECTION('',(1.,0.));
#6832 = ( GEOMETRIC_REPRESENTATION_CONTEXT(2) 
PARAMETRIC_REPRESENTATION_CONTEXT() REPRESENTATION_CONTEXT('2D SPACE',''
  ) );
#6833 = PCURVE('',#4566,#6834);
#6834 = DEFINITIONAL_REPRESENTATION('',(#6835),#6838);
#6835 = B_SPLINE_CURVE_WITH_KNOTS('',1,(#6836,#6837),.UNSPECIFIED.,.F.,
  .F.,(2,2),(29.,30.),.PIECEWISE_BEZIER_KNOTS.);
#6836 = CARTESIAN_POINT('',(1.20270701647E-02,-1.084202172486E-19));
#6837 = CARTESIAN_POINT('',(1.198908526827E-02,-1.17599870165E-04));
#6838 = ( GEOMETRIC_REPRESENTATION_CONTEXT(2) 
PARAMETRIC_REPRESENTATION_CONTEXT() REPRESENTATION_CONTEXT('2D SPACE',''
  ) );
#6839 = ORIENTED_EDGE('',*,*,#6711,.F.);
#6840 = ADVANCED_FACE('',(#6841),#6805,.T.);
#6841 = FACE_BOUND('',#6842,.T.);
#6842 = EDGE_LOOP('',(#6843,#6864,#6897,#6916));
#6843 = ORIENTED_EDGE('',*,*,#6844,.T.);
#6844 = EDGE_CURVE('',#6768,#6845,#6847,.T.);
#6845 = VERTEX_POINT('',#6846);
#6846 = CARTESIAN_POINT('',(-4.337940918158E-03,-2.032E-02,
    -3.361760035199E-03));
#6847 = SURFACE_CURVE('',#6848,(#6851,#6858),.PCURVE_S1.);
#6848 = B_SPLINE_CURVE_WITH_KNOTS('',1,(#6849,#6850),.UNSPECIFIED.,.F.,
  .F.,(2,2),(30.,31.),.PIECEWISE_BEZIER_KNOTS.);
#6849 = CARTESIAN_POINT('',(-4.584449161338E-03,-2.032E-02,
    -3.316258456618E-03));
#6850 = CARTESIAN_POINT('',(-4.337940918158E-03,-2.032E-02,
    -3.361760035199E-03));
#6851 = PCURVE('',#6805,#6852);
#6852 = DEFINITIONAL_REPRESENTATION('',(#6853),#6857);
#6853 = LINE('',#6854,#6855);
#6854 = CARTESIAN_POINT('',(0.,0.));
#6855 = VECTOR('',#6856,1.);
#6856 = DIRECTION('',(1.,0.));
#6857 = ( GEOMETRIC_REPRESENTATION_CONTEXT(2) 
PARAMETRIC_REPRESENTATION_CONTEXT() REPRESENTATION_CONTEXT('2D SPACE',''
  ) );
#6858 = PCURVE('',#4507,#6859);
#6859 = DEFINITIONAL_REPRESENTATION('',(#6860),#6863);
#6860 = B_SPLINE_CURVE_WITH_KNOTS('',1,(#6861,#6862),.UNSPECIFIED.,.F.,
  .F.,(2,2),(30.,31.),.PIECEWISE_BEZIER_KNOTS.);
#6861 = CARTESIAN_POINT('',(1.893013463411E-02,-1.856840055238E-04));
#6862 = CARTESIAN_POINT('',(1.875113389962E-02,-3.611703145701E-04));
#6863 = ( GEOMETRIC_REPRESENTATION_CONTEXT(2) 
PARAMETRIC_REPRESENTATION_CONTEXT() REPRESENTATION_CONTEXT('2D SPACE',''
  ) );
#6864 = ORIENTED_EDGE('',*,*,#6865,.T.);
#6865 = EDGE_CURVE('',#6845,#6866,#6868,.T.);
#6866 = VERTEX_POINT('',#6867);
#6867 = CARTESIAN_POINT('',(-3.389758850321E-03,-0.127,
    -7.685476235331E-04));
#6868 = SURFACE_CURVE('',#6869,(#6874,#6881),.PCURVE_S1.);
#6869 = ( BOUNDED_CURVE() B_SPLINE_CURVE(3,(#6870,#6871,#6872,#6873),
.UNSPECIFIED.,.F.,.F.) B_SPLINE_CURVE_WITH_KNOTS((4,4),(0.,1.),
.PIECEWISE_BEZIER_KNOTS.) CURVE() GEOMETRIC_REPRESENTATION_ITEM() 
RATIONAL_B_SPLINE_CURVE((1.,1.,1.,1.)) REPRESENTATION_ITEM('') );
#6870 = CARTESIAN_POINT('',(-4.337940918158E-03,-2.032E-02,
    -3.361760035199E-03));
#6871 = CARTESIAN_POINT('',(-7.841521758057E-03,-5.57630709112E-02,
    -3.34113787147E-03));
#6872 = CARTESIAN_POINT('',(-5.74881313777E-03,-9.160924192655E-02,
    -1.369371779942E-03));
#6873 = CARTESIAN_POINT('',(-3.389758850321E-03,-0.127,
    -7.685476235331E-04));
#6874 = PCURVE('',#6805,#6875);
#6875 = DEFINITIONAL_REPRESENTATION('',(#6876),#6880);
#6876 = LINE('',#6877,#6878);
#6877 = CARTESIAN_POINT('',(31.,0.));
#6878 = VECTOR('',#6879,1.);
#6879 = DIRECTION('',(0.,1.));
#6880 = ( GEOMETRIC_REPRESENTATION_CONTEXT(2) 
PARAMETRIC_REPRESENTATION_CONTEXT() REPRESENTATION_CONTEXT('2D SPACE',''
  ) );
#6881 = PCURVE('',#6882,#6891);
#6882 = ( BOUNDED_SURFACE() B_SPLINE_SURFACE(1,3,(
    (#6883,#6884,#6885,#6886)
    ,(#6887,#6888,#6889,#6890
)),.UNSPECIFIED.,.F.,.F.,.F.) B_SPLINE_SURFACE_WITH_KNOTS((2,2),(4,4),(
    31.,32.),(0.,1.),.PIECEWISE_BEZIER_KNOTS.) 
GEOMETRIC_REPRESENTATION_ITEM() RATIONAL_B_SPLINE_SURFACE((
    (1.,1.,1.,1.)
,(1.,1.,1.,1.))) REPRESENTATION_ITEM('') SURFACE() );
#6883 = CARTESIAN_POINT('',(-4.337940918158E-03,-2.032E-02,
    -3.361760035199E-03));
#6884 = CARTESIAN_POINT('',(-7.841521758057E-03,-5.57630709112E-02,
    -3.34113787147E-03));
#6885 = CARTESIAN_POINT('',(-5.74881313777E-03,-9.160924192655E-02,
    -1.369371779942E-03));
#6886 = CARTESIAN_POINT('',(-3.389758850321E-03,-0.127,
    -7.685476235331E-04));
#6887 = CARTESIAN_POINT('',(-4.001276112787E-03,-2.032E-02,
    -3.332088933809E-03));
#6888 = CARTESIAN_POINT('',(-7.324057492152E-03,-5.57630709112E-02,
    -3.429216657609E-03));
#6889 = CARTESIAN_POINT('',(-5.405418431522E-03,-9.160924192655E-02,
    -1.489893868271E-03));
#6890 = CARTESIAN_POINT('',(-3.188573243774E-03,-0.127,
    -8.416276684435E-04));
#6891 = DEFINITIONAL_REPRESENTATION('',(#6892),#6896);
#6892 = LINE('',#6893,#6894);
#6893 = CARTESIAN_POINT('',(31.,0.));
#6894 = VECTOR('',#6895,1.);
#6895 = DIRECTION('',(0.,1.));
#6896 = ( GEOMETRIC_REPRESENTATION_CONTEXT(2) 
PARAMETRIC_REPRESENTATION_CONTEXT() REPRESENTATION_CONTEXT('2D SPACE',''
  ) );
#6897 = ORIENTED_EDGE('',*,*,#6898,.F.);
#6898 = EDGE_CURVE('',#6789,#6866,#6899,.T.);
#6899 = SURFACE_CURVE('',#6900,(#6903,#6910),.PCURVE_S1.);
#6900 = B_SPLINE_CURVE_WITH_KNOTS('',1,(#6901,#6902),.UNSPECIFIED.,.F.,
  .F.,(2,2),(30.,31.),.PIECEWISE_BEZIER_KNOTS.);
#6901 = CARTESIAN_POINT('',(-3.519074460455E-03,-0.127,
    -6.764499873888E-04));
#6902 = CARTESIAN_POINT('',(-3.389758850321E-03,-0.127,
    -7.685476235331E-04));
#6903 = PCURVE('',#6805,#6904);
#6904 = DEFINITIONAL_REPRESENTATION('',(#6905),#6909);
#6905 = LINE('',#6906,#6907);
#6906 = CARTESIAN_POINT('',(0.,1.));
#6907 = VECTOR('',#6908,1.);
#6908 = DIRECTION('',(1.,0.));
#6909 = ( GEOMETRIC_REPRESENTATION_CONTEXT(2) 
PARAMETRIC_REPRESENTATION_CONTEXT() REPRESENTATION_CONTEXT('2D SPACE',''
  ) );
#6910 = PCURVE('',#4566,#6911);
#6911 = DEFINITIONAL_REPRESENTATION('',(#6912),#6915);
#6912 = B_SPLINE_CURVE_WITH_KNOTS('',1,(#6913,#6914),.UNSPECIFIED.,.F.,
  .F.,(2,2),(30.,31.),.PIECEWISE_BEZIER_KNOTS.);
#6913 = CARTESIAN_POINT('',(1.198908526827E-02,-1.17599870165E-04));
#6914 = CARTESIAN_POINT('',(1.187571813643E-02,-2.287411992277E-04));
#6915 = ( GEOMETRIC_REPRESENTATION_CONTEXT(2) 
PARAMETRIC_REPRESENTATION_CONTEXT() REPRESENTATION_CONTEXT('2D SPACE',''
  ) );
#6916 = ORIENTED_EDGE('',*,*,#6788,.F.);
#6917 = ADVANCED_FACE('',(#6918),#6882,.T.);
#6918 = FACE_BOUND('',#6919,.T.);
#6919 = EDGE_LOOP('',(#6920,#6941,#6974,#6993));
#6920 = ORIENTED_EDGE('',*,*,#6921,.T.);
#6921 = EDGE_CURVE('',#6845,#6922,#6924,.T.);
#6922 = VERTEX_POINT('',#6923);
#6923 = CARTESIAN_POINT('',(-4.001276112787E-03,-2.032E-02,
    -3.332088933809E-03));
#6924 = SURFACE_CURVE('',#6925,(#6928,#6935),.PCURVE_S1.);
#6925 = B_SPLINE_CURVE_WITH_KNOTS('',1,(#6926,#6927),.UNSPECIFIED.,.F.,
  .F.,(2,2),(31.,32.),.PIECEWISE_BEZIER_KNOTS.);
#6926 = CARTESIAN_POINT('',(-4.337940918158E-03,-2.032E-02,
    -3.361760035199E-03));
#6927 = CARTESIAN_POINT('',(-4.001276112787E-03,-2.032E-02,
    -3.332088933809E-03));
#6928 = PCURVE('',#6882,#6929);
#6929 = DEFINITIONAL_REPRESENTATION('',(#6930),#6934);
#6930 = LINE('',#6931,#6932);
#6931 = CARTESIAN_POINT('',(0.,0.));
#6932 = VECTOR('',#6933,1.);
#6933 = DIRECTION('',(1.,0.));
#6934 = ( GEOMETRIC_REPRESENTATION_CONTEXT(2) 
PARAMETRIC_REPRESENTATION_CONTEXT() REPRESENTATION_CONTEXT('2D SPACE',''
  ) );
#6935 = PCURVE('',#4507,#6936);
#6936 = DEFINITIONAL_REPRESENTATION('',(#6937),#6940);
#6937 = B_SPLINE_CURVE_WITH_KNOTS('',1,(#6938,#6939),.UNSPECIFIED.,.F.,
  .F.,(2,2),(31.,32.),.PIECEWISE_BEZIER_KNOTS.);
#6938 = CARTESIAN_POINT('',(1.875113389962E-02,-3.611703145701E-04));
#6939 = CARTESIAN_POINT('',(1.84553594174E-02,-5.246971353109E-04));
#6940 = ( GEOMETRIC_REPRESENTATION_CONTEXT(2) 
PARAMETRIC_REPRESENTATION_CONTEXT() REPRESENTATION_CONTEXT('2D SPACE',''
  ) );
#6941 = ORIENTED_EDGE('',*,*,#6942,.T.);
#6942 = EDGE_CURVE('',#6922,#6943,#6945,.T.);
#6943 = VERTEX_POINT('',#6944);
#6944 = CARTESIAN_POINT('',(-3.188573243774E-03,-0.127,
    -8.416276684435E-04));
#6945 = SURFACE_CURVE('',#6946,(#6951,#6958),.PCURVE_S1.);
#6946 = ( BOUNDED_CURVE() B_SPLINE_CURVE(3,(#6947,#6948,#6949,#6950),
.UNSPECIFIED.,.F.,.F.) B_SPLINE_CURVE_WITH_KNOTS((4,4),(0.,1.),
.PIECEWISE_BEZIER_KNOTS.) CURVE() GEOMETRIC_REPRESENTATION_ITEM() 
RATIONAL_B_SPLINE_CURVE((1.,1.,1.,1.)) REPRESENTATION_ITEM('') );
#6947 = CARTESIAN_POINT('',(-4.001276112787E-03,-2.032E-02,
    -3.332088933809E-03));
#6948 = CARTESIAN_POINT('',(-7.324057492152E-03,-5.57630709112E-02,
    -3.429216657609E-03));
#6949 = CARTESIAN_POINT('',(-5.405418431522E-03,-9.160924192655E-02,
    -1.489893868271E-03));
#6950 = CARTESIAN_POINT('',(-3.188573243774E-03,-0.127,
    -8.416276684435E-04));
#6951 = PCURVE('',#6882,#6952);
#6952 = DEFINITIONAL_REPRESENTATION('',(#6953),#6957);
#6953 = LINE('',#6954,#6955);
#6954 = CARTESIAN_POINT('',(32.,0.));
#6955 = VECTOR('',#6956,1.);
#6956 = DIRECTION('',(0.,1.));
#6957 = ( GEOMETRIC_REPRESENTATION_CONTEXT(2) 
PARAMETRIC_REPRESENTATION_CONTEXT() REPRESENTATION_CONTEXT('2D SPACE',''
  ) );
#6958 = PCURVE('',#6959,#6968);
#6959 = ( BOUNDED_SURFACE() B_SPLINE_SURFACE(1,3,(
    (#6960,#6961,#6962,#6963)
    ,(#6964,#6965,#6966,#6967
)),.UNSPECIFIED.,.F.,.F.,.F.) B_SPLINE_SURFACE_WITH_KNOTS((2,2),(4,4),(
    32.,33.),(0.,1.),.PIECEWISE_BEZIER_KNOTS.) 
GEOMETRIC_REPRESENTATION_ITEM() RATIONAL_B_SPLINE_SURFACE((
    (1.,1.,1.,1.)
,(1.,1.,1.,1.))) REPRESENTATION_ITEM('') SURFACE() );
#6960 = CARTESIAN_POINT('',(-4.001276112787E-03,-2.032E-02,
    -3.332088933809E-03));
#6961 = CARTESIAN_POINT('',(-7.324057492152E-03,-5.57630709112E-02,
    -3.429216657609E-03));
#6962 = CARTESIAN_POINT('',(-5.405418431522E-03,-9.160924192655E-02,
    -1.489893868271E-03));
#6963 = CARTESIAN_POINT('',(-3.188573243774E-03,-0.127,
    -8.416276684435E-04));
#6964 = CARTESIAN_POINT('',(-3.578843447223E-03,-2.032E-02,
    -3.227388565786E-03));
#6965 = CARTESIAN_POINT('',(-6.648180467647E-03,-5.57630709112E-02,
    -3.438373162838E-03));
#6966 = CARTESIAN_POINT('',(-4.944555494069E-03,-9.160924192655E-02,
    -1.574943524186E-03));
#6967 = CARTESIAN_POINT('',(-2.918075119277E-03,-0.127,-8.9459776843E-04
    ));
#6968 = DEFINITIONAL_REPRESENTATION('',(#6969),#6973);
#6969 = LINE('',#6970,#6971);
#6970 = CARTESIAN_POINT('',(32.,0.));
#6971 = VECTOR('',#6972,1.);
#6972 = DIRECTION('',(0.,1.));
#6973 = ( GEOMETRIC_REPRESENTATION_CONTEXT(2) 
PARAMETRIC_REPRESENTATION_CONTEXT() REPRESENTATION_CONTEXT('2D SPACE',''
  ) );
#6974 = ORIENTED_EDGE('',*,*,#6975,.F.);
#6975 = EDGE_CURVE('',#6866,#6943,#6976,.T.);
#6976 = SURFACE_CURVE('',#6977,(#6980,#6987),.PCURVE_S1.);
#6977 = B_SPLINE_CURVE_WITH_KNOTS('',1,(#6978,#6979),.UNSPECIFIED.,.F.,
  .F.,(2,2),(31.,32.),.PIECEWISE_BEZIER_KNOTS.);
#6978 = CARTESIAN_POINT('',(-3.389758850321E-03,-0.127,
    -7.685476235331E-04));
#6979 = CARTESIAN_POINT('',(-3.188573243774E-03,-0.127,
    -8.416276684435E-04));
#6980 = PCURVE('',#6882,#6981);
#6981 = DEFINITIONAL_REPRESENTATION('',(#6982),#6986);
#6982 = LINE('',#6983,#6984);
#6983 = CARTESIAN_POINT('',(0.,1.));
#6984 = VECTOR('',#6985,1.);
#6985 = DIRECTION('',(1.,0.));
#6986 = ( GEOMETRIC_REPRESENTATION_CONTEXT(2) 
PARAMETRIC_REPRESENTATION_CONTEXT() REPRESENTATION_CONTEXT('2D SPACE',''
  ) );
#6987 = PCURVE('',#4566,#6988);
#6988 = DEFINITIONAL_REPRESENTATION('',(#6989),#6992);
#6989 = B_SPLINE_CURVE_WITH_KNOTS('',1,(#6990,#6991),.UNSPECIFIED.,.F.,
  .F.,(2,2),(31.,32.),.PIECEWISE_BEZIER_KNOTS.);
#6990 = CARTESIAN_POINT('',(1.187571813643E-02,-2.287411992277E-04));
#6991 = CARTESIAN_POINT('',(1.168839429769E-02,-3.323081856969E-04));
#6992 = ( GEOMETRIC_REPRESENTATION_CONTEXT(2) 
PARAMETRIC_REPRESENTATION_CONTEXT() REPRESENTATION_CONTEXT('2D SPACE',''
  ) );
#6993 = ORIENTED_EDGE('',*,*,#6865,.F.);
#6994 = ADVANCED_FACE('',(#6995),#6959,.T.);
#6995 = FACE_BOUND('',#6996,.T.);
#6996 = EDGE_LOOP('',(#6997,#7018,#7051,#7070));
#6997 = ORIENTED_EDGE('',*,*,#6998,.T.);
#6998 = EDGE_CURVE('',#6922,#6999,#7001,.T.);
#6999 = VERTEX_POINT('',#7000);
#7000 = CARTESIAN_POINT('',(-3.578843447223E-03,-2.032E-02,
    -3.227388565786E-03));
#7001 = SURFACE_CURVE('',#7002,(#7005,#7012),.PCURVE_S1.);
#7002 = B_SPLINE_CURVE_WITH_KNOTS('',1,(#7003,#7004),.UNSPECIFIED.,.F.,
  .F.,(2,2),(32.,33.),.PIECEWISE_BEZIER_KNOTS.);
#7003 = CARTESIAN_POINT('',(-4.001276112787E-03,-2.032E-02,
    -3.332088933809E-03));
#7004 = CARTESIAN_POINT('',(-3.578843447223E-03,-2.032E-02,
    -3.227388565786E-03));
#7005 = PCURVE('',#6959,#7006);
#7006 = DEFINITIONAL_REPRESENTATION('',(#7007),#7011);
#7007 = LINE('',#7008,#7009);
#7008 = CARTESIAN_POINT('',(0.,0.));
#7009 = VECTOR('',#7010,1.);
#7010 = DIRECTION('',(1.,0.));
#7011 = ( GEOMETRIC_REPRESENTATION_CONTEXT(2) 
PARAMETRIC_REPRESENTATION_CONTEXT() REPRESENTATION_CONTEXT('2D SPACE',''
  ) );
#7012 = PCURVE('',#4507,#7013);
#7013 = DEFINITIONAL_REPRESENTATION('',(#7014),#7017);
#7014 = B_SPLINE_CURVE_WITH_KNOTS('',1,(#7015,#7016),.UNSPECIFIED.,.F.,
  .F.,(2,2),(32.,33.),.PIECEWISE_BEZIER_KNOTS.);
#7015 = CARTESIAN_POINT('',(1.84553594174E-02,-5.246971353109E-04));
#7016 = CARTESIAN_POINT('',(1.804653084994E-02,-6.739309331765E-04));
#7017 = ( GEOMETRIC_REPRESENTATION_CONTEXT(2) 
PARAMETRIC_REPRESENTATION_CONTEXT() REPRESENTATION_CONTEXT('2D SPACE',''
  ) );
#7018 = ORIENTED_EDGE('',*,*,#7019,.T.);
#7019 = EDGE_CURVE('',#6999,#7020,#7022,.T.);
#7020 = VERTEX_POINT('',#7021);
#7021 = CARTESIAN_POINT('',(-2.918075119277E-03,-0.127,-8.9459776843E-04
    ));
#7022 = SURFACE_CURVE('',#7023,(#7028,#7035),.PCURVE_S1.);
#7023 = ( BOUNDED_CURVE() B_SPLINE_CURVE(3,(#7024,#7025,#7026,#7027),
.UNSPECIFIED.,.F.,.F.) B_SPLINE_CURVE_WITH_KNOTS((4,4),(0.,1.),
.PIECEWISE_BEZIER_KNOTS.) CURVE() GEOMETRIC_REPRESENTATION_ITEM() 
RATIONAL_B_SPLINE_CURVE((1.,1.,1.,1.)) REPRESENTATION_ITEM('') );
#7024 = CARTESIAN_POINT('',(-3.578843447223E-03,-2.032E-02,
    -3.227388565786E-03));
#7025 = CARTESIAN_POINT('',(-6.648180467647E-03,-5.57630709112E-02,
    -3.438373162838E-03));
#7026 = CARTESIAN_POINT('',(-4.944555494069E-03,-9.160924192655E-02,
    -1.574943524186E-03));
#7027 = CARTESIAN_POINT('',(-2.918075119277E-03,-0.127,-8.9459776843E-04
    ));
#7028 = PCURVE('',#6959,#7029);
#7029 = DEFINITIONAL_REPRESENTATION('',(#7030),#7034);
#7030 = LINE('',#7031,#7032);
#7031 = CARTESIAN_POINT('',(33.,0.));
#7032 = VECTOR('',#7033,1.);
#7033 = DIRECTION('',(0.,1.));
#7034 = ( GEOMETRIC_REPRESENTATION_CONTEXT(2) 
PARAMETRIC_REPRESENTATION_CONTEXT() REPRESENTATION_CONTEXT('2D SPACE',''
  ) );
#7035 = PCURVE('',#7036,#7045);
#7036 = ( BOUNDED_SURFACE() B_SPLINE_SURFACE(1,3,(
    (#7037,#7038,#7039,#7040)
    ,(#7041,#7042,#7043,#7044
)),.UNSPECIFIED.,.F.,.F.,.F.) B_SPLINE_SURFACE_WITH_KNOTS((2,2),(4,4),(
    33.,34.),(0.,1.),.PIECEWISE_BEZIER_KNOTS.) 
GEOMETRIC_REPRESENTATION_ITEM() RATIONAL_B_SPLINE_SURFACE((
    (1.,1.,1.,1.)
,(1.,1.,1.,1.))) REPRESENTATION_ITEM('') SURFACE() );
#7037 = CARTESIAN_POINT('',(-3.578843447223E-03,-2.032E-02,
    -3.227388565786E-03));
#7038 = CARTESIAN_POINT('',(-6.648180467647E-03,-5.57630709112E-02,
    -3.438373162838E-03));
#7039 = CARTESIAN_POINT('',(-4.944555494069E-03,-9.160924192655E-02,
    -1.574943524186E-03));
#7040 = CARTESIAN_POINT('',(-2.918075119277E-03,-0.127,-8.9459776843E-04
    ));
#7041 = CARTESIAN_POINT('',(-3.076378827472E-03,-2.032E-02,
    -3.048347630455E-03));
#7042 = CARTESIAN_POINT('',(-5.822779127405E-03,-5.57630709112E-02,
    -3.367381942051E-03));
#7043 = CARTESIAN_POINT('',(-4.372156302374E-03,-9.160924192655E-02,
    -1.622647026559E-03));
#7044 = CARTESIAN_POINT('',(-2.581741193852E-03,-0.127,
    -9.26317970951E-04));
#7045 = DEFINITIONAL_REPRESENTATION('',(#7046),#7050);
#7046 = LINE('',#7047,#7048);
#7047 = CARTESIAN_POINT('',(33.,0.));
#7048 = VECTOR('',#7049,1.);
#7049 = DIRECTION('',(0.,1.));
#7050 = ( GEOMETRIC_REPRESENTATION_CONTEXT(2) 
PARAMETRIC_REPRESENTATION_CONTEXT() REPRESENTATION_CONTEXT('2D SPACE',''
  ) );
#7051 = ORIENTED_EDGE('',*,*,#7052,.F.);
#7052 = EDGE_CURVE('',#6943,#7020,#7053,.T.);
#7053 = SURFACE_CURVE('',#7054,(#7057,#7064),.PCURVE_S1.);
#7054 = B_SPLINE_CURVE_WITH_KNOTS('',1,(#7055,#7056),.UNSPECIFIED.,.F.,
  .F.,(2,2),(32.,33.),.PIECEWISE_BEZIER_KNOTS.);
#7055 = CARTESIAN_POINT('',(-3.188573243774E-03,-0.127,
    -8.416276684435E-04));
#7056 = CARTESIAN_POINT('',(-2.918075119277E-03,-0.127,-8.9459776843E-04
    ));
#7057 = PCURVE('',#6959,#7058);
#7058 = DEFINITIONAL_REPRESENTATION('',(#7059),#7063);
#7059 = LINE('',#7060,#7061);
#7060 = CARTESIAN_POINT('',(0.,1.));
#7061 = VECTOR('',#7062,1.);
#7062 = DIRECTION('',(1.,0.));
#7063 = ( GEOMETRIC_REPRESENTATION_CONTEXT(2) 
PARAMETRIC_REPRESENTATION_CONTEXT() REPRESENTATION_CONTEXT('2D SPACE',''
  ) );
#7064 = PCURVE('',#4566,#7065);
#7065 = DEFINITIONAL_REPRESENTATION('',(#7066),#7069);
#7066 = B_SPLINE_CURVE_WITH_KNOTS('',1,(#7067,#7068),.UNSPECIFIED.,.F.,
  .F.,(2,2),(32.,33.),.PIECEWISE_BEZIER_KNOTS.);
#7067 = CARTESIAN_POINT('',(1.168839429769E-02,-3.323081856969E-04));
#7068 = CARTESIAN_POINT('',(1.14294695383E-02,-4.268229243451E-04));
#7069 = ( GEOMETRIC_REPRESENTATION_CONTEXT(2) 
PARAMETRIC_REPRESENTATION_CONTEXT() REPRESENTATION_CONTEXT('2D SPACE',''
  ) );
#7070 = ORIENTED_EDGE('',*,*,#6942,.F.);
#7071 = ADVANCED_FACE('',(#7072),#7036,.T.);
#7072 = FACE_BOUND('',#7073,.T.);
#7073 = EDGE_LOOP('',(#7074,#7095,#7128,#7147));
#7074 = ORIENTED_EDGE('',*,*,#7075,.T.);
#7075 = EDGE_CURVE('',#6999,#7076,#7078,.T.);
#7076 = VERTEX_POINT('',#7077);
#7077 = CARTESIAN_POINT('',(-3.076378827472E-03,-2.032E-02,
    -3.048347630455E-03));
#7078 = SURFACE_CURVE('',#7079,(#7082,#7089),.PCURVE_S1.);
#7079 = B_SPLINE_CURVE_WITH_KNOTS('',1,(#7080,#7081),.UNSPECIFIED.,.F.,
  .F.,(2,2),(33.,34.),.PIECEWISE_BEZIER_KNOTS.);
#7080 = CARTESIAN_POINT('',(-3.578843447223E-03,-2.032E-02,
    -3.227388565786E-03));
#7081 = CARTESIAN_POINT('',(-3.076378827472E-03,-2.032E-02,
    -3.048347630455E-03));
#7082 = PCURVE('',#7036,#7083);
#7083 = DEFINITIONAL_REPRESENTATION('',(#7084),#7088);
#7084 = LINE('',#7085,#7086);
#7085 = CARTESIAN_POINT('',(0.,0.));
#7086 = VECTOR('',#7087,1.);
#7087 = DIRECTION('',(1.,0.));
#7088 = ( GEOMETRIC_REPRESENTATION_CONTEXT(2) 
PARAMETRIC_REPRESENTATION_CONTEXT() REPRESENTATION_CONTEXT('2D SPACE',''
  ) );
#7089 = PCURVE('',#4507,#7090);
#7090 = DEFINITIONAL_REPRESENTATION('',(#7091),#7094);
#7091 = B_SPLINE_CURVE_WITH_KNOTS('',1,(#7092,#7093),.UNSPECIFIED.,.F.,
  .F.,(2,2),(33.,34.),.PIECEWISE_BEZIER_KNOTS.);
#7092 = CARTESIAN_POINT('',(1.804653084994E-02,-6.739309331765E-04));
#7093 = CARTESIAN_POINT('',(1.752978980019E-02,-8.06237539712E-04));
#7094 = ( GEOMETRIC_REPRESENTATION_CONTEXT(2) 
PARAMETRIC_REPRESENTATION_CONTEXT() REPRESENTATION_CONTEXT('2D SPACE',''
  ) );
#7095 = ORIENTED_EDGE('',*,*,#7096,.T.);
#7096 = EDGE_CURVE('',#7076,#7097,#7099,.T.);
#7097 = VERTEX_POINT('',#7098);
#7098 = CARTESIAN_POINT('',(-2.581741193852E-03,-0.127,
    -9.26317970951E-04));
#7099 = SURFACE_CURVE('',#7100,(#7105,#7112),.PCURVE_S1.);
#7100 = ( BOUNDED_CURVE() B_SPLINE_CURVE(3,(#7101,#7102,#7103,#7104),
.UNSPECIFIED.,.F.,.F.) B_SPLINE_CURVE_WITH_KNOTS((4,4),(0.,1.),
.PIECEWISE_BEZIER_KNOTS.) CURVE() GEOMETRIC_REPRESENTATION_ITEM() 
RATIONAL_B_SPLINE_CURVE((1.,1.,1.,1.)) REPRESENTATION_ITEM('') );
#7101 = CARTESIAN_POINT('',(-3.076378827472E-03,-2.032E-02,
    -3.048347630455E-03));
#7102 = CARTESIAN_POINT('',(-5.822779127405E-03,-5.57630709112E-02,
    -3.367381942051E-03));
#7103 = CARTESIAN_POINT('',(-4.372156302374E-03,-9.160924192655E-02,
    -1.622647026559E-03));
#7104 = CARTESIAN_POINT('',(-2.581741193852E-03,-0.127,
    -9.26317970951E-04));
#7105 = PCURVE('',#7036,#7106);
#7106 = DEFINITIONAL_REPRESENTATION('',(#7107),#7111);
#7107 = LINE('',#7108,#7109);
#7108 = CARTESIAN_POINT('',(34.,0.));
#7109 = VECTOR('',#7110,1.);
#7110 = DIRECTION('',(0.,1.));
#7111 = ( GEOMETRIC_REPRESENTATION_CONTEXT(2) 
PARAMETRIC_REPRESENTATION_CONTEXT() REPRESENTATION_CONTEXT('2D SPACE',''
  ) );
#7112 = PCURVE('',#7113,#7122);
#7113 = ( BOUNDED_SURFACE() B_SPLINE_SURFACE(1,3,(
    (#7114,#7115,#7116,#7117)
    ,(#7118,#7119,#7120,#7121
)),.UNSPECIFIED.,.F.,.F.,.F.) B_SPLINE_SURFACE_WITH_KNOTS((2,2),(4,4),(
    34.,35.),(0.,1.),.PIECEWISE_BEZIER_KNOTS.) 
GEOMETRIC_REPRESENTATION_ITEM() RATIONAL_B_SPLINE_SURFACE((
    (1.,1.,1.,1.)
,(1.,1.,1.,1.))) REPRESENTATION_ITEM('') SURFACE() );
#7114 = CARTESIAN_POINT('',(-3.076378827472E-03,-2.032E-02,
    -3.048347630455E-03));
#7115 = CARTESIAN_POINT('',(-5.822779127405E-03,-5.57630709112E-02,
    -3.367381942051E-03));
#7116 = CARTESIAN_POINT('',(-4.372156302374E-03,-9.160924192655E-02,
    -1.622647026559E-03));
#7117 = CARTESIAN_POINT('',(-2.581741193852E-03,-0.127,
    -9.26317970951E-04));
#7118 = CARTESIAN_POINT('',(-2.500733066822E-03,-2.032E-02,
    -2.796428905796E-03));
#7119 = CARTESIAN_POINT('',(-4.858721849989E-03,-5.57630709112E-02,
    -3.215741152633E-03));
#7120 = CARTESIAN_POINT('',(-3.695590382261E-03,-9.160924192655E-02,
    -1.631394388102E-03));
#7121 = CARTESIAN_POINT('',(-2.183895324173E-03,-0.127,
    -9.357942265782E-04));
#7122 = DEFINITIONAL_REPRESENTATION('',(#7123),#7127);
#7123 = LINE('',#7124,#7125);
#7124 = CARTESIAN_POINT('',(34.,0.));
#7125 = VECTOR('',#7126,1.);
#7126 = DIRECTION('',(0.,1.));
#7127 = ( GEOMETRIC_REPRESENTATION_CONTEXT(2) 
PARAMETRIC_REPRESENTATION_CONTEXT() REPRESENTATION_CONTEXT('2D SPACE',''
  ) );
#7128 = ORIENTED_EDGE('',*,*,#7129,.F.);
#7129 = EDGE_CURVE('',#7020,#7097,#7130,.T.);
#7130 = SURFACE_CURVE('',#7131,(#7134,#7141),.PCURVE_S1.);
#7131 = B_SPLINE_CURVE_WITH_KNOTS('',1,(#7132,#7133),.UNSPECIFIED.,.F.,
  .F.,(2,2),(33.,34.),.PIECEWISE_BEZIER_KNOTS.);
#7132 = CARTESIAN_POINT('',(-2.918075119277E-03,-0.127,-8.9459776843E-04
    ));
#7133 = CARTESIAN_POINT('',(-2.581741193852E-03,-0.127,
    -9.26317970951E-04));
#7134 = PCURVE('',#7036,#7135);
#7135 = DEFINITIONAL_REPRESENTATION('',(#7136),#7140);
#7136 = LINE('',#7137,#7138);
#7137 = CARTESIAN_POINT('',(0.,1.));
#7138 = VECTOR('',#7139,1.);
#7139 = DIRECTION('',(1.,0.));
#7140 = ( GEOMETRIC_REPRESENTATION_CONTEXT(2) 
PARAMETRIC_REPRESENTATION_CONTEXT() REPRESENTATION_CONTEXT('2D SPACE',''
  ) );
#7141 = PCURVE('',#4566,#7142);
#7142 = DEFINITIONAL_REPRESENTATION('',(#7143),#7146);
#7143 = B_SPLINE_CURVE_WITH_KNOTS('',1,(#7144,#7145),.UNSPECIFIED.,.F.,
  .F.,(2,2),(33.,34.),.PIECEWISE_BEZIER_KNOTS.);
#7144 = CARTESIAN_POINT('',(1.14294695383E-02,-4.268229243451E-04));
#7145 = CARTESIAN_POINT('',(1.110220020679E-02,-5.106171084843E-04));
#7146 = ( GEOMETRIC_REPRESENTATION_CONTEXT(2) 
PARAMETRIC_REPRESENTATION_CONTEXT() REPRESENTATION_CONTEXT('2D SPACE',''
  ) );
#7147 = ORIENTED_EDGE('',*,*,#7019,.F.);
#7148 = ADVANCED_FACE('',(#7149),#7113,.T.);
#7149 = FACE_BOUND('',#7150,.T.);
#7150 = EDGE_LOOP('',(#7151,#7172,#7205,#7224));
#7151 = ORIENTED_EDGE('',*,*,#7152,.T.);
#7152 = EDGE_CURVE('',#7076,#7153,#7155,.T.);
#7153 = VERTEX_POINT('',#7154);
#7154 = CARTESIAN_POINT('',(-2.500733066822E-03,-2.032E-02,
    -2.796428905796E-03));
#7155 = SURFACE_CURVE('',#7156,(#7159,#7166),.PCURVE_S1.);
#7156 = B_SPLINE_CURVE_WITH_KNOTS('',1,(#7157,#7158),.UNSPECIFIED.,.F.,
  .F.,(2,2),(34.,35.),.PIECEWISE_BEZIER_KNOTS.);
#7157 = CARTESIAN_POINT('',(-3.076378827472E-03,-2.032E-02,
    -3.048347630455E-03));
#7158 = CARTESIAN_POINT('',(-2.500733066822E-03,-2.032E-02,
    -2.796428905796E-03));
#7159 = PCURVE('',#7113,#7160);
#7160 = DEFINITIONAL_REPRESENTATION('',(#7161),#7165);
#7161 = LINE('',#7162,#7163);
#7162 = CARTESIAN_POINT('',(0.,0.));
#7163 = VECTOR('',#7164,1.);
#7164 = DIRECTION('',(1.,0.));
#7165 = ( GEOMETRIC_REPRESENTATION_CONTEXT(2) 
PARAMETRIC_REPRESENTATION_CONTEXT() REPRESENTATION_CONTEXT('2D SPACE',''
  ) );
#7166 = PCURVE('',#4507,#7167);
#7167 = DEFINITIONAL_REPRESENTATION('',(#7168),#7171);
#7168 = B_SPLINE_CURVE_WITH_KNOTS('',1,(#7169,#7170),.UNSPECIFIED.,.F.,
  .F.,(2,2),(34.,35.),.PIECEWISE_BEZIER_KNOTS.);
#7169 = CARTESIAN_POINT('',(1.752978980019E-02,-8.06237539712E-04));
#7170 = CARTESIAN_POINT('',(1.691163502194E-02,-9.190016993734E-04));
#7171 = ( GEOMETRIC_REPRESENTATION_CONTEXT(2) 
PARAMETRIC_REPRESENTATION_CONTEXT() REPRESENTATION_CONTEXT('2D SPACE',''
  ) );
#7172 = ORIENTED_EDGE('',*,*,#7173,.T.);
#7173 = EDGE_CURVE('',#7153,#7174,#7176,.T.);
#7174 = VERTEX_POINT('',#7175);
#7175 = CARTESIAN_POINT('',(-2.183895324173E-03,-0.127,
    -9.357942265782E-04));
#7176 = SURFACE_CURVE('',#7177,(#7182,#7189),.PCURVE_S1.);
#7177 = ( BOUNDED_CURVE() B_SPLINE_CURVE(3,(#7178,#7179,#7180,#7181),
.UNSPECIFIED.,.F.,.F.) B_SPLINE_CURVE_WITH_KNOTS((4,4),(0.,1.),
.PIECEWISE_BEZIER_KNOTS.) CURVE() GEOMETRIC_REPRESENTATION_ITEM() 
RATIONAL_B_SPLINE_CURVE((1.,1.,1.,1.)) REPRESENTATION_ITEM('') );
#7178 = CARTESIAN_POINT('',(-2.500733066822E-03,-2.032E-02,
    -2.796428905796E-03));
#7179 = CARTESIAN_POINT('',(-4.858721849989E-03,-5.57630709112E-02,
    -3.215741152633E-03));
#7180 = CARTESIAN_POINT('',(-3.695590382261E-03,-9.160924192655E-02,
    -1.631394388102E-03));
#7181 = CARTESIAN_POINT('',(-2.183895324173E-03,-0.127,
    -9.357942265782E-04));
#7182 = PCURVE('',#7113,#7183);
#7183 = DEFINITIONAL_REPRESENTATION('',(#7184),#7188);
#7184 = LINE('',#7185,#7186);
#7185 = CARTESIAN_POINT('',(35.,0.));
#7186 = VECTOR('',#7187,1.);
#7187 = DIRECTION('',(0.,1.));
#7188 = ( GEOMETRIC_REPRESENTATION_CONTEXT(2) 
PARAMETRIC_REPRESENTATION_CONTEXT() REPRESENTATION_CONTEXT('2D SPACE',''
  ) );
#7189 = PCURVE('',#7190,#7199);
#7190 = ( BOUNDED_SURFACE() B_SPLINE_SURFACE(1,3,(
    (#7191,#7192,#7193,#7194)
    ,(#7195,#7196,#7197,#7198
)),.UNSPECIFIED.,.F.,.F.,.F.) B_SPLINE_SURFACE_WITH_KNOTS((2,2),(4,4),(
    35.,36.),(0.,1.),.PIECEWISE_BEZIER_KNOTS.) 
GEOMETRIC_REPRESENTATION_ITEM() RATIONAL_B_SPLINE_SURFACE((
    (1.,1.,1.,1.)
,(1.,1.,1.,1.))) REPRESENTATION_ITEM('') SURFACE() );
#7191 = CARTESIAN_POINT('',(-2.500733066822E-03,-2.032E-02,
    -2.796428905796E-03));
#7192 = CARTESIAN_POINT('',(-4.858721849989E-03,-5.57630709112E-02,
    -3.215741152633E-03));
#7193 = CARTESIAN_POINT('',(-3.695590382261E-03,-9.160924192655E-02,
    -1.631394388102E-03));
#7194 = CARTESIAN_POINT('',(-2.183895324173E-03,-0.127,
    -9.357942265782E-04));
#7195 = CARTESIAN_POINT('',(-1.859624594476E-03,-2.032E-02,
    -2.474089750686E-03));
#7196 = CARTESIAN_POINT('',(-3.768572325715E-03,-5.57630709112E-02,
    -2.984101254626E-03));
#7197 = CARTESIAN_POINT('',(-2.923520257753E-03,-9.160924192655E-02,
    -1.600165532469E-03));
#7198 = CARTESIAN_POINT('',(-1.729625581817E-03,-0.127,
    -9.223711457356E-04));
#7199 = DEFINITIONAL_REPRESENTATION('',(#7200),#7204);
#7200 = LINE('',#7201,#7202);
#7201 = CARTESIAN_POINT('',(35.,0.));
#7202 = VECTOR('',#7203,1.);
#7203 = DIRECTION('',(0.,1.));
#7204 = ( GEOMETRIC_REPRESENTATION_CONTEXT(2) 
PARAMETRIC_REPRESENTATION_CONTEXT() REPRESENTATION_CONTEXT('2D SPACE',''
  ) );
#7205 = ORIENTED_EDGE('',*,*,#7206,.F.);
#7206 = EDGE_CURVE('',#7097,#7174,#7207,.T.);
#7207 = SURFACE_CURVE('',#7208,(#7211,#7218),.PCURVE_S1.);
#7208 = B_SPLINE_CURVE_WITH_KNOTS('',1,(#7209,#7210),.UNSPECIFIED.,.F.,
  .F.,(2,2),(34.,35.),.PIECEWISE_BEZIER_KNOTS.);
#7209 = CARTESIAN_POINT('',(-2.581741193852E-03,-0.127,
    -9.26317970951E-04));
#7210 = CARTESIAN_POINT('',(-2.183895324173E-03,-0.127,
    -9.357942265782E-04));
#7211 = PCURVE('',#7113,#7212);
#7212 = DEFINITIONAL_REPRESENTATION('',(#7213),#7217);
#7213 = LINE('',#7214,#7215);
#7214 = CARTESIAN_POINT('',(0.,1.));
#7215 = VECTOR('',#7216,1.);
#7216 = DIRECTION('',(1.,0.));
#7217 = ( GEOMETRIC_REPRESENTATION_CONTEXT(2) 
PARAMETRIC_REPRESENTATION_CONTEXT() REPRESENTATION_CONTEXT('2D SPACE',''
  ) );
#7218 = PCURVE('',#4566,#7219);
#7219 = DEFINITIONAL_REPRESENTATION('',(#7220),#7223);
#7220 = B_SPLINE_CURVE_WITH_KNOTS('',1,(#7221,#7222),.UNSPECIFIED.,.F.,
  .F.,(2,2),(34.,35.),.PIECEWISE_BEZIER_KNOTS.);
#7221 = CARTESIAN_POINT('',(1.110220020679E-02,-5.106171084843E-04));
#7222 = CARTESIAN_POINT('',(1.071070218056E-02,-5.820344096031E-04));
#7223 = ( GEOMETRIC_REPRESENTATION_CONTEXT(2) 
PARAMETRIC_REPRESENTATION_CONTEXT() REPRESENTATION_CONTEXT('2D SPACE',''
  ) );
#7224 = ORIENTED_EDGE('',*,*,#7096,.F.);
#7225 = ADVANCED_FACE('',(#7226),#7190,.T.);
#7226 = FACE_BOUND('',#7227,.T.);
#7227 = EDGE_LOOP('',(#7228,#7249,#7282,#7301));
#7228 = ORIENTED_EDGE('',*,*,#7229,.T.);
#7229 = EDGE_CURVE('',#7153,#7230,#7232,.T.);
#7230 = VERTEX_POINT('',#7231);
#7231 = CARTESIAN_POINT('',(-1.859624594476E-03,-2.032E-02,
    -2.474089750686E-03));
#7232 = SURFACE_CURVE('',#7233,(#7236,#7243),.PCURVE_S1.);
#7233 = B_SPLINE_CURVE_WITH_KNOTS('',1,(#7234,#7235),.UNSPECIFIED.,.F.,
  .F.,(2,2),(35.,36.),.PIECEWISE_BEZIER_KNOTS.);
#7234 = CARTESIAN_POINT('',(-2.500733066822E-03,-2.032E-02,
    -2.796428905796E-03));
#7235 = CARTESIAN_POINT('',(-1.859624594476E-03,-2.032E-02,
    -2.474089750686E-03));
#7236 = PCURVE('',#7190,#7237);
#7237 = DEFINITIONAL_REPRESENTATION('',(#7238),#7242);
#7238 = LINE('',#7239,#7240);
#7239 = CARTESIAN_POINT('',(0.,0.));
#7240 = VECTOR('',#7241,1.);
#7241 = DIRECTION('',(1.,0.));
#7242 = ( GEOMETRIC_REPRESENTATION_CONTEXT(2) 
PARAMETRIC_REPRESENTATION_CONTEXT() REPRESENTATION_CONTEXT('2D SPACE',''
  ) );
#7243 = PCURVE('',#4507,#7244);
#7244 = DEFINITIONAL_REPRESENTATION('',(#7245),#7248);
#7245 = B_SPLINE_CURVE_WITH_KNOTS('',1,(#7246,#7247),.UNSPECIFIED.,.F.,
  .F.,(2,2),(35.,36.),.PIECEWISE_BEZIER_KNOTS.);
#7246 = CARTESIAN_POINT('',(1.691163502194E-02,-9.190016993734E-04));
#7247 = CARTESIAN_POINT('',(1.619984056232E-02,-1.009948120334E-03));
#7248 = ( GEOMETRIC_REPRESENTATION_CONTEXT(2) 
PARAMETRIC_REPRESENTATION_CONTEXT() REPRESENTATION_CONTEXT('2D SPACE',''
  ) );
#7249 = ORIENTED_EDGE('',*,*,#7250,.T.);
#7250 = EDGE_CURVE('',#7230,#7251,#7253,.T.);
#7251 = VERTEX_POINT('',#7252);
#7252 = CARTESIAN_POINT('',(-1.729625581817E-03,-0.127,
    -9.223711457356E-04));
#7253 = SURFACE_CURVE('',#7254,(#7259,#7266),.PCURVE_S1.);
#7254 = ( BOUNDED_CURVE() B_SPLINE_CURVE(3,(#7255,#7256,#7257,#7258),
.UNSPECIFIED.,.F.,.F.) B_SPLINE_CURVE_WITH_KNOTS((4,4),(0.,1.),
.PIECEWISE_BEZIER_KNOTS.) CURVE() GEOMETRIC_REPRESENTATION_ITEM() 
RATIONAL_B_SPLINE_CURVE((1.,1.,1.,1.)) REPRESENTATION_ITEM('') );
#7255 = CARTESIAN_POINT('',(-1.859624594476E-03,-2.032E-02,
    -2.474089750686E-03));
#7256 = CARTESIAN_POINT('',(-3.768572325715E-03,-5.57630709112E-02,
    -2.984101254626E-03));
#7257 = CARTESIAN_POINT('',(-2.923520257753E-03,-9.160924192655E-02,
    -1.600165532469E-03));
#7258 = CARTESIAN_POINT('',(-1.729625581817E-03,-0.127,
    -9.223711457356E-04));
#7259 = PCURVE('',#7190,#7260);
#7260 = DEFINITIONAL_REPRESENTATION('',(#7261),#7265);
#7261 = LINE('',#7262,#7263);
#7262 = CARTESIAN_POINT('',(36.,0.));
#7263 = VECTOR('',#7264,1.);
#7264 = DIRECTION('',(0.,1.));
#7265 = ( GEOMETRIC_REPRESENTATION_CONTEXT(2) 
PARAMETRIC_REPRESENTATION_CONTEXT() REPRESENTATION_CONTEXT('2D SPACE',''
  ) );
#7266 = PCURVE('',#7267,#7276);
#7267 = ( BOUNDED_SURFACE() B_SPLINE_SURFACE(1,3,(
    (#7268,#7269,#7270,#7271)
    ,(#7272,#7273,#7274,#7275
)),.UNSPECIFIED.,.F.,.F.,.F.) B_SPLINE_SURFACE_WITH_KNOTS((2,2),(4,4),(
    36.,37.),(0.,1.),.PIECEWISE_BEZIER_KNOTS.) 
GEOMETRIC_REPRESENTATION_ITEM() RATIONAL_B_SPLINE_SURFACE((
    (1.,1.,1.,1.)
,(1.,1.,1.,1.))) REPRESENTATION_ITEM('') SURFACE() );
#7268 = CARTESIAN_POINT('',(-1.859624594476E-03,-2.032E-02,
    -2.474089750686E-03));
#7269 = CARTESIAN_POINT('',(-3.768572325715E-03,-5.57630709112E-02,
    -2.984101254626E-03));
#7270 = CARTESIAN_POINT('',(-2.923520257753E-03,-9.160924192655E-02,
    -1.600165532469E-03));
#7271 = CARTESIAN_POINT('',(-1.729625581817E-03,-0.127,
    -9.223711457356E-04));
#7272 = CARTESIAN_POINT('',(-1.161403352486E-03,-2.032E-02,
    -2.084957336485E-03));
#7273 = CARTESIAN_POINT('',(-2.566303903224E-03,-5.57630709112E-02,
    -2.674621292123E-03));
#7274 = CARTESIAN_POINT('',(-2.065747754459E-03,-9.160924192655E-02,
    -1.528807096518E-03));
#7275 = CARTESIAN_POINT('',(-1.224695633479E-03,-0.127,
    -8.858957756692E-04));
#7276 = DEFINITIONAL_REPRESENTATION('',(#7277),#7281);
#7277 = LINE('',#7278,#7279);
#7278 = CARTESIAN_POINT('',(36.,0.));
#7279 = VECTOR('',#7280,1.);
#7280 = DIRECTION('',(0.,1.));
#7281 = ( GEOMETRIC_REPRESENTATION_CONTEXT(2) 
PARAMETRIC_REPRESENTATION_CONTEXT() REPRESENTATION_CONTEXT('2D SPACE',''
  ) );
#7282 = ORIENTED_EDGE('',*,*,#7283,.F.);
#7283 = EDGE_CURVE('',#7174,#7251,#7284,.T.);
#7284 = SURFACE_CURVE('',#7285,(#7288,#7295),.PCURVE_S1.);
#7285 = B_SPLINE_CURVE_WITH_KNOTS('',1,(#7286,#7287),.UNSPECIFIED.,.F.,
  .F.,(2,2),(35.,36.),.PIECEWISE_BEZIER_KNOTS.);
#7286 = CARTESIAN_POINT('',(-2.183895324173E-03,-0.127,
    -9.357942265782E-04));
#7287 = CARTESIAN_POINT('',(-1.729625581817E-03,-0.127,
    -9.223711457356E-04));
#7288 = PCURVE('',#7190,#7289);
#7289 = DEFINITIONAL_REPRESENTATION('',(#7290),#7294);
#7290 = LINE('',#7291,#7292);
#7291 = CARTESIAN_POINT('',(0.,1.));
#7292 = VECTOR('',#7293,1.);
#7293 = DIRECTION('',(1.,0.));
#7294 = ( GEOMETRIC_REPRESENTATION_CONTEXT(2) 
PARAMETRIC_REPRESENTATION_CONTEXT() REPRESENTATION_CONTEXT('2D SPACE',''
  ) );
#7295 = PCURVE('',#4566,#7296);
#7296 = DEFINITIONAL_REPRESENTATION('',(#7297),#7300);
#7297 = B_SPLINE_CURVE_WITH_KNOTS('',1,(#7298,#7299),.UNSPECIFIED.,.F.,
  .F.,(2,2),(35.,36.),.PIECEWISE_BEZIER_KNOTS.);
#7298 = CARTESIAN_POINT('',(1.071070218056E-02,-5.820344096031E-04));
#7299 = CARTESIAN_POINT('',(1.02598990228E-02,-6.396338095446E-04));
#7300 = ( GEOMETRIC_REPRESENTATION_CONTEXT(2) 
PARAMETRIC_REPRESENTATION_CONTEXT() REPRESENTATION_CONTEXT('2D SPACE',''
  ) );
#7301 = ORIENTED_EDGE('',*,*,#7173,.F.);
#7302 = ADVANCED_FACE('',(#7303),#7267,.T.);
#7303 = FACE_BOUND('',#7304,.T.);
#7304 = EDGE_LOOP('',(#7305,#7326,#7359,#7378));
#7305 = ORIENTED_EDGE('',*,*,#7306,.T.);
#7306 = EDGE_CURVE('',#7230,#7307,#7309,.T.);
#7307 = VERTEX_POINT('',#7308);
#7308 = CARTESIAN_POINT('',(-1.161403352486E-03,-2.032E-02,
    -2.084957336485E-03));
#7309 = SURFACE_CURVE('',#7310,(#7313,#7320),.PCURVE_S1.);
#7310 = B_SPLINE_CURVE_WITH_KNOTS('',1,(#7311,#7312),.UNSPECIFIED.,.F.,
  .F.,(2,2),(36.,37.),.PIECEWISE_BEZIER_KNOTS.);
#7311 = CARTESIAN_POINT('',(-1.859624594476E-03,-2.032E-02,
    -2.474089750686E-03));
#7312 = CARTESIAN_POINT('',(-1.161403352486E-03,-2.032E-02,
    -2.084957336485E-03));
#7313 = PCURVE('',#7267,#7314);
#7314 = DEFINITIONAL_REPRESENTATION('',(#7315),#7319);
#7315 = LINE('',#7316,#7317);
#7316 = CARTESIAN_POINT('',(0.,0.));
#7317 = VECTOR('',#7318,1.);
#7318 = DIRECTION('',(1.,0.));
#7319 = ( GEOMETRIC_REPRESENTATION_CONTEXT(2) 
PARAMETRIC_REPRESENTATION_CONTEXT() REPRESENTATION_CONTEXT('2D SPACE',''
  ) );
#7320 = PCURVE('',#4507,#7321);
#7321 = DEFINITIONAL_REPRESENTATION('',(#7322),#7325);
#7322 = B_SPLINE_CURVE_WITH_KNOTS('',1,(#7323,#7324),.UNSPECIFIED.,.F.,
  .F.,(2,2),(36.,37.),.PIECEWISE_BEZIER_KNOTS.);
#7323 = CARTESIAN_POINT('',(1.619984056232E-02,-1.009948120334E-03));
#7324 = CARTESIAN_POINT('',(1.540335788497E-02,-1.077418730461E-03));
#7325 = ( GEOMETRIC_REPRESENTATION_CONTEXT(2) 
PARAMETRIC_REPRESENTATION_CONTEXT() REPRESENTATION_CONTEXT('2D SPACE',''
  ) );
#7326 = ORIENTED_EDGE('',*,*,#7327,.T.);
#7327 = EDGE_CURVE('',#7307,#7328,#7330,.T.);
#7328 = VERTEX_POINT('',#7329);
#7329 = CARTESIAN_POINT('',(-1.224695633479E-03,-0.127,
    -8.858957756692E-04));
#7330 = SURFACE_CURVE('',#7331,(#7336,#7343),.PCURVE_S1.);
#7331 = ( BOUNDED_CURVE() B_SPLINE_CURVE(3,(#7332,#7333,#7334,#7335),
.UNSPECIFIED.,.F.,.F.) B_SPLINE_CURVE_WITH_KNOTS((4,4),(0.,1.),
.PIECEWISE_BEZIER_KNOTS.) CURVE() GEOMETRIC_REPRESENTATION_ITEM() 
RATIONAL_B_SPLINE_CURVE((1.,1.,1.,1.)) REPRESENTATION_ITEM('') );
#7332 = CARTESIAN_POINT('',(-1.161403352486E-03,-2.032E-02,
    -2.084957336485E-03));
#7333 = CARTESIAN_POINT('',(-2.566303903224E-03,-5.57630709112E-02,
    -2.674621292123E-03));
#7334 = CARTESIAN_POINT('',(-2.065747754459E-03,-9.160924192655E-02,
    -1.528807096518E-03));
#7335 = CARTESIAN_POINT('',(-1.224695633479E-03,-0.127,
    -8.858957756692E-04));
#7336 = PCURVE('',#7267,#7337);
#7337 = DEFINITIONAL_REPRESENTATION('',(#7338),#7342);
#7338 = LINE('',#7339,#7340);
#7339 = CARTESIAN_POINT('',(37.,0.));
#7340 = VECTOR('',#7341,1.);
#7341 = DIRECTION('',(0.,1.));
#7342 = ( GEOMETRIC_REPRESENTATION_CONTEXT(2) 
PARAMETRIC_REPRESENTATION_CONTEXT() REPRESENTATION_CONTEXT('2D SPACE',''
  ) );
#7343 = PCURVE('',#7344,#7353);
#7344 = ( BOUNDED_SURFACE() B_SPLINE_SURFACE(1,3,(
    (#7345,#7346,#7347,#7348)
    ,(#7349,#7350,#7351,#7352
)),.UNSPECIFIED.,.F.,.F.,.F.) B_SPLINE_SURFACE_WITH_KNOTS((2,2),(4,4),(
    37.,38.),(0.,1.),.PIECEWISE_BEZIER_KNOTS.) 
GEOMETRIC_REPRESENTATION_ITEM() RATIONAL_B_SPLINE_SURFACE((
    (1.,1.,1.,1.)
,(1.,1.,1.,1.))) REPRESENTATION_ITEM('') SURFACE() );
#7345 = CARTESIAN_POINT('',(-1.161403352486E-03,-2.032E-02,
    -2.084957336485E-03));
#7346 = CARTESIAN_POINT('',(-2.566303903224E-03,-5.57630709112E-02,
    -2.674621292123E-03));
#7347 = CARTESIAN_POINT('',(-2.065747754459E-03,-9.160924192655E-02,
    -1.528807096518E-03));
#7348 = CARTESIAN_POINT('',(-1.224695633479E-03,-0.127,
    -8.858957756692E-04));
#7349 = CARTESIAN_POINT('',(-4.148472068387E-04,-2.032E-02,
    -1.633929189371E-03));
#7350 = CARTESIAN_POINT('',(-1.267033352918E-03,-5.57630709112E-02,
    -2.291200157316E-03));
#7351 = CARTESIAN_POINT('',(-1.133058999358E-03,-9.160924192655E-02,
    -1.418221525507E-03));
#7352 = CARTESIAN_POINT('',(-6.754547929448E-04,-0.127,
    -8.268298034889E-04));
#7353 = DEFINITIONAL_REPRESENTATION('',(#7354),#7358);
#7354 = LINE('',#7355,#7356);
#7355 = CARTESIAN_POINT('',(37.,0.));
#7356 = VECTOR('',#7357,1.);
#7357 = DIRECTION('',(0.,1.));
#7358 = ( GEOMETRIC_REPRESENTATION_CONTEXT(2) 
PARAMETRIC_REPRESENTATION_CONTEXT() REPRESENTATION_CONTEXT('2D SPACE',''
  ) );
#7359 = ORIENTED_EDGE('',*,*,#7360,.F.);
#7360 = EDGE_CURVE('',#7251,#7328,#7361,.T.);
#7361 = SURFACE_CURVE('',#7362,(#7365,#7372),.PCURVE_S1.);
#7362 = B_SPLINE_CURVE_WITH_KNOTS('',1,(#7363,#7364),.UNSPECIFIED.,.F.,
  .F.,(2,2),(36.,37.),.PIECEWISE_BEZIER_KNOTS.);
#7363 = CARTESIAN_POINT('',(-1.729625581817E-03,-0.127,
    -9.223711457356E-04));
#7364 = CARTESIAN_POINT('',(-1.224695633479E-03,-0.127,
    -8.858957756692E-04));
#7365 = PCURVE('',#7267,#7366);
#7366 = DEFINITIONAL_REPRESENTATION('',(#7367),#7371);
#7367 = LINE('',#7368,#7369);
#7368 = CARTESIAN_POINT('',(0.,1.));
#7369 = VECTOR('',#7370,1.);
#7370 = DIRECTION('',(1.,0.));
#7371 = ( GEOMETRIC_REPRESENTATION_CONTEXT(2) 
PARAMETRIC_REPRESENTATION_CONTEXT() REPRESENTATION_CONTEXT('2D SPACE',''
  ) );
#7372 = PCURVE('',#4566,#7373);
#7373 = DEFINITIONAL_REPRESENTATION('',(#7374),#7377);
#7374 = B_SPLINE_CURVE_WITH_KNOTS('',1,(#7375,#7376),.UNSPECIFIED.,.F.,
  .F.,(2,2),(36.,37.),.PIECEWISE_BEZIER_KNOTS.);
#7375 = CARTESIAN_POINT('',(1.02598990228E-02,-6.396338095446E-04));
#7376 = CARTESIAN_POINT('',(9.755459993813E-03,-6.823651959585E-04));
#7377 = ( GEOMETRIC_REPRESENTATION_CONTEXT(2) 
PARAMETRIC_REPRESENTATION_CONTEXT() REPRESENTATION_CONTEXT('2D SPACE',''
  ) );
#7378 = ORIENTED_EDGE('',*,*,#7250,.F.);
#7379 = ADVANCED_FACE('',(#7380),#7344,.T.);
#7380 = FACE_BOUND('',#7381,.T.);
#7381 = EDGE_LOOP('',(#7382,#7403,#7436,#7455));
#7382 = ORIENTED_EDGE('',*,*,#7383,.T.);
#7383 = EDGE_CURVE('',#7307,#7384,#7386,.T.);
#7384 = VERTEX_POINT('',#7385);
#7385 = CARTESIAN_POINT('',(-4.148472068387E-04,-2.032E-02,
    -1.633929189371E-03));
#7386 = SURFACE_CURVE('',#7387,(#7390,#7397),.PCURVE_S1.);
#7387 = B_SPLINE_CURVE_WITH_KNOTS('',1,(#7388,#7389),.UNSPECIFIED.,.F.,
  .F.,(2,2),(37.,38.),.PIECEWISE_BEZIER_KNOTS.);
#7388 = CARTESIAN_POINT('',(-1.161403352486E-03,-2.032E-02,
    -2.084957336485E-03));
#7389 = CARTESIAN_POINT('',(-4.148472068387E-04,-2.032E-02,
    -1.633929189371E-03));
#7390 = PCURVE('',#7344,#7391);
#7391 = DEFINITIONAL_REPRESENTATION('',(#7392),#7396);
#7392 = LINE('',#7393,#7394);
#7393 = CARTESIAN_POINT('',(0.,0.));
#7394 = VECTOR('',#7395,1.);
#7395 = DIRECTION('',(1.,0.));
#7396 = ( GEOMETRIC_REPRESENTATION_CONTEXT(2) 
PARAMETRIC_REPRESENTATION_CONTEXT() REPRESENTATION_CONTEXT('2D SPACE',''
  ) );
#7397 = PCURVE('',#4507,#7398);
#7398 = DEFINITIONAL_REPRESENTATION('',(#7399),#7402);
#7399 = B_SPLINE_CURVE_WITH_KNOTS('',1,(#7400,#7401),.UNSPECIFIED.,.F.,
  .F.,(2,2),(37.,38.),.PIECEWISE_BEZIER_KNOTS.);
#7400 = CARTESIAN_POINT('',(1.540335788497E-02,-1.077418730461E-03));
#7401 = CARTESIAN_POINT('',(1.45322032195E-02,-1.120569824657E-03));
#7402 = ( GEOMETRIC_REPRESENTATION_CONTEXT(2) 
PARAMETRIC_REPRESENTATION_CONTEXT() REPRESENTATION_CONTEXT('2D SPACE',''
  ) );
#7403 = ORIENTED_EDGE('',*,*,#7404,.T.);
#7404 = EDGE_CURVE('',#7384,#7405,#7407,.T.);
#7405 = VERTEX_POINT('',#7406);
#7406 = CARTESIAN_POINT('',(-6.754547929448E-04,-0.127,
    -8.268298034889E-04));
#7407 = SURFACE_CURVE('',#7408,(#7413,#7420),.PCURVE_S1.);
#7408 = ( BOUNDED_CURVE() B_SPLINE_CURVE(3,(#7409,#7410,#7411,#7412),
.UNSPECIFIED.,.F.,.F.) B_SPLINE_CURVE_WITH_KNOTS((4,4),(0.,1.),
.PIECEWISE_BEZIER_KNOTS.) CURVE() GEOMETRIC_REPRESENTATION_ITEM() 
RATIONAL_B_SPLINE_CURVE((1.,1.,1.,1.)) REPRESENTATION_ITEM('') );
#7409 = CARTESIAN_POINT('',(-4.148472068387E-04,-2.032E-02,
    -1.633929189371E-03));
#7410 = CARTESIAN_POINT('',(-1.267033352918E-03,-5.57630709112E-02,
    -2.291200157316E-03));
#7411 = CARTESIAN_POINT('',(-1.133058999358E-03,-9.160924192655E-02,
    -1.418221525507E-03));
#7412 = CARTESIAN_POINT('',(-6.754547929448E-04,-0.127,
    -8.268298034889E-04));
#7413 = PCURVE('',#7344,#7414);
#7414 = DEFINITIONAL_REPRESENTATION('',(#7415),#7419);
#7415 = LINE('',#7416,#7417);
#7416 = CARTESIAN_POINT('',(38.,0.));
#7417 = VECTOR('',#7418,1.);
#7418 = DIRECTION('',(0.,1.));
#7419 = ( GEOMETRIC_REPRESENTATION_CONTEXT(2) 
PARAMETRIC_REPRESENTATION_CONTEXT() REPRESENTATION_CONTEXT('2D SPACE',''
  ) );
#7420 = PCURVE('',#7421,#7430);
#7421 = ( BOUNDED_SURFACE() B_SPLINE_SURFACE(1,3,(
    (#7422,#7423,#7424,#7425)
    ,(#7426,#7427,#7428,#7429
)),.UNSPECIFIED.,.F.,.F.,.F.) B_SPLINE_SURFACE_WITH_KNOTS((2,2),(4,4),(
    38.,39.),(0.,1.),.PIECEWISE_BEZIER_KNOTS.) 
GEOMETRIC_REPRESENTATION_ITEM() RATIONAL_B_SPLINE_SURFACE((
    (1.,1.,1.,1.)
,(1.,1.,1.,1.))) REPRESENTATION_ITEM('') SURFACE() );
#7422 = CARTESIAN_POINT('',(-4.148472068387E-04,-2.032E-02,
    -1.633929189371E-03));
#7423 = CARTESIAN_POINT('',(-1.267033352918E-03,-5.57630709112E-02,
    -2.291200157316E-03));
#7424 = CARTESIAN_POINT('',(-1.133058999358E-03,-9.160924192655E-02,
    -1.418221525507E-03));
#7425 = CARTESIAN_POINT('',(-6.754547929448E-04,-0.127,
    -8.268298034889E-04));
#7426 = CARTESIAN_POINT('',(3.709957790524E-04,-2.032E-02,
    -1.12718178517E-03));
#7427 = CARTESIAN_POINT('',(1.132126997658E-04,-5.57630709112E-02,
    -1.839551650484E-03));
#7428 = CARTESIAN_POINT('',(-1.370735391012E-04,-9.160924192655E-02,
    -1.270445601559E-03));
#7429 = CARTESIAN_POINT('',(-8.874978736088E-05,-0.127,
    -7.462967063557E-04));
#7430 = DEFINITIONAL_REPRESENTATION('',(#7431),#7435);
#7431 = LINE('',#7432,#7433);
#7432 = CARTESIAN_POINT('',(38.,0.));
#7433 = VECTOR('',#7434,1.);
#7434 = DIRECTION('',(0.,1.));
#7435 = ( GEOMETRIC_REPRESENTATION_CONTEXT(2) 
PARAMETRIC_REPRESENTATION_CONTEXT() REPRESENTATION_CONTEXT('2D SPACE',''
  ) );
#7436 = ORIENTED_EDGE('',*,*,#7437,.F.);
#7437 = EDGE_CURVE('',#7328,#7405,#7438,.T.);
#7438 = SURFACE_CURVE('',#7439,(#7442,#7449),.PCURVE_S1.);
#7439 = B_SPLINE_CURVE_WITH_KNOTS('',1,(#7440,#7441),.UNSPECIFIED.,.F.,
  .F.,(2,2),(37.,38.),.PIECEWISE_BEZIER_KNOTS.);
#7440 = CARTESIAN_POINT('',(-1.224695633479E-03,-0.127,
    -8.858957756692E-04));
#7441 = CARTESIAN_POINT('',(-6.754547929448E-04,-0.127,
    -8.268298034889E-04));
#7442 = PCURVE('',#7344,#7443);
#7443 = DEFINITIONAL_REPRESENTATION('',(#7444),#7448);
#7444 = LINE('',#7445,#7446);
#7445 = CARTESIAN_POINT('',(0.,1.));
#7446 = VECTOR('',#7447,1.);
#7447 = DIRECTION('',(1.,0.));
#7448 = ( GEOMETRIC_REPRESENTATION_CONTEXT(2) 
PARAMETRIC_REPRESENTATION_CONTEXT() REPRESENTATION_CONTEXT('2D SPACE',''
  ) );
#7449 = PCURVE('',#4566,#7450);
#7450 = DEFINITIONAL_REPRESENTATION('',(#7451),#7454);
#7451 = B_SPLINE_CURVE_WITH_KNOTS('',1,(#7452,#7453),.UNSPECIFIED.,.F.,
  .F.,(2,2),(37.,38.),.PIECEWISE_BEZIER_KNOTS.);
#7452 = CARTESIAN_POINT('',(9.755459993813E-03,-6.823651959585E-04));
#7453 = CARTESIAN_POINT('',(9.203728705684E-03,-7.096942222827E-04));
#7454 = ( GEOMETRIC_REPRESENTATION_CONTEXT(2) 
PARAMETRIC_REPRESENTATION_CONTEXT() REPRESENTATION_CONTEXT('2D SPACE',''
  ) );
#7455 = ORIENTED_EDGE('',*,*,#7327,.F.);
#7456 = ADVANCED_FACE('',(#7457),#7421,.T.);
#7457 = FACE_BOUND('',#7458,.T.);
#7458 = EDGE_LOOP('',(#7459,#7480,#7513,#7532));
#7459 = ORIENTED_EDGE('',*,*,#7460,.T.);
#7460 = EDGE_CURVE('',#7384,#7461,#7463,.T.);
#7461 = VERTEX_POINT('',#7462);
#7462 = CARTESIAN_POINT('',(3.709957790524E-04,-2.032E-02,
    -1.12718178517E-03));
#7463 = SURFACE_CURVE('',#7464,(#7467,#7474),.PCURVE_S1.);
#7464 = B_SPLINE_CURVE_WITH_KNOTS('',1,(#7465,#7466),.UNSPECIFIED.,.F.,
  .F.,(2,2),(38.,39.),.PIECEWISE_BEZIER_KNOTS.);
#7465 = CARTESIAN_POINT('',(-4.148472068387E-04,-2.032E-02,
    -1.633929189371E-03));
#7466 = CARTESIAN_POINT('',(3.709957790524E-04,-2.032E-02,
    -1.12718178517E-03));
#7467 = PCURVE('',#7421,#7468);
#7468 = DEFINITIONAL_REPRESENTATION('',(#7469),#7473);
#7469 = LINE('',#7470,#7471);
#7470 = CARTESIAN_POINT('',(0.,0.));
#7471 = VECTOR('',#7472,1.);
#7472 = DIRECTION('',(1.,0.));
#7473 = ( GEOMETRIC_REPRESENTATION_CONTEXT(2) 
PARAMETRIC_REPRESENTATION_CONTEXT() REPRESENTATION_CONTEXT('2D SPACE',''
  ) );
#7474 = PCURVE('',#4507,#7475);
#7475 = DEFINITIONAL_REPRESENTATION('',(#7476),#7479);
#7476 = B_SPLINE_CURVE_WITH_KNOTS('',1,(#7477,#7478),.UNSPECIFIED.,.F.,
  .F.,(2,2),(38.,39.),.PIECEWISE_BEZIER_KNOTS.);
#7477 = CARTESIAN_POINT('',(1.45322032195E-02,-1.120569824657E-03));
#7478 = CARTESIAN_POINT('',(1.359733156288E-02,-1.139467332207E-03));
#7479 = ( GEOMETRIC_REPRESENTATION_CONTEXT(2) 
PARAMETRIC_REPRESENTATION_CONTEXT() REPRESENTATION_CONTEXT('2D SPACE',''
  ) );
#7480 = ORIENTED_EDGE('',*,*,#7481,.T.);
#7481 = EDGE_CURVE('',#7461,#7482,#7484,.T.);
#7482 = VERTEX_POINT('',#7483);
#7483 = CARTESIAN_POINT('',(-8.874978736088E-05,-0.127,
    -7.462967063557E-04));
#7484 = SURFACE_CURVE('',#7485,(#7490,#7497),.PCURVE_S1.);
#7485 = ( BOUNDED_CURVE() B_SPLINE_CURVE(3,(#7486,#7487,#7488,#7489),
.UNSPECIFIED.,.F.,.F.) B_SPLINE_CURVE_WITH_KNOTS((4,4),(0.,1.),
.PIECEWISE_BEZIER_KNOTS.) CURVE() GEOMETRIC_REPRESENTATION_ITEM() 
RATIONAL_B_SPLINE_CURVE((1.,1.,1.,1.)) REPRESENTATION_ITEM('') );
#7486 = CARTESIAN_POINT('',(3.709957790524E-04,-2.032E-02,
    -1.12718178517E-03));
#7487 = CARTESIAN_POINT('',(1.132126997658E-04,-5.57630709112E-02,
    -1.839551650484E-03));
#7488 = CARTESIAN_POINT('',(-1.370735391012E-04,-9.160924192655E-02,
    -1.270445601559E-03));
#7489 = CARTESIAN_POINT('',(-8.874978736088E-05,-0.127,
    -7.462967063557E-04));
#7490 = PCURVE('',#7421,#7491);
#7491 = DEFINITIONAL_REPRESENTATION('',(#7492),#7496);
#7492 = LINE('',#7493,#7494);
#7493 = CARTESIAN_POINT('',(39.,0.));
#7494 = VECTOR('',#7495,1.);
#7495 = DIRECTION('',(0.,1.));
#7496 = ( GEOMETRIC_REPRESENTATION_CONTEXT(2) 
PARAMETRIC_REPRESENTATION_CONTEXT() REPRESENTATION_CONTEXT('2D SPACE',''
  ) );
#7497 = PCURVE('',#7498,#7507);
#7498 = ( BOUNDED_SURFACE() B_SPLINE_SURFACE(1,3,(
    (#7499,#7500,#7501,#7502)
    ,(#7503,#7504,#7505,#7506
)),.UNSPECIFIED.,.F.,.F.,.F.) B_SPLINE_SURFACE_WITH_KNOTS((2,2),(4,4),(
    39.,40.),(0.,1.),.PIECEWISE_BEZIER_KNOTS.) 
GEOMETRIC_REPRESENTATION_ITEM() RATIONAL_B_SPLINE_SURFACE((
    (1.,1.,1.,1.)
,(1.,1.,1.,1.))) REPRESENTATION_ITEM('') SURFACE() );
#7499 = CARTESIAN_POINT('',(3.709957790524E-04,-2.032E-02,
    -1.12718178517E-03));
#7500 = CARTESIAN_POINT('',(1.132126997658E-04,-5.57630709112E-02,
    -1.839551650484E-03));
#7501 = CARTESIAN_POINT('',(-1.370735391012E-04,-9.160924192655E-02,
    -1.270445601559E-03));
#7502 = CARTESIAN_POINT('',(-8.874978736088E-05,-0.127,
    -7.462967063557E-04));
#7503 = CARTESIAN_POINT('',(1.186915426367E-03,-2.032E-02,
    -5.720844221033E-04));
#7504 = CARTESIAN_POINT('',(1.557694082656E-03,-5.57630709112E-02,
    -1.327117677454E-03));
#7505 = CARTESIAN_POINT('',(9.098999467004E-04,-9.160924192655E-02,
    -1.088614003187E-03));
#7506 = CARTESIAN_POINT('',(5.281603339736E-04,-0.127,
    -6.460612439154E-04));
#7507 = DEFINITIONAL_REPRESENTATION('',(#7508),#7512);
#7508 = LINE('',#7509,#7510);
#7509 = CARTESIAN_POINT('',(39.,0.));
#7510 = VECTOR('',#7511,1.);
#7511 = DIRECTION('',(0.,1.));
#7512 = ( GEOMETRIC_REPRESENTATION_CONTEXT(2) 
PARAMETRIC_REPRESENTATION_CONTEXT() REPRESENTATION_CONTEXT('2D SPACE',''
  ) );
#7513 = ORIENTED_EDGE('',*,*,#7514,.F.);
#7514 = EDGE_CURVE('',#7405,#7482,#7515,.T.);
#7515 = SURFACE_CURVE('',#7516,(#7519,#7526),.PCURVE_S1.);
#7516 = B_SPLINE_CURVE_WITH_KNOTS('',1,(#7517,#7518),.UNSPECIFIED.,.F.,
  .F.,(2,2),(38.,39.),.PIECEWISE_BEZIER_KNOTS.);
#7517 = CARTESIAN_POINT('',(-6.754547929448E-04,-0.127,
    -8.268298034889E-04));
#7518 = CARTESIAN_POINT('',(-8.874978736088E-05,-0.127,
    -7.462967063557E-04));
#7519 = PCURVE('',#7421,#7520);
#7520 = DEFINITIONAL_REPRESENTATION('',(#7521),#7525);
#7521 = LINE('',#7522,#7523);
#7522 = CARTESIAN_POINT('',(0.,1.));
#7523 = VECTOR('',#7524,1.);
#7524 = DIRECTION('',(1.,0.));
#7525 = ( GEOMETRIC_REPRESENTATION_CONTEXT(2) 
PARAMETRIC_REPRESENTATION_CONTEXT() REPRESENTATION_CONTEXT('2D SPACE',''
  ) );
#7526 = PCURVE('',#4566,#7527);
#7527 = DEFINITIONAL_REPRESENTATION('',(#7528),#7531);
#7528 = B_SPLINE_CURVE_WITH_KNOTS('',1,(#7529,#7530),.UNSPECIFIED.,.F.,
  .F.,(2,2),(38.,39.),.PIECEWISE_BEZIER_KNOTS.);
#7529 = CARTESIAN_POINT('',(9.203728705684E-03,-7.096942222827E-04));
#7530 = CARTESIAN_POINT('',(8.61164332316E-03,-7.216626437314E-04));
#7531 = ( GEOMETRIC_REPRESENTATION_CONTEXT(2) 
PARAMETRIC_REPRESENTATION_CONTEXT() REPRESENTATION_CONTEXT('2D SPACE',''
  ) );
#7532 = ORIENTED_EDGE('',*,*,#7404,.F.);
#7533 = ADVANCED_FACE('',(#7534),#7498,.T.);
#7534 = FACE_BOUND('',#7535,.T.);
#7535 = EDGE_LOOP('',(#7536,#7557,#7590,#7609));
#7536 = ORIENTED_EDGE('',*,*,#7537,.T.);
#7537 = EDGE_CURVE('',#7461,#7538,#7540,.T.);
#7538 = VERTEX_POINT('',#7539);
#7539 = CARTESIAN_POINT('',(1.186915426367E-03,-2.032E-02,
    -5.720844221033E-04));
#7540 = SURFACE_CURVE('',#7541,(#7544,#7551),.PCURVE_S1.);
#7541 = B_SPLINE_CURVE_WITH_KNOTS('',1,(#7542,#7543),.UNSPECIFIED.,.F.,
  .F.,(2,2),(39.,40.),.PIECEWISE_BEZIER_KNOTS.);
#7542 = CARTESIAN_POINT('',(3.709957790524E-04,-2.032E-02,
    -1.12718178517E-03));
#7543 = CARTESIAN_POINT('',(1.186915426367E-03,-2.032E-02,
    -5.720844221033E-04));
#7544 = PCURVE('',#7498,#7545);
#7545 = DEFINITIONAL_REPRESENTATION('',(#7546),#7550);
#7546 = LINE('',#7547,#7548);
#7547 = CARTESIAN_POINT('',(0.,0.));
#7548 = VECTOR('',#7549,1.);
#7549 = DIRECTION('',(1.,0.));
#7550 = ( GEOMETRIC_REPRESENTATION_CONTEXT(2) 
PARAMETRIC_REPRESENTATION_CONTEXT() REPRESENTATION_CONTEXT('2D SPACE',''
  ) );
#7551 = PCURVE('',#4507,#7552);
#7552 = DEFINITIONAL_REPRESENTATION('',(#7553),#7556);
#7553 = B_SPLINE_CURVE_WITH_KNOTS('',1,(#7554,#7555),.UNSPECIFIED.,.F.,
  .F.,(2,2),(39.,40.),.PIECEWISE_BEZIER_KNOTS.);
#7554 = CARTESIAN_POINT('',(1.359733156288E-02,-1.139467332207E-03));
#7555 = CARTESIAN_POINT('',(1.261049891866E-02,-1.135075789727E-03));
#7556 = ( GEOMETRIC_REPRESENTATION_CONTEXT(2) 
PARAMETRIC_REPRESENTATION_CONTEXT() REPRESENTATION_CONTEXT('2D SPACE',''
  ) );
#7557 = ORIENTED_EDGE('',*,*,#7558,.T.);
#7558 = EDGE_CURVE('',#7538,#7559,#7561,.T.);
#7559 = VERTEX_POINT('',#7560);
#7560 = CARTESIAN_POINT('',(5.281603339736E-04,-0.127,
    -6.460612439154E-04));
#7561 = SURFACE_CURVE('',#7562,(#7567,#7574),.PCURVE_S1.);
#7562 = ( BOUNDED_CURVE() B_SPLINE_CURVE(3,(#7563,#7564,#7565,#7566),
.UNSPECIFIED.,.F.,.F.) B_SPLINE_CURVE_WITH_KNOTS((4,4),(0.,1.),
.PIECEWISE_BEZIER_KNOTS.) CURVE() GEOMETRIC_REPRESENTATION_ITEM() 
RATIONAL_B_SPLINE_CURVE((1.,1.,1.,1.)) REPRESENTATION_ITEM('') );
#7563 = CARTESIAN_POINT('',(1.186915426367E-03,-2.032E-02,
    -5.720844221033E-04));
#7564 = CARTESIAN_POINT('',(1.557694082656E-03,-5.57630709112E-02,
    -1.327117677454E-03));
#7565 = CARTESIAN_POINT('',(9.098999467004E-04,-9.160924192655E-02,
    -1.088614003187E-03));
#7566 = CARTESIAN_POINT('',(5.281603339736E-04,-0.127,
    -6.460612439154E-04));
#7567 = PCURVE('',#7498,#7568);
#7568 = DEFINITIONAL_REPRESENTATION('',(#7569),#7573);
#7569 = LINE('',#7570,#7571);
#7570 = CARTESIAN_POINT('',(40.,0.));
#7571 = VECTOR('',#7572,1.);
#7572 = DIRECTION('',(0.,1.));
#7573 = ( GEOMETRIC_REPRESENTATION_CONTEXT(2) 
PARAMETRIC_REPRESENTATION_CONTEXT() REPRESENTATION_CONTEXT('2D SPACE',''
  ) );
#7574 = PCURVE('',#7575,#7584);
#7575 = ( BOUNDED_SURFACE() B_SPLINE_SURFACE(1,3,(
    (#7576,#7577,#7578,#7579)
    ,(#7580,#7581,#7582,#7583
)),.UNSPECIFIED.,.F.,.F.,.F.) B_SPLINE_SURFACE_WITH_KNOTS((2,2),(4,4),(
    40.,41.),(0.,1.),.PIECEWISE_BEZIER_KNOTS.) 
GEOMETRIC_REPRESENTATION_ITEM() RATIONAL_B_SPLINE_SURFACE((
    (1.,1.,1.,1.)
,(1.,1.,1.,1.))) REPRESENTATION_ITEM('') SURFACE() );
#7576 = CARTESIAN_POINT('',(1.186915426367E-03,-2.032E-02,
    -5.720844221033E-04));
#7577 = CARTESIAN_POINT('',(1.557694082656E-03,-5.57630709112E-02,
    -1.327117677454E-03));
#7578 = CARTESIAN_POINT('',(9.098999467004E-04,-9.160924192655E-02,
    -1.088614003187E-03));
#7579 = CARTESIAN_POINT('',(5.281603339736E-04,-0.127,
    -6.460612439154E-04));
#7580 = CARTESIAN_POINT('',(2.023603481991E-03,-2.032E-02,
    2.297022273055E-05));
#7581 = CARTESIAN_POINT('',(3.049120050831E-03,-5.57630709112E-02,
    -7.628389274983E-04));
#7582 = CARTESIAN_POINT('',(1.995001764234E-03,-9.160924192655E-02,
    -8.768215733395E-04));
#7583 = CARTESIAN_POINT('',(1.16768631183E-03,-0.127,-5.284493397113E-04
    ));
#7584 = DEFINITIONAL_REPRESENTATION('',(#7585),#7589);
#7585 = LINE('',#7586,#7587);
#7586 = CARTESIAN_POINT('',(40.,0.));
#7587 = VECTOR('',#7588,1.);
#7588 = DIRECTION('',(0.,1.));
#7589 = ( GEOMETRIC_REPRESENTATION_CONTEXT(2) 
PARAMETRIC_REPRESENTATION_CONTEXT() REPRESENTATION_CONTEXT('2D SPACE',''
  ) );
#7590 = ORIENTED_EDGE('',*,*,#7591,.F.);
#7591 = EDGE_CURVE('',#7482,#7559,#7592,.T.);
#7592 = SURFACE_CURVE('',#7593,(#7596,#7603),.PCURVE_S1.);
#7593 = B_SPLINE_CURVE_WITH_KNOTS('',1,(#7594,#7595),.UNSPECIFIED.,.F.,
  .F.,(2,2),(39.,40.),.PIECEWISE_BEZIER_KNOTS.);
#7594 = CARTESIAN_POINT('',(-8.874978736088E-05,-0.127,
    -7.462967063557E-04));
#7595 = CARTESIAN_POINT('',(5.281603339736E-04,-0.127,
    -6.460612439154E-04));
#7596 = PCURVE('',#7498,#7597);
#7597 = DEFINITIONAL_REPRESENTATION('',(#7598),#7602);
#7598 = LINE('',#7599,#7600);
#7599 = CARTESIAN_POINT('',(0.,1.));
#7600 = VECTOR('',#7601,1.);
#7601 = DIRECTION('',(1.,0.));
#7602 = ( GEOMETRIC_REPRESENTATION_CONTEXT(2) 
PARAMETRIC_REPRESENTATION_CONTEXT() REPRESENTATION_CONTEXT('2D SPACE',''
  ) );
#7603 = PCURVE('',#4566,#7604);
#7604 = DEFINITIONAL_REPRESENTATION('',(#7605),#7608);
#7605 = B_SPLINE_CURVE_WITH_KNOTS('',1,(#7606,#7607),.UNSPECIFIED.,.F.,
  .F.,(2,2),(39.,40.),.PIECEWISE_BEZIER_KNOTS.);
#7606 = CARTESIAN_POINT('',(8.61164332316E-03,-7.216626437314E-04));
#7607 = CARTESIAN_POINT('',(7.986649315149E-03,-7.188813334935E-04));
#7608 = ( GEOMETRIC_REPRESENTATION_CONTEXT(2) 
PARAMETRIC_REPRESENTATION_CONTEXT() REPRESENTATION_CONTEXT('2D SPACE',''
  ) );
#7609 = ORIENTED_EDGE('',*,*,#7481,.F.);
#7610 = ADVANCED_FACE('',(#7611),#7575,.T.);
#7611 = FACE_BOUND('',#7612,.T.);
#7612 = EDGE_LOOP('',(#7613,#7634,#7667,#7686));
#7613 = ORIENTED_EDGE('',*,*,#7614,.T.);
#7614 = EDGE_CURVE('',#7538,#7615,#7617,.T.);
#7615 = VERTEX_POINT('',#7616);
#7616 = CARTESIAN_POINT('',(2.023603481991E-03,-2.032E-02,
    2.297022273055E-05));
#7617 = SURFACE_CURVE('',#7618,(#7621,#7628),.PCURVE_S1.);
#7618 = B_SPLINE_CURVE_WITH_KNOTS('',1,(#7619,#7620),.UNSPECIFIED.,.F.,
  .F.,(2,2),(40.,41.),.PIECEWISE_BEZIER_KNOTS.);
#7619 = CARTESIAN_POINT('',(1.186915426367E-03,-2.032E-02,
    -5.720844221033E-04));
#7620 = CARTESIAN_POINT('',(2.023603481991E-03,-2.032E-02,
    2.297022273055E-05));
#7621 = PCURVE('',#7575,#7622);
#7622 = DEFINITIONAL_REPRESENTATION('',(#7623),#7627);
#7623 = LINE('',#7624,#7625);
#7624 = CARTESIAN_POINT('',(0.,0.));
#7625 = VECTOR('',#7626,1.);
#7626 = DIRECTION('',(1.,0.));
#7627 = ( GEOMETRIC_REPRESENTATION_CONTEXT(2) 
PARAMETRIC_REPRESENTATION_CONTEXT() REPRESENTATION_CONTEXT('2D SPACE',''
  ) );
#7628 = PCURVE('',#4507,#7629);
#7629 = DEFINITIONAL_REPRESENTATION('',(#7630),#7633);
#7630 = B_SPLINE_CURVE_WITH_KNOTS('',1,(#7631,#7632),.UNSPECIFIED.,.F.,
  .F.,(2,2),(40.,41.),.PIECEWISE_BEZIER_KNOTS.);
#7631 = CARTESIAN_POINT('',(1.261049891866E-02,-1.135075789727E-03));
#7632 = CARTESIAN_POINT('',(1.158411450074E-02,-1.109153609829E-03));
#7633 = ( GEOMETRIC_REPRESENTATION_CONTEXT(2) 
PARAMETRIC_REPRESENTATION_CONTEXT() REPRESENTATION_CONTEXT('2D SPACE',''
  ) );
#7634 = ORIENTED_EDGE('',*,*,#7635,.T.);
#7635 = EDGE_CURVE('',#7615,#7636,#7638,.T.);
#7636 = VERTEX_POINT('',#7637);
#7637 = CARTESIAN_POINT('',(1.16768631183E-03,-0.127,-5.284493397113E-04
    ));
#7638 = SURFACE_CURVE('',#7639,(#7644,#7651),.PCURVE_S1.);
#7639 = ( BOUNDED_CURVE() B_SPLINE_CURVE(3,(#7640,#7641,#7642,#7643),
.UNSPECIFIED.,.F.,.F.) B_SPLINE_CURVE_WITH_KNOTS((4,4),(0.,1.),
.PIECEWISE_BEZIER_KNOTS.) CURVE() GEOMETRIC_REPRESENTATION_ITEM() 
RATIONAL_B_SPLINE_CURVE((1.,1.,1.,1.)) REPRESENTATION_ITEM('') );
#7640 = CARTESIAN_POINT('',(2.023603481991E-03,-2.032E-02,
    2.297022273055E-05));
#7641 = CARTESIAN_POINT('',(3.049120050831E-03,-5.57630709112E-02,
    -7.628389274983E-04));
#7642 = CARTESIAN_POINT('',(1.995001764234E-03,-9.160924192655E-02,
    -8.768215733395E-04));
#7643 = CARTESIAN_POINT('',(1.16768631183E-03,-0.127,-5.284493397113E-04
    ));
#7644 = PCURVE('',#7575,#7645);
#7645 = DEFINITIONAL_REPRESENTATION('',(#7646),#7650);
#7646 = LINE('',#7647,#7648);
#7647 = CARTESIAN_POINT('',(41.,0.));
#7648 = VECTOR('',#7649,1.);
#7649 = DIRECTION('',(0.,1.));
#7650 = ( GEOMETRIC_REPRESENTATION_CONTEXT(2) 
PARAMETRIC_REPRESENTATION_CONTEXT() REPRESENTATION_CONTEXT('2D SPACE',''
  ) );
#7651 = PCURVE('',#7652,#7661);
#7652 = ( BOUNDED_SURFACE() B_SPLINE_SURFACE(1,3,(
    (#7653,#7654,#7655,#7656)
    ,(#7657,#7658,#7659,#7660
)),.UNSPECIFIED.,.F.,.F.,.F.) B_SPLINE_SURFACE_WITH_KNOTS((2,2),(4,4),(
    41.,42.),(0.,1.),.PIECEWISE_BEZIER_KNOTS.) 
GEOMETRIC_REPRESENTATION_ITEM() RATIONAL_B_SPLINE_SURFACE((
    (1.,1.,1.,1.)
,(1.,1.,1.,1.))) REPRESENTATION_ITEM('') SURFACE() );
#7653 = CARTESIAN_POINT('',(2.023603481991E-03,-2.032E-02,
    2.297022273055E-05));
#7654 = CARTESIAN_POINT('',(3.049120050831E-03,-5.57630709112E-02,
    -7.628389274983E-04));
#7655 = CARTESIAN_POINT('',(1.995001764234E-03,-9.160924192655E-02,
    -8.768215733395E-04));
#7656 = CARTESIAN_POINT('',(1.16768631183E-03,-0.127,-5.284493397113E-04
    ));
#7657 = CARTESIAN_POINT('',(2.87168675508E-03,-2.032E-02,
    6.487960528359E-04));
#7658 = CARTESIAN_POINT('',(4.569789677265E-03,-5.57630709112E-02,
    -1.568224606735E-04));
#7659 = CARTESIAN_POINT('',(3.104955907551E-03,-9.160924192655E-02,
    -6.399124971769E-04));
#7660 = CARTESIAN_POINT('',(1.821989247818E-03,-0.127,-3.96224954881E-04
    ));
#7661 = DEFINITIONAL_REPRESENTATION('',(#7662),#7666);
#7662 = LINE('',#7663,#7664);
#7663 = CARTESIAN_POINT('',(41.,0.));
#7664 = VECTOR('',#7665,1.);
#7665 = DIRECTION('',(0.,1.));
#7666 = ( GEOMETRIC_REPRESENTATION_CONTEXT(2) 
PARAMETRIC_REPRESENTATION_CONTEXT() REPRESENTATION_CONTEXT('2D SPACE',''
  ) );
#7667 = ORIENTED_EDGE('',*,*,#7668,.F.);
#7668 = EDGE_CURVE('',#7559,#7636,#7669,.T.);
#7669 = SURFACE_CURVE('',#7670,(#7673,#7680),.PCURVE_S1.);
#7670 = B_SPLINE_CURVE_WITH_KNOTS('',1,(#7671,#7672),.UNSPECIFIED.,.F.,
  .F.,(2,2),(40.,41.),.PIECEWISE_BEZIER_KNOTS.);
#7671 = CARTESIAN_POINT('',(5.281603339736E-04,-0.127,
    -6.460612439154E-04));
#7672 = CARTESIAN_POINT('',(1.16768631183E-03,-0.127,-5.284493397113E-04
    ));
#7673 = PCURVE('',#7575,#7674);
#7674 = DEFINITIONAL_REPRESENTATION('',(#7675),#7679);
#7675 = LINE('',#7676,#7677);
#7676 = CARTESIAN_POINT('',(0.,1.));
#7677 = VECTOR('',#7678,1.);
#7678 = DIRECTION('',(1.,0.));
#7679 = ( GEOMETRIC_REPRESENTATION_CONTEXT(2) 
PARAMETRIC_REPRESENTATION_CONTEXT() REPRESENTATION_CONTEXT('2D SPACE',''
  ) );
#7680 = PCURVE('',#4566,#7681);
#7681 = DEFINITIONAL_REPRESENTATION('',(#7682),#7685);
#7682 = B_SPLINE_CURVE_WITH_KNOTS('',1,(#7683,#7684),.UNSPECIFIED.,.F.,
  .F.,(2,2),(40.,41.),.PIECEWISE_BEZIER_KNOTS.);
#7683 = CARTESIAN_POINT('',(7.986649315149E-03,-7.188813334935E-04));
#7684 = CARTESIAN_POINT('',(7.336605850466E-03,-7.024639528919E-04));
#7685 = ( GEOMETRIC_REPRESENTATION_CONTEXT(2) 
PARAMETRIC_REPRESENTATION_CONTEXT() REPRESENTATION_CONTEXT('2D SPACE',''
  ) );
#7686 = ORIENTED_EDGE('',*,*,#7558,.F.);
#7687 = ADVANCED_FACE('',(#7688),#7652,.T.);
#7688 = FACE_BOUND('',#7689,.T.);
#7689 = EDGE_LOOP('',(#7690,#7711,#7744,#7763));
#7690 = ORIENTED_EDGE('',*,*,#7691,.T.);
#7691 = EDGE_CURVE('',#7615,#7692,#7694,.T.);
#7692 = VERTEX_POINT('',#7693);
#7693 = CARTESIAN_POINT('',(2.87168675508E-03,-2.032E-02,
    6.487960528359E-04));
#7694 = SURFACE_CURVE('',#7695,(#7698,#7705),.PCURVE_S1.);
#7695 = B_SPLINE_CURVE_WITH_KNOTS('',1,(#7696,#7697),.UNSPECIFIED.,.F.,
  .F.,(2,2),(41.,42.),.PIECEWISE_BEZIER_KNOTS.);
#7696 = CARTESIAN_POINT('',(2.023603481991E-03,-2.032E-02,
    2.297022273055E-05));
#7697 = CARTESIAN_POINT('',(2.87168675508E-03,-2.032E-02,
    6.487960528359E-04));
#7698 = PCURVE('',#7652,#7699);
#7699 = DEFINITIONAL_REPRESENTATION('',(#7700),#7704);
#7700 = LINE('',#7701,#7702);
#7701 = CARTESIAN_POINT('',(0.,0.));
#7702 = VECTOR('',#7703,1.);
#7703 = DIRECTION('',(1.,0.));
#7704 = ( GEOMETRIC_REPRESENTATION_CONTEXT(2) 
PARAMETRIC_REPRESENTATION_CONTEXT() REPRESENTATION_CONTEXT('2D SPACE',''
  ) );
#7705 = PCURVE('',#4507,#7706);
#7706 = DEFINITIONAL_REPRESENTATION('',(#7707),#7710);
#7707 = B_SPLINE_CURVE_WITH_KNOTS('',1,(#7708,#7709),.UNSPECIFIED.,.F.,
  .F.,(2,2),(41.,42.),.PIECEWISE_BEZIER_KNOTS.);
#7708 = CARTESIAN_POINT('',(1.158411450074E-02,-1.109153609829E-03));
#7709 = CARTESIAN_POINT('',(1.0531084749E-02,-1.064080894435E-03));
#7710 = ( GEOMETRIC_REPRESENTATION_CONTEXT(2) 
PARAMETRIC_REPRESENTATION_CONTEXT() REPRESENTATION_CONTEXT('2D SPACE',''
  ) );
#7711 = ORIENTED_EDGE('',*,*,#7712,.T.);
#7712 = EDGE_CURVE('',#7692,#7713,#7715,.T.);
#7713 = VERTEX_POINT('',#7714);
#7714 = CARTESIAN_POINT('',(1.821989247818E-03,-0.127,-3.96224954881E-04
    ));
#7715 = SURFACE_CURVE('',#7716,(#7721,#7728),.PCURVE_S1.);
#7716 = ( BOUNDED_CURVE() B_SPLINE_CURVE(3,(#7717,#7718,#7719,#7720),
.UNSPECIFIED.,.F.,.F.) B_SPLINE_CURVE_WITH_KNOTS((4,4),(0.,1.),
.PIECEWISE_BEZIER_KNOTS.) CURVE() GEOMETRIC_REPRESENTATION_ITEM() 
RATIONAL_B_SPLINE_CURVE((1.,1.,1.,1.)) REPRESENTATION_ITEM('') );
#7717 = CARTESIAN_POINT('',(2.87168675508E-03,-2.032E-02,
    6.487960528359E-04));
#7718 = CARTESIAN_POINT('',(4.569789677265E-03,-5.57630709112E-02,
    -1.568224606735E-04));
#7719 = CARTESIAN_POINT('',(3.104955907551E-03,-9.160924192655E-02,
    -6.399124971769E-04));
#7720 = CARTESIAN_POINT('',(1.821989247818E-03,-0.127,-3.96224954881E-04
    ));
#7721 = PCURVE('',#7652,#7722);
#7722 = DEFINITIONAL_REPRESENTATION('',(#7723),#7727);
#7723 = LINE('',#7724,#7725);
#7724 = CARTESIAN_POINT('',(42.,0.));
#7725 = VECTOR('',#7726,1.);
#7726 = DIRECTION('',(0.,1.));
#7727 = ( GEOMETRIC_REPRESENTATION_CONTEXT(2) 
PARAMETRIC_REPRESENTATION_CONTEXT() REPRESENTATION_CONTEXT('2D SPACE',''
  ) );
#7728 = PCURVE('',#7729,#7738);
#7729 = ( BOUNDED_SURFACE() B_SPLINE_SURFACE(1,3,(
    (#7730,#7731,#7732,#7733)
    ,(#7734,#7735,#7736,#7737
)),.UNSPECIFIED.,.F.,.F.,.F.) B_SPLINE_SURFACE_WITH_KNOTS((2,2),(4,4),(
    42.,43.),(0.,1.),.PIECEWISE_BEZIER_KNOTS.) 
GEOMETRIC_REPRESENTATION_ITEM() RATIONAL_B_SPLINE_SURFACE((
    (1.,1.,1.,1.)
,(1.,1.,1.,1.))) REPRESENTATION_ITEM('') SURFACE() );
#7730 = CARTESIAN_POINT('',(2.87168675508E-03,-2.032E-02,
    6.487960528359E-04));
#7731 = CARTESIAN_POINT('',(4.569789677265E-03,-5.57630709112E-02,
    -1.568224606735E-04));
#7732 = CARTESIAN_POINT('',(3.104955907551E-03,-9.160924192655E-02,
    -6.399124971769E-04));
#7733 = CARTESIAN_POINT('',(1.821989247818E-03,-0.127,-3.96224954881E-04
    ));
#7734 = CARTESIAN_POINT('',(3.721746899199E-03,-2.032E-02,
    1.295674498955E-03));
#7735 = CARTESIAN_POINT('',(6.101724390721E-03,-5.57630709112E-02,
    4.800425189321E-04));
#7736 = CARTESIAN_POINT('',(4.226205433969E-03,-9.160924192655E-02,
    -3.83233151881E-04));
#7737 = CARTESIAN_POINT('',(2.483061803747E-03,-0.127,
    -2.524456009632E-04));
#7738 = DEFINITIONAL_REPRESENTATION('',(#7739),#7743);
#7739 = LINE('',#7740,#7741);
#7740 = CARTESIAN_POINT('',(42.,0.));
#7741 = VECTOR('',#7742,1.);
#7742 = DIRECTION('',(0.,1.));
#7743 = ( GEOMETRIC_REPRESENTATION_CONTEXT(2) 
PARAMETRIC_REPRESENTATION_CONTEXT() REPRESENTATION_CONTEXT('2D SPACE',''
  ) );
#7744 = ORIENTED_EDGE('',*,*,#7745,.F.);
#7745 = EDGE_CURVE('',#7636,#7713,#7746,.T.);
#7746 = SURFACE_CURVE('',#7747,(#7750,#7757),.PCURVE_S1.);
#7747 = B_SPLINE_CURVE_WITH_KNOTS('',1,(#7748,#7749),.UNSPECIFIED.,.F.,
  .F.,(2,2),(41.,42.),.PIECEWISE_BEZIER_KNOTS.);
#7748 = CARTESIAN_POINT('',(1.16768631183E-03,-0.127,-5.284493397113E-04
    ));
#7749 = CARTESIAN_POINT('',(1.821989247818E-03,-0.127,-3.96224954881E-04
    ));
#7750 = PCURVE('',#7652,#7751);
#7751 = DEFINITIONAL_REPRESENTATION('',(#7752),#7756);
#7752 = LINE('',#7753,#7754);
#7753 = CARTESIAN_POINT('',(0.,1.));
#7754 = VECTOR('',#7755,1.);
#7755 = DIRECTION('',(1.,0.));
#7756 = ( GEOMETRIC_REPRESENTATION_CONTEXT(2) 
PARAMETRIC_REPRESENTATION_CONTEXT() REPRESENTATION_CONTEXT('2D SPACE',''
  ) );
#7757 = PCURVE('',#4566,#7758);
#7758 = DEFINITIONAL_REPRESENTATION('',(#7759),#7762);
#7759 = B_SPLINE_CURVE_WITH_KNOTS('',1,(#7760,#7761),.UNSPECIFIED.,.F.,
  .F.,(2,2),(41.,42.),.PIECEWISE_BEZIER_KNOTS.);
#7760 = CARTESIAN_POINT('',(7.336605850466E-03,-7.024639528919E-04));
#7761 = CARTESIAN_POINT('',(6.669687007698E-03,-6.739178998086E-04));
#7762 = ( GEOMETRIC_REPRESENTATION_CONTEXT(2) 
PARAMETRIC_REPRESENTATION_CONTEXT() REPRESENTATION_CONTEXT('2D SPACE',''
  ) );
#7763 = ORIENTED_EDGE('',*,*,#7635,.F.);
#7764 = ADVANCED_FACE('',(#7765),#7729,.T.);
#7765 = FACE_BOUND('',#7766,.T.);
#7766 = EDGE_LOOP('',(#7767,#7788,#7821,#7840));
#7767 = ORIENTED_EDGE('',*,*,#7768,.T.);
#7768 = EDGE_CURVE('',#7692,#7769,#7771,.T.);
#7769 = VERTEX_POINT('',#7770);
#7770 = CARTESIAN_POINT('',(3.721746899199E-03,-2.032E-02,
    1.295674498955E-03));
#7771 = SURFACE_CURVE('',#7772,(#7775,#7782),.PCURVE_S1.);
#7772 = B_SPLINE_CURVE_WITH_KNOTS('',1,(#7773,#7774),.UNSPECIFIED.,.F.,
  .F.,(2,2),(42.,43.),.PIECEWISE_BEZIER_KNOTS.);
#7773 = CARTESIAN_POINT('',(2.87168675508E-03,-2.032E-02,
    6.487960528359E-04));
#7774 = CARTESIAN_POINT('',(3.721746899199E-03,-2.032E-02,
    1.295674498955E-03));
#7775 = PCURVE('',#7729,#7776);
#7776 = DEFINITIONAL_REPRESENTATION('',(#7777),#7781);
#7777 = LINE('',#7778,#7779);
#7778 = CARTESIAN_POINT('',(0.,0.));
#7779 = VECTOR('',#7780,1.);
#7780 = DIRECTION('',(1.,0.));
#7781 = ( GEOMETRIC_REPRESENTATION_CONTEXT(2) 
PARAMETRIC_REPRESENTATION_CONTEXT() REPRESENTATION_CONTEXT('2D SPACE',''
  ) );
#7782 = PCURVE('',#4507,#7783);
#7783 = DEFINITIONAL_REPRESENTATION('',(#7784),#7787);
#7784 = B_SPLINE_CURVE_WITH_KNOTS('',1,(#7785,#7786),.UNSPECIFIED.,.F.,
  .F.,(2,2),(42.,43.),.PIECEWISE_BEZIER_KNOTS.);
#7785 = CARTESIAN_POINT('',(1.0531084749E-02,-1.064080894435E-03));
#7786 = CARTESIAN_POINT('',(9.464651103558E-03,-1.002654087998E-03));
#7787 = ( GEOMETRIC_REPRESENTATION_CONTEXT(2) 
PARAMETRIC_REPRESENTATION_CONTEXT() REPRESENTATION_CONTEXT('2D SPACE',''
  ) );
#7788 = ORIENTED_EDGE('',*,*,#7789,.T.);
#7789 = EDGE_CURVE('',#7769,#7790,#7792,.T.);
#7790 = VERTEX_POINT('',#7791);
#7791 = CARTESIAN_POINT('',(2.483061803747E-03,-0.127,
    -2.524456009632E-04));
#7792 = SURFACE_CURVE('',#7793,(#7798,#7805),.PCURVE_S1.);
#7793 = ( BOUNDED_CURVE() B_SPLINE_CURVE(3,(#7794,#7795,#7796,#7797),
.UNSPECIFIED.,.F.,.F.) B_SPLINE_CURVE_WITH_KNOTS((4,4),(0.,1.),
.PIECEWISE_BEZIER_KNOTS.) CURVE() GEOMETRIC_REPRESENTATION_ITEM() 
RATIONAL_B_SPLINE_CURVE((1.,1.,1.,1.)) REPRESENTATION_ITEM('') );
#7794 = CARTESIAN_POINT('',(3.721746899199E-03,-2.032E-02,
    1.295674498955E-03));
#7795 = CARTESIAN_POINT('',(6.101724390721E-03,-5.57630709112E-02,
    4.800425189321E-04));
#7796 = CARTESIAN_POINT('',(4.226205433969E-03,-9.160924192655E-02,
    -3.83233151881E-04));
#7797 = CARTESIAN_POINT('',(2.483061803747E-03,-0.127,
    -2.524456009632E-04));
#7798 = PCURVE('',#7729,#7799);
#7799 = DEFINITIONAL_REPRESENTATION('',(#7800),#7804);
#7800 = LINE('',#7801,#7802);
#7801 = CARTESIAN_POINT('',(43.,0.));
#7802 = VECTOR('',#7803,1.);
#7803 = DIRECTION('',(0.,1.));
#7804 = ( GEOMETRIC_REPRESENTATION_CONTEXT(2) 
PARAMETRIC_REPRESENTATION_CONTEXT() REPRESENTATION_CONTEXT('2D SPACE',''
  ) );
#7805 = PCURVE('',#7806,#7815);
#7806 = ( BOUNDED_SURFACE() B_SPLINE_SURFACE(1,3,(
    (#7807,#7808,#7809,#7810)
    ,(#7811,#7812,#7813,#7814
)),.UNSPECIFIED.,.F.,.F.,.F.) B_SPLINE_SURFACE_WITH_KNOTS((2,2),(4,4),(
    43.,44.),(0.,1.),.PIECEWISE_BEZIER_KNOTS.) 
GEOMETRIC_REPRESENTATION_ITEM() RATIONAL_B_SPLINE_SURFACE((
    (1.,1.,1.,1.)
,(1.,1.,1.,1.))) REPRESENTATION_ITEM('') SURFACE() );
#7807 = CARTESIAN_POINT('',(3.721746899199E-03,-2.032E-02,
    1.295674498955E-03));
#7808 = CARTESIAN_POINT('',(6.101724390721E-03,-5.57630709112E-02,
    4.800425189321E-04));
#7809 = CARTESIAN_POINT('',(4.226205433969E-03,-9.160924192655E-02,
    -3.83233151881E-04));
#7810 = CARTESIAN_POINT('',(2.483061803747E-03,-0.127,
    -2.524456009632E-04));
#7811 = CARTESIAN_POINT('',(4.56434505085E-03,-2.032E-02,
    1.953615803855E-03));
#7812 = CARTESIAN_POINT('',(7.626807942665E-03,-5.57630709112E-02,
    1.136467484432E-03));
#7813 = CARTESIAN_POINT('',(5.345052753009E-03,-9.160924192655E-02,
    -1.123867831277E-04));
#7814 = CARTESIAN_POINT('',(3.142812279046E-03,-0.127,
    -1.003189584601E-04));
#7815 = DEFINITIONAL_REPRESENTATION('',(#7816),#7820);
#7816 = LINE('',#7817,#7818);
#7817 = CARTESIAN_POINT('',(43.,0.));
#7818 = VECTOR('',#7819,1.);
#7819 = DIRECTION('',(0.,1.));
#7820 = ( GEOMETRIC_REPRESENTATION_CONTEXT(2) 
PARAMETRIC_REPRESENTATION_CONTEXT() REPRESENTATION_CONTEXT('2D SPACE',''
  ) );
#7821 = ORIENTED_EDGE('',*,*,#7822,.F.);
#7822 = EDGE_CURVE('',#7713,#7790,#7823,.T.);
#7823 = SURFACE_CURVE('',#7824,(#7827,#7834),.PCURVE_S1.);
#7824 = B_SPLINE_CURVE_WITH_KNOTS('',1,(#7825,#7826),.UNSPECIFIED.,.F.,
  .F.,(2,2),(42.,43.),.PIECEWISE_BEZIER_KNOTS.);
#7825 = CARTESIAN_POINT('',(1.821989247818E-03,-0.127,-3.96224954881E-04
    ));
#7826 = CARTESIAN_POINT('',(2.483061803747E-03,-0.127,
    -2.524456009632E-04));
#7827 = PCURVE('',#7729,#7828);
#7828 = DEFINITIONAL_REPRESENTATION('',(#7829),#7833);
#7829 = LINE('',#7830,#7831);
#7830 = CARTESIAN_POINT('',(0.,1.));
#7831 = VECTOR('',#7832,1.);
#7832 = DIRECTION('',(1.,0.));
#7833 = ( GEOMETRIC_REPRESENTATION_CONTEXT(2) 
PARAMETRIC_REPRESENTATION_CONTEXT() REPRESENTATION_CONTEXT('2D SPACE',''
  ) );
#7834 = PCURVE('',#4566,#7835);
#7835 = DEFINITIONAL_REPRESENTATION('',(#7836),#7839);
#7836 = B_SPLINE_CURVE_WITH_KNOTS('',1,(#7837,#7838),.UNSPECIFIED.,.F.,
  .F.,(2,2),(42.,43.),.PIECEWISE_BEZIER_KNOTS.);
#7837 = CARTESIAN_POINT('',(6.669687007698E-03,-6.739178998086E-04));
#7838 = CARTESIAN_POINT('',(5.994279032253E-03,-6.350142557323E-04));
#7839 = ( GEOMETRIC_REPRESENTATION_CONTEXT(2) 
PARAMETRIC_REPRESENTATION_CONTEXT() REPRESENTATION_CONTEXT('2D SPACE',''
  ) );
#7840 = ORIENTED_EDGE('',*,*,#7712,.F.);
#7841 = ADVANCED_FACE('',(#7842),#7806,.T.);
#7842 = FACE_BOUND('',#7843,.T.);
#7843 = EDGE_LOOP('',(#7844,#7865,#7898,#7917));
#7844 = ORIENTED_EDGE('',*,*,#7845,.T.);
#7845 = EDGE_CURVE('',#7769,#7846,#7848,.T.);
#7846 = VERTEX_POINT('',#7847);
#7847 = CARTESIAN_POINT('',(4.56434505085E-03,-2.032E-02,
    1.953615803855E-03));
#7848 = SURFACE_CURVE('',#7849,(#7852,#7859),.PCURVE_S1.);
#7849 = B_SPLINE_CURVE_WITH_KNOTS('',1,(#7850,#7851),.UNSPECIFIED.,.F.,
  .F.,(2,2),(43.,44.),.PIECEWISE_BEZIER_KNOTS.);
#7850 = CARTESIAN_POINT('',(3.721746899199E-03,-2.032E-02,
    1.295674498955E-03));
#7851 = CARTESIAN_POINT('',(4.56434505085E-03,-2.032E-02,
    1.953615803855E-03));
#7852 = PCURVE('',#7806,#7853);
#7853 = DEFINITIONAL_REPRESENTATION('',(#7854),#7858);
#7854 = LINE('',#7855,#7856);
#7855 = CARTESIAN_POINT('',(0.,0.));
#7856 = VECTOR('',#7857,1.);
#7857 = DIRECTION('',(1.,0.));
#7858 = ( GEOMETRIC_REPRESENTATION_CONTEXT(2) 
PARAMETRIC_REPRESENTATION_CONTEXT() REPRESENTATION_CONTEXT('2D SPACE',''
  ) );
#7859 = PCURVE('',#4507,#7860);
#7860 = DEFINITIONAL_REPRESENTATION('',(#7861),#7864);
#7861 = B_SPLINE_CURVE_WITH_KNOTS('',1,(#7862,#7863),.UNSPECIFIED.,.F.,
  .F.,(2,2),(43.,44.),.PIECEWISE_BEZIER_KNOTS.);
#7862 = CARTESIAN_POINT('',(9.464651103558E-03,-1.002654087998E-03));
#7863 = CARTESIAN_POINT('',(8.398223562724E-03,-9.278830641363E-04));
#7864 = ( GEOMETRIC_REPRESENTATION_CONTEXT(2) 
PARAMETRIC_REPRESENTATION_CONTEXT() REPRESENTATION_CONTEXT('2D SPACE',''
  ) );
#7865 = ORIENTED_EDGE('',*,*,#7866,.T.);
#7866 = EDGE_CURVE('',#7846,#7867,#7869,.T.);
#7867 = VERTEX_POINT('',#7868);
#7868 = CARTESIAN_POINT('',(3.142812279046E-03,-0.127,
    -1.003189584601E-04));
#7869 = SURFACE_CURVE('',#7870,(#7875,#7882),.PCURVE_S1.);
#7870 = ( BOUNDED_CURVE() B_SPLINE_CURVE(3,(#7871,#7872,#7873,#7874),
.UNSPECIFIED.,.F.,.F.) B_SPLINE_CURVE_WITH_KNOTS((4,4),(0.,1.),
.PIECEWISE_BEZIER_KNOTS.) CURVE() GEOMETRIC_REPRESENTATION_ITEM() 
RATIONAL_B_SPLINE_CURVE((1.,1.,1.,1.)) REPRESENTATION_ITEM('') );
#7871 = CARTESIAN_POINT('',(4.56434505085E-03,-2.032E-02,
    1.953615803855E-03));
#7872 = CARTESIAN_POINT('',(7.626807942665E-03,-5.57630709112E-02,
    1.136467484432E-03));
#7873 = CARTESIAN_POINT('',(5.345052753009E-03,-9.160924192655E-02,
    -1.123867831277E-04));
#7874 = CARTESIAN_POINT('',(3.142812279046E-03,-0.127,
    -1.003189584601E-04));
#7875 = PCURVE('',#7806,#7876);
#7876 = DEFINITIONAL_REPRESENTATION('',(#7877),#7881);
#7877 = LINE('',#7878,#7879);
#7878 = CARTESIAN_POINT('',(44.,0.));
#7879 = VECTOR('',#7880,1.);
#7880 = DIRECTION('',(0.,1.));
#7881 = ( GEOMETRIC_REPRESENTATION_CONTEXT(2) 
PARAMETRIC_REPRESENTATION_CONTEXT() REPRESENTATION_CONTEXT('2D SPACE',''
  ) );
#7882 = PCURVE('',#7883,#7892);
#7883 = ( BOUNDED_SURFACE() B_SPLINE_SURFACE(1,3,(
    (#7884,#7885,#7886,#7887)
    ,(#7888,#7889,#7890,#7891
)),.UNSPECIFIED.,.F.,.F.,.F.) B_SPLINE_SURFACE_WITH_KNOTS((2,2),(4,4),(
    44.,45.),(0.,1.),.PIECEWISE_BEZIER_KNOTS.) 
GEOMETRIC_REPRESENTATION_ITEM() RATIONAL_B_SPLINE_SURFACE((
    (1.,1.,1.,1.)
,(1.,1.,1.,1.))) REPRESENTATION_ITEM('') SURFACE() );
#7884 = CARTESIAN_POINT('',(4.56434505085E-03,-2.032E-02,
    1.953615803855E-03));
#7885 = CARTESIAN_POINT('',(7.626807942665E-03,-5.57630709112E-02,
    1.136467484432E-03));
#7886 = CARTESIAN_POINT('',(5.345052753009E-03,-9.160924192655E-02,
    -1.123867831277E-04));
#7887 = CARTESIAN_POINT('',(3.142812279046E-03,-0.127,
    -1.003189584601E-04));
#7888 = CARTESIAN_POINT('',(5.390066541072E-03,-2.032E-02,
    2.612594340425E-03));
#7889 = CARTESIAN_POINT('',(9.126946298557E-03,-5.57630709112E-02,
    1.801100488237E-03));
#7890 = CARTESIAN_POINT('',(6.447808063039E-03,-9.160924192655E-02,
    1.669774286829E-04));
#7891 = CARTESIAN_POINT('',(3.793153259815E-03,-0.127,5.692022713205E-05
    ));
#7892 = DEFINITIONAL_REPRESENTATION('',(#7893),#7897);
#7893 = LINE('',#7894,#7895);
#7894 = CARTESIAN_POINT('',(44.,0.));
#7895 = VECTOR('',#7896,1.);
#7896 = DIRECTION('',(0.,1.));
#7897 = ( GEOMETRIC_REPRESENTATION_CONTEXT(2) 
PARAMETRIC_REPRESENTATION_CONTEXT() REPRESENTATION_CONTEXT('2D SPACE',''
  ) );
#7898 = ORIENTED_EDGE('',*,*,#7899,.F.);
#7899 = EDGE_CURVE('',#7790,#7867,#7900,.T.);
#7900 = SURFACE_CURVE('',#7901,(#7904,#7911),.PCURVE_S1.);
#7901 = B_SPLINE_CURVE_WITH_KNOTS('',1,(#7902,#7903),.UNSPECIFIED.,.F.,
  .F.,(2,2),(43.,44.),.PIECEWISE_BEZIER_KNOTS.);
#7902 = CARTESIAN_POINT('',(2.483061803747E-03,-0.127,
    -2.524456009632E-04));
#7903 = CARTESIAN_POINT('',(3.142812279046E-03,-0.127,
    -1.003189584601E-04));
#7904 = PCURVE('',#7806,#7905);
#7905 = DEFINITIONAL_REPRESENTATION('',(#7906),#7910);
#7906 = LINE('',#7907,#7908);
#7907 = CARTESIAN_POINT('',(0.,1.));
#7908 = VECTOR('',#7909,1.);
#7909 = DIRECTION('',(1.,0.));
#7910 = ( GEOMETRIC_REPRESENTATION_CONTEXT(2) 
PARAMETRIC_REPRESENTATION_CONTEXT() REPRESENTATION_CONTEXT('2D SPACE',''
  ) );
#7911 = PCURVE('',#4566,#7912);
#7912 = DEFINITIONAL_REPRESENTATION('',(#7913),#7916);
#7913 = B_SPLINE_CURVE_WITH_KNOTS('',1,(#7914,#7915),.UNSPECIFIED.,.F.,
  .F.,(2,2),(43.,44.),.PIECEWISE_BEZIER_KNOTS.);
#7914 = CARTESIAN_POINT('',(5.994279032253E-03,-6.350142557323E-04));
#7915 = CARTESIAN_POINT('',(5.318874923058E-03,-5.87659273953E-04));
#7916 = ( GEOMETRIC_REPRESENTATION_CONTEXT(2) 
PARAMETRIC_REPRESENTATION_CONTEXT() REPRESENTATION_CONTEXT('2D SPACE',''
  ) );
#7917 = ORIENTED_EDGE('',*,*,#7789,.F.);
#7918 = ADVANCED_FACE('',(#7919),#7883,.T.);
#7919 = FACE_BOUND('',#7920,.T.);
#7920 = EDGE_LOOP('',(#7921,#7942,#7975,#7994));
#7921 = ORIENTED_EDGE('',*,*,#7922,.T.);
#7922 = EDGE_CURVE('',#7846,#7923,#7925,.T.);
#7923 = VERTEX_POINT('',#7924);
#7924 = CARTESIAN_POINT('',(5.390066541072E-03,-2.032E-02,
    2.612594340425E-03));
#7925 = SURFACE_CURVE('',#7926,(#7929,#7936),.PCURVE_S1.);
#7926 = B_SPLINE_CURVE_WITH_KNOTS('',1,(#7927,#7928),.UNSPECIFIED.,.F.,
  .F.,(2,2),(44.,45.),.PIECEWISE_BEZIER_KNOTS.);
#7927 = CARTESIAN_POINT('',(4.56434505085E-03,-2.032E-02,
    1.953615803855E-03));
#7928 = CARTESIAN_POINT('',(5.390066541072E-03,-2.032E-02,
    2.612594340425E-03));
#7929 = PCURVE('',#7883,#7930);
#7930 = DEFINITIONAL_REPRESENTATION('',(#7931),#7935);
#7931 = LINE('',#7932,#7933);
#7932 = CARTESIAN_POINT('',(0.,0.));
#7933 = VECTOR('',#7934,1.);
#7934 = DIRECTION('',(1.,0.));
#7935 = ( GEOMETRIC_REPRESENTATION_CONTEXT(2) 
PARAMETRIC_REPRESENTATION_CONTEXT() REPRESENTATION_CONTEXT('2D SPACE',''
  ) );
#7936 = PCURVE('',#4507,#7937);
#7937 = DEFINITIONAL_REPRESENTATION('',(#7938),#7941);
#7938 = B_SPLINE_CURVE_WITH_KNOTS('',1,(#7939,#7940),.UNSPECIFIED.,.F.,
  .F.,(2,2),(44.,45.),.PIECEWISE_BEZIER_KNOTS.);
#7939 = CARTESIAN_POINT('',(8.398223562724E-03,-9.278830641363E-04));
#7940 = CARTESIAN_POINT('',(7.345212105006E-03,-8.428209633471E-04));
#7941 = ( GEOMETRIC_REPRESENTATION_CONTEXT(2) 
PARAMETRIC_REPRESENTATION_CONTEXT() REPRESENTATION_CONTEXT('2D SPACE',''
  ) );
#7942 = ORIENTED_EDGE('',*,*,#7943,.T.);
#7943 = EDGE_CURVE('',#7923,#7944,#7946,.T.);
#7944 = VERTEX_POINT('',#7945);
#7945 = CARTESIAN_POINT('',(3.793153259815E-03,-0.127,5.692022713205E-05
    ));
#7946 = SURFACE_CURVE('',#7947,(#7952,#7959),.PCURVE_S1.);
#7947 = ( BOUNDED_CURVE() B_SPLINE_CURVE(3,(#7948,#7949,#7950,#7951),
.UNSPECIFIED.,.F.,.F.) B_SPLINE_CURVE_WITH_KNOTS((4,4),(0.,1.),
.PIECEWISE_BEZIER_KNOTS.) CURVE() GEOMETRIC_REPRESENTATION_ITEM() 
RATIONAL_B_SPLINE_CURVE((1.,1.,1.,1.)) REPRESENTATION_ITEM('') );
#7948 = CARTESIAN_POINT('',(5.390066541072E-03,-2.032E-02,
    2.612594340425E-03));
#7949 = CARTESIAN_POINT('',(9.126946298557E-03,-5.57630709112E-02,
    1.801100488237E-03));
#7950 = CARTESIAN_POINT('',(6.447808063039E-03,-9.160924192655E-02,
    1.669774286829E-04));
#7951 = CARTESIAN_POINT('',(3.793153259815E-03,-0.127,5.692022713205E-05
    ));
#7952 = PCURVE('',#7883,#7953);
#7953 = DEFINITIONAL_REPRESENTATION('',(#7954),#7958);
#7954 = LINE('',#7955,#7956);
#7955 = CARTESIAN_POINT('',(45.,0.));
#7956 = VECTOR('',#7957,1.);
#7957 = DIRECTION('',(0.,1.));
#7958 = ( GEOMETRIC_REPRESENTATION_CONTEXT(2) 
PARAMETRIC_REPRESENTATION_CONTEXT() REPRESENTATION_CONTEXT('2D SPACE',''
  ) );
#7959 = PCURVE('',#7960,#7969);
#7960 = ( BOUNDED_SURFACE() B_SPLINE_SURFACE(1,3,(
    (#7961,#7962,#7963,#7964)
    ,(#7965,#7966,#7967,#7968
)),.UNSPECIFIED.,.F.,.F.,.F.) B_SPLINE_SURFACE_WITH_KNOTS((2,2),(4,4),(
    45.,46.),(0.,1.),.PIECEWISE_BEZIER_KNOTS.) 
GEOMETRIC_REPRESENTATION_ITEM() RATIONAL_B_SPLINE_SURFACE((
    (1.,1.,1.,1.)
,(1.,1.,1.,1.))) REPRESENTATION_ITEM('') SURFACE() );
#7961 = CARTESIAN_POINT('',(5.390066541072E-03,-2.032E-02,
    2.612594340425E-03));
#7962 = CARTESIAN_POINT('',(9.126946298557E-03,-5.57630709112E-02,
    1.801100488237E-03));
#7963 = CARTESIAN_POINT('',(6.447808063039E-03,-9.160924192655E-02,
    1.669774286829E-04));
#7964 = CARTESIAN_POINT('',(3.793153259815E-03,-0.127,5.692022713205E-05
    ));
#7965 = CARTESIAN_POINT('',(6.189595036182E-03,-2.032E-02,
    3.262740299284E-03));
#7966 = CARTESIAN_POINT('',(1.058425454926E-02,-5.57630709112E-02,
    2.462784922081E-03));
#7967 = CARTESIAN_POINT('',(7.520947261905E-03,-9.160924192655E-02,
    4.493194292715E-04));
#7968 = CARTESIAN_POINT('',(4.426095482004E-03,-0.127,2.161003286579E-04
    ));
#7969 = DEFINITIONAL_REPRESENTATION('',(#7970),#7974);
#7970 = LINE('',#7971,#7972);
#7971 = CARTESIAN_POINT('',(45.,0.));
#7972 = VECTOR('',#7973,1.);
#7973 = DIRECTION('',(0.,1.));
#7974 = ( GEOMETRIC_REPRESENTATION_CONTEXT(2) 
PARAMETRIC_REPRESENTATION_CONTEXT() REPRESENTATION_CONTEXT('2D SPACE',''
  ) );
#7975 = ORIENTED_EDGE('',*,*,#7976,.F.);
#7976 = EDGE_CURVE('',#7867,#7944,#7977,.T.);
#7977 = SURFACE_CURVE('',#7978,(#7981,#7988),.PCURVE_S1.);
#7978 = B_SPLINE_CURVE_WITH_KNOTS('',1,(#7979,#7980),.UNSPECIFIED.,.F.,
  .F.,(2,2),(44.,45.),.PIECEWISE_BEZIER_KNOTS.);
#7979 = CARTESIAN_POINT('',(3.142812279046E-03,-0.127,
    -1.003189584601E-04));
#7980 = CARTESIAN_POINT('',(3.793153259815E-03,-0.127,5.692022713205E-05
    ));
#7981 = PCURVE('',#7883,#7982);
#7982 = DEFINITIONAL_REPRESENTATION('',(#7983),#7987);
#7983 = LINE('',#7984,#7985);
#7984 = CARTESIAN_POINT('',(0.,1.));
#7985 = VECTOR('',#7986,1.);
#7986 = DIRECTION('',(1.,0.));
#7987 = ( GEOMETRIC_REPRESENTATION_CONTEXT(2) 
PARAMETRIC_REPRESENTATION_CONTEXT() REPRESENTATION_CONTEXT('2D SPACE',''
  ) );
#7988 = PCURVE('',#4566,#7989);
#7989 = DEFINITIONAL_REPRESENTATION('',(#7990),#7993);
#7990 = B_SPLINE_CURVE_WITH_KNOTS('',1,(#7991,#7992),.UNSPECIFIED.,.F.,
  .F.,(2,2),(44.,45.),.PIECEWISE_BEZIER_KNOTS.);
#7991 = CARTESIAN_POINT('',(5.318874923058E-03,-5.87659273953E-04));
#7992 = CARTESIAN_POINT('',(4.651967666504E-03,-5.337866101198E-04));
#7993 = ( GEOMETRIC_REPRESENTATION_CONTEXT(2) 
PARAMETRIC_REPRESENTATION_CONTEXT() REPRESENTATION_CONTEXT('2D SPACE',''
  ) );
#7994 = ORIENTED_EDGE('',*,*,#7866,.F.);
#7995 = ADVANCED_FACE('',(#7996),#7960,.T.);
#7996 = FACE_BOUND('',#7997,.T.);
#7997 = EDGE_LOOP('',(#7998,#8019,#8052,#8071));
#7998 = ORIENTED_EDGE('',*,*,#7999,.T.);
#7999 = EDGE_CURVE('',#7923,#8000,#8002,.T.);
#8000 = VERTEX_POINT('',#8001);
#8001 = CARTESIAN_POINT('',(6.189595036182E-03,-2.032E-02,
    3.262740299284E-03));
#8002 = SURFACE_CURVE('',#8003,(#8006,#8013),.PCURVE_S1.);
#8003 = B_SPLINE_CURVE_WITH_KNOTS('',1,(#8004,#8005),.UNSPECIFIED.,.F.,
  .F.,(2,2),(45.,46.),.PIECEWISE_BEZIER_KNOTS.);
#8004 = CARTESIAN_POINT('',(5.390066541072E-03,-2.032E-02,
    2.612594340425E-03));
#8005 = CARTESIAN_POINT('',(6.189595036182E-03,-2.032E-02,
    3.262740299284E-03));
#8006 = PCURVE('',#7960,#8007);
#8007 = DEFINITIONAL_REPRESENTATION('',(#8008),#8012);
#8008 = LINE('',#8009,#8010);
#8009 = CARTESIAN_POINT('',(0.,0.));
#8010 = VECTOR('',#8011,1.);
#8011 = DIRECTION('',(1.,0.));
#8012 = ( GEOMETRIC_REPRESENTATION_CONTEXT(2) 
PARAMETRIC_REPRESENTATION_CONTEXT() REPRESENTATION_CONTEXT('2D SPACE',''
  ) );
#8013 = PCURVE('',#4507,#8014);
#8014 = DEFINITIONAL_REPRESENTATION('',(#8015),#8018);
#8015 = B_SPLINE_CURVE_WITH_KNOTS('',1,(#8016,#8017),.UNSPECIFIED.,.F.,
  .F.,(2,2),(45.,46.),.PIECEWISE_BEZIER_KNOTS.);
#8016 = CARTESIAN_POINT('',(7.345212105006E-03,-8.428209633471E-04));
#8017 = CARTESIAN_POINT('',(6.318858087067E-03,-7.50446658619E-04));
#8018 = ( GEOMETRIC_REPRESENTATION_CONTEXT(2) 
PARAMETRIC_REPRESENTATION_CONTEXT() REPRESENTATION_CONTEXT('2D SPACE',''
  ) );
#8019 = ORIENTED_EDGE('',*,*,#8020,.T.);
#8020 = EDGE_CURVE('',#8000,#8021,#8023,.T.);
#8021 = VERTEX_POINT('',#8022);
#8022 = CARTESIAN_POINT('',(4.426095482004E-03,-0.127,2.161003286579E-04
    ));
#8023 = SURFACE_CURVE('',#8024,(#8029,#8036),.PCURVE_S1.);
#8024 = ( BOUNDED_CURVE() B_SPLINE_CURVE(3,(#8025,#8026,#8027,#8028),
.UNSPECIFIED.,.F.,.F.) B_SPLINE_CURVE_WITH_KNOTS((4,4),(0.,1.),
.PIECEWISE_BEZIER_KNOTS.) CURVE() GEOMETRIC_REPRESENTATION_ITEM() 
RATIONAL_B_SPLINE_CURVE((1.,1.,1.,1.)) REPRESENTATION_ITEM('') );
#8025 = CARTESIAN_POINT('',(6.189595036182E-03,-2.032E-02,
    3.262740299284E-03));
#8026 = CARTESIAN_POINT('',(1.058425454926E-02,-5.57630709112E-02,
    2.462784922081E-03));
#8027 = CARTESIAN_POINT('',(7.520947261905E-03,-9.160924192655E-02,
    4.493194292715E-04));
#8028 = CARTESIAN_POINT('',(4.426095482004E-03,-0.127,2.161003286579E-04
    ));
#8029 = PCURVE('',#7960,#8030);
#8030 = DEFINITIONAL_REPRESENTATION('',(#8031),#8035);
#8031 = LINE('',#8032,#8033);
#8032 = CARTESIAN_POINT('',(46.,0.));
#8033 = VECTOR('',#8034,1.);
#8034 = DIRECTION('',(0.,1.));
#8035 = ( GEOMETRIC_REPRESENTATION_CONTEXT(2) 
PARAMETRIC_REPRESENTATION_CONTEXT() REPRESENTATION_CONTEXT('2D SPACE',''
  ) );
#8036 = PCURVE('',#8037,#8046);
#8037 = ( BOUNDED_SURFACE() B_SPLINE_SURFACE(1,3,(
    (#8038,#8039,#8040,#8041)
    ,(#8042,#8043,#8044,#8045
)),.UNSPECIFIED.,.F.,.F.,.F.) B_SPLINE_SURFACE_WITH_KNOTS((2,2),(4,4),(
    46.,47.),(0.,1.),.PIECEWISE_BEZIER_KNOTS.) 
GEOMETRIC_REPRESENTATION_ITEM() RATIONAL_B_SPLINE_SURFACE((
    (1.,1.,1.,1.)
,(1.,1.,1.,1.))) REPRESENTATION_ITEM('') SURFACE() );
#8038 = CARTESIAN_POINT('',(6.189595036182E-03,-2.032E-02,
    3.262740299284E-03));
#8039 = CARTESIAN_POINT('',(1.058425454926E-02,-5.57630709112E-02,
    2.462784922081E-03));
#8040 = CARTESIAN_POINT('',(7.520947261905E-03,-9.160924192655E-02,
    4.493194292715E-04));
#8041 = CARTESIAN_POINT('',(4.426095482004E-03,-0.127,2.161003286579E-04
    ));
#8042 = CARTESIAN_POINT('',(6.953818040619E-03,-2.032E-02,
    3.894481087284E-03));
#8043 = CARTESIAN_POINT('',(1.198127112277E-02,-5.57630709112E-02,
    3.11073037007E-03));
#8044 = CARTESIAN_POINT('',(8.551278268178E-03,-9.160924192655E-02,
    7.293000884308E-04));
#8045 = CARTESIAN_POINT('',(5.033846235982E-03,-0.127,3.741657606202E-04
    ));
#8046 = DEFINITIONAL_REPRESENTATION('',(#8047),#8051);
#8047 = LINE('',#8048,#8049);
#8048 = CARTESIAN_POINT('',(46.,0.));
#8049 = VECTOR('',#8050,1.);
#8050 = DIRECTION('',(0.,1.));
#8051 = ( GEOMETRIC_REPRESENTATION_CONTEXT(2) 
PARAMETRIC_REPRESENTATION_CONTEXT() REPRESENTATION_CONTEXT('2D SPACE',''
  ) );
#8052 = ORIENTED_EDGE('',*,*,#8053,.F.);
#8053 = EDGE_CURVE('',#7944,#8021,#8054,.T.);
#8054 = SURFACE_CURVE('',#8055,(#8058,#8065),.PCURVE_S1.);
#8055 = B_SPLINE_CURVE_WITH_KNOTS('',1,(#8056,#8057),.UNSPECIFIED.,.F.,
  .F.,(2,2),(45.,46.),.PIECEWISE_BEZIER_KNOTS.);
#8056 = CARTESIAN_POINT('',(3.793153259815E-03,-0.127,5.692022713205E-05
    ));
#8057 = CARTESIAN_POINT('',(4.426095482004E-03,-0.127,2.161003286579E-04
    ));
#8058 = PCURVE('',#7960,#8059);
#8059 = DEFINITIONAL_REPRESENTATION('',(#8060),#8064);
#8060 = LINE('',#8061,#8062);
#8061 = CARTESIAN_POINT('',(0.,1.));
#8062 = VECTOR('',#8063,1.);
#8063 = DIRECTION('',(1.,0.));
#8064 = ( GEOMETRIC_REPRESENTATION_CONTEXT(2) 
PARAMETRIC_REPRESENTATION_CONTEXT() REPRESENTATION_CONTEXT('2D SPACE',''
  ) );
#8065 = PCURVE('',#4566,#8066);
#8066 = DEFINITIONAL_REPRESENTATION('',(#8067),#8070);
#8067 = B_SPLINE_CURVE_WITH_KNOTS('',1,(#8068,#8069),.UNSPECIFIED.,.F.,
  .F.,(2,2),(45.,46.),.PIECEWISE_BEZIER_KNOTS.);
#8068 = CARTESIAN_POINT('',(4.651967666504E-03,-5.337866101198E-04));
#8069 = CARTESIAN_POINT('',(4.001943455142E-03,-4.75282883792E-04));
#8070 = ( GEOMETRIC_REPRESENTATION_CONTEXT(2) 
PARAMETRIC_REPRESENTATION_CONTEXT() REPRESENTATION_CONTEXT('2D SPACE',''
  ) );
#8071 = ORIENTED_EDGE('',*,*,#7943,.F.);
#8072 = ADVANCED_FACE('',(#8073),#8037,.T.);
#8073 = FACE_BOUND('',#8074,.T.);
#8074 = EDGE_LOOP('',(#8075,#8096,#8129,#8148));
#8075 = ORIENTED_EDGE('',*,*,#8076,.T.);
#8076 = EDGE_CURVE('',#8000,#8077,#8079,.T.);
#8077 = VERTEX_POINT('',#8078);
#8078 = CARTESIAN_POINT('',(6.953818040619E-03,-2.032E-02,
    3.894481087284E-03));
#8079 = SURFACE_CURVE('',#8080,(#8083,#8090),.PCURVE_S1.);
#8080 = B_SPLINE_CURVE_WITH_KNOTS('',1,(#8081,#8082),.UNSPECIFIED.,.F.,
  .F.,(2,2),(46.,47.),.PIECEWISE_BEZIER_KNOTS.);
#8081 = CARTESIAN_POINT('',(6.189595036182E-03,-2.032E-02,
    3.262740299284E-03));
#8082 = CARTESIAN_POINT('',(6.953818040619E-03,-2.032E-02,
    3.894481087284E-03));
#8083 = PCURVE('',#8037,#8084);
#8084 = DEFINITIONAL_REPRESENTATION('',(#8085),#8089);
#8085 = LINE('',#8086,#8087);
#8086 = CARTESIAN_POINT('',(0.,0.));
#8087 = VECTOR('',#8088,1.);
#8088 = DIRECTION('',(1.,0.));
#8089 = ( GEOMETRIC_REPRESENTATION_CONTEXT(2) 
PARAMETRIC_REPRESENTATION_CONTEXT() REPRESENTATION_CONTEXT('2D SPACE',''
  ) );
#8090 = PCURVE('',#4507,#8091);
#8091 = DEFINITIONAL_REPRESENTATION('',(#8092),#8095);
#8092 = B_SPLINE_CURVE_WITH_KNOTS('',1,(#8093,#8094),.UNSPECIFIED.,.F.,
  .F.,(2,2),(46.,47.),.PIECEWISE_BEZIER_KNOTS.);
#8093 = CARTESIAN_POINT('',(6.318858087067E-03,-7.50446658619E-04));
#8094 = CARTESIAN_POINT('',(5.33206773551E-03,-6.53606451023E-04));
#8095 = ( GEOMETRIC_REPRESENTATION_CONTEXT(2) 
PARAMETRIC_REPRESENTATION_CONTEXT() REPRESENTATION_CONTEXT('2D SPACE',''
  ) );
#8096 = ORIENTED_EDGE('',*,*,#8097,.T.);
#8097 = EDGE_CURVE('',#8077,#8098,#8100,.T.);
#8098 = VERTEX_POINT('',#8099);
#8099 = CARTESIAN_POINT('',(5.033846235982E-03,-0.127,3.741657606202E-04
    ));
#8100 = SURFACE_CURVE('',#8101,(#8106,#8113),.PCURVE_S1.);
#8101 = ( BOUNDED_CURVE() B_SPLINE_CURVE(3,(#8102,#8103,#8104,#8105),
.UNSPECIFIED.,.F.,.F.) B_SPLINE_CURVE_WITH_KNOTS((4,4),(0.,1.),
.PIECEWISE_BEZIER_KNOTS.) CURVE() GEOMETRIC_REPRESENTATION_ITEM() 
RATIONAL_B_SPLINE_CURVE((1.,1.,1.,1.)) REPRESENTATION_ITEM('') );
#8102 = CARTESIAN_POINT('',(6.953818040619E-03,-2.032E-02,
    3.894481087284E-03));
#8103 = CARTESIAN_POINT('',(1.198127112277E-02,-5.57630709112E-02,
    3.11073037007E-03));
#8104 = CARTESIAN_POINT('',(8.551278268178E-03,-9.160924192655E-02,
    7.293000884308E-04));
#8105 = CARTESIAN_POINT('',(5.033846235982E-03,-0.127,3.741657606202E-04
    ));
#8106 = PCURVE('',#8037,#8107);
#8107 = DEFINITIONAL_REPRESENTATION('',(#8108),#8112);
#8108 = LINE('',#8109,#8110);
#8109 = CARTESIAN_POINT('',(47.,0.));
#8110 = VECTOR('',#8111,1.);
#8111 = DIRECTION('',(0.,1.));
#8112 = ( GEOMETRIC_REPRESENTATION_CONTEXT(2) 
PARAMETRIC_REPRESENTATION_CONTEXT() REPRESENTATION_CONTEXT('2D SPACE',''
  ) );
#8113 = PCURVE('',#8114,#8123);
#8114 = ( BOUNDED_SURFACE() B_SPLINE_SURFACE(1,3,(
    (#8115,#8116,#8117,#8118)
    ,(#8119,#8120,#8121,#8122
)),.UNSPECIFIED.,.F.,.F.,.F.) B_SPLINE_SURFACE_WITH_KNOTS((2,2),(4,4),(
    47.,48.),(0.,1.),.PIECEWISE_BEZIER_KNOTS.) 
GEOMETRIC_REPRESENTATION_ITEM() RATIONAL_B_SPLINE_SURFACE((
    (1.,1.,1.,1.)
,(1.,1.,1.,1.))) REPRESENTATION_ITEM('') SURFACE() );
#8115 = CARTESIAN_POINT('',(6.953818040619E-03,-2.032E-02,
    3.894481087284E-03));
#8116 = CARTESIAN_POINT('',(1.198127112277E-02,-5.57630709112E-02,
    3.11073037007E-03));
#8117 = CARTESIAN_POINT('',(8.551278268178E-03,-9.160924192655E-02,
    7.293000884308E-04));
#8118 = CARTESIAN_POINT('',(5.033846235982E-03,-0.127,3.741657606202E-04
    ));
#8119 = CARTESIAN_POINT('',(7.673958259063E-03,-2.032E-02,
    4.498636850025E-03));
#8120 = CARTESIAN_POINT('',(1.330119276833E-02,-5.57630709112E-02,
    3.734604352875E-03));
#8121 = CARTESIAN_POINT('',(9.526112317022E-03,-9.160924192655E-02,
    1.001816509192E-03));
#8122 = CARTESIAN_POINT('',(5.608910335118E-03,-0.127,5.281966484707E-04
    ));
#8123 = DEFINITIONAL_REPRESENTATION('',(#8124),#8128);
#8124 = LINE('',#8125,#8126);
#8125 = CARTESIAN_POINT('',(47.,0.));
#8126 = VECTOR('',#8127,1.);
#8127 = DIRECTION('',(0.,1.));
#8128 = ( GEOMETRIC_REPRESENTATION_CONTEXT(2) 
PARAMETRIC_REPRESENTATION_CONTEXT() REPRESENTATION_CONTEXT('2D SPACE',''
  ) );
#8129 = ORIENTED_EDGE('',*,*,#8130,.F.);
#8130 = EDGE_CURVE('',#8021,#8098,#8131,.T.);
#8131 = SURFACE_CURVE('',#8132,(#8135,#8142),.PCURVE_S1.);
#8132 = B_SPLINE_CURVE_WITH_KNOTS('',1,(#8133,#8134),.UNSPECIFIED.,.F.,
  .F.,(2,2),(46.,47.),.PIECEWISE_BEZIER_KNOTS.);
#8133 = CARTESIAN_POINT('',(4.426095482004E-03,-0.127,2.161003286579E-04
    ));
#8134 = CARTESIAN_POINT('',(5.033846235982E-03,-0.127,3.741657606202E-04
    ));
#8135 = PCURVE('',#8037,#8136);
#8136 = DEFINITIONAL_REPRESENTATION('',(#8137),#8141);
#8137 = LINE('',#8138,#8139);
#8138 = CARTESIAN_POINT('',(0.,1.));
#8139 = VECTOR('',#8140,1.);
#8140 = DIRECTION('',(1.,0.));
#8141 = ( GEOMETRIC_REPRESENTATION_CONTEXT(2) 
PARAMETRIC_REPRESENTATION_CONTEXT() REPRESENTATION_CONTEXT('2D SPACE',''
  ) );
#8142 = PCURVE('',#4566,#8143);
#8143 = DEFINITIONAL_REPRESENTATION('',(#8144),#8147);
#8144 = B_SPLINE_CURVE_WITH_KNOTS('',1,(#8145,#8146),.UNSPECIFIED.,.F.,
  .F.,(2,2),(46.,47.),.PIECEWISE_BEZIER_KNOTS.);
#8145 = CARTESIAN_POINT('',(4.001943455142E-03,-4.75282883792E-04));
#8146 = CARTESIAN_POINT('',(3.37697623249E-03,-4.139507523146E-04));
#8147 = ( GEOMETRIC_REPRESENTATION_CONTEXT(2) 
PARAMETRIC_REPRESENTATION_CONTEXT() REPRESENTATION_CONTEXT('2D SPACE',''
  ) );
#8148 = ORIENTED_EDGE('',*,*,#8020,.F.);
#8149 = ADVANCED_FACE('',(#8150),#8114,.T.);
#8150 = FACE_BOUND('',#8151,.T.);
#8151 = EDGE_LOOP('',(#8152,#8173,#8206,#8225));
#8152 = ORIENTED_EDGE('',*,*,#8153,.T.);
#8153 = EDGE_CURVE('',#8077,#8154,#8156,.T.);
#8154 = VERTEX_POINT('',#8155);
#8155 = CARTESIAN_POINT('',(7.673958259063E-03,-2.032E-02,
    4.498636850025E-03));
#8156 = SURFACE_CURVE('',#8157,(#8160,#8167),.PCURVE_S1.);
#8157 = B_SPLINE_CURVE_WITH_KNOTS('',1,(#8158,#8159),.UNSPECIFIED.,.F.,
  .F.,(2,2),(47.,48.),.PIECEWISE_BEZIER_KNOTS.);
#8158 = CARTESIAN_POINT('',(6.953818040619E-03,-2.032E-02,
    3.894481087284E-03));
#8159 = CARTESIAN_POINT('',(7.673958259063E-03,-2.032E-02,
    4.498636850025E-03));
#8160 = PCURVE('',#8114,#8161);
#8161 = DEFINITIONAL_REPRESENTATION('',(#8162),#8166);
#8162 = LINE('',#8163,#8164);
#8163 = CARTESIAN_POINT('',(0.,0.));
#8164 = VECTOR('',#8165,1.);
#8165 = DIRECTION('',(1.,0.));
#8166 = ( GEOMETRIC_REPRESENTATION_CONTEXT(2) 
PARAMETRIC_REPRESENTATION_CONTEXT() REPRESENTATION_CONTEXT('2D SPACE',''
  ) );
#8167 = PCURVE('',#4507,#8168);
#8168 = DEFINITIONAL_REPRESENTATION('',(#8169),#8172);
#8169 = B_SPLINE_CURVE_WITH_KNOTS('',1,(#8170,#8171),.UNSPECIFIED.,.F.,
  .F.,(2,2),(47.,48.),.PIECEWISE_BEZIER_KNOTS.);
#8170 = CARTESIAN_POINT('',(5.33206773551E-03,-6.53606451023E-04));
#8171 = CARTESIAN_POINT('',(4.397249829877E-03,-5.550082604624E-04));
#8172 = ( GEOMETRIC_REPRESENTATION_CONTEXT(2) 
PARAMETRIC_REPRESENTATION_CONTEXT() REPRESENTATION_CONTEXT('2D SPACE',''
  ) );
#8173 = ORIENTED_EDGE('',*,*,#8174,.T.);
#8174 = EDGE_CURVE('',#8154,#8175,#8177,.T.);
#8175 = VERTEX_POINT('',#8176);
#8176 = CARTESIAN_POINT('',(5.608910335118E-03,-0.127,5.281966484707E-04
    ));
#8177 = SURFACE_CURVE('',#8178,(#8183,#8190),.PCURVE_S1.);
#8178 = ( BOUNDED_CURVE() B_SPLINE_CURVE(3,(#8179,#8180,#8181,#8182),
.UNSPECIFIED.,.F.,.F.) B_SPLINE_CURVE_WITH_KNOTS((4,4),(0.,1.),
.PIECEWISE_BEZIER_KNOTS.) CURVE() GEOMETRIC_REPRESENTATION_ITEM() 
RATIONAL_B_SPLINE_CURVE((1.,1.,1.,1.)) REPRESENTATION_ITEM('') );
#8179 = CARTESIAN_POINT('',(7.673958259063E-03,-2.032E-02,
    4.498636850025E-03));
#8180 = CARTESIAN_POINT('',(1.330119276833E-02,-5.57630709112E-02,
    3.734604352875E-03));
#8181 = CARTESIAN_POINT('',(9.526112317022E-03,-9.160924192655E-02,
    1.001816509192E-03));
#8182 = CARTESIAN_POINT('',(5.608910335118E-03,-0.127,5.281966484707E-04
    ));
#8183 = PCURVE('',#8114,#8184);
#8184 = DEFINITIONAL_REPRESENTATION('',(#8185),#8189);
#8185 = LINE('',#8186,#8187);
#8186 = CARTESIAN_POINT('',(48.,0.));
#8187 = VECTOR('',#8188,1.);
#8188 = DIRECTION('',(0.,1.));
#8189 = ( GEOMETRIC_REPRESENTATION_CONTEXT(2) 
PARAMETRIC_REPRESENTATION_CONTEXT() REPRESENTATION_CONTEXT('2D SPACE',''
  ) );
#8190 = PCURVE('',#8191,#8200);
#8191 = ( BOUNDED_SURFACE() B_SPLINE_SURFACE(1,3,(
    (#8192,#8193,#8194,#8195)
    ,(#8196,#8197,#8198,#8199
)),.UNSPECIFIED.,.F.,.F.,.F.) B_SPLINE_SURFACE_WITH_KNOTS((2,2),(4,4),(
    48.,49.),(0.,1.),.PIECEWISE_BEZIER_KNOTS.) 
GEOMETRIC_REPRESENTATION_ITEM() RATIONAL_B_SPLINE_SURFACE((
    (1.,1.,1.,1.)
,(1.,1.,1.,1.))) REPRESENTATION_ITEM('') SURFACE() );
#8192 = CARTESIAN_POINT('',(7.673958259063E-03,-2.032E-02,
    4.498636850025E-03));
#8193 = CARTESIAN_POINT('',(1.330119276833E-02,-5.57630709112E-02,
    3.734604352875E-03));
#8194 = CARTESIAN_POINT('',(9.526112317022E-03,-9.160924192655E-02,
    1.001816509192E-03));
#8195 = CARTESIAN_POINT('',(5.608910335118E-03,-0.127,5.281966484707E-04
    ));
#8196 = CARTESIAN_POINT('',(8.341719351145E-03,-2.032E-02,
    5.066483468068E-03));
#8197 = CARTESIAN_POINT('',(1.452811834633E-02,-5.57630709112E-02,
    4.324569536463E-03));
#8198 = CARTESIAN_POINT('',(1.043343491694E-02,-9.160924192655E-02,
    1.26199903799E-03));
#8199 = CARTESIAN_POINT('',(6.144190639699E-03,-0.127,6.754059756656E-04
    ));
#8200 = DEFINITIONAL_REPRESENTATION('',(#8201),#8205);
#8201 = LINE('',#8202,#8203);
#8202 = CARTESIAN_POINT('',(48.,0.));
#8203 = VECTOR('',#8204,1.);
#8204 = DIRECTION('',(0.,1.));
#8205 = ( GEOMETRIC_REPRESENTATION_CONTEXT(2) 
PARAMETRIC_REPRESENTATION_CONTEXT() REPRESENTATION_CONTEXT('2D SPACE',''
  ) );
#8206 = ORIENTED_EDGE('',*,*,#8207,.F.);
#8207 = EDGE_CURVE('',#8098,#8175,#8208,.T.);
#8208 = SURFACE_CURVE('',#8209,(#8212,#8219),.PCURVE_S1.);
#8209 = B_SPLINE_CURVE_WITH_KNOTS('',1,(#8210,#8211),.UNSPECIFIED.,.F.,
  .F.,(2,2),(47.,48.),.PIECEWISE_BEZIER_KNOTS.);
#8210 = CARTESIAN_POINT('',(5.033846235982E-03,-0.127,3.741657606202E-04
    ));
#8211 = CARTESIAN_POINT('',(5.608910335118E-03,-0.127,5.281966484707E-04
    ));
#8212 = PCURVE('',#8114,#8213);
#8213 = DEFINITIONAL_REPRESENTATION('',(#8214),#8218);
#8214 = LINE('',#8215,#8216);
#8215 = CARTESIAN_POINT('',(0.,1.));
#8216 = VECTOR('',#8217,1.);
#8217 = DIRECTION('',(1.,0.));
#8218 = ( GEOMETRIC_REPRESENTATION_CONTEXT(2) 
PARAMETRIC_REPRESENTATION_CONTEXT() REPRESENTATION_CONTEXT('2D SPACE',''
  ) );
#8219 = PCURVE('',#4566,#8220);
#8220 = DEFINITIONAL_REPRESENTATION('',(#8221),#8224);
#8221 = B_SPLINE_CURVE_WITH_KNOTS('',1,(#8222,#8223),.UNSPECIFIED.,.F.,
  .F.,(2,2),(47.,48.),.PIECEWISE_BEZIER_KNOTS.);
#8222 = CARTESIAN_POINT('',(3.37697623249E-03,-4.139507523146E-04));
#8223 = CARTESIAN_POINT('',(2.784924892255E-03,-3.515052316262E-04));
#8224 = ( GEOMETRIC_REPRESENTATION_CONTEXT(2) 
PARAMETRIC_REPRESENTATION_CONTEXT() REPRESENTATION_CONTEXT('2D SPACE',''
  ) );
#8225 = ORIENTED_EDGE('',*,*,#8097,.F.);
#8226 = ADVANCED_FACE('',(#8227),#8191,.T.);
#8227 = FACE_BOUND('',#8228,.T.);
#8228 = EDGE_LOOP('',(#8229,#8250,#8283,#8302));
#8229 = ORIENTED_EDGE('',*,*,#8230,.T.);
#8230 = EDGE_CURVE('',#8154,#8231,#8233,.T.);
#8231 = VERTEX_POINT('',#8232);
#8232 = CARTESIAN_POINT('',(8.341719351145E-03,-2.032E-02,
    5.066483468068E-03));
#8233 = SURFACE_CURVE('',#8234,(#8237,#8244),.PCURVE_S1.);
#8234 = B_SPLINE_CURVE_WITH_KNOTS('',1,(#8235,#8236),.UNSPECIFIED.,.F.,
  .F.,(2,2),(48.,49.),.PIECEWISE_BEZIER_KNOTS.);
#8235 = CARTESIAN_POINT('',(7.673958259063E-03,-2.032E-02,
    4.498636850025E-03));
#8236 = CARTESIAN_POINT('',(8.341719351145E-03,-2.032E-02,
    5.066483468068E-03));
#8237 = PCURVE('',#8191,#8238);
#8238 = DEFINITIONAL_REPRESENTATION('',(#8239),#8243);
#8239 = LINE('',#8240,#8241);
#8240 = CARTESIAN_POINT('',(0.,0.));
#8241 = VECTOR('',#8242,1.);
#8242 = DIRECTION('',(1.,0.));
#8243 = ( GEOMETRIC_REPRESENTATION_CONTEXT(2) 
PARAMETRIC_REPRESENTATION_CONTEXT() REPRESENTATION_CONTEXT('2D SPACE',''
  ) );
#8244 = PCURVE('',#4507,#8245);
#8245 = DEFINITIONAL_REPRESENTATION('',(#8246),#8249);
#8246 = B_SPLINE_CURVE_WITH_KNOTS('',1,(#8247,#8248),.UNSPECIFIED.,.F.,
  .F.,(2,2),(48.,49.),.PIECEWISE_BEZIER_KNOTS.);
#8247 = CARTESIAN_POINT('',(4.397249829877E-03,-5.550082604624E-04));
#8248 = CARTESIAN_POINT('',(3.526159626105E-03,-4.572508330522E-04));
#8249 = ( GEOMETRIC_REPRESENTATION_CONTEXT(2) 
PARAMETRIC_REPRESENTATION_CONTEXT() REPRESENTATION_CONTEXT('2D SPACE',''
  ) );
#8250 = ORIENTED_EDGE('',*,*,#8251,.T.);
#8251 = EDGE_CURVE('',#8231,#8252,#8254,.T.);
#8252 = VERTEX_POINT('',#8253);
#8253 = CARTESIAN_POINT('',(6.144190639699E-03,-0.127,6.754059756656E-04
    ));
#8254 = SURFACE_CURVE('',#8255,(#8260,#8267),.PCURVE_S1.);
#8255 = ( BOUNDED_CURVE() B_SPLINE_CURVE(3,(#8256,#8257,#8258,#8259),
.UNSPECIFIED.,.F.,.F.) B_SPLINE_CURVE_WITH_KNOTS((4,4),(0.,1.),
.PIECEWISE_BEZIER_KNOTS.) CURVE() GEOMETRIC_REPRESENTATION_ITEM() 
RATIONAL_B_SPLINE_CURVE((1.,1.,1.,1.)) REPRESENTATION_ITEM('') );
#8256 = CARTESIAN_POINT('',(8.341719351145E-03,-2.032E-02,
    5.066483468068E-03));
#8257 = CARTESIAN_POINT('',(1.452811834633E-02,-5.57630709112E-02,
    4.324569536463E-03));
#8258 = CARTESIAN_POINT('',(1.043343491694E-02,-9.160924192655E-02,
    1.26199903799E-03));
#8259 = CARTESIAN_POINT('',(6.144190639699E-03,-0.127,6.754059756656E-04
    ));
#8260 = PCURVE('',#8191,#8261);
#8261 = DEFINITIONAL_REPRESENTATION('',(#8262),#8266);
#8262 = LINE('',#8263,#8264);
#8263 = CARTESIAN_POINT('',(49.,0.));
#8264 = VECTOR('',#8265,1.);
#8265 = DIRECTION('',(0.,1.));
#8266 = ( GEOMETRIC_REPRESENTATION_CONTEXT(2) 
PARAMETRIC_REPRESENTATION_CONTEXT() REPRESENTATION_CONTEXT('2D SPACE',''
  ) );
#8267 = PCURVE('',#8268,#8277);
#8268 = ( BOUNDED_SURFACE() B_SPLINE_SURFACE(1,3,(
    (#8269,#8270,#8271,#8272)
    ,(#8273,#8274,#8275,#8276
)),.UNSPECIFIED.,.F.,.F.,.F.) B_SPLINE_SURFACE_WITH_KNOTS((2,2),(4,4),(
    49.,50.),(0.,1.),.PIECEWISE_BEZIER_KNOTS.) 
GEOMETRIC_REPRESENTATION_ITEM() RATIONAL_B_SPLINE_SURFACE((
    (1.,1.,1.,1.)
,(1.,1.,1.,1.))) REPRESENTATION_ITEM('') SURFACE() );
#8269 = CARTESIAN_POINT('',(8.341719351145E-03,-2.032E-02,
    5.066483468068E-03));
#8270 = CARTESIAN_POINT('',(1.452811834633E-02,-5.57630709112E-02,
    4.324569536463E-03));
#8271 = CARTESIAN_POINT('',(1.043343491694E-02,-9.160924192655E-02,
    1.26199903799E-03));
#8272 = CARTESIAN_POINT('',(6.144190639699E-03,-0.127,6.754059756656E-04
    ));
#8273 = CARTESIAN_POINT('',(8.949431249502E-03,-2.032E-02,
    5.589801502426E-03));
#8274 = CARTESIAN_POINT('',(1.564728642607E-02,-5.57630709112E-02,
    4.871300004429E-03));
#8275 = CARTESIAN_POINT('',(1.126207013365E-02,-9.160924192655E-02,
    1.505194687649E-03));
#8276 = CARTESIAN_POINT('',(6.633084569422E-03,-0.127,8.131287825567E-04
    ));
#8277 = DEFINITIONAL_REPRESENTATION('',(#8278),#8282);
#8278 = LINE('',#8279,#8280);
#8279 = CARTESIAN_POINT('',(49.,0.));
#8280 = VECTOR('',#8281,1.);
#8281 = DIRECTION('',(0.,1.));
#8282 = ( GEOMETRIC_REPRESENTATION_CONTEXT(2) 
PARAMETRIC_REPRESENTATION_CONTEXT() REPRESENTATION_CONTEXT('2D SPACE',''
  ) );
#8283 = ORIENTED_EDGE('',*,*,#8284,.F.);
#8284 = EDGE_CURVE('',#8175,#8252,#8285,.T.);
#8285 = SURFACE_CURVE('',#8286,(#8289,#8296),.PCURVE_S1.);
#8286 = B_SPLINE_CURVE_WITH_KNOTS('',1,(#8287,#8288),.UNSPECIFIED.,.F.,
  .F.,(2,2),(48.,49.),.PIECEWISE_BEZIER_KNOTS.);
#8287 = CARTESIAN_POINT('',(5.608910335118E-03,-0.127,5.281966484707E-04
    ));
#8288 = CARTESIAN_POINT('',(6.144190639699E-03,-0.127,6.754059756656E-04
    ));
#8289 = PCURVE('',#8191,#8290);
#8290 = DEFINITIONAL_REPRESENTATION('',(#8291),#8295);
#8291 = LINE('',#8292,#8293);
#8292 = CARTESIAN_POINT('',(0.,1.));
#8293 = VECTOR('',#8294,1.);
#8294 = DIRECTION('',(1.,0.));
#8295 = ( GEOMETRIC_REPRESENTATION_CONTEXT(2) 
PARAMETRIC_REPRESENTATION_CONTEXT() REPRESENTATION_CONTEXT('2D SPACE',''
  ) );
#8296 = PCURVE('',#4566,#8297);
#8297 = DEFINITIONAL_REPRESENTATION('',(#8298),#8301);
#8298 = B_SPLINE_CURVE_WITH_KNOTS('',1,(#8299,#8300),.UNSPECIFIED.,.F.,
  .F.,(2,2),(48.,49.),.PIECEWISE_BEZIER_KNOTS.);
#8299 = CARTESIAN_POINT('',(2.784924892255E-03,-3.515052316262E-04));
#8300 = CARTESIAN_POINT('',(2.233234429866E-03,-2.895921942664E-04));
#8301 = ( GEOMETRIC_REPRESENTATION_CONTEXT(2) 
PARAMETRIC_REPRESENTATION_CONTEXT() REPRESENTATION_CONTEXT('2D SPACE',''
  ) );
#8302 = ORIENTED_EDGE('',*,*,#8174,.F.);
#8303 = ADVANCED_FACE('',(#8304),#8268,.T.);
#8304 = FACE_BOUND('',#8305,.T.);
#8305 = EDGE_LOOP('',(#8306,#8327,#8360,#8379));
#8306 = ORIENTED_EDGE('',*,*,#8307,.T.);
#8307 = EDGE_CURVE('',#8231,#8308,#8310,.T.);
#8308 = VERTEX_POINT('',#8309);
#8309 = CARTESIAN_POINT('',(8.949431249502E-03,-2.032E-02,
    5.589801502426E-03));
#8310 = SURFACE_CURVE('',#8311,(#8314,#8321),.PCURVE_S1.);
#8311 = B_SPLINE_CURVE_WITH_KNOTS('',1,(#8312,#8313),.UNSPECIFIED.,.F.,
  .F.,(2,2),(49.,50.),.PIECEWISE_BEZIER_KNOTS.);
#8312 = CARTESIAN_POINT('',(8.341719351145E-03,-2.032E-02,
    5.066483468068E-03));
#8313 = CARTESIAN_POINT('',(8.949431249502E-03,-2.032E-02,
    5.589801502426E-03));
#8314 = PCURVE('',#8268,#8315);
#8315 = DEFINITIONAL_REPRESENTATION('',(#8316),#8320);
#8316 = LINE('',#8317,#8318);
#8317 = CARTESIAN_POINT('',(0.,0.));
#8318 = VECTOR('',#8319,1.);
#8319 = DIRECTION('',(1.,0.));
#8320 = ( GEOMETRIC_REPRESENTATION_CONTEXT(2) 
PARAMETRIC_REPRESENTATION_CONTEXT() REPRESENTATION_CONTEXT('2D SPACE',''
  ) );
#8321 = PCURVE('',#4507,#8322);
#8322 = DEFINITIONAL_REPRESENTATION('',(#8323),#8326);
#8323 = B_SPLINE_CURVE_WITH_KNOTS('',1,(#8324,#8325),.UNSPECIFIED.,.F.,
  .F.,(2,2),(49.,50.),.PIECEWISE_BEZIER_KNOTS.);
#8324 = CARTESIAN_POINT('',(3.526159626105E-03,-4.572508330522E-04));
#8325 = CARTESIAN_POINT('',(2.729750993831E-03,-3.628643566524E-04));
#8326 = ( GEOMETRIC_REPRESENTATION_CONTEXT(2) 
PARAMETRIC_REPRESENTATION_CONTEXT() REPRESENTATION_CONTEXT('2D SPACE',''
  ) );
#8327 = ORIENTED_EDGE('',*,*,#8328,.T.);
#8328 = EDGE_CURVE('',#8308,#8329,#8331,.T.);
#8329 = VERTEX_POINT('',#8330);
#8330 = CARTESIAN_POINT('',(6.633084569422E-03,-0.127,8.131287825567E-04
    ));
#8331 = SURFACE_CURVE('',#8332,(#8337,#8344),.PCURVE_S1.);
#8332 = ( BOUNDED_CURVE() B_SPLINE_CURVE(3,(#8333,#8334,#8335,#8336),
.UNSPECIFIED.,.F.,.F.) B_SPLINE_CURVE_WITH_KNOTS((4,4),(0.,1.),
.PIECEWISE_BEZIER_KNOTS.) CURVE() GEOMETRIC_REPRESENTATION_ITEM() 
RATIONAL_B_SPLINE_CURVE((1.,1.,1.,1.)) REPRESENTATION_ITEM('') );
#8333 = CARTESIAN_POINT('',(8.949431249502E-03,-2.032E-02,
    5.589801502426E-03));
#8334 = CARTESIAN_POINT('',(1.564728642607E-02,-5.57630709112E-02,
    4.871300004429E-03));
#8335 = CARTESIAN_POINT('',(1.126207013365E-02,-9.160924192655E-02,
    1.505194687649E-03));
#8336 = CARTESIAN_POINT('',(6.633084569422E-03,-0.127,8.131287825567E-04
    ));
#8337 = PCURVE('',#8268,#8338);
#8338 = DEFINITIONAL_REPRESENTATION('',(#8339),#8343);
#8339 = LINE('',#8340,#8341);
#8340 = CARTESIAN_POINT('',(50.,0.));
#8341 = VECTOR('',#8342,1.);
#8342 = DIRECTION('',(0.,1.));
#8343 = ( GEOMETRIC_REPRESENTATION_CONTEXT(2) 
PARAMETRIC_REPRESENTATION_CONTEXT() REPRESENTATION_CONTEXT('2D SPACE',''
  ) );
#8344 = PCURVE('',#8345,#8354);
#8345 = ( BOUNDED_SURFACE() B_SPLINE_SURFACE(1,3,(
    (#8346,#8347,#8348,#8349)
    ,(#8350,#8351,#8352,#8353
)),.UNSPECIFIED.,.F.,.F.,.F.) B_SPLINE_SURFACE_WITH_KNOTS((2,2),(4,4),(
    50.,51.),(0.,1.),.PIECEWISE_BEZIER_KNOTS.) 
GEOMETRIC_REPRESENTATION_ITEM() RATIONAL_B_SPLINE_SURFACE((
    (1.,1.,1.,1.)
,(1.,1.,1.,1.))) REPRESENTATION_ITEM('') SURFACE() );
#8346 = CARTESIAN_POINT('',(8.949431249502E-03,-2.032E-02,
    5.589801502426E-03));
#8347 = CARTESIAN_POINT('',(1.564728642607E-02,-5.57630709112E-02,
    4.871300004429E-03));
#8348 = CARTESIAN_POINT('',(1.126207013365E-02,-9.160924192655E-02,
    1.505194687649E-03));
#8349 = CARTESIAN_POINT('',(6.633084569422E-03,-0.127,8.131287825567E-04
    ));
#8350 = CARTESIAN_POINT('',(9.490180011868E-03,-2.032E-02,
    6.060930046362E-03));
#8351 = CARTESIAN_POINT('',(1.664529158201E-02,-5.57630709112E-02,
    5.366010995044E-03));
#8352 = CARTESIAN_POINT('',(1.20018318852E-02,-9.160924192655E-02,
    1.726962246129E-03));
#8353 = CARTESIAN_POINT('',(7.069573051712E-03,-0.127,9.388183210709E-04
    ));
#8354 = DEFINITIONAL_REPRESENTATION('',(#8355),#8359);
#8355 = LINE('',#8356,#8357);
#8356 = CARTESIAN_POINT('',(50.,0.));
#8357 = VECTOR('',#8358,1.);
#8358 = DIRECTION('',(0.,1.));
#8359 = ( GEOMETRIC_REPRESENTATION_CONTEXT(2) 
PARAMETRIC_REPRESENTATION_CONTEXT() REPRESENTATION_CONTEXT('2D SPACE',''
  ) );
#8360 = ORIENTED_EDGE('',*,*,#8361,.F.);
#8361 = EDGE_CURVE('',#8252,#8329,#8362,.T.);
#8362 = SURFACE_CURVE('',#8363,(#8366,#8373),.PCURVE_S1.);
#8363 = B_SPLINE_CURVE_WITH_KNOTS('',1,(#8364,#8365),.UNSPECIFIED.,.F.,
  .F.,(2,2),(49.,50.),.PIECEWISE_BEZIER_KNOTS.);
#8364 = CARTESIAN_POINT('',(6.144190639699E-03,-0.127,6.754059756656E-04
    ));
#8365 = CARTESIAN_POINT('',(6.633084569422E-03,-0.127,8.131287825567E-04
    ));
#8366 = PCURVE('',#8268,#8367);
#8367 = DEFINITIONAL_REPRESENTATION('',(#8368),#8372);
#8368 = LINE('',#8369,#8370);
#8369 = CARTESIAN_POINT('',(0.,1.));
#8370 = VECTOR('',#8371,1.);
#8371 = DIRECTION('',(1.,0.));
#8372 = ( GEOMETRIC_REPRESENTATION_CONTEXT(2) 
PARAMETRIC_REPRESENTATION_CONTEXT() REPRESENTATION_CONTEXT('2D SPACE',''
  ) );
#8373 = PCURVE('',#4566,#8374);
#8374 = DEFINITIONAL_REPRESENTATION('',(#8375),#8378);
#8375 = B_SPLINE_CURVE_WITH_KNOTS('',1,(#8376,#8377),.UNSPECIFIED.,.F.,
  .F.,(2,2),(49.,50.),.PIECEWISE_BEZIER_KNOTS.);
#8376 = CARTESIAN_POINT('',(2.233234429866E-03,-2.895921942664E-04));
#8377 = CARTESIAN_POINT('',(1.728842296093E-03,-2.298140925465E-04));
#8378 = ( GEOMETRIC_REPRESENTATION_CONTEXT(2) 
PARAMETRIC_REPRESENTATION_CONTEXT() REPRESENTATION_CONTEXT('2D SPACE',''
  ) );
#8379 = ORIENTED_EDGE('',*,*,#8251,.F.);
#8380 = ADVANCED_FACE('',(#8381),#8345,.T.);
#8381 = FACE_BOUND('',#8382,.T.);
#8382 = EDGE_LOOP('',(#8383,#8404,#8437,#8456));
#8383 = ORIENTED_EDGE('',*,*,#8384,.T.);
#8384 = EDGE_CURVE('',#8308,#8385,#8387,.T.);
#8385 = VERTEX_POINT('',#8386);
#8386 = CARTESIAN_POINT('',(9.490180011868E-03,-2.032E-02,
    6.060930046362E-03));
#8387 = SURFACE_CURVE('',#8388,(#8391,#8398),.PCURVE_S1.);
#8388 = B_SPLINE_CURVE_WITH_KNOTS('',1,(#8389,#8390),.UNSPECIFIED.,.F.,
  .F.,(2,2),(50.,51.),.PIECEWISE_BEZIER_KNOTS.);
#8389 = CARTESIAN_POINT('',(8.949431249502E-03,-2.032E-02,
    5.589801502426E-03));
#8390 = CARTESIAN_POINT('',(9.490180011868E-03,-2.032E-02,
    6.060930046362E-03));
#8391 = PCURVE('',#8345,#8392);
#8392 = DEFINITIONAL_REPRESENTATION('',(#8393),#8397);
#8393 = LINE('',#8394,#8395);
#8394 = CARTESIAN_POINT('',(0.,0.));
#8395 = VECTOR('',#8396,1.);
#8396 = DIRECTION('',(1.,0.));
#8397 = ( GEOMETRIC_REPRESENTATION_CONTEXT(2) 
PARAMETRIC_REPRESENTATION_CONTEXT() REPRESENTATION_CONTEXT('2D SPACE',''
  ) );
#8398 = PCURVE('',#4507,#8399);
#8399 = DEFINITIONAL_REPRESENTATION('',(#8400),#8403);
#8400 = B_SPLINE_CURVE_WITH_KNOTS('',1,(#8401,#8402),.UNSPECIFIED.,.F.,
  .F.,(2,2),(50.,51.),.PIECEWISE_BEZIER_KNOTS.);
#8401 = CARTESIAN_POINT('',(2.729750993831E-03,-3.628643566524E-04));
#8402 = CARTESIAN_POINT('',(2.018038637803E-03,-2.743383650428E-04));
#8403 = ( GEOMETRIC_REPRESENTATION_CONTEXT(2) 
PARAMETRIC_REPRESENTATION_CONTEXT() REPRESENTATION_CONTEXT('2D SPACE',''
  ) );
#8404 = ORIENTED_EDGE('',*,*,#8405,.T.);
#8405 = EDGE_CURVE('',#8385,#8406,#8408,.T.);
#8406 = VERTEX_POINT('',#8407);
#8407 = CARTESIAN_POINT('',(7.069573051712E-03,-0.127,9.388183210709E-04
    ));
#8408 = SURFACE_CURVE('',#8409,(#8414,#8421),.PCURVE_S1.);
#8409 = ( BOUNDED_CURVE() B_SPLINE_CURVE(3,(#8410,#8411,#8412,#8413),
.UNSPECIFIED.,.F.,.F.) B_SPLINE_CURVE_WITH_KNOTS((4,4),(0.,1.),
.PIECEWISE_BEZIER_KNOTS.) CURVE() GEOMETRIC_REPRESENTATION_ITEM() 
RATIONAL_B_SPLINE_CURVE((1.,1.,1.,1.)) REPRESENTATION_ITEM('') );
#8410 = CARTESIAN_POINT('',(9.490180011868E-03,-2.032E-02,
    6.060930046362E-03));
#8411 = CARTESIAN_POINT('',(1.664529158201E-02,-5.57630709112E-02,
    5.366010995044E-03));
#8412 = CARTESIAN_POINT('',(1.20018318852E-02,-9.160924192655E-02,
    1.726962246129E-03));
#8413 = CARTESIAN_POINT('',(7.069573051712E-03,-0.127,9.388183210709E-04
    ));
#8414 = PCURVE('',#8345,#8415);
#8415 = DEFINITIONAL_REPRESENTATION('',(#8416),#8420);
#8416 = LINE('',#8417,#8418);
#8417 = CARTESIAN_POINT('',(51.,0.));
#8418 = VECTOR('',#8419,1.);
#8419 = DIRECTION('',(0.,1.));
#8420 = ( GEOMETRIC_REPRESENTATION_CONTEXT(2) 
PARAMETRIC_REPRESENTATION_CONTEXT() REPRESENTATION_CONTEXT('2D SPACE',''
  ) );
#8421 = PCURVE('',#8422,#8431);
#8422 = ( BOUNDED_SURFACE() B_SPLINE_SURFACE(1,3,(
    (#8423,#8424,#8425,#8426)
    ,(#8427,#8428,#8429,#8430
)),.UNSPECIFIED.,.F.,.F.,.F.) B_SPLINE_SURFACE_WITH_KNOTS((2,2),(4,4),(
    51.,52.),(0.,1.),.PIECEWISE_BEZIER_KNOTS.) 
GEOMETRIC_REPRESENTATION_ITEM() RATIONAL_B_SPLINE_SURFACE((
    (1.,1.,1.,1.)
,(1.,1.,1.,1.))) REPRESENTATION_ITEM('') SURFACE() );
#8423 = CARTESIAN_POINT('',(9.490180011868E-03,-2.032E-02,
    6.060930046362E-03));
#8424 = CARTESIAN_POINT('',(1.664529158201E-02,-5.57630709112E-02,
    5.366010995044E-03));
#8425 = CARTESIAN_POINT('',(1.20018318852E-02,-9.160924192655E-02,
    1.726962246129E-03));
#8426 = CARTESIAN_POINT('',(7.069573051712E-03,-0.127,9.388183210709E-04
    ));
#8427 = CARTESIAN_POINT('',(9.95791003911E-03,-2.032E-02,
    6.472840425261E-03));
#8428 = CARTESIAN_POINT('',(1.75102669959E-02,-5.57630709112E-02,
    5.80052934462E-03));
#8429 = CARTESIAN_POINT('',(1.264365695399E-02,-9.160924192655E-02,
    1.923099134099E-03));
#8430 = CARTESIAN_POINT('',(7.448298920733E-03,-0.127,1.050060998562E-03
    ));
#8431 = DEFINITIONAL_REPRESENTATION('',(#8432),#8436);
#8432 = LINE('',#8433,#8434);
#8433 = CARTESIAN_POINT('',(51.,0.));
#8434 = VECTOR('',#8435,1.);
#8435 = DIRECTION('',(0.,1.));
#8436 = ( GEOMETRIC_REPRESENTATION_CONTEXT(2) 
PARAMETRIC_REPRESENTATION_CONTEXT() REPRESENTATION_CONTEXT('2D SPACE',''
  ) );
#8437 = ORIENTED_EDGE('',*,*,#8438,.F.);
#8438 = EDGE_CURVE('',#8329,#8406,#8439,.T.);
#8439 = SURFACE_CURVE('',#8440,(#8443,#8450),.PCURVE_S1.);
#8440 = B_SPLINE_CURVE_WITH_KNOTS('',1,(#8441,#8442),.UNSPECIFIED.,.F.,
  .F.,(2,2),(50.,51.),.PIECEWISE_BEZIER_KNOTS.);
#8441 = CARTESIAN_POINT('',(6.633084569422E-03,-0.127,8.131287825567E-04
    ));
#8442 = CARTESIAN_POINT('',(7.069573051712E-03,-0.127,9.388183210709E-04
    ));
#8443 = PCURVE('',#8345,#8444);
#8444 = DEFINITIONAL_REPRESENTATION('',(#8445),#8449);
#8445 = LINE('',#8446,#8447);
#8446 = CARTESIAN_POINT('',(0.,1.));
#8447 = VECTOR('',#8448,1.);
#8448 = DIRECTION('',(1.,0.));
#8449 = ( GEOMETRIC_REPRESENTATION_CONTEXT(2) 
PARAMETRIC_REPRESENTATION_CONTEXT() REPRESENTATION_CONTEXT('2D SPACE',''
  ) );
#8450 = PCURVE('',#4566,#8451);
#8451 = DEFINITIONAL_REPRESENTATION('',(#8452),#8455);
#8452 = B_SPLINE_CURVE_WITH_KNOTS('',1,(#8453,#8454),.UNSPECIFIED.,.F.,
  .F.,(2,2),(50.,51.),.PIECEWISE_BEZIER_KNOTS.);
#8453 = CARTESIAN_POINT('',(1.728842296093E-03,-2.298140925465E-04));
#8454 = CARTESIAN_POINT('',(1.278091137275E-03,-1.737476311937E-04));
#8455 = ( GEOMETRIC_REPRESENTATION_CONTEXT(2) 
PARAMETRIC_REPRESENTATION_CONTEXT() REPRESENTATION_CONTEXT('2D SPACE',''
  ) );
#8456 = ORIENTED_EDGE('',*,*,#8328,.F.);
#8457 = ADVANCED_FACE('',(#8458),#8422,.T.);
#8458 = FACE_BOUND('',#8459,.T.);
#8459 = EDGE_LOOP('',(#8460,#8481,#8514,#8533));
#8460 = ORIENTED_EDGE('',*,*,#8461,.T.);
#8461 = EDGE_CURVE('',#8385,#8462,#8464,.T.);
#8462 = VERTEX_POINT('',#8463);
#8463 = CARTESIAN_POINT('',(9.95791003911E-03,-2.032E-02,
    6.472840425261E-03));
#8464 = SURFACE_CURVE('',#8465,(#8468,#8475),.PCURVE_S1.);
#8465 = B_SPLINE_CURVE_WITH_KNOTS('',1,(#8466,#8467),.UNSPECIFIED.,.F.,
  .F.,(2,2),(51.,52.),.PIECEWISE_BEZIER_KNOTS.);
#8466 = CARTESIAN_POINT('',(9.490180011868E-03,-2.032E-02,
    6.060930046362E-03));
#8467 = CARTESIAN_POINT('',(9.95791003911E-03,-2.032E-02,
    6.472840425261E-03));
#8468 = PCURVE('',#8422,#8469);
#8469 = DEFINITIONAL_REPRESENTATION('',(#8470),#8474);
#8470 = LINE('',#8471,#8472);
#8471 = CARTESIAN_POINT('',(0.,0.));
#8472 = VECTOR('',#8473,1.);
#8473 = DIRECTION('',(1.,0.));
#8474 = ( GEOMETRIC_REPRESENTATION_CONTEXT(2) 
PARAMETRIC_REPRESENTATION_CONTEXT() REPRESENTATION_CONTEXT('2D SPACE',''
  ) );
#8475 = PCURVE('',#4507,#8476);
#8476 = DEFINITIONAL_REPRESENTATION('',(#8477),#8480);
#8477 = B_SPLINE_CURVE_WITH_KNOTS('',1,(#8478,#8479),.UNSPECIFIED.,.F.,
  .F.,(2,2),(51.,52.),.PIECEWISE_BEZIER_KNOTS.);
#8478 = CARTESIAN_POINT('',(2.018038637803E-03,-2.743383650428E-04));
#8479 = CARTESIAN_POINT('',(1.399972144668E-03,-1.941177399437E-04));
#8480 = ( GEOMETRIC_REPRESENTATION_CONTEXT(2) 
PARAMETRIC_REPRESENTATION_CONTEXT() REPRESENTATION_CONTEXT('2D SPACE',''
  ) );
#8481 = ORIENTED_EDGE('',*,*,#8482,.T.);
#8482 = EDGE_CURVE('',#8462,#8483,#8485,.T.);
#8483 = VERTEX_POINT('',#8484);
#8484 = CARTESIAN_POINT('',(7.448298920733E-03,-0.127,1.050060998562E-03
    ));
#8485 = SURFACE_CURVE('',#8486,(#8491,#8498),.PCURVE_S1.);
#8486 = ( BOUNDED_CURVE() B_SPLINE_CURVE(3,(#8487,#8488,#8489,#8490),
.UNSPECIFIED.,.F.,.F.) B_SPLINE_CURVE_WITH_KNOTS((4,4),(0.,1.),
.PIECEWISE_BEZIER_KNOTS.) CURVE() GEOMETRIC_REPRESENTATION_ITEM() 
RATIONAL_B_SPLINE_CURVE((1.,1.,1.,1.)) REPRESENTATION_ITEM('') );
#8487 = CARTESIAN_POINT('',(9.95791003911E-03,-2.032E-02,
    6.472840425261E-03));
#8488 = CARTESIAN_POINT('',(1.75102669959E-02,-5.57630709112E-02,
    5.80052934462E-03));
#8489 = CARTESIAN_POINT('',(1.264365695399E-02,-9.160924192655E-02,
    1.923099134099E-03));
#8490 = CARTESIAN_POINT('',(7.448298920733E-03,-0.127,1.050060998562E-03
    ));
#8491 = PCURVE('',#8422,#8492);
#8492 = DEFINITIONAL_REPRESENTATION('',(#8493),#8497);
#8493 = LINE('',#8494,#8495);
#8494 = CARTESIAN_POINT('',(52.,0.));
#8495 = VECTOR('',#8496,1.);
#8496 = DIRECTION('',(0.,1.));
#8497 = ( GEOMETRIC_REPRESENTATION_CONTEXT(2) 
PARAMETRIC_REPRESENTATION_CONTEXT() REPRESENTATION_CONTEXT('2D SPACE',''
  ) );
#8498 = PCURVE('',#8499,#8508);
#8499 = ( BOUNDED_SURFACE() B_SPLINE_SURFACE(1,3,(
    (#8500,#8501,#8502,#8503)
    ,(#8504,#8505,#8506,#8507
)),.UNSPECIFIED.,.F.,.F.,.F.) B_SPLINE_SURFACE_WITH_KNOTS((2,2),(4,4),(
    52.,53.),(0.,1.),.PIECEWISE_BEZIER_KNOTS.) 
GEOMETRIC_REPRESENTATION_ITEM() RATIONAL_B_SPLINE_SURFACE((
    (1.,1.,1.,1.)
,(1.,1.,1.,1.))) REPRESENTATION_ITEM('') SURFACE() );
#8500 = CARTESIAN_POINT('',(9.95791003911E-03,-2.032E-02,
    6.472840425261E-03));
#8501 = CARTESIAN_POINT('',(1.75102669959E-02,-5.57630709112E-02,
    5.80052934462E-03));
#8502 = CARTESIAN_POINT('',(1.264365695399E-02,-9.160924192655E-02,
    1.923099134099E-03));
#8503 = CARTESIAN_POINT('',(7.448298920733E-03,-0.127,1.050060998562E-03
    ));
#8504 = CARTESIAN_POINT('',(1.034749169013E-02,-2.032E-02,
    6.819237244042E-03));
#8505 = CARTESIAN_POINT('',(1.823202585001E-02,-5.57630709112E-02,
    6.167418649676E-03));
#8506 = CARTESIAN_POINT('',(1.317971621351E-02,-9.160924192655E-02,
    2.08971046424E-03));
#8507 = CARTESIAN_POINT('',(7.764632774173E-03,-0.127,1.144616280829E-03
    ));
#8508 = DEFINITIONAL_REPRESENTATION('',(#8509),#8513);
#8509 = LINE('',#8510,#8511);
#8510 = CARTESIAN_POINT('',(52.,0.));
#8511 = VECTOR('',#8512,1.);
#8512 = DIRECTION('',(0.,1.));
#8513 = ( GEOMETRIC_REPRESENTATION_CONTEXT(2) 
PARAMETRIC_REPRESENTATION_CONTEXT() REPRESENTATION_CONTEXT('2D SPACE',''
  ) );
#8514 = ORIENTED_EDGE('',*,*,#8515,.F.);
#8515 = EDGE_CURVE('',#8406,#8483,#8516,.T.);
#8516 = SURFACE_CURVE('',#8517,(#8520,#8527),.PCURVE_S1.);
#8517 = B_SPLINE_CURVE_WITH_KNOTS('',1,(#8518,#8519),.UNSPECIFIED.,.F.,
  .F.,(2,2),(51.,52.),.PIECEWISE_BEZIER_KNOTS.);
#8518 = CARTESIAN_POINT('',(7.069573051712E-03,-0.127,9.388183210709E-04
    ));
#8519 = CARTESIAN_POINT('',(7.448298920733E-03,-0.127,1.050060998562E-03
    ));
#8520 = PCURVE('',#8422,#8521);
#8521 = DEFINITIONAL_REPRESENTATION('',(#8522),#8526);
#8522 = LINE('',#8523,#8524);
#8523 = CARTESIAN_POINT('',(0.,1.));
#8524 = VECTOR('',#8525,1.);
#8525 = DIRECTION('',(1.,0.));
#8526 = ( GEOMETRIC_REPRESENTATION_CONTEXT(2) 
PARAMETRIC_REPRESENTATION_CONTEXT() REPRESENTATION_CONTEXT('2D SPACE',''
  ) );
#8527 = PCURVE('',#4566,#8528);
#8528 = DEFINITIONAL_REPRESENTATION('',(#8529),#8532);
#8529 = B_SPLINE_CURVE_WITH_KNOTS('',1,(#8530,#8531),.UNSPECIFIED.,.F.,
  .F.,(2,2),(51.,52.),.PIECEWISE_BEZIER_KNOTS.);
#8530 = CARTESIAN_POINT('',(1.278091137275E-03,-1.737476311937E-04));
#8531 = CARTESIAN_POINT('',(8.866490249565E-04,-1.229412352977E-04));
#8532 = ( GEOMETRIC_REPRESENTATION_CONTEXT(2) 
PARAMETRIC_REPRESENTATION_CONTEXT() REPRESENTATION_CONTEXT('2D SPACE',''
  ) );
#8533 = ORIENTED_EDGE('',*,*,#8405,.F.);
#8534 = ADVANCED_FACE('',(#8535),#8499,.T.);
#8535 = FACE_BOUND('',#8536,.T.);
#8536 = EDGE_LOOP('',(#8537,#8558,#8591,#8610));
#8537 = ORIENTED_EDGE('',*,*,#8538,.T.);
#8538 = EDGE_CURVE('',#8462,#8539,#8541,.T.);
#8539 = VERTEX_POINT('',#8540);
#8540 = CARTESIAN_POINT('',(1.034749169013E-02,-2.032E-02,
    6.819237244042E-03));
#8541 = SURFACE_CURVE('',#8542,(#8545,#8552),.PCURVE_S1.);
#8542 = B_SPLINE_CURVE_WITH_KNOTS('',1,(#8543,#8544),.UNSPECIFIED.,.F.,
  .F.,(2,2),(52.,53.),.PIECEWISE_BEZIER_KNOTS.);
#8543 = CARTESIAN_POINT('',(9.95791003911E-03,-2.032E-02,
    6.472840425261E-03));
#8544 = CARTESIAN_POINT('',(1.034749169013E-02,-2.032E-02,
    6.819237244042E-03));
#8545 = PCURVE('',#8499,#8546);
#8546 = DEFINITIONAL_REPRESENTATION('',(#8547),#8551);
#8547 = LINE('',#8548,#8549);
#8548 = CARTESIAN_POINT('',(0.,0.));
#8549 = VECTOR('',#8550,1.);
#8550 = DIRECTION('',(1.,0.));
#8551 = ( GEOMETRIC_REPRESENTATION_CONTEXT(2) 
PARAMETRIC_REPRESENTATION_CONTEXT() REPRESENTATION_CONTEXT('2D SPACE',''
  ) );
#8552 = PCURVE('',#4507,#8553);
#8553 = DEFINITIONAL_REPRESENTATION('',(#8554),#8557);
#8554 = B_SPLINE_CURVE_WITH_KNOTS('',1,(#8555,#8556),.UNSPECIFIED.,.F.,
  .F.,(2,2),(52.,53.),.PIECEWISE_BEZIER_KNOTS.);
#8555 = CARTESIAN_POINT('',(1.399972144668E-03,-1.941177399437E-04));
#8556 = CARTESIAN_POINT('',(8.833234437063E-04,-1.245566971978E-04));
#8557 = ( GEOMETRIC_REPRESENTATION_CONTEXT(2) 
PARAMETRIC_REPRESENTATION_CONTEXT() REPRESENTATION_CONTEXT('2D SPACE',''
  ) );
#8558 = ORIENTED_EDGE('',*,*,#8559,.T.);
#8559 = EDGE_CURVE('',#8539,#8560,#8562,.T.);
#8560 = VERTEX_POINT('',#8561);
#8561 = CARTESIAN_POINT('',(7.764632774173E-03,-0.127,1.144616280829E-03
    ));
#8562 = SURFACE_CURVE('',#8563,(#8568,#8575),.PCURVE_S1.);
#8563 = ( BOUNDED_CURVE() B_SPLINE_CURVE(3,(#8564,#8565,#8566,#8567),
.UNSPECIFIED.,.F.,.F.) B_SPLINE_CURVE_WITH_KNOTS((4,4),(0.,1.),
.PIECEWISE_BEZIER_KNOTS.) CURVE() GEOMETRIC_REPRESENTATION_ITEM() 
RATIONAL_B_SPLINE_CURVE((1.,1.,1.,1.)) REPRESENTATION_ITEM('') );
#8564 = CARTESIAN_POINT('',(1.034749169013E-02,-2.032E-02,
    6.819237244042E-03));
#8565 = CARTESIAN_POINT('',(1.823202585001E-02,-5.57630709112E-02,
    6.167418649676E-03));
#8566 = CARTESIAN_POINT('',(1.317971621351E-02,-9.160924192655E-02,
    2.08971046424E-03));
#8567 = CARTESIAN_POINT('',(7.764632774173E-03,-0.127,1.144616280829E-03
    ));
#8568 = PCURVE('',#8499,#8569);
#8569 = DEFINITIONAL_REPRESENTATION('',(#8570),#8574);
#8570 = LINE('',#8571,#8572);
#8571 = CARTESIAN_POINT('',(53.,0.));
#8572 = VECTOR('',#8573,1.);
#8573 = DIRECTION('',(0.,1.));
#8574 = ( GEOMETRIC_REPRESENTATION_CONTEXT(2) 
PARAMETRIC_REPRESENTATION_CONTEXT() REPRESENTATION_CONTEXT('2D SPACE',''
  ) );
#8575 = PCURVE('',#8576,#8585);
#8576 = ( BOUNDED_SURFACE() B_SPLINE_SURFACE(1,3,(
    (#8577,#8578,#8579,#8580)
    ,(#8581,#8582,#8583,#8584
)),.UNSPECIFIED.,.F.,.F.,.F.) B_SPLINE_SURFACE_WITH_KNOTS((2,2),(4,4),(
    53.,54.),(0.,1.),.PIECEWISE_BEZIER_KNOTS.) 
GEOMETRIC_REPRESENTATION_ITEM() RATIONAL_B_SPLINE_SURFACE((
    (1.,1.,1.,1.)
,(1.,1.,1.,1.))) REPRESENTATION_ITEM('') SURFACE() );
#8577 = CARTESIAN_POINT('',(1.034749169013E-02,-2.032E-02,
    6.819237244042E-03));
#8578 = CARTESIAN_POINT('',(1.823202585001E-02,-5.57630709112E-02,
    6.167418649676E-03));
#8579 = CARTESIAN_POINT('',(1.317971621351E-02,-9.160924192655E-02,
    2.08971046424E-03));
#8580 = CARTESIAN_POINT('',(7.764632774173E-03,-0.127,1.144616280829E-03
    ));
#8581 = CARTESIAN_POINT('',(1.065475368053E-02,-2.032E-02,
    7.094685159777E-03));
#8582 = CARTESIAN_POINT('',(1.880215995123E-02,-5.57630709112E-02,
    6.460156952208E-03));
#8583 = CARTESIAN_POINT('',(1.360350274722E-02,-9.160924192655E-02,
    2.223318983562E-03));
#8584 = CARTESIAN_POINT('',(8.01472550165E-03,-0.127,1.220480787187E-03)
  );
#8585 = DEFINITIONAL_REPRESENTATION('',(#8586),#8590);
#8586 = LINE('',#8587,#8588);
#8587 = CARTESIAN_POINT('',(53.,0.));
#8588 = VECTOR('',#8589,1.);
#8589 = DIRECTION('',(0.,1.));
#8590 = ( GEOMETRIC_REPRESENTATION_CONTEXT(2) 
PARAMETRIC_REPRESENTATION_CONTEXT() REPRESENTATION_CONTEXT('2D SPACE',''
  ) );
#8591 = ORIENTED_EDGE('',*,*,#8592,.F.);
#8592 = EDGE_CURVE('',#8483,#8560,#8593,.T.);
#8593 = SURFACE_CURVE('',#8594,(#8597,#8604),.PCURVE_S1.);
#8594 = B_SPLINE_CURVE_WITH_KNOTS('',1,(#8595,#8596),.UNSPECIFIED.,.F.,
  .F.,(2,2),(52.,53.),.PIECEWISE_BEZIER_KNOTS.);
#8595 = CARTESIAN_POINT('',(7.448298920733E-03,-0.127,1.050060998562E-03
    ));
#8596 = CARTESIAN_POINT('',(7.764632774173E-03,-0.127,1.144616280829E-03
    ));
#8597 = PCURVE('',#8499,#8598);
#8598 = DEFINITIONAL_REPRESENTATION('',(#8599),#8603);
#8599 = LINE('',#8600,#8601);
#8600 = CARTESIAN_POINT('',(0.,1.));
#8601 = VECTOR('',#8602,1.);
#8602 = DIRECTION('',(1.,0.));
#8603 = ( GEOMETRIC_REPRESENTATION_CONTEXT(2) 
PARAMETRIC_REPRESENTATION_CONTEXT() REPRESENTATION_CONTEXT('2D SPACE',''
  ) );
#8604 = PCURVE('',#4566,#8605);
#8605 = DEFINITIONAL_REPRESENTATION('',(#8606),#8609);
#8606 = B_SPLINE_CURVE_WITH_KNOTS('',1,(#8607,#8608),.UNSPECIFIED.,.F.,
  .F.,(2,2),(52.,53.),.PIECEWISE_BEZIER_KNOTS.);
#8607 = CARTESIAN_POINT('',(8.866490249565E-04,-1.229412352977E-04));
#8608 = CARTESIAN_POINT('',(5.59438181014E-04,-7.888590822528E-05));
#8609 = ( GEOMETRIC_REPRESENTATION_CONTEXT(2) 
PARAMETRIC_REPRESENTATION_CONTEXT() REPRESENTATION_CONTEXT('2D SPACE',''
  ) );
#8610 = ORIENTED_EDGE('',*,*,#8482,.F.);
#8611 = ADVANCED_FACE('',(#8612),#8576,.T.);
#8612 = FACE_BOUND('',#8613,.T.);
#8613 = EDGE_LOOP('',(#8614,#8635,#8668,#8687));
#8614 = ORIENTED_EDGE('',*,*,#8615,.T.);
#8615 = EDGE_CURVE('',#8539,#8616,#8618,.T.);
#8616 = VERTEX_POINT('',#8617);
#8617 = CARTESIAN_POINT('',(1.065475368053E-02,-2.032E-02,
    7.094685159777E-03));
#8618 = SURFACE_CURVE('',#8619,(#8622,#8629),.PCURVE_S1.);
#8619 = B_SPLINE_CURVE_WITH_KNOTS('',1,(#8620,#8621),.UNSPECIFIED.,.F.,
  .F.,(2,2),(53.,54.),.PIECEWISE_BEZIER_KNOTS.);
#8620 = CARTESIAN_POINT('',(1.034749169013E-02,-2.032E-02,
    6.819237244042E-03));
#8621 = CARTESIAN_POINT('',(1.065475368053E-02,-2.032E-02,
    7.094685159777E-03));
#8622 = PCURVE('',#8576,#8623);
#8623 = DEFINITIONAL_REPRESENTATION('',(#8624),#8628);
#8624 = LINE('',#8625,#8626);
#8625 = CARTESIAN_POINT('',(0.,0.));
#8626 = VECTOR('',#8627,1.);
#8627 = DIRECTION('',(1.,0.));
#8628 = ( GEOMETRIC_REPRESENTATION_CONTEXT(2) 
PARAMETRIC_REPRESENTATION_CONTEXT() REPRESENTATION_CONTEXT('2D SPACE',''
  ) );
#8629 = PCURVE('',#4507,#8630);
#8630 = DEFINITIONAL_REPRESENTATION('',(#8631),#8634);
#8631 = B_SPLINE_CURVE_WITH_KNOTS('',1,(#8632,#8633),.UNSPECIFIED.,.F.,
  .F.,(2,2),(53.,54.),.PIECEWISE_BEZIER_KNOTS.);
#8632 = CARTESIAN_POINT('',(8.833234437063E-04,-1.245566971978E-04));
#8633 = CARTESIAN_POINT('',(4.745890965838E-04,-6.783175990162E-05));
#8634 = ( GEOMETRIC_REPRESENTATION_CONTEXT(2) 
PARAMETRIC_REPRESENTATION_CONTEXT() REPRESENTATION_CONTEXT('2D SPACE',''
  ) );
#8635 = ORIENTED_EDGE('',*,*,#8636,.T.);
#8636 = EDGE_CURVE('',#8616,#8637,#8639,.T.);
#8637 = VERTEX_POINT('',#8638);
#8638 = CARTESIAN_POINT('',(8.01472550165E-03,-0.127,1.220480787187E-03)
  );
#8639 = SURFACE_CURVE('',#8640,(#8645,#8652),.PCURVE_S1.);
#8640 = ( BOUNDED_CURVE() B_SPLINE_CURVE(3,(#8641,#8642,#8643,#8644),
.UNSPECIFIED.,.F.,.F.) B_SPLINE_CURVE_WITH_KNOTS((4,4),(0.,1.),
.PIECEWISE_BEZIER_KNOTS.) CURVE() GEOMETRIC_REPRESENTATION_ITEM() 
RATIONAL_B_SPLINE_CURVE((1.,1.,1.,1.)) REPRESENTATION_ITEM('') );
#8641 = CARTESIAN_POINT('',(1.065475368053E-02,-2.032E-02,
    7.094685159777E-03));
#8642 = CARTESIAN_POINT('',(1.880215995123E-02,-5.57630709112E-02,
    6.460156952208E-03));
#8643 = CARTESIAN_POINT('',(1.360350274722E-02,-9.160924192655E-02,
    2.223318983562E-03));
#8644 = CARTESIAN_POINT('',(8.01472550165E-03,-0.127,1.220480787187E-03)
  );
#8645 = PCURVE('',#8576,#8646);
#8646 = DEFINITIONAL_REPRESENTATION('',(#8647),#8651);
#8647 = LINE('',#8648,#8649);
#8648 = CARTESIAN_POINT('',(54.,0.));
#8649 = VECTOR('',#8650,1.);
#8650 = DIRECTION('',(0.,1.));
#8651 = ( GEOMETRIC_REPRESENTATION_CONTEXT(2) 
PARAMETRIC_REPRESENTATION_CONTEXT() REPRESENTATION_CONTEXT('2D SPACE',''
  ) );
#8652 = PCURVE('',#8653,#8662);
#8653 = ( BOUNDED_SURFACE() B_SPLINE_SURFACE(1,3,(
    (#8654,#8655,#8656,#8657)
    ,(#8658,#8659,#8660,#8661
)),.UNSPECIFIED.,.F.,.F.,.F.) B_SPLINE_SURFACE_WITH_KNOTS((2,2),(4,4),(
    54.,55.),(0.,1.),.PIECEWISE_BEZIER_KNOTS.) 
GEOMETRIC_REPRESENTATION_ITEM() RATIONAL_B_SPLINE_SURFACE((
    (1.,1.,1.,1.)
,(1.,1.,1.,1.))) REPRESENTATION_ITEM('') SURFACE() );
#8654 = CARTESIAN_POINT('',(1.065475368053E-02,-2.032E-02,
    7.094685159777E-03));
#8655 = CARTESIAN_POINT('',(1.880215995123E-02,-5.57630709112E-02,
    6.460156952208E-03));
#8656 = CARTESIAN_POINT('',(1.360350274722E-02,-9.160924192655E-02,
    2.223318983562E-03));
#8657 = CARTESIAN_POINT('',(8.01472550165E-03,-0.127,1.220480787187E-03)
  );
#8658 = CARTESIAN_POINT('',(1.087648578039E-02,-2.032E-02,
    7.294751004366E-03));
#8659 = CARTESIAN_POINT('',(1.921409978355E-02,-5.57630709112E-02,
    6.673349188293E-03));
#8660 = CARTESIAN_POINT('',(1.390989765827E-02,-9.160924192655E-02,
    2.321003271354E-03));
#8661 = CARTESIAN_POINT('',(8.195547873516E-03,-0.127,1.275969146083E-03
    ));
#8662 = DEFINITIONAL_REPRESENTATION('',(#8663),#8667);
#8663 = LINE('',#8664,#8665);
#8664 = CARTESIAN_POINT('',(54.,0.));
#8665 = VECTOR('',#8666,1.);
#8666 = DIRECTION('',(0.,1.));
#8667 = ( GEOMETRIC_REPRESENTATION_CONTEXT(2) 
PARAMETRIC_REPRESENTATION_CONTEXT() REPRESENTATION_CONTEXT('2D SPACE',''
  ) );
#8668 = ORIENTED_EDGE('',*,*,#8669,.F.);
#8669 = EDGE_CURVE('',#8560,#8637,#8670,.T.);
#8670 = SURFACE_CURVE('',#8671,(#8674,#8681),.PCURVE_S1.);
#8671 = B_SPLINE_CURVE_WITH_KNOTS('',1,(#8672,#8673),.UNSPECIFIED.,.F.,
  .F.,(2,2),(53.,54.),.PIECEWISE_BEZIER_KNOTS.);
#8672 = CARTESIAN_POINT('',(7.764632774173E-03,-0.127,1.144616280829E-03
    ));
#8673 = CARTESIAN_POINT('',(8.01472550165E-03,-0.127,1.220480787187E-03)
  );
#8674 = PCURVE('',#8576,#8675);
#8675 = DEFINITIONAL_REPRESENTATION('',(#8676),#8680);
#8676 = LINE('',#8677,#8678);
#8677 = CARTESIAN_POINT('',(0.,1.));
#8678 = VECTOR('',#8679,1.);
#8679 = DIRECTION('',(1.,0.));
#8680 = ( GEOMETRIC_REPRESENTATION_CONTEXT(2) 
PARAMETRIC_REPRESENTATION_CONTEXT() REPRESENTATION_CONTEXT('2D SPACE',''
  ) );
#8681 = PCURVE('',#4566,#8682);
#8682 = DEFINITIONAL_REPRESENTATION('',(#8683),#8686);
#8683 = B_SPLINE_CURVE_WITH_KNOTS('',1,(#8684,#8685),.UNSPECIFIED.,.F.,
  .F.,(2,2),(53.,54.),.PIECEWISE_BEZIER_KNOTS.);
#8684 = CARTESIAN_POINT('',(5.59438181014E-04,-7.888590822528E-05));
#8685 = CARTESIAN_POINT('',(3.00573094503E-04,-4.296011460436E-05));
#8686 = ( GEOMETRIC_REPRESENTATION_CONTEXT(2) 
PARAMETRIC_REPRESENTATION_CONTEXT() REPRESENTATION_CONTEXT('2D SPACE',''
  ) );
#8687 = ORIENTED_EDGE('',*,*,#8559,.F.);
#8688 = ADVANCED_FACE('',(#8689),#8653,.T.);
#8689 = FACE_BOUND('',#8690,.T.);
#8690 = EDGE_LOOP('',(#8691,#8712,#8736,#8755));
#8691 = ORIENTED_EDGE('',*,*,#8692,.T.);
#8692 = EDGE_CURVE('',#8616,#8693,#8695,.T.);
#8693 = VERTEX_POINT('',#8694);
#8694 = CARTESIAN_POINT('',(1.087648578039E-02,-2.032E-02,
    7.294751004366E-03));
#8695 = SURFACE_CURVE('',#8696,(#8699,#8706),.PCURVE_S1.);
#8696 = B_SPLINE_CURVE_WITH_KNOTS('',1,(#8697,#8698),.UNSPECIFIED.,.F.,
  .F.,(2,2),(54.,55.),.PIECEWISE_BEZIER_KNOTS.);
#8697 = CARTESIAN_POINT('',(1.065475368053E-02,-2.032E-02,
    7.094685159777E-03));
#8698 = CARTESIAN_POINT('',(1.087648578039E-02,-2.032E-02,
    7.294751004366E-03));
#8699 = PCURVE('',#8653,#8700);
#8700 = DEFINITIONAL_REPRESENTATION('',(#8701),#8705);
#8701 = LINE('',#8702,#8703);
#8702 = CARTESIAN_POINT('',(0.,0.));
#8703 = VECTOR('',#8704,1.);
#8704 = DIRECTION('',(1.,0.));
#8705 = ( GEOMETRIC_REPRESENTATION_CONTEXT(2) 
PARAMETRIC_REPRESENTATION_CONTEXT() REPRESENTATION_CONTEXT('2D SPACE',''
  ) );
#8706 = PCURVE('',#4507,#8707);
#8707 = DEFINITIONAL_REPRESENTATION('',(#8708),#8711);
#8708 = B_SPLINE_CURVE_WITH_KNOTS('',1,(#8709,#8710),.UNSPECIFIED.,.F.,
  .F.,(2,2),(54.,55.),.PIECEWISE_BEZIER_KNOTS.);
#8709 = CARTESIAN_POINT('',(4.745890965838E-04,-6.783175990162E-05));
#8710 = CARTESIAN_POINT('',(1.789086400257E-04,-2.58254045719E-05));
#8711 = ( GEOMETRIC_REPRESENTATION_CONTEXT(2) 
PARAMETRIC_REPRESENTATION_CONTEXT() REPRESENTATION_CONTEXT('2D SPACE',''
  ) );
#8712 = ORIENTED_EDGE('',*,*,#8713,.T.);
#8713 = EDGE_CURVE('',#8693,#8714,#8716,.T.);
#8714 = VERTEX_POINT('',#8715);
#8715 = CARTESIAN_POINT('',(8.195547873516E-03,-0.127,1.275969146083E-03
    ));
#8716 = SURFACE_CURVE('',#8717,(#8722,#8729),.PCURVE_S1.);
#8717 = ( BOUNDED_CURVE() B_SPLINE_CURVE(3,(#8718,#8719,#8720,#8721),
.UNSPECIFIED.,.F.,.F.) B_SPLINE_CURVE_WITH_KNOTS((4,4),(0.,1.),
.PIECEWISE_BEZIER_KNOTS.) CURVE() GEOMETRIC_REPRESENTATION_ITEM() 
RATIONAL_B_SPLINE_CURVE((1.,1.,1.,1.)) REPRESENTATION_ITEM('') );
#8718 = CARTESIAN_POINT('',(1.087648578039E-02,-2.032E-02,
    7.294751004366E-03));
#8719 = CARTESIAN_POINT('',(1.921409978355E-02,-5.57630709112E-02,
    6.673349188293E-03));
#8720 = CARTESIAN_POINT('',(1.390989765827E-02,-9.160924192655E-02,
    2.321003271354E-03));
#8721 = CARTESIAN_POINT('',(8.195547873516E-03,-0.127,1.275969146083E-03
    ));
#8722 = PCURVE('',#8653,#8723);
#8723 = DEFINITIONAL_REPRESENTATION('',(#8724),#8728);
#8724 = LINE('',#8725,#8726);
#8725 = CARTESIAN_POINT('',(55.,0.));
#8726 = VECTOR('',#8727,1.);
#8727 = DIRECTION('',(0.,1.));
#8728 = ( GEOMETRIC_REPRESENTATION_CONTEXT(2) 
PARAMETRIC_REPRESENTATION_CONTEXT() REPRESENTATION_CONTEXT('2D SPACE',''
  ) );
#8729 = PCURVE('',#4592,#8730);
#8730 = DEFINITIONAL_REPRESENTATION('',(#8731),#8735);
#8731 = LINE('',#8732,#8733);
#8732 = CARTESIAN_POINT('',(55.,0.));
#8733 = VECTOR('',#8734,1.);
#8734 = DIRECTION('',(0.,1.));
#8735 = ( GEOMETRIC_REPRESENTATION_CONTEXT(2) 
PARAMETRIC_REPRESENTATION_CONTEXT() REPRESENTATION_CONTEXT('2D SPACE',''
  ) );
#8736 = ORIENTED_EDGE('',*,*,#8737,.F.);
#8737 = EDGE_CURVE('',#8637,#8714,#8738,.T.);
#8738 = SURFACE_CURVE('',#8739,(#8742,#8749),.PCURVE_S1.);
#8739 = B_SPLINE_CURVE_WITH_KNOTS('',1,(#8740,#8741),.UNSPECIFIED.,.F.,
  .F.,(2,2),(54.,55.),.PIECEWISE_BEZIER_KNOTS.);
#8740 = CARTESIAN_POINT('',(8.01472550165E-03,-0.127,1.220480787187E-03)
  );
#8741 = CARTESIAN_POINT('',(8.195547873516E-03,-0.127,1.275969146083E-03
    ));
#8742 = PCURVE('',#8653,#8743);
#8743 = DEFINITIONAL_REPRESENTATION('',(#8744),#8748);
#8744 = LINE('',#8745,#8746);
#8745 = CARTESIAN_POINT('',(0.,1.));
#8746 = VECTOR('',#8747,1.);
#8747 = DIRECTION('',(1.,0.));
#8748 = ( GEOMETRIC_REPRESENTATION_CONTEXT(2) 
PARAMETRIC_REPRESENTATION_CONTEXT() REPRESENTATION_CONTEXT('2D SPACE',''
  ) );
#8749 = PCURVE('',#4566,#8750);
#8750 = DEFINITIONAL_REPRESENTATION('',(#8751),#8754);
#8751 = B_SPLINE_CURVE_WITH_KNOTS('',1,(#8752,#8753),.UNSPECIFIED.,.F.,
  .F.,(2,2),(54.,55.),.PIECEWISE_BEZIER_KNOTS.);
#8752 = CARTESIAN_POINT('',(3.00573094503E-04,-4.296011460436E-05));
#8753 = CARTESIAN_POINT('',(1.133088053496E-04,-1.635608956221E-05));
#8754 = ( GEOMETRIC_REPRESENTATION_CONTEXT(2) 
PARAMETRIC_REPRESENTATION_CONTEXT() REPRESENTATION_CONTEXT('2D SPACE',''
  ) );
#8755 = ORIENTED_EDGE('',*,*,#8636,.F.);
#8756 = ADVANCED_FACE('',(#8757),#4592,.T.);
#8757 = FACE_BOUND('',#8758,.T.);
#8758 = EDGE_LOOP('',(#8759,#8778,#8779,#8798));
#8759 = ORIENTED_EDGE('',*,*,#8760,.T.);
#8760 = EDGE_CURVE('',#8693,#4482,#8761,.T.);
#8761 = SURFACE_CURVE('',#8762,(#8765,#8772),.PCURVE_S1.);
#8762 = B_SPLINE_CURVE_WITH_KNOTS('',1,(#8763,#8764),.UNSPECIFIED.,.F.,
  .F.,(2,2),(55.,56.),.PIECEWISE_BEZIER_KNOTS.);
#8763 = CARTESIAN_POINT('',(1.087648578039E-02,-2.032E-02,
    7.294751004366E-03));
#8764 = CARTESIAN_POINT('',(1.101042193015E-02,-2.032E-02,
    7.416144417634E-03));
#8765 = PCURVE('',#4592,#8766);
#8766 = DEFINITIONAL_REPRESENTATION('',(#8767),#8771);
#8767 = LINE('',#8768,#8769);
#8768 = CARTESIAN_POINT('',(0.,0.));
#8769 = VECTOR('',#8770,1.);
#8770 = DIRECTION('',(1.,0.));
#8771 = ( GEOMETRIC_REPRESENTATION_CONTEXT(2) 
PARAMETRIC_REPRESENTATION_CONTEXT() REPRESENTATION_CONTEXT('2D SPACE',''
  ) );
#8772 = PCURVE('',#4507,#8773);
#8773 = DEFINITIONAL_REPRESENTATION('',(#8774),#8777);
#8774 = B_SPLINE_CURVE_WITH_KNOTS('',1,(#8775,#8776),.UNSPECIFIED.,.F.,
  .F.,(2,2),(55.,56.),.PIECEWISE_BEZIER_KNOTS.);
#8775 = CARTESIAN_POINT('',(1.789086400257E-04,-2.58254045719E-05));
#8776 = CARTESIAN_POINT('',(0.,0.));
#8777 = ( GEOMETRIC_REPRESENTATION_CONTEXT(2) 
PARAMETRIC_REPRESENTATION_CONTEXT() REPRESENTATION_CONTEXT('2D SPACE',''
  ) );
#8778 = ORIENTED_EDGE('',*,*,#4577,.T.);
#8779 = ORIENTED_EDGE('',*,*,#8780,.F.);
#8780 = EDGE_CURVE('',#8714,#4552,#8781,.T.);
#8781 = SURFACE_CURVE('',#8782,(#8785,#8792),.PCURVE_S1.);
#8782 = B_SPLINE_CURVE_WITH_KNOTS('',1,(#8783,#8784),.UNSPECIFIED.,.F.,
  .F.,(2,2),(55.,56.),.PIECEWISE_BEZIER_KNOTS.);
#8783 = CARTESIAN_POINT('',(8.195547873516E-03,-0.127,1.275969146083E-03
    ));
#8784 = CARTESIAN_POINT('',(8.304918491086E-03,-0.127,1.309799236948E-03
    ));
#8785 = PCURVE('',#4592,#8786);
#8786 = DEFINITIONAL_REPRESENTATION('',(#8787),#8791);
#8787 = LINE('',#8788,#8789);
#8788 = CARTESIAN_POINT('',(0.,1.));
#8789 = VECTOR('',#8790,1.);
#8790 = DIRECTION('',(1.,0.));
#8791 = ( GEOMETRIC_REPRESENTATION_CONTEXT(2) 
PARAMETRIC_REPRESENTATION_CONTEXT() REPRESENTATION_CONTEXT('2D SPACE',''
  ) );
#8792 = PCURVE('',#4566,#8793);
#8793 = DEFINITIONAL_REPRESENTATION('',(#8794),#8797);
#8794 = B_SPLINE_CURVE_WITH_KNOTS('',1,(#8795,#8796),.UNSPECIFIED.,.F.,
  .F.,(2,2),(55.,56.),.PIECEWISE_BEZIER_KNOTS.);
#8795 = CARTESIAN_POINT('',(1.133088053496E-04,-1.635608956221E-05));
#8796 = CARTESIAN_POINT('',(0.,0.));
#8797 = ( GEOMETRIC_REPRESENTATION_CONTEXT(2) 
PARAMETRIC_REPRESENTATION_CONTEXT() REPRESENTATION_CONTEXT('2D SPACE',''
  ) );
#8798 = ORIENTED_EDGE('',*,*,#8713,.F.);
#8799 = ADVANCED_FACE('',(#8800),#4507,.T.);
#8800 = FACE_BOUND('',#8801,.T.);
#8801 = EDGE_LOOP('',(#8802,#8803,#8804,#8805,#8806,#8807,#8808,#8809,
    #8810,#8811,#8812,#8813,#8814,#8815,#8816,#8817,#8818,#8819,#8820,
    #8821,#8822,#8823,#8824,#8825,#8826,#8827,#8828,#8829,#8830,#8831,
    #8832,#8833,#8834,#8835,#8836,#8837,#8838,#8839,#8840,#8841,#8842,
    #8843,#8844,#8845,#8846,#8847,#8848,#8849,#8850,#8851,#8852,#8853,
    #8854,#8855,#8856,#8857));
#8802 = ORIENTED_EDGE('',*,*,#4481,.F.);
#8803 = ORIENTED_EDGE('',*,*,#8760,.F.);
#8804 = ORIENTED_EDGE('',*,*,#8692,.F.);
#8805 = ORIENTED_EDGE('',*,*,#8615,.F.);
#8806 = ORIENTED_EDGE('',*,*,#8538,.F.);
#8807 = ORIENTED_EDGE('',*,*,#8461,.F.);
#8808 = ORIENTED_EDGE('',*,*,#8384,.F.);
#8809 = ORIENTED_EDGE('',*,*,#8307,.F.);
#8810 = ORIENTED_EDGE('',*,*,#8230,.F.);
#8811 = ORIENTED_EDGE('',*,*,#8153,.F.);
#8812 = ORIENTED_EDGE('',*,*,#8076,.F.);
#8813 = ORIENTED_EDGE('',*,*,#7999,.F.);
#8814 = ORIENTED_EDGE('',*,*,#7922,.F.);
#8815 = ORIENTED_EDGE('',*,*,#7845,.F.);
#8816 = ORIENTED_EDGE('',*,*,#7768,.F.);
#8817 = ORIENTED_EDGE('',*,*,#7691,.F.);
#8818 = ORIENTED_EDGE('',*,*,#7614,.F.);
#8819 = ORIENTED_EDGE('',*,*,#7537,.F.);
#8820 = ORIENTED_EDGE('',*,*,#7460,.F.);
#8821 = ORIENTED_EDGE('',*,*,#7383,.F.);
#8822 = ORIENTED_EDGE('',*,*,#7306,.F.);
#8823 = ORIENTED_EDGE('',*,*,#7229,.F.);
#8824 = ORIENTED_EDGE('',*,*,#7152,.F.);
#8825 = ORIENTED_EDGE('',*,*,#7075,.F.);
#8826 = ORIENTED_EDGE('',*,*,#6998,.F.);
#8827 = ORIENTED_EDGE('',*,*,#6921,.F.);
#8828 = ORIENTED_EDGE('',*,*,#6844,.F.);
#8829 = ORIENTED_EDGE('',*,*,#6767,.F.);
#8830 = ORIENTED_EDGE('',*,*,#6690,.F.);
#8831 = ORIENTED_EDGE('',*,*,#6613,.F.);
#8832 = ORIENTED_EDGE('',*,*,#6536,.F.);
#8833 = ORIENTED_EDGE('',*,*,#6459,.F.);
#8834 = ORIENTED_EDGE('',*,*,#6382,.F.);
#8835 = ORIENTED_EDGE('',*,*,#6305,.F.);
#8836 = ORIENTED_EDGE('',*,*,#6228,.F.);
#8837 = ORIENTED_EDGE('',*,*,#6151,.F.);
#8838 = ORIENTED_EDGE('',*,*,#6074,.F.);
#8839 = ORIENTED_EDGE('',*,*,#5997,.F.);
#8840 = ORIENTED_EDGE('',*,*,#5920,.F.);
#8841 = ORIENTED_EDGE('',*,*,#5843,.F.);
#8842 = ORIENTED_EDGE('',*,*,#5766,.F.);
#8843 = ORIENTED_EDGE('',*,*,#5689,.F.);
#8844 = ORIENTED_EDGE('',*,*,#5612,.F.);
#8845 = ORIENTED_EDGE('',*,*,#5535,.F.);
#8846 = ORIENTED_EDGE('',*,*,#5458,.F.);
#8847 = ORIENTED_EDGE('',*,*,#5381,.F.);
#8848 = ORIENTED_EDGE('',*,*,#5304,.F.);
#8849 = ORIENTED_EDGE('',*,*,#5227,.F.);
#8850 = ORIENTED_EDGE('',*,*,#5150,.F.);
#8851 = ORIENTED_EDGE('',*,*,#5073,.F.);
#8852 = ORIENTED_EDGE('',*,*,#4996,.F.);
#8853 = ORIENTED_EDGE('',*,*,#4919,.F.);
#8854 = ORIENTED_EDGE('',*,*,#4842,.F.);
#8855 = ORIENTED_EDGE('',*,*,#4765,.F.);
#8856 = ORIENTED_EDGE('',*,*,#4688,.F.);
#8857 = ORIENTED_EDGE('',*,*,#4611,.F.);
#8858 = ADVANCED_FACE('',(#8859),#4566,.F.);
#8859 = FACE_BOUND('',#8860,.T.);
#8860 = EDGE_LOOP('',(#8861,#8862,#8863,#8864,#8865,#8866,#8867,#8868,
    #8869,#8870,#8871,#8872,#8873,#8874,#8875,#8876,#8877,#8878,#8879,
    #8880,#8881,#8882,#8883,#8884,#8885,#8886,#8887,#8888,#8889,#8890,
    #8891,#8892,#8893,#8894,#8895,#8896,#8897,#8898,#8899,#8900,#8901,
    #8902,#8903,#8904,#8905,#8906,#8907,#8908,#8909,#8910,#8911,#8912,
    #8913,#8914,#8915,#8916));
#8861 = ORIENTED_EDGE('',*,*,#4551,.T.);
#8862 = ORIENTED_EDGE('',*,*,#4665,.T.);
#8863 = ORIENTED_EDGE('',*,*,#4742,.T.);
#8864 = ORIENTED_EDGE('',*,*,#4819,.T.);
#8865 = ORIENTED_EDGE('',*,*,#4896,.T.);
#8866 = ORIENTED_EDGE('',*,*,#4973,.T.);
#8867 = ORIENTED_EDGE('',*,*,#5050,.T.);
#8868 = ORIENTED_EDGE('',*,*,#5127,.T.);
#8869 = ORIENTED_EDGE('',*,*,#5204,.T.);
#8870 = ORIENTED_EDGE('',*,*,#5281,.T.);
#8871 = ORIENTED_EDGE('',*,*,#5358,.T.);
#8872 = ORIENTED_EDGE('',*,*,#5435,.T.);
#8873 = ORIENTED_EDGE('',*,*,#5512,.T.);
#8874 = ORIENTED_EDGE('',*,*,#5589,.T.);
#8875 = ORIENTED_EDGE('',*,*,#5666,.T.);
#8876 = ORIENTED_EDGE('',*,*,#5743,.T.);
#8877 = ORIENTED_EDGE('',*,*,#5820,.T.);
#8878 = ORIENTED_EDGE('',*,*,#5897,.T.);
#8879 = ORIENTED_EDGE('',*,*,#5974,.T.);
#8880 = ORIENTED_EDGE('',*,*,#6051,.T.);
#8881 = ORIENTED_EDGE('',*,*,#6128,.T.);
#8882 = ORIENTED_EDGE('',*,*,#6205,.T.);
#8883 = ORIENTED_EDGE('',*,*,#6282,.T.);
#8884 = ORIENTED_EDGE('',*,*,#6359,.T.);
#8885 = ORIENTED_EDGE('',*,*,#6436,.T.);
#8886 = ORIENTED_EDGE('',*,*,#6513,.T.);
#8887 = ORIENTED_EDGE('',*,*,#6590,.T.);
#8888 = ORIENTED_EDGE('',*,*,#6667,.T.);
#8889 = ORIENTED_EDGE('',*,*,#6744,.T.);
#8890 = ORIENTED_EDGE('',*,*,#6821,.T.);
#8891 = ORIENTED_EDGE('',*,*,#6898,.T.);
#8892 = ORIENTED_EDGE('',*,*,#6975,.T.);
#8893 = ORIENTED_EDGE('',*,*,#7052,.T.);
#8894 = ORIENTED_EDGE('',*,*,#7129,.T.);
#8895 = ORIENTED_EDGE('',*,*,#7206,.T.);
#8896 = ORIENTED_EDGE('',*,*,#7283,.T.);
#8897 = ORIENTED_EDGE('',*,*,#7360,.T.);
#8898 = ORIENTED_EDGE('',*,*,#7437,.T.);
#8899 = ORIENTED_EDGE('',*,*,#7514,.T.);
#8900 = ORIENTED_EDGE('',*,*,#7591,.T.);
#8901 = ORIENTED_EDGE('',*,*,#7668,.T.);
#8902 = ORIENTED_EDGE('',*,*,#7745,.T.);
#8903 = ORIENTED_EDGE('',*,*,#7822,.T.);
#8904 = ORIENTED_EDGE('',*,*,#7899,.T.);
#8905 = ORIENTED_EDGE('',*,*,#7976,.T.);
#8906 = ORIENTED_EDGE('',*,*,#8053,.T.);
#8907 = ORIENTED_EDGE('',*,*,#8130,.T.);
#8908 = ORIENTED_EDGE('',*,*,#8207,.T.);
#8909 = ORIENTED_EDGE('',*,*,#8284,.T.);
#8910 = ORIENTED_EDGE('',*,*,#8361,.T.);
#8911 = ORIENTED_EDGE('',*,*,#8438,.T.);
#8912 = ORIENTED_EDGE('',*,*,#8515,.T.);
#8913 = ORIENTED_EDGE('',*,*,#8592,.T.);
#8914 = ORIENTED_EDGE('',*,*,#8669,.T.);
#8915 = ORIENTED_EDGE('',*,*,#8737,.T.);
#8916 = ORIENTED_EDGE('',*,*,#8780,.T.);
#8917 = MANIFOLD_SOLID_BREP('',#8918);
#8918 = CLOSED_SHELL('',(#8919,#9039,#9115,#9191,#9267,#9343,#9419,#9495
    ,#9571,#9647,#9723,#9799,#9875,#9951,#10027,#10103,#10179,#10255,
    #10331,#10407,#10483,#10559,#10635,#10706,#10753,#10780));
#8919 = ADVANCED_FACE('',(#8920),#8934,.T.);
#8920 = FACE_BOUND('',#8921,.T.);
#8921 = EDGE_LOOP('',(#8922,#8957,#8985,#9013));
#8922 = ORIENTED_EDGE('',*,*,#8923,.T.);
#8923 = EDGE_CURVE('',#8924,#8926,#8928,.T.);
#8924 = VERTEX_POINT('',#8925);
#8925 = CARTESIAN_POINT('',(1.357217824133E-02,-4.529253183503E-03,
    -7.112E-03));
#8926 = VERTEX_POINT('',#8927);
#8927 = CARTESIAN_POINT('',(1.397E-02,0.,-7.112E-03));
#8928 = SURFACE_CURVE('',#8929,(#8933,#8945),.PCURVE_S1.);
#8929 = LINE('',#8930,#8931);
#8930 = CARTESIAN_POINT('',(1.357217824133E-02,-4.529253183503E-03,
    -7.112E-03));
#8931 = VECTOR('',#8932,1.);
#8932 = DIRECTION('',(8.749699126335E-02,0.996164783818,0.));
#8933 = PCURVE('',#8934,#8939);
#8934 = PLANE('',#8935);
#8935 = AXIS2_PLACEMENT_3D('',#8936,#8937,#8938);
#8936 = CARTESIAN_POINT('',(1.357217824133E-02,-4.529253183503E-03,0.));
#8937 = DIRECTION('',(0.996164783818,-8.749699126335E-02,0.));
#8938 = DIRECTION('',(8.749699126335E-02,0.996164783818,0.));
#8939 = DEFINITIONAL_REPRESENTATION('',(#8940),#8944);
#8940 = LINE('',#8941,#8942);
#8941 = CARTESIAN_POINT('',(0.,-7.112E-03));
#8942 = VECTOR('',#8943,1.);
#8943 = DIRECTION('',(1.,0.));
#8944 = ( GEOMETRIC_REPRESENTATION_CONTEXT(2) 
PARAMETRIC_REPRESENTATION_CONTEXT() REPRESENTATION_CONTEXT('2D SPACE',''
  ) );
#8945 = PCURVE('',#8946,#8951);
#8946 = PLANE('',#8947);
#8947 = AXIS2_PLACEMENT_3D('',#8948,#8949,#8950);
#8948 = CARTESIAN_POINT('',(7.483914494363E-20,7.296816632004E-19,
    -7.112E-03));
#8949 = DIRECTION('',(0.,0.,1.));
#8950 = DIRECTION('',(1.,0.,0.));
#8951 = DEFINITIONAL_REPRESENTATION('',(#8952),#8956);
#8952 = LINE('',#8953,#8954);
#8953 = CARTESIAN_POINT('',(1.357217824133E-02,-4.529253183503E-03));
#8954 = VECTOR('',#8955,1.);
#8955 = DIRECTION('',(8.749699126335E-02,0.996164783818));
#8956 = ( GEOMETRIC_REPRESENTATION_CONTEXT(2) 
PARAMETRIC_REPRESENTATION_CONTEXT() REPRESENTATION_CONTEXT('2D SPACE',''
  ) );
#8957 = ORIENTED_EDGE('',*,*,#8958,.T.);
#8958 = EDGE_CURVE('',#8926,#8959,#8961,.T.);
#8959 = VERTEX_POINT('',#8960);
#8960 = CARTESIAN_POINT('',(1.397E-02,0.,7.112E-03));
#8961 = SURFACE_CURVE('',#8962,(#8966,#8973),.PCURVE_S1.);
#8962 = LINE('',#8963,#8964);
#8963 = CARTESIAN_POINT('',(1.397E-02,0.,-7.112E-03));
#8964 = VECTOR('',#8965,1.);
#8965 = DIRECTION('',(0.,0.,1.));
#8966 = PCURVE('',#8934,#8967);
#8967 = DEFINITIONAL_REPRESENTATION('',(#8968),#8972);
#8968 = LINE('',#8969,#8970);
#8969 = CARTESIAN_POINT('',(4.546690725346E-03,-7.112E-03));
#8970 = VECTOR('',#8971,1.);
#8971 = DIRECTION('',(0.,1.));
#8972 = ( GEOMETRIC_REPRESENTATION_CONTEXT(2) 
PARAMETRIC_REPRESENTATION_CONTEXT() REPRESENTATION_CONTEXT('2D SPACE',''
  ) );
#8973 = PCURVE('',#8974,#8979);
#8974 = PLANE('',#8975);
#8975 = AXIS2_PLACEMENT_3D('',#8976,#8977,#8978);
#8976 = CARTESIAN_POINT('',(1.397E-02,0.,0.));
#8977 = DIRECTION('',(0.996164783818,8.749699126335E-02,-0.));
#8978 = DIRECTION('',(-8.749699126335E-02,0.996164783818,0.));
#8979 = DEFINITIONAL_REPRESENTATION('',(#8980),#8984);
#8980 = LINE('',#8981,#8982);
#8981 = CARTESIAN_POINT('',(0.,-7.112E-03));
#8982 = VECTOR('',#8983,1.);
#8983 = DIRECTION('',(0.,1.));
#8984 = ( GEOMETRIC_REPRESENTATION_CONTEXT(2) 
PARAMETRIC_REPRESENTATION_CONTEXT() REPRESENTATION_CONTEXT('2D SPACE',''
  ) );
#8985 = ORIENTED_EDGE('',*,*,#8986,.F.);
#8986 = EDGE_CURVE('',#8987,#8959,#8989,.T.);
#8987 = VERTEX_POINT('',#8988);
#8988 = CARTESIAN_POINT('',(1.357217824133E-02,-4.529253183503E-03,
    7.112E-03));
#8989 = SURFACE_CURVE('',#8990,(#8994,#9001),.PCURVE_S1.);
#8990 = LINE('',#8991,#8992);
#8991 = CARTESIAN_POINT('',(1.357217824133E-02,-4.529253183503E-03,
    7.112E-03));
#8992 = VECTOR('',#8993,1.);
#8993 = DIRECTION('',(8.749699126335E-02,0.996164783818,0.));
#8994 = PCURVE('',#8934,#8995);
#8995 = DEFINITIONAL_REPRESENTATION('',(#8996),#9000);
#8996 = LINE('',#8997,#8998);
#8997 = CARTESIAN_POINT('',(0.,7.112E-03));
#8998 = VECTOR('',#8999,1.);
#8999 = DIRECTION('',(1.,0.));
#9000 = ( GEOMETRIC_REPRESENTATION_CONTEXT(2) 
PARAMETRIC_REPRESENTATION_CONTEXT() REPRESENTATION_CONTEXT('2D SPACE',''
  ) );
#9001 = PCURVE('',#9002,#9007);
#9002 = PLANE('',#9003);
#9003 = AXIS2_PLACEMENT_3D('',#9004,#9005,#9006);
#9004 = CARTESIAN_POINT('',(7.483914494363E-20,7.296816632004E-19,
    7.112E-03));
#9005 = DIRECTION('',(0.,0.,1.));
#9006 = DIRECTION('',(1.,0.,0.));
#9007 = DEFINITIONAL_REPRESENTATION('',(#9008),#9012);
#9008 = LINE('',#9009,#9010);
#9009 = CARTESIAN_POINT('',(1.357217824133E-02,-4.529253183503E-03));
#9010 = VECTOR('',#9011,1.);
#9011 = DIRECTION('',(8.749699126335E-02,0.996164783818));
#9012 = ( GEOMETRIC_REPRESENTATION_CONTEXT(2) 
PARAMETRIC_REPRESENTATION_CONTEXT() REPRESENTATION_CONTEXT('2D SPACE',''
  ) );
#9013 = ORIENTED_EDGE('',*,*,#9014,.T.);
#9014 = EDGE_CURVE('',#8987,#8924,#9015,.T.);
#9015 = SURFACE_CURVE('',#9016,(#9020,#9027),.PCURVE_S1.);
#9016 = LINE('',#9017,#9018);
#9017 = CARTESIAN_POINT('',(1.357217824133E-02,-4.529253183503E-03,
    7.112E-03));
#9018 = VECTOR('',#9019,1.);
#9019 = DIRECTION('',(0.,0.,-1.));
#9020 = PCURVE('',#8934,#9021);
#9021 = DEFINITIONAL_REPRESENTATION('',(#9022),#9026);
#9022 = LINE('',#9023,#9024);
#9023 = CARTESIAN_POINT('',(0.,7.112E-03));
#9024 = VECTOR('',#9025,1.);
#9025 = DIRECTION('',(0.,-1.));
#9026 = ( GEOMETRIC_REPRESENTATION_CONTEXT(2) 
PARAMETRIC_REPRESENTATION_CONTEXT() REPRESENTATION_CONTEXT('2D SPACE',''
  ) );
#9027 = PCURVE('',#9028,#9033);
#9028 = PLANE('',#9029);
#9029 = AXIS2_PLACEMENT_3D('',#9030,#9031,#9032);
#9030 = CARTESIAN_POINT('',(1.239191994752E-02,-7.840397407441E-03,0.));
#9031 = DIRECTION('',(0.941948366777,-0.335757761378,0.));
#9032 = DIRECTION('',(0.335757761378,0.941948366777,0.));
#9033 = DEFINITIONAL_REPRESENTATION('',(#9034),#9038);
#9034 = LINE('',#9035,#9036);
#9035 = CARTESIAN_POINT('',(3.515207776479E-03,7.112E-03));
#9036 = VECTOR('',#9037,1.);
#9037 = DIRECTION('',(0.,-1.));
#9038 = ( GEOMETRIC_REPRESENTATION_CONTEXT(2) 
PARAMETRIC_REPRESENTATION_CONTEXT() REPRESENTATION_CONTEXT('2D SPACE',''
  ) );
#9039 = ADVANCED_FACE('',(#9040),#9028,.T.);
#9040 = FACE_BOUND('',#9041,.T.);
#9041 = EDGE_LOOP('',(#9042,#9065,#9066,#9089));
#9042 = ORIENTED_EDGE('',*,*,#9043,.T.);
#9043 = EDGE_CURVE('',#9044,#8924,#9046,.T.);
#9044 = VERTEX_POINT('',#9045);
#9045 = CARTESIAN_POINT('',(1.239191994752E-02,-7.840397407441E-03,
    -7.112E-03));
#9046 = SURFACE_CURVE('',#9047,(#9051,#9058),.PCURVE_S1.);
#9047 = LINE('',#9048,#9049);
#9048 = CARTESIAN_POINT('',(1.239191994752E-02,-7.840397407441E-03,
    -7.112E-03));
#9049 = VECTOR('',#9050,1.);
#9050 = DIRECTION('',(0.335757761378,0.941948366777,0.));
#9051 = PCURVE('',#9028,#9052);
#9052 = DEFINITIONAL_REPRESENTATION('',(#9053),#9057);
#9053 = LINE('',#9054,#9055);
#9054 = CARTESIAN_POINT('',(0.,-7.112E-03));
#9055 = VECTOR('',#9056,1.);
#9056 = DIRECTION('',(1.,0.));
#9057 = ( GEOMETRIC_REPRESENTATION_CONTEXT(2) 
PARAMETRIC_REPRESENTATION_CONTEXT() REPRESENTATION_CONTEXT('2D SPACE',''
  ) );
#9058 = PCURVE('',#8946,#9059);
#9059 = DEFINITIONAL_REPRESENTATION('',(#9060),#9064);
#9060 = LINE('',#9061,#9062);
#9061 = CARTESIAN_POINT('',(1.239191994752E-02,-7.840397407441E-03));
#9062 = VECTOR('',#9063,1.);
#9063 = DIRECTION('',(0.335757761378,0.941948366777));
#9064 = ( GEOMETRIC_REPRESENTATION_CONTEXT(2) 
PARAMETRIC_REPRESENTATION_CONTEXT() REPRESENTATION_CONTEXT('2D SPACE',''
  ) );
#9065 = ORIENTED_EDGE('',*,*,#9014,.F.);
#9066 = ORIENTED_EDGE('',*,*,#9067,.F.);
#9067 = EDGE_CURVE('',#9068,#8987,#9070,.T.);
#9068 = VERTEX_POINT('',#9069);
#9069 = CARTESIAN_POINT('',(1.239191994752E-02,-7.840397407441E-03,
    7.112E-03));
#9070 = SURFACE_CURVE('',#9071,(#9075,#9082),.PCURVE_S1.);
#9071 = LINE('',#9072,#9073);
#9072 = CARTESIAN_POINT('',(1.239191994752E-02,-7.840397407441E-03,
    7.112E-03));
#9073 = VECTOR('',#9074,1.);
#9074 = DIRECTION('',(0.335757761378,0.941948366777,0.));
#9075 = PCURVE('',#9028,#9076);
#9076 = DEFINITIONAL_REPRESENTATION('',(#9077),#9081);
#9077 = LINE('',#9078,#9079);
#9078 = CARTESIAN_POINT('',(0.,7.112E-03));
#9079 = VECTOR('',#9080,1.);
#9080 = DIRECTION('',(1.,0.));
#9081 = ( GEOMETRIC_REPRESENTATION_CONTEXT(2) 
PARAMETRIC_REPRESENTATION_CONTEXT() REPRESENTATION_CONTEXT('2D SPACE',''
  ) );
#9082 = PCURVE('',#9002,#9083);
#9083 = DEFINITIONAL_REPRESENTATION('',(#9084),#9088);
#9084 = LINE('',#9085,#9086);
#9085 = CARTESIAN_POINT('',(1.239191994752E-02,-7.840397407441E-03));
#9086 = VECTOR('',#9087,1.);
#9087 = DIRECTION('',(0.335757761378,0.941948366777));
#9088 = ( GEOMETRIC_REPRESENTATION_CONTEXT(2) 
PARAMETRIC_REPRESENTATION_CONTEXT() REPRESENTATION_CONTEXT('2D SPACE',''
  ) );
#9089 = ORIENTED_EDGE('',*,*,#9090,.T.);
#9090 = EDGE_CURVE('',#9068,#9044,#9091,.T.);
#9091 = SURFACE_CURVE('',#9092,(#9096,#9103),.PCURVE_S1.);
#9092 = LINE('',#9093,#9094);
#9093 = CARTESIAN_POINT('',(1.239191994752E-02,-7.840397407441E-03,
    7.112E-03));
#9094 = VECTOR('',#9095,1.);
#9095 = DIRECTION('',(0.,0.,-1.));
#9096 = PCURVE('',#9028,#9097);
#9097 = DEFINITIONAL_REPRESENTATION('',(#9098),#9102);
#9098 = LINE('',#9099,#9100);
#9099 = CARTESIAN_POINT('',(0.,7.112E-03));
#9100 = VECTOR('',#9101,1.);
#9101 = DIRECTION('',(0.,-1.));
#9102 = ( GEOMETRIC_REPRESENTATION_CONTEXT(2) 
PARAMETRIC_REPRESENTATION_CONTEXT() REPRESENTATION_CONTEXT('2D SPACE',''
  ) );
#9103 = PCURVE('',#9104,#9109);
#9104 = PLANE('',#9105);
#9105 = AXIS2_PLACEMENT_3D('',#9106,#9107,#9108);
#9106 = CARTESIAN_POINT('',(1.046567493198E-02,-1.046567493198E-02,0.));
#9107 = DIRECTION('',(0.806252436698,-0.591571642591,0.));
#9108 = DIRECTION('',(0.591571642591,0.806252436698,0.));
#9109 = DEFINITIONAL_REPRESENTATION('',(#9110),#9114);
#9110 = LINE('',#9111,#9112);
#9111 = CARTESIAN_POINT('',(3.256148329045E-03,7.112E-03));
#9112 = VECTOR('',#9113,1.);
#9113 = DIRECTION('',(0.,-1.));
#9114 = ( GEOMETRIC_REPRESENTATION_CONTEXT(2) 
PARAMETRIC_REPRESENTATION_CONTEXT() REPRESENTATION_CONTEXT('2D SPACE',''
  ) );
#9115 = ADVANCED_FACE('',(#9116),#9104,.T.);
#9116 = FACE_BOUND('',#9117,.T.);
#9117 = EDGE_LOOP('',(#9118,#9141,#9142,#9165));
#9118 = ORIENTED_EDGE('',*,*,#9119,.T.);
#9119 = EDGE_CURVE('',#9120,#9044,#9122,.T.);
#9120 = VERTEX_POINT('',#9121);
#9121 = CARTESIAN_POINT('',(1.046567493198E-02,-1.046567493198E-02,
    -7.112E-03));
#9122 = SURFACE_CURVE('',#9123,(#9127,#9134),.PCURVE_S1.);
#9123 = LINE('',#9124,#9125);
#9124 = CARTESIAN_POINT('',(1.046567493198E-02,-1.046567493198E-02,
    -7.112E-03));
#9125 = VECTOR('',#9126,1.);
#9126 = DIRECTION('',(0.591571642591,0.806252436698,0.));
#9127 = PCURVE('',#9104,#9128);
#9128 = DEFINITIONAL_REPRESENTATION('',(#9129),#9133);
#9129 = LINE('',#9130,#9131);
#9130 = CARTESIAN_POINT('',(0.,-7.112E-03));
#9131 = VECTOR('',#9132,1.);
#9132 = DIRECTION('',(1.,0.));
#9133 = ( GEOMETRIC_REPRESENTATION_CONTEXT(2) 
PARAMETRIC_REPRESENTATION_CONTEXT() REPRESENTATION_CONTEXT('2D SPACE',''
  ) );
#9134 = PCURVE('',#8946,#9135);
#9135 = DEFINITIONAL_REPRESENTATION('',(#9136),#9140);
#9136 = LINE('',#9137,#9138);
#9137 = CARTESIAN_POINT('',(1.046567493198E-02,-1.046567493198E-02));
#9138 = VECTOR('',#9139,1.);
#9139 = DIRECTION('',(0.591571642591,0.806252436698));
#9140 = ( GEOMETRIC_REPRESENTATION_CONTEXT(2) 
PARAMETRIC_REPRESENTATION_CONTEXT() REPRESENTATION_CONTEXT('2D SPACE',''
  ) );
#9141 = ORIENTED_EDGE('',*,*,#9090,.F.);
#9142 = ORIENTED_EDGE('',*,*,#9143,.F.);
#9143 = EDGE_CURVE('',#9144,#9068,#9146,.T.);
#9144 = VERTEX_POINT('',#9145);
#9145 = CARTESIAN_POINT('',(1.046567493198E-02,-1.046567493198E-02,
    7.112E-03));
#9146 = SURFACE_CURVE('',#9147,(#9151,#9158),.PCURVE_S1.);
#9147 = LINE('',#9148,#9149);
#9148 = CARTESIAN_POINT('',(1.046567493198E-02,-1.046567493198E-02,
    7.112E-03));
#9149 = VECTOR('',#9150,1.);
#9150 = DIRECTION('',(0.591571642591,0.806252436698,0.));
#9151 = PCURVE('',#9104,#9152);
#9152 = DEFINITIONAL_REPRESENTATION('',(#9153),#9157);
#9153 = LINE('',#9154,#9155);
#9154 = CARTESIAN_POINT('',(0.,7.112E-03));
#9155 = VECTOR('',#9156,1.);
#9156 = DIRECTION('',(1.,0.));
#9157 = ( GEOMETRIC_REPRESENTATION_CONTEXT(2) 
PARAMETRIC_REPRESENTATION_CONTEXT() REPRESENTATION_CONTEXT('2D SPACE',''
  ) );
#9158 = PCURVE('',#9002,#9159);
#9159 = DEFINITIONAL_REPRESENTATION('',(#9160),#9164);
#9160 = LINE('',#9161,#9162);
#9161 = CARTESIAN_POINT('',(1.046567493198E-02,-1.046567493198E-02));
#9162 = VECTOR('',#9163,1.);
#9163 = DIRECTION('',(0.591571642591,0.806252436698));
#9164 = ( GEOMETRIC_REPRESENTATION_CONTEXT(2) 
PARAMETRIC_REPRESENTATION_CONTEXT() REPRESENTATION_CONTEXT('2D SPACE',''
  ) );
#9165 = ORIENTED_EDGE('',*,*,#9166,.T.);
#9166 = EDGE_CURVE('',#9144,#9120,#9167,.T.);
#9167 = SURFACE_CURVE('',#9168,(#9172,#9179),.PCURVE_S1.);
#9168 = LINE('',#9169,#9170);
#9169 = CARTESIAN_POINT('',(1.046567493198E-02,-1.046567493198E-02,
    7.112E-03));
#9170 = VECTOR('',#9171,1.);
#9171 = DIRECTION('',(0.,0.,-1.));
#9172 = PCURVE('',#9104,#9173);
#9173 = DEFINITIONAL_REPRESENTATION('',(#9174),#9178);
#9174 = LINE('',#9175,#9176);
#9175 = CARTESIAN_POINT('',(0.,7.112E-03));
#9176 = VECTOR('',#9177,1.);
#9177 = DIRECTION('',(0.,-1.));
#9178 = ( GEOMETRIC_REPRESENTATION_CONTEXT(2) 
PARAMETRIC_REPRESENTATION_CONTEXT() REPRESENTATION_CONTEXT('2D SPACE',''
  ) );
#9179 = PCURVE('',#9180,#9185);
#9180 = PLANE('',#9181);
#9181 = AXIS2_PLACEMENT_3D('',#9182,#9183,#9184);
#9182 = CARTESIAN_POINT('',(7.840397407441E-03,-1.239191994752E-02,0.));
#9183 = DIRECTION('',(0.591571642591,-0.806252436698,0.));
#9184 = DIRECTION('',(0.806252436698,0.591571642591,0.));
#9185 = DEFINITIONAL_REPRESENTATION('',(#9186),#9190);
#9186 = LINE('',#9187,#9188);
#9187 = CARTESIAN_POINT('',(3.256148329045E-03,7.112E-03));
#9188 = VECTOR('',#9189,1.);
#9189 = DIRECTION('',(0.,-1.));
#9190 = ( GEOMETRIC_REPRESENTATION_CONTEXT(2) 
PARAMETRIC_REPRESENTATION_CONTEXT() REPRESENTATION_CONTEXT('2D SPACE',''
  ) );
#9191 = ADVANCED_FACE('',(#9192),#9180,.T.);
#9192 = FACE_BOUND('',#9193,.T.);
#9193 = EDGE_LOOP('',(#9194,#9224,#9245,#9246));
#9194 = ORIENTED_EDGE('',*,*,#9195,.F.);
#9195 = EDGE_CURVE('',#9196,#9198,#9200,.T.);
#9196 = VERTEX_POINT('',#9197);
#9197 = CARTESIAN_POINT('',(7.840397407441E-03,-1.239191994752E-02,
    -7.112E-03));
#9198 = VERTEX_POINT('',#9199);
#9199 = CARTESIAN_POINT('',(7.840397407441E-03,-1.239191994752E-02,
    7.112E-03));
#9200 = SURFACE_CURVE('',#9201,(#9205,#9212),.PCURVE_S1.);
#9201 = LINE('',#9202,#9203);
#9202 = CARTESIAN_POINT('',(7.840397407441E-03,-1.239191994752E-02,
    -7.112E-03));
#9203 = VECTOR('',#9204,1.);
#9204 = DIRECTION('',(0.,0.,1.));
#9205 = PCURVE('',#9180,#9206);
#9206 = DEFINITIONAL_REPRESENTATION('',(#9207),#9211);
#9207 = LINE('',#9208,#9209);
#9208 = CARTESIAN_POINT('',(0.,-7.112E-03));
#9209 = VECTOR('',#9210,1.);
#9210 = DIRECTION('',(0.,1.));
#9211 = ( GEOMETRIC_REPRESENTATION_CONTEXT(2) 
PARAMETRIC_REPRESENTATION_CONTEXT() REPRESENTATION_CONTEXT('2D SPACE',''
  ) );
#9212 = PCURVE('',#9213,#9218);
#9213 = PLANE('',#9214);
#9214 = AXIS2_PLACEMENT_3D('',#9215,#9216,#9217);
#9215 = CARTESIAN_POINT('',(4.529253183503E-03,-1.357217824133E-02,0.));
#9216 = DIRECTION('',(0.335757761378,-0.941948366777,0.));
#9217 = DIRECTION('',(0.941948366777,0.335757761378,0.));
#9218 = DEFINITIONAL_REPRESENTATION('',(#9219),#9223);
#9219 = LINE('',#9220,#9221);
#9220 = CARTESIAN_POINT('',(3.515207776479E-03,-7.112E-03));
#9221 = VECTOR('',#9222,1.);
#9222 = DIRECTION('',(0.,1.));
#9223 = ( GEOMETRIC_REPRESENTATION_CONTEXT(2) 
PARAMETRIC_REPRESENTATION_CONTEXT() REPRESENTATION_CONTEXT('2D SPACE',''
  ) );
#9224 = ORIENTED_EDGE('',*,*,#9225,.T.);
#9225 = EDGE_CURVE('',#9196,#9120,#9226,.T.);
#9226 = SURFACE_CURVE('',#9227,(#9231,#9238),.PCURVE_S1.);
#9227 = LINE('',#9228,#9229);
#9228 = CARTESIAN_POINT('',(7.840397407441E-03,-1.239191994752E-02,
    -7.112E-03));
#9229 = VECTOR('',#9230,1.);
#9230 = DIRECTION('',(0.806252436698,0.591571642591,0.));
#9231 = PCURVE('',#9180,#9232);
#9232 = DEFINITIONAL_REPRESENTATION('',(#9233),#9237);
#9233 = LINE('',#9234,#9235);
#9234 = CARTESIAN_POINT('',(0.,-7.112E-03));
#9235 = VECTOR('',#9236,1.);
#9236 = DIRECTION('',(1.,0.));
#9237 = ( GEOMETRIC_REPRESENTATION_CONTEXT(2) 
PARAMETRIC_REPRESENTATION_CONTEXT() REPRESENTATION_CONTEXT('2D SPACE',''
  ) );
#9238 = PCURVE('',#8946,#9239);
#9239 = DEFINITIONAL_REPRESENTATION('',(#9240),#9244);
#9240 = LINE('',#9241,#9242);
#9241 = CARTESIAN_POINT('',(7.840397407441E-03,-1.239191994752E-02));
#9242 = VECTOR('',#9243,1.);
#9243 = DIRECTION('',(0.806252436698,0.591571642591));
#9244 = ( GEOMETRIC_REPRESENTATION_CONTEXT(2) 
PARAMETRIC_REPRESENTATION_CONTEXT() REPRESENTATION_CONTEXT('2D SPACE',''
  ) );
#9245 = ORIENTED_EDGE('',*,*,#9166,.F.);
#9246 = ORIENTED_EDGE('',*,*,#9247,.F.);
#9247 = EDGE_CURVE('',#9198,#9144,#9248,.T.);
#9248 = SURFACE_CURVE('',#9249,(#9253,#9260),.PCURVE_S1.);
#9249 = LINE('',#9250,#9251);
#9250 = CARTESIAN_POINT('',(7.840397407441E-03,-1.239191994752E-02,
    7.112E-03));
#9251 = VECTOR('',#9252,1.);
#9252 = DIRECTION('',(0.806252436698,0.591571642591,0.));
#9253 = PCURVE('',#9180,#9254);
#9254 = DEFINITIONAL_REPRESENTATION('',(#9255),#9259);
#9255 = LINE('',#9256,#9257);
#9256 = CARTESIAN_POINT('',(0.,7.112E-03));
#9257 = VECTOR('',#9258,1.);
#9258 = DIRECTION('',(1.,0.));
#9259 = ( GEOMETRIC_REPRESENTATION_CONTEXT(2) 
PARAMETRIC_REPRESENTATION_CONTEXT() REPRESENTATION_CONTEXT('2D SPACE',''
  ) );
#9260 = PCURVE('',#9002,#9261);
#9261 = DEFINITIONAL_REPRESENTATION('',(#9262),#9266);
#9262 = LINE('',#9263,#9264);
#9263 = CARTESIAN_POINT('',(7.840397407441E-03,-1.239191994752E-02));
#9264 = VECTOR('',#9265,1.);
#9265 = DIRECTION('',(0.806252436698,0.591571642591));
#9266 = ( GEOMETRIC_REPRESENTATION_CONTEXT(2) 
PARAMETRIC_REPRESENTATION_CONTEXT() REPRESENTATION_CONTEXT('2D SPACE',''
  ) );
#9267 = ADVANCED_FACE('',(#9268),#9213,.T.);
#9268 = FACE_BOUND('',#9269,.T.);
#9269 = EDGE_LOOP('',(#9270,#9300,#9321,#9322));
#9270 = ORIENTED_EDGE('',*,*,#9271,.F.);
#9271 = EDGE_CURVE('',#9272,#9274,#9276,.T.);
#9272 = VERTEX_POINT('',#9273);
#9273 = CARTESIAN_POINT('',(4.529253183503E-03,-1.357217824133E-02,
    -7.112E-03));
#9274 = VERTEX_POINT('',#9275);
#9275 = CARTESIAN_POINT('',(4.529253183503E-03,-1.357217824133E-02,
    7.112E-03));
#9276 = SURFACE_CURVE('',#9277,(#9281,#9288),.PCURVE_S1.);
#9277 = LINE('',#9278,#9279);
#9278 = CARTESIAN_POINT('',(4.529253183503E-03,-1.357217824133E-02,
    -7.112E-03));
#9279 = VECTOR('',#9280,1.);
#9280 = DIRECTION('',(0.,0.,1.));
#9281 = PCURVE('',#9213,#9282);
#9282 = DEFINITIONAL_REPRESENTATION('',(#9283),#9287);
#9283 = LINE('',#9284,#9285);
#9284 = CARTESIAN_POINT('',(0.,-7.112E-03));
#9285 = VECTOR('',#9286,1.);
#9286 = DIRECTION('',(0.,1.));
#9287 = ( GEOMETRIC_REPRESENTATION_CONTEXT(2) 
PARAMETRIC_REPRESENTATION_CONTEXT() REPRESENTATION_CONTEXT('2D SPACE',''
  ) );
#9288 = PCURVE('',#9289,#9294);
#9289 = PLANE('',#9290);
#9290 = AXIS2_PLACEMENT_3D('',#9291,#9292,#9293);
#9291 = CARTESIAN_POINT('',(-1.076336740567E-15,-1.397E-02,0.));
#9292 = DIRECTION('',(8.749699126333E-02,-0.996164783818,0.));
#9293 = DIRECTION('',(0.996164783818,8.749699126333E-02,0.));
#9294 = DEFINITIONAL_REPRESENTATION('',(#9295),#9299);
#9295 = LINE('',#9296,#9297);
#9296 = CARTESIAN_POINT('',(4.546690725347E-03,-7.112E-03));
#9297 = VECTOR('',#9298,1.);
#9298 = DIRECTION('',(0.,1.));
#9299 = ( GEOMETRIC_REPRESENTATION_CONTEXT(2) 
PARAMETRIC_REPRESENTATION_CONTEXT() REPRESENTATION_CONTEXT('2D SPACE',''
  ) );
#9300 = ORIENTED_EDGE('',*,*,#9301,.T.);
#9301 = EDGE_CURVE('',#9272,#9196,#9302,.T.);
#9302 = SURFACE_CURVE('',#9303,(#9307,#9314),.PCURVE_S1.);
#9303 = LINE('',#9304,#9305);
#9304 = CARTESIAN_POINT('',(4.529253183503E-03,-1.357217824133E-02,
    -7.112E-03));
#9305 = VECTOR('',#9306,1.);
#9306 = DIRECTION('',(0.941948366777,0.335757761378,0.));
#9307 = PCURVE('',#9213,#9308);
#9308 = DEFINITIONAL_REPRESENTATION('',(#9309),#9313);
#9309 = LINE('',#9310,#9311);
#9310 = CARTESIAN_POINT('',(0.,-7.112E-03));
#9311 = VECTOR('',#9312,1.);
#9312 = DIRECTION('',(1.,0.));
#9313 = ( GEOMETRIC_REPRESENTATION_CONTEXT(2) 
PARAMETRIC_REPRESENTATION_CONTEXT() REPRESENTATION_CONTEXT('2D SPACE',''
  ) );
#9314 = PCURVE('',#8946,#9315);
#9315 = DEFINITIONAL_REPRESENTATION('',(#9316),#9320);
#9316 = LINE('',#9317,#9318);
#9317 = CARTESIAN_POINT('',(4.529253183503E-03,-1.357217824133E-02));
#9318 = VECTOR('',#9319,1.);
#9319 = DIRECTION('',(0.941948366777,0.335757761378));
#9320 = ( GEOMETRIC_REPRESENTATION_CONTEXT(2) 
PARAMETRIC_REPRESENTATION_CONTEXT() REPRESENTATION_CONTEXT('2D SPACE',''
  ) );
#9321 = ORIENTED_EDGE('',*,*,#9195,.T.);
#9322 = ORIENTED_EDGE('',*,*,#9323,.F.);
#9323 = EDGE_CURVE('',#9274,#9198,#9324,.T.);
#9324 = SURFACE_CURVE('',#9325,(#9329,#9336),.PCURVE_S1.);
#9325 = LINE('',#9326,#9327);
#9326 = CARTESIAN_POINT('',(4.529253183503E-03,-1.357217824133E-02,
    7.112E-03));
#9327 = VECTOR('',#9328,1.);
#9328 = DIRECTION('',(0.941948366777,0.335757761378,0.));
#9329 = PCURVE('',#9213,#9330);
#9330 = DEFINITIONAL_REPRESENTATION('',(#9331),#9335);
#9331 = LINE('',#9332,#9333);
#9332 = CARTESIAN_POINT('',(0.,7.112E-03));
#9333 = VECTOR('',#9334,1.);
#9334 = DIRECTION('',(1.,0.));
#9335 = ( GEOMETRIC_REPRESENTATION_CONTEXT(2) 
PARAMETRIC_REPRESENTATION_CONTEXT() REPRESENTATION_CONTEXT('2D SPACE',''
  ) );
#9336 = PCURVE('',#9002,#9337);
#9337 = DEFINITIONAL_REPRESENTATION('',(#9338),#9342);
#9338 = LINE('',#9339,#9340);
#9339 = CARTESIAN_POINT('',(4.529253183503E-03,-1.357217824133E-02));
#9340 = VECTOR('',#9341,1.);
#9341 = DIRECTION('',(0.941948366777,0.335757761378));
#9342 = ( GEOMETRIC_REPRESENTATION_CONTEXT(2) 
PARAMETRIC_REPRESENTATION_CONTEXT() REPRESENTATION_CONTEXT('2D SPACE',''
  ) );
#9343 = ADVANCED_FACE('',(#9344),#9289,.T.);
#9344 = FACE_BOUND('',#9345,.T.);
#9345 = EDGE_LOOP('',(#9346,#9376,#9397,#9398));
#9346 = ORIENTED_EDGE('',*,*,#9347,.F.);
#9347 = EDGE_CURVE('',#9348,#9350,#9352,.T.);
#9348 = VERTEX_POINT('',#9349);
#9349 = CARTESIAN_POINT('',(-1.076336740567E-15,-1.397E-02,-7.112E-03));
#9350 = VERTEX_POINT('',#9351);
#9351 = CARTESIAN_POINT('',(-1.076336740567E-15,-1.397E-02,7.112E-03));
#9352 = SURFACE_CURVE('',#9353,(#9357,#9364),.PCURVE_S1.);
#9353 = LINE('',#9354,#9355);
#9354 = CARTESIAN_POINT('',(-1.076336740567E-15,-1.397E-02,-7.112E-03));
#9355 = VECTOR('',#9356,1.);
#9356 = DIRECTION('',(0.,0.,1.));
#9357 = PCURVE('',#9289,#9358);
#9358 = DEFINITIONAL_REPRESENTATION('',(#9359),#9363);
#9359 = LINE('',#9360,#9361);
#9360 = CARTESIAN_POINT('',(0.,-7.112E-03));
#9361 = VECTOR('',#9362,1.);
#9362 = DIRECTION('',(0.,1.));
#9363 = ( GEOMETRIC_REPRESENTATION_CONTEXT(2) 
PARAMETRIC_REPRESENTATION_CONTEXT() REPRESENTATION_CONTEXT('2D SPACE',''
  ) );
#9364 = PCURVE('',#9365,#9370);
#9365 = PLANE('',#9366);
#9366 = AXIS2_PLACEMENT_3D('',#9367,#9368,#9369);
#9367 = CARTESIAN_POINT('',(-4.529253183503E-03,-1.357217824133E-02,0.)
  );
#9368 = DIRECTION('',(-8.749699126337E-02,-0.996164783818,0.));
#9369 = DIRECTION('',(0.996164783818,-8.749699126337E-02,0.));
#9370 = DEFINITIONAL_REPRESENTATION('',(#9371),#9375);
#9371 = LINE('',#9372,#9373);
#9372 = CARTESIAN_POINT('',(4.546690725345E-03,-7.112E-03));
#9373 = VECTOR('',#9374,1.);
#9374 = DIRECTION('',(0.,1.));
#9375 = ( GEOMETRIC_REPRESENTATION_CONTEXT(2) 
PARAMETRIC_REPRESENTATION_CONTEXT() REPRESENTATION_CONTEXT('2D SPACE',''
  ) );
#9376 = ORIENTED_EDGE('',*,*,#9377,.T.);
#9377 = EDGE_CURVE('',#9348,#9272,#9378,.T.);
#9378 = SURFACE_CURVE('',#9379,(#9383,#9390),.PCURVE_S1.);
#9379 = LINE('',#9380,#9381);
#9380 = CARTESIAN_POINT('',(-1.076336740567E-15,-1.397E-02,-7.112E-03));
#9381 = VECTOR('',#9382,1.);
#9382 = DIRECTION('',(0.996164783818,8.749699126333E-02,0.));
#9383 = PCURVE('',#9289,#9384);
#9384 = DEFINITIONAL_REPRESENTATION('',(#9385),#9389);
#9385 = LINE('',#9386,#9387);
#9386 = CARTESIAN_POINT('',(0.,-7.112E-03));
#9387 = VECTOR('',#9388,1.);
#9388 = DIRECTION('',(1.,0.));
#9389 = ( GEOMETRIC_REPRESENTATION_CONTEXT(2) 
PARAMETRIC_REPRESENTATION_CONTEXT() REPRESENTATION_CONTEXT('2D SPACE',''
  ) );
#9390 = PCURVE('',#8946,#9391);
#9391 = DEFINITIONAL_REPRESENTATION('',(#9392),#9396);
#9392 = LINE('',#9393,#9394);
#9393 = CARTESIAN_POINT('',(-1.076411579712E-15,-1.397E-02));
#9394 = VECTOR('',#9395,1.);
#9395 = DIRECTION('',(0.996164783818,8.749699126333E-02));
#9396 = ( GEOMETRIC_REPRESENTATION_CONTEXT(2) 
PARAMETRIC_REPRESENTATION_CONTEXT() REPRESENTATION_CONTEXT('2D SPACE',''
  ) );
#9397 = ORIENTED_EDGE('',*,*,#9271,.T.);
#9398 = ORIENTED_EDGE('',*,*,#9399,.F.);
#9399 = EDGE_CURVE('',#9350,#9274,#9400,.T.);
#9400 = SURFACE_CURVE('',#9401,(#9405,#9412),.PCURVE_S1.);
#9401 = LINE('',#9402,#9403);
#9402 = CARTESIAN_POINT('',(-1.076336740567E-15,-1.397E-02,7.112E-03));
#9403 = VECTOR('',#9404,1.);
#9404 = DIRECTION('',(0.996164783818,8.749699126333E-02,0.));
#9405 = PCURVE('',#9289,#9406);
#9406 = DEFINITIONAL_REPRESENTATION('',(#9407),#9411);
#9407 = LINE('',#9408,#9409);
#9408 = CARTESIAN_POINT('',(0.,7.112E-03));
#9409 = VECTOR('',#9410,1.);
#9410 = DIRECTION('',(1.,0.));
#9411 = ( GEOMETRIC_REPRESENTATION_CONTEXT(2) 
PARAMETRIC_REPRESENTATION_CONTEXT() REPRESENTATION_CONTEXT('2D SPACE',''
  ) );
#9412 = PCURVE('',#9002,#9413);
#9413 = DEFINITIONAL_REPRESENTATION('',(#9414),#9418);
#9414 = LINE('',#9415,#9416);
#9415 = CARTESIAN_POINT('',(-1.076411579712E-15,-1.397E-02));
#9416 = VECTOR('',#9417,1.);
#9417 = DIRECTION('',(0.996164783818,8.749699126333E-02));
#9418 = ( GEOMETRIC_REPRESENTATION_CONTEXT(2) 
PARAMETRIC_REPRESENTATION_CONTEXT() REPRESENTATION_CONTEXT('2D SPACE',''
  ) );
#9419 = ADVANCED_FACE('',(#9420),#9365,.T.);
#9420 = FACE_BOUND('',#9421,.T.);
#9421 = EDGE_LOOP('',(#9422,#9452,#9473,#9474));
#9422 = ORIENTED_EDGE('',*,*,#9423,.F.);
#9423 = EDGE_CURVE('',#9424,#9426,#9428,.T.);
#9424 = VERTEX_POINT('',#9425);
#9425 = CARTESIAN_POINT('',(-4.529253183503E-03,-1.357217824133E-02,
    -7.112E-03));
#9426 = VERTEX_POINT('',#9427);
#9427 = CARTESIAN_POINT('',(-4.529253183503E-03,-1.357217824133E-02,
    7.112E-03));
#9428 = SURFACE_CURVE('',#9429,(#9433,#9440),.PCURVE_S1.);
#9429 = LINE('',#9430,#9431);
#9430 = CARTESIAN_POINT('',(-4.529253183503E-03,-1.357217824133E-02,
    -7.112E-03));
#9431 = VECTOR('',#9432,1.);
#9432 = DIRECTION('',(0.,0.,1.));
#9433 = PCURVE('',#9365,#9434);
#9434 = DEFINITIONAL_REPRESENTATION('',(#9435),#9439);
#9435 = LINE('',#9436,#9437);
#9436 = CARTESIAN_POINT('',(0.,-7.112E-03));
#9437 = VECTOR('',#9438,1.);
#9438 = DIRECTION('',(0.,1.));
#9439 = ( GEOMETRIC_REPRESENTATION_CONTEXT(2) 
PARAMETRIC_REPRESENTATION_CONTEXT() REPRESENTATION_CONTEXT('2D SPACE',''
  ) );
#9440 = PCURVE('',#9441,#9446);
#9441 = PLANE('',#9442);
#9442 = AXIS2_PLACEMENT_3D('',#9443,#9444,#9445);
#9443 = CARTESIAN_POINT('',(-7.840397407441E-03,-1.239191994752E-02,0.)
  );
#9444 = DIRECTION('',(-0.335757761378,-0.941948366777,0.));
#9445 = DIRECTION('',(0.941948366777,-0.335757761378,0.));
#9446 = DEFINITIONAL_REPRESENTATION('',(#9447),#9451);
#9447 = LINE('',#9448,#9449);
#9448 = CARTESIAN_POINT('',(3.515207776479E-03,-7.112E-03));
#9449 = VECTOR('',#9450,1.);
#9450 = DIRECTION('',(0.,1.));
#9451 = ( GEOMETRIC_REPRESENTATION_CONTEXT(2) 
PARAMETRIC_REPRESENTATION_CONTEXT() REPRESENTATION_CONTEXT('2D SPACE',''
  ) );
#9452 = ORIENTED_EDGE('',*,*,#9453,.T.);
#9453 = EDGE_CURVE('',#9424,#9348,#9454,.T.);
#9454 = SURFACE_CURVE('',#9455,(#9459,#9466),.PCURVE_S1.);
#9455 = LINE('',#9456,#9457);
#9456 = CARTESIAN_POINT('',(-4.529253183503E-03,-1.357217824133E-02,
    -7.112E-03));
#9457 = VECTOR('',#9458,1.);
#9458 = DIRECTION('',(0.996164783818,-8.749699126337E-02,0.));
#9459 = PCURVE('',#9365,#9460);
#9460 = DEFINITIONAL_REPRESENTATION('',(#9461),#9465);
#9461 = LINE('',#9462,#9463);
#9462 = CARTESIAN_POINT('',(0.,-7.112E-03));
#9463 = VECTOR('',#9464,1.);
#9464 = DIRECTION('',(1.,0.));
#9465 = ( GEOMETRIC_REPRESENTATION_CONTEXT(2) 
PARAMETRIC_REPRESENTATION_CONTEXT() REPRESENTATION_CONTEXT('2D SPACE',''
  ) );
#9466 = PCURVE('',#8946,#9467);
#9467 = DEFINITIONAL_REPRESENTATION('',(#9468),#9472);
#9468 = LINE('',#9469,#9470);
#9469 = CARTESIAN_POINT('',(-4.529253183503E-03,-1.357217824133E-02));
#9470 = VECTOR('',#9471,1.);
#9471 = DIRECTION('',(0.996164783818,-8.749699126337E-02));
#9472 = ( GEOMETRIC_REPRESENTATION_CONTEXT(2) 
PARAMETRIC_REPRESENTATION_CONTEXT() REPRESENTATION_CONTEXT('2D SPACE',''
  ) );
#9473 = ORIENTED_EDGE('',*,*,#9347,.T.);
#9474 = ORIENTED_EDGE('',*,*,#9475,.F.);
#9475 = EDGE_CURVE('',#9426,#9350,#9476,.T.);
#9476 = SURFACE_CURVE('',#9477,(#9481,#9488),.PCURVE_S1.);
#9477 = LINE('',#9478,#9479);
#9478 = CARTESIAN_POINT('',(-4.529253183503E-03,-1.357217824133E-02,
    7.112E-03));
#9479 = VECTOR('',#9480,1.);
#9480 = DIRECTION('',(0.996164783818,-8.749699126337E-02,0.));
#9481 = PCURVE('',#9365,#9482);
#9482 = DEFINITIONAL_REPRESENTATION('',(#9483),#9487);
#9483 = LINE('',#9484,#9485);
#9484 = CARTESIAN_POINT('',(0.,7.112E-03));
#9485 = VECTOR('',#9486,1.);
#9486 = DIRECTION('',(1.,0.));
#9487 = ( GEOMETRIC_REPRESENTATION_CONTEXT(2) 
PARAMETRIC_REPRESENTATION_CONTEXT() REPRESENTATION_CONTEXT('2D SPACE',''
  ) );
#9488 = PCURVE('',#9002,#9489);
#9489 = DEFINITIONAL_REPRESENTATION('',(#9490),#9494);
#9490 = LINE('',#9491,#9492);
#9491 = CARTESIAN_POINT('',(-4.529253183503E-03,-1.357217824133E-02));
#9492 = VECTOR('',#9493,1.);
#9493 = DIRECTION('',(0.996164783818,-8.749699126337E-02));
#9494 = ( GEOMETRIC_REPRESENTATION_CONTEXT(2) 
PARAMETRIC_REPRESENTATION_CONTEXT() REPRESENTATION_CONTEXT('2D SPACE',''
  ) );
#9495 = ADVANCED_FACE('',(#9496),#9441,.T.);
#9496 = FACE_BOUND('',#9497,.T.);
#9497 = EDGE_LOOP('',(#9498,#9528,#9549,#9550));
#9498 = ORIENTED_EDGE('',*,*,#9499,.F.);
#9499 = EDGE_CURVE('',#9500,#9502,#9504,.T.);
#9500 = VERTEX_POINT('',#9501);
#9501 = CARTESIAN_POINT('',(-7.840397407441E-03,-1.239191994752E-02,
    -7.112E-03));
#9502 = VERTEX_POINT('',#9503);
#9503 = CARTESIAN_POINT('',(-7.840397407441E-03,-1.239191994752E-02,
    7.112E-03));
#9504 = SURFACE_CURVE('',#9505,(#9509,#9516),.PCURVE_S1.);
#9505 = LINE('',#9506,#9507);
#9506 = CARTESIAN_POINT('',(-7.840397407441E-03,-1.239191994752E-02,
    -7.112E-03));
#9507 = VECTOR('',#9508,1.);
#9508 = DIRECTION('',(0.,0.,1.));
#9509 = PCURVE('',#9441,#9510);
#9510 = DEFINITIONAL_REPRESENTATION('',(#9511),#9515);
#9511 = LINE('',#9512,#9513);
#9512 = CARTESIAN_POINT('',(0.,-7.112E-03));
#9513 = VECTOR('',#9514,1.);
#9514 = DIRECTION('',(0.,1.));
#9515 = ( GEOMETRIC_REPRESENTATION_CONTEXT(2) 
PARAMETRIC_REPRESENTATION_CONTEXT() REPRESENTATION_CONTEXT('2D SPACE',''
  ) );
#9516 = PCURVE('',#9517,#9522);
#9517 = PLANE('',#9518);
#9518 = AXIS2_PLACEMENT_3D('',#9519,#9520,#9521);
#9519 = CARTESIAN_POINT('',(-1.046567493198E-02,-1.046567493198E-02,0.)
  );
#9520 = DIRECTION('',(-0.591571642591,-0.806252436698,0.));
#9521 = DIRECTION('',(0.806252436698,-0.591571642591,0.));
#9522 = DEFINITIONAL_REPRESENTATION('',(#9523),#9527);
#9523 = LINE('',#9524,#9525);
#9524 = CARTESIAN_POINT('',(3.256148329045E-03,-7.112E-03));
#9525 = VECTOR('',#9526,1.);
#9526 = DIRECTION('',(0.,1.));
#9527 = ( GEOMETRIC_REPRESENTATION_CONTEXT(2) 
PARAMETRIC_REPRESENTATION_CONTEXT() REPRESENTATION_CONTEXT('2D SPACE',''
  ) );
#9528 = ORIENTED_EDGE('',*,*,#9529,.T.);
#9529 = EDGE_CURVE('',#9500,#9424,#9530,.T.);
#9530 = SURFACE_CURVE('',#9531,(#9535,#9542),.PCURVE_S1.);
#9531 = LINE('',#9532,#9533);
#9532 = CARTESIAN_POINT('',(-7.840397407441E-03,-1.239191994752E-02,
    -7.112E-03));
#9533 = VECTOR('',#9534,1.);
#9534 = DIRECTION('',(0.941948366777,-0.335757761378,0.));
#9535 = PCURVE('',#9441,#9536);
#9536 = DEFINITIONAL_REPRESENTATION('',(#9537),#9541);
#9537 = LINE('',#9538,#9539);
#9538 = CARTESIAN_POINT('',(0.,-7.112E-03));
#9539 = VECTOR('',#9540,1.);
#9540 = DIRECTION('',(1.,0.));
#9541 = ( GEOMETRIC_REPRESENTATION_CONTEXT(2) 
PARAMETRIC_REPRESENTATION_CONTEXT() REPRESENTATION_CONTEXT('2D SPACE',''
  ) );
#9542 = PCURVE('',#8946,#9543);
#9543 = DEFINITIONAL_REPRESENTATION('',(#9544),#9548);
#9544 = LINE('',#9545,#9546);
#9545 = CARTESIAN_POINT('',(-7.840397407441E-03,-1.239191994752E-02));
#9546 = VECTOR('',#9547,1.);
#9547 = DIRECTION('',(0.941948366777,-0.335757761378));
#9548 = ( GEOMETRIC_REPRESENTATION_CONTEXT(2) 
PARAMETRIC_REPRESENTATION_CONTEXT() REPRESENTATION_CONTEXT('2D SPACE',''
  ) );
#9549 = ORIENTED_EDGE('',*,*,#9423,.T.);
#9550 = ORIENTED_EDGE('',*,*,#9551,.F.);
#9551 = EDGE_CURVE('',#9502,#9426,#9552,.T.);
#9552 = SURFACE_CURVE('',#9553,(#9557,#9564),.PCURVE_S1.);
#9553 = LINE('',#9554,#9555);
#9554 = CARTESIAN_POINT('',(-7.840397407441E-03,-1.239191994752E-02,
    7.112E-03));
#9555 = VECTOR('',#9556,1.);
#9556 = DIRECTION('',(0.941948366777,-0.335757761378,0.));
#9557 = PCURVE('',#9441,#9558);
#9558 = DEFINITIONAL_REPRESENTATION('',(#9559),#9563);
#9559 = LINE('',#9560,#9561);
#9560 = CARTESIAN_POINT('',(0.,7.112E-03));
#9561 = VECTOR('',#9562,1.);
#9562 = DIRECTION('',(1.,0.));
#9563 = ( GEOMETRIC_REPRESENTATION_CONTEXT(2) 
PARAMETRIC_REPRESENTATION_CONTEXT() REPRESENTATION_CONTEXT('2D SPACE',''
  ) );
#9564 = PCURVE('',#9002,#9565);
#9565 = DEFINITIONAL_REPRESENTATION('',(#9566),#9570);
#9566 = LINE('',#9567,#9568);
#9567 = CARTESIAN_POINT('',(-7.840397407441E-03,-1.239191994752E-02));
#9568 = VECTOR('',#9569,1.);
#9569 = DIRECTION('',(0.941948366777,-0.335757761378));
#9570 = ( GEOMETRIC_REPRESENTATION_CONTEXT(2) 
PARAMETRIC_REPRESENTATION_CONTEXT() REPRESENTATION_CONTEXT('2D SPACE',''
  ) );
#9571 = ADVANCED_FACE('',(#9572),#9517,.T.);
#9572 = FACE_BOUND('',#9573,.T.);
#9573 = EDGE_LOOP('',(#9574,#9604,#9625,#9626));
#9574 = ORIENTED_EDGE('',*,*,#9575,.F.);
#9575 = EDGE_CURVE('',#9576,#9578,#9580,.T.);
#9576 = VERTEX_POINT('',#9577);
#9577 = CARTESIAN_POINT('',(-1.046567493198E-02,-1.046567493198E-02,
    -7.112E-03));
#9578 = VERTEX_POINT('',#9579);
#9579 = CARTESIAN_POINT('',(-1.046567493198E-02,-1.046567493198E-02,
    7.112E-03));
#9580 = SURFACE_CURVE('',#9581,(#9585,#9592),.PCURVE_S1.);
#9581 = LINE('',#9582,#9583);
#9582 = CARTESIAN_POINT('',(-1.046567493198E-02,-1.046567493198E-02,
    -7.112E-03));
#9583 = VECTOR('',#9584,1.);
#9584 = DIRECTION('',(0.,0.,1.));
#9585 = PCURVE('',#9517,#9586);
#9586 = DEFINITIONAL_REPRESENTATION('',(#9587),#9591);
#9587 = LINE('',#9588,#9589);
#9588 = CARTESIAN_POINT('',(0.,-7.112E-03));
#9589 = VECTOR('',#9590,1.);
#9590 = DIRECTION('',(0.,1.));
#9591 = ( GEOMETRIC_REPRESENTATION_CONTEXT(2) 
PARAMETRIC_REPRESENTATION_CONTEXT() REPRESENTATION_CONTEXT('2D SPACE',''
  ) );
#9592 = PCURVE('',#9593,#9598);
#9593 = PLANE('',#9594);
#9594 = AXIS2_PLACEMENT_3D('',#9595,#9596,#9597);
#9595 = CARTESIAN_POINT('',(-1.239191994752E-02,-7.840397407441E-03,0.)
  );
#9596 = DIRECTION('',(-0.806252436698,-0.591571642591,0.));
#9597 = DIRECTION('',(0.591571642591,-0.806252436698,0.));
#9598 = DEFINITIONAL_REPRESENTATION('',(#9599),#9603);
#9599 = LINE('',#9600,#9601);
#9600 = CARTESIAN_POINT('',(3.256148329045E-03,-7.112E-03));
#9601 = VECTOR('',#9602,1.);
#9602 = DIRECTION('',(0.,1.));
#9603 = ( GEOMETRIC_REPRESENTATION_CONTEXT(2) 
PARAMETRIC_REPRESENTATION_CONTEXT() REPRESENTATION_CONTEXT('2D SPACE',''
  ) );
#9604 = ORIENTED_EDGE('',*,*,#9605,.T.);
#9605 = EDGE_CURVE('',#9576,#9500,#9606,.T.);
#9606 = SURFACE_CURVE('',#9607,(#9611,#9618),.PCURVE_S1.);
#9607 = LINE('',#9608,#9609);
#9608 = CARTESIAN_POINT('',(-1.046567493198E-02,-1.046567493198E-02,
    -7.112E-03));
#9609 = VECTOR('',#9610,1.);
#9610 = DIRECTION('',(0.806252436698,-0.591571642591,0.));
#9611 = PCURVE('',#9517,#9612);
#9612 = DEFINITIONAL_REPRESENTATION('',(#9613),#9617);
#9613 = LINE('',#9614,#9615);
#9614 = CARTESIAN_POINT('',(0.,-7.112E-03));
#9615 = VECTOR('',#9616,1.);
#9616 = DIRECTION('',(1.,0.));
#9617 = ( GEOMETRIC_REPRESENTATION_CONTEXT(2) 
PARAMETRIC_REPRESENTATION_CONTEXT() REPRESENTATION_CONTEXT('2D SPACE',''
  ) );
#9618 = PCURVE('',#8946,#9619);
#9619 = DEFINITIONAL_REPRESENTATION('',(#9620),#9624);
#9620 = LINE('',#9621,#9622);
#9621 = CARTESIAN_POINT('',(-1.046567493198E-02,-1.046567493198E-02));
#9622 = VECTOR('',#9623,1.);
#9623 = DIRECTION('',(0.806252436698,-0.591571642591));
#9624 = ( GEOMETRIC_REPRESENTATION_CONTEXT(2) 
PARAMETRIC_REPRESENTATION_CONTEXT() REPRESENTATION_CONTEXT('2D SPACE',''
  ) );
#9625 = ORIENTED_EDGE('',*,*,#9499,.T.);
#9626 = ORIENTED_EDGE('',*,*,#9627,.F.);
#9627 = EDGE_CURVE('',#9578,#9502,#9628,.T.);
#9628 = SURFACE_CURVE('',#9629,(#9633,#9640),.PCURVE_S1.);
#9629 = LINE('',#9630,#9631);
#9630 = CARTESIAN_POINT('',(-1.046567493198E-02,-1.046567493198E-02,
    7.112E-03));
#9631 = VECTOR('',#9632,1.);
#9632 = DIRECTION('',(0.806252436698,-0.591571642591,0.));
#9633 = PCURVE('',#9517,#9634);
#9634 = DEFINITIONAL_REPRESENTATION('',(#9635),#9639);
#9635 = LINE('',#9636,#9637);
#9636 = CARTESIAN_POINT('',(0.,7.112E-03));
#9637 = VECTOR('',#9638,1.);
#9638 = DIRECTION('',(1.,0.));
#9639 = ( GEOMETRIC_REPRESENTATION_CONTEXT(2) 
PARAMETRIC_REPRESENTATION_CONTEXT() REPRESENTATION_CONTEXT('2D SPACE',''
  ) );
#9640 = PCURVE('',#9002,#9641);
#9641 = DEFINITIONAL_REPRESENTATION('',(#9642),#9646);
#9642 = LINE('',#9643,#9644);
#9643 = CARTESIAN_POINT('',(-1.046567493198E-02,-1.046567493198E-02));
#9644 = VECTOR('',#9645,1.);
#9645 = DIRECTION('',(0.806252436698,-0.591571642591));
#9646 = ( GEOMETRIC_REPRESENTATION_CONTEXT(2) 
PARAMETRIC_REPRESENTATION_CONTEXT() REPRESENTATION_CONTEXT('2D SPACE',''
  ) );
#9647 = ADVANCED_FACE('',(#9648),#9593,.T.);
#9648 = FACE_BOUND('',#9649,.T.);
#9649 = EDGE_LOOP('',(#9650,#9680,#9701,#9702));
#9650 = ORIENTED_EDGE('',*,*,#9651,.F.);
#9651 = EDGE_CURVE('',#9652,#9654,#9656,.T.);
#9652 = VERTEX_POINT('',#9653);
#9653 = CARTESIAN_POINT('',(-1.239191994752E-02,-7.840397407441E-03,
    -7.112E-03));
#9654 = VERTEX_POINT('',#9655);
#9655 = CARTESIAN_POINT('',(-1.239191994752E-02,-7.840397407441E-03,
    7.112E-03));
#9656 = SURFACE_CURVE('',#9657,(#9661,#9668),.PCURVE_S1.);
#9657 = LINE('',#9658,#9659);
#9658 = CARTESIAN_POINT('',(-1.239191994752E-02,-7.840397407441E-03,
    -7.112E-03));
#9659 = VECTOR('',#9660,1.);
#9660 = DIRECTION('',(0.,0.,1.));
#9661 = PCURVE('',#9593,#9662);
#9662 = DEFINITIONAL_REPRESENTATION('',(#9663),#9667);
#9663 = LINE('',#9664,#9665);
#9664 = CARTESIAN_POINT('',(0.,-7.112E-03));
#9665 = VECTOR('',#9666,1.);
#9666 = DIRECTION('',(0.,1.));
#9667 = ( GEOMETRIC_REPRESENTATION_CONTEXT(2) 
PARAMETRIC_REPRESENTATION_CONTEXT() REPRESENTATION_CONTEXT('2D SPACE',''
  ) );
#9668 = PCURVE('',#9669,#9674);
#9669 = PLANE('',#9670);
#9670 = AXIS2_PLACEMENT_3D('',#9671,#9672,#9673);
#9671 = CARTESIAN_POINT('',(-1.357217824133E-02,-4.529253183503E-03,0.)
  );
#9672 = DIRECTION('',(-0.941948366777,-0.335757761378,0.));
#9673 = DIRECTION('',(0.335757761378,-0.941948366777,0.));
#9674 = DEFINITIONAL_REPRESENTATION('',(#9675),#9679);
#9675 = LINE('',#9676,#9677);
#9676 = CARTESIAN_POINT('',(3.515207776479E-03,-7.112E-03));
#9677 = VECTOR('',#9678,1.);
#9678 = DIRECTION('',(0.,1.));
#9679 = ( GEOMETRIC_REPRESENTATION_CONTEXT(2) 
PARAMETRIC_REPRESENTATION_CONTEXT() REPRESENTATION_CONTEXT('2D SPACE',''
  ) );
#9680 = ORIENTED_EDGE('',*,*,#9681,.T.);
#9681 = EDGE_CURVE('',#9652,#9576,#9682,.T.);
#9682 = SURFACE_CURVE('',#9683,(#9687,#9694),.PCURVE_S1.);
#9683 = LINE('',#9684,#9685);
#9684 = CARTESIAN_POINT('',(-1.239191994752E-02,-7.840397407441E-03,
    -7.112E-03));
#9685 = VECTOR('',#9686,1.);
#9686 = DIRECTION('',(0.591571642591,-0.806252436698,0.));
#9687 = PCURVE('',#9593,#9688);
#9688 = DEFINITIONAL_REPRESENTATION('',(#9689),#9693);
#9689 = LINE('',#9690,#9691);
#9690 = CARTESIAN_POINT('',(0.,-7.112E-03));
#9691 = VECTOR('',#9692,1.);
#9692 = DIRECTION('',(1.,0.));
#9693 = ( GEOMETRIC_REPRESENTATION_CONTEXT(2) 
PARAMETRIC_REPRESENTATION_CONTEXT() REPRESENTATION_CONTEXT('2D SPACE',''
  ) );
#9694 = PCURVE('',#8946,#9695);
#9695 = DEFINITIONAL_REPRESENTATION('',(#9696),#9700);
#9696 = LINE('',#9697,#9698);
#9697 = CARTESIAN_POINT('',(-1.239191994752E-02,-7.840397407441E-03));
#9698 = VECTOR('',#9699,1.);
#9699 = DIRECTION('',(0.591571642591,-0.806252436698));
#9700 = ( GEOMETRIC_REPRESENTATION_CONTEXT(2) 
PARAMETRIC_REPRESENTATION_CONTEXT() REPRESENTATION_CONTEXT('2D SPACE',''
  ) );
#9701 = ORIENTED_EDGE('',*,*,#9575,.T.);
#9702 = ORIENTED_EDGE('',*,*,#9703,.F.);
#9703 = EDGE_CURVE('',#9654,#9578,#9704,.T.);
#9704 = SURFACE_CURVE('',#9705,(#9709,#9716),.PCURVE_S1.);
#9705 = LINE('',#9706,#9707);
#9706 = CARTESIAN_POINT('',(-1.239191994752E-02,-7.840397407441E-03,
    7.112E-03));
#9707 = VECTOR('',#9708,1.);
#9708 = DIRECTION('',(0.591571642591,-0.806252436698,0.));
#9709 = PCURVE('',#9593,#9710);
#9710 = DEFINITIONAL_REPRESENTATION('',(#9711),#9715);
#9711 = LINE('',#9712,#9713);
#9712 = CARTESIAN_POINT('',(0.,7.112E-03));
#9713 = VECTOR('',#9714,1.);
#9714 = DIRECTION('',(1.,0.));
#9715 = ( GEOMETRIC_REPRESENTATION_CONTEXT(2) 
PARAMETRIC_REPRESENTATION_CONTEXT() REPRESENTATION_CONTEXT('2D SPACE',''
  ) );
#9716 = PCURVE('',#9002,#9717);
#9717 = DEFINITIONAL_REPRESENTATION('',(#9718),#9722);
#9718 = LINE('',#9719,#9720);
#9719 = CARTESIAN_POINT('',(-1.239191994752E-02,-7.840397407441E-03));
#9720 = VECTOR('',#9721,1.);
#9721 = DIRECTION('',(0.591571642591,-0.806252436698));
#9722 = ( GEOMETRIC_REPRESENTATION_CONTEXT(2) 
PARAMETRIC_REPRESENTATION_CONTEXT() REPRESENTATION_CONTEXT('2D SPACE',''
  ) );
#9723 = ADVANCED_FACE('',(#9724),#9669,.T.);
#9724 = FACE_BOUND('',#9725,.T.);
#9725 = EDGE_LOOP('',(#9726,#9756,#9777,#9778));
#9726 = ORIENTED_EDGE('',*,*,#9727,.F.);
#9727 = EDGE_CURVE('',#9728,#9730,#9732,.T.);
#9728 = VERTEX_POINT('',#9729);
#9729 = CARTESIAN_POINT('',(-1.357217824133E-02,-4.529253183503E-03,
    -7.112E-03));
#9730 = VERTEX_POINT('',#9731);
#9731 = CARTESIAN_POINT('',(-1.357217824133E-02,-4.529253183503E-03,
    7.112E-03));
#9732 = SURFACE_CURVE('',#9733,(#9737,#9744),.PCURVE_S1.);
#9733 = LINE('',#9734,#9735);
#9734 = CARTESIAN_POINT('',(-1.357217824133E-02,-4.529253183503E-03,
    -7.112E-03));
#9735 = VECTOR('',#9736,1.);
#9736 = DIRECTION('',(0.,0.,1.));
#9737 = PCURVE('',#9669,#9738);
#9738 = DEFINITIONAL_REPRESENTATION('',(#9739),#9743);
#9739 = LINE('',#9740,#9741);
#9740 = CARTESIAN_POINT('',(0.,-7.112E-03));
#9741 = VECTOR('',#9742,1.);
#9742 = DIRECTION('',(0.,1.));
#9743 = ( GEOMETRIC_REPRESENTATION_CONTEXT(2) 
PARAMETRIC_REPRESENTATION_CONTEXT() REPRESENTATION_CONTEXT('2D SPACE',''
  ) );
#9744 = PCURVE('',#9745,#9750);
#9745 = PLANE('',#9746);
#9746 = AXIS2_PLACEMENT_3D('',#9747,#9748,#9749);
#9747 = CARTESIAN_POINT('',(-1.397E-02,7.677245865657E-16,0.));
#9748 = DIRECTION('',(-0.996164783818,-8.749699126334E-02,0.));
#9749 = DIRECTION('',(8.749699126334E-02,-0.996164783818,0.));
#9750 = DEFINITIONAL_REPRESENTATION('',(#9751),#9755);
#9751 = LINE('',#9752,#9753);
#9752 = CARTESIAN_POINT('',(4.546690725347E-03,-7.112E-03));
#9753 = VECTOR('',#9754,1.);
#9754 = DIRECTION('',(0.,1.));
#9755 = ( GEOMETRIC_REPRESENTATION_CONTEXT(2) 
PARAMETRIC_REPRESENTATION_CONTEXT() REPRESENTATION_CONTEXT('2D SPACE',''
  ) );
#9756 = ORIENTED_EDGE('',*,*,#9757,.T.);
#9757 = EDGE_CURVE('',#9728,#9652,#9758,.T.);
#9758 = SURFACE_CURVE('',#9759,(#9763,#9770),.PCURVE_S1.);
#9759 = LINE('',#9760,#9761);
#9760 = CARTESIAN_POINT('',(-1.357217824133E-02,-4.529253183503E-03,
    -7.112E-03));
#9761 = VECTOR('',#9762,1.);
#9762 = DIRECTION('',(0.335757761378,-0.941948366777,0.));
#9763 = PCURVE('',#9669,#9764);
#9764 = DEFINITIONAL_REPRESENTATION('',(#9765),#9769);
#9765 = LINE('',#9766,#9767);
#9766 = CARTESIAN_POINT('',(0.,-7.112E-03));
#9767 = VECTOR('',#9768,1.);
#9768 = DIRECTION('',(1.,0.));
#9769 = ( GEOMETRIC_REPRESENTATION_CONTEXT(2) 
PARAMETRIC_REPRESENTATION_CONTEXT() REPRESENTATION_CONTEXT('2D SPACE',''
  ) );
#9770 = PCURVE('',#8946,#9771);
#9771 = DEFINITIONAL_REPRESENTATION('',(#9772),#9776);
#9772 = LINE('',#9773,#9774);
#9773 = CARTESIAN_POINT('',(-1.357217824133E-02,-4.529253183503E-03));
#9774 = VECTOR('',#9775,1.);
#9775 = DIRECTION('',(0.335757761378,-0.941948366777));
#9776 = ( GEOMETRIC_REPRESENTATION_CONTEXT(2) 
PARAMETRIC_REPRESENTATION_CONTEXT() REPRESENTATION_CONTEXT('2D SPACE',''
  ) );
#9777 = ORIENTED_EDGE('',*,*,#9651,.T.);
#9778 = ORIENTED_EDGE('',*,*,#9779,.F.);
#9779 = EDGE_CURVE('',#9730,#9654,#9780,.T.);
#9780 = SURFACE_CURVE('',#9781,(#9785,#9792),.PCURVE_S1.);
#9781 = LINE('',#9782,#9783);
#9782 = CARTESIAN_POINT('',(-1.357217824133E-02,-4.529253183503E-03,
    7.112E-03));
#9783 = VECTOR('',#9784,1.);
#9784 = DIRECTION('',(0.335757761378,-0.941948366777,0.));
#9785 = PCURVE('',#9669,#9786);
#9786 = DEFINITIONAL_REPRESENTATION('',(#9787),#9791);
#9787 = LINE('',#9788,#9789);
#9788 = CARTESIAN_POINT('',(0.,7.112E-03));
#9789 = VECTOR('',#9790,1.);
#9790 = DIRECTION('',(1.,0.));
#9791 = ( GEOMETRIC_REPRESENTATION_CONTEXT(2) 
PARAMETRIC_REPRESENTATION_CONTEXT() REPRESENTATION_CONTEXT('2D SPACE',''
  ) );
#9792 = PCURVE('',#9002,#9793);
#9793 = DEFINITIONAL_REPRESENTATION('',(#9794),#9798);
#9794 = LINE('',#9795,#9796);
#9795 = CARTESIAN_POINT('',(-1.357217824133E-02,-4.529253183503E-03));
#9796 = VECTOR('',#9797,1.);
#9797 = DIRECTION('',(0.335757761378,-0.941948366777));
#9798 = ( GEOMETRIC_REPRESENTATION_CONTEXT(2) 
PARAMETRIC_REPRESENTATION_CONTEXT() REPRESENTATION_CONTEXT('2D SPACE',''
  ) );
#9799 = ADVANCED_FACE('',(#9800),#9745,.T.);
#9800 = FACE_BOUND('',#9801,.T.);
#9801 = EDGE_LOOP('',(#9802,#9832,#9853,#9854));
#9802 = ORIENTED_EDGE('',*,*,#9803,.F.);
#9803 = EDGE_CURVE('',#9804,#9806,#9808,.T.);
#9804 = VERTEX_POINT('',#9805);
#9805 = CARTESIAN_POINT('',(-1.397E-02,7.677245865657E-16,-7.112E-03));
#9806 = VERTEX_POINT('',#9807);
#9807 = CARTESIAN_POINT('',(-1.397E-02,7.677245865657E-16,7.112E-03));
#9808 = SURFACE_CURVE('',#9809,(#9813,#9820),.PCURVE_S1.);
#9809 = LINE('',#9810,#9811);
#9810 = CARTESIAN_POINT('',(-1.397E-02,7.677245865657E-16,-7.112E-03));
#9811 = VECTOR('',#9812,1.);
#9812 = DIRECTION('',(0.,0.,1.));
#9813 = PCURVE('',#9745,#9814);
#9814 = DEFINITIONAL_REPRESENTATION('',(#9815),#9819);
#9815 = LINE('',#9816,#9817);
#9816 = CARTESIAN_POINT('',(0.,-7.112E-03));
#9817 = VECTOR('',#9818,1.);
#9818 = DIRECTION('',(0.,1.));
#9819 = ( GEOMETRIC_REPRESENTATION_CONTEXT(2) 
PARAMETRIC_REPRESENTATION_CONTEXT() REPRESENTATION_CONTEXT('2D SPACE',''
  ) );
#9820 = PCURVE('',#9821,#9826);
#9821 = PLANE('',#9822);
#9822 = AXIS2_PLACEMENT_3D('',#9823,#9824,#9825);
#9823 = CARTESIAN_POINT('',(-1.357217824133E-02,4.529253183503E-03,0.));
#9824 = DIRECTION('',(-0.996164783818,8.749699126337E-02,0.));
#9825 = DIRECTION('',(-8.749699126337E-02,-0.996164783818,0.));
#9826 = DEFINITIONAL_REPRESENTATION('',(#9827),#9831);
#9827 = LINE('',#9828,#9829);
#9828 = CARTESIAN_POINT('',(4.546690725345E-03,-7.112E-03));
#9829 = VECTOR('',#9830,1.);
#9830 = DIRECTION('',(0.,1.));
#9831 = ( GEOMETRIC_REPRESENTATION_CONTEXT(2) 
PARAMETRIC_REPRESENTATION_CONTEXT() REPRESENTATION_CONTEXT('2D SPACE',''
  ) );
#9832 = ORIENTED_EDGE('',*,*,#9833,.T.);
#9833 = EDGE_CURVE('',#9804,#9728,#9834,.T.);
#9834 = SURFACE_CURVE('',#9835,(#9839,#9846),.PCURVE_S1.);
#9835 = LINE('',#9836,#9837);
#9836 = CARTESIAN_POINT('',(-1.397E-02,7.677245865657E-16,-7.112E-03));
#9837 = VECTOR('',#9838,1.);
#9838 = DIRECTION('',(8.749699126334E-02,-0.996164783818,0.));
#9839 = PCURVE('',#9745,#9840);
#9840 = DEFINITIONAL_REPRESENTATION('',(#9841),#9845);
#9841 = LINE('',#9842,#9843);
#9842 = CARTESIAN_POINT('',(0.,-7.112E-03));
#9843 = VECTOR('',#9844,1.);
#9844 = DIRECTION('',(1.,0.));
#9845 = ( GEOMETRIC_REPRESENTATION_CONTEXT(2) 
PARAMETRIC_REPRESENTATION_CONTEXT() REPRESENTATION_CONTEXT('2D SPACE',''
  ) );
#9846 = PCURVE('',#8946,#9847);
#9847 = DEFINITIONAL_REPRESENTATION('',(#9848),#9852);
#9848 = LINE('',#9849,#9850);
#9849 = CARTESIAN_POINT('',(-1.397E-02,7.669949049025E-16));
#9850 = VECTOR('',#9851,1.);
#9851 = DIRECTION('',(8.749699126334E-02,-0.996164783818));
#9852 = ( GEOMETRIC_REPRESENTATION_CONTEXT(2) 
PARAMETRIC_REPRESENTATION_CONTEXT() REPRESENTATION_CONTEXT('2D SPACE',''
  ) );
#9853 = ORIENTED_EDGE('',*,*,#9727,.T.);
#9854 = ORIENTED_EDGE('',*,*,#9855,.F.);
#9855 = EDGE_CURVE('',#9806,#9730,#9856,.T.);
#9856 = SURFACE_CURVE('',#9857,(#9861,#9868),.PCURVE_S1.);
#9857 = LINE('',#9858,#9859);
#9858 = CARTESIAN_POINT('',(-1.397E-02,7.677245865657E-16,7.112E-03));
#9859 = VECTOR('',#9860,1.);
#9860 = DIRECTION('',(8.749699126334E-02,-0.996164783818,0.));
#9861 = PCURVE('',#9745,#9862);
#9862 = DEFINITIONAL_REPRESENTATION('',(#9863),#9867);
#9863 = LINE('',#9864,#9865);
#9864 = CARTESIAN_POINT('',(0.,7.112E-03));
#9865 = VECTOR('',#9866,1.);
#9866 = DIRECTION('',(1.,0.));
#9867 = ( GEOMETRIC_REPRESENTATION_CONTEXT(2) 
PARAMETRIC_REPRESENTATION_CONTEXT() REPRESENTATION_CONTEXT('2D SPACE',''
  ) );
#9868 = PCURVE('',#9002,#9869);
#9869 = DEFINITIONAL_REPRESENTATION('',(#9870),#9874);
#9870 = LINE('',#9871,#9872);
#9871 = CARTESIAN_POINT('',(-1.397E-02,7.669949049025E-16));
#9872 = VECTOR('',#9873,1.);
#9873 = DIRECTION('',(8.749699126334E-02,-0.996164783818));
#9874 = ( GEOMETRIC_REPRESENTATION_CONTEXT(2) 
PARAMETRIC_REPRESENTATION_CONTEXT() REPRESENTATION_CONTEXT('2D SPACE',''
  ) );
#9875 = ADVANCED_FACE('',(#9876),#9821,.T.);
#9876 = FACE_BOUND('',#9877,.T.);
#9877 = EDGE_LOOP('',(#9878,#9908,#9929,#9930));
#9878 = ORIENTED_EDGE('',*,*,#9879,.F.);
#9879 = EDGE_CURVE('',#9880,#9882,#9884,.T.);
#9880 = VERTEX_POINT('',#9881);
#9881 = CARTESIAN_POINT('',(-1.357217824133E-02,4.529253183503E-03,
    -7.112E-03));
#9882 = VERTEX_POINT('',#9883);
#9883 = CARTESIAN_POINT('',(-1.357217824133E-02,4.529253183503E-03,
    7.112E-03));
#9884 = SURFACE_CURVE('',#9885,(#9889,#9896),.PCURVE_S1.);
#9885 = LINE('',#9886,#9887);
#9886 = CARTESIAN_POINT('',(-1.357217824133E-02,4.529253183503E-03,
    -7.112E-03));
#9887 = VECTOR('',#9888,1.);
#9888 = DIRECTION('',(0.,0.,1.));
#9889 = PCURVE('',#9821,#9890);
#9890 = DEFINITIONAL_REPRESENTATION('',(#9891),#9895);
#9891 = LINE('',#9892,#9893);
#9892 = CARTESIAN_POINT('',(-0.,-7.112E-03));
#9893 = VECTOR('',#9894,1.);
#9894 = DIRECTION('',(0.,1.));
#9895 = ( GEOMETRIC_REPRESENTATION_CONTEXT(2) 
PARAMETRIC_REPRESENTATION_CONTEXT() REPRESENTATION_CONTEXT('2D SPACE',''
  ) );
#9896 = PCURVE('',#9897,#9902);
#9897 = PLANE('',#9898);
#9898 = AXIS2_PLACEMENT_3D('',#9899,#9900,#9901);
#9899 = CARTESIAN_POINT('',(-1.239191994752E-02,7.840397407441E-03,0.));
#9900 = DIRECTION('',(-0.941948366777,0.335757761378,0.));
#9901 = DIRECTION('',(-0.335757761378,-0.941948366777,0.));
#9902 = DEFINITIONAL_REPRESENTATION('',(#9903),#9907);
#9903 = LINE('',#9904,#9905);
#9904 = CARTESIAN_POINT('',(3.515207776479E-03,-7.112E-03));
#9905 = VECTOR('',#9906,1.);
#9906 = DIRECTION('',(0.,1.));
#9907 = ( GEOMETRIC_REPRESENTATION_CONTEXT(2) 
PARAMETRIC_REPRESENTATION_CONTEXT() REPRESENTATION_CONTEXT('2D SPACE',''
  ) );
#9908 = ORIENTED_EDGE('',*,*,#9909,.T.);
#9909 = EDGE_CURVE('',#9880,#9804,#9910,.T.);
#9910 = SURFACE_CURVE('',#9911,(#9915,#9922),.PCURVE_S1.);
#9911 = LINE('',#9912,#9913);
#9912 = CARTESIAN_POINT('',(-1.357217824133E-02,4.529253183503E-03,
    -7.112E-03));
#9913 = VECTOR('',#9914,1.);
#9914 = DIRECTION('',(-8.749699126337E-02,-0.996164783818,0.));
#9915 = PCURVE('',#9821,#9916);
#9916 = DEFINITIONAL_REPRESENTATION('',(#9917),#9921);
#9917 = LINE('',#9918,#9919);
#9918 = CARTESIAN_POINT('',(-0.,-7.112E-03));
#9919 = VECTOR('',#9920,1.);
#9920 = DIRECTION('',(1.,0.));
#9921 = ( GEOMETRIC_REPRESENTATION_CONTEXT(2) 
PARAMETRIC_REPRESENTATION_CONTEXT() REPRESENTATION_CONTEXT('2D SPACE',''
  ) );
#9922 = PCURVE('',#8946,#9923);
#9923 = DEFINITIONAL_REPRESENTATION('',(#9924),#9928);
#9924 = LINE('',#9925,#9926);
#9925 = CARTESIAN_POINT('',(-1.357217824133E-02,4.529253183503E-03));
#9926 = VECTOR('',#9927,1.);
#9927 = DIRECTION('',(-8.749699126337E-02,-0.996164783818));
#9928 = ( GEOMETRIC_REPRESENTATION_CONTEXT(2) 
PARAMETRIC_REPRESENTATION_CONTEXT() REPRESENTATION_CONTEXT('2D SPACE',''
  ) );
#9929 = ORIENTED_EDGE('',*,*,#9803,.T.);
#9930 = ORIENTED_EDGE('',*,*,#9931,.F.);
#9931 = EDGE_CURVE('',#9882,#9806,#9932,.T.);
#9932 = SURFACE_CURVE('',#9933,(#9937,#9944),.PCURVE_S1.);
#9933 = LINE('',#9934,#9935);
#9934 = CARTESIAN_POINT('',(-1.357217824133E-02,4.529253183503E-03,
    7.112E-03));
#9935 = VECTOR('',#9936,1.);
#9936 = DIRECTION('',(-8.749699126337E-02,-0.996164783818,0.));
#9937 = PCURVE('',#9821,#9938);
#9938 = DEFINITIONAL_REPRESENTATION('',(#9939),#9943);
#9939 = LINE('',#9940,#9941);
#9940 = CARTESIAN_POINT('',(0.,7.112E-03));
#9941 = VECTOR('',#9942,1.);
#9942 = DIRECTION('',(1.,0.));
#9943 = ( GEOMETRIC_REPRESENTATION_CONTEXT(2) 
PARAMETRIC_REPRESENTATION_CONTEXT() REPRESENTATION_CONTEXT('2D SPACE',''
  ) );
#9944 = PCURVE('',#9002,#9945);
#9945 = DEFINITIONAL_REPRESENTATION('',(#9946),#9950);
#9946 = LINE('',#9947,#9948);
#9947 = CARTESIAN_POINT('',(-1.357217824133E-02,4.529253183503E-03));
#9948 = VECTOR('',#9949,1.);
#9949 = DIRECTION('',(-8.749699126337E-02,-0.996164783818));
#9950 = ( GEOMETRIC_REPRESENTATION_CONTEXT(2) 
PARAMETRIC_REPRESENTATION_CONTEXT() REPRESENTATION_CONTEXT('2D SPACE',''
  ) );
#9951 = ADVANCED_FACE('',(#9952),#9897,.T.);
#9952 = FACE_BOUND('',#9953,.T.);
#9953 = EDGE_LOOP('',(#9954,#9984,#10005,#10006));
#9954 = ORIENTED_EDGE('',*,*,#9955,.F.);
#9955 = EDGE_CURVE('',#9956,#9958,#9960,.T.);
#9956 = VERTEX_POINT('',#9957);
#9957 = CARTESIAN_POINT('',(-1.239191994752E-02,7.840397407441E-03,
    -7.112E-03));
#9958 = VERTEX_POINT('',#9959);
#9959 = CARTESIAN_POINT('',(-1.239191994752E-02,7.840397407441E-03,
    7.112E-03));
#9960 = SURFACE_CURVE('',#9961,(#9965,#9972),.PCURVE_S1.);
#9961 = LINE('',#9962,#9963);
#9962 = CARTESIAN_POINT('',(-1.239191994752E-02,7.840397407441E-03,
    -7.112E-03));
#9963 = VECTOR('',#9964,1.);
#9964 = DIRECTION('',(0.,0.,1.));
#9965 = PCURVE('',#9897,#9966);
#9966 = DEFINITIONAL_REPRESENTATION('',(#9967),#9971);
#9967 = LINE('',#9968,#9969);
#9968 = CARTESIAN_POINT('',(-0.,-7.112E-03));
#9969 = VECTOR('',#9970,1.);
#9970 = DIRECTION('',(0.,1.));
#9971 = ( GEOMETRIC_REPRESENTATION_CONTEXT(2) 
PARAMETRIC_REPRESENTATION_CONTEXT() REPRESENTATION_CONTEXT('2D SPACE',''
  ) );
#9972 = PCURVE('',#9973,#9978);
#9973 = PLANE('',#9974);
#9974 = AXIS2_PLACEMENT_3D('',#9975,#9976,#9977);
#9975 = CARTESIAN_POINT('',(-1.046567493198E-02,1.046567493198E-02,0.));
#9976 = DIRECTION('',(-0.806252436698,0.591571642591,0.));
#9977 = DIRECTION('',(-0.591571642591,-0.806252436698,0.));
#9978 = DEFINITIONAL_REPRESENTATION('',(#9979),#9983);
#9979 = LINE('',#9980,#9981);
#9980 = CARTESIAN_POINT('',(3.256148329045E-03,-7.112E-03));
#9981 = VECTOR('',#9982,1.);
#9982 = DIRECTION('',(0.,1.));
#9983 = ( GEOMETRIC_REPRESENTATION_CONTEXT(2) 
PARAMETRIC_REPRESENTATION_CONTEXT() REPRESENTATION_CONTEXT('2D SPACE',''
  ) );
#9984 = ORIENTED_EDGE('',*,*,#9985,.T.);
#9985 = EDGE_CURVE('',#9956,#9880,#9986,.T.);
#9986 = SURFACE_CURVE('',#9987,(#9991,#9998),.PCURVE_S1.);
#9987 = LINE('',#9988,#9989);
#9988 = CARTESIAN_POINT('',(-1.239191994752E-02,7.840397407441E-03,
    -7.112E-03));
#9989 = VECTOR('',#9990,1.);
#9990 = DIRECTION('',(-0.335757761378,-0.941948366777,0.));
#9991 = PCURVE('',#9897,#9992);
#9992 = DEFINITIONAL_REPRESENTATION('',(#9993),#9997);
#9993 = LINE('',#9994,#9995);
#9994 = CARTESIAN_POINT('',(-0.,-7.112E-03));
#9995 = VECTOR('',#9996,1.);
#9996 = DIRECTION('',(1.,0.));
#9997 = ( GEOMETRIC_REPRESENTATION_CONTEXT(2) 
PARAMETRIC_REPRESENTATION_CONTEXT() REPRESENTATION_CONTEXT('2D SPACE',''
  ) );
#9998 = PCURVE('',#8946,#9999);
#9999 = DEFINITIONAL_REPRESENTATION('',(#10000),#10004);
#10000 = LINE('',#10001,#10002);
#10001 = CARTESIAN_POINT('',(-1.239191994752E-02,7.840397407441E-03));
#10002 = VECTOR('',#10003,1.);
#10003 = DIRECTION('',(-0.335757761378,-0.941948366777));
#10004 = ( GEOMETRIC_REPRESENTATION_CONTEXT(2) 
PARAMETRIC_REPRESENTATION_CONTEXT() REPRESENTATION_CONTEXT('2D SPACE',''
  ) );
#10005 = ORIENTED_EDGE('',*,*,#9879,.T.);
#10006 = ORIENTED_EDGE('',*,*,#10007,.F.);
#10007 = EDGE_CURVE('',#9958,#9882,#10008,.T.);
#10008 = SURFACE_CURVE('',#10009,(#10013,#10020),.PCURVE_S1.);
#10009 = LINE('',#10010,#10011);
#10010 = CARTESIAN_POINT('',(-1.239191994752E-02,7.840397407441E-03,
    7.112E-03));
#10011 = VECTOR('',#10012,1.);
#10012 = DIRECTION('',(-0.335757761378,-0.941948366777,0.));
#10013 = PCURVE('',#9897,#10014);
#10014 = DEFINITIONAL_REPRESENTATION('',(#10015),#10019);
#10015 = LINE('',#10016,#10017);
#10016 = CARTESIAN_POINT('',(0.,7.112E-03));
#10017 = VECTOR('',#10018,1.);
#10018 = DIRECTION('',(1.,0.));
#10019 = ( GEOMETRIC_REPRESENTATION_CONTEXT(2) 
PARAMETRIC_REPRESENTATION_CONTEXT() REPRESENTATION_CONTEXT('2D SPACE',''
  ) );
#10020 = PCURVE('',#9002,#10021);
#10021 = DEFINITIONAL_REPRESENTATION('',(#10022),#10026);
#10022 = LINE('',#10023,#10024);
#10023 = CARTESIAN_POINT('',(-1.239191994752E-02,7.840397407441E-03));
#10024 = VECTOR('',#10025,1.);
#10025 = DIRECTION('',(-0.335757761378,-0.941948366777));
#10026 = ( GEOMETRIC_REPRESENTATION_CONTEXT(2) 
PARAMETRIC_REPRESENTATION_CONTEXT() REPRESENTATION_CONTEXT('2D SPACE',''
  ) );
#10027 = ADVANCED_FACE('',(#10028),#9973,.T.);
#10028 = FACE_BOUND('',#10029,.T.);
#10029 = EDGE_LOOP('',(#10030,#10060,#10081,#10082));
#10030 = ORIENTED_EDGE('',*,*,#10031,.F.);
#10031 = EDGE_CURVE('',#10032,#10034,#10036,.T.);
#10032 = VERTEX_POINT('',#10033);
#10033 = CARTESIAN_POINT('',(-1.046567493198E-02,1.046567493198E-02,
    -7.112E-03));
#10034 = VERTEX_POINT('',#10035);
#10035 = CARTESIAN_POINT('',(-1.046567493198E-02,1.046567493198E-02,
    7.112E-03));
#10036 = SURFACE_CURVE('',#10037,(#10041,#10048),.PCURVE_S1.);
#10037 = LINE('',#10038,#10039);
#10038 = CARTESIAN_POINT('',(-1.046567493198E-02,1.046567493198E-02,
    -7.112E-03));
#10039 = VECTOR('',#10040,1.);
#10040 = DIRECTION('',(0.,0.,1.));
#10041 = PCURVE('',#9973,#10042);
#10042 = DEFINITIONAL_REPRESENTATION('',(#10043),#10047);
#10043 = LINE('',#10044,#10045);
#10044 = CARTESIAN_POINT('',(-0.,-7.112E-03));
#10045 = VECTOR('',#10046,1.);
#10046 = DIRECTION('',(0.,1.));
#10047 = ( GEOMETRIC_REPRESENTATION_CONTEXT(2) 
PARAMETRIC_REPRESENTATION_CONTEXT() REPRESENTATION_CONTEXT('2D SPACE',''
  ) );
#10048 = PCURVE('',#10049,#10054);
#10049 = PLANE('',#10050);
#10050 = AXIS2_PLACEMENT_3D('',#10051,#10052,#10053);
#10051 = CARTESIAN_POINT('',(-7.840397407441E-03,1.239191994752E-02,0.)
  );
#10052 = DIRECTION('',(-0.591571642591,0.806252436698,0.));
#10053 = DIRECTION('',(-0.806252436698,-0.591571642591,0.));
#10054 = DEFINITIONAL_REPRESENTATION('',(#10055),#10059);
#10055 = LINE('',#10056,#10057);
#10056 = CARTESIAN_POINT('',(3.256148329045E-03,-7.112E-03));
#10057 = VECTOR('',#10058,1.);
#10058 = DIRECTION('',(0.,1.));
#10059 = ( GEOMETRIC_REPRESENTATION_CONTEXT(2) 
PARAMETRIC_REPRESENTATION_CONTEXT() REPRESENTATION_CONTEXT('2D SPACE',''
  ) );
#10060 = ORIENTED_EDGE('',*,*,#10061,.T.);
#10061 = EDGE_CURVE('',#10032,#9956,#10062,.T.);
#10062 = SURFACE_CURVE('',#10063,(#10067,#10074),.PCURVE_S1.);
#10063 = LINE('',#10064,#10065);
#10064 = CARTESIAN_POINT('',(-1.046567493198E-02,1.046567493198E-02,
    -7.112E-03));
#10065 = VECTOR('',#10066,1.);
#10066 = DIRECTION('',(-0.591571642591,-0.806252436698,0.));
#10067 = PCURVE('',#9973,#10068);
#10068 = DEFINITIONAL_REPRESENTATION('',(#10069),#10073);
#10069 = LINE('',#10070,#10071);
#10070 = CARTESIAN_POINT('',(-0.,-7.112E-03));
#10071 = VECTOR('',#10072,1.);
#10072 = DIRECTION('',(1.,0.));
#10073 = ( GEOMETRIC_REPRESENTATION_CONTEXT(2) 
PARAMETRIC_REPRESENTATION_CONTEXT() REPRESENTATION_CONTEXT('2D SPACE',''
  ) );
#10074 = PCURVE('',#8946,#10075);
#10075 = DEFINITIONAL_REPRESENTATION('',(#10076),#10080);
#10076 = LINE('',#10077,#10078);
#10077 = CARTESIAN_POINT('',(-1.046567493198E-02,1.046567493198E-02));
#10078 = VECTOR('',#10079,1.);
#10079 = DIRECTION('',(-0.591571642591,-0.806252436698));
#10080 = ( GEOMETRIC_REPRESENTATION_CONTEXT(2) 
PARAMETRIC_REPRESENTATION_CONTEXT() REPRESENTATION_CONTEXT('2D SPACE',''
  ) );
#10081 = ORIENTED_EDGE('',*,*,#9955,.T.);
#10082 = ORIENTED_EDGE('',*,*,#10083,.F.);
#10083 = EDGE_CURVE('',#10034,#9958,#10084,.T.);
#10084 = SURFACE_CURVE('',#10085,(#10089,#10096),.PCURVE_S1.);
#10085 = LINE('',#10086,#10087);
#10086 = CARTESIAN_POINT('',(-1.046567493198E-02,1.046567493198E-02,
    7.112E-03));
#10087 = VECTOR('',#10088,1.);
#10088 = DIRECTION('',(-0.591571642591,-0.806252436698,0.));
#10089 = PCURVE('',#9973,#10090);
#10090 = DEFINITIONAL_REPRESENTATION('',(#10091),#10095);
#10091 = LINE('',#10092,#10093);
#10092 = CARTESIAN_POINT('',(0.,7.112E-03));
#10093 = VECTOR('',#10094,1.);
#10094 = DIRECTION('',(1.,0.));
#10095 = ( GEOMETRIC_REPRESENTATION_CONTEXT(2) 
PARAMETRIC_REPRESENTATION_CONTEXT() REPRESENTATION_CONTEXT('2D SPACE',''
  ) );
#10096 = PCURVE('',#9002,#10097);
#10097 = DEFINITIONAL_REPRESENTATION('',(#10098),#10102);
#10098 = LINE('',#10099,#10100);
#10099 = CARTESIAN_POINT('',(-1.046567493198E-02,1.046567493198E-02));
#10100 = VECTOR('',#10101,1.);
#10101 = DIRECTION('',(-0.591571642591,-0.806252436698));
#10102 = ( GEOMETRIC_REPRESENTATION_CONTEXT(2) 
PARAMETRIC_REPRESENTATION_CONTEXT() REPRESENTATION_CONTEXT('2D SPACE',''
  ) );
#10103 = ADVANCED_FACE('',(#10104),#10049,.T.);
#10104 = FACE_BOUND('',#10105,.T.);
#10105 = EDGE_LOOP('',(#10106,#10136,#10157,#10158));
#10106 = ORIENTED_EDGE('',*,*,#10107,.F.);
#10107 = EDGE_CURVE('',#10108,#10110,#10112,.T.);
#10108 = VERTEX_POINT('',#10109);
#10109 = CARTESIAN_POINT('',(-7.840397407441E-03,1.239191994752E-02,
    -7.112E-03));
#10110 = VERTEX_POINT('',#10111);
#10111 = CARTESIAN_POINT('',(-7.840397407441E-03,1.239191994752E-02,
    7.112E-03));
#10112 = SURFACE_CURVE('',#10113,(#10117,#10124),.PCURVE_S1.);
#10113 = LINE('',#10114,#10115);
#10114 = CARTESIAN_POINT('',(-7.840397407441E-03,1.239191994752E-02,
    -7.112E-03));
#10115 = VECTOR('',#10116,1.);
#10116 = DIRECTION('',(0.,0.,1.));
#10117 = PCURVE('',#10049,#10118);
#10118 = DEFINITIONAL_REPRESENTATION('',(#10119),#10123);
#10119 = LINE('',#10120,#10121);
#10120 = CARTESIAN_POINT('',(-0.,-7.112E-03));
#10121 = VECTOR('',#10122,1.);
#10122 = DIRECTION('',(0.,1.));
#10123 = ( GEOMETRIC_REPRESENTATION_CONTEXT(2) 
PARAMETRIC_REPRESENTATION_CONTEXT() REPRESENTATION_CONTEXT('2D SPACE',''
  ) );
#10124 = PCURVE('',#10125,#10130);
#10125 = PLANE('',#10126);
#10126 = AXIS2_PLACEMENT_3D('',#10127,#10128,#10129);
#10127 = CARTESIAN_POINT('',(-4.529253183503E-03,1.357217824133E-02,0.)
  );
#10128 = DIRECTION('',(-0.335757761378,0.941948366777,0.));
#10129 = DIRECTION('',(-0.941948366777,-0.335757761378,0.));
#10130 = DEFINITIONAL_REPRESENTATION('',(#10131),#10135);
#10131 = LINE('',#10132,#10133);
#10132 = CARTESIAN_POINT('',(3.515207776479E-03,-7.112E-03));
#10133 = VECTOR('',#10134,1.);
#10134 = DIRECTION('',(0.,1.));
#10135 = ( GEOMETRIC_REPRESENTATION_CONTEXT(2) 
PARAMETRIC_REPRESENTATION_CONTEXT() REPRESENTATION_CONTEXT('2D SPACE',''
  ) );
#10136 = ORIENTED_EDGE('',*,*,#10137,.T.);
#10137 = EDGE_CURVE('',#10108,#10032,#10138,.T.);
#10138 = SURFACE_CURVE('',#10139,(#10143,#10150),.PCURVE_S1.);
#10139 = LINE('',#10140,#10141);
#10140 = CARTESIAN_POINT('',(-7.840397407441E-03,1.239191994752E-02,
    -7.112E-03));
#10141 = VECTOR('',#10142,1.);
#10142 = DIRECTION('',(-0.806252436698,-0.591571642591,0.));
#10143 = PCURVE('',#10049,#10144);
#10144 = DEFINITIONAL_REPRESENTATION('',(#10145),#10149);
#10145 = LINE('',#10146,#10147);
#10146 = CARTESIAN_POINT('',(-0.,-7.112E-03));
#10147 = VECTOR('',#10148,1.);
#10148 = DIRECTION('',(1.,0.));
#10149 = ( GEOMETRIC_REPRESENTATION_CONTEXT(2) 
PARAMETRIC_REPRESENTATION_CONTEXT() REPRESENTATION_CONTEXT('2D SPACE',''
  ) );
#10150 = PCURVE('',#8946,#10151);
#10151 = DEFINITIONAL_REPRESENTATION('',(#10152),#10156);
#10152 = LINE('',#10153,#10154);
#10153 = CARTESIAN_POINT('',(-7.840397407441E-03,1.239191994752E-02));
#10154 = VECTOR('',#10155,1.);
#10155 = DIRECTION('',(-0.806252436698,-0.591571642591));
#10156 = ( GEOMETRIC_REPRESENTATION_CONTEXT(2) 
PARAMETRIC_REPRESENTATION_CONTEXT() REPRESENTATION_CONTEXT('2D SPACE',''
  ) );
#10157 = ORIENTED_EDGE('',*,*,#10031,.T.);
#10158 = ORIENTED_EDGE('',*,*,#10159,.F.);
#10159 = EDGE_CURVE('',#10110,#10034,#10160,.T.);
#10160 = SURFACE_CURVE('',#10161,(#10165,#10172),.PCURVE_S1.);
#10161 = LINE('',#10162,#10163);
#10162 = CARTESIAN_POINT('',(-7.840397407441E-03,1.239191994752E-02,
    7.112E-03));
#10163 = VECTOR('',#10164,1.);
#10164 = DIRECTION('',(-0.806252436698,-0.591571642591,0.));
#10165 = PCURVE('',#10049,#10166);
#10166 = DEFINITIONAL_REPRESENTATION('',(#10167),#10171);
#10167 = LINE('',#10168,#10169);
#10168 = CARTESIAN_POINT('',(0.,7.112E-03));
#10169 = VECTOR('',#10170,1.);
#10170 = DIRECTION('',(1.,0.));
#10171 = ( GEOMETRIC_REPRESENTATION_CONTEXT(2) 
PARAMETRIC_REPRESENTATION_CONTEXT() REPRESENTATION_CONTEXT('2D SPACE',''
  ) );
#10172 = PCURVE('',#9002,#10173);
#10173 = DEFINITIONAL_REPRESENTATION('',(#10174),#10178);
#10174 = LINE('',#10175,#10176);
#10175 = CARTESIAN_POINT('',(-7.840397407441E-03,1.239191994752E-02));
#10176 = VECTOR('',#10177,1.);
#10177 = DIRECTION('',(-0.806252436698,-0.591571642591));
#10178 = ( GEOMETRIC_REPRESENTATION_CONTEXT(2) 
PARAMETRIC_REPRESENTATION_CONTEXT() REPRESENTATION_CONTEXT('2D SPACE',''
  ) );
#10179 = ADVANCED_FACE('',(#10180),#10125,.T.);
#10180 = FACE_BOUND('',#10181,.T.);
#10181 = EDGE_LOOP('',(#10182,#10212,#10233,#10234));
#10182 = ORIENTED_EDGE('',*,*,#10183,.F.);
#10183 = EDGE_CURVE('',#10184,#10186,#10188,.T.);
#10184 = VERTEX_POINT('',#10185);
#10185 = CARTESIAN_POINT('',(-4.529253183503E-03,1.357217824133E-02,
    -7.112E-03));
#10186 = VERTEX_POINT('',#10187);
#10187 = CARTESIAN_POINT('',(-4.529253183503E-03,1.357217824133E-02,
    7.112E-03));
#10188 = SURFACE_CURVE('',#10189,(#10193,#10200),.PCURVE_S1.);
#10189 = LINE('',#10190,#10191);
#10190 = CARTESIAN_POINT('',(-4.529253183503E-03,1.357217824133E-02,
    -7.112E-03));
#10191 = VECTOR('',#10192,1.);
#10192 = DIRECTION('',(0.,0.,1.));
#10193 = PCURVE('',#10125,#10194);
#10194 = DEFINITIONAL_REPRESENTATION('',(#10195),#10199);
#10195 = LINE('',#10196,#10197);
#10196 = CARTESIAN_POINT('',(-0.,-7.112E-03));
#10197 = VECTOR('',#10198,1.);
#10198 = DIRECTION('',(0.,1.));
#10199 = ( GEOMETRIC_REPRESENTATION_CONTEXT(2) 
PARAMETRIC_REPRESENTATION_CONTEXT() REPRESENTATION_CONTEXT('2D SPACE',''
  ) );
#10200 = PCURVE('',#10201,#10206);
#10201 = PLANE('',#10202);
#10202 = AXIS2_PLACEMENT_3D('',#10203,#10204,#10205);
#10203 = CARTESIAN_POINT('',(4.30870855987E-16,1.397E-02,0.));
#10204 = DIRECTION('',(-8.749699126334E-02,0.996164783818,0.));
#10205 = DIRECTION('',(-0.996164783818,-8.749699126334E-02,0.));
#10206 = DEFINITIONAL_REPRESENTATION('',(#10207),#10211);
#10207 = LINE('',#10208,#10209);
#10208 = CARTESIAN_POINT('',(4.546690725347E-03,-7.112E-03));
#10209 = VECTOR('',#10210,1.);
#10210 = DIRECTION('',(0.,1.));
#10211 = ( GEOMETRIC_REPRESENTATION_CONTEXT(2) 
PARAMETRIC_REPRESENTATION_CONTEXT() REPRESENTATION_CONTEXT('2D SPACE',''
  ) );
#10212 = ORIENTED_EDGE('',*,*,#10213,.T.);
#10213 = EDGE_CURVE('',#10184,#10108,#10214,.T.);
#10214 = SURFACE_CURVE('',#10215,(#10219,#10226),.PCURVE_S1.);
#10215 = LINE('',#10216,#10217);
#10216 = CARTESIAN_POINT('',(-4.529253183503E-03,1.357217824133E-02,
    -7.112E-03));
#10217 = VECTOR('',#10218,1.);
#10218 = DIRECTION('',(-0.941948366777,-0.335757761378,0.));
#10219 = PCURVE('',#10125,#10220);
#10220 = DEFINITIONAL_REPRESENTATION('',(#10221),#10225);
#10221 = LINE('',#10222,#10223);
#10222 = CARTESIAN_POINT('',(-0.,-7.112E-03));
#10223 = VECTOR('',#10224,1.);
#10224 = DIRECTION('',(1.,0.));
#10225 = ( GEOMETRIC_REPRESENTATION_CONTEXT(2) 
PARAMETRIC_REPRESENTATION_CONTEXT() REPRESENTATION_CONTEXT('2D SPACE',''
  ) );
#10226 = PCURVE('',#8946,#10227);
#10227 = DEFINITIONAL_REPRESENTATION('',(#10228),#10232);
#10228 = LINE('',#10229,#10230);
#10229 = CARTESIAN_POINT('',(-4.529253183503E-03,1.357217824133E-02));
#10230 = VECTOR('',#10231,1.);
#10231 = DIRECTION('',(-0.941948366777,-0.335757761378));
#10232 = ( GEOMETRIC_REPRESENTATION_CONTEXT(2) 
PARAMETRIC_REPRESENTATION_CONTEXT() REPRESENTATION_CONTEXT('2D SPACE',''
  ) );
#10233 = ORIENTED_EDGE('',*,*,#10107,.T.);
#10234 = ORIENTED_EDGE('',*,*,#10235,.F.);
#10235 = EDGE_CURVE('',#10186,#10110,#10236,.T.);
#10236 = SURFACE_CURVE('',#10237,(#10241,#10248),.PCURVE_S1.);
#10237 = LINE('',#10238,#10239);
#10238 = CARTESIAN_POINT('',(-4.529253183503E-03,1.357217824133E-02,
    7.112E-03));
#10239 = VECTOR('',#10240,1.);
#10240 = DIRECTION('',(-0.941948366777,-0.335757761378,0.));
#10241 = PCURVE('',#10125,#10242);
#10242 = DEFINITIONAL_REPRESENTATION('',(#10243),#10247);
#10243 = LINE('',#10244,#10245);
#10244 = CARTESIAN_POINT('',(0.,7.112E-03));
#10245 = VECTOR('',#10246,1.);
#10246 = DIRECTION('',(1.,0.));
#10247 = ( GEOMETRIC_REPRESENTATION_CONTEXT(2) 
PARAMETRIC_REPRESENTATION_CONTEXT() REPRESENTATION_CONTEXT('2D SPACE',''
  ) );
#10248 = PCURVE('',#9002,#10249);
#10249 = DEFINITIONAL_REPRESENTATION('',(#10250),#10254);
#10250 = LINE('',#10251,#10252);
#10251 = CARTESIAN_POINT('',(-4.529253183503E-03,1.357217824133E-02));
#10252 = VECTOR('',#10253,1.);
#10253 = DIRECTION('',(-0.941948366777,-0.335757761378));
#10254 = ( GEOMETRIC_REPRESENTATION_CONTEXT(2) 
PARAMETRIC_REPRESENTATION_CONTEXT() REPRESENTATION_CONTEXT('2D SPACE',''
  ) );
#10255 = ADVANCED_FACE('',(#10256),#10201,.T.);
#10256 = FACE_BOUND('',#10257,.T.);
#10257 = EDGE_LOOP('',(#10258,#10288,#10309,#10310));
#10258 = ORIENTED_EDGE('',*,*,#10259,.F.);
#10259 = EDGE_CURVE('',#10260,#10262,#10264,.T.);
#10260 = VERTEX_POINT('',#10261);
#10261 = CARTESIAN_POINT('',(4.30870855987E-16,1.397E-02,-7.112E-03));
#10262 = VERTEX_POINT('',#10263);
#10263 = CARTESIAN_POINT('',(4.30870855987E-16,1.397E-02,7.112E-03));
#10264 = SURFACE_CURVE('',#10265,(#10269,#10276),.PCURVE_S1.);
#10265 = LINE('',#10266,#10267);
#10266 = CARTESIAN_POINT('',(4.30870855987E-16,1.397E-02,-7.112E-03));
#10267 = VECTOR('',#10268,1.);
#10268 = DIRECTION('',(0.,0.,1.));
#10269 = PCURVE('',#10201,#10270);
#10270 = DEFINITIONAL_REPRESENTATION('',(#10271),#10275);
#10271 = LINE('',#10272,#10273);
#10272 = CARTESIAN_POINT('',(-0.,-7.112E-03));
#10273 = VECTOR('',#10274,1.);
#10274 = DIRECTION('',(0.,1.));
#10275 = ( GEOMETRIC_REPRESENTATION_CONTEXT(2) 
PARAMETRIC_REPRESENTATION_CONTEXT() REPRESENTATION_CONTEXT('2D SPACE',''
  ) );
#10276 = PCURVE('',#10277,#10282);
#10277 = PLANE('',#10278);
#10278 = AXIS2_PLACEMENT_3D('',#10279,#10280,#10281);
#10279 = CARTESIAN_POINT('',(4.529253183503E-03,1.357217824133E-02,0.));
#10280 = DIRECTION('',(8.749699126336E-02,0.996164783818,-0.));
#10281 = DIRECTION('',(-0.996164783818,8.749699126336E-02,0.));
#10282 = DEFINITIONAL_REPRESENTATION('',(#10283),#10287);
#10283 = LINE('',#10284,#10285);
#10284 = CARTESIAN_POINT('',(4.546690725346E-03,-7.112E-03));
#10285 = VECTOR('',#10286,1.);
#10286 = DIRECTION('',(0.,1.));
#10287 = ( GEOMETRIC_REPRESENTATION_CONTEXT(2) 
PARAMETRIC_REPRESENTATION_CONTEXT() REPRESENTATION_CONTEXT('2D SPACE',''
  ) );
#10288 = ORIENTED_EDGE('',*,*,#10289,.T.);
#10289 = EDGE_CURVE('',#10260,#10184,#10290,.T.);
#10290 = SURFACE_CURVE('',#10291,(#10295,#10302),.PCURVE_S1.);
#10291 = LINE('',#10292,#10293);
#10292 = CARTESIAN_POINT('',(4.30870855987E-16,1.397E-02,-7.112E-03));
#10293 = VECTOR('',#10294,1.);
#10294 = DIRECTION('',(-0.996164783818,-8.749699126334E-02,0.));
#10295 = PCURVE('',#10201,#10296);
#10296 = DEFINITIONAL_REPRESENTATION('',(#10297),#10301);
#10297 = LINE('',#10298,#10299);
#10298 = CARTESIAN_POINT('',(-0.,-7.112E-03));
#10299 = VECTOR('',#10300,1.);
#10300 = DIRECTION('',(1.,0.));
#10301 = ( GEOMETRIC_REPRESENTATION_CONTEXT(2) 
PARAMETRIC_REPRESENTATION_CONTEXT() REPRESENTATION_CONTEXT('2D SPACE',''
  ) );
#10302 = PCURVE('',#8946,#10303);
#10303 = DEFINITIONAL_REPRESENTATION('',(#10304),#10308);
#10304 = LINE('',#10305,#10306);
#10305 = CARTESIAN_POINT('',(4.307960168421E-16,1.397E-02));
#10306 = VECTOR('',#10307,1.);
#10307 = DIRECTION('',(-0.996164783818,-8.749699126334E-02));
#10308 = ( GEOMETRIC_REPRESENTATION_CONTEXT(2) 
PARAMETRIC_REPRESENTATION_CONTEXT() REPRESENTATION_CONTEXT('2D SPACE',''
  ) );
#10309 = ORIENTED_EDGE('',*,*,#10183,.T.);
#10310 = ORIENTED_EDGE('',*,*,#10311,.F.);
#10311 = EDGE_CURVE('',#10262,#10186,#10312,.T.);
#10312 = SURFACE_CURVE('',#10313,(#10317,#10324),.PCURVE_S1.);
#10313 = LINE('',#10314,#10315);
#10314 = CARTESIAN_POINT('',(4.30870855987E-16,1.397E-02,7.112E-03));
#10315 = VECTOR('',#10316,1.);
#10316 = DIRECTION('',(-0.996164783818,-8.749699126334E-02,0.));
#10317 = PCURVE('',#10201,#10318);
#10318 = DEFINITIONAL_REPRESENTATION('',(#10319),#10323);
#10319 = LINE('',#10320,#10321);
#10320 = CARTESIAN_POINT('',(0.,7.112E-03));
#10321 = VECTOR('',#10322,1.);
#10322 = DIRECTION('',(1.,0.));
#10323 = ( GEOMETRIC_REPRESENTATION_CONTEXT(2) 
PARAMETRIC_REPRESENTATION_CONTEXT() REPRESENTATION_CONTEXT('2D SPACE',''
  ) );
#10324 = PCURVE('',#9002,#10325);
#10325 = DEFINITIONAL_REPRESENTATION('',(#10326),#10330);
#10326 = LINE('',#10327,#10328);
#10327 = CARTESIAN_POINT('',(4.307960168421E-16,1.397E-02));
#10328 = VECTOR('',#10329,1.);
#10329 = DIRECTION('',(-0.996164783818,-8.749699126334E-02));
#10330 = ( GEOMETRIC_REPRESENTATION_CONTEXT(2) 
PARAMETRIC_REPRESENTATION_CONTEXT() REPRESENTATION_CONTEXT('2D SPACE',''
  ) );
#10331 = ADVANCED_FACE('',(#10332),#10277,.T.);
#10332 = FACE_BOUND('',#10333,.T.);
#10333 = EDGE_LOOP('',(#10334,#10364,#10385,#10386));
#10334 = ORIENTED_EDGE('',*,*,#10335,.F.);
#10335 = EDGE_CURVE('',#10336,#10338,#10340,.T.);
#10336 = VERTEX_POINT('',#10337);
#10337 = CARTESIAN_POINT('',(4.529253183503E-03,1.357217824133E-02,
    -7.112E-03));
#10338 = VERTEX_POINT('',#10339);
#10339 = CARTESIAN_POINT('',(4.529253183503E-03,1.357217824133E-02,
    7.112E-03));
#10340 = SURFACE_CURVE('',#10341,(#10345,#10352),.PCURVE_S1.);
#10341 = LINE('',#10342,#10343);
#10342 = CARTESIAN_POINT('',(4.529253183503E-03,1.357217824133E-02,
    -7.112E-03));
#10343 = VECTOR('',#10344,1.);
#10344 = DIRECTION('',(0.,0.,1.));
#10345 = PCURVE('',#10277,#10346);
#10346 = DEFINITIONAL_REPRESENTATION('',(#10347),#10351);
#10347 = LINE('',#10348,#10349);
#10348 = CARTESIAN_POINT('',(0.,-7.112E-03));
#10349 = VECTOR('',#10350,1.);
#10350 = DIRECTION('',(0.,1.));
#10351 = ( GEOMETRIC_REPRESENTATION_CONTEXT(2) 
PARAMETRIC_REPRESENTATION_CONTEXT() REPRESENTATION_CONTEXT('2D SPACE',''
  ) );
#10352 = PCURVE('',#10353,#10358);
#10353 = PLANE('',#10354);
#10354 = AXIS2_PLACEMENT_3D('',#10355,#10356,#10357);
#10355 = CARTESIAN_POINT('',(7.840397407441E-03,1.239191994752E-02,0.));
#10356 = DIRECTION('',(0.335757761378,0.941948366777,-0.));
#10357 = DIRECTION('',(-0.941948366777,0.335757761378,0.));
#10358 = DEFINITIONAL_REPRESENTATION('',(#10359),#10363);
#10359 = LINE('',#10360,#10361);
#10360 = CARTESIAN_POINT('',(3.515207776479E-03,-7.112E-03));
#10361 = VECTOR('',#10362,1.);
#10362 = DIRECTION('',(0.,1.));
#10363 = ( GEOMETRIC_REPRESENTATION_CONTEXT(2) 
PARAMETRIC_REPRESENTATION_CONTEXT() REPRESENTATION_CONTEXT('2D SPACE',''
  ) );
#10364 = ORIENTED_EDGE('',*,*,#10365,.T.);
#10365 = EDGE_CURVE('',#10336,#10260,#10366,.T.);
#10366 = SURFACE_CURVE('',#10367,(#10371,#10378),.PCURVE_S1.);
#10367 = LINE('',#10368,#10369);
#10368 = CARTESIAN_POINT('',(4.529253183503E-03,1.357217824133E-02,
    -7.112E-03));
#10369 = VECTOR('',#10370,1.);
#10370 = DIRECTION('',(-0.996164783818,8.749699126336E-02,0.));
#10371 = PCURVE('',#10277,#10372);
#10372 = DEFINITIONAL_REPRESENTATION('',(#10373),#10377);
#10373 = LINE('',#10374,#10375);
#10374 = CARTESIAN_POINT('',(0.,-7.112E-03));
#10375 = VECTOR('',#10376,1.);
#10376 = DIRECTION('',(1.,0.));
#10377 = ( GEOMETRIC_REPRESENTATION_CONTEXT(2) 
PARAMETRIC_REPRESENTATION_CONTEXT() REPRESENTATION_CONTEXT('2D SPACE',''
  ) );
#10378 = PCURVE('',#8946,#10379);
#10379 = DEFINITIONAL_REPRESENTATION('',(#10380),#10384);
#10380 = LINE('',#10381,#10382);
#10381 = CARTESIAN_POINT('',(4.529253183503E-03,1.357217824133E-02));
#10382 = VECTOR('',#10383,1.);
#10383 = DIRECTION('',(-0.996164783818,8.749699126336E-02));
#10384 = ( GEOMETRIC_REPRESENTATION_CONTEXT(2) 
PARAMETRIC_REPRESENTATION_CONTEXT() REPRESENTATION_CONTEXT('2D SPACE',''
  ) );
#10385 = ORIENTED_EDGE('',*,*,#10259,.T.);
#10386 = ORIENTED_EDGE('',*,*,#10387,.F.);
#10387 = EDGE_CURVE('',#10338,#10262,#10388,.T.);
#10388 = SURFACE_CURVE('',#10389,(#10393,#10400),.PCURVE_S1.);
#10389 = LINE('',#10390,#10391);
#10390 = CARTESIAN_POINT('',(4.529253183503E-03,1.357217824133E-02,
    7.112E-03));
#10391 = VECTOR('',#10392,1.);
#10392 = DIRECTION('',(-0.996164783818,8.749699126336E-02,0.));
#10393 = PCURVE('',#10277,#10394);
#10394 = DEFINITIONAL_REPRESENTATION('',(#10395),#10399);
#10395 = LINE('',#10396,#10397);
#10396 = CARTESIAN_POINT('',(0.,7.112E-03));
#10397 = VECTOR('',#10398,1.);
#10398 = DIRECTION('',(1.,0.));
#10399 = ( GEOMETRIC_REPRESENTATION_CONTEXT(2) 
PARAMETRIC_REPRESENTATION_CONTEXT() REPRESENTATION_CONTEXT('2D SPACE',''
  ) );
#10400 = PCURVE('',#9002,#10401);
#10401 = DEFINITIONAL_REPRESENTATION('',(#10402),#10406);
#10402 = LINE('',#10403,#10404);
#10403 = CARTESIAN_POINT('',(4.529253183503E-03,1.357217824133E-02));
#10404 = VECTOR('',#10405,1.);
#10405 = DIRECTION('',(-0.996164783818,8.749699126336E-02));
#10406 = ( GEOMETRIC_REPRESENTATION_CONTEXT(2) 
PARAMETRIC_REPRESENTATION_CONTEXT() REPRESENTATION_CONTEXT('2D SPACE',''
  ) );
#10407 = ADVANCED_FACE('',(#10408),#10353,.T.);
#10408 = FACE_BOUND('',#10409,.T.);
#10409 = EDGE_LOOP('',(#10410,#10440,#10461,#10462));
#10410 = ORIENTED_EDGE('',*,*,#10411,.F.);
#10411 = EDGE_CURVE('',#10412,#10414,#10416,.T.);
#10412 = VERTEX_POINT('',#10413);
#10413 = CARTESIAN_POINT('',(7.840397407441E-03,1.239191994752E-02,
    -7.112E-03));
#10414 = VERTEX_POINT('',#10415);
#10415 = CARTESIAN_POINT('',(7.840397407441E-03,1.239191994752E-02,
    7.112E-03));
#10416 = SURFACE_CURVE('',#10417,(#10421,#10428),.PCURVE_S1.);
#10417 = LINE('',#10418,#10419);
#10418 = CARTESIAN_POINT('',(7.840397407441E-03,1.239191994752E-02,
    -7.112E-03));
#10419 = VECTOR('',#10420,1.);
#10420 = DIRECTION('',(0.,0.,1.));
#10421 = PCURVE('',#10353,#10422);
#10422 = DEFINITIONAL_REPRESENTATION('',(#10423),#10427);
#10423 = LINE('',#10424,#10425);
#10424 = CARTESIAN_POINT('',(0.,-7.112E-03));
#10425 = VECTOR('',#10426,1.);
#10426 = DIRECTION('',(0.,1.));
#10427 = ( GEOMETRIC_REPRESENTATION_CONTEXT(2) 
PARAMETRIC_REPRESENTATION_CONTEXT() REPRESENTATION_CONTEXT('2D SPACE',''
  ) );
#10428 = PCURVE('',#10429,#10434);
#10429 = PLANE('',#10430);
#10430 = AXIS2_PLACEMENT_3D('',#10431,#10432,#10433);
#10431 = CARTESIAN_POINT('',(1.046567493198E-02,1.046567493198E-02,0.));
#10432 = DIRECTION('',(0.591571642591,0.806252436698,-0.));
#10433 = DIRECTION('',(-0.806252436698,0.591571642591,0.));
#10434 = DEFINITIONAL_REPRESENTATION('',(#10435),#10439);
#10435 = LINE('',#10436,#10437);
#10436 = CARTESIAN_POINT('',(3.256148329045E-03,-7.112E-03));
#10437 = VECTOR('',#10438,1.);
#10438 = DIRECTION('',(0.,1.));
#10439 = ( GEOMETRIC_REPRESENTATION_CONTEXT(2) 
PARAMETRIC_REPRESENTATION_CONTEXT() REPRESENTATION_CONTEXT('2D SPACE',''
  ) );
#10440 = ORIENTED_EDGE('',*,*,#10441,.T.);
#10441 = EDGE_CURVE('',#10412,#10336,#10442,.T.);
#10442 = SURFACE_CURVE('',#10443,(#10447,#10454),.PCURVE_S1.);
#10443 = LINE('',#10444,#10445);
#10444 = CARTESIAN_POINT('',(7.840397407441E-03,1.239191994752E-02,
    -7.112E-03));
#10445 = VECTOR('',#10446,1.);
#10446 = DIRECTION('',(-0.941948366777,0.335757761378,0.));
#10447 = PCURVE('',#10353,#10448);
#10448 = DEFINITIONAL_REPRESENTATION('',(#10449),#10453);
#10449 = LINE('',#10450,#10451);
#10450 = CARTESIAN_POINT('',(0.,-7.112E-03));
#10451 = VECTOR('',#10452,1.);
#10452 = DIRECTION('',(1.,0.));
#10453 = ( GEOMETRIC_REPRESENTATION_CONTEXT(2) 
PARAMETRIC_REPRESENTATION_CONTEXT() REPRESENTATION_CONTEXT('2D SPACE',''
  ) );
#10454 = PCURVE('',#8946,#10455);
#10455 = DEFINITIONAL_REPRESENTATION('',(#10456),#10460);
#10456 = LINE('',#10457,#10458);
#10457 = CARTESIAN_POINT('',(7.840397407441E-03,1.239191994752E-02));
#10458 = VECTOR('',#10459,1.);
#10459 = DIRECTION('',(-0.941948366777,0.335757761378));
#10460 = ( GEOMETRIC_REPRESENTATION_CONTEXT(2) 
PARAMETRIC_REPRESENTATION_CONTEXT() REPRESENTATION_CONTEXT('2D SPACE',''
  ) );
#10461 = ORIENTED_EDGE('',*,*,#10335,.T.);
#10462 = ORIENTED_EDGE('',*,*,#10463,.F.);
#10463 = EDGE_CURVE('',#10414,#10338,#10464,.T.);
#10464 = SURFACE_CURVE('',#10465,(#10469,#10476),.PCURVE_S1.);
#10465 = LINE('',#10466,#10467);
#10466 = CARTESIAN_POINT('',(7.840397407441E-03,1.239191994752E-02,
    7.112E-03));
#10467 = VECTOR('',#10468,1.);
#10468 = DIRECTION('',(-0.941948366777,0.335757761378,0.));
#10469 = PCURVE('',#10353,#10470);
#10470 = DEFINITIONAL_REPRESENTATION('',(#10471),#10475);
#10471 = LINE('',#10472,#10473);
#10472 = CARTESIAN_POINT('',(0.,7.112E-03));
#10473 = VECTOR('',#10474,1.);
#10474 = DIRECTION('',(1.,0.));
#10475 = ( GEOMETRIC_REPRESENTATION_CONTEXT(2) 
PARAMETRIC_REPRESENTATION_CONTEXT() REPRESENTATION_CONTEXT('2D SPACE',''
  ) );
#10476 = PCURVE('',#9002,#10477);
#10477 = DEFINITIONAL_REPRESENTATION('',(#10478),#10482);
#10478 = LINE('',#10479,#10480);
#10479 = CARTESIAN_POINT('',(7.840397407441E-03,1.239191994752E-02));
#10480 = VECTOR('',#10481,1.);
#10481 = DIRECTION('',(-0.941948366777,0.335757761378));
#10482 = ( GEOMETRIC_REPRESENTATION_CONTEXT(2) 
PARAMETRIC_REPRESENTATION_CONTEXT() REPRESENTATION_CONTEXT('2D SPACE',''
  ) );
#10483 = ADVANCED_FACE('',(#10484),#10429,.T.);
#10484 = FACE_BOUND('',#10485,.T.);
#10485 = EDGE_LOOP('',(#10486,#10516,#10537,#10538));
#10486 = ORIENTED_EDGE('',*,*,#10487,.F.);
#10487 = EDGE_CURVE('',#10488,#10490,#10492,.T.);
#10488 = VERTEX_POINT('',#10489);
#10489 = CARTESIAN_POINT('',(1.046567493198E-02,1.046567493198E-02,
    -7.112E-03));
#10490 = VERTEX_POINT('',#10491);
#10491 = CARTESIAN_POINT('',(1.046567493198E-02,1.046567493198E-02,
    7.112E-03));
#10492 = SURFACE_CURVE('',#10493,(#10497,#10504),.PCURVE_S1.);
#10493 = LINE('',#10494,#10495);
#10494 = CARTESIAN_POINT('',(1.046567493198E-02,1.046567493198E-02,
    -7.112E-03));
#10495 = VECTOR('',#10496,1.);
#10496 = DIRECTION('',(0.,0.,1.));
#10497 = PCURVE('',#10429,#10498);
#10498 = DEFINITIONAL_REPRESENTATION('',(#10499),#10503);
#10499 = LINE('',#10500,#10501);
#10500 = CARTESIAN_POINT('',(0.,-7.112E-03));
#10501 = VECTOR('',#10502,1.);
#10502 = DIRECTION('',(0.,1.));
#10503 = ( GEOMETRIC_REPRESENTATION_CONTEXT(2) 
PARAMETRIC_REPRESENTATION_CONTEXT() REPRESENTATION_CONTEXT('2D SPACE',''
  ) );
#10504 = PCURVE('',#10505,#10510);
#10505 = PLANE('',#10506);
#10506 = AXIS2_PLACEMENT_3D('',#10507,#10508,#10509);
#10507 = CARTESIAN_POINT('',(1.239191994752E-02,7.840397407441E-03,0.));
#10508 = DIRECTION('',(0.806252436698,0.591571642591,-0.));
#10509 = DIRECTION('',(-0.591571642591,0.806252436698,0.));
#10510 = DEFINITIONAL_REPRESENTATION('',(#10511),#10515);
#10511 = LINE('',#10512,#10513);
#10512 = CARTESIAN_POINT('',(3.256148329045E-03,-7.112E-03));
#10513 = VECTOR('',#10514,1.);
#10514 = DIRECTION('',(0.,1.));
#10515 = ( GEOMETRIC_REPRESENTATION_CONTEXT(2) 
PARAMETRIC_REPRESENTATION_CONTEXT() REPRESENTATION_CONTEXT('2D SPACE',''
  ) );
#10516 = ORIENTED_EDGE('',*,*,#10517,.T.);
#10517 = EDGE_CURVE('',#10488,#10412,#10518,.T.);
#10518 = SURFACE_CURVE('',#10519,(#10523,#10530),.PCURVE_S1.);
#10519 = LINE('',#10520,#10521);
#10520 = CARTESIAN_POINT('',(1.046567493198E-02,1.046567493198E-02,
    -7.112E-03));
#10521 = VECTOR('',#10522,1.);
#10522 = DIRECTION('',(-0.806252436698,0.591571642591,0.));
#10523 = PCURVE('',#10429,#10524);
#10524 = DEFINITIONAL_REPRESENTATION('',(#10525),#10529);
#10525 = LINE('',#10526,#10527);
#10526 = CARTESIAN_POINT('',(0.,-7.112E-03));
#10527 = VECTOR('',#10528,1.);
#10528 = DIRECTION('',(1.,0.));
#10529 = ( GEOMETRIC_REPRESENTATION_CONTEXT(2) 
PARAMETRIC_REPRESENTATION_CONTEXT() REPRESENTATION_CONTEXT('2D SPACE',''
  ) );
#10530 = PCURVE('',#8946,#10531);
#10531 = DEFINITIONAL_REPRESENTATION('',(#10532),#10536);
#10532 = LINE('',#10533,#10534);
#10533 = CARTESIAN_POINT('',(1.046567493198E-02,1.046567493198E-02));
#10534 = VECTOR('',#10535,1.);
#10535 = DIRECTION('',(-0.806252436698,0.591571642591));
#10536 = ( GEOMETRIC_REPRESENTATION_CONTEXT(2) 
PARAMETRIC_REPRESENTATION_CONTEXT() REPRESENTATION_CONTEXT('2D SPACE',''
  ) );
#10537 = ORIENTED_EDGE('',*,*,#10411,.T.);
#10538 = ORIENTED_EDGE('',*,*,#10539,.F.);
#10539 = EDGE_CURVE('',#10490,#10414,#10540,.T.);
#10540 = SURFACE_CURVE('',#10541,(#10545,#10552),.PCURVE_S1.);
#10541 = LINE('',#10542,#10543);
#10542 = CARTESIAN_POINT('',(1.046567493198E-02,1.046567493198E-02,
    7.112E-03));
#10543 = VECTOR('',#10544,1.);
#10544 = DIRECTION('',(-0.806252436698,0.591571642591,0.));
#10545 = PCURVE('',#10429,#10546);
#10546 = DEFINITIONAL_REPRESENTATION('',(#10547),#10551);
#10547 = LINE('',#10548,#10549);
#10548 = CARTESIAN_POINT('',(0.,7.112E-03));
#10549 = VECTOR('',#10550,1.);
#10550 = DIRECTION('',(1.,0.));
#10551 = ( GEOMETRIC_REPRESENTATION_CONTEXT(2) 
PARAMETRIC_REPRESENTATION_CONTEXT() REPRESENTATION_CONTEXT('2D SPACE',''
  ) );
#10552 = PCURVE('',#9002,#10553);
#10553 = DEFINITIONAL_REPRESENTATION('',(#10554),#10558);
#10554 = LINE('',#10555,#10556);
#10555 = CARTESIAN_POINT('',(1.046567493198E-02,1.046567493198E-02));
#10556 = VECTOR('',#10557,1.);
#10557 = DIRECTION('',(-0.806252436698,0.591571642591));
#10558 = ( GEOMETRIC_REPRESENTATION_CONTEXT(2) 
PARAMETRIC_REPRESENTATION_CONTEXT() REPRESENTATION_CONTEXT('2D SPACE',''
  ) );
#10559 = ADVANCED_FACE('',(#10560),#10505,.T.);
#10560 = FACE_BOUND('',#10561,.T.);
#10561 = EDGE_LOOP('',(#10562,#10592,#10613,#10614));
#10562 = ORIENTED_EDGE('',*,*,#10563,.F.);
#10563 = EDGE_CURVE('',#10564,#10566,#10568,.T.);
#10564 = VERTEX_POINT('',#10565);
#10565 = CARTESIAN_POINT('',(1.239191994752E-02,7.840397407441E-03,
    -7.112E-03));
#10566 = VERTEX_POINT('',#10567);
#10567 = CARTESIAN_POINT('',(1.239191994752E-02,7.840397407441E-03,
    7.112E-03));
#10568 = SURFACE_CURVE('',#10569,(#10573,#10580),.PCURVE_S1.);
#10569 = LINE('',#10570,#10571);
#10570 = CARTESIAN_POINT('',(1.239191994752E-02,7.840397407441E-03,
    -7.112E-03));
#10571 = VECTOR('',#10572,1.);
#10572 = DIRECTION('',(0.,0.,1.));
#10573 = PCURVE('',#10505,#10574);
#10574 = DEFINITIONAL_REPRESENTATION('',(#10575),#10579);
#10575 = LINE('',#10576,#10577);
#10576 = CARTESIAN_POINT('',(0.,-7.112E-03));
#10577 = VECTOR('',#10578,1.);
#10578 = DIRECTION('',(0.,1.));
#10579 = ( GEOMETRIC_REPRESENTATION_CONTEXT(2) 
PARAMETRIC_REPRESENTATION_CONTEXT() REPRESENTATION_CONTEXT('2D SPACE',''
  ) );
#10580 = PCURVE('',#10581,#10586);
#10581 = PLANE('',#10582);
#10582 = AXIS2_PLACEMENT_3D('',#10583,#10584,#10585);
#10583 = CARTESIAN_POINT('',(1.357217824133E-02,4.529253183503E-03,0.));
#10584 = DIRECTION('',(0.941948366777,0.335757761378,-0.));
#10585 = DIRECTION('',(-0.335757761378,0.941948366777,0.));
#10586 = DEFINITIONAL_REPRESENTATION('',(#10587),#10591);
#10587 = LINE('',#10588,#10589);
#10588 = CARTESIAN_POINT('',(3.515207776479E-03,-7.112E-03));
#10589 = VECTOR('',#10590,1.);
#10590 = DIRECTION('',(0.,1.));
#10591 = ( GEOMETRIC_REPRESENTATION_CONTEXT(2) 
PARAMETRIC_REPRESENTATION_CONTEXT() REPRESENTATION_CONTEXT('2D SPACE',''
  ) );
#10592 = ORIENTED_EDGE('',*,*,#10593,.T.);
#10593 = EDGE_CURVE('',#10564,#10488,#10594,.T.);
#10594 = SURFACE_CURVE('',#10595,(#10599,#10606),.PCURVE_S1.);
#10595 = LINE('',#10596,#10597);
#10596 = CARTESIAN_POINT('',(1.239191994752E-02,7.840397407441E-03,
    -7.112E-03));
#10597 = VECTOR('',#10598,1.);
#10598 = DIRECTION('',(-0.591571642591,0.806252436698,0.));
#10599 = PCURVE('',#10505,#10600);
#10600 = DEFINITIONAL_REPRESENTATION('',(#10601),#10605);
#10601 = LINE('',#10602,#10603);
#10602 = CARTESIAN_POINT('',(0.,-7.112E-03));
#10603 = VECTOR('',#10604,1.);
#10604 = DIRECTION('',(1.,0.));
#10605 = ( GEOMETRIC_REPRESENTATION_CONTEXT(2) 
PARAMETRIC_REPRESENTATION_CONTEXT() REPRESENTATION_CONTEXT('2D SPACE',''
  ) );
#10606 = PCURVE('',#8946,#10607);
#10607 = DEFINITIONAL_REPRESENTATION('',(#10608),#10612);
#10608 = LINE('',#10609,#10610);
#10609 = CARTESIAN_POINT('',(1.239191994752E-02,7.840397407441E-03));
#10610 = VECTOR('',#10611,1.);
#10611 = DIRECTION('',(-0.591571642591,0.806252436698));
#10612 = ( GEOMETRIC_REPRESENTATION_CONTEXT(2) 
PARAMETRIC_REPRESENTATION_CONTEXT() REPRESENTATION_CONTEXT('2D SPACE',''
  ) );
#10613 = ORIENTED_EDGE('',*,*,#10487,.T.);
#10614 = ORIENTED_EDGE('',*,*,#10615,.F.);
#10615 = EDGE_CURVE('',#10566,#10490,#10616,.T.);
#10616 = SURFACE_CURVE('',#10617,(#10621,#10628),.PCURVE_S1.);
#10617 = LINE('',#10618,#10619);
#10618 = CARTESIAN_POINT('',(1.239191994752E-02,7.840397407441E-03,
    7.112E-03));
#10619 = VECTOR('',#10620,1.);
#10620 = DIRECTION('',(-0.591571642591,0.806252436698,0.));
#10621 = PCURVE('',#10505,#10622);
#10622 = DEFINITIONAL_REPRESENTATION('',(#10623),#10627);
#10623 = LINE('',#10624,#10625);
#10624 = CARTESIAN_POINT('',(0.,7.112E-03));
#10625 = VECTOR('',#10626,1.);
#10626 = DIRECTION('',(1.,0.));
#10627 = ( GEOMETRIC_REPRESENTATION_CONTEXT(2) 
PARAMETRIC_REPRESENTATION_CONTEXT() REPRESENTATION_CONTEXT('2D SPACE',''
  ) );
#10628 = PCURVE('',#9002,#10629);
#10629 = DEFINITIONAL_REPRESENTATION('',(#10630),#10634);
#10630 = LINE('',#10631,#10632);
#10631 = CARTESIAN_POINT('',(1.239191994752E-02,7.840397407441E-03));
#10632 = VECTOR('',#10633,1.);
#10633 = DIRECTION('',(-0.591571642591,0.806252436698));
#10634 = ( GEOMETRIC_REPRESENTATION_CONTEXT(2) 
PARAMETRIC_REPRESENTATION_CONTEXT() REPRESENTATION_CONTEXT('2D SPACE',''
  ) );
#10635 = ADVANCED_FACE('',(#10636),#10581,.T.);
#10636 = FACE_BOUND('',#10637,.T.);
#10637 = EDGE_LOOP('',(#10638,#10663,#10684,#10685));
#10638 = ORIENTED_EDGE('',*,*,#10639,.F.);
#10639 = EDGE_CURVE('',#10640,#10642,#10644,.T.);
#10640 = VERTEX_POINT('',#10641);
#10641 = CARTESIAN_POINT('',(1.357217824133E-02,4.529253183503E-03,
    -7.112E-03));
#10642 = VERTEX_POINT('',#10643);
#10643 = CARTESIAN_POINT('',(1.357217824133E-02,4.529253183503E-03,
    7.112E-03));
#10644 = SURFACE_CURVE('',#10645,(#10649,#10656),.PCURVE_S1.);
#10645 = LINE('',#10646,#10647);
#10646 = CARTESIAN_POINT('',(1.357217824133E-02,4.529253183503E-03,
    -7.112E-03));
#10647 = VECTOR('',#10648,1.);
#10648 = DIRECTION('',(0.,0.,1.));
#10649 = PCURVE('',#10581,#10650);
#10650 = DEFINITIONAL_REPRESENTATION('',(#10651),#10655);
#10651 = LINE('',#10652,#10653);
#10652 = CARTESIAN_POINT('',(0.,-7.112E-03));
#10653 = VECTOR('',#10654,1.);
#10654 = DIRECTION('',(0.,1.));
#10655 = ( GEOMETRIC_REPRESENTATION_CONTEXT(2) 
PARAMETRIC_REPRESENTATION_CONTEXT() REPRESENTATION_CONTEXT('2D SPACE',''
  ) );
#10656 = PCURVE('',#8974,#10657);
#10657 = DEFINITIONAL_REPRESENTATION('',(#10658),#10662);
#10658 = LINE('',#10659,#10660);
#10659 = CARTESIAN_POINT('',(4.546690725346E-03,-7.112E-03));
#10660 = VECTOR('',#10661,1.);
#10661 = DIRECTION('',(0.,1.));
#10662 = ( GEOMETRIC_REPRESENTATION_CONTEXT(2) 
PARAMETRIC_REPRESENTATION_CONTEXT() REPRESENTATION_CONTEXT('2D SPACE',''
  ) );
#10663 = ORIENTED_EDGE('',*,*,#10664,.T.);
#10664 = EDGE_CURVE('',#10640,#10564,#10665,.T.);
#10665 = SURFACE_CURVE('',#10666,(#10670,#10677),.PCURVE_S1.);
#10666 = LINE('',#10667,#10668);
#10667 = CARTESIAN_POINT('',(1.357217824133E-02,4.529253183503E-03,
    -7.112E-03));
#10668 = VECTOR('',#10669,1.);
#10669 = DIRECTION('',(-0.335757761378,0.941948366777,0.));
#10670 = PCURVE('',#10581,#10671);
#10671 = DEFINITIONAL_REPRESENTATION('',(#10672),#10676);
#10672 = LINE('',#10673,#10674);
#10673 = CARTESIAN_POINT('',(0.,-7.112E-03));
#10674 = VECTOR('',#10675,1.);
#10675 = DIRECTION('',(1.,0.));
#10676 = ( GEOMETRIC_REPRESENTATION_CONTEXT(2) 
PARAMETRIC_REPRESENTATION_CONTEXT() REPRESENTATION_CONTEXT('2D SPACE',''
  ) );
#10677 = PCURVE('',#8946,#10678);
#10678 = DEFINITIONAL_REPRESENTATION('',(#10679),#10683);
#10679 = LINE('',#10680,#10681);
#10680 = CARTESIAN_POINT('',(1.357217824133E-02,4.529253183503E-03));
#10681 = VECTOR('',#10682,1.);
#10682 = DIRECTION('',(-0.335757761378,0.941948366777));
#10683 = ( GEOMETRIC_REPRESENTATION_CONTEXT(2) 
PARAMETRIC_REPRESENTATION_CONTEXT() REPRESENTATION_CONTEXT('2D SPACE',''
  ) );
#10684 = ORIENTED_EDGE('',*,*,#10563,.T.);
#10685 = ORIENTED_EDGE('',*,*,#10686,.F.);
#10686 = EDGE_CURVE('',#10642,#10566,#10687,.T.);
#10687 = SURFACE_CURVE('',#10688,(#10692,#10699),.PCURVE_S1.);
#10688 = LINE('',#10689,#10690);
#10689 = CARTESIAN_POINT('',(1.357217824133E-02,4.529253183503E-03,
    7.112E-03));
#10690 = VECTOR('',#10691,1.);
#10691 = DIRECTION('',(-0.335757761378,0.941948366777,0.));
#10692 = PCURVE('',#10581,#10693);
#10693 = DEFINITIONAL_REPRESENTATION('',(#10694),#10698);
#10694 = LINE('',#10695,#10696);
#10695 = CARTESIAN_POINT('',(0.,7.112E-03));
#10696 = VECTOR('',#10697,1.);
#10697 = DIRECTION('',(1.,0.));
#10698 = ( GEOMETRIC_REPRESENTATION_CONTEXT(2) 
PARAMETRIC_REPRESENTATION_CONTEXT() REPRESENTATION_CONTEXT('2D SPACE',''
  ) );
#10699 = PCURVE('',#9002,#10700);
#10700 = DEFINITIONAL_REPRESENTATION('',(#10701),#10705);
#10701 = LINE('',#10702,#10703);
#10702 = CARTESIAN_POINT('',(1.357217824133E-02,4.529253183503E-03));
#10703 = VECTOR('',#10704,1.);
#10704 = DIRECTION('',(-0.335757761378,0.941948366777));
#10705 = ( GEOMETRIC_REPRESENTATION_CONTEXT(2) 
PARAMETRIC_REPRESENTATION_CONTEXT() REPRESENTATION_CONTEXT('2D SPACE',''
  ) );
#10706 = ADVANCED_FACE('',(#10707),#9002,.T.);
#10707 = FACE_BOUND('',#10708,.T.);
#10708 = EDGE_LOOP('',(#10709,#10710,#10731,#10732,#10733,#10734,#10735,
    #10736,#10737,#10738,#10739,#10740,#10741,#10742,#10743,#10744,
    #10745,#10746,#10747,#10748,#10749,#10750,#10751,#10752));
#10709 = ORIENTED_EDGE('',*,*,#8986,.T.);
#10710 = ORIENTED_EDGE('',*,*,#10711,.T.);
#10711 = EDGE_CURVE('',#8959,#10642,#10712,.T.);
#10712 = SURFACE_CURVE('',#10713,(#10717,#10724),.PCURVE_S1.);
#10713 = LINE('',#10714,#10715);
#10714 = CARTESIAN_POINT('',(1.397E-02,0.,7.112E-03));
#10715 = VECTOR('',#10716,1.);
#10716 = DIRECTION('',(-8.749699126335E-02,0.996164783818,0.));
#10717 = PCURVE('',#9002,#10718);
#10718 = DEFINITIONAL_REPRESENTATION('',(#10719),#10723);
#10719 = LINE('',#10720,#10721);
#10720 = CARTESIAN_POINT('',(1.397E-02,-7.296816632004E-19));
#10721 = VECTOR('',#10722,1.);
#10722 = DIRECTION('',(-8.749699126335E-02,0.996164783818));
#10723 = ( GEOMETRIC_REPRESENTATION_CONTEXT(2) 
PARAMETRIC_REPRESENTATION_CONTEXT() REPRESENTATION_CONTEXT('2D SPACE',''
  ) );
#10724 = PCURVE('',#8974,#10725);
#10725 = DEFINITIONAL_REPRESENTATION('',(#10726),#10730);
#10726 = LINE('',#10727,#10728);
#10727 = CARTESIAN_POINT('',(0.,7.112E-03));
#10728 = VECTOR('',#10729,1.);
#10729 = DIRECTION('',(1.,0.));
#10730 = ( GEOMETRIC_REPRESENTATION_CONTEXT(2) 
PARAMETRIC_REPRESENTATION_CONTEXT() REPRESENTATION_CONTEXT('2D SPACE',''
  ) );
#10731 = ORIENTED_EDGE('',*,*,#10686,.T.);
#10732 = ORIENTED_EDGE('',*,*,#10615,.T.);
#10733 = ORIENTED_EDGE('',*,*,#10539,.T.);
#10734 = ORIENTED_EDGE('',*,*,#10463,.T.);
#10735 = ORIENTED_EDGE('',*,*,#10387,.T.);
#10736 = ORIENTED_EDGE('',*,*,#10311,.T.);
#10737 = ORIENTED_EDGE('',*,*,#10235,.T.);
#10738 = ORIENTED_EDGE('',*,*,#10159,.T.);
#10739 = ORIENTED_EDGE('',*,*,#10083,.T.);
#10740 = ORIENTED_EDGE('',*,*,#10007,.T.);
#10741 = ORIENTED_EDGE('',*,*,#9931,.T.);
#10742 = ORIENTED_EDGE('',*,*,#9855,.T.);
#10743 = ORIENTED_EDGE('',*,*,#9779,.T.);
#10744 = ORIENTED_EDGE('',*,*,#9703,.T.);
#10745 = ORIENTED_EDGE('',*,*,#9627,.T.);
#10746 = ORIENTED_EDGE('',*,*,#9551,.T.);
#10747 = ORIENTED_EDGE('',*,*,#9475,.T.);
#10748 = ORIENTED_EDGE('',*,*,#9399,.T.);
#10749 = ORIENTED_EDGE('',*,*,#9323,.T.);
#10750 = ORIENTED_EDGE('',*,*,#9247,.T.);
#10751 = ORIENTED_EDGE('',*,*,#9143,.T.);
#10752 = ORIENTED_EDGE('',*,*,#9067,.T.);
#10753 = ADVANCED_FACE('',(#10754),#8974,.T.);
#10754 = FACE_BOUND('',#10755,.T.);
#10755 = EDGE_LOOP('',(#10756,#10757,#10778,#10779));
#10756 = ORIENTED_EDGE('',*,*,#8958,.F.);
#10757 = ORIENTED_EDGE('',*,*,#10758,.T.);
#10758 = EDGE_CURVE('',#8926,#10640,#10759,.T.);
#10759 = SURFACE_CURVE('',#10760,(#10764,#10771),.PCURVE_S1.);
#10760 = LINE('',#10761,#10762);
#10761 = CARTESIAN_POINT('',(1.397E-02,0.,-7.112E-03));
#10762 = VECTOR('',#10763,1.);
#10763 = DIRECTION('',(-8.749699126335E-02,0.996164783818,0.));
#10764 = PCURVE('',#8974,#10765);
#10765 = DEFINITIONAL_REPRESENTATION('',(#10766),#10770);
#10766 = LINE('',#10767,#10768);
#10767 = CARTESIAN_POINT('',(0.,-7.112E-03));
#10768 = VECTOR('',#10769,1.);
#10769 = DIRECTION('',(1.,0.));
#10770 = ( GEOMETRIC_REPRESENTATION_CONTEXT(2) 
PARAMETRIC_REPRESENTATION_CONTEXT() REPRESENTATION_CONTEXT('2D SPACE',''
  ) );
#10771 = PCURVE('',#8946,#10772);
#10772 = DEFINITIONAL_REPRESENTATION('',(#10773),#10777);
#10773 = LINE('',#10774,#10775);
#10774 = CARTESIAN_POINT('',(1.397E-02,-7.296816632004E-19));
#10775 = VECTOR('',#10776,1.);
#10776 = DIRECTION('',(-8.749699126335E-02,0.996164783818));
#10777 = ( GEOMETRIC_REPRESENTATION_CONTEXT(2) 
PARAMETRIC_REPRESENTATION_CONTEXT() REPRESENTATION_CONTEXT('2D SPACE',''
  ) );
#10778 = ORIENTED_EDGE('',*,*,#10639,.T.);
#10779 = ORIENTED_EDGE('',*,*,#10711,.F.);
#10780 = ADVANCED_FACE('',(#10781),#8946,.F.);
#10781 = FACE_BOUND('',#10782,.F.);
#10782 = EDGE_LOOP('',(#10783,#10784,#10785,#10786,#10787,#10788,#10789,
    #10790,#10791,#10792,#10793,#10794,#10795,#10796,#10797,#10798,
    #10799,#10800,#10801,#10802,#10803,#10804,#10805,#10806));
#10783 = ORIENTED_EDGE('',*,*,#8923,.T.);
#10784 = ORIENTED_EDGE('',*,*,#10758,.T.);
#10785 = ORIENTED_EDGE('',*,*,#10664,.T.);
#10786 = ORIENTED_EDGE('',*,*,#10593,.T.);
#10787 = ORIENTED_EDGE('',*,*,#10517,.T.);
#10788 = ORIENTED_EDGE('',*,*,#10441,.T.);
#10789 = ORIENTED_EDGE('',*,*,#10365,.T.);
#10790 = ORIENTED_EDGE('',*,*,#10289,.T.);
#10791 = ORIENTED_EDGE('',*,*,#10213,.T.);
#10792 = ORIENTED_EDGE('',*,*,#10137,.T.);
#10793 = ORIENTED_EDGE('',*,*,#10061,.T.);
#10794 = ORIENTED_EDGE('',*,*,#9985,.T.);
#10795 = ORIENTED_EDGE('',*,*,#9909,.T.);
#10796 = ORIENTED_EDGE('',*,*,#9833,.T.);
#10797 = ORIENTED_EDGE('',*,*,#9757,.T.);
#10798 = ORIENTED_EDGE('',*,*,#9681,.T.);
#10799 = ORIENTED_EDGE('',*,*,#9605,.T.);
#10800 = ORIENTED_EDGE('',*,*,#9529,.T.);
#10801 = ORIENTED_EDGE('',*,*,#9453,.T.);
#10802 = ORIENTED_EDGE('',*,*,#9377,.T.);
#10803 = ORIENTED_EDGE('',*,*,#9301,.T.);
#10804 = ORIENTED_EDGE('',*,*,#9225,.T.);
#10805 = ORIENTED_EDGE('',*,*,#9119,.T.);
#10806 = ORIENTED_EDGE('',*,*,#9043,.T.);
#10807 = ( GEOMETRIC_REPRESENTATION_CONTEXT(3) 
GLOBAL_UNCERTAINTY_ASSIGNED_CONTEXT((#10811)) 
GLOBAL_UNIT_ASSIGNED_CONTEXT((#10808,#10809,#10810)) 
REPRESENTATION_CONTEXT('Context #1',
  '3D Context with UNIT and UNCERTAINTY') );
#10808 = ( LENGTH_UNIT() NAMED_UNIT(*) SI_UNIT(.MILLI.,.METRE.) );
#10809 = ( NAMED_UNIT(*) PLANE_ANGLE_UNIT() SI_UNIT($,.RADIAN.) );
#10810 = ( NAMED_UNIT(*) SI_UNIT($,.STERADIAN.) SOLID_ANGLE_UNIT() );
#10811 = UNCERTAINTY_MEASURE_WITH_UNIT(LENGTH_MEASURE(1.E-07),#10808,
  'distance_accuracy_value','confusion accuracy');
#10812 = CONTEXT_DEPENDENT_SHAPE_REPRESENTATION(#10813,#10815);
#10813 = ( REPRESENTATION_RELATIONSHIP('','',#32,#10) 
REPRESENTATION_RELATIONSHIP_WITH_TRANSFORMATION(#10814) 
SHAPE_REPRESENTATION_RELATIONSHIP() );
#10814 = ITEM_DEFINED_TRANSFORMATION('','',#11,#15);
#10815 = PRODUCT_DEFINITION_SHAPE('Placement','Placement of an item',
  #10816);
#10816 = NEXT_ASSEMBLY_USAGE_OCCURRENCE('13','=>[0:1:1:2]','',#5,#27,$);
#10817 = PRODUCT_RELATED_PRODUCT_CATEGORY('part',$,(#29));
ENDSEC;
END-ISO-10303-21;
