ISO-10303-21;
HEADER;
FILE_DESCRIPTION(('Open CASCADE Model'),'2;1');
FILE_NAME('Open CASCADE Shape Model','2026-08-02T22:06:58',('Author'),(
    'Open CASCADE'),'Open CASCADE STEP processor 7.9','build123d',
  'Unknown');
FILE_SCHEMA(('AUTOMOTIVE_DESIGN { 1 0 10303 214 1 1 1 1 }'));
ENDSEC;
DATA;
#1 = APPLICATION_PROTOCOL_DEFINITION('international standard',
  'automotive_design',2000,#2);
#2 = APPLICATION_CONTEXT(
  'core data for automotive mechanical design processes');
#3 = SHAPE_DEFINITION_REPRESENTATION(#4,#10);
#4 = PRODUCT_DEFINITION_SHAPE('','',#5);
#5 = PRODUCT_DEFINITION('design','',#6,#9);
#6 = PRODUCT_DEFINITION_FORMATION('','',#7);
#7 = PRODUCT('=>[0:1:1:2]','=>[0:1:1:2]','',(#8));
#8 = PRODUCT_CONTEXT('',#2,'mechanical');
#9 = PRODUCT_DEFINITION_CONTEXT('part definition',#2,'design');
#10 = SHAPE_REPRESENTATION('',(#11,#15),#19);
#11 = AXIS2_PLACEMENT_3D('',#12,#13,#14);
#12 = CARTESIAN_POINT('',(0.,0.,0.));
#13 = DIRECTION('',(0.,0.,1.));
#14 = DIRECTION('',(1.,0.,-0.));
#15 = AXIS2_PLACEMENT_3D('',#16,#17,#18);
#16 = CARTESIAN_POINT('',(0.,0.,0.));
#17 = DIRECTION('',(0.,0.,1.));
#18 = DIRECTION('',(1.,0.,-0.));
#19 = ( GEOMETRIC_REPRESENTATION_CONTEXT(3) 
GLOBAL_UNCERTAINTY_ASSIGNED_CONTEXT((#23)) GLOBAL_UNIT_ASSIGNED_CONTEXT(
(#20,#21,#22)) REPRESENTATION_CONTEXT('Context #1',
  '3D Context with UNIT and UNCERTAINTY') );
#20 = ( LENGTH_UNIT() NAMED_UNIT(*) SI_UNIT(.MILLI.,.METRE.) );
#21 = ( NAMED_UNIT(*) PLANE_ANGLE_UNIT() SI_UNIT($,.RADIAN.) );
#22 = ( NAMED_UNIT(*) SI_UNIT($,.STERADIAN.) SOLID_ANGLE_UNIT() );
#23 = UNCERTAINTY_MEASURE_WITH_UNIT(LENGTH_MEASURE(5.E-06),#20,
  'distance_accuracy_value','confusion accuracy');
#24 = PRODUCT_RELATED_PRODUCT_CATEGORY('part',$,(#7));
#25 = SHAPE_DEFINITION_REPRESENTATION(#26,#32);
#26 = PRODUCT_DEFINITION_SHAPE('','',#27);
#27 = PRODUCT_DEFINITION('design','',#28,#31);
#28 = PRODUCT_DEFINITION_FORMATION('','',#29);
#29 = PRODUCT('COMPOUND','COMPOUND','',(#30));
#30 = PRODUCT_CONTEXT('',#2,'mechanical');
#31 = PRODUCT_DEFINITION_CONTEXT('part definition',#2,'design');
#32 = ADVANCED_BREP_SHAPE_REPRESENTATION('',(#11,#33),#3199);
#33 = MANIFOLD_SOLID_BREP('',#34);
#34 = CLOSED_SHELL('',(#35,#147,#216,#1037,#1082,#1929,#1955,#2249,#2295
    ,#2321,#2347,#2373,#2399,#2425,#2451,#2477,#2503,#2529,#2555,#2581,
    #2607,#2614,#2640,#2666,#2692,#2718,#2744,#2770,#2796,#2822,#2848,
    #2874,#2900,#2926,#2952,#2978,#3004,#3031,#3056,#3082,#3108,#3115,
    #3141,#3167,#3193));
#35 = ADVANCED_FACE('',(#36),#49,.T.);
#36 = FACE_BOUND('',#37,.T.);
#37 = EDGE_LOOP('',(#38,#72,#97,#124));
#38 = ORIENTED_EDGE('',*,*,#39,.F.);
#39 = EDGE_CURVE('',#40,#42,#44,.T.);
#40 = VERTEX_POINT('',#41);
#41 = CARTESIAN_POINT('',(-0.994823568551,7.446282940476E-02,
    5.825331625009E-02));
#42 = VERTEX_POINT('',#43);
#43 = CARTESIAN_POINT('',(-0.973997100992,0.223388488214,0.169417597584)
  );
#44 = SURFACE_CURVE('',#45,(#48,#60),.PCURVE_S1.);
#45 = B_SPLINE_CURVE_WITH_KNOTS('',1,(#46,#47),.UNSPECIFIED.,.F.,.F.,(2,
    2),(0.,1.),.PIECEWISE_BEZIER_KNOTS.);
#46 = CARTESIAN_POINT('',(-1.004748726309,3.490128269625E-03,
    5.276351910425E-03));
#47 = CARTESIAN_POINT('',(-0.967019082942,0.273286817462,0.206663777691)
  );
#48 = PCURVE('',#49,#54);
#49 = B_SPLINE_SURFACE_WITH_KNOTS('',1,1,(
    (#50,#51)
    ,(#52,#53
    )),.UNSPECIFIED.,.F.,.F.,.F.,(2,2),(2,2),(0.,1.240719397039E-04),(0.
    ,1.),.PIECEWISE_BEZIER_KNOTS.);
#50 = CARTESIAN_POINT('',(-1.004748726309,3.490128269625E-03,
    5.276351910425E-03));
#51 = CARTESIAN_POINT('',(-0.967019082942,0.273286817462,0.206663777691)
  );
#52 = CARTESIAN_POINT('',(-1.004872535617,3.485333523168E-03,
    5.282841269323E-03));
#53 = CARTESIAN_POINT('',(-0.967108225644,0.273283365245,0.20666845003)
  );
#54 = DEFINITIONAL_REPRESENTATION('',(#55),#59);
#55 = LINE('',#56,#57);
#56 = CARTESIAN_POINT('',(0.,0.));
#57 = VECTOR('',#58,1.);
#58 = DIRECTION('',(0.,1.));
#59 = ( GEOMETRIC_REPRESENTATION_CONTEXT(2) 
PARAMETRIC_REPRESENTATION_CONTEXT() REPRESENTATION_CONTEXT('2D SPACE',''
  ) );
#60 = PCURVE('',#61,#66);
#61 = B_SPLINE_SURFACE_WITH_KNOTS('',1,1,(
    (#62,#63)
    ,(#64,#65
    )),.UNSPECIFIED.,.F.,.F.,.F.,(2,2),(2,2),(0.,3.718680024035E-04),(0.
    ,1.),.PIECEWISE_BEZIER_KNOTS.);
#62 = CARTESIAN_POINT('',(-1.004377640845,3.504456885877E-03,
    5.25695911579E-03));
#63 = CARTESIAN_POINT('',(-0.966751901408,0.273297134066,0.206649814879)
  );
#64 = CARTESIAN_POINT('',(-1.004748726309,3.490128269625E-03,
    5.276351910425E-03));
#65 = CARTESIAN_POINT('',(-0.967019082942,0.273286817462,0.206663777691)
  );
#66 = DEFINITIONAL_REPRESENTATION('',(#67),#71);
#67 = LINE('',#68,#69);
#68 = CARTESIAN_POINT('',(3.718680024035E-04,0.));
#69 = VECTOR('',#70,1.);
#70 = DIRECTION('',(0.,1.));
#71 = ( GEOMETRIC_REPRESENTATION_CONTEXT(2) 
PARAMETRIC_REPRESENTATION_CONTEXT() REPRESENTATION_CONTEXT('2D SPACE',''
  ) );
#72 = ORIENTED_EDGE('',*,*,#73,.F.);
#73 = EDGE_CURVE('',#74,#40,#76,.T.);
#74 = VERTEX_POINT('',#75);
#75 = CARTESIAN_POINT('',(-0.994937636765,7.446282940476E-02,
    5.826264295723E-02));
#76 = SURFACE_CURVE('',#77,(#80,#86),.PCURVE_S1.);
#77 = B_SPLINE_CURVE_WITH_KNOTS('',1,(#78,#79),.UNSPECIFIED.,.F.,.F.,(2,
    2),(0.,1.),.PIECEWISE_BEZIER_KNOTS.);
#78 = CARTESIAN_POINT('',(-0.994937636765,7.446282940476E-02,
    5.826264295723E-02));
#79 = CARTESIAN_POINT('',(-0.994823568551,7.446282940476E-02,
    5.825331625009E-02));
#80 = PCURVE('',#49,#81);
#81 = DEFINITIONAL_REPRESENTATION('',(#82),#85);
#82 = B_SPLINE_CURVE_WITH_KNOTS('',1,(#83,#84),.UNSPECIFIED.,.F.,.F.,(2,
    2),(0.,1.),.PIECEWISE_BEZIER_KNOTS.);
#83 = CARTESIAN_POINT('',(1.240719397039E-04,0.263076403592));
#84 = CARTESIAN_POINT('',(0.,0.263059940978));
#85 = ( GEOMETRIC_REPRESENTATION_CONTEXT(2) 
PARAMETRIC_REPRESENTATION_CONTEXT() REPRESENTATION_CONTEXT('2D SPACE',''
  ) );
#86 = PCURVE('',#87,#92);
#87 = PLANE('',#88);
#88 = AXIS2_PLACEMENT_3D('',#89,#90,#91);
#89 = CARTESIAN_POINT('',(-1.150368,7.446282940476E-02,0.365017821187));
#90 = DIRECTION('',(0.,-1.,0.));
#91 = DIRECTION('',(0.315327988182,0.,-0.948982750038));
#92 = DEFINITIONAL_REPRESENTATION('',(#93),#96);
#93 = B_SPLINE_CURVE_WITH_KNOTS('',1,(#94,#95),.UNSPECIFIED.,.F.,.F.,(2,
    2),(0.,1.),.PIECEWISE_BEZIER_KNOTS.);
#94 = CARTESIAN_POINT('',(0.340116916366,5.077224032622E-02));
#95 = CARTESIAN_POINT('',(0.34016173615,5.087754812158E-02));
#96 = ( GEOMETRIC_REPRESENTATION_CONTEXT(2) 
PARAMETRIC_REPRESENTATION_CONTEXT() REPRESENTATION_CONTEXT('2D SPACE',''
  ) );
#97 = ORIENTED_EDGE('',*,*,#98,.T.);
#98 = EDGE_CURVE('',#74,#99,#101,.T.);
#99 = VERTEX_POINT('',#100);
#100 = CARTESIAN_POINT('',(-0.97409213724,0.223388488214,0.169425368156)
  );
#101 = SURFACE_CURVE('',#102,(#105,#112),.PCURVE_S1.);
#102 = B_SPLINE_CURVE_WITH_KNOTS('',1,(#103,#104),.UNSPECIFIED.,.F.,.F.,
  (2,2),(0.,1.),.PIECEWISE_BEZIER_KNOTS.);
#103 = CARTESIAN_POINT('',(-1.004872535617,3.485333523168E-03,
    5.282841269323E-03));
#104 = CARTESIAN_POINT('',(-0.967108225644,0.273283365245,0.20666845003)
  );
#105 = PCURVE('',#49,#106);
#106 = DEFINITIONAL_REPRESENTATION('',(#107),#111);
#107 = LINE('',#108,#109);
#108 = CARTESIAN_POINT('',(1.240719397039E-04,0.));
#109 = VECTOR('',#110,1.);
#110 = DIRECTION('',(0.,1.));
#111 = ( GEOMETRIC_REPRESENTATION_CONTEXT(2) 
PARAMETRIC_REPRESENTATION_CONTEXT() REPRESENTATION_CONTEXT('2D SPACE',''
  ) );
#112 = PCURVE('',#113,#118);
#113 = B_SPLINE_SURFACE_WITH_KNOTS('',1,1,(
    (#114,#115)
    ,(#116,#117
    )),.UNSPECIFIED.,.F.,.F.,.F.,(2,2),(2,2),(0.,1.240719397039E-04),(0.
    ,1.),.PIECEWISE_BEZIER_KNOTS.);
#114 = CARTESIAN_POINT('',(-1.004872535617,3.485333523168E-03,
    5.282841269323E-03));
#115 = CARTESIAN_POINT('',(-0.967108225644,0.273283365245,0.20666845003)
  );
#116 = CARTESIAN_POINT('',(-1.004749894095,3.474170072095E-03,
    5.297950231017E-03));
#117 = CARTESIAN_POINT('',(-0.967019923749,0.27327532756,0.206679328482)
  );
#118 = DEFINITIONAL_REPRESENTATION('',(#119),#123);
#119 = LINE('',#120,#121);
#120 = CARTESIAN_POINT('',(0.,0.));
#121 = VECTOR('',#122,1.);
#122 = DIRECTION('',(0.,1.));
#123 = ( GEOMETRIC_REPRESENTATION_CONTEXT(2) 
PARAMETRIC_REPRESENTATION_CONTEXT() REPRESENTATION_CONTEXT('2D SPACE',''
  ) );
#124 = ORIENTED_EDGE('',*,*,#125,.T.);
#125 = EDGE_CURVE('',#99,#42,#126,.T.);
#126 = SURFACE_CURVE('',#127,(#130,#136),.PCURVE_S1.);
#127 = B_SPLINE_CURVE_WITH_KNOTS('',1,(#128,#129),.UNSPECIFIED.,.F.,.F.,
  (2,2),(0.,1.),.PIECEWISE_BEZIER_KNOTS.);
#128 = CARTESIAN_POINT('',(-0.97409213724,0.223388488214,0.169425368156)
  );
#129 = CARTESIAN_POINT('',(-0.973997100992,0.223388488214,0.169417597584
    ));
#130 = PCURVE('',#49,#131);
#131 = DEFINITIONAL_REPRESENTATION('',(#132),#135);
#132 = B_SPLINE_CURVE_WITH_KNOTS('',1,(#133,#134),.UNSPECIFIED.,.F.,.F.,
  (2,2),(0.,1.),.PIECEWISE_BEZIER_KNOTS.);
#133 = CARTESIAN_POINT('',(1.240719397039E-04,0.815065822711));
#134 = CARTESIAN_POINT('',(0.,0.815052106839));
#135 = ( GEOMETRIC_REPRESENTATION_CONTEXT(2) 
PARAMETRIC_REPRESENTATION_CONTEXT() REPRESENTATION_CONTEXT('2D SPACE',''
  ) );
#136 = PCURVE('',#137,#142);
#137 = PLANE('',#138);
#138 = AXIS2_PLACEMENT_3D('',#139,#140,#141);
#139 = CARTESIAN_POINT('',(-1.117104,0.223388488214,0.475053463561));
#140 = DIRECTION('',(0.,-1.,0.));
#141 = DIRECTION('',(0.266804719368,0.,-0.963750611789));
#142 = DEFINITIONAL_REPRESENTATION('',(#143),#146);
#143 = B_SPLINE_CURVE_WITH_KNOTS('',1,(#144,#145),.UNSPECIFIED.,.F.,.F.,
  (2,2),(0.,1.),.PIECEWISE_BEZIER_KNOTS.);
#144 = CARTESIAN_POINT('',(0.332705503836,5.628475200279E-02));
#145 = CARTESIAN_POINT('',(0.332738348849,5.637427001914E-02));
#146 = ( GEOMETRIC_REPRESENTATION_CONTEXT(2) 
PARAMETRIC_REPRESENTATION_CONTEXT() REPRESENTATION_CONTEXT('2D SPACE',''
  ) );
#147 = ADVANCED_FACE('',(#148),#61,.T.);
#148 = FACE_BOUND('',#149,.T.);
#149 = EDGE_LOOP('',(#150,#179,#197,#198));
#150 = ORIENTED_EDGE('',*,*,#151,.F.);
#151 = EDGE_CURVE('',#152,#154,#156,.T.);
#152 = VERTEX_POINT('',#153);
#153 = CARTESIAN_POINT('',(-0.994481667154,7.446282940476E-02,
    5.82254437732E-02));
#154 = VERTEX_POINT('',#155);
#155 = CARTESIAN_POINT('',(-0.973712244899,0.223388488214,0.169394375553
    ));
#156 = SURFACE_CURVE('',#157,(#160,#167),.PCURVE_S1.);
#157 = B_SPLINE_CURVE_WITH_KNOTS('',1,(#158,#159),.UNSPECIFIED.,.F.,.F.,
  (2,2),(0.,1.),.PIECEWISE_BEZIER_KNOTS.);
#158 = CARTESIAN_POINT('',(-1.004377640845,3.504456885877E-03,
    5.25695911579E-03));
#159 = CARTESIAN_POINT('',(-0.966751901408,0.273297134066,0.206649814879
    ));
#160 = PCURVE('',#61,#161);
#161 = DEFINITIONAL_REPRESENTATION('',(#162),#166);
#162 = LINE('',#163,#164);
#163 = CARTESIAN_POINT('',(0.,0.));
#164 = VECTOR('',#165,1.);
#165 = DIRECTION('',(0.,1.));
#166 = ( GEOMETRIC_REPRESENTATION_CONTEXT(2) 
PARAMETRIC_REPRESENTATION_CONTEXT() REPRESENTATION_CONTEXT('2D SPACE',''
  ) );
#167 = PCURVE('',#168,#173);
#168 = B_SPLINE_SURFACE_WITH_KNOTS('',1,1,(
    (#169,#170)
    ,(#171,#172
    )),.UNSPECIFIED.,.F.,.F.,.F.,(2,2),(2,2),(0.,6.18621831838E-04),(0.,
    1.),.PIECEWISE_BEZIER_KNOTS.);
#169 = CARTESIAN_POINT('',(-1.003760305592,3.528153731553E-03,
    5.224887068243E-03));
#170 = CARTESIAN_POINT('',(-0.966307420026,0.273314195795,0.206626723005
    ));
#171 = CARTESIAN_POINT('',(-1.004377640845,3.504456885877E-03,
    5.25695911579E-03));
#172 = CARTESIAN_POINT('',(-0.966751901408,0.273297134066,0.206649814879
    ));
#173 = DEFINITIONAL_REPRESENTATION('',(#174),#178);
#174 = LINE('',#175,#176);
#175 = CARTESIAN_POINT('',(6.18621831838E-04,0.));
#176 = VECTOR('',#177,1.);
#177 = DIRECTION('',(0.,1.));
#178 = ( GEOMETRIC_REPRESENTATION_CONTEXT(2) 
PARAMETRIC_REPRESENTATION_CONTEXT() REPRESENTATION_CONTEXT('2D SPACE',''
  ) );
#179 = ORIENTED_EDGE('',*,*,#180,.F.);
#180 = EDGE_CURVE('',#40,#152,#181,.T.);
#181 = SURFACE_CURVE('',#182,(#185,#191),.PCURVE_S1.);
#182 = B_SPLINE_CURVE_WITH_KNOTS('',1,(#183,#184),.UNSPECIFIED.,.F.,.F.,
  (2,2),(0.,1.),.PIECEWISE_BEZIER_KNOTS.);
#183 = CARTESIAN_POINT('',(-0.994823568551,7.446282940476E-02,
    5.825331625009E-02));
#184 = CARTESIAN_POINT('',(-0.994481667154,7.446282940476E-02,
    5.82254437732E-02));
#185 = PCURVE('',#61,#186);
#186 = DEFINITIONAL_REPRESENTATION('',(#187),#190);
#187 = B_SPLINE_CURVE_WITH_KNOTS('',1,(#188,#189),.UNSPECIFIED.,.F.,.F.,
  (2,2),(0.,1.),.PIECEWISE_BEZIER_KNOTS.);
#188 = CARTESIAN_POINT('',(3.718680024035E-04,0.263059940978));
#189 = CARTESIAN_POINT('',(0.,0.26301074314));
#190 = ( GEOMETRIC_REPRESENTATION_CONTEXT(2) 
PARAMETRIC_REPRESENTATION_CONTEXT() REPRESENTATION_CONTEXT('2D SPACE',''
  ) );
#191 = PCURVE('',#87,#192);
#192 = DEFINITIONAL_REPRESENTATION('',(#193),#196);
#193 = B_SPLINE_CURVE_WITH_KNOTS('',1,(#194,#195),.UNSPECIFIED.,.F.,.F.,
  (2,2),(0.,1.),.PIECEWISE_BEZIER_KNOTS.);
#194 = CARTESIAN_POINT('',(0.34016173615,5.087754812158E-02));
#195 = CARTESIAN_POINT('',(0.34029599773,5.119321767763E-02));
#196 = ( GEOMETRIC_REPRESENTATION_CONTEXT(2) 
PARAMETRIC_REPRESENTATION_CONTEXT() REPRESENTATION_CONTEXT('2D SPACE',''
  ) );
#197 = ORIENTED_EDGE('',*,*,#39,.T.);
#198 = ORIENTED_EDGE('',*,*,#199,.T.);
#199 = EDGE_CURVE('',#42,#154,#200,.T.);
#200 = SURFACE_CURVE('',#201,(#204,#210),.PCURVE_S1.);
#201 = B_SPLINE_CURVE_WITH_KNOTS('',1,(#202,#203),.UNSPECIFIED.,.F.,.F.,
  (2,2),(0.,1.),.PIECEWISE_BEZIER_KNOTS.);
#202 = CARTESIAN_POINT('',(-0.973997100992,0.223388488214,0.169417597584
    ));
#203 = CARTESIAN_POINT('',(-0.973712244899,0.223388488214,0.169394375553
    ));
#204 = PCURVE('',#61,#205);
#205 = DEFINITIONAL_REPRESENTATION('',(#206),#209);
#206 = B_SPLINE_CURVE_WITH_KNOTS('',1,(#207,#208),.UNSPECIFIED.,.F.,.F.,
  (2,2),(0.,1.),.PIECEWISE_BEZIER_KNOTS.);
#207 = CARTESIAN_POINT('',(3.718680024035E-04,0.815052106839));
#208 = CARTESIAN_POINT('',(0.,0.815011117524));
#209 = ( GEOMETRIC_REPRESENTATION_CONTEXT(2) 
PARAMETRIC_REPRESENTATION_CONTEXT() REPRESENTATION_CONTEXT('2D SPACE',''
  ) );
#210 = PCURVE('',#137,#211);
#211 = DEFINITIONAL_REPRESENTATION('',(#212),#215);
#212 = B_SPLINE_CURVE_WITH_KNOTS('',1,(#213,#214),.UNSPECIFIED.,.F.,.F.,
  (2,2),(0.,1.),.PIECEWISE_BEZIER_KNOTS.);
#213 = CARTESIAN_POINT('',(0.332738348849,5.637427001914E-02));
#214 = CARTESIAN_POINT('',(0.332836730046,5.664260450614E-02));
#215 = ( GEOMETRIC_REPRESENTATION_CONTEXT(2) 
PARAMETRIC_REPRESENTATION_CONTEXT() REPRESENTATION_CONTEXT('2D SPACE',''
  ) );
#216 = ADVANCED_FACE('',(#217),#137,.F.);
#217 = FACE_BOUND('',#218,.F.);
#218 = EDGE_LOOP('',(#219,#249,#274,#299,#324,#349,#374,#399,#424,#449,
    #474,#499,#524,#549,#574,#599,#624,#649,#667,#668,#669,#689,#714,
    #739,#764,#789,#814,#839,#864,#889,#914,#939,#964,#989,#1014));
#219 = ORIENTED_EDGE('',*,*,#220,.F.);
#220 = EDGE_CURVE('',#221,#223,#225,.T.);
#221 = VERTEX_POINT('',#222);
#222 = CARTESIAN_POINT('',(-0.951,0.223388488214,0.173483947442));
#223 = VERTEX_POINT('',#224);
#224 = CARTESIAN_POINT('',(-0.951,0.223388488214,0.167843230145));
#225 = SURFACE_CURVE('',#226,(#230,#237),.PCURVE_S1.);
#226 = LINE('',#227,#228);
#227 = CARTESIAN_POINT('',(-0.951,0.223388488214,0.475053463561));
#228 = VECTOR('',#229,1.);
#229 = DIRECTION('',(0.,0.,-1.));
#230 = PCURVE('',#137,#231);
#231 = DEFINITIONAL_REPRESENTATION('',(#232),#236);
#232 = LINE('',#233,#234);
#233 = CARTESIAN_POINT('',(4.431733110584E-02,0.160082831621));
#234 = VECTOR('',#235,1.);
#235 = DIRECTION('',(0.963750611789,-0.266804719368));
#236 = ( GEOMETRIC_REPRESENTATION_CONTEXT(2) 
PARAMETRIC_REPRESENTATION_CONTEXT() REPRESENTATION_CONTEXT('2D SPACE',''
  ) );
#237 = PCURVE('',#238,#243);
#238 = B_SPLINE_SURFACE_WITH_KNOTS('',1,1,(
    (#239,#240)
    ,(#241,#242
  )),.UNSPECIFIED.,.F.,.F.,.F.,(2,2),(2,2),(0.,0.6),(0.,1.),
  .PIECEWISE_BEZIER_KNOTS.);
#239 = CARTESIAN_POINT('',(-0.951,7.446282940476E-02,0.365017821187));
#240 = CARTESIAN_POINT('',(-0.951,0.223388488214,0.475053463561));
#241 = CARTESIAN_POINT('',(-0.951,7.446282940476E-02,-0.234982178813));
#242 = CARTESIAN_POINT('',(-0.951,0.223388488214,-0.124946536439));
#243 = DEFINITIONAL_REPRESENTATION('',(#244),#248);
#244 = LINE('',#245,#246);
#245 = CARTESIAN_POINT('',(0.,1.));
#246 = VECTOR('',#247,1.);
#247 = DIRECTION('',(1.,0.));
#248 = ( GEOMETRIC_REPRESENTATION_CONTEXT(2) 
PARAMETRIC_REPRESENTATION_CONTEXT() REPRESENTATION_CONTEXT('2D SPACE',''
  ) );
#249 = ORIENTED_EDGE('',*,*,#250,.T.);
#250 = EDGE_CURVE('',#221,#251,#253,.T.);
#251 = VERTEX_POINT('',#252);
#252 = CARTESIAN_POINT('',(-0.951018856673,0.223388488214,0.173480883908
    ));
#253 = SURFACE_CURVE('',#254,(#257,#263),.PCURVE_S1.);
#254 = B_SPLINE_CURVE_WITH_KNOTS('',1,(#255,#256),.UNSPECIFIED.,.F.,.F.,
  (2,2),(0.,1.),.PIECEWISE_BEZIER_KNOTS.);
#255 = CARTESIAN_POINT('',(-0.948251318701,0.223388488214,0.173930509688
    ));
#256 = CARTESIAN_POINT('',(-0.951018856673,0.223388488214,0.173480883908
    ));
#257 = PCURVE('',#137,#258);
#258 = DEFINITIONAL_REPRESENTATION('',(#259),#262);
#259 = B_SPLINE_CURVE_WITH_KNOTS('',1,(#260,#261),.UNSPECIFIED.,.F.,.F.,
  (2,2),(0.,1.),.PIECEWISE_BEZIER_KNOTS.);
#260 = CARTESIAN_POINT('',(0.335258123267,8.23908497011E-02));
#261 = CARTESIAN_POINT('',(0.334953058196,7.960367100768E-02));
#262 = ( GEOMETRIC_REPRESENTATION_CONTEXT(2) 
PARAMETRIC_REPRESENTATION_CONTEXT() REPRESENTATION_CONTEXT('2D SPACE',''
  ) );
#263 = PCURVE('',#264,#269);
#264 = B_SPLINE_SURFACE_WITH_KNOTS('',1,1,(
    (#265,#266)
    ,(#267,#268
    )),.UNSPECIFIED.,.F.,.F.,.F.,(2,2),(2,2),(0.,3.596658862616E-03),(0.
    ,1.),.PIECEWISE_BEZIER_KNOTS.);
#265 = CARTESIAN_POINT('',(-0.975249746421,9.763935371232E-04,
    8.678518635992E-03));
#266 = CARTESIAN_POINT('',(-0.945779817423,0.271476928455,0.209113337734
    ));
#267 = CARTESIAN_POINT('',(-0.971683855002,6.974282755154E-04,
    9.056078892594E-03));
#268 = CARTESIAN_POINT('',(-0.943212375601,0.271276073467,0.209385181118
    ));
#269 = DEFINITIONAL_REPRESENTATION('',(#270),#273);
#270 = B_SPLINE_CURVE_WITH_KNOTS('',1,(#271,#272),.UNSPECIFIED.,.F.,.F.,
  (2,2),(0.,1.),.PIECEWISE_BEZIER_KNOTS.);
#271 = CARTESIAN_POINT('',(3.596658862616E-03,0.823017868914));
#272 = CARTESIAN_POINT('',(0.,0.822224232365));
#273 = ( GEOMETRIC_REPRESENTATION_CONTEXT(2) 
PARAMETRIC_REPRESENTATION_CONTEXT() REPRESENTATION_CONTEXT('2D SPACE',''
  ) );
#274 = ORIENTED_EDGE('',*,*,#275,.T.);
#275 = EDGE_CURVE('',#251,#276,#278,.T.);
#276 = VERTEX_POINT('',#277);
#277 = CARTESIAN_POINT('',(-0.953660515842,0.223388488214,0.17304477309)
  );
#278 = SURFACE_CURVE('',#279,(#282,#288),.PCURVE_S1.);
#279 = B_SPLINE_CURVE_WITH_KNOTS('',1,(#280,#281),.UNSPECIFIED.,.F.,.F.,
  (2,2),(0.,1.),.PIECEWISE_BEZIER_KNOTS.);
#280 = CARTESIAN_POINT('',(-0.951018856673,0.223388488214,0.173480883908
    ));
#281 = CARTESIAN_POINT('',(-0.953660515842,0.223388488214,0.17304477309)
  );
#282 = PCURVE('',#137,#283);
#283 = DEFINITIONAL_REPRESENTATION('',(#284),#287);
#284 = B_SPLINE_CURVE_WITH_KNOTS('',1,(#285,#286),.UNSPECIFIED.,.F.,.F.,
  (2,2),(0.,1.),.PIECEWISE_BEZIER_KNOTS.);
#285 = CARTESIAN_POINT('',(0.334953058196,7.960367100768E-02));
#286 = CARTESIAN_POINT('',(0.33466855313,7.694141394313E-02));
#287 = ( GEOMETRIC_REPRESENTATION_CONTEXT(2) 
PARAMETRIC_REPRESENTATION_CONTEXT() REPRESENTATION_CONTEXT('2D SPACE',''
  ) );
#288 = PCURVE('',#289,#294);
#289 = B_SPLINE_SURFACE_WITH_KNOTS('',1,1,(
    (#290,#291)
    ,(#292,#293
    )),.UNSPECIFIED.,.F.,.F.,.F.,(2,2),(2,2),(0.,3.431604232115E-03),(0.
    ,1.),.PIECEWISE_BEZIER_KNOTS.);
#290 = CARTESIAN_POINT('',(-0.978651043067,1.246819761667E-03,
    8.312515377587E-03));
#291 = CARTESIAN_POINT('',(-0.948228751008,0.271671635337,0.208849815388
    ));
#292 = CARTESIAN_POINT('',(-0.975249746421,9.763935371232E-04,
    8.678518635992E-03));
#293 = CARTESIAN_POINT('',(-0.945779817423,0.271476928455,0.209113337734
    ));
#294 = DEFINITIONAL_REPRESENTATION('',(#295),#298);
#295 = B_SPLINE_CURVE_WITH_KNOTS('',1,(#296,#297),.UNSPECIFIED.,.F.,.F.,
  (2,2),(0.,1.),.PIECEWISE_BEZIER_KNOTS.);
#296 = CARTESIAN_POINT('',(3.431604232115E-03,0.822224232365));
#297 = CARTESIAN_POINT('',(0.,0.821454451139));
#298 = ( GEOMETRIC_REPRESENTATION_CONTEXT(2) 
PARAMETRIC_REPRESENTATION_CONTEXT() REPRESENTATION_CONTEXT('2D SPACE',''
  ) );
#299 = ORIENTED_EDGE('',*,*,#300,.T.);
#300 = EDGE_CURVE('',#276,#301,#303,.T.);
#301 = VERTEX_POINT('',#302);
#302 = CARTESIAN_POINT('',(-0.956168855433,0.223388488214,0.17262429962)
  );
#303 = SURFACE_CURVE('',#304,(#307,#313),.PCURVE_S1.);
#304 = B_SPLINE_CURVE_WITH_KNOTS('',1,(#305,#306),.UNSPECIFIED.,.F.,.F.,
  (2,2),(0.,1.),.PIECEWISE_BEZIER_KNOTS.);
#305 = CARTESIAN_POINT('',(-0.953660515842,0.223388488214,0.17304477309)
  );
#306 = CARTESIAN_POINT('',(-0.956168855433,0.223388488214,0.17262429962)
  );
#307 = PCURVE('',#137,#308);
#308 = DEFINITIONAL_REPRESENTATION('',(#309),#312);
#309 = B_SPLINE_CURVE_WITH_KNOTS('',1,(#310,#311),.UNSPECIFIED.,.F.,.F.,
  (2,2),(0.,1.),.PIECEWISE_BEZIER_KNOTS.);
#310 = CARTESIAN_POINT('',(0.33466855313,7.694141394313E-02));
#311 = CARTESIAN_POINT('',(0.334404547853,7.441181582141E-02));
#312 = ( GEOMETRIC_REPRESENTATION_CONTEXT(2) 
PARAMETRIC_REPRESENTATION_CONTEXT() REPRESENTATION_CONTEXT('2D SPACE',''
  ) );
#313 = PCURVE('',#314,#319);
#314 = B_SPLINE_SURFACE_WITH_KNOTS('',1,1,(
    (#315,#316)
    ,(#317,#318
    )),.UNSPECIFIED.,.F.,.F.,.F.,(2,2),(2,2),(0.,3.257074307208E-03),(0.
    ,1.),.PIECEWISE_BEZIER_KNOTS.);
#315 = CARTESIAN_POINT('',(-0.981878463171,1.507406172915E-03,
    7.959829628362E-03));
#316 = CARTESIAN_POINT('',(-0.950552493483,0.271859257553,0.208595881648
    ));
#317 = CARTESIAN_POINT('',(-0.978651043067,1.246819761667E-03,
    8.312515377587E-03));
#318 = CARTESIAN_POINT('',(-0.948228751008,0.271671635337,0.208849815388
    ));
#319 = DEFINITIONAL_REPRESENTATION('',(#320),#323);
#320 = B_SPLINE_CURVE_WITH_KNOTS('',1,(#321,#322),.UNSPECIFIED.,.F.,.F.,
  (2,2),(0.,1.),.PIECEWISE_BEZIER_KNOTS.);
#321 = CARTESIAN_POINT('',(3.257074307208E-03,0.821454451139));
#322 = CARTESIAN_POINT('',(0.,0.820712271468));
#323 = ( GEOMETRIC_REPRESENTATION_CONTEXT(2) 
PARAMETRIC_REPRESENTATION_CONTEXT() REPRESENTATION_CONTEXT('2D SPACE',''
  ) );
#324 = ORIENTED_EDGE('',*,*,#325,.T.);
#325 = EDGE_CURVE('',#301,#326,#328,.T.);
#326 = VERTEX_POINT('',#327);
#327 = CARTESIAN_POINT('',(-0.958536790166,0.223388488214,0.172221557241
    ));
#328 = SURFACE_CURVE('',#329,(#332,#338),.PCURVE_S1.);
#329 = B_SPLINE_CURVE_WITH_KNOTS('',1,(#330,#331),.UNSPECIFIED.,.F.,.F.,
  (2,2),(0.,1.),.PIECEWISE_BEZIER_KNOTS.);
#330 = CARTESIAN_POINT('',(-0.956168855433,0.223388488214,0.17262429962)
  );
#331 = CARTESIAN_POINT('',(-0.958536790166,0.223388488214,0.172221557241
    ));
#332 = PCURVE('',#137,#333);
#333 = DEFINITIONAL_REPRESENTATION('',(#334),#337);
#334 = B_SPLINE_CURVE_WITH_KNOTS('',1,(#335,#336),.UNSPECIFIED.,.F.,.F.,
  (2,2),(0.,1.),.PIECEWISE_BEZIER_KNOTS.);
#335 = CARTESIAN_POINT('',(0.334404547853,7.441181582141E-02));
#336 = CARTESIAN_POINT('',(0.334160914905,7.202226370628E-02));
#337 = ( GEOMETRIC_REPRESENTATION_CONTEXT(2) 
PARAMETRIC_REPRESENTATION_CONTEXT() REPRESENTATION_CONTEXT('2D SPACE',''
  ) );
#338 = PCURVE('',#339,#344);
#339 = B_SPLINE_SURFACE_WITH_KNOTS('',1,1,(
    (#340,#341)
    ,(#342,#343
    )),.UNSPECIFIED.,.F.,.F.,.F.,(2,2),(2,2),(0.,3.073542799665E-03),(0.
    ,1.),.PIECEWISE_BEZIER_KNOTS.);
#340 = CARTESIAN_POINT('',(-0.984923202054,1.756872009675E-03,
    7.62219481033E-03));
#341 = CARTESIAN_POINT('',(-0.952744705479,0.272038872955,0.208352784579
    ));
#342 = CARTESIAN_POINT('',(-0.981878463171,1.507406172915E-03,
    7.959829628362E-03));
#343 = CARTESIAN_POINT('',(-0.950552493483,0.271859257553,0.208595881648
    ));
#344 = DEFINITIONAL_REPRESENTATION('',(#345),#348);
#345 = B_SPLINE_CURVE_WITH_KNOTS('',1,(#346,#347),.UNSPECIFIED.,.F.,.F.,
  (2,2),(0.,1.),.PIECEWISE_BEZIER_KNOTS.);
#346 = CARTESIAN_POINT('',(3.073542799665E-03,0.820712271468));
#347 = CARTESIAN_POINT('',(0.,0.820001389028));
#348 = ( GEOMETRIC_REPRESENTATION_CONTEXT(2) 
PARAMETRIC_REPRESENTATION_CONTEXT() REPRESENTATION_CONTEXT('2D SPACE',''
  ) );
#349 = ORIENTED_EDGE('',*,*,#350,.T.);
#350 = EDGE_CURVE('',#326,#351,#353,.T.);
#351 = VERTEX_POINT('',#352);
#352 = CARTESIAN_POINT('',(-0.960757612517,0.223388488214,0.171838604391
    ));
#353 = SURFACE_CURVE('',#354,(#357,#363),.PCURVE_S1.);
#354 = B_SPLINE_CURVE_WITH_KNOTS('',1,(#355,#356),.UNSPECIFIED.,.F.,.F.,
  (2,2),(0.,1.),.PIECEWISE_BEZIER_KNOTS.);
#355 = CARTESIAN_POINT('',(-0.958536790166,0.223388488214,0.172221557241
    ));
#356 = CARTESIAN_POINT('',(-0.960757612517,0.223388488214,0.171838604391
    ));
#357 = PCURVE('',#137,#358);
#358 = DEFINITIONAL_REPRESENTATION('',(#359),#362);
#359 = B_SPLINE_CURVE_WITH_KNOTS('',1,(#360,#361),.UNSPECIFIED.,.F.,.F.,
  (2,2),(0.,1.),.PIECEWISE_BEZIER_KNOTS.);
#360 = CARTESIAN_POINT('',(0.334160914905,7.202226370628E-02));
#361 = CARTESIAN_POINT('',(0.333937460065,6.977977117837E-02));
#362 = ( GEOMETRIC_REPRESENTATION_CONTEXT(2) 
PARAMETRIC_REPRESENTATION_CONTEXT() REPRESENTATION_CONTEXT('2D SPACE',''
  ) );
#363 = PCURVE('',#364,#369);
#364 = B_SPLINE_SURFACE_WITH_KNOTS('',1,1,(
    (#365,#366)
    ,(#367,#368
    )),.UNSPECIFIED.,.F.,.F.,.F.,(2,2),(2,2),(0.,2.881508206621E-03),(0.
    ,1.),.PIECEWISE_BEZIER_KNOTS.);
#365 = CARTESIAN_POINT('',(-0.987776956243,1.99396032522E-03,
    7.301312114261E-03));
#366 = CARTESIAN_POINT('',(-0.954799408495,0.272209576542,0.208121749038
    ));
#367 = CARTESIAN_POINT('',(-0.984923202054,1.756872009675E-03,
    7.62219481033E-03));
#368 = CARTESIAN_POINT('',(-0.952744705479,0.272038872955,0.208352784579
    ));
#369 = DEFINITIONAL_REPRESENTATION('',(#370),#373);
#370 = B_SPLINE_CURVE_WITH_KNOTS('',1,(#371,#372),.UNSPECIFIED.,.F.,.F.,
  (2,2),(0.,1.),.PIECEWISE_BEZIER_KNOTS.);
#371 = CARTESIAN_POINT('',(2.881508206621E-03,0.820001389028));
#372 = CARTESIAN_POINT('',(0.,0.819325437177));
#373 = ( GEOMETRIC_REPRESENTATION_CONTEXT(2) 
PARAMETRIC_REPRESENTATION_CONTEXT() REPRESENTATION_CONTEXT('2D SPACE',''
  ) );
#374 = ORIENTED_EDGE('',*,*,#375,.T.);
#375 = EDGE_CURVE('',#351,#376,#378,.T.);
#376 = VERTEX_POINT('',#377);
#377 = CARTESIAN_POINT('',(-0.962825014151,0.223388488214,0.171477454343
    ));
#378 = SURFACE_CURVE('',#379,(#382,#388),.PCURVE_S1.);
#379 = B_SPLINE_CURVE_WITH_KNOTS('',1,(#380,#381),.UNSPECIFIED.,.F.,.F.,
  (2,2),(0.,1.),.PIECEWISE_BEZIER_KNOTS.);
#380 = CARTESIAN_POINT('',(-0.960757612517,0.223388488214,0.171838604391
    ));
#381 = CARTESIAN_POINT('',(-0.962825014151,0.223388488214,0.171477454343
    ));
#382 = PCURVE('',#137,#383);
#383 = DEFINITIONAL_REPRESENTATION('',(#384),#387);
#384 = B_SPLINE_CURVE_WITH_KNOTS('',1,(#385,#386),.UNSPECIFIED.,.F.,.F.,
  (2,2),(0.,1.),.PIECEWISE_BEZIER_KNOTS.);
#385 = CARTESIAN_POINT('',(0.333937460065,6.977977117837E-02));
#386 = CARTESIAN_POINT('',(0.333733926131,6.769095505185E-02));
#387 = ( GEOMETRIC_REPRESENTATION_CONTEXT(2) 
PARAMETRIC_REPRESENTATION_CONTEXT() REPRESENTATION_CONTEXT('2D SPACE',''
  ) );
#388 = PCURVE('',#389,#394);
#389 = B_SPLINE_SURFACE_WITH_KNOTS('',1,1,(
    (#390,#391)
    ,(#392,#393
    )),.UNSPECIFIED.,.F.,.F.,.F.,(2,2),(2,2),(0.,2.681492770208E-03),(0.
    ,1.),.PIECEWISE_BEZIER_KNOTS.);
#390 = CARTESIAN_POINT('',(-0.99043194606,2.217443717989E-03,
    6.998842743581E-03));
#391 = CARTESIAN_POINT('',(-0.956711001164,0.272370484585,0.207903971091
    ));
#392 = CARTESIAN_POINT('',(-0.987776956243,1.99396032522E-03,
    7.301312114261E-03));
#393 = CARTESIAN_POINT('',(-0.954799408495,0.272209576542,0.208121749038
    ));
#394 = DEFINITIONAL_REPRESENTATION('',(#395),#398);
#395 = B_SPLINE_CURVE_WITH_KNOTS('',1,(#396,#397),.UNSPECIFIED.,.F.,.F.,
  (2,2),(0.,1.),.PIECEWISE_BEZIER_KNOTS.);
#396 = CARTESIAN_POINT('',(2.681492770208E-03,0.819325437177));
#397 = CARTESIAN_POINT('',(0.,0.818687969554));
#398 = ( GEOMETRIC_REPRESENTATION_CONTEXT(2) 
PARAMETRIC_REPRESENTATION_CONTEXT() REPRESENTATION_CONTEXT('2D SPACE',''
  ) );
#399 = ORIENTED_EDGE('',*,*,#400,.T.);
#400 = EDGE_CURVE('',#376,#401,#403,.T.);
#401 = VERTEX_POINT('',#402);
#402 = CARTESIAN_POINT('',(-0.964733106453,0.223388488214,0.17114006229)
  );
#403 = SURFACE_CURVE('',#404,(#407,#413),.PCURVE_S1.);
#404 = B_SPLINE_CURVE_WITH_KNOTS('',1,(#405,#406),.UNSPECIFIED.,.F.,.F.,
  (2,2),(0.,1.),.PIECEWISE_BEZIER_KNOTS.);
#405 = CARTESIAN_POINT('',(-0.962825014151,0.223388488214,0.171477454343
    ));
#406 = CARTESIAN_POINT('',(-0.964733106453,0.223388488214,0.17114006229)
  );
#407 = PCURVE('',#137,#408);
#408 = DEFINITIONAL_REPRESENTATION('',(#409),#412);
#409 = B_SPLINE_CURVE_WITH_KNOTS('',1,(#410,#411),.UNSPECIFIED.,.F.,.F.,
  (2,2),(0.,1.),.PIECEWISE_BEZIER_KNOTS.);
#410 = CARTESIAN_POINT('',(0.333733926131,6.769095505185E-02));
#411 = CARTESIAN_POINT('',(0.333549999898,6.57620121362E-02));
#412 = ( GEOMETRIC_REPRESENTATION_CONTEXT(2) 
PARAMETRIC_REPRESENTATION_CONTEXT() REPRESENTATION_CONTEXT('2D SPACE',''
  ) );
#413 = PCURVE('',#414,#419);
#414 = B_SPLINE_SURFACE_WITH_KNOTS('',1,1,(
    (#415,#416)
    ,(#417,#418
    )),.UNSPECIFIED.,.F.,.F.,.F.,(2,2),(2,2),(0.,2.474041401648E-03),(0.
    ,1.),.PIECEWISE_BEZIER_KNOTS.);
#415 = CARTESIAN_POINT('',(-0.992880936639,2.426131921392E-03,
    6.716397642093E-03));
#416 = CARTESIAN_POINT('',(-0.95847427438,0.272520740092,0.207700610618)
  );
#417 = CARTESIAN_POINT('',(-0.99043194606,2.217443717989E-03,
    6.998842743581E-03));
#418 = CARTESIAN_POINT('',(-0.956711001164,0.272370484585,0.207903971091
    ));
#419 = DEFINITIONAL_REPRESENTATION('',(#420),#423);
#420 = B_SPLINE_CURVE_WITH_KNOTS('',1,(#421,#422),.UNSPECIFIED.,.F.,.F.,
  (2,2),(0.,1.),.PIECEWISE_BEZIER_KNOTS.);
#421 = CARTESIAN_POINT('',(2.474041401648E-03,0.818687969554));
#422 = CARTESIAN_POINT('',(0.,0.818092437275));
#423 = ( GEOMETRIC_REPRESENTATION_CONTEXT(2) 
PARAMETRIC_REPRESENTATION_CONTEXT() REPRESENTATION_CONTEXT('2D SPACE',''
  ) );
#424 = ORIENTED_EDGE('',*,*,#425,.T.);
#425 = EDGE_CURVE('',#401,#426,#428,.T.);
#426 = VERTEX_POINT('',#427);
#427 = CARTESIAN_POINT('',(-0.966476440088,0.223388488214,0.170828309636
    ));
#428 = SURFACE_CURVE('',#429,(#432,#438),.PCURVE_S1.);
#429 = B_SPLINE_CURVE_WITH_KNOTS('',1,(#430,#431),.UNSPECIFIED.,.F.,.F.,
  (2,2),(0.,1.),.PIECEWISE_BEZIER_KNOTS.);
#430 = CARTESIAN_POINT('',(-0.964733106453,0.223388488214,0.17114006229)
  );
#431 = CARTESIAN_POINT('',(-0.966476440088,0.223388488214,0.170828309636
    ));
#432 = PCURVE('',#137,#433);
#433 = DEFINITIONAL_REPRESENTATION('',(#434),#437);
#434 = B_SPLINE_CURVE_WITH_KNOTS('',1,(#435,#436),.UNSPECIFIED.,.F.,.F.,
  (2,2),(0.,1.),.PIECEWISE_BEZIER_KNOTS.);
#435 = CARTESIAN_POINT('',(0.333549999898,6.57620121362E-02));
#436 = CARTESIAN_POINT('',(0.333385322067,6.399869619981E-02));
#437 = ( GEOMETRIC_REPRESENTATION_CONTEXT(2) 
PARAMETRIC_REPRESENTATION_CONTEXT() REPRESENTATION_CONTEXT('2D SPACE',''
  ) );
#438 = PCURVE('',#439,#444);
#439 = B_SPLINE_SURFACE_WITH_KNOTS('',1,1,(
    (#440,#441)
    ,(#442,#443
    )),.UNSPECIFIED.,.F.,.F.,.F.,(2,2),(2,2),(0.,2.259720549055E-03),(0.
    ,1.),.PIECEWISE_BEZIER_KNOTS.);
#440 = CARTESIAN_POINT('',(-0.995117257315,2.618881072539E-03,
    6.455524949388E-03));
#441 = CARTESIAN_POINT('',(-0.960084425267,0.27265951948,0.207512782279)
  );
#442 = CARTESIAN_POINT('',(-0.992880936639,2.426131921392E-03,
    6.716397642093E-03));
#443 = CARTESIAN_POINT('',(-0.95847427438,0.272520740092,0.207700610618)
  );
#444 = DEFINITIONAL_REPRESENTATION('',(#445),#448);
#445 = B_SPLINE_CURVE_WITH_KNOTS('',1,(#446,#447),.UNSPECIFIED.,.F.,.F.,
  (2,2),(0.,1.),.PIECEWISE_BEZIER_KNOTS.);
#446 = CARTESIAN_POINT('',(2.259720549055E-03,0.818092437275));
#447 = CARTESIAN_POINT('',(0.,0.817542161222));
#448 = ( GEOMETRIC_REPRESENTATION_CONTEXT(2) 
PARAMETRIC_REPRESENTATION_CONTEXT() REPRESENTATION_CONTEXT('2D SPACE',''
  ) );
#449 = ORIENTED_EDGE('',*,*,#450,.T.);
#450 = EDGE_CURVE('',#426,#451,#453,.T.);
#451 = VERTEX_POINT('',#452);
#452 = CARTESIAN_POINT('',(-0.968050023482,0.223388488214,0.170543985989
    ));
#453 = SURFACE_CURVE('',#454,(#457,#463),.PCURVE_S1.);
#454 = B_SPLINE_CURVE_WITH_KNOTS('',1,(#455,#456),.UNSPECIFIED.,.F.,.F.,
  (2,2),(0.,1.),.PIECEWISE_BEZIER_KNOTS.);
#455 = CARTESIAN_POINT('',(-0.966476440088,0.223388488214,0.170828309636
    ));
#456 = CARTESIAN_POINT('',(-0.968050023482,0.223388488214,0.170543985989
    ));
#457 = PCURVE('',#137,#458);
#458 = DEFINITIONAL_REPRESENTATION('',(#459),#462);
#459 = B_SPLINE_CURVE_WITH_KNOTS('',1,(#460,#461),.UNSPECIFIED.,.F.,.F.,
  (2,2),(0.,1.),.PIECEWISE_BEZIER_KNOTS.);
#460 = CARTESIAN_POINT('',(0.333385322067,6.399869619981E-02));
#461 = CARTESIAN_POINT('',(0.333239499681,6.240629535063E-02));
#462 = ( GEOMETRIC_REPRESENTATION_CONTEXT(2) 
PARAMETRIC_REPRESENTATION_CONTEXT() REPRESENTATION_CONTEXT('2D SPACE',''
  ) );
#463 = PCURVE('',#464,#469);
#464 = B_SPLINE_SURFACE_WITH_KNOTS('',1,1,(
    (#465,#466)
    ,(#467,#468
    )),.UNSPECIFIED.,.F.,.F.,.F.,(2,2),(2,2),(0.,2.039116986853E-03),(0.
    ,1.),.PIECEWISE_BEZIER_KNOTS.);
#465 = CARTESIAN_POINT('',(-0.997134819355,2.794604381241E-03,
    6.217695561091E-03));
#466 = CARTESIAN_POINT('',(-0.961537069936,0.272786040263,0.20734154512)
  );
#467 = CARTESIAN_POINT('',(-0.995117257315,2.618881072539E-03,
    6.455524949388E-03));
#468 = CARTESIAN_POINT('',(-0.960084425267,0.27265951948,0.207512782279)
  );
#469 = DEFINITIONAL_REPRESENTATION('',(#470),#473);
#470 = B_SPLINE_CURVE_WITH_KNOTS('',1,(#471,#472),.UNSPECIFIED.,.F.,.F.,
  (2,2),(0.,1.),.PIECEWISE_BEZIER_KNOTS.);
#471 = CARTESIAN_POINT('',(2.039116986853E-03,0.817542161222));
#472 = CARTESIAN_POINT('',(0.,0.817040300233));
#473 = ( GEOMETRIC_REPRESENTATION_CONTEXT(2) 
PARAMETRIC_REPRESENTATION_CONTEXT() REPRESENTATION_CONTEXT('2D SPACE',''
  ) );
#474 = ORIENTED_EDGE('',*,*,#475,.T.);
#475 = EDGE_CURVE('',#451,#476,#478,.T.);
#476 = VERTEX_POINT('',#477);
#477 = CARTESIAN_POINT('',(-0.969449340116,0.223388488214,0.17028876941)
  );
#478 = SURFACE_CURVE('',#479,(#482,#488),.PCURVE_S1.);
#479 = B_SPLINE_CURVE_WITH_KNOTS('',1,(#480,#481),.UNSPECIFIED.,.F.,.F.,
  (2,2),(0.,1.),.PIECEWISE_BEZIER_KNOTS.);
#480 = CARTESIAN_POINT('',(-0.968050023482,0.223388488214,0.170543985989
    ));
#481 = CARTESIAN_POINT('',(-0.969449340116,0.223388488214,0.17028876941)
  );
#482 = PCURVE('',#137,#483);
#483 = DEFINITIONAL_REPRESENTATION('',(#484),#487);
#484 = B_SPLINE_CURVE_WITH_KNOTS('',1,(#485,#486),.UNSPECIFIED.,.F.,.F.,
  (2,2),(0.,1.),.PIECEWISE_BEZIER_KNOTS.);
#485 = CARTESIAN_POINT('',(0.333239499681,6.240629535063E-02));
#486 = CARTESIAN_POINT('',(0.333112120533,6.098961010046E-02));
#487 = ( GEOMETRIC_REPRESENTATION_CONTEXT(2) 
PARAMETRIC_REPRESENTATION_CONTEXT() REPRESENTATION_CONTEXT('2D SPACE',''
  ) );
#488 = PCURVE('',#489,#494);
#489 = B_SPLINE_SURFACE_WITH_KNOTS('',1,1,(
    (#490,#491)
    ,(#492,#493
    )),.UNSPECIFIED.,.F.,.F.,.F.,(2,2),(2,2),(0.,1.812836504862E-03),(0.
    ,1.),.PIECEWISE_BEZIER_KNOTS.);
#490 = CARTESIAN_POINT('',(-0.998928132013,2.952283836491E-03,
    6.004287284943E-03));
#491 = CARTESIAN_POINT('',(-0.96282825505,0.272899569471,0.207187891161)
  );
#492 = CARTESIAN_POINT('',(-0.997134819355,2.794604381241E-03,
    6.217695561091E-03));
#493 = CARTESIAN_POINT('',(-0.961537069936,0.272786040263,0.20734154512)
  );
#494 = DEFINITIONAL_REPRESENTATION('',(#495),#498);
#495 = B_SPLINE_CURVE_WITH_KNOTS('',1,(#496,#497),.UNSPECIFIED.,.F.,.F.,
  (2,2),(0.,1.),.PIECEWISE_BEZIER_KNOTS.);
#496 = CARTESIAN_POINT('',(1.812836504862E-03,0.817040300233));
#497 = CARTESIAN_POINT('',(0.,0.816589816268));
#498 = ( GEOMETRIC_REPRESENTATION_CONTEXT(2) 
PARAMETRIC_REPRESENTATION_CONTEXT() REPRESENTATION_CONTEXT('2D SPACE',''
  ) );
#499 = ORIENTED_EDGE('',*,*,#500,.T.);
#500 = EDGE_CURVE('',#476,#501,#503,.T.);
#501 = VERTEX_POINT('',#502);
#502 = CARTESIAN_POINT('',(-0.970670364518,0.223388488214,0.170064205675
    ));
#503 = SURFACE_CURVE('',#504,(#507,#513),.PCURVE_S1.);
#504 = B_SPLINE_CURVE_WITH_KNOTS('',1,(#505,#506),.UNSPECIFIED.,.F.,.F.,
  (2,2),(0.,1.),.PIECEWISE_BEZIER_KNOTS.);
#505 = CARTESIAN_POINT('',(-0.969449340116,0.223388488214,0.17028876941)
  );
#506 = CARTESIAN_POINT('',(-0.970670364518,0.223388488214,0.170064205675
    ));
#507 = PCURVE('',#137,#508);
#508 = DEFINITIONAL_REPRESENTATION('',(#509),#512);
#509 = B_SPLINE_CURVE_WITH_KNOTS('',1,(#510,#511),.UNSPECIFIED.,.F.,.F.,
  (2,2),(0.,1.),.PIECEWISE_BEZIER_KNOTS.);
#510 = CARTESIAN_POINT('',(0.333112120533,6.098961010046E-02));
#511 = CARTESIAN_POINT('',(0.333002768897,5.975293242169E-02));
#512 = ( GEOMETRIC_REPRESENTATION_CONTEXT(2) 
PARAMETRIC_REPRESENTATION_CONTEXT() REPRESENTATION_CONTEXT('2D SPACE',''
  ) );
#513 = PCURVE('',#514,#519);
#514 = B_SPLINE_SURFACE_WITH_KNOTS('',1,1,(
    (#515,#516)
    ,(#517,#518
    )),.UNSPECIFIED.,.F.,.F.,.F.,(2,2),(2,2),(0.,1.581502476942E-03),(0.
    ,1.),.PIECEWISE_BEZIER_KNOTS.);
#515 = CARTESIAN_POINT('',(-1.000492316879,3.090982521689E-03,
    5.816568172993E-03));
#516 = CARTESIAN_POINT('',(-0.963954468153,0.272999432524,0.2070527334)
  );
#517 = CARTESIAN_POINT('',(-0.998928132013,2.952283836491E-03,
    6.004287284943E-03));
#518 = CARTESIAN_POINT('',(-0.96282825505,0.272899569471,0.207187891161)
  );
#519 = DEFINITIONAL_REPRESENTATION('',(#520),#523);
#520 = B_SPLINE_CURVE_WITH_KNOTS('',1,(#521,#522),.UNSPECIFIED.,.F.,.F.,
  (2,2),(0.,1.),.PIECEWISE_BEZIER_KNOTS.);
#521 = CARTESIAN_POINT('',(1.581502476942E-03,0.816589816268));
#522 = CARTESIAN_POINT('',(0.,0.816193437778));
#523 = ( GEOMETRIC_REPRESENTATION_CONTEXT(2) 
PARAMETRIC_REPRESENTATION_CONTEXT() REPRESENTATION_CONTEXT('2D SPACE',''
  ) );
#524 = ORIENTED_EDGE('',*,*,#525,.T.);
#525 = EDGE_CURVE('',#501,#526,#528,.T.);
#526 = VERTEX_POINT('',#527);
#527 = CARTESIAN_POINT('',(-0.971709576804,0.223388488214,0.169871687301
    ));
#528 = SURFACE_CURVE('',#529,(#532,#538),.PCURVE_S1.);
#529 = B_SPLINE_CURVE_WITH_KNOTS('',1,(#530,#531),.UNSPECIFIED.,.F.,.F.,
  (2,2),(0.,1.),.PIECEWISE_BEZIER_KNOTS.);
#530 = CARTESIAN_POINT('',(-0.970670364518,0.223388488214,0.170064205675
    ));
#531 = CARTESIAN_POINT('',(-0.971709576804,0.223388488214,0.169871687301
    ));
#532 = PCURVE('',#137,#533);
#533 = DEFINITIONAL_REPRESENTATION('',(#534),#537);
#534 = B_SPLINE_CURVE_WITH_KNOTS('',1,(#535,#536),.UNSPECIFIED.,.F.,.F.,
  (2,2),(0.,1.),.PIECEWISE_BEZIER_KNOTS.);
#535 = CARTESIAN_POINT('',(0.333002768897,5.975293242169E-02));
#536 = CARTESIAN_POINT('',(0.332911041855,5.870002613455E-02));
#537 = ( GEOMETRIC_REPRESENTATION_CONTEXT(2) 
PARAMETRIC_REPRESENTATION_CONTEXT() REPRESENTATION_CONTEXT('2D SPACE',''
  ) );
#538 = PCURVE('',#539,#544);
#539 = B_SPLINE_SURFACE_WITH_KNOTS('',1,1,(
    (#540,#541)
    ,(#542,#543
    )),.UNSPECIFIED.,.F.,.F.,.F.,(2,2),(2,2),(0.,1.345754292724E-03),(0.
    ,1.),.PIECEWISE_BEZIER_KNOTS.);
#540 = CARTESIAN_POINT('',(-1.001823120527,3.209857065247E-03,
    5.655679670566E-03));
#541 = CARTESIAN_POINT('',(-0.964912646779,0.273085022195,0.206936893679
    ));
#542 = CARTESIAN_POINT('',(-1.000492316879,3.090982521689E-03,
    5.816568172993E-03));
#543 = CARTESIAN_POINT('',(-0.963954468153,0.272999432524,0.2070527334)
  );
#544 = DEFINITIONAL_REPRESENTATION('',(#545),#548);
#545 = B_SPLINE_CURVE_WITH_KNOTS('',1,(#546,#547),.UNSPECIFIED.,.F.,.F.,
  (2,2),(0.,1.),.PIECEWISE_BEZIER_KNOTS.);
#546 = CARTESIAN_POINT('',(1.345754292724E-03,0.816193437778));
#547 = CARTESIAN_POINT('',(0.,0.815853622704));
#548 = ( GEOMETRIC_REPRESENTATION_CONTEXT(2) 
PARAMETRIC_REPRESENTATION_CONTEXT() REPRESENTATION_CONTEXT('2D SPACE',''
  ) );
#549 = ORIENTED_EDGE('',*,*,#550,.T.);
#550 = EDGE_CURVE('',#526,#551,#553,.T.);
#551 = VERTEX_POINT('',#552);
#552 = CARTESIAN_POINT('',(-0.972563975648,0.223388488214,0.169712433188
    ));
#553 = SURFACE_CURVE('',#554,(#557,#563),.PCURVE_S1.);
#554 = B_SPLINE_CURVE_WITH_KNOTS('',1,(#555,#556),.UNSPECIFIED.,.F.,.F.,
  (2,2),(0.,1.),.PIECEWISE_BEZIER_KNOTS.);
#555 = CARTESIAN_POINT('',(-0.971709576804,0.223388488214,0.169871687301
    ));
#556 = CARTESIAN_POINT('',(-0.972563975648,0.223388488214,0.169712433188
    ));
#557 = PCURVE('',#137,#558);
#558 = DEFINITIONAL_REPRESENTATION('',(#559),#562);
#559 = B_SPLINE_CURVE_WITH_KNOTS('',1,(#560,#561),.UNSPECIFIED.,.F.,.F.,
  (2,2),(0.,1.),.PIECEWISE_BEZIER_KNOTS.);
#560 = CARTESIAN_POINT('',(0.332911041855,5.870002613455E-02));
#561 = CARTESIAN_POINT('',(0.332836565461,5.783410897741E-02));
#562 = ( GEOMETRIC_REPRESENTATION_CONTEXT(2) 
PARAMETRIC_REPRESENTATION_CONTEXT() REPRESENTATION_CONTEXT('2D SPACE',''
  ) );
#563 = PCURVE('',#564,#569);
#564 = B_SPLINE_SURFACE_WITH_KNOTS('',1,1,(
    (#565,#566)
    ,(#567,#568
    )),.UNSPECIFIED.,.F.,.F.,.F.,(2,2),(2,2),(0.,1.106245641354E-03),(0.
    ,1.),.PIECEWISE_BEZIER_KNOTS.);
#565 = CARTESIAN_POINT('',(-1.002916925459,3.308169731839E-03,
    5.522620251585E-03));
#566 = CARTESIAN_POINT('',(-0.965700186331,0.273155807315,0.206841090897
    ));
#567 = CARTESIAN_POINT('',(-1.001823120527,3.209857065247E-03,
    5.655679670566E-03));
#568 = CARTESIAN_POINT('',(-0.964912646779,0.273085022195,0.206936893679
    ));
#569 = DEFINITIONAL_REPRESENTATION('',(#570),#573);
#570 = B_SPLINE_CURVE_WITH_KNOTS('',1,(#571,#572),.UNSPECIFIED.,.F.,.F.,
  (2,2),(0.,1.),.PIECEWISE_BEZIER_KNOTS.);
#571 = CARTESIAN_POINT('',(1.106245641354E-03,0.815853622704));
#572 = CARTESIAN_POINT('',(0.,0.81557252253));
#573 = ( GEOMETRIC_REPRESENTATION_CONTEXT(2) 
PARAMETRIC_REPRESENTATION_CONTEXT() REPRESENTATION_CONTEXT('2D SPACE',''
  ) );
#574 = ORIENTED_EDGE('',*,*,#575,.T.);
#575 = EDGE_CURVE('',#551,#576,#578,.T.);
#576 = VERTEX_POINT('',#577);
#577 = CARTESIAN_POINT('',(-0.973231089532,0.223388488214,0.169587469687
    ));
#578 = SURFACE_CURVE('',#579,(#582,#588),.PCURVE_S1.);
#579 = B_SPLINE_CURVE_WITH_KNOTS('',1,(#580,#581),.UNSPECIFIED.,.F.,.F.,
  (2,2),(0.,1.),.PIECEWISE_BEZIER_KNOTS.);
#580 = CARTESIAN_POINT('',(-0.972563975648,0.223388488214,0.169712433188
    ));
#581 = CARTESIAN_POINT('',(-0.973231089532,0.223388488214,0.169587469687
    ));
#582 = PCURVE('',#137,#583);
#583 = DEFINITIONAL_REPRESENTATION('',(#584),#587);
#584 = B_SPLINE_CURVE_WITH_KNOTS('',1,(#585,#586),.UNSPECIFIED.,.F.,.F.,
  (2,2),(0.,1.),.PIECEWISE_BEZIER_KNOTS.);
#585 = CARTESIAN_POINT('',(0.332836565461,5.783410897741E-02));
#586 = CARTESIAN_POINT('',(0.332779009978,5.715783671113E-02));
#587 = ( GEOMETRIC_REPRESENTATION_CONTEXT(2) 
PARAMETRIC_REPRESENTATION_CONTEXT() REPRESENTATION_CONTEXT('2D SPACE',''
  ) );
#588 = PCURVE('',#589,#594);
#589 = B_SPLINE_SURFACE_WITH_KNOTS('',1,1,(
    (#590,#591)
    ,(#592,#593
    )),.UNSPECIFIED.,.F.,.F.,.F.,(2,2),(2,2),(0.,8.636426430061E-04),(0.
    ,1.),.PIECEWISE_BEZIER_KNOTS.);
#590 = CARTESIAN_POINT('',(-1.003770759346,3.38529966245E-03,
    5.418230205938E-03));
#591 = CARTESIAN_POINT('',(-0.966314946729,0.273211340865,0.206765930064
    ));
#592 = CARTESIAN_POINT('',(-1.002916925459,3.308169731839E-03,
    5.522620251585E-03));
#593 = CARTESIAN_POINT('',(-0.965700186331,0.273155807315,0.206841090897
    ));
#594 = DEFINITIONAL_REPRESENTATION('',(#595),#598);
#595 = B_SPLINE_CURVE_WITH_KNOTS('',1,(#596,#597),.UNSPECIFIED.,.F.,.F.,
  (2,2),(0.,1.),.PIECEWISE_BEZIER_KNOTS.);
#596 = CARTESIAN_POINT('',(8.636426430061E-04,0.81557252253));
#597 = CARTESIAN_POINT('',(0.,0.815351948875));
#598 = ( GEOMETRIC_REPRESENTATION_CONTEXT(2) 
PARAMETRIC_REPRESENTATION_CONTEXT() REPRESENTATION_CONTEXT('2D SPACE',''
  ) );
#599 = ORIENTED_EDGE('',*,*,#600,.T.);
#600 = EDGE_CURVE('',#576,#601,#603,.T.);
#601 = VERTEX_POINT('',#602);
#602 = CARTESIAN_POINT('',(-0.973708986163,0.223388488214,0.169497613889
    ));
#603 = SURFACE_CURVE('',#604,(#607,#613),.PCURVE_S1.);
#604 = B_SPLINE_CURVE_WITH_KNOTS('',1,(#605,#606),.UNSPECIFIED.,.F.,.F.,
  (2,2),(0.,1.),.PIECEWISE_BEZIER_KNOTS.);
#605 = CARTESIAN_POINT('',(-0.973231089532,0.223388488214,0.169587469687
    ));
#606 = CARTESIAN_POINT('',(-0.973708986163,0.223388488214,0.169497613889
    ));
#607 = PCURVE('',#137,#608);
#608 = DEFINITIONAL_REPRESENTATION('',(#609),#612);
#609 = B_SPLINE_CURVE_WITH_KNOTS('',1,(#610,#611),.UNSPECIFIED.,.F.,.F.,
  (2,2),(0.,1.),.PIECEWISE_BEZIER_KNOTS.);
#610 = CARTESIAN_POINT('',(0.332779009978,5.715783671113E-02));
#611 = CARTESIAN_POINT('',(0.332738103482,5.667328959023E-02));
#612 = ( GEOMETRIC_REPRESENTATION_CONTEXT(2) 
PARAMETRIC_REPRESENTATION_CONTEXT() REPRESENTATION_CONTEXT('2D SPACE',''
  ) );
#613 = PCURVE('',#614,#619);
#614 = B_SPLINE_SURFACE_WITH_KNOTS('',1,1,(
    (#615,#616)
    ,(#617,#618
    )),.UNSPECIFIED.,.F.,.F.,.F.,(2,2),(2,2),(0.,6.186218318379E-04),(0.
    ,1.),.PIECEWISE_BEZIER_KNOTS.);
#615 = CARTESIAN_POINT('',(-1.004382302573,3.440752798171E-03,
    5.343178208311E-03));
#616 = CARTESIAN_POINT('',(-0.966755257853,0.273251267123,0.206711892626
    ));
#617 = CARTESIAN_POINT('',(-1.003770759346,3.38529966245E-03,
    5.418230205938E-03));
#618 = CARTESIAN_POINT('',(-0.966314946729,0.273211340865,0.206765930064
    ));
#619 = DEFINITIONAL_REPRESENTATION('',(#620),#623);
#620 = B_SPLINE_CURVE_WITH_KNOTS('',1,(#621,#622),.UNSPECIFIED.,.F.,.F.,
  (2,2),(0.,1.),.PIECEWISE_BEZIER_KNOTS.);
#621 = CARTESIAN_POINT('',(6.186218318379E-04,0.815351948875));
#622 = CARTESIAN_POINT('',(0.,0.81519334399));
#623 = ( GEOMETRIC_REPRESENTATION_CONTEXT(2) 
PARAMETRIC_REPRESENTATION_CONTEXT() REPRESENTATION_CONTEXT('2D SPACE',''
  ) );
#624 = ORIENTED_EDGE('',*,*,#625,.T.);
#625 = EDGE_CURVE('',#601,#626,#628,.T.);
#626 = VERTEX_POINT('',#627);
#627 = CARTESIAN_POINT('',(-0.973996279917,0.223388488214,0.169443459824
    ));
#628 = SURFACE_CURVE('',#629,(#632,#638),.PCURVE_S1.);
#629 = B_SPLINE_CURVE_WITH_KNOTS('',1,(#630,#631),.UNSPECIFIED.,.F.,.F.,
  (2,2),(0.,1.),.PIECEWISE_BEZIER_KNOTS.);
#630 = CARTESIAN_POINT('',(-0.973708986163,0.223388488214,0.169497613889
    ));
#631 = CARTESIAN_POINT('',(-0.973996279917,0.223388488214,0.169443459824
    ));
#632 = PCURVE('',#137,#633);
#633 = DEFINITIONAL_REPRESENTATION('',(#634),#637);
#634 = B_SPLINE_CURVE_WITH_KNOTS('',1,(#635,#636),.UNSPECIFIED.,.F.,.F.,
  (2,2),(0.,1.),.PIECEWISE_BEZIER_KNOTS.);
#635 = CARTESIAN_POINT('',(0.332738103482,5.667328959023E-02));
#636 = CARTESIAN_POINT('',(0.332713643166,5.638196149914E-02));
#637 = ( GEOMETRIC_REPRESENTATION_CONTEXT(2) 
PARAMETRIC_REPRESENTATION_CONTEXT() REPRESENTATION_CONTEXT('2D SPACE',''
  ) );
#638 = PCURVE('',#639,#644);
#639 = B_SPLINE_SURFACE_WITH_KNOTS('',1,1,(
    (#640,#641)
    ,(#642,#643
    )),.UNSPECIFIED.,.F.,.F.,.F.,(2,2),(2,2),(0.,3.718680024035E-04),(0.
    ,1.),.PIECEWISE_BEZIER_KNOTS.);
#640 = CARTESIAN_POINT('',(-1.004749894095,3.474170072095E-03,
    5.297950231017E-03));
#641 = CARTESIAN_POINT('',(-0.967019923749,0.27327532756,0.206679328482)
  );
#642 = CARTESIAN_POINT('',(-1.004382302573,3.440752798171E-03,
    5.343178208311E-03));
#643 = CARTESIAN_POINT('',(-0.966755257853,0.273251267123,0.206711892626
    ));
#644 = DEFINITIONAL_REPRESENTATION('',(#645),#648);
#645 = B_SPLINE_CURVE_WITH_KNOTS('',1,(#646,#647),.UNSPECIFIED.,.F.,.F.,
  (2,2),(0.,1.),.PIECEWISE_BEZIER_KNOTS.);
#646 = CARTESIAN_POINT('',(3.718680024035E-04,0.81519334399));
#647 = CARTESIAN_POINT('',(0.,0.815097756398));
#648 = ( GEOMETRIC_REPRESENTATION_CONTEXT(2) 
PARAMETRIC_REPRESENTATION_CONTEXT() REPRESENTATION_CONTEXT('2D SPACE',''
  ) );
#649 = ORIENTED_EDGE('',*,*,#650,.T.);
#650 = EDGE_CURVE('',#626,#99,#651,.T.);
#651 = SURFACE_CURVE('',#652,(#655,#661),.PCURVE_S1.);
#652 = B_SPLINE_CURVE_WITH_KNOTS('',1,(#653,#654),.UNSPECIFIED.,.F.,.F.,
  (2,2),(0.,1.),.PIECEWISE_BEZIER_KNOTS.);
#653 = CARTESIAN_POINT('',(-0.973996279917,0.223388488214,0.169443459824
    ));
#654 = CARTESIAN_POINT('',(-0.97409213724,0.223388488214,0.169425368156)
  );
#655 = PCURVE('',#137,#656);
#656 = DEFINITIONAL_REPRESENTATION('',(#657),#660);
#657 = B_SPLINE_CURVE_WITH_KNOTS('',1,(#658,#659),.UNSPECIFIED.,.F.,.F.,
  (2,2),(0.,1.),.PIECEWISE_BEZIER_KNOTS.);
#658 = CARTESIAN_POINT('',(0.332713643166,5.638196149914E-02));
#659 = CARTESIAN_POINT('',(0.332705503836,5.628475200279E-02));
#660 = ( GEOMETRIC_REPRESENTATION_CONTEXT(2) 
PARAMETRIC_REPRESENTATION_CONTEXT() REPRESENTATION_CONTEXT('2D SPACE',''
  ) );
#661 = PCURVE('',#113,#662);
#662 = DEFINITIONAL_REPRESENTATION('',(#663),#666);
#663 = B_SPLINE_CURVE_WITH_KNOTS('',1,(#664,#665),.UNSPECIFIED.,.F.,.F.,
  (2,2),(0.,1.),.PIECEWISE_BEZIER_KNOTS.);
#664 = CARTESIAN_POINT('',(1.240719397039E-04,0.815097756398));
#665 = CARTESIAN_POINT('',(0.,0.815065822711));
#666 = ( GEOMETRIC_REPRESENTATION_CONTEXT(2) 
PARAMETRIC_REPRESENTATION_CONTEXT() REPRESENTATION_CONTEXT('2D SPACE',''
  ) );
#667 = ORIENTED_EDGE('',*,*,#125,.T.);
#668 = ORIENTED_EDGE('',*,*,#199,.T.);
#669 = ORIENTED_EDGE('',*,*,#670,.T.);
#670 = EDGE_CURVE('',#154,#671,#673,.T.);
#671 = VERTEX_POINT('',#672);
#672 = CARTESIAN_POINT('',(-0.973238326453,0.223388488214,0.16935596915)
  );
#673 = SURFACE_CURVE('',#674,(#677,#683),.PCURVE_S1.);
#674 = B_SPLINE_CURVE_WITH_KNOTS('',1,(#675,#676),.UNSPECIFIED.,.F.,.F.,
  (2,2),(0.,1.),.PIECEWISE_BEZIER_KNOTS.);
#675 = CARTESIAN_POINT('',(-0.973712244899,0.223388488214,0.169394375553
    ));
#676 = CARTESIAN_POINT('',(-0.973238326453,0.223388488214,0.16935596915)
  );
#677 = PCURVE('',#137,#678);
#678 = DEFINITIONAL_REPRESENTATION('',(#679),#682);
#679 = B_SPLINE_CURVE_WITH_KNOTS('',1,(#680,#681),.UNSPECIFIED.,.F.,.F.,
  (2,2),(0.,1.),.PIECEWISE_BEZIER_KNOTS.);
#680 = CARTESIAN_POINT('',(0.332836730046,5.664260450614E-02));
#681 = CARTESIAN_POINT('',(0.333000187918,5.708909668867E-02));
#682 = ( GEOMETRIC_REPRESENTATION_CONTEXT(2) 
PARAMETRIC_REPRESENTATION_CONTEXT() REPRESENTATION_CONTEXT('2D SPACE',''
  ) );
#683 = PCURVE('',#168,#684);
#684 = DEFINITIONAL_REPRESENTATION('',(#685),#688);
#685 = B_SPLINE_CURVE_WITH_KNOTS('',1,(#686,#687),.UNSPECIFIED.,.F.,.F.,
  (2,2),(0.,1.),.PIECEWISE_BEZIER_KNOTS.);
#686 = CARTESIAN_POINT('',(6.18621831838E-04,0.815011117524));
#687 = CARTESIAN_POINT('',(0.,0.814943326205));
#688 = ( GEOMETRIC_REPRESENTATION_CONTEXT(2) 
PARAMETRIC_REPRESENTATION_CONTEXT() REPRESENTATION_CONTEXT('2D SPACE',''
  ) );
#689 = ORIENTED_EDGE('',*,*,#690,.T.);
#690 = EDGE_CURVE('',#671,#691,#693,.T.);
#691 = VERTEX_POINT('',#692);
#692 = CARTESIAN_POINT('',(-0.97257660663,0.223388488214,0.169302817058)
  );
#693 = SURFACE_CURVE('',#694,(#697,#703),.PCURVE_S1.);
#694 = B_SPLINE_CURVE_WITH_KNOTS('',1,(#695,#696),.UNSPECIFIED.,.F.,.F.,
  (2,2),(0.,1.),.PIECEWISE_BEZIER_KNOTS.);
#695 = CARTESIAN_POINT('',(-0.973238326453,0.223388488214,0.16935596915)
  );
#696 = CARTESIAN_POINT('',(-0.97257660663,0.223388488214,0.169302817058)
  );
#697 = PCURVE('',#137,#698);
#698 = DEFINITIONAL_REPRESENTATION('',(#699),#702);
#699 = B_SPLINE_CURVE_WITH_KNOTS('',1,(#700,#701),.UNSPECIFIED.,.F.,.F.,
  (2,2),(0.,1.),.PIECEWISE_BEZIER_KNOTS.);
#700 = CARTESIAN_POINT('',(0.333000187918,5.708909668867E-02));
#701 = CARTESIAN_POINT('',(0.333227963251,5.771264834397E-02));
#702 = ( GEOMETRIC_REPRESENTATION_CONTEXT(2) 
PARAMETRIC_REPRESENTATION_CONTEXT() REPRESENTATION_CONTEXT('2D SPACE',''
  ) );
#703 = PCURVE('',#704,#709);
#704 = B_SPLINE_SURFACE_WITH_KNOTS('',1,1,(
    (#705,#706)
    ,(#707,#708
    )),.UNSPECIFIED.,.F.,.F.,.F.,(2,2),(2,2),(0.,8.636426430061E-04),(0.
    ,1.),.PIECEWISE_BEZIER_KNOTS.);
#705 = CARTESIAN_POINT('',(-1.002898427777,3.560946781532E-03,
    5.180503935041E-03));
#706 = CARTESIAN_POINT('',(-0.965686867999,0.273337806791,0.206594767149
    ));
#707 = CARTESIAN_POINT('',(-1.003760305592,3.528153731553E-03,
    5.224887068243E-03));
#708 = CARTESIAN_POINT('',(-0.966307420026,0.273314195795,0.206626723005
    ));
#709 = DEFINITIONAL_REPRESENTATION('',(#710),#713);
#710 = B_SPLINE_CURVE_WITH_KNOTS('',1,(#711,#712),.UNSPECIFIED.,.F.,.F.,
  (2,2),(0.,1.),.PIECEWISE_BEZIER_KNOTS.);
#711 = CARTESIAN_POINT('',(8.636426430061E-04,0.814943326205));
#712 = CARTESIAN_POINT('',(0.,0.8148495072));
#713 = ( GEOMETRIC_REPRESENTATION_CONTEXT(2) 
PARAMETRIC_REPRESENTATION_CONTEXT() REPRESENTATION_CONTEXT('2D SPACE',''
  ) );
#714 = ORIENTED_EDGE('',*,*,#715,.T.);
#715 = EDGE_CURVE('',#691,#716,#718,.T.);
#716 = VERTEX_POINT('',#717);
#717 = CARTESIAN_POINT('',(-0.971728847579,0.223388488214,0.169235520155
    ));
#718 = SURFACE_CURVE('',#719,(#722,#728),.PCURVE_S1.);
#719 = B_SPLINE_CURVE_WITH_KNOTS('',1,(#720,#721),.UNSPECIFIED.,.F.,.F.,
  (2,2),(0.,1.),.PIECEWISE_BEZIER_KNOTS.);
#720 = CARTESIAN_POINT('',(-0.97257660663,0.223388488214,0.169302817058)
  );
#721 = CARTESIAN_POINT('',(-0.971728847579,0.223388488214,0.169235520155
    ));
#722 = PCURVE('',#137,#723);
#723 = DEFINITIONAL_REPRESENTATION('',(#724),#727);
#724 = B_SPLINE_CURVE_WITH_KNOTS('',1,(#725,#726),.UNSPECIFIED.,.F.,.F.,
  (2,2),(0.,1.),.PIECEWISE_BEZIER_KNOTS.);
#725 = CARTESIAN_POINT('',(0.333227963251,5.771264834397E-02));
#726 = CARTESIAN_POINT('',(0.333519006798,5.851172151692E-02));
#727 = ( GEOMETRIC_REPRESENTATION_CONTEXT(2) 
PARAMETRIC_REPRESENTATION_CONTEXT() REPRESENTATION_CONTEXT('2D SPACE',''
  ) );
#728 = PCURVE('',#729,#734);
#729 = B_SPLINE_SURFACE_WITH_KNOTS('',1,1,(
    (#730,#731)
    ,(#732,#733
    )),.UNSPECIFIED.,.F.,.F.,.F.,(2,2),(2,2),(0.,1.106245641354E-03),(0.
    ,1.),.PIECEWISE_BEZIER_KNOTS.);
#730 = CARTESIAN_POINT('',(-1.00179439043,3.60246350121E-03,
    5.124313916095E-03));
#731 = CARTESIAN_POINT('',(-0.96489196111,0.273367698829,0.206554310335)
  );
#732 = CARTESIAN_POINT('',(-1.002898427777,3.560946781532E-03,
    5.180503935041E-03));
#733 = CARTESIAN_POINT('',(-0.965686867999,0.273337806791,0.206594767149
    ));
#734 = DEFINITIONAL_REPRESENTATION('',(#735),#738);
#735 = B_SPLINE_CURVE_WITH_KNOTS('',1,(#736,#737),.UNSPECIFIED.,.F.,.F.,
  (2,2),(0.,1.),.PIECEWISE_BEZIER_KNOTS.);
#736 = CARTESIAN_POINT('',(1.106245641354E-03,0.8148495072));
#737 = CARTESIAN_POINT('',(0.,0.814730721125));
#738 = ( GEOMETRIC_REPRESENTATION_CONTEXT(2) 
PARAMETRIC_REPRESENTATION_CONTEXT() REPRESENTATION_CONTEXT('2D SPACE',''
  ) );
#739 = ORIENTED_EDGE('',*,*,#740,.T.);
#740 = EDGE_CURVE('',#716,#741,#743,.T.);
#741 = VERTEX_POINT('',#742);
#742 = CARTESIAN_POINT('',(-0.97069730933,0.223388488214,0.169154828941)
  );
#743 = SURFACE_CURVE('',#744,(#747,#753),.PCURVE_S1.);
#744 = B_SPLINE_CURVE_WITH_KNOTS('',1,(#745,#746),.UNSPECIFIED.,.F.,.F.,
  (2,2),(0.,1.),.PIECEWISE_BEZIER_KNOTS.);
#745 = CARTESIAN_POINT('',(-0.971728847579,0.223388488214,0.169235520155
    ));
#746 = CARTESIAN_POINT('',(-0.97069730933,0.223388488214,0.169154828941)
  );
#747 = PCURVE('',#137,#748);
#748 = DEFINITIONAL_REPRESENTATION('',(#749),#752);
#749 = B_SPLINE_CURVE_WITH_KNOTS('',1,(#750,#751),.UNSPECIFIED.,.F.,.F.,
  (2,2),(0.,1.),.PIECEWISE_BEZIER_KNOTS.);
#750 = CARTESIAN_POINT('',(0.333519006798,5.851172151692E-02));
#751 = CARTESIAN_POINT('',(0.333871992278,5.948433833816E-02));
#752 = ( GEOMETRIC_REPRESENTATION_CONTEXT(2) 
PARAMETRIC_REPRESENTATION_CONTEXT() REPRESENTATION_CONTEXT('2D SPACE',''
  ) );
#753 = PCURVE('',#754,#759);
#754 = B_SPLINE_SURFACE_WITH_KNOTS('',1,1,(
    (#755,#756)
    ,(#757,#758
    )),.UNSPECIFIED.,.F.,.F.,.F.,(2,2),(2,2),(0.,1.345754292724E-03),(0.
    ,1.),.PIECEWISE_BEZIER_KNOTS.);
#755 = CARTESIAN_POINT('',(-1.000451245356,3.652238705317E-03,
    5.056946607611E-03));
#756 = CARTESIAN_POINT('',(-0.963924896656,0.273403536976,0.206505805873
    ));
#757 = CARTESIAN_POINT('',(-1.00179439043,3.60246350121E-03,
    5.124313916095E-03));
#758 = CARTESIAN_POINT('',(-0.96489196111,0.273367698829,0.206554310335)
  );
#759 = DEFINITIONAL_REPRESENTATION('',(#760),#763);
#760 = B_SPLINE_CURVE_WITH_KNOTS('',1,(#761,#762),.UNSPECIFIED.,.F.,.F.,
  (2,2),(0.,1.),.PIECEWISE_BEZIER_KNOTS.);
#761 = CARTESIAN_POINT('',(1.345754292724E-03,0.814730721125));
#762 = CARTESIAN_POINT('',(0.,0.814588292689));
#763 = ( GEOMETRIC_REPRESENTATION_CONTEXT(2) 
PARAMETRIC_REPRESENTATION_CONTEXT() REPRESENTATION_CONTEXT('2D SPACE',''
  ) );
#764 = ORIENTED_EDGE('',*,*,#765,.T.);
#765 = EDGE_CURVE('',#741,#766,#768,.T.);
#766 = VERTEX_POINT('',#767);
#767 = CARTESIAN_POINT('',(-0.969484745462,0.223388488214,0.169061628336
    ));
#768 = SURFACE_CURVE('',#769,(#772,#778),.PCURVE_S1.);
#769 = B_SPLINE_CURVE_WITH_KNOTS('',1,(#770,#771),.UNSPECIFIED.,.F.,.F.,
  (2,2),(0.,1.),.PIECEWISE_BEZIER_KNOTS.);
#770 = CARTESIAN_POINT('',(-0.97069730933,0.223388488214,0.169154828941)
  );
#771 = CARTESIAN_POINT('',(-0.969484745462,0.223388488214,0.169061628336
    ));
#772 = PCURVE('',#137,#773);
#773 = DEFINITIONAL_REPRESENTATION('',(#774),#777);
#774 = B_SPLINE_CURVE_WITH_KNOTS('',1,(#775,#776),.UNSPECIFIED.,.F.,.F.,
  (2,2),(0.,1.),.PIECEWISE_BEZIER_KNOTS.);
#775 = CARTESIAN_POINT('',(0.333871992278,5.948433833816E-02));
#776 = CARTESIAN_POINT('',(0.33428533218,6.062808114711E-02));
#777 = ( GEOMETRIC_REPRESENTATION_CONTEXT(2) 
PARAMETRIC_REPRESENTATION_CONTEXT() REPRESENTATION_CONTEXT('2D SPACE',''
  ) );
#778 = PCURVE('',#779,#784);
#779 = B_SPLINE_SURFACE_WITH_KNOTS('',1,1,(
    (#780,#781)
    ,(#782,#783
    )),.UNSPECIFIED.,.F.,.F.,.F.,(2,2),(2,2),(0.,1.581502476942E-03),(0.
    ,1.),.PIECEWISE_BEZIER_KNOTS.);
#780 = CARTESIAN_POINT('',(-0.998872704163,3.709724055014E-03,
    4.979144148419E-03));
#781 = CARTESIAN_POINT('',(-0.962788346998,0.273444926428,0.206449788103
    ));
#782 = CARTESIAN_POINT('',(-1.000451245356,3.652238705317E-03,
    5.056946607611E-03));
#783 = CARTESIAN_POINT('',(-0.963924896656,0.273403536976,0.206505805873
    ));
#784 = DEFINITIONAL_REPRESENTATION('',(#785),#788);
#785 = B_SPLINE_CURVE_WITH_KNOTS('',1,(#786,#787),.UNSPECIFIED.,.F.,.F.,
  (2,2),(0.,1.),.PIECEWISE_BEZIER_KNOTS.);
#786 = CARTESIAN_POINT('',(1.581502476942E-03,0.814588292689));
#787 = CARTESIAN_POINT('',(0.,0.814423783869));
#788 = ( GEOMETRIC_REPRESENTATION_CONTEXT(2) 
PARAMETRIC_REPRESENTATION_CONTEXT() REPRESENTATION_CONTEXT('2D SPACE',''
  ) );
#789 = ORIENTED_EDGE('',*,*,#790,.T.);
#790 = EDGE_CURVE('',#766,#791,#793,.T.);
#791 = VERTEX_POINT('',#792);
#792 = CARTESIAN_POINT('',(-0.96809439765,0.223388488214,0.168956920512)
  );
#793 = SURFACE_CURVE('',#794,(#797,#803),.PCURVE_S1.);
#794 = B_SPLINE_CURVE_WITH_KNOTS('',1,(#795,#796),.UNSPECIFIED.,.F.,.F.,
  (2,2),(0.,1.),.PIECEWISE_BEZIER_KNOTS.);
#795 = CARTESIAN_POINT('',(-0.969484745462,0.223388488214,0.169061628336
    ));
#796 = CARTESIAN_POINT('',(-0.96809439765,0.223388488214,0.168956920512)
  );
#797 = PCURVE('',#137,#798);
#798 = DEFINITIONAL_REPRESENTATION('',(#799),#802);
#799 = B_SPLINE_CURVE_WITH_KNOTS('',1,(#800,#801),.UNSPECIFIED.,.F.,.F.,
  (2,2),(0.,1.),.PIECEWISE_BEZIER_KNOTS.);
#800 = CARTESIAN_POINT('',(0.33428533218,6.062808114711E-02));
#801 = CARTESIAN_POINT('',(0.334757195768,6.194009315994E-02));
#802 = ( GEOMETRIC_REPRESENTATION_CONTEXT(2) 
PARAMETRIC_REPRESENTATION_CONTEXT() REPRESENTATION_CONTEXT('2D SPACE',''
  ) );
#803 = PCURVE('',#804,#809);
#804 = B_SPLINE_SURFACE_WITH_KNOTS('',1,1,(
    (#805,#806)
    ,(#807,#808
    )),.UNSPECIFIED.,.F.,.F.,.F.,(2,2),(2,2),(0.,1.812836504862E-03),(0.
    ,1.),.PIECEWISE_BEZIER_KNOTS.);
#805 = CARTESIAN_POINT('',(-0.997063127421,3.774298778817E-03,
    4.891746709939E-03));
#806 = CARTESIAN_POINT('',(-0.961485451743,0.273491420229,0.206386861947
    ));
#807 = CARTESIAN_POINT('',(-0.998872704163,3.709724055014E-03,
    4.979144148419E-03));
#808 = CARTESIAN_POINT('',(-0.962788346998,0.273444926428,0.206449788103
    ));
#809 = DEFINITIONAL_REPRESENTATION('',(#810),#813);
#810 = B_SPLINE_CURVE_WITH_KNOTS('',1,(#811,#812),.UNSPECIFIED.,.F.,.F.,
  (2,2),(0.,1.),.PIECEWISE_BEZIER_KNOTS.);
#811 = CARTESIAN_POINT('',(1.812836504862E-03,0.814423783869));
#812 = CARTESIAN_POINT('',(0.,0.814238963603));
#813 = ( GEOMETRIC_REPRESENTATION_CONTEXT(2) 
PARAMETRIC_REPRESENTATION_CONTEXT() REPRESENTATION_CONTEXT('2D SPACE',''
  ) );
#814 = ORIENTED_EDGE('',*,*,#815,.T.);
#815 = EDGE_CURVE('',#791,#816,#818,.T.);
#816 = VERTEX_POINT('',#817);
#817 = CARTESIAN_POINT('',(-0.966529989044,0.223388488214,0.168841806491
    ));
#818 = SURFACE_CURVE('',#819,(#822,#828),.PCURVE_S1.);
#819 = B_SPLINE_CURVE_WITH_KNOTS('',1,(#820,#821),.UNSPECIFIED.,.F.,.F.,
  (2,2),(0.,1.),.PIECEWISE_BEZIER_KNOTS.);
#820 = CARTESIAN_POINT('',(-0.96809439765,0.223388488214,0.168956920512)
  );
#821 = CARTESIAN_POINT('',(-0.966529989044,0.223388488214,0.168841806491
    ));
#822 = PCURVE('',#137,#823);
#823 = DEFINITIONAL_REPRESENTATION('',(#824),#827);
#824 = B_SPLINE_CURVE_WITH_KNOTS('',1,(#825,#826),.UNSPECIFIED.,.F.,.F.,
  (2,2),(0.,1.),.PIECEWISE_BEZIER_KNOTS.);
#825 = CARTESIAN_POINT('',(0.334757195768,6.194009315995E-02));
#826 = CARTESIAN_POINT('',(0.335285528575,6.341707994664E-02));
#827 = ( GEOMETRIC_REPRESENTATION_CONTEXT(2) 
PARAMETRIC_REPRESENTATION_CONTEXT() REPRESENTATION_CONTEXT('2D SPACE',''
  ) );
#828 = PCURVE('',#829,#834);
#829 = B_SPLINE_SURFACE_WITH_KNOTS('',1,1,(
    (#830,#831)
    ,(#832,#833
    )),.UNSPECIFIED.,.F.,.F.,.F.,(2,2),(2,2),(0.,2.039116986853E-03),(0.
    ,1.),.PIECEWISE_BEZIER_KNOTS.);
#830 = CARTESIAN_POINT('',(-0.995027511988,3.845281153727E-03,
    4.795676957273E-03));
#831 = CARTESIAN_POINT('',(-0.960019808631,0.273542527539,0.206317691725
    ));
#832 = CARTESIAN_POINT('',(-0.997063127421,3.774298778817E-03,
    4.891746709939E-03));
#833 = CARTESIAN_POINT('',(-0.961485451743,0.273491420229,0.206386861947
    ));
#834 = DEFINITIONAL_REPRESENTATION('',(#835),#838);
#835 = B_SPLINE_CURVE_WITH_KNOTS('',1,(#836,#837),.UNSPECIFIED.,.F.,.F.,
  (2,2),(0.,1.),.PIECEWISE_BEZIER_KNOTS.);
#836 = CARTESIAN_POINT('',(2.039116986853E-03,0.814238963603));
#837 = CARTESIAN_POINT('',(0.,0.814035775312));
#838 = ( GEOMETRIC_REPRESENTATION_CONTEXT(2) 
PARAMETRIC_REPRESENTATION_CONTEXT() REPRESENTATION_CONTEXT('2D SPACE',''
  ) );
#839 = ORIENTED_EDGE('',*,*,#840,.T.);
#840 = EDGE_CURVE('',#816,#841,#843,.T.);
#841 = VERTEX_POINT('',#842);
#842 = CARTESIAN_POINT('',(-0.964795716397,0.223388488214,0.168717467312
    ));
#843 = SURFACE_CURVE('',#844,(#847,#853),.PCURVE_S1.);
#844 = B_SPLINE_CURVE_WITH_KNOTS('',1,(#845,#846),.UNSPECIFIED.,.F.,.F.,
  (2,2),(0.,1.),.PIECEWISE_BEZIER_KNOTS.);
#845 = CARTESIAN_POINT('',(-0.966529989044,0.223388488214,0.168841806491
    ));
#846 = CARTESIAN_POINT('',(-0.964795716397,0.223388488214,0.168717467312
    ));
#847 = PCURVE('',#137,#848);
#848 = DEFINITIONAL_REPRESENTATION('',(#849),#852);
#849 = B_SPLINE_CURVE_WITH_KNOTS('',1,(#850,#851),.UNSPECIFIED.,.F.,.F.,
  (2,2),(0.,1.),.PIECEWISE_BEZIER_KNOTS.);
#850 = CARTESIAN_POINT('',(0.335285528575,6.341707994664E-02));
#851 = CARTESIAN_POINT('',(0.335868072662,6.505531199105E-02));
#852 = ( GEOMETRIC_REPRESENTATION_CONTEXT(2) 
PARAMETRIC_REPRESENTATION_CONTEXT() REPRESENTATION_CONTEXT('2D SPACE',''
  ) );
#853 = PCURVE('',#854,#859);
#854 = B_SPLINE_SURFACE_WITH_KNOTS('',1,1,(
    (#855,#856)
    ,(#857,#858
    )),.UNSPECIFIED.,.F.,.F.,.F.,(2,2),(2,2),(0.,2.259720549055E-03),(0.
    ,1.),.PIECEWISE_BEZIER_KNOTS.);
#855 = CARTESIAN_POINT('',(-0.992771476595,3.921940256354E-03,
    4.691924144856E-03));
#856 = CARTESIAN_POINT('',(-0.958395463148,0.273597722093,0.2062429897)
  );
#857 = CARTESIAN_POINT('',(-0.995027511988,3.845281153727E-03,
    4.795676957273E-03));
#858 = CARTESIAN_POINT('',(-0.960019808631,0.273542527539,0.206317691725
    ));
#859 = DEFINITIONAL_REPRESENTATION('',(#860),#863);
#860 = B_SPLINE_CURVE_WITH_KNOTS('',1,(#861,#862),.UNSPECIFIED.,.F.,.F.,
  (2,2),(0.,1.),.PIECEWISE_BEZIER_KNOTS.);
#861 = CARTESIAN_POINT('',(2.259720549055E-03,0.814035775312));
#862 = CARTESIAN_POINT('',(0.,0.81381630365));
#863 = ( GEOMETRIC_REPRESENTATION_CONTEXT(2) 
PARAMETRIC_REPRESENTATION_CONTEXT() REPRESENTATION_CONTEXT('2D SPACE',''
  ) );
#864 = ORIENTED_EDGE('',*,*,#865,.T.);
#865 = EDGE_CURVE('',#841,#866,#868,.T.);
#866 = VERTEX_POINT('',#867);
#867 = CARTESIAN_POINT('',(-0.962896240884,0.223388488214,0.168585145526
    ));
#868 = SURFACE_CURVE('',#869,(#872,#878),.PCURVE_S1.);
#869 = B_SPLINE_CURVE_WITH_KNOTS('',1,(#870,#871),.UNSPECIFIED.,.F.,.F.,
  (2,2),(0.,1.),.PIECEWISE_BEZIER_KNOTS.);
#870 = CARTESIAN_POINT('',(-0.964795716397,0.223388488214,0.168717467312
    ));
#871 = CARTESIAN_POINT('',(-0.962896240884,0.223388488214,0.168585145526
    ));
#872 = PCURVE('',#137,#873);
#873 = DEFINITIONAL_REPRESENTATION('',(#874),#877);
#874 = B_SPLINE_CURVE_WITH_KNOTS('',1,(#875,#876),.UNSPECIFIED.,.F.,.F.,
  (2,2),(0.,1.),.PIECEWISE_BEZIER_KNOTS.);
#875 = CARTESIAN_POINT('',(0.335868072662,6.505531199105E-02));
#876 = CARTESIAN_POINT('',(0.336502386895,6.6850628602E-02));
#877 = ( GEOMETRIC_REPRESENTATION_CONTEXT(2) 
PARAMETRIC_REPRESENTATION_CONTEXT() REPRESENTATION_CONTEXT('2D SPACE',''
  ) );
#878 = PCURVE('',#879,#884);
#879 = B_SPLINE_SURFACE_WITH_KNOTS('',1,1,(
    (#880,#881)
    ,(#882,#883
    )),.UNSPECIFIED.,.F.,.F.,.F.,(2,2),(2,2),(0.,2.474041401648E-03),(0.
    ,1.),.PIECEWISE_BEZIER_KNOTS.);
#880 = CARTESIAN_POINT('',(-0.990301245746,4.003507491263E-03,
    4.58152851364E-03));
#881 = CARTESIAN_POINT('',(-0.956616896937,0.273656450502,0.206163504846
    ));
#882 = CARTESIAN_POINT('',(-0.992771476595,3.921940256354E-03,
    4.691924144856E-03));
#883 = CARTESIAN_POINT('',(-0.958395463148,0.273597722093,0.2062429897)
  );
#884 = DEFINITIONAL_REPRESENTATION('',(#885),#888);
#885 = B_SPLINE_CURVE_WITH_KNOTS('',1,(#886,#887),.UNSPECIFIED.,.F.,.F.,
  (2,2),(0.,1.),.PIECEWISE_BEZIER_KNOTS.);
#886 = CARTESIAN_POINT('',(2.474041401648E-03,0.81381630365));
#887 = CARTESIAN_POINT('',(0.,0.813582741852));
#888 = ( GEOMETRIC_REPRESENTATION_CONTEXT(2) 
PARAMETRIC_REPRESENTATION_CONTEXT() REPRESENTATION_CONTEXT('2D SPACE',''
  ) );
#889 = ORIENTED_EDGE('',*,*,#890,.T.);
#890 = EDGE_CURVE('',#866,#891,#893,.T.);
#891 = VERTEX_POINT('',#892);
#892 = CARTESIAN_POINT('',(-0.96083667757,0.223388488214,0.168446127807)
  );
#893 = SURFACE_CURVE('',#894,(#897,#903),.PCURVE_S1.);
#894 = B_SPLINE_CURVE_WITH_KNOTS('',1,(#895,#896),.UNSPECIFIED.,.F.,.F.,
  (2,2),(0.,1.),.PIECEWISE_BEZIER_KNOTS.);
#895 = CARTESIAN_POINT('',(-0.962896240884,0.223388488214,0.168585145526
    ));
#896 = CARTESIAN_POINT('',(-0.96083667757,0.223388488214,0.168446127807)
  );
#897 = PCURVE('',#137,#898);
#898 = DEFINITIONAL_REPRESENTATION('',(#899),#902);
#899 = B_SPLINE_CURVE_WITH_KNOTS('',1,(#900,#901),.UNSPECIFIED.,.F.,.F.,
  (2,2),(0.,1.),.PIECEWISE_BEZIER_KNOTS.);
#900 = CARTESIAN_POINT('',(0.336502386895,6.6850628602E-02));
#901 = CARTESIAN_POINT('',(0.337185866519,6.87984434224E-02));
#902 = ( GEOMETRIC_REPRESENTATION_CONTEXT(2) 
PARAMETRIC_REPRESENTATION_CONTEXT() REPRESENTATION_CONTEXT('2D SPACE',''
  ) );
#903 = PCURVE('',#904,#909);
#904 = B_SPLINE_SURFACE_WITH_KNOTS('',1,1,(
    (#905,#906)
    ,(#907,#908
    )),.UNSPECIFIED.,.F.,.F.,.F.,(2,2),(2,2),(0.,2.681492770208E-03),(0.
    ,1.),.PIECEWISE_BEZIER_KNOTS.);
#905 = CARTESIAN_POINT('',(-0.987623632019,4.089187425302E-03,
    4.465566627579E-03));
#906 = CARTESIAN_POINT('',(-0.954689015054,0.273718140054,0.206080012288
    ));
#907 = CARTESIAN_POINT('',(-0.990301245746,4.003507491263E-03,
    4.58152851364E-03));
#908 = CARTESIAN_POINT('',(-0.956616896937,0.273656450502,0.206163504846
    ));
#909 = DEFINITIONAL_REPRESENTATION('',(#910),#913);
#910 = B_SPLINE_CURVE_WITH_KNOTS('',1,(#911,#912),.UNSPECIFIED.,.F.,.F.,
  (2,2),(0.,1.),.PIECEWISE_BEZIER_KNOTS.);
#911 = CARTESIAN_POINT('',(2.681492770208E-03,0.813582741852));
#912 = CARTESIAN_POINT('',(0.,0.813337361031));
#913 = ( GEOMETRIC_REPRESENTATION_CONTEXT(2) 
PARAMETRIC_REPRESENTATION_CONTEXT() REPRESENTATION_CONTEXT('2D SPACE',''
  ) );
#914 = ORIENTED_EDGE('',*,*,#915,.T.);
#915 = EDGE_CURVE('',#891,#916,#918,.T.);
#916 = VERTEX_POINT('',#917);
#917 = CARTESIAN_POINT('',(-0.958622583496,0.223388488214,0.16830172934)
  );
#918 = SURFACE_CURVE('',#919,(#922,#928),.PCURVE_S1.);
#919 = B_SPLINE_CURVE_WITH_KNOTS('',1,(#920,#921),.UNSPECIFIED.,.F.,.F.,
  (2,2),(0.,1.),.PIECEWISE_BEZIER_KNOTS.);
#920 = CARTESIAN_POINT('',(-0.96083667757,0.223388488214,0.168446127807)
  );
#921 = CARTESIAN_POINT('',(-0.958622583496,0.223388488214,0.16830172934)
  );
#922 = PCURVE('',#137,#923);
#923 = DEFINITIONAL_REPRESENTATION('',(#924),#927);
#924 = B_SPLINE_CURVE_WITH_KNOTS('',1,(#925,#926),.UNSPECIFIED.,.F.,.F.,
  (2,2),(0.,1.),.PIECEWISE_BEZIER_KNOTS.);
#925 = CARTESIAN_POINT('',(0.337185866519,6.87984434224E-02));
#926 = CARTESIAN_POINT('',(0.337915761378,7.089375174895E-02));
#927 = ( GEOMETRIC_REPRESENTATION_CONTEXT(2) 
PARAMETRIC_REPRESENTATION_CONTEXT() REPRESENTATION_CONTEXT('2D SPACE',''
  ) );
#928 = PCURVE('',#929,#934);
#929 = B_SPLINE_SURFACE_WITH_KNOTS('',1,1,(
    (#930,#931)
    ,(#932,#933
    )),.UNSPECIFIED.,.F.,.F.,.F.,(2,2),(2,2),(0.,2.881508206621E-03),(0.
    ,1.),.PIECEWISE_BEZIER_KNOTS.);
#930 = CARTESIAN_POINT('',(-0.984746016845,4.178167501585E-03,
    4.345138226423E-03));
#931 = CARTESIAN_POINT('',(-0.952617132129,0.273782205709,0.205993303839
    ));
#932 = CARTESIAN_POINT('',(-0.987623632019,4.089187425302E-03,
    4.465566627579E-03));
#933 = CARTESIAN_POINT('',(-0.954689015054,0.273718140054,0.206080012288
    ));
#934 = DEFINITIONAL_REPRESENTATION('',(#935),#938);
#935 = B_SPLINE_CURVE_WITH_KNOTS('',1,(#936,#937),.UNSPECIFIED.,.F.,.F.,
  (2,2),(0.,1.),.PIECEWISE_BEZIER_KNOTS.);
#936 = CARTESIAN_POINT('',(2.881508206621E-03,0.813337361031));
#937 = CARTESIAN_POINT('',(0.,0.813082482629));
#938 = ( GEOMETRIC_REPRESENTATION_CONTEXT(2) 
PARAMETRIC_REPRESENTATION_CONTEXT() REPRESENTATION_CONTEXT('2D SPACE',''
  ) );
#939 = ORIENTED_EDGE('',*,*,#940,.T.);
#940 = EDGE_CURVE('',#916,#941,#943,.T.);
#941 = VERTEX_POINT('',#942);
#942 = CARTESIAN_POINT('',(-0.956259944366,0.223388488214,0.168153280587
    ));
#943 = SURFACE_CURVE('',#944,(#947,#953),.PCURVE_S1.);
#944 = B_SPLINE_CURVE_WITH_KNOTS('',1,(#945,#946),.UNSPECIFIED.,.F.,.F.,
  (2,2),(0.,1.),.PIECEWISE_BEZIER_KNOTS.);
#945 = CARTESIAN_POINT('',(-0.958622583496,0.223388488214,0.16830172934)
  );
#946 = CARTESIAN_POINT('',(-0.956259944366,0.223388488214,0.168153280587
    ));
#947 = PCURVE('',#137,#948);
#948 = DEFINITIONAL_REPRESENTATION('',(#949),#952);
#949 = B_SPLINE_CURVE_WITH_KNOTS('',1,(#950,#951),.UNSPECIFIED.,.F.,.F.,
  (2,2),(0.,1.),.PIECEWISE_BEZIER_KNOTS.);
#950 = CARTESIAN_POINT('',(0.337915761378,7.089375174895E-02));
#951 = CARTESIAN_POINT('',(0.338689192225,7.313113982762E-02));
#952 = ( GEOMETRIC_REPRESENTATION_CONTEXT(2) 
PARAMETRIC_REPRESENTATION_CONTEXT() REPRESENTATION_CONTEXT('2D SPACE',''
  ) );
#953 = PCURVE('',#954,#959);
#954 = B_SPLINE_SURFACE_WITH_KNOTS('',1,1,(
    (#955,#956)
    ,(#957,#958
    )),.UNSPECIFIED.,.F.,.F.,.F.,(2,2),(2,2),(0.,3.073542799665E-03),(0.
    ,1.),.PIECEWISE_BEZIER_KNOTS.);
#955 = CARTESIAN_POINT('',(-0.981676329831,4.269626272937E-03,
    4.221355082309E-03));
#956 = CARTESIAN_POINT('',(-0.950406957478,0.273848056025,0.205904179975
    ));
#957 = CARTESIAN_POINT('',(-0.984746016845,4.178167501585E-03,
    4.345138226423E-03));
#958 = CARTESIAN_POINT('',(-0.952617132129,0.273782205709,0.205993303839
    ));
#959 = DEFINITIONAL_REPRESENTATION('',(#960),#963);
#960 = B_SPLINE_CURVE_WITH_KNOTS('',1,(#961,#962),.UNSPECIFIED.,.F.,.F.,
  (2,2),(0.,1.),.PIECEWISE_BEZIER_KNOTS.);
#961 = CARTESIAN_POINT('',(3.073542799665E-03,0.813082482629));
#962 = CARTESIAN_POINT('',(0.,0.812820455046));
#963 = ( GEOMETRIC_REPRESENTATION_CONTEXT(2) 
PARAMETRIC_REPRESENTATION_CONTEXT() REPRESENTATION_CONTEXT('2D SPACE',''
  ) );
#964 = ORIENTED_EDGE('',*,*,#965,.T.);
#965 = EDGE_CURVE('',#941,#966,#968,.T.);
#966 = VERTEX_POINT('',#967);
#967 = CARTESIAN_POINT('',(-0.953755159857,0.223388488214,0.168002116858
    ));
#968 = SURFACE_CURVE('',#969,(#972,#978),.PCURVE_S1.);
#969 = B_SPLINE_CURVE_WITH_KNOTS('',1,(#970,#971),.UNSPECIFIED.,.F.,.F.,
  (2,2),(0.,1.),.PIECEWISE_BEZIER_KNOTS.);
#970 = CARTESIAN_POINT('',(-0.956259944366,0.223388488214,0.168153280587
    ));
#971 = CARTESIAN_POINT('',(-0.953755159857,0.223388488214,0.168002116858
    ));
#972 = PCURVE('',#137,#973);
#973 = DEFINITIONAL_REPRESENTATION('',(#974),#977);
#974 = B_SPLINE_CURVE_WITH_KNOTS('',1,(#975,#976),.UNSPECIFIED.,.F.,.F.,
  (2,2),(0.,1.),.PIECEWISE_BEZIER_KNOTS.);
#975 = CARTESIAN_POINT('',(0.338689192225,7.313113982762E-02));
#976 = CARTESIAN_POINT('',(0.339503164689,7.550479623426E-02));
#977 = ( GEOMETRIC_REPRESENTATION_CONTEXT(2) 
PARAMETRIC_REPRESENTATION_CONTEXT() REPRESENTATION_CONTEXT('2D SPACE',''
  ) );
#978 = PCURVE('',#979,#984);
#979 = B_SPLINE_SURFACE_WITH_KNOTS('',1,1,(
    (#980,#981)
    ,(#982,#983
    )),.UNSPECIFIED.,.F.,.F.,.F.,(2,2),(2,2),(0.,3.257074307208E-03),(0.
    ,1.),.PIECEWISE_BEZIER_KNOTS.);
#980 = CARTESIAN_POINT('',(-0.978423026718,4.362739879017E-03,
    4.095332233435E-03));
#981 = CARTESIAN_POINT('',(-0.948064579237,0.273915097821,0.205813443524
    ));
#982 = CARTESIAN_POINT('',(-0.981676329831,4.269626272937E-03,
    4.221355082309E-03));
#983 = CARTESIAN_POINT('',(-0.950406957478,0.273848056025,0.205904179975
    ));
#984 = DEFINITIONAL_REPRESENTATION('',(#985),#988);
#985 = B_SPLINE_CURVE_WITH_KNOTS('',1,(#986,#987),.UNSPECIFIED.,.F.,.F.,
  (2,2),(0.,1.),.PIECEWISE_BEZIER_KNOTS.);
#986 = CARTESIAN_POINT('',(3.257074307208E-03,0.812820455046));
#987 = CARTESIAN_POINT('',(0.,0.812553635247));
#988 = ( GEOMETRIC_REPRESENTATION_CONTEXT(2) 
PARAMETRIC_REPRESENTATION_CONTEXT() REPRESENTATION_CONTEXT('2D SPACE',''
  ) );
#989 = ORIENTED_EDGE('',*,*,#990,.T.);
#990 = EDGE_CURVE('',#966,#991,#993,.T.);
#991 = VERTEX_POINT('',#992);
#992 = CARTESIAN_POINT('',(-0.95111502757,0.223388488214,0.167849571));
#993 = SURFACE_CURVE('',#994,(#997,#1003),.PCURVE_S1.);
#994 = B_SPLINE_CURVE_WITH_KNOTS('',1,(#995,#996),.UNSPECIFIED.,.F.,.F.,
  (2,2),(0.,1.),.PIECEWISE_BEZIER_KNOTS.);
#995 = CARTESIAN_POINT('',(-0.953755159857,0.223388488214,0.168002116858
    ));
#996 = CARTESIAN_POINT('',(-0.95111502757,0.223388488214,0.167849571));
#997 = PCURVE('',#137,#998);
#998 = DEFINITIONAL_REPRESENTATION('',(#999),#1002);
#999 = B_SPLINE_CURVE_WITH_KNOTS('',1,(#1000,#1001),.UNSPECIFIED.,.F.,
  .F.,(2,2),(0.,1.),.PIECEWISE_BEZIER_KNOTS.);
#1000 = CARTESIAN_POINT('',(0.339503164689,7.550479623426E-02));
#1001 = CARTESIAN_POINT('',(0.340354580606,7.800852538666E-02));
#1002 = ( GEOMETRIC_REPRESENTATION_CONTEXT(2) 
PARAMETRIC_REPRESENTATION_CONTEXT() REPRESENTATION_CONTEXT('2D SPACE',''
  ) );
#1003 = PCURVE('',#1004,#1009);
#1004 = B_SPLINE_SURFACE_WITH_KNOTS('',1,1,(
    (#1005,#1006)
    ,(#1007,#1008
    )),.UNSPECIFIED.,.F.,.F.,.F.,(2,2),(2,2),(0.,3.431604232115E-03),(0.
    ,1.),.PIECEWISE_BEZIER_KNOTS.);
#1005 = CARTESIAN_POINT('',(-0.974995066042,4.456686589949E-03,
    3.968181834558E-03));
#1006 = CARTESIAN_POINT('',(-0.94559644755,0.273982739453,0.205721895237
    ));
#1007 = CARTESIAN_POINT('',(-0.978423026718,4.362739879017E-03,
    4.095332233435E-03));
#1008 = CARTESIAN_POINT('',(-0.948064579237,0.273915097821,
    0.205813443524));
#1009 = DEFINITIONAL_REPRESENTATION('',(#1010),#1013);
#1010 = B_SPLINE_CURVE_WITH_KNOTS('',1,(#1011,#1012),.UNSPECIFIED.,.F.,
  .F.,(2,2),(0.,1.),.PIECEWISE_BEZIER_KNOTS.);
#1011 = CARTESIAN_POINT('',(3.431604232115E-03,0.812553635247));
#1012 = CARTESIAN_POINT('',(0.,0.812284375847));
#1013 = ( GEOMETRIC_REPRESENTATION_CONTEXT(2) 
PARAMETRIC_REPRESENTATION_CONTEXT() REPRESENTATION_CONTEXT('2D SPACE',''
  ) );
#1014 = ORIENTED_EDGE('',*,*,#1015,.T.);
#1015 = EDGE_CURVE('',#991,#223,#1016,.T.);
#1016 = SURFACE_CURVE('',#1017,(#1020,#1026),.PCURVE_S1.);
#1017 = B_SPLINE_CURVE_WITH_KNOTS('',1,(#1018,#1019),.UNSPECIFIED.,.F.,
  .F.,(2,2),(0.,1.),.PIECEWISE_BEZIER_KNOTS.);
#1018 = CARTESIAN_POINT('',(-0.95111502757,0.223388488214,0.167849571));
#1019 = CARTESIAN_POINT('',(-0.948346725684,0.223388488214,0.1676969693)
  );
#1020 = PCURVE('',#137,#1021);
#1021 = DEFINITIONAL_REPRESENTATION('',(#1022),#1025);
#1022 = B_SPLINE_CURVE_WITH_KNOTS('',1,(#1023,#1024),.UNSPECIFIED.,.F.,
  .F.,(2,2),(0.,1.),.PIECEWISE_BEZIER_KNOTS.);
#1023 = CARTESIAN_POINT('',(0.340354580606,7.800852538666E-02));
#1024 = CARTESIAN_POINT('',(0.341240246596,8.063576316885E-02));
#1025 = ( GEOMETRIC_REPRESENTATION_CONTEXT(2) 
PARAMETRIC_REPRESENTATION_CONTEXT() REPRESENTATION_CONTEXT('2D SPACE',''
  ) );
#1026 = PCURVE('',#1027,#1032);
#1027 = B_SPLINE_SURFACE_WITH_KNOTS('',1,1,(
    (#1028,#1029)
    ,(#1030,#1031
    )),.UNSPECIFIED.,.F.,.F.,.F.,(2,2),(2,2),(0.,3.596658862616E-03),(0.
    ,1.),.PIECEWISE_BEZIER_KNOTS.);
#1028 = CARTESIAN_POINT('',(-0.971401884551,4.550649347582E-03,
    3.841009717576E-03));
#1029 = CARTESIAN_POINT('',(-0.943009356877,0.274050392638,
    0.205630331312));
#1030 = CARTESIAN_POINT('',(-0.974995066042,4.456686589949E-03,
    3.968181834558E-03));
#1031 = CARTESIAN_POINT('',(-0.94559644755,0.273982739453,0.205721895237
    ));
#1032 = DEFINITIONAL_REPRESENTATION('',(#1033),#1036);
#1033 = B_SPLINE_CURVE_WITH_KNOTS('',1,(#1034,#1035),.UNSPECIFIED.,.F.,
  .F.,(2,2),(0.,1.),.PIECEWISE_BEZIER_KNOTS.);
#1034 = CARTESIAN_POINT('',(3.596658862616E-03,0.812284375847));
#1035 = CARTESIAN_POINT('',(0.,0.812015017879));
#1036 = ( GEOMETRIC_REPRESENTATION_CONTEXT(2) 
PARAMETRIC_REPRESENTATION_CONTEXT() REPRESENTATION_CONTEXT('2D SPACE',''
  ) );
#1037 = ADVANCED_FACE('',(#1038),#113,.T.);
#1038 = FACE_BOUND('',#1039,.T.);
#1039 = EDGE_LOOP('',(#1040,#1041,#1061,#1081));
#1040 = ORIENTED_EDGE('',*,*,#98,.F.);
#1041 = ORIENTED_EDGE('',*,*,#1042,.F.);
#1042 = EDGE_CURVE('',#1043,#74,#1045,.T.);
#1043 = VERTEX_POINT('',#1044);
#1044 = CARTESIAN_POINT('',(-0.994822583047,7.446282940476E-02,
    5.828435766423E-02));
#1045 = SURFACE_CURVE('',#1046,(#1049,#1055),.PCURVE_S1.);
#1046 = B_SPLINE_CURVE_WITH_KNOTS('',1,(#1047,#1048),.UNSPECIFIED.,.F.,
  .F.,(2,2),(0.,1.),.PIECEWISE_BEZIER_KNOTS.);
#1047 = CARTESIAN_POINT('',(-0.994822583047,7.446282940476E-02,
    5.828435766423E-02));
#1048 = CARTESIAN_POINT('',(-0.994937636765,7.446282940476E-02,
    5.826264295723E-02));
#1049 = PCURVE('',#113,#1050);
#1050 = DEFINITIONAL_REPRESENTATION('',(#1051),#1054);
#1051 = B_SPLINE_CURVE_WITH_KNOTS('',1,(#1052,#1053),.UNSPECIFIED.,.F.,
  .F.,(2,2),(0.,1.),.PIECEWISE_BEZIER_KNOTS.);
#1052 = CARTESIAN_POINT('',(1.240719397039E-04,0.263114732322));
#1053 = CARTESIAN_POINT('',(0.,0.263076403592));
#1054 = ( GEOMETRIC_REPRESENTATION_CONTEXT(2) 
PARAMETRIC_REPRESENTATION_CONTEXT() REPRESENTATION_CONTEXT('2D SPACE',''
  ) );
#1055 = PCURVE('',#87,#1056);
#1056 = DEFINITIONAL_REPRESENTATION('',(#1057),#1060);
#1057 = B_SPLINE_CURVE_WITH_KNOTS('',1,(#1058,#1059),.UNSPECIFIED.,.F.,
  .F.,(2,2),(0.,1.),.PIECEWISE_BEZIER_KNOTS.);
#1058 = CARTESIAN_POINT('',(0.340132589141,5.088827157506E-02));
#1059 = CARTESIAN_POINT('',(0.340116916366,5.077224032622E-02));
#1060 = ( GEOMETRIC_REPRESENTATION_CONTEXT(2) 
PARAMETRIC_REPRESENTATION_CONTEXT() REPRESENTATION_CONTEXT('2D SPACE',''
  ) );
#1061 = ORIENTED_EDGE('',*,*,#1062,.T.);
#1062 = EDGE_CURVE('',#1043,#626,#1063,.T.);
#1063 = SURFACE_CURVE('',#1064,(#1067,#1074),.PCURVE_S1.);
#1064 = B_SPLINE_CURVE_WITH_KNOTS('',1,(#1065,#1066),.UNSPECIFIED.,.F.,
  .F.,(2,2),(0.,1.),.PIECEWISE_BEZIER_KNOTS.);
#1065 = CARTESIAN_POINT('',(-1.004749894095,3.474170072095E-03,
    5.297950231017E-03));
#1066 = CARTESIAN_POINT('',(-0.967019923749,0.27327532756,0.206679328482
    ));
#1067 = PCURVE('',#113,#1068);
#1068 = DEFINITIONAL_REPRESENTATION('',(#1069),#1073);
#1069 = LINE('',#1070,#1071);
#1070 = CARTESIAN_POINT('',(1.240719397039E-04,0.));
#1071 = VECTOR('',#1072,1.);
#1072 = DIRECTION('',(0.,1.));
#1073 = ( GEOMETRIC_REPRESENTATION_CONTEXT(2) 
PARAMETRIC_REPRESENTATION_CONTEXT() REPRESENTATION_CONTEXT('2D SPACE',''
  ) );
#1074 = PCURVE('',#639,#1075);
#1075 = DEFINITIONAL_REPRESENTATION('',(#1076),#1080);
#1076 = LINE('',#1077,#1078);
#1077 = CARTESIAN_POINT('',(0.,0.));
#1078 = VECTOR('',#1079,1.);
#1079 = DIRECTION('',(0.,1.));
#1080 = ( GEOMETRIC_REPRESENTATION_CONTEXT(2) 
PARAMETRIC_REPRESENTATION_CONTEXT() REPRESENTATION_CONTEXT('2D SPACE',''
  ) );
#1081 = ORIENTED_EDGE('',*,*,#650,.T.);
#1082 = ADVANCED_FACE('',(#1083),#87,.T.);
#1083 = FACE_BOUND('',#1084,.T.);
#1084 = EDGE_LOOP('',(#1085,#1110,#1135,#1160,#1185,#1210,#1230,#1250,
    #1270,#1290,#1310,#1330,#1350,#1370,#1390,#1410,#1430,#1450,#1470,
    #1490,#1510,#1528,#1529,#1530,#1531,#1551,#1571,#1591,#1611,#1631,
    #1651,#1671,#1691,#1711,#1731,#1751,#1771,#1791,#1811,#1831,#1856,
    #1881,#1906));
#1085 = ORIENTED_EDGE('',*,*,#1086,.F.);
#1086 = EDGE_CURVE('',#1087,#1089,#1091,.T.);
#1087 = VERTEX_POINT('',#1088);
#1088 = CARTESIAN_POINT('',(-0.951,7.446282940476E-02,6.568446696079E-02
    ));
#1089 = VERTEX_POINT('',#1090);
#1090 = CARTESIAN_POINT('',(-0.951,7.446282940476E-02,5.555642067685E-02
    ));
#1091 = SURFACE_CURVE('',#1092,(#1096,#1103),.PCURVE_S1.);
#1092 = LINE('',#1093,#1094);
#1093 = CARTESIAN_POINT('',(-0.951,7.446282940476E-02,0.365017821187));
#1094 = VECTOR('',#1095,1.);
#1095 = DIRECTION('',(0.,0.,-1.));
#1096 = PCURVE('',#87,#1097);
#1097 = DEFINITIONAL_REPRESENTATION('',(#1098),#1102);
#1098 = LINE('',#1099,#1100);
#1099 = CARTESIAN_POINT('',(6.286631034796E-02,0.189196792909));
#1100 = VECTOR('',#1101,1.);
#1101 = DIRECTION('',(0.948982750038,-0.315327988182));
#1102 = ( GEOMETRIC_REPRESENTATION_CONTEXT(2) 
PARAMETRIC_REPRESENTATION_CONTEXT() REPRESENTATION_CONTEXT('2D SPACE',''
  ) );
#1103 = PCURVE('',#238,#1104);
#1104 = DEFINITIONAL_REPRESENTATION('',(#1105),#1109);
#1105 = LINE('',#1106,#1107);
#1106 = CARTESIAN_POINT('',(0.,0.));
#1107 = VECTOR('',#1108,1.);
#1108 = DIRECTION('',(1.,0.));
#1109 = ( GEOMETRIC_REPRESENTATION_CONTEXT(2) 
PARAMETRIC_REPRESENTATION_CONTEXT() REPRESENTATION_CONTEXT('2D SPACE',''
  ) );
#1110 = ORIENTED_EDGE('',*,*,#1111,.T.);
#1111 = EDGE_CURVE('',#1087,#1112,#1114,.T.);
#1112 = VERTEX_POINT('',#1113);
#1113 = CARTESIAN_POINT('',(-0.953145236421,7.446282940476E-02,
    6.536039327639E-02));
#1114 = SURFACE_CURVE('',#1115,(#1118,#1124),.PCURVE_S1.);
#1115 = B_SPLINE_CURVE_WITH_KNOTS('',1,(#1116,#1117),.UNSPECIFIED.,.F.,
  .F.,(2,2),(0.,1.),.PIECEWISE_BEZIER_KNOTS.);
#1116 = CARTESIAN_POINT('',(-0.949315978779,7.446282940476E-02,
    6.593886640899E-02));
#1117 = CARTESIAN_POINT('',(-0.953145236421,7.446282940476E-02,
    6.536039327639E-02));
#1118 = PCURVE('',#87,#1119);
#1119 = DEFINITIONAL_REPRESENTATION('',(#1120),#1123);
#1120 = B_SPLINE_CURVE_WITH_KNOTS('',1,(#1121,#1122),.UNSPECIFIED.,.F.,
  .F.,(2,2),(0.,1.),.PIECEWISE_BEZIER_KNOTS.);
#1121 = CARTESIAN_POINT('',(0.347218098355,9.648693488142E-02));
#1122 = CARTESIAN_POINT('',(0.346559587271,9.267062666413E-02));
#1123 = ( GEOMETRIC_REPRESENTATION_CONTEXT(2) 
PARAMETRIC_REPRESENTATION_CONTEXT() REPRESENTATION_CONTEXT('2D SPACE',''
  ) );
#1124 = PCURVE('',#1125,#1130);
#1125 = B_SPLINE_SURFACE_WITH_KNOTS('',1,1,(
    (#1126,#1127)
    ,(#1128,#1129
    )),.UNSPECIFIED.,.F.,.F.,.F.,(2,2),(2,2),(0.,4.153575005899E-03),(0.
    ,1.),.PIECEWISE_BEZIER_KNOTS.);
#1126 = CARTESIAN_POINT('',(-0.960098039919,-1.77421907111E-04,
    1.024012832418E-02));
#1127 = CARTESIAN_POINT('',(-0.934870588741,0.270646181335,
    0.210237696709));
#1128 = CARTESIAN_POINT('',(-0.955975206219,-4.771674255421E-04,
    1.064581322632E-02));
#1129 = CARTESIAN_POINT('',(-0.931902148478,0.270430364562,
    0.210529789839));
#1130 = DEFINITIONAL_REPRESENTATION('',(#1131),#1134);
#1131 = B_SPLINE_CURVE_WITH_KNOTS('',1,(#1132,#1133),.UNSPECIFIED.,.F.,
  .F.,(2,2),(0.,1.),.PIECEWISE_BEZIER_KNOTS.);
#1132 = CARTESIAN_POINT('',(4.153575005899E-03,0.276625741191));
#1133 = CARTESIAN_POINT('',(0.,0.275604675583));
#1134 = ( GEOMETRIC_REPRESENTATION_CONTEXT(2) 
PARAMETRIC_REPRESENTATION_CONTEXT() REPRESENTATION_CONTEXT('2D SPACE',''
  ) );
#1135 = ORIENTED_EDGE('',*,*,#1136,.T.);
#1136 = EDGE_CURVE('',#1112,#1137,#1139,.T.);
#1137 = VERTEX_POINT('',#1138);
#1138 = CARTESIAN_POINT('',(-0.956862831455,7.446282940476E-02,
    6.47876452911E-02));
#1139 = SURFACE_CURVE('',#1140,(#1143,#1149),.PCURVE_S1.);
#1140 = B_SPLINE_CURVE_WITH_KNOTS('',1,(#1141,#1142),.UNSPECIFIED.,.F.,
  .F.,(2,2),(0.,1.),.PIECEWISE_BEZIER_KNOTS.);
#1141 = CARTESIAN_POINT('',(-0.953145236421,7.446282940476E-02,
    6.536039327639E-02));
#1142 = CARTESIAN_POINT('',(-0.956862831455,7.446282940476E-02,
    6.47876452911E-02));
#1143 = PCURVE('',#87,#1144);
#1144 = DEFINITIONAL_REPRESENTATION('',(#1145),#1148);
#1145 = B_SPLINE_CURVE_WITH_KNOTS('',1,(#1146,#1147),.UNSPECIFIED.,.F.,
  .F.,(2,2),(0.,1.),.PIECEWISE_BEZIER_KNOTS.);
#1146 = CARTESIAN_POINT('',(0.346559587271,9.267062666413E-02));
#1147 = CARTESIAN_POINT('',(0.345930853466,8.896208963561E-02));
#1148 = ( GEOMETRIC_REPRESENTATION_CONTEXT(2) 
PARAMETRIC_REPRESENTATION_CONTEXT() REPRESENTATION_CONTEXT('2D SPACE',''
  ) );
#1149 = PCURVE('',#1150,#1155);
#1150 = B_SPLINE_SURFACE_WITH_KNOTS('',1,1,(
    (#1151,#1152)
    ,(#1153,#1154
    )),.UNSPECIFIED.,.F.,.F.,.F.,(2,2),(2,2),(0.,4.030627130218E-03),(0.
    ,1.),.PIECEWISE_BEZIER_KNOTS.);
#1151 = CARTESIAN_POINT('',(-0.964097645653,1.191741089534E-04,
    9.838706056455E-03));
#1152 = CARTESIAN_POINT('',(-0.93775030487,0.270859730467,0.209948672676
    ));
#1153 = CARTESIAN_POINT('',(-0.960098039919,-1.77421907111E-04,
    1.024012832418E-02));
#1154 = CARTESIAN_POINT('',(-0.934870588741,0.270646181335,
    0.210237696709));
#1155 = DEFINITIONAL_REPRESENTATION('',(#1156),#1159);
#1156 = B_SPLINE_CURVE_WITH_KNOTS('',1,(#1157,#1158),.UNSPECIFIED.,.F.,
  .F.,(2,2),(0.,1.),.PIECEWISE_BEZIER_KNOTS.);
#1157 = CARTESIAN_POINT('',(4.030627130218E-03,0.275604675583));
#1158 = CARTESIAN_POINT('',(0.,0.274593715459));
#1159 = ( GEOMETRIC_REPRESENTATION_CONTEXT(2) 
PARAMETRIC_REPRESENTATION_CONTEXT() REPRESENTATION_CONTEXT('2D SPACE',''
  ) );
#1160 = ORIENTED_EDGE('',*,*,#1161,.T.);
#1161 = EDGE_CURVE('',#1137,#1162,#1164,.T.);
#1162 = VERTEX_POINT('',#1163);
#1163 = CARTESIAN_POINT('',(-0.960458411153,7.446282940476E-02,
    6.422329630832E-02));
#1164 = SURFACE_CURVE('',#1165,(#1168,#1174),.PCURVE_S1.);
#1165 = B_SPLINE_CURVE_WITH_KNOTS('',1,(#1166,#1167),.UNSPECIFIED.,.F.,
  .F.,(2,2),(0.,1.),.PIECEWISE_BEZIER_KNOTS.);
#1166 = CARTESIAN_POINT('',(-0.956862831455,7.446282940476E-02,
    6.47876452911E-02));
#1167 = CARTESIAN_POINT('',(-0.960458411153,7.446282940476E-02,
    6.422329630832E-02));
#1168 = PCURVE('',#87,#1169);
#1169 = DEFINITIONAL_REPRESENTATION('',(#1170),#1173);
#1170 = B_SPLINE_CURVE_WITH_KNOTS('',1,(#1171,#1172),.UNSPECIFIED.,.F.,
  .F.,(2,2),(0.,1.),.PIECEWISE_BEZIER_KNOTS.);
#1171 = CARTESIAN_POINT('',(0.345930853466,8.896208963561E-02));
#1172 = CARTESIAN_POINT('',(0.345332624003,8.537199149626E-02));
#1173 = ( GEOMETRIC_REPRESENTATION_CONTEXT(2) 
PARAMETRIC_REPRESENTATION_CONTEXT() REPRESENTATION_CONTEXT('2D SPACE',''
  ) );
#1174 = PCURVE('',#1175,#1180);
#1175 = B_SPLINE_SURFACE_WITH_KNOTS('',1,1,(
    (#1176,#1177)
    ,(#1178,#1179
    )),.UNSPECIFIED.,.F.,.F.,.F.,(2,2),(2,2),(0.,3.896577456362E-03),(0.
    ,1.),.PIECEWISE_BEZIER_KNOTS.);
#1176 = CARTESIAN_POINT('',(-0.967963102112,4.112428595641E-04,
    9.44341113052E-03));
#1177 = CARTESIAN_POINT('',(-0.940533433521,0.271070019967,0.20966406033
    ));
#1178 = CARTESIAN_POINT('',(-0.964097645653,1.191741089534E-04,
    9.838706056455E-03));
#1179 = CARTESIAN_POINT('',(-0.93775030487,0.270859730467,0.209948672676
    ));
#1180 = DEFINITIONAL_REPRESENTATION('',(#1181),#1184);
#1181 = B_SPLINE_CURVE_WITH_KNOTS('',1,(#1182,#1183),.UNSPECIFIED.,.F.,
  .F.,(2,2),(0.,1.),.PIECEWISE_BEZIER_KNOTS.);
#1182 = CARTESIAN_POINT('',(3.896577456362E-03,0.274593715459));
#1183 = CARTESIAN_POINT('',(0.,0.273597580454));
#1184 = ( GEOMETRIC_REPRESENTATION_CONTEXT(2) 
PARAMETRIC_REPRESENTATION_CONTEXT() REPRESENTATION_CONTEXT('2D SPACE',''
  ) );
#1185 = ORIENTED_EDGE('',*,*,#1186,.T.);
#1186 = EDGE_CURVE('',#1162,#1187,#1189,.T.);
#1187 = VERTEX_POINT('',#1188);
#1188 = CARTESIAN_POINT('',(-0.963921933889,7.446282940476E-02,
    6.366998448414E-02));
#1189 = SURFACE_CURVE('',#1190,(#1193,#1199),.PCURVE_S1.);
#1190 = B_SPLINE_CURVE_WITH_KNOTS('',1,(#1191,#1192),.UNSPECIFIED.,.F.,
  .F.,(2,2),(0.,1.),.PIECEWISE_BEZIER_KNOTS.);
#1191 = CARTESIAN_POINT('',(-0.960458411153,7.446282940476E-02,
    6.422329630832E-02));
#1192 = CARTESIAN_POINT('',(-0.963921933889,7.446282940476E-02,
    6.366998448414E-02));
#1193 = PCURVE('',#87,#1194);
#1194 = DEFINITIONAL_REPRESENTATION('',(#1195),#1198);
#1195 = B_SPLINE_CURVE_WITH_KNOTS('',1,(#1196,#1197),.UNSPECIFIED.,.F.,
  .F.,(2,2),(0.,1.),.PIECEWISE_BEZIER_KNOTS.);
#1196 = CARTESIAN_POINT('',(0.345332624003,8.537199149626E-02));
#1197 = CARTESIAN_POINT('',(0.344765561723,8.191069346077E-02));
#1198 = ( GEOMETRIC_REPRESENTATION_CONTEXT(2) 
PARAMETRIC_REPRESENTATION_CONTEXT() REPRESENTATION_CONTEXT('2D SPACE',''
  ) );
#1199 = PCURVE('',#1200,#1205);
#1200 = B_SPLINE_SURFACE_WITH_KNOTS('',1,1,(
    (#1201,#1202)
    ,(#1203,#1204
    )),.UNSPECIFIED.,.F.,.F.,.F.,(2,2),(2,2),(0.,3.751790295395E-03),(0.
    ,1.),.PIECEWISE_BEZIER_KNOTS.);
#1201 = CARTESIAN_POINT('',(-0.971683855002,6.974282755154E-04,
    9.056078892594E-03));
#1202 = CARTESIAN_POINT('',(-0.943212375601,0.271276073467,
    0.209385181118));
#1203 = CARTESIAN_POINT('',(-0.967963102112,4.112428595641E-04,
    9.44341113052E-03));
#1204 = CARTESIAN_POINT('',(-0.940533433521,0.271070019967,0.20966406033
    ));
#1205 = DEFINITIONAL_REPRESENTATION('',(#1206),#1209);
#1206 = B_SPLINE_CURVE_WITH_KNOTS('',1,(#1207,#1208),.UNSPECIFIED.,.F.,
  .F.,(2,2),(0.,1.),.PIECEWISE_BEZIER_KNOTS.);
#1207 = CARTESIAN_POINT('',(3.751790295395E-03,0.273597580454));
#1208 = CARTESIAN_POINT('',(0.,0.272620927188));
#1209 = ( GEOMETRIC_REPRESENTATION_CONTEXT(2) 
PARAMETRIC_REPRESENTATION_CONTEXT() REPRESENTATION_CONTEXT('2D SPACE',''
  ) );
#1210 = ORIENTED_EDGE('',*,*,#1211,.T.);
#1211 = EDGE_CURVE('',#1187,#1212,#1214,.T.);
#1212 = VERTEX_POINT('',#1213);
#1213 = CARTESIAN_POINT('',(-0.967243699231,7.446282940476E-02,
    6.313031661023E-02));
#1214 = SURFACE_CURVE('',#1215,(#1218,#1224),.PCURVE_S1.);
#1215 = B_SPLINE_CURVE_WITH_KNOTS('',1,(#1216,#1217),.UNSPECIFIED.,.F.,
  .F.,(2,2),(0.,1.),.PIECEWISE_BEZIER_KNOTS.);
#1216 = CARTESIAN_POINT('',(-0.963921933889,7.446282940476E-02,
    6.366998448414E-02));
#1217 = CARTESIAN_POINT('',(-0.967243699231,7.446282940476E-02,
    6.313031661023E-02));
#1218 = PCURVE('',#87,#1219);
#1219 = DEFINITIONAL_REPRESENTATION('',(#1220),#1223);
#1220 = B_SPLINE_CURVE_WITH_KNOTS('',1,(#1221,#1222),.UNSPECIFIED.,.F.,
  .F.,(2,2),(0.,1.),.PIECEWISE_BEZIER_KNOTS.);
#1221 = CARTESIAN_POINT('',(0.344765561723,8.191069346077E-02));
#1222 = CARTESIAN_POINT('',(0.344230251644,7.858822306677E-02));
#1223 = ( GEOMETRIC_REPRESENTATION_CONTEXT(2) 
PARAMETRIC_REPRESENTATION_CONTEXT() REPRESENTATION_CONTEXT('2D SPACE',''
  ) );
#1224 = PCURVE('',#264,#1225);
#1225 = DEFINITIONAL_REPRESENTATION('',(#1226),#1229);
#1226 = B_SPLINE_CURVE_WITH_KNOTS('',1,(#1227,#1228),.UNSPECIFIED.,.F.,
  .F.,(2,2),(0.,1.),.PIECEWISE_BEZIER_KNOTS.);
#1227 = CARTESIAN_POINT('',(3.596658862616E-03,0.272620927188));
#1228 = CARTESIAN_POINT('',(0.,0.271668356922));
#1229 = ( GEOMETRIC_REPRESENTATION_CONTEXT(2) 
PARAMETRIC_REPRESENTATION_CONTEXT() REPRESENTATION_CONTEXT('2D SPACE',''
  ) );
#1230 = ORIENTED_EDGE('',*,*,#1231,.T.);
#1231 = EDGE_CURVE('',#1212,#1232,#1234,.T.);
#1232 = VERTEX_POINT('',#1233);
#1233 = CARTESIAN_POINT('',(-0.970414377271,7.446282940476E-02,
    6.260687020639E-02));
#1234 = SURFACE_CURVE('',#1235,(#1238,#1244),.PCURVE_S1.);
#1235 = B_SPLINE_CURVE_WITH_KNOTS('',1,(#1236,#1237),.UNSPECIFIED.,.F.,
  .F.,(2,2),(0.,1.),.PIECEWISE_BEZIER_KNOTS.);
#1236 = CARTESIAN_POINT('',(-0.967243699231,7.446282940476E-02,
    6.313031661023E-02));
#1237 = CARTESIAN_POINT('',(-0.970414377271,7.446282940476E-02,
    6.260687020639E-02));
#1238 = PCURVE('',#87,#1239);
#1239 = DEFINITIONAL_REPRESENTATION('',(#1240),#1243);
#1240 = B_SPLINE_CURVE_WITH_KNOTS('',1,(#1241,#1242),.UNSPECIFIED.,.F.,
  .F.,(2,2),(0.,1.),.PIECEWISE_BEZIER_KNOTS.);
#1241 = CARTESIAN_POINT('',(0.344230251644,7.858822306677E-02));
#1242 = CARTESIAN_POINT('',(0.343727189724,7.541424699914E-02));
#1243 = ( GEOMETRIC_REPRESENTATION_CONTEXT(2) 
PARAMETRIC_REPRESENTATION_CONTEXT() REPRESENTATION_CONTEXT('2D SPACE',''
  ) );
#1244 = PCURVE('',#289,#1245);
#1245 = DEFINITIONAL_REPRESENTATION('',(#1246),#1249);
#1246 = B_SPLINE_CURVE_WITH_KNOTS('',1,(#1247,#1248),.UNSPECIFIED.,.F.,
  .F.,(2,2),(0.,1.),.PIECEWISE_BEZIER_KNOTS.);
#1247 = CARTESIAN_POINT('',(3.431604232115E-03,0.271668356922));
#1248 = CARTESIAN_POINT('',(0.,0.270744419248));
#1249 = ( GEOMETRIC_REPRESENTATION_CONTEXT(2) 
PARAMETRIC_REPRESENTATION_CONTEXT() REPRESENTATION_CONTEXT('2D SPACE',''
  ) );
#1250 = ORIENTED_EDGE('',*,*,#1251,.T.);
#1251 = EDGE_CURVE('',#1232,#1252,#1254,.T.);
#1252 = VERTEX_POINT('',#1253);
#1253 = CARTESIAN_POINT('',(-0.973425037145,7.446282940476E-02,
    6.210219268588E-02));
#1254 = SURFACE_CURVE('',#1255,(#1258,#1264),.PCURVE_S1.);
#1255 = B_SPLINE_CURVE_WITH_KNOTS('',1,(#1256,#1257),.UNSPECIFIED.,.F.,
  .F.,(2,2),(0.,1.),.PIECEWISE_BEZIER_KNOTS.);
#1256 = CARTESIAN_POINT('',(-0.970414377271,7.446282940476E-02,
    6.260687020639E-02));
#1257 = CARTESIAN_POINT('',(-0.973425037145,7.446282940476E-02,
    6.210219268588E-02));
#1258 = PCURVE('',#87,#1259);
#1259 = DEFINITIONAL_REPRESENTATION('',(#1260),#1263);
#1260 = B_SPLINE_CURVE_WITH_KNOTS('',1,(#1261,#1262),.UNSPECIFIED.,.F.,
  .F.,(2,2),(0.,1.),.PIECEWISE_BEZIER_KNOTS.);
#1261 = CARTESIAN_POINT('',(0.343727189724,7.541424699914E-02));
#1262 = CARTESIAN_POINT('',(0.343256774664,7.2398043766E-02));
#1263 = ( GEOMETRIC_REPRESENTATION_CONTEXT(2) 
PARAMETRIC_REPRESENTATION_CONTEXT() REPRESENTATION_CONTEXT('2D SPACE',''
  ) );
#1264 = PCURVE('',#314,#1265);
#1265 = DEFINITIONAL_REPRESENTATION('',(#1266),#1269);
#1266 = B_SPLINE_CURVE_WITH_KNOTS('',1,(#1267,#1268),.UNSPECIFIED.,.F.,
  .F.,(2,2),(0.,1.),.PIECEWISE_BEZIER_KNOTS.);
#1267 = CARTESIAN_POINT('',(3.257074307208E-03,0.270744419248));
#1268 = CARTESIAN_POINT('',(0.,0.269853610617));
#1269 = ( GEOMETRIC_REPRESENTATION_CONTEXT(2) 
PARAMETRIC_REPRESENTATION_CONTEXT() REPRESENTATION_CONTEXT('2D SPACE',''
  ) );
#1270 = ORIENTED_EDGE('',*,*,#1271,.T.);
#1271 = EDGE_CURVE('',#1252,#1272,#1274,.T.);
#1272 = VERTEX_POINT('',#1273);
#1273 = CARTESIAN_POINT('',(-0.976267174672,7.446282940476E-02,
    6.161879708712E-02));
#1274 = SURFACE_CURVE('',#1275,(#1278,#1284),.PCURVE_S1.);
#1275 = B_SPLINE_CURVE_WITH_KNOTS('',1,(#1276,#1277),.UNSPECIFIED.,.F.,
  .F.,(2,2),(0.,1.),.PIECEWISE_BEZIER_KNOTS.);
#1276 = CARTESIAN_POINT('',(-0.973425037145,7.446282940476E-02,
    6.210219268588E-02));
#1277 = CARTESIAN_POINT('',(-0.976267174672,7.446282940476E-02,
    6.161879708712E-02));
#1278 = PCURVE('',#87,#1279);
#1279 = DEFINITIONAL_REPRESENTATION('',(#1280),#1283);
#1280 = B_SPLINE_CURVE_WITH_KNOTS('',1,(#1281,#1282),.UNSPECIFIED.,.F.,
  .F.,(2,2),(0.,1.),.PIECEWISE_BEZIER_KNOTS.);
#1281 = CARTESIAN_POINT('',(0.343256774664,7.2398043766E-02));
#1282 = CARTESIAN_POINT('',(0.34281930324,6.954847611735E-02));
#1283 = ( GEOMETRIC_REPRESENTATION_CONTEXT(2) 
PARAMETRIC_REPRESENTATION_CONTEXT() REPRESENTATION_CONTEXT('2D SPACE',''
  ) );
#1284 = PCURVE('',#339,#1285);
#1285 = DEFINITIONAL_REPRESENTATION('',(#1286),#1289);
#1286 = B_SPLINE_CURVE_WITH_KNOTS('',1,(#1287,#1288),.UNSPECIFIED.,.F.,
  .F.,(2,2),(0.,1.),.PIECEWISE_BEZIER_KNOTS.);
#1287 = CARTESIAN_POINT('',(3.073542799665E-03,0.269853610617));
#1288 = CARTESIAN_POINT('',(0.,0.269000366805));
#1289 = ( GEOMETRIC_REPRESENTATION_CONTEXT(2) 
PARAMETRIC_REPRESENTATION_CONTEXT() REPRESENTATION_CONTEXT('2D SPACE',''
  ) );
#1290 = ORIENTED_EDGE('',*,*,#1291,.T.);
#1291 = EDGE_CURVE('',#1272,#1292,#1294,.T.);
#1292 = VERTEX_POINT('',#1293);
#1293 = CARTESIAN_POINT('',(-0.978932739081,7.446282940476E-02,
    6.115915406901E-02));
#1294 = SURFACE_CURVE('',#1295,(#1298,#1304),.PCURVE_S1.);
#1295 = B_SPLINE_CURVE_WITH_KNOTS('',1,(#1296,#1297),.UNSPECIFIED.,.F.,
  .F.,(2,2),(0.,1.),.PIECEWISE_BEZIER_KNOTS.);
#1296 = CARTESIAN_POINT('',(-0.976267174672,7.446282940476E-02,
    6.161879708712E-02));
#1297 = CARTESIAN_POINT('',(-0.978932739081,7.446282940476E-02,
    6.115915406901E-02));
#1298 = PCURVE('',#87,#1299);
#1299 = DEFINITIONAL_REPRESENTATION('',(#1300),#1303);
#1300 = B_SPLINE_CURVE_WITH_KNOTS('',1,(#1301,#1302),.UNSPECIFIED.,.F.,
  .F.,(2,2),(0.,1.),.PIECEWISE_BEZIER_KNOTS.);
#1301 = CARTESIAN_POINT('',(0.34281930324,6.954847611735E-02));
#1302 = CARTESIAN_POINT('',(0.342414969473,6.687396316579E-02));
#1303 = ( GEOMETRIC_REPRESENTATION_CONTEXT(2) 
PARAMETRIC_REPRESENTATION_CONTEXT() REPRESENTATION_CONTEXT('2D SPACE',''
  ) );
#1304 = PCURVE('',#364,#1305);
#1305 = DEFINITIONAL_REPRESENTATION('',(#1306),#1309);
#1306 = B_SPLINE_CURVE_WITH_KNOTS('',1,(#1307,#1308),.UNSPECIFIED.,.F.,
  .F.,(2,2),(0.,1.),.PIECEWISE_BEZIER_KNOTS.);
#1307 = CARTESIAN_POINT('',(2.881508206621E-03,0.269000366805));
#1308 = CARTESIAN_POINT('',(0.,0.268189048783));
#1309 = ( GEOMETRIC_REPRESENTATION_CONTEXT(2) 
PARAMETRIC_REPRESENTATION_CONTEXT() REPRESENTATION_CONTEXT('2D SPACE',''
  ) );
#1310 = ORIENTED_EDGE('',*,*,#1311,.T.);
#1311 = EDGE_CURVE('',#1292,#1312,#1314,.T.);
#1312 = VERTEX_POINT('',#1313);
#1313 = CARTESIAN_POINT('',(-0.981414158728,7.446282940476E-02,
    6.072568008486E-02));
#1314 = SURFACE_CURVE('',#1315,(#1318,#1324),.PCURVE_S1.);
#1315 = B_SPLINE_CURVE_WITH_KNOTS('',1,(#1316,#1317),.UNSPECIFIED.,.F.,
  .F.,(2,2),(0.,1.),.PIECEWISE_BEZIER_KNOTS.);
#1316 = CARTESIAN_POINT('',(-0.978932739081,7.446282940476E-02,
    6.115915406901E-02));
#1317 = CARTESIAN_POINT('',(-0.981414158728,7.446282940476E-02,
    6.072568008486E-02));
#1318 = PCURVE('',#87,#1319);
#1319 = DEFINITIONAL_REPRESENTATION('',(#1320),#1323);
#1320 = B_SPLINE_CURVE_WITH_KNOTS('',1,(#1321,#1322),.UNSPECIFIED.,.F.,
  .F.,(2,2),(0.,1.),.PIECEWISE_BEZIER_KNOTS.);
#1321 = CARTESIAN_POINT('',(0.342414969473,6.687396316579E-02));
#1322 = CARTESIAN_POINT('',(0.342043867742,6.438245224643E-02));
#1323 = ( GEOMETRIC_REPRESENTATION_CONTEXT(2) 
PARAMETRIC_REPRESENTATION_CONTEXT() REPRESENTATION_CONTEXT('2D SPACE',''
  ) );
#1324 = PCURVE('',#389,#1325);
#1325 = DEFINITIONAL_REPRESENTATION('',(#1326),#1329);
#1326 = B_SPLINE_CURVE_WITH_KNOTS('',1,(#1327,#1328),.UNSPECIFIED.,.F.,
  .F.,(2,2),(0.,1.),.PIECEWISE_BEZIER_KNOTS.);
#1327 = CARTESIAN_POINT('',(2.681492770208E-03,0.268189048783));
#1328 = CARTESIAN_POINT('',(0.,0.267423921844));
#1329 = ( GEOMETRIC_REPRESENTATION_CONTEXT(2) 
PARAMETRIC_REPRESENTATION_CONTEXT() REPRESENTATION_CONTEXT('2D SPACE',''
  ) );
#1330 = ORIENTED_EDGE('',*,*,#1331,.T.);
#1331 = EDGE_CURVE('',#1312,#1332,#1334,.T.);
#1332 = VERTEX_POINT('',#1333);
#1333 = CARTESIAN_POINT('',(-0.983704365743,7.446282940476E-02,
    6.032072187193E-02));
#1334 = SURFACE_CURVE('',#1335,(#1338,#1344),.PCURVE_S1.);
#1335 = B_SPLINE_CURVE_WITH_KNOTS('',1,(#1336,#1337),.UNSPECIFIED.,.F.,
  .F.,(2,2),(0.,1.),.PIECEWISE_BEZIER_KNOTS.);
#1336 = CARTESIAN_POINT('',(-0.981414158728,7.446282940476E-02,
    6.072568008486E-02));
#1337 = CARTESIAN_POINT('',(-0.983704365743,7.446282940476E-02,
    6.032072187193E-02));
#1338 = PCURVE('',#87,#1339);
#1339 = DEFINITIONAL_REPRESENTATION('',(#1340),#1343);
#1340 = B_SPLINE_CURVE_WITH_KNOTS('',1,(#1341,#1342),.UNSPECIFIED.,.F.,
  .F.,(2,2),(0.,1.),.PIECEWISE_BEZIER_KNOTS.);
#1341 = CARTESIAN_POINT('',(0.342043867742,6.438245224643E-02));
#1342 = CARTESIAN_POINT('',(0.34170599973,6.208139063634E-02));
#1343 = ( GEOMETRIC_REPRESENTATION_CONTEXT(2) 
PARAMETRIC_REPRESENTATION_CONTEXT() REPRESENTATION_CONTEXT('2D SPACE',''
  ) );
#1344 = PCURVE('',#414,#1345);
#1345 = DEFINITIONAL_REPRESENTATION('',(#1346),#1349);
#1346 = B_SPLINE_CURVE_WITH_KNOTS('',1,(#1347,#1348),.UNSPECIFIED.,.F.,
  .F.,(2,2),(0.,1.),.PIECEWISE_BEZIER_KNOTS.);
#1347 = CARTESIAN_POINT('',(2.474041401648E-03,0.267423921844));
#1348 = CARTESIAN_POINT('',(0.,0.266709128225));
#1349 = ( GEOMETRIC_REPRESENTATION_CONTEXT(2) 
PARAMETRIC_REPRESENTATION_CONTEXT() REPRESENTATION_CONTEXT('2D SPACE',''
  ) );
#1350 = ORIENTED_EDGE('',*,*,#1351,.T.);
#1351 = EDGE_CURVE('',#1332,#1352,#1354,.T.);
#1352 = VERTEX_POINT('',#1353);
#1353 = CARTESIAN_POINT('',(-0.985796819508,7.446282940476E-02,
    5.994653760806E-02));
#1354 = SURFACE_CURVE('',#1355,(#1358,#1364),.PCURVE_S1.);
#1355 = B_SPLINE_CURVE_WITH_KNOTS('',1,(#1356,#1357),.UNSPECIFIED.,.F.,
  .F.,(2,2),(0.,1.),.PIECEWISE_BEZIER_KNOTS.);
#1356 = CARTESIAN_POINT('',(-0.983704365743,7.446282940476E-02,
    6.032072187193E-02));
#1357 = CARTESIAN_POINT('',(-0.985796819508,7.446282940476E-02,
    5.994653760806E-02));
#1358 = PCURVE('',#87,#1359);
#1359 = DEFINITIONAL_REPRESENTATION('',(#1360),#1363);
#1360 = B_SPLINE_CURVE_WITH_KNOTS('',1,(#1361,#1362),.UNSPECIFIED.,.F.,
  .F.,(2,2),(0.,1.),.PIECEWISE_BEZIER_KNOTS.);
#1361 = CARTESIAN_POINT('',(0.34170599973,6.208139063634E-02));
#1362 = CARTESIAN_POINT('',(0.341401284905,5.997769733725E-02));
#1363 = ( GEOMETRIC_REPRESENTATION_CONTEXT(2) 
PARAMETRIC_REPRESENTATION_CONTEXT() REPRESENTATION_CONTEXT('2D SPACE',''
  ) );
#1364 = PCURVE('',#439,#1365);
#1365 = DEFINITIONAL_REPRESENTATION('',(#1366),#1369);
#1366 = B_SPLINE_CURVE_WITH_KNOTS('',1,(#1367,#1368),.UNSPECIFIED.,.F.,
  .F.,(2,2),(0.,1.),.PIECEWISE_BEZIER_KNOTS.);
#1367 = CARTESIAN_POINT('',(2.259720549055E-03,0.266709128225));
#1368 = CARTESIAN_POINT('',(0.,0.266048653846));
#1369 = ( GEOMETRIC_REPRESENTATION_CONTEXT(2) 
PARAMETRIC_REPRESENTATION_CONTEXT() REPRESENTATION_CONTEXT('2D SPACE',''
  ) );
#1370 = ORIENTED_EDGE('',*,*,#1371,.T.);
#1371 = EDGE_CURVE('',#1352,#1372,#1374,.T.);
#1372 = VERTEX_POINT('',#1373);
#1373 = CARTESIAN_POINT('',(-0.987685528834,7.446282940476E-02,
    5.960527528454E-02));
#1374 = SURFACE_CURVE('',#1375,(#1378,#1384),.PCURVE_S1.);
#1375 = B_SPLINE_CURVE_WITH_KNOTS('',1,(#1376,#1377),.UNSPECIFIED.,.F.,
  .F.,(2,2),(0.,1.),.PIECEWISE_BEZIER_KNOTS.);
#1376 = CARTESIAN_POINT('',(-0.985796819508,7.446282940476E-02,
    5.994653760806E-02));
#1377 = CARTESIAN_POINT('',(-0.987685528834,7.446282940476E-02,
    5.960527528454E-02));
#1378 = PCURVE('',#87,#1379);
#1379 = DEFINITIONAL_REPRESENTATION('',(#1380),#1383);
#1380 = B_SPLINE_CURVE_WITH_KNOTS('',1,(#1381,#1382),.UNSPECIFIED.,.F.,
  .F.,(2,2),(0.,1.),.PIECEWISE_BEZIER_KNOTS.);
#1381 = CARTESIAN_POINT('',(0.341401284905,5.997769733725E-02));
#1382 = CARTESIAN_POINT('',(0.341129574052,5.807773520453E-02));
#1383 = ( GEOMETRIC_REPRESENTATION_CONTEXT(2) 
PARAMETRIC_REPRESENTATION_CONTEXT() REPRESENTATION_CONTEXT('2D SPACE',''
  ) );
#1384 = PCURVE('',#464,#1385);
#1385 = DEFINITIONAL_REPRESENTATION('',(#1386),#1389);
#1386 = B_SPLINE_CURVE_WITH_KNOTS('',1,(#1387,#1388),.UNSPECIFIED.,.F.,
  .F.,(2,2),(0.,1.),.PIECEWISE_BEZIER_KNOTS.);
#1387 = CARTESIAN_POINT('',(2.039116986853E-03,0.266048653846));
#1388 = CARTESIAN_POINT('',(0.,0.265446290137));
#1389 = ( GEOMETRIC_REPRESENTATION_CONTEXT(2) 
PARAMETRIC_REPRESENTATION_CONTEXT() REPRESENTATION_CONTEXT('2D SPACE',''
  ) );
#1390 = ORIENTED_EDGE('',*,*,#1391,.T.);
#1391 = EDGE_CURVE('',#1372,#1392,#1394,.T.);
#1392 = VERTEX_POINT('',#1393);
#1393 = CARTESIAN_POINT('',(-0.989365072727,7.446282940476E-02,
    5.929894901409E-02));
#1394 = SURFACE_CURVE('',#1395,(#1398,#1404),.PCURVE_S1.);
#1395 = B_SPLINE_CURVE_WITH_KNOTS('',1,(#1396,#1397),.UNSPECIFIED.,.F.,
  .F.,(2,2),(0.,1.),.PIECEWISE_BEZIER_KNOTS.);
#1396 = CARTESIAN_POINT('',(-0.987685528834,7.446282940476E-02,
    5.960527528454E-02));
#1397 = CARTESIAN_POINT('',(-0.989365072727,7.446282940476E-02,
    5.929894901409E-02));
#1398 = PCURVE('',#87,#1399);
#1399 = DEFINITIONAL_REPRESENTATION('',(#1400),#1403);
#1400 = B_SPLINE_CURVE_WITH_KNOTS('',1,(#1401,#1402),.UNSPECIFIED.,.F.,
  .F.,(2,2),(0.,1.),.PIECEWISE_BEZIER_KNOTS.);
#1401 = CARTESIAN_POINT('',(0.341129574052,5.807773520453E-02));
#1402 = CARTESIAN_POINT('',(0.340890665201,5.638728377568E-02));
#1403 = ( GEOMETRIC_REPRESENTATION_CONTEXT(2) 
PARAMETRIC_REPRESENTATION_CONTEXT() REPRESENTATION_CONTEXT('2D SPACE',''
  ) );
#1404 = PCURVE('',#489,#1405);
#1405 = DEFINITIONAL_REPRESENTATION('',(#1406),#1409);
#1406 = B_SPLINE_CURVE_WITH_KNOTS('',1,(#1407,#1408),.UNSPECIFIED.,.F.,
  .F.,(2,2),(0.,1.),.PIECEWISE_BEZIER_KNOTS.);
#1407 = CARTESIAN_POINT('',(1.812836504862E-03,0.265446290137));
#1408 = CARTESIAN_POINT('',(0.,0.264905592217));
#1409 = ( GEOMETRIC_REPRESENTATION_CONTEXT(2) 
PARAMETRIC_REPRESENTATION_CONTEXT() REPRESENTATION_CONTEXT('2D SPACE',''
  ) );
#1410 = ORIENTED_EDGE('',*,*,#1411,.T.);
#1411 = EDGE_CURVE('',#1392,#1412,#1414,.T.);
#1412 = VERTEX_POINT('',#1413);
#1413 = CARTESIAN_POINT('',(-0.990830619571,7.446282940476E-02,
    5.90294141281E-02));
#1414 = SURFACE_CURVE('',#1415,(#1418,#1424),.PCURVE_S1.);
#1415 = B_SPLINE_CURVE_WITH_KNOTS('',1,(#1416,#1417),.UNSPECIFIED.,.F.,
  .F.,(2,2),(0.,1.),.PIECEWISE_BEZIER_KNOTS.);
#1416 = CARTESIAN_POINT('',(-0.989365072727,7.446282940476E-02,
    5.929894901409E-02));
#1417 = CARTESIAN_POINT('',(-0.990830619571,7.446282940476E-02,
    5.90294141281E-02));
#1418 = PCURVE('',#87,#1419);
#1419 = DEFINITIONAL_REPRESENTATION('',(#1420),#1423);
#1420 = B_SPLINE_CURVE_WITH_KNOTS('',1,(#1421,#1422),.UNSPECIFIED.,.F.,
  .F.,(2,2),(0.,1.),.PIECEWISE_BEZIER_KNOTS.);
#1421 = CARTESIAN_POINT('',(0.340890665201,5.638728377568E-02));
#1422 = CARTESIAN_POINT('',(0.340684321221,5.491151320793E-02));
#1423 = ( GEOMETRIC_REPRESENTATION_CONTEXT(2) 
PARAMETRIC_REPRESENTATION_CONTEXT() REPRESENTATION_CONTEXT('2D SPACE',''
  ) );
#1424 = PCURVE('',#514,#1425);
#1425 = DEFINITIONAL_REPRESENTATION('',(#1426),#1429);
#1426 = B_SPLINE_CURVE_WITH_KNOTS('',1,(#1427,#1428),.UNSPECIFIED.,.F.,
  .F.,(2,2),(0.,1.),.PIECEWISE_BEZIER_KNOTS.);
#1427 = CARTESIAN_POINT('',(1.581502476942E-03,0.264905592217));
#1428 = CARTESIAN_POINT('',(0.,0.26442983494));
#1429 = ( GEOMETRIC_REPRESENTATION_CONTEXT(2) 
PARAMETRIC_REPRESENTATION_CONTEXT() REPRESENTATION_CONTEXT('2D SPACE',''
  ) );
#1430 = ORIENTED_EDGE('',*,*,#1431,.T.);
#1431 = EDGE_CURVE('',#1412,#1432,#1434,.T.);
#1432 = VERTEX_POINT('',#1433);
#1433 = CARTESIAN_POINT('',(-0.992077944591,7.446282940476E-02,
    5.879834200956E-02));
#1434 = SURFACE_CURVE('',#1435,(#1438,#1444),.PCURVE_S1.);
#1435 = B_SPLINE_CURVE_WITH_KNOTS('',1,(#1436,#1437),.UNSPECIFIED.,.F.,
  .F.,(2,2),(0.,1.),.PIECEWISE_BEZIER_KNOTS.);
#1436 = CARTESIAN_POINT('',(-0.990830619571,7.446282940476E-02,
    5.90294141281E-02));
#1437 = CARTESIAN_POINT('',(-0.992077944591,7.446282940476E-02,
    5.879834200956E-02));
#1438 = PCURVE('',#87,#1439);
#1439 = DEFINITIONAL_REPRESENTATION('',(#1440),#1443);
#1440 = B_SPLINE_CURVE_WITH_KNOTS('',1,(#1441,#1442),.UNSPECIFIED.,.F.,
  .F.,(2,2),(0.,1.),.PIECEWISE_BEZIER_KNOTS.);
#1441 = CARTESIAN_POINT('',(0.340684321221,5.491151320793E-02));
#1442 = CARTESIAN_POINT('',(0.340510288186,5.365495977449E-02));
#1443 = ( GEOMETRIC_REPRESENTATION_CONTEXT(2) 
PARAMETRIC_REPRESENTATION_CONTEXT() REPRESENTATION_CONTEXT('2D SPACE',''
  ) );
#1444 = PCURVE('',#539,#1445);
#1445 = DEFINITIONAL_REPRESENTATION('',(#1446),#1449);
#1446 = B_SPLINE_CURVE_WITH_KNOTS('',1,(#1447,#1448),.UNSPECIFIED.,.F.,
  .F.,(2,2),(0.,1.),.PIECEWISE_BEZIER_KNOTS.);
#1447 = CARTESIAN_POINT('',(1.345754292724E-03,0.26442983494));
#1448 = CARTESIAN_POINT('',(0.,0.264021968473));
#1449 = ( GEOMETRIC_REPRESENTATION_CONTEXT(2) 
PARAMETRIC_REPRESENTATION_CONTEXT() REPRESENTATION_CONTEXT('2D SPACE',''
  ) );
#1450 = ORIENTED_EDGE('',*,*,#1451,.T.);
#1451 = EDGE_CURVE('',#1432,#1452,#1454,.T.);
#1452 = VERTEX_POINT('',#1453);
#1453 = CARTESIAN_POINT('',(-0.993103445413,7.446282940476E-02,
    5.86071956547E-02));
#1454 = SURFACE_CURVE('',#1455,(#1458,#1464),.PCURVE_S1.);
#1455 = B_SPLINE_CURVE_WITH_KNOTS('',1,(#1456,#1457),.UNSPECIFIED.,.F.,
  .F.,(2,2),(0.,1.),.PIECEWISE_BEZIER_KNOTS.);
#1456 = CARTESIAN_POINT('',(-0.992077944591,7.446282940476E-02,
    5.879834200956E-02));
#1457 = CARTESIAN_POINT('',(-0.993103445413,7.446282940476E-02,
    5.86071956547E-02));
#1458 = PCURVE('',#87,#1459);
#1459 = DEFINITIONAL_REPRESENTATION('',(#1460),#1463);
#1460 = B_SPLINE_CURVE_WITH_KNOTS('',1,(#1461,#1462),.UNSPECIFIED.,.F.,
  .F.,(2,2),(0.,1.),.PIECEWISE_BEZIER_KNOTS.);
#1461 = CARTESIAN_POINT('',(0.340510288186,5.365495977449E-02));
#1462 = CARTESIAN_POINT('',(0.340368313668,5.262150338831E-02));
#1463 = ( GEOMETRIC_REPRESENTATION_CONTEXT(2) 
PARAMETRIC_REPRESENTATION_CONTEXT() REPRESENTATION_CONTEXT('2D SPACE',''
  ) );
#1464 = PCURVE('',#564,#1465);
#1465 = DEFINITIONAL_REPRESENTATION('',(#1466),#1469);
#1466 = B_SPLINE_CURVE_WITH_KNOTS('',1,(#1467,#1468),.UNSPECIFIED.,.F.,
  .F.,(2,2),(0.,1.),.PIECEWISE_BEZIER_KNOTS.);
#1467 = CARTESIAN_POINT('',(1.106245641354E-03,0.264021968473));
#1468 = CARTESIAN_POINT('',(0.,0.263684575156));
#1469 = ( GEOMETRIC_REPRESENTATION_CONTEXT(2) 
PARAMETRIC_REPRESENTATION_CONTEXT() REPRESENTATION_CONTEXT('2D SPACE',''
  ) );
#1470 = ORIENTED_EDGE('',*,*,#1471,.T.);
#1471 = EDGE_CURVE('',#1452,#1472,#1474,.T.);
#1472 = VERTEX_POINT('',#1473);
#1473 = CARTESIAN_POINT('',(-0.993904155577,7.446282940476E-02,
    5.845720695341E-02));
#1474 = SURFACE_CURVE('',#1475,(#1478,#1484),.PCURVE_S1.);
#1475 = B_SPLINE_CURVE_WITH_KNOTS('',1,(#1476,#1477),.UNSPECIFIED.,.F.,
  .F.,(2,2),(0.,1.),.PIECEWISE_BEZIER_KNOTS.);
#1476 = CARTESIAN_POINT('',(-0.993103445413,7.446282940476E-02,
    5.86071956547E-02));
#1477 = CARTESIAN_POINT('',(-0.993904155577,7.446282940476E-02,
    5.845720695341E-02));
#1478 = PCURVE('',#87,#1479);
#1479 = DEFINITIONAL_REPRESENTATION('',(#1480),#1483);
#1480 = B_SPLINE_CURVE_WITH_KNOTS('',1,(#1481,#1482),.UNSPECIFIED.,.F.,
  .F.,(2,2),(0.,1.),.PIECEWISE_BEZIER_KNOTS.);
#1481 = CARTESIAN_POINT('',(0.340368313668,5.262150338831E-02));
#1482 = CARTESIAN_POINT('',(0.340258164034,5.181434762014E-02));
#1483 = ( GEOMETRIC_REPRESENTATION_CONTEXT(2) 
PARAMETRIC_REPRESENTATION_CONTEXT() REPRESENTATION_CONTEXT('2D SPACE',''
  ) );
#1484 = PCURVE('',#589,#1485);
#1485 = DEFINITIONAL_REPRESENTATION('',(#1486),#1489);
#1486 = B_SPLINE_CURVE_WITH_KNOTS('',1,(#1487,#1488),.UNSPECIFIED.,.F.,
  .F.,(2,2),(0.,1.),.PIECEWISE_BEZIER_KNOTS.);
#1487 = CARTESIAN_POINT('',(8.636426430061E-04,0.263684575156));
#1488 = CARTESIAN_POINT('',(0.,0.263419829404));
#1489 = ( GEOMETRIC_REPRESENTATION_CONTEXT(2) 
PARAMETRIC_REPRESENTATION_CONTEXT() REPRESENTATION_CONTEXT('2D SPACE',''
  ) );
#1490 = ORIENTED_EDGE('',*,*,#1491,.T.);
#1491 = EDGE_CURVE('',#1472,#1492,#1494,.T.);
#1492 = VERTEX_POINT('',#1493);
#1493 = CARTESIAN_POINT('',(-0.994477755824,7.446282940476E-02,
    5.834935662698E-02));
#1494 = SURFACE_CURVE('',#1495,(#1498,#1504),.PCURVE_S1.);
#1495 = B_SPLINE_CURVE_WITH_KNOTS('',1,(#1496,#1497),.UNSPECIFIED.,.F.,
  .F.,(2,2),(0.,1.),.PIECEWISE_BEZIER_KNOTS.);
#1496 = CARTESIAN_POINT('',(-0.993904155577,7.446282940476E-02,
    5.845720695341E-02));
#1497 = CARTESIAN_POINT('',(-0.994477755824,7.446282940476E-02,
    5.834935662698E-02));
#1498 = PCURVE('',#87,#1499);
#1499 = DEFINITIONAL_REPRESENTATION('',(#1500),#1503);
#1500 = B_SPLINE_CURVE_WITH_KNOTS('',1,(#1501,#1502),.UNSPECIFIED.,.F.,
  .F.,(2,2),(0.,1.),.PIECEWISE_BEZIER_KNOTS.);
#1501 = CARTESIAN_POINT('',(0.340258164034,5.181434762014E-02));
#1502 = CARTESIAN_POINT('',(0.340179639921,5.123600265378E-02));
#1503 = ( GEOMETRIC_REPRESENTATION_CONTEXT(2) 
PARAMETRIC_REPRESENTATION_CONTEXT() REPRESENTATION_CONTEXT('2D SPACE',''
  ) );
#1504 = PCURVE('',#614,#1505);
#1505 = DEFINITIONAL_REPRESENTATION('',(#1506),#1509);
#1506 = B_SPLINE_CURVE_WITH_KNOTS('',1,(#1507,#1508),.UNSPECIFIED.,.F.,
  .F.,(2,2),(0.,1.),.PIECEWISE_BEZIER_KNOTS.);
#1507 = CARTESIAN_POINT('',(6.186218318379E-04,0.263419829404));
#1508 = CARTESIAN_POINT('',(0.,0.263229462293));
#1509 = ( GEOMETRIC_REPRESENTATION_CONTEXT(2) 
PARAMETRIC_REPRESENTATION_CONTEXT() REPRESENTATION_CONTEXT('2D SPACE',''
  ) );
#1510 = ORIENTED_EDGE('',*,*,#1511,.T.);
#1511 = EDGE_CURVE('',#1492,#1043,#1512,.T.);
#1512 = SURFACE_CURVE('',#1513,(#1516,#1522),.PCURVE_S1.);
#1513 = B_SPLINE_CURVE_WITH_KNOTS('',1,(#1514,#1515),.UNSPECIFIED.,.F.,
  .F.,(2,2),(0.,1.),.PIECEWISE_BEZIER_KNOTS.);
#1514 = CARTESIAN_POINT('',(-0.994477755824,7.446282940476E-02,
    5.834935662698E-02));
#1515 = CARTESIAN_POINT('',(-0.994822583047,7.446282940476E-02,
    5.828435766423E-02));
#1516 = PCURVE('',#87,#1517);
#1517 = DEFINITIONAL_REPRESENTATION('',(#1518),#1521);
#1518 = B_SPLINE_CURVE_WITH_KNOTS('',1,(#1519,#1520),.UNSPECIFIED.,.F.,
  .F.,(2,2),(0.,1.),.PIECEWISE_BEZIER_KNOTS.);
#1519 = CARTESIAN_POINT('',(0.340179639921,5.123600265378E-02));
#1520 = CARTESIAN_POINT('',(0.340132589141,5.088827157506E-02));
#1521 = ( GEOMETRIC_REPRESENTATION_CONTEXT(2) 
PARAMETRIC_REPRESENTATION_CONTEXT() REPRESENTATION_CONTEXT('2D SPACE',''
  ) );
#1522 = PCURVE('',#639,#1523);
#1523 = DEFINITIONAL_REPRESENTATION('',(#1524),#1527);
#1524 = B_SPLINE_CURVE_WITH_KNOTS('',1,(#1525,#1526),.UNSPECIFIED.,.F.,
  .F.,(2,2),(0.,1.),.PIECEWISE_BEZIER_KNOTS.);
#1525 = CARTESIAN_POINT('',(3.718680024035E-04,0.263229462293));
#1526 = CARTESIAN_POINT('',(0.,0.263114732322));
#1527 = ( GEOMETRIC_REPRESENTATION_CONTEXT(2) 
PARAMETRIC_REPRESENTATION_CONTEXT() REPRESENTATION_CONTEXT('2D SPACE',''
  ) );
#1528 = ORIENTED_EDGE('',*,*,#1042,.T.);
#1529 = ORIENTED_EDGE('',*,*,#73,.T.);
#1530 = ORIENTED_EDGE('',*,*,#180,.T.);
#1531 = ORIENTED_EDGE('',*,*,#1532,.T.);
#1532 = EDGE_CURVE('',#152,#1533,#1535,.T.);
#1533 = VERTEX_POINT('',#1534);
#1534 = CARTESIAN_POINT('',(-0.993912841764,7.446282940476E-02,
    5.817934610138E-02));
#1535 = SURFACE_CURVE('',#1536,(#1539,#1545),.PCURVE_S1.);
#1536 = B_SPLINE_CURVE_WITH_KNOTS('',1,(#1537,#1538),.UNSPECIFIED.,.F.,
  .F.,(2,2),(0.,1.),.PIECEWISE_BEZIER_KNOTS.);
#1537 = CARTESIAN_POINT('',(-0.994481667154,7.446282940476E-02,
    5.82254437732E-02));
#1538 = CARTESIAN_POINT('',(-0.993912841764,7.446282940476E-02,
    5.817934610138E-02));
#1539 = PCURVE('',#87,#1540);
#1540 = DEFINITIONAL_REPRESENTATION('',(#1541),#1544);
#1541 = B_SPLINE_CURVE_WITH_KNOTS('',1,(#1542,#1543),.UNSPECIFIED.,.F.,
  .F.,(2,2),(0.,1.),.PIECEWISE_BEZIER_KNOTS.);
#1542 = CARTESIAN_POINT('',(0.34029599773,5.119321767763E-02));
#1543 = CARTESIAN_POINT('',(0.340519110191,5.171848727502E-02));
#1544 = ( GEOMETRIC_REPRESENTATION_CONTEXT(2) 
PARAMETRIC_REPRESENTATION_CONTEXT() REPRESENTATION_CONTEXT('2D SPACE',''
  ) );
#1545 = PCURVE('',#168,#1546);
#1546 = DEFINITIONAL_REPRESENTATION('',(#1547),#1550);
#1547 = B_SPLINE_CURVE_WITH_KNOTS('',1,(#1548,#1549),.UNSPECIFIED.,.F.,
  .F.,(2,2),(0.,1.),.PIECEWISE_BEZIER_KNOTS.);
#1548 = CARTESIAN_POINT('',(6.18621831838E-04,0.26301074314));
#1549 = CARTESIAN_POINT('',(0.,0.262929375926));
#1550 = ( GEOMETRIC_REPRESENTATION_CONTEXT(2) 
PARAMETRIC_REPRESENTATION_CONTEXT() REPRESENTATION_CONTEXT('2D SPACE',''
  ) );
#1551 = ORIENTED_EDGE('',*,*,#1552,.T.);
#1552 = EDGE_CURVE('',#1533,#1553,#1555,.T.);
#1553 = VERTEX_POINT('',#1554);
#1554 = CARTESIAN_POINT('',(-0.993118605877,7.446282940476E-02,
    5.811554976717E-02));
#1555 = SURFACE_CURVE('',#1556,(#1559,#1565),.PCURVE_S1.);
#1556 = B_SPLINE_CURVE_WITH_KNOTS('',1,(#1557,#1558),.UNSPECIFIED.,.F.,
  .F.,(2,2),(0.,1.),.PIECEWISE_BEZIER_KNOTS.);
#1557 = CARTESIAN_POINT('',(-0.993912841764,7.446282940476E-02,
    5.817934610138E-02));
#1558 = CARTESIAN_POINT('',(-0.993118605877,7.446282940476E-02,
    5.811554976716E-02));
#1559 = PCURVE('',#87,#1560);
#1560 = DEFINITIONAL_REPRESENTATION('',(#1561),#1564);
#1561 = B_SPLINE_CURVE_WITH_KNOTS('',1,(#1562,#1563),.UNSPECIFIED.,.F.,
  .F.,(2,2),(0.,1.),.PIECEWISE_BEZIER_KNOTS.);
#1562 = CARTESIAN_POINT('',(0.340519110191,5.171848727502E-02));
#1563 = CARTESIAN_POINT('',(0.340830096616,5.245208666101E-02));
#1564 = ( GEOMETRIC_REPRESENTATION_CONTEXT(2) 
PARAMETRIC_REPRESENTATION_CONTEXT() REPRESENTATION_CONTEXT('2D SPACE',''
  ) );
#1565 = PCURVE('',#704,#1566);
#1566 = DEFINITIONAL_REPRESENTATION('',(#1567),#1570);
#1567 = B_SPLINE_CURVE_WITH_KNOTS('',1,(#1568,#1569),.UNSPECIFIED.,.F.,
  .F.,(2,2),(0.,1.),.PIECEWISE_BEZIER_KNOTS.);
#1568 = CARTESIAN_POINT('',(8.636426430061E-04,0.262929375926));
#1569 = CARTESIAN_POINT('',(0.,0.26281676872));
#1570 = ( GEOMETRIC_REPRESENTATION_CONTEXT(2) 
PARAMETRIC_REPRESENTATION_CONTEXT() REPRESENTATION_CONTEXT('2D SPACE',''
  ) );
#1571 = ORIENTED_EDGE('',*,*,#1572,.T.);
#1572 = EDGE_CURVE('',#1553,#1573,#1575,.T.);
#1573 = VERTEX_POINT('',#1574);
#1574 = CARTESIAN_POINT('',(-0.992101074532,7.446282940476E-02,
    5.803477598091E-02));
#1575 = SURFACE_CURVE('',#1576,(#1579,#1585),.PCURVE_S1.);
#1576 = B_SPLINE_CURVE_WITH_KNOTS('',1,(#1577,#1578),.UNSPECIFIED.,.F.,
  .F.,(2,2),(0.,1.),.PIECEWISE_BEZIER_KNOTS.);
#1577 = CARTESIAN_POINT('',(-0.993118605877,7.446282940476E-02,
    5.811554976716E-02));
#1578 = CARTESIAN_POINT('',(-0.992101074532,7.446282940476E-02,
    5.803477598091E-02));
#1579 = PCURVE('',#87,#1580);
#1580 = DEFINITIONAL_REPRESENTATION('',(#1581),#1584);
#1581 = B_SPLINE_CURVE_WITH_KNOTS('',1,(#1582,#1583),.UNSPECIFIED.,.F.,
  .F.,(2,2),(0.,1.),.PIECEWISE_BEZIER_KNOTS.);
#1582 = CARTESIAN_POINT('',(0.340830096616,5.245208666101E-02));
#1583 = CARTESIAN_POINT('',(0.341227605658,5.339223611955E-02));
#1584 = ( GEOMETRIC_REPRESENTATION_CONTEXT(2) 
PARAMETRIC_REPRESENTATION_CONTEXT() REPRESENTATION_CONTEXT('2D SPACE',''
  ) );
#1585 = PCURVE('',#729,#1586);
#1586 = DEFINITIONAL_REPRESENTATION('',(#1587),#1590);
#1587 = B_SPLINE_CURVE_WITH_KNOTS('',1,(#1588,#1589),.UNSPECIFIED.,.F.,
  .F.,(2,2),(0.,1.),.PIECEWISE_BEZIER_KNOTS.);
#1588 = CARTESIAN_POINT('',(1.106245641354E-03,0.26281676872));
#1589 = CARTESIAN_POINT('',(0.,0.262674194536));
#1590 = ( GEOMETRIC_REPRESENTATION_CONTEXT(2) 
PARAMETRIC_REPRESENTATION_CONTEXT() REPRESENTATION_CONTEXT('2D SPACE',''
  ) );
#1591 = ORIENTED_EDGE('',*,*,#1592,.T.);
#1592 = EDGE_CURVE('',#1573,#1593,#1595,.T.);
#1593 = VERTEX_POINT('',#1594);
#1594 = CARTESIAN_POINT('',(-0.990862960354,7.446282940476E-02,
    5.793792553812E-02));
#1595 = SURFACE_CURVE('',#1596,(#1599,#1605),.PCURVE_S1.);
#1596 = B_SPLINE_CURVE_WITH_KNOTS('',1,(#1597,#1598),.UNSPECIFIED.,.F.,
  .F.,(2,2),(0.,1.),.PIECEWISE_BEZIER_KNOTS.);
#1597 = CARTESIAN_POINT('',(-0.992101074532,7.446282940476E-02,
    5.803477598091E-02));
#1598 = CARTESIAN_POINT('',(-0.990862960354,7.446282940476E-02,
    5.793792553812E-02));
#1599 = PCURVE('',#87,#1600);
#1600 = DEFINITIONAL_REPRESENTATION('',(#1601),#1604);
#1601 = B_SPLINE_CURVE_WITH_KNOTS('',1,(#1602,#1603),.UNSPECIFIED.,.F.,
  .F.,(2,2),(0.,1.),.PIECEWISE_BEZIER_KNOTS.);
#1602 = CARTESIAN_POINT('',(0.341227605658,5.339223611955E-02));
#1603 = CARTESIAN_POINT('',(0.341709927111,5.453664546221E-02));
#1604 = ( GEOMETRIC_REPRESENTATION_CONTEXT(2) 
PARAMETRIC_REPRESENTATION_CONTEXT() REPRESENTATION_CONTEXT('2D SPACE',''
  ) );
#1605 = PCURVE('',#754,#1606);
#1606 = DEFINITIONAL_REPRESENTATION('',(#1607),#1610);
#1607 = B_SPLINE_CURVE_WITH_KNOTS('',1,(#1608,#1609),.UNSPECIFIED.,.F.,
  .F.,(2,2),(0.,1.),.PIECEWISE_BEZIER_KNOTS.);
#1608 = CARTESIAN_POINT('',(1.345754292724E-03,0.262674194536));
#1609 = CARTESIAN_POINT('',(0.,0.26250324337));
#1610 = ( GEOMETRIC_REPRESENTATION_CONTEXT(2) 
PARAMETRIC_REPRESENTATION_CONTEXT() REPRESENTATION_CONTEXT('2D SPACE',''
  ) );
#1611 = ORIENTED_EDGE('',*,*,#1612,.T.);
#1612 = EDGE_CURVE('',#1593,#1613,#1615,.T.);
#1613 = VERTEX_POINT('',#1614);
#1614 = CARTESIAN_POINT('',(-0.98940756835,7.446282940476E-02,
    5.782606057305E-02));
#1615 = SURFACE_CURVE('',#1616,(#1619,#1625),.PCURVE_S1.);
#1616 = B_SPLINE_CURVE_WITH_KNOTS('',1,(#1617,#1618),.UNSPECIFIED.,.F.,
  .F.,(2,2),(0.,1.),.PIECEWISE_BEZIER_KNOTS.);
#1617 = CARTESIAN_POINT('',(-0.990862960354,7.446282940476E-02,
    5.793792553812E-02));
#1618 = CARTESIAN_POINT('',(-0.98940756835,7.446282940476E-02,
    5.782606057305E-02));
#1619 = PCURVE('',#87,#1620);
#1620 = DEFINITIONAL_REPRESENTATION('',(#1621),#1624);
#1621 = B_SPLINE_CURVE_WITH_KNOTS('',1,(#1622,#1623),.UNSPECIFIED.,.F.,
  .F.,(2,2),(0.,1.),.PIECEWISE_BEZIER_KNOTS.);
#1622 = CARTESIAN_POINT('',(0.341709927111,5.453664546221E-02));
#1623 = CARTESIAN_POINT('',(0.342275010865,5.588251321365E-02));
#1624 = ( GEOMETRIC_REPRESENTATION_CONTEXT(2) 
PARAMETRIC_REPRESENTATION_CONTEXT() REPRESENTATION_CONTEXT('2D SPACE',''
  ) );
#1625 = PCURVE('',#779,#1626);
#1626 = DEFINITIONAL_REPRESENTATION('',(#1627),#1630);
#1627 = B_SPLINE_CURVE_WITH_KNOTS('',1,(#1628,#1629),.UNSPECIFIED.,.F.,
  .F.,(2,2),(0.,1.),.PIECEWISE_BEZIER_KNOTS.);
#1628 = CARTESIAN_POINT('',(1.581502476942E-03,0.26250324337));
#1629 = CARTESIAN_POINT('',(0.,0.262305790002));
#1630 = ( GEOMETRIC_REPRESENTATION_CONTEXT(2) 
PARAMETRIC_REPRESENTATION_CONTEXT() REPRESENTATION_CONTEXT('2D SPACE',''
  ) );
#1631 = ORIENTED_EDGE('',*,*,#1632,.T.);
#1632 = EDGE_CURVE('',#1613,#1633,#1635,.T.);
#1633 = VERTEX_POINT('',#1634);
#1634 = CARTESIAN_POINT('',(-0.987738789377,7.446282940476E-02,
    5.770038395117E-02));
#1635 = SURFACE_CURVE('',#1636,(#1639,#1645),.PCURVE_S1.);
#1636 = B_SPLINE_CURVE_WITH_KNOTS('',1,(#1637,#1638),.UNSPECIFIED.,.F.,
  .F.,(2,2),(0.,1.),.PIECEWISE_BEZIER_KNOTS.);
#1637 = CARTESIAN_POINT('',(-0.98940756835,7.446282940476E-02,
    5.782606057305E-02));
#1638 = CARTESIAN_POINT('',(-0.987738789377,7.446282940476E-02,
    5.770038395117E-02));
#1639 = PCURVE('',#87,#1640);
#1640 = DEFINITIONAL_REPRESENTATION('',(#1641),#1644);
#1641 = B_SPLINE_CURVE_WITH_KNOTS('',1,(#1642,#1643),.UNSPECIFIED.,.F.,
  .F.,(2,2),(0.,1.),.PIECEWISE_BEZIER_KNOTS.);
#1642 = CARTESIAN_POINT('',(0.342275010865,5.588251321365E-02));
#1643 = CARTESIAN_POINT('',(0.342920488528,5.742652631686E-02));
#1644 = ( GEOMETRIC_REPRESENTATION_CONTEXT(2) 
PARAMETRIC_REPRESENTATION_CONTEXT() REPRESENTATION_CONTEXT('2D SPACE',''
  ) );
#1645 = PCURVE('',#804,#1646);
#1646 = DEFINITIONAL_REPRESENTATION('',(#1647),#1650);
#1647 = B_SPLINE_CURVE_WITH_KNOTS('',1,(#1648,#1649),.UNSPECIFIED.,.F.,
  .F.,(2,2),(0.,1.),.PIECEWISE_BEZIER_KNOTS.);
#1648 = CARTESIAN_POINT('',(1.812836504862E-03,0.262305790002));
#1649 = CARTESIAN_POINT('',(0.,0.262083957614));
#1650 = ( GEOMETRIC_REPRESENTATION_CONTEXT(2) 
PARAMETRIC_REPRESENTATION_CONTEXT() REPRESENTATION_CONTEXT('2D SPACE',''
  ) );
#1651 = ORIENTED_EDGE('',*,*,#1652,.T.);
#1652 = EDGE_CURVE('',#1633,#1653,#1655,.T.);
#1653 = VERTEX_POINT('',#1654);
#1654 = CARTESIAN_POINT('',(-0.985861092182,7.446282940476E-02,
    5.756221718804E-02));
#1655 = SURFACE_CURVE('',#1656,(#1659,#1665),.PCURVE_S1.);
#1656 = B_SPLINE_CURVE_WITH_KNOTS('',1,(#1657,#1658),.UNSPECIFIED.,.F.,
  .F.,(2,2),(0.,1.),.PIECEWISE_BEZIER_KNOTS.);
#1657 = CARTESIAN_POINT('',(-0.987738789377,7.446282940476E-02,
    5.770038395117E-02));
#1658 = CARTESIAN_POINT('',(-0.985861092182,7.446282940476E-02,
    5.756221718804E-02));
#1659 = PCURVE('',#87,#1660);
#1660 = DEFINITIONAL_REPRESENTATION('',(#1661),#1664);
#1661 = B_SPLINE_CURVE_WITH_KNOTS('',1,(#1662,#1663),.UNSPECIFIED.,.F.,
  .F.,(2,2),(0.,1.),.PIECEWISE_BEZIER_KNOTS.);
#1662 = CARTESIAN_POINT('',(0.342920488528,5.742652631686E-02));
#1663 = CARTESIAN_POINT('',(0.343643696882,5.916486071712E-02));
#1664 = ( GEOMETRIC_REPRESENTATION_CONTEXT(2) 
PARAMETRIC_REPRESENTATION_CONTEXT() REPRESENTATION_CONTEXT('2D SPACE',''
  ) );
#1665 = PCURVE('',#829,#1666);
#1666 = DEFINITIONAL_REPRESENTATION('',(#1667),#1670);
#1667 = B_SPLINE_CURVE_WITH_KNOTS('',1,(#1668,#1669),.UNSPECIFIED.,.F.,
  .F.,(2,2),(0.,1.),.PIECEWISE_BEZIER_KNOTS.);
#1668 = CARTESIAN_POINT('',(2.039116986853E-03,0.262083957614));
#1669 = CARTESIAN_POINT('',(0.,0.26184007882));
#1670 = ( GEOMETRIC_REPRESENTATION_CONTEXT(2) 
PARAMETRIC_REPRESENTATION_CONTEXT() REPRESENTATION_CONTEXT('2D SPACE',''
  ) );
#1671 = ORIENTED_EDGE('',*,*,#1672,.T.);
#1672 = EDGE_CURVE('',#1653,#1673,#1675,.T.);
#1673 = VERTEX_POINT('',#1674);
#1674 = CARTESIAN_POINT('',(-0.98377951396,7.446282940476E-02,
    5.74129778348E-02));
#1675 = SURFACE_CURVE('',#1676,(#1679,#1685),.PCURVE_S1.);
#1676 = B_SPLINE_CURVE_WITH_KNOTS('',1,(#1677,#1678),.UNSPECIFIED.,.F.,
  .F.,(2,2),(0.,1.),.PIECEWISE_BEZIER_KNOTS.);
#1677 = CARTESIAN_POINT('',(-0.985861092182,7.446282940476E-02,
    5.756221718804E-02));
#1678 = CARTESIAN_POINT('',(-0.98377951396,7.446282940476E-02,
    5.74129778348E-02));
#1679 = PCURVE('',#87,#1680);
#1680 = DEFINITIONAL_REPRESENTATION('',(#1681),#1684);
#1681 = B_SPLINE_CURVE_WITH_KNOTS('',1,(#1682,#1683),.UNSPECIFIED.,.F.,
  .F.,(2,2),(0.,1.),.PIECEWISE_BEZIER_KNOTS.);
#1682 = CARTESIAN_POINT('',(0.343643696882,5.916486071712E-02));
#1683 = CARTESIAN_POINT('',(0.344441702327,6.10931831979E-02));
#1684 = ( GEOMETRIC_REPRESENTATION_CONTEXT(2) 
PARAMETRIC_REPRESENTATION_CONTEXT() REPRESENTATION_CONTEXT('2D SPACE',''
  ) );
#1685 = PCURVE('',#854,#1686);
#1686 = DEFINITIONAL_REPRESENTATION('',(#1687),#1690);
#1687 = B_SPLINE_CURVE_WITH_KNOTS('',1,(#1688,#1689),.UNSPECIFIED.,.F.,
  .F.,(2,2),(0.,1.),.PIECEWISE_BEZIER_KNOTS.);
#1688 = CARTESIAN_POINT('',(2.259720549055E-03,0.26184007882));
#1689 = CARTESIAN_POINT('',(0.,0.261576655746));
#1690 = ( GEOMETRIC_REPRESENTATION_CONTEXT(2) 
PARAMETRIC_REPRESENTATION_CONTEXT() REPRESENTATION_CONTEXT('2D SPACE',''
  ) );
#1691 = ORIENTED_EDGE('',*,*,#1692,.T.);
#1692 = EDGE_CURVE('',#1673,#1693,#1695,.T.);
#1693 = VERTEX_POINT('',#1694);
#1694 = CARTESIAN_POINT('',(-0.981499649332,7.446282940476E-02,
    5.725415727769E-02));
#1695 = SURFACE_CURVE('',#1696,(#1699,#1705),.PCURVE_S1.);
#1696 = B_SPLINE_CURVE_WITH_KNOTS('',1,(#1697,#1698),.UNSPECIFIED.,.F.,
  .F.,(2,2),(0.,1.),.PIECEWISE_BEZIER_KNOTS.);
#1697 = CARTESIAN_POINT('',(-0.98377951396,7.446282940476E-02,
    5.74129778348E-02));
#1698 = CARTESIAN_POINT('',(-0.981499649332,7.446282940476E-02,
    5.725415727769E-02));
#1699 = PCURVE('',#87,#1700);
#1700 = DEFINITIONAL_REPRESENTATION('',(#1701),#1704);
#1701 = B_SPLINE_CURVE_WITH_KNOTS('',1,(#1702,#1703),.UNSPECIFIED.,.F.,
  .F.,(2,2),(0.,1.),.PIECEWISE_BEZIER_KNOTS.);
#1702 = CARTESIAN_POINT('',(0.344441702327,6.10931831979E-02));
#1703 = CARTESIAN_POINT('',(0.345311325422,6.320665483521E-02));
#1704 = ( GEOMETRIC_REPRESENTATION_CONTEXT(2) 
PARAMETRIC_REPRESENTATION_CONTEXT() REPRESENTATION_CONTEXT('2D SPACE',''
  ) );
#1705 = PCURVE('',#879,#1706);
#1706 = DEFINITIONAL_REPRESENTATION('',(#1707),#1710);
#1707 = B_SPLINE_CURVE_WITH_KNOTS('',1,(#1708,#1709),.UNSPECIFIED.,.F.,
  .F.,(2,2),(0.,1.),.PIECEWISE_BEZIER_KNOTS.);
#1708 = CARTESIAN_POINT('',(2.474041401648E-03,0.261576655746));
#1709 = CARTESIAN_POINT('',(0.,0.261296320844));
#1710 = ( GEOMETRIC_REPRESENTATION_CONTEXT(2) 
PARAMETRIC_REPRESENTATION_CONTEXT() REPRESENTATION_CONTEXT('2D SPACE',''
  ) );
#1711 = ORIENTED_EDGE('',*,*,#1712,.T.);
#1712 = EDGE_CURVE('',#1693,#1713,#1715,.T.);
#1713 = VERTEX_POINT('',#1714);
#1714 = CARTESIAN_POINT('',(-0.979027637708,7.446282940476E-02,
    5.70872998592E-02));
#1715 = SURFACE_CURVE('',#1716,(#1719,#1725),.PCURVE_S1.);
#1716 = B_SPLINE_CURVE_WITH_KNOTS('',1,(#1717,#1718),.UNSPECIFIED.,.F.,
  .F.,(2,2),(0.,1.),.PIECEWISE_BEZIER_KNOTS.);
#1717 = CARTESIAN_POINT('',(-0.981499649332,7.446282940476E-02,
    5.725415727769E-02));
#1718 = CARTESIAN_POINT('',(-0.979027637708,7.446282940476E-02,
    5.70872998592E-02));
#1719 = PCURVE('',#87,#1720);
#1720 = DEFINITIONAL_REPRESENTATION('',(#1721),#1724);
#1721 = B_SPLINE_CURVE_WITH_KNOTS('',1,(#1722,#1723),.UNSPECIFIED.,.F.,
  .F.,(2,2),(0.,1.),.PIECEWISE_BEZIER_KNOTS.);
#1722 = CARTESIAN_POINT('',(0.345311325422,6.320665483521E-02));
#1723 = CARTESIAN_POINT('',(0.346249164686,6.549993641025E-02));
#1724 = ( GEOMETRIC_REPRESENTATION_CONTEXT(2) 
PARAMETRIC_REPRESENTATION_CONTEXT() REPRESENTATION_CONTEXT('2D SPACE',''
  ) );
#1725 = PCURVE('',#904,#1726);
#1726 = DEFINITIONAL_REPRESENTATION('',(#1727),#1730);
#1727 = B_SPLINE_CURVE_WITH_KNOTS('',1,(#1728,#1729),.UNSPECIFIED.,.F.,
  .F.,(2,2),(0.,1.),.PIECEWISE_BEZIER_KNOTS.);
#1728 = CARTESIAN_POINT('',(2.681492770208E-03,0.261296320844));
#1729 = CARTESIAN_POINT('',(0.,0.261001800041));
#1730 = ( GEOMETRIC_REPRESENTATION_CONTEXT(2) 
PARAMETRIC_REPRESENTATION_CONTEXT() REPRESENTATION_CONTEXT('2D SPACE',''
  ) );
#1731 = ORIENTED_EDGE('',*,*,#1732,.T.);
#1732 = EDGE_CURVE('',#1713,#1733,#1735,.T.);
#1733 = VERTEX_POINT('',#1734);
#1734 = CARTESIAN_POINT('',(-0.976370148981,7.446282940476E-02,
    5.691398414461E-02));
#1735 = SURFACE_CURVE('',#1736,(#1739,#1745),.PCURVE_S1.);
#1736 = B_SPLINE_CURVE_WITH_KNOTS('',1,(#1737,#1738),.UNSPECIFIED.,.F.,
  .F.,(2,2),(0.,1.),.PIECEWISE_BEZIER_KNOTS.);
#1737 = CARTESIAN_POINT('',(-0.979027637708,7.446282940476E-02,
    5.70872998592E-02));
#1738 = CARTESIAN_POINT('',(-0.976370148981,7.446282940476E-02,
    5.691398414461E-02));
#1739 = PCURVE('',#87,#1740);
#1740 = DEFINITIONAL_REPRESENTATION('',(#1741),#1744);
#1741 = B_SPLINE_CURVE_WITH_KNOTS('',1,(#1742,#1743),.UNSPECIFIED.,.F.,
  .F.,(2,2),(0.,1.),.PIECEWISE_BEZIER_KNOTS.);
#1742 = CARTESIAN_POINT('',(0.346249164686,6.549993641025E-02));
#1743 = CARTESIAN_POINT('',(0.347251618883,6.796719607463E-02));
#1744 = ( GEOMETRIC_REPRESENTATION_CONTEXT(2) 
PARAMETRIC_REPRESENTATION_CONTEXT() REPRESENTATION_CONTEXT('2D SPACE',''
  ) );
#1745 = PCURVE('',#929,#1746);
#1746 = DEFINITIONAL_REPRESENTATION('',(#1747),#1750);
#1747 = B_SPLINE_CURVE_WITH_KNOTS('',1,(#1748,#1749),.UNSPECIFIED.,.F.,
  .F.,(2,2),(0.,1.),.PIECEWISE_BEZIER_KNOTS.);
#1748 = CARTESIAN_POINT('',(2.881508206621E-03,0.261001800041));
#1749 = CARTESIAN_POINT('',(0.,0.26069587967));
#1750 = ( GEOMETRIC_REPRESENTATION_CONTEXT(2) 
PARAMETRIC_REPRESENTATION_CONTEXT() REPRESENTATION_CONTEXT('2D SPACE',''
  ) );
#1751 = ORIENTED_EDGE('',*,*,#1752,.T.);
#1752 = EDGE_CURVE('',#1733,#1753,#1755,.T.);
#1753 = VERTEX_POINT('',#1754);
#1754 = CARTESIAN_POINT('',(-0.973534367555,7.446282940476E-02,
    5.673580703209E-02));
#1755 = SURFACE_CURVE('',#1756,(#1759,#1765),.PCURVE_S1.);
#1756 = B_SPLINE_CURVE_WITH_KNOTS('',1,(#1757,#1758),.UNSPECIFIED.,.F.,
  .F.,(2,2),(0.,1.),.PIECEWISE_BEZIER_KNOTS.);
#1757 = CARTESIAN_POINT('',(-0.976370148981,7.446282940476E-02,
    5.691398414461E-02));
#1758 = CARTESIAN_POINT('',(-0.973534367555,7.446282940476E-02,
    5.673580703209E-02));
#1759 = PCURVE('',#87,#1760);
#1760 = DEFINITIONAL_REPRESENTATION('',(#1761),#1764);
#1761 = B_SPLINE_CURVE_WITH_KNOTS('',1,(#1762,#1763),.UNSPECIFIED.,.F.,
  .F.,(2,2),(0.,1.),.PIECEWISE_BEZIER_KNOTS.);
#1762 = CARTESIAN_POINT('',(0.347251618883,6.796719607463E-02));
#1763 = CARTESIAN_POINT('',(0.348314907142,7.060211950051E-02));
#1764 = ( GEOMETRIC_REPRESENTATION_CONTEXT(2) 
PARAMETRIC_REPRESENTATION_CONTEXT() REPRESENTATION_CONTEXT('2D SPACE',''
  ) );
#1765 = PCURVE('',#954,#1766);
#1766 = DEFINITIONAL_REPRESENTATION('',(#1767),#1770);
#1767 = B_SPLINE_CURVE_WITH_KNOTS('',1,(#1768,#1769),.UNSPECIFIED.,.F.,
  .F.,(2,2),(0.,1.),.PIECEWISE_BEZIER_KNOTS.);
#1768 = CARTESIAN_POINT('',(3.073542799665E-03,0.26069587967));
#1769 = CARTESIAN_POINT('',(0.,0.260381378423));
#1770 = ( GEOMETRIC_REPRESENTATION_CONTEXT(2) 
PARAMETRIC_REPRESENTATION_CONTEXT() REPRESENTATION_CONTEXT('2D SPACE',''
  ) );
#1771 = ORIENTED_EDGE('',*,*,#1772,.T.);
#1772 = EDGE_CURVE('',#1753,#1773,#1775,.T.);
#1773 = VERTEX_POINT('',#1774);
#1774 = CARTESIAN_POINT('',(-0.970527974705,7.446282940476E-02,
    5.655437124307E-02));
#1775 = SURFACE_CURVE('',#1776,(#1779,#1785),.PCURVE_S1.);
#1776 = B_SPLINE_CURVE_WITH_KNOTS('',1,(#1777,#1778),.UNSPECIFIED.,.F.,
  .F.,(2,2),(0.,1.),.PIECEWISE_BEZIER_KNOTS.);
#1777 = CARTESIAN_POINT('',(-0.973534367555,7.446282940476E-02,
    5.673580703209E-02));
#1778 = CARTESIAN_POINT('',(-0.970527974705,7.446282940476E-02,
    5.655437124307E-02));
#1779 = PCURVE('',#87,#1780);
#1780 = DEFINITIONAL_REPRESENTATION('',(#1781),#1784);
#1781 = B_SPLINE_CURVE_WITH_KNOTS('',1,(#1782,#1783),.UNSPECIFIED.,.F.,
  .F.,(2,2),(0.,1.),.PIECEWISE_BEZIER_KNOTS.);
#1782 = CARTESIAN_POINT('',(0.348314907142,7.060211950051E-02));
#1783 = CARTESIAN_POINT('',(0.349435086385,7.33979226728E-02));
#1784 = ( GEOMETRIC_REPRESENTATION_CONTEXT(2) 
PARAMETRIC_REPRESENTATION_CONTEXT() REPRESENTATION_CONTEXT('2D SPACE',''
  ) );
#1785 = PCURVE('',#979,#1786);
#1786 = DEFINITIONAL_REPRESENTATION('',(#1787),#1790);
#1787 = B_SPLINE_CURVE_WITH_KNOTS('',1,(#1788,#1789),.UNSPECIFIED.,.F.,
  .F.,(2,2),(0.,1.),.PIECEWISE_BEZIER_KNOTS.);
#1788 = CARTESIAN_POINT('',(3.257074307208E-03,0.260381378423));
#1789 = CARTESIAN_POINT('',(0.,0.260061125271));
#1790 = ( GEOMETRIC_REPRESENTATION_CONTEXT(2) 
PARAMETRIC_REPRESENTATION_CONTEXT() REPRESENTATION_CONTEXT('2D SPACE',''
  ) );
#1791 = ORIENTED_EDGE('',*,*,#1792,.T.);
#1792 = EDGE_CURVE('',#1773,#1793,#1795,.T.);
#1793 = VERTEX_POINT('',#1794);
#1794 = CARTESIAN_POINT('',(-0.96735912932,7.446282940476E-02,
    5.637127654031E-02));
#1795 = SURFACE_CURVE('',#1796,(#1799,#1805),.PCURVE_S1.);
#1796 = B_SPLINE_CURVE_WITH_KNOTS('',1,(#1797,#1798),.UNSPECIFIED.,.F.,
  .F.,(2,2),(0.,1.),.PIECEWISE_BEZIER_KNOTS.);
#1797 = CARTESIAN_POINT('',(-0.970527974705,7.446282940476E-02,
    5.655437124307E-02));
#1798 = CARTESIAN_POINT('',(-0.96735912932,7.446282940476E-02,
    5.637127654031E-02));
#1799 = PCURVE('',#87,#1800);
#1800 = DEFINITIONAL_REPRESENTATION('',(#1801),#1804);
#1801 = B_SPLINE_CURVE_WITH_KNOTS('',1,(#1802,#1803),.UNSPECIFIED.,.F.,
  .F.,(2,2),(0.,1.),.PIECEWISE_BEZIER_KNOTS.);
#1802 = CARTESIAN_POINT('',(0.349435086385,7.33979226728E-02));
#1803 = CARTESIAN_POINT('',(0.350608065739,7.634736739657E-02));
#1804 = ( GEOMETRIC_REPRESENTATION_CONTEXT(2) 
PARAMETRIC_REPRESENTATION_CONTEXT() REPRESENTATION_CONTEXT('2D SPACE',''
  ) );
#1805 = PCURVE('',#1004,#1806);
#1806 = DEFINITIONAL_REPRESENTATION('',(#1807),#1810);
#1807 = B_SPLINE_CURVE_WITH_KNOTS('',1,(#1808,#1809),.UNSPECIFIED.,.F.,
  .F.,(2,2),(0.,1.),.PIECEWISE_BEZIER_KNOTS.);
#1808 = CARTESIAN_POINT('',(3.431604232115E-03,0.260061125271));
#1809 = CARTESIAN_POINT('',(0.,0.259737943962));
#1810 = ( GEOMETRIC_REPRESENTATION_CONTEXT(2) 
PARAMETRIC_REPRESENTATION_CONTEXT() REPRESENTATION_CONTEXT('2D SPACE',''
  ) );
#1811 = ORIENTED_EDGE('',*,*,#1812,.T.);
#1812 = EDGE_CURVE('',#1793,#1813,#1815,.T.);
#1813 = VERTEX_POINT('',#1814);
#1814 = CARTESIAN_POINT('',(-0.964036447082,7.446282940476E-02,
    5.618811481196E-02));
#1815 = SURFACE_CURVE('',#1816,(#1819,#1825),.PCURVE_S1.);
#1816 = B_SPLINE_CURVE_WITH_KNOTS('',1,(#1817,#1818),.UNSPECIFIED.,.F.,
  .F.,(2,2),(0.,1.),.PIECEWISE_BEZIER_KNOTS.);
#1817 = CARTESIAN_POINT('',(-0.96735912932,7.446282940476E-02,
    5.637127654031E-02));
#1818 = CARTESIAN_POINT('',(-0.964036447082,7.446282940476E-02,
    5.618811481196E-02));
#1819 = PCURVE('',#87,#1820);
#1820 = DEFINITIONAL_REPRESENTATION('',(#1821),#1824);
#1821 = B_SPLINE_CURVE_WITH_KNOTS('',1,(#1822,#1823),.UNSPECIFIED.,.F.,
  .F.,(2,2),(0.,1.),.PIECEWISE_BEZIER_KNOTS.);
#1822 = CARTESIAN_POINT('',(0.350608065739,7.634736739657E-02));
#1823 = CARTESIAN_POINT('',(0.351829617765,7.94427795043E-02));
#1824 = ( GEOMETRIC_REPRESENTATION_CONTEXT(2) 
PARAMETRIC_REPRESENTATION_CONTEXT() REPRESENTATION_CONTEXT('2D SPACE',''
  ) );
#1825 = PCURVE('',#1027,#1826);
#1826 = DEFINITIONAL_REPRESENTATION('',(#1827),#1830);
#1827 = B_SPLINE_CURVE_WITH_KNOTS('',1,(#1828,#1829),.UNSPECIFIED.,.F.,
  .F.,(2,2),(0.,1.),.PIECEWISE_BEZIER_KNOTS.);
#1828 = CARTESIAN_POINT('',(3.596658862616E-03,0.259737943962));
#1829 = CARTESIAN_POINT('',(0.,0.259414644346));
#1830 = ( GEOMETRIC_REPRESENTATION_CONTEXT(2) 
PARAMETRIC_REPRESENTATION_CONTEXT() REPRESENTATION_CONTEXT('2D SPACE',''
  ) );
#1831 = ORIENTED_EDGE('',*,*,#1832,.T.);
#1832 = EDGE_CURVE('',#1813,#1833,#1835,.T.);
#1833 = VERTEX_POINT('',#1834);
#1834 = CARTESIAN_POINT('',(-0.960568978173,7.446282940476E-02,
    5.600646894155E-02));
#1835 = SURFACE_CURVE('',#1836,(#1839,#1845),.PCURVE_S1.);
#1836 = B_SPLINE_CURVE_WITH_KNOTS('',1,(#1837,#1838),.UNSPECIFIED.,.F.,
  .F.,(2,2),(0.,1.),.PIECEWISE_BEZIER_KNOTS.);
#1837 = CARTESIAN_POINT('',(-0.964036447082,7.446282940476E-02,
    5.618811481196E-02));
#1838 = CARTESIAN_POINT('',(-0.960568978173,7.446282940476E-02,
    5.600646894155E-02));
#1839 = PCURVE('',#87,#1840);
#1840 = DEFINITIONAL_REPRESENTATION('',(#1841),#1844);
#1841 = B_SPLINE_CURVE_WITH_KNOTS('',1,(#1842,#1843),.UNSPECIFIED.,.F.,
  .F.,(2,2),(0.,1.),.PIECEWISE_BEZIER_KNOTS.);
#1842 = CARTESIAN_POINT('',(0.351829617765,7.94427795043E-02));
#1843 = CARTESIAN_POINT('',(0.353095386558,8.26760696588E-02));
#1844 = ( GEOMETRIC_REPRESENTATION_CONTEXT(2) 
PARAMETRIC_REPRESENTATION_CONTEXT() REPRESENTATION_CONTEXT('2D SPACE',''
  ) );
#1845 = PCURVE('',#1846,#1851);
#1846 = B_SPLINE_SURFACE_WITH_KNOTS('',1,1,(
    (#1847,#1848)
    ,(#1849,#1850
    )),.UNSPECIFIED.,.F.,.F.,.F.,(2,2),(2,2),(0.,3.751790295395E-03),(0.
    ,1.),.PIECEWISE_BEZIER_KNOTS.);
#1847 = CARTESIAN_POINT('',(-0.967653371466,4.6438163482E-03,
    3.714914602876E-03));
#1848 = CARTESIAN_POINT('',(-0.940310427455,0.274117472879,0.20553954283
    ));
#1849 = CARTESIAN_POINT('',(-0.971401884551,4.550649347582E-03,
    3.841009717576E-03));
#1850 = CARTESIAN_POINT('',(-0.943009356877,0.274050392638,
    0.205630331312));
#1851 = DEFINITIONAL_REPRESENTATION('',(#1852),#1855);
#1852 = B_SPLINE_CURVE_WITH_KNOTS('',1,(#1853,#1854),.UNSPECIFIED.,.F.,
  .F.,(2,2),(0.,1.),.PIECEWISE_BEZIER_KNOTS.);
#1853 = CARTESIAN_POINT('',(3.751790295395E-03,0.259414644346));
#1854 = CARTESIAN_POINT('',(0.,0.259094020378));
#1855 = ( GEOMETRIC_REPRESENTATION_CONTEXT(2) 
PARAMETRIC_REPRESENTATION_CONTEXT() REPRESENTATION_CONTEXT('2D SPACE',''
  ) );
#1856 = ORIENTED_EDGE('',*,*,#1857,.T.);
#1857 = EDGE_CURVE('',#1833,#1858,#1860,.T.);
#1858 = VERTEX_POINT('',#1859);
#1859 = CARTESIAN_POINT('',(-0.956966183593,7.446282940476E-02,
    5.582791516606E-02));
#1860 = SURFACE_CURVE('',#1861,(#1864,#1870),.PCURVE_S1.);
#1861 = B_SPLINE_CURVE_WITH_KNOTS('',1,(#1862,#1863),.UNSPECIFIED.,.F.,
  .F.,(2,2),(0.,1.),.PIECEWISE_BEZIER_KNOTS.);
#1862 = CARTESIAN_POINT('',(-0.960568978173,7.446282940476E-02,
    5.600646894155E-02));
#1863 = CARTESIAN_POINT('',(-0.956966183593,7.446282940476E-02,
    5.582791516606E-02));
#1864 = PCURVE('',#87,#1865);
#1865 = DEFINITIONAL_REPRESENTATION('',(#1866),#1869);
#1866 = B_SPLINE_CURVE_WITH_KNOTS('',1,(#1867,#1868),.UNSPECIFIED.,.F.,
  .F.,(2,2),(0.,1.),.PIECEWISE_BEZIER_KNOTS.);
#1867 = CARTESIAN_POINT('',(0.353095386558,8.26760696588E-02));
#1868 = CARTESIAN_POINT('',(0.354400892978,8.603875656425E-02));
#1869 = ( GEOMETRIC_REPRESENTATION_CONTEXT(2) 
PARAMETRIC_REPRESENTATION_CONTEXT() REPRESENTATION_CONTEXT('2D SPACE',''
  ) );
#1870 = PCURVE('',#1871,#1876);
#1871 = B_SPLINE_SURFACE_WITH_KNOTS('',1,1,(
    (#1872,#1873)
    ,(#1874,#1875
    )),.UNSPECIFIED.,.F.,.F.,.F.,(2,2),(2,2),(0.,3.896577456362E-03),(0.
    ,1.),.PIECEWISE_BEZIER_KNOTS.);
#1872 = CARTESIAN_POINT('',(-0.963759841623,4.735379822177E-03,
    3.590989750975E-03));
#1873 = CARTESIAN_POINT('',(-0.937507085969,0.27418339858,0.205450316937
    ));
#1874 = CARTESIAN_POINT('',(-0.967653371466,4.6438163482E-03,
    3.714914602876E-03));
#1875 = CARTESIAN_POINT('',(-0.940310427455,0.274117472879,0.20553954283
    ));
#1876 = DEFINITIONAL_REPRESENTATION('',(#1877),#1880);
#1877 = B_SPLINE_CURVE_WITH_KNOTS('',1,(#1878,#1879),.UNSPECIFIED.,.F.,
  .F.,(2,2),(0.,1.),.PIECEWISE_BEZIER_KNOTS.);
#1878 = CARTESIAN_POINT('',(3.896577456362E-03,0.259094020378));
#1879 = CARTESIAN_POINT('',(0.,0.258778854281));
#1880 = ( GEOMETRIC_REPRESENTATION_CONTEXT(2) 
PARAMETRIC_REPRESENTATION_CONTEXT() REPRESENTATION_CONTEXT('2D SPACE',''
  ) );
#1881 = ORIENTED_EDGE('',*,*,#1882,.T.);
#1882 = EDGE_CURVE('',#1858,#1883,#1885,.T.);
#1883 = VERTEX_POINT('',#1884);
#1884 = CARTESIAN_POINT('',(-0.953237910221,7.446282940476E-02,
    5.565402841881E-02));
#1885 = SURFACE_CURVE('',#1886,(#1889,#1895),.PCURVE_S1.);
#1886 = B_SPLINE_CURVE_WITH_KNOTS('',1,(#1887,#1888),.UNSPECIFIED.,.F.,
  .F.,(2,2),(0.,1.),.PIECEWISE_BEZIER_KNOTS.);
#1887 = CARTESIAN_POINT('',(-0.956966183593,7.446282940476E-02,
    5.582791516606E-02));
#1888 = CARTESIAN_POINT('',(-0.953237910221,7.446282940476E-02,
    5.565402841881E-02));
#1889 = PCURVE('',#87,#1890);
#1890 = DEFINITIONAL_REPRESENTATION('',(#1891),#1894);
#1891 = B_SPLINE_CURVE_WITH_KNOTS('',1,(#1892,#1893),.UNSPECIFIED.,.F.,
  .F.,(2,2),(0.,1.),.PIECEWISE_BEZIER_KNOTS.);
#1892 = CARTESIAN_POINT('',(0.354400892978,8.603875656425E-02));
#1893 = CARTESIAN_POINT('',(0.355741537443,8.952199232319E-02));
#1894 = ( GEOMETRIC_REPRESENTATION_CONTEXT(2) 
PARAMETRIC_REPRESENTATION_CONTEXT() REPRESENTATION_CONTEXT('2D SPACE',''
  ) );
#1895 = PCURVE('',#1896,#1901);
#1896 = B_SPLINE_SURFACE_WITH_KNOTS('',1,1,(
    (#1897,#1898)
    ,(#1899,#1900
    )),.UNSPECIFIED.,.F.,.F.,.F.,(2,2),(2,2),(0.,4.030627130218E-03),(0.
    ,1.),.PIECEWISE_BEZIER_KNOTS.);
#1897 = CARTESIAN_POINT('',(-0.959732007571,4.824533271335E-03,
    3.47032670158E-03));
#1898 = CARTESIAN_POINT('',(-0.934607045451,0.274247589064,
    0.205363439541));
#1899 = CARTESIAN_POINT('',(-0.963759841623,4.735379822177E-03,
    3.590989750975E-03));
#1900 = CARTESIAN_POINT('',(-0.937507085969,0.27418339858,0.205450316937
    ));
#1901 = DEFINITIONAL_REPRESENTATION('',(#1902),#1905);
#1902 = B_SPLINE_CURVE_WITH_KNOTS('',1,(#1903,#1904),.UNSPECIFIED.,.F.,
  .F.,(2,2),(0.,1.),.PIECEWISE_BEZIER_KNOTS.);
#1903 = CARTESIAN_POINT('',(4.030627130218E-03,0.258778854281));
#1904 = CARTESIAN_POINT('',(0.,0.258471925978));
#1905 = ( GEOMETRIC_REPRESENTATION_CONTEXT(2) 
PARAMETRIC_REPRESENTATION_CONTEXT() REPRESENTATION_CONTEXT('2D SPACE',''
  ) );
#1906 = ORIENTED_EDGE('',*,*,#1907,.T.);
#1907 = EDGE_CURVE('',#1883,#1089,#1908,.T.);
#1908 = SURFACE_CURVE('',#1909,(#1912,#1918),.PCURVE_S1.);
#1909 = B_SPLINE_CURVE_WITH_KNOTS('',1,(#1910,#1911),.UNSPECIFIED.,.F.,
  .F.,(2,2),(0.,1.),.PIECEWISE_BEZIER_KNOTS.);
#1910 = CARTESIAN_POINT('',(-0.953237910221,7.446282940476E-02,
    5.565402841881E-02));
#1911 = CARTESIAN_POINT('',(-0.949394364712,7.446282940476E-02,
    5.548638996992E-02));
#1912 = PCURVE('',#87,#1913);
#1913 = DEFINITIONAL_REPRESENTATION('',(#1914),#1917);
#1914 = B_SPLINE_CURVE_WITH_KNOTS('',1,(#1915,#1916),.UNSPECIFIED.,.F.,
  .F.,(2,2),(0.,1.),.PIECEWISE_BEZIER_KNOTS.);
#1915 = CARTESIAN_POINT('',(0.355741537443,8.952199232319E-02));
#1916 = CARTESIAN_POINT('',(0.357112600912,9.311658961566E-02));
#1917 = ( GEOMETRIC_REPRESENTATION_CONTEXT(2) 
PARAMETRIC_REPRESENTATION_CONTEXT() REPRESENTATION_CONTEXT('2D SPACE',''
  ) );
#1918 = PCURVE('',#1919,#1924);
#1919 = B_SPLINE_SURFACE_WITH_KNOTS('',1,1,(
    (#1920,#1921)
    ,(#1922,#1923
    )),.UNSPECIFIED.,.F.,.F.,.F.,(2,2),(2,2),(0.,4.153575005899E-03),(0.
    ,1.),.PIECEWISE_BEZIER_KNOTS.);
#1920 = CARTESIAN_POINT('',(-0.955580950653,4.910467518244E-03,
    3.354020620577E-03));
#1921 = CARTESIAN_POINT('',(-0.93161828447,0.274309461721,0.205279699163
    ));
#1922 = CARTESIAN_POINT('',(-0.959732007571,4.824533271335E-03,
    3.47032670158E-03));
#1923 = CARTESIAN_POINT('',(-0.934607045451,0.274247589064,
    0.205363439541));
#1924 = DEFINITIONAL_REPRESENTATION('',(#1925),#1928);
#1925 = B_SPLINE_CURVE_WITH_KNOTS('',1,(#1926,#1927),.UNSPECIFIED.,.F.,
  .F.,(2,2),(0.,1.),.PIECEWISE_BEZIER_KNOTS.);
#1926 = CARTESIAN_POINT('',(4.153575005899E-03,0.258471925978));
#1927 = CARTESIAN_POINT('',(0.,0.258176026574));
#1928 = ( GEOMETRIC_REPRESENTATION_CONTEXT(2) 
PARAMETRIC_REPRESENTATION_CONTEXT() REPRESENTATION_CONTEXT('2D SPACE',''
  ) );
#1929 = ADVANCED_FACE('',(#1930),#168,.T.);
#1930 = FACE_BOUND('',#1931,.T.);
#1931 = EDGE_LOOP('',(#1932,#1952,#1953,#1954));
#1932 = ORIENTED_EDGE('',*,*,#1933,.F.);
#1933 = EDGE_CURVE('',#1533,#671,#1934,.T.);
#1934 = SURFACE_CURVE('',#1935,(#1938,#1945),.PCURVE_S1.);
#1935 = B_SPLINE_CURVE_WITH_KNOTS('',1,(#1936,#1937),.UNSPECIFIED.,.F.,
  .F.,(2,2),(0.,1.),.PIECEWISE_BEZIER_KNOTS.);
#1936 = CARTESIAN_POINT('',(-1.003760305592,3.528153731553E-03,
    5.224887068243E-03));
#1937 = CARTESIAN_POINT('',(-0.966307420026,0.273314195795,
    0.206626723005));
#1938 = PCURVE('',#168,#1939);
#1939 = DEFINITIONAL_REPRESENTATION('',(#1940),#1944);
#1940 = LINE('',#1941,#1942);
#1941 = CARTESIAN_POINT('',(0.,0.));
#1942 = VECTOR('',#1943,1.);
#1943 = DIRECTION('',(0.,1.));
#1944 = ( GEOMETRIC_REPRESENTATION_CONTEXT(2) 
PARAMETRIC_REPRESENTATION_CONTEXT() REPRESENTATION_CONTEXT('2D SPACE',''
  ) );
#1945 = PCURVE('',#704,#1946);
#1946 = DEFINITIONAL_REPRESENTATION('',(#1947),#1951);
#1947 = LINE('',#1948,#1949);
#1948 = CARTESIAN_POINT('',(8.636426430061E-04,0.));
#1949 = VECTOR('',#1950,1.);
#1950 = DIRECTION('',(0.,1.));
#1951 = ( GEOMETRIC_REPRESENTATION_CONTEXT(2) 
PARAMETRIC_REPRESENTATION_CONTEXT() REPRESENTATION_CONTEXT('2D SPACE',''
  ) );
#1952 = ORIENTED_EDGE('',*,*,#1532,.F.);
#1953 = ORIENTED_EDGE('',*,*,#151,.T.);
#1954 = ORIENTED_EDGE('',*,*,#670,.T.);
#1955 = ADVANCED_FACE('',(#1956),#238,.T.);
#1956 = FACE_BOUND('',#1957,.T.);
#1957 = EDGE_LOOP('',(#1958,#1987,#1988,#2020,#2049,#2078,#2107,#2134,
    #2135,#2164,#2193,#2222));
#1958 = ORIENTED_EDGE('',*,*,#1959,.T.);
#1959 = EDGE_CURVE('',#1960,#1087,#1962,.T.);
#1960 = VERTEX_POINT('',#1961);
#1961 = CARTESIAN_POINT('',(-0.951,9.749253039588E-02,8.236734593384E-02
    ));
#1962 = SURFACE_CURVE('',#1963,(#1969,#1978),.PCURVE_S1.);
#1963 = B_SPLINE_CURVE_WITH_KNOTS('',4,(#1964,#1965,#1966,#1967,#1968),
  .UNSPECIFIED.,.F.,.F.,(5,5),(0.,1.),.PIECEWISE_BEZIER_KNOTS.);
#1964 = CARTESIAN_POINT('',(-0.951,9.749253039588E-02,8.236734593384E-02
    ));
#1965 = CARTESIAN_POINT('',(-0.951,9.182644945289E-02,7.826279665376E-02
    ));
#1966 = CARTESIAN_POINT('',(-0.951,8.616092577061E-02,7.41586510573E-02)
  );
#1967 = CARTESIAN_POINT('',(-0.951,8.020418135273E-02,6.98435430915E-02)
  );
#1968 = CARTESIAN_POINT('',(-0.951,7.446282940476E-02,6.568446696079E-02
    ));
#1969 = PCURVE('',#238,#1970);
#1970 = DEFINITIONAL_REPRESENTATION('',(#1971),#1977);
#1971 = B_SPLINE_CURVE_WITH_KNOTS('',4,(#1972,#1973,#1974,#1975,#1976),
  .UNSPECIFIED.,.F.,.F.,(5,5),(0.,1.),.PIECEWISE_BEZIER_KNOTS.);
#1972 = CARTESIAN_POINT('',(0.299666266638,0.154638906251));
#1973 = CARTESIAN_POINT('',(0.299584358989,0.116592534739));
#1974 = CARTESIAN_POINT('',(0.299502459395,7.854990509519E-02));
#1975 = CARTESIAN_POINT('',(0.299416349977,3.85517982187E-02));
#1976 = CARTESIAN_POINT('',(0.299333354226,0.));
#1977 = ( GEOMETRIC_REPRESENTATION_CONTEXT(2) 
PARAMETRIC_REPRESENTATION_CONTEXT() REPRESENTATION_CONTEXT('2D SPACE',''
  ) );
#1978 = PCURVE('',#1125,#1979);
#1979 = DEFINITIONAL_REPRESENTATION('',(#1980),#1986);
#1980 = B_SPLINE_CURVE_WITH_KNOTS('',4,(#1981,#1982,#1983,#1984,#1985),
  .UNSPECIFIED.,.F.,.F.,(5,5),(0.,1.),.PIECEWISE_BEZIER_KNOTS.);
#1981 = CARTESIAN_POINT('',(0.,0.360640472742));
#1982 = CARTESIAN_POINT('',(5.873950590262E-04,0.339859543981));
#1983 = CARTESIAN_POINT('',(1.165117538118E-03,0.319080659031));
#1984 = CARTESIAN_POINT('',(1.761533467828E-03,0.297233692381));
#1985 = CARTESIAN_POINT('',(2.3266092278E-03,0.276176699546));
#1986 = ( GEOMETRIC_REPRESENTATION_CONTEXT(2) 
PARAMETRIC_REPRESENTATION_CONTEXT() REPRESENTATION_CONTEXT('2D SPACE',''
  ) );
#1987 = ORIENTED_EDGE('',*,*,#1086,.T.);
#1988 = ORIENTED_EDGE('',*,*,#1989,.T.);
#1989 = EDGE_CURVE('',#1089,#1990,#1992,.T.);
#1990 = VERTEX_POINT('',#1991);
#1991 = CARTESIAN_POINT('',(-0.951,9.846066102597E-02,7.363688780385E-02
    ));
#1992 = SURFACE_CURVE('',#1993,(#2000,#2010),.PCURVE_S1.);
#1993 = B_SPLINE_CURVE_WITH_KNOTS('',5,(#1994,#1995,#1996,#1997,#1998,
    #1999),.UNSPECIFIED.,.F.,.F.,(6,6),(0.,1.),
  .PIECEWISE_BEZIER_KNOTS.);
#1994 = CARTESIAN_POINT('',(-0.951,7.446282940476E-02,5.555642067685E-02
    ));
#1995 = CARTESIAN_POINT('',(-0.951,7.953531478759E-02,5.937813701623E-02
    ));
#1996 = CARTESIAN_POINT('',(-0.951,8.415165607232E-02,6.285618487334E-02
    ));
#1997 = CARTESIAN_POINT('',(-0.951,8.912390329336E-02,6.660237968988E-02
    ));
#1998 = CARTESIAN_POINT('',(-0.951,9.428031710301E-02,7.048732945743E-02
    ));
#1999 = CARTESIAN_POINT('',(-0.951,9.846066102597E-02,7.363688780385E-02
    ));
#2000 = PCURVE('',#238,#2001);
#2001 = DEFINITIONAL_REPRESENTATION('',(#2002),#2009);
#2002 = B_SPLINE_CURVE_WITH_KNOTS('',5,(#2003,#2004,#2005,#2006,#2007,
    #2008),.UNSPECIFIED.,.F.,.F.,(6,6),(0.,1.),
  .PIECEWISE_BEZIER_KNOTS.);
#2003 = CARTESIAN_POINT('',(0.30946140051,0.));
#2004 = CARTESIAN_POINT('',(0.30938755537,3.406052001291E-02));
#2005 = CARTESIAN_POINT('',(0.309320350767,6.505814207405E-02));
#2006 = CARTESIAN_POINT('',(0.309247964892,9.844558689906E-02));
#2007 = CARTESIAN_POINT('',(0.309172897924,0.133069666162));
#2008 = CARTESIAN_POINT('',(0.309112040562,0.161139670704));
#2009 = ( GEOMETRIC_REPRESENTATION_CONTEXT(2) 
PARAMETRIC_REPRESENTATION_CONTEXT() REPRESENTATION_CONTEXT('2D SPACE',''
  ) );
#2010 = PCURVE('',#1919,#2011);
#2011 = DEFINITIONAL_REPRESENTATION('',(#2012),#2019);
#2012 = B_SPLINE_CURVE_WITH_KNOTS('',5,(#2013,#2014,#2015,#2016,#2017,
    #2018),.UNSPECIFIED.,.F.,.F.,(6,6),(0.,1.),
  .PIECEWISE_BEZIER_KNOTS.);
#2013 = CARTESIAN_POINT('',(1.735059407839E-03,0.2582996381));
#2014 = CARTESIAN_POINT('',(2.232497042964E-03,0.277163268507));
#2015 = CARTESIAN_POINT('',(2.692285201424E-03,0.294330583789));
#2016 = CARTESIAN_POINT('',(3.191722701955E-03,0.312821447103));
#2017 = CARTESIAN_POINT('',(3.720624074187E-03,0.331997191731));
#2018 = CARTESIAN_POINT('',(4.153575005899E-03,0.347543113856));
#2019 = ( GEOMETRIC_REPRESENTATION_CONTEXT(2) 
PARAMETRIC_REPRESENTATION_CONTEXT() REPRESENTATION_CONTEXT('2D SPACE',''
  ) );
#2020 = ORIENTED_EDGE('',*,*,#2021,.T.);
#2021 = EDGE_CURVE('',#1990,#2022,#2024,.T.);
#2022 = VERTEX_POINT('',#2023);
#2023 = CARTESIAN_POINT('',(-0.951,0.135697404923,0.101702330096));
#2024 = SURFACE_CURVE('',#2025,(#2031,#2040),.PCURVE_S1.);
#2025 = B_SPLINE_CURVE_WITH_KNOTS('',4,(#2026,#2027,#2028,#2029,#2030),
  .UNSPECIFIED.,.F.,.F.,(5,5),(0.,1.),.PIECEWISE_BEZIER_KNOTS.);
#2026 = CARTESIAN_POINT('',(-0.951,9.846066102597E-02,7.363688780385E-02
    ));
#2027 = CARTESIAN_POINT('',(-0.951,0.107769923366,8.065330593384E-02));
#2028 = CARTESIAN_POINT('',(-0.951,0.117079138404,8.766968841217E-02));
#2029 = CARTESIAN_POINT('',(-0.951,0.126388301103,9.468603144306E-02));
#2030 = CARTESIAN_POINT('',(-0.951,0.135697404923,0.101702330096));
#2031 = PCURVE('',#238,#2032);
#2032 = DEFINITIONAL_REPRESENTATION('',(#2033),#2039);
#2033 = B_SPLINE_CURVE_WITH_KNOTS('',4,(#2034,#2035,#2036,#2037,#2038),
  .UNSPECIFIED.,.F.,.F.,(5,5),(0.,1.),.PIECEWISE_BEZIER_KNOTS.);
#2034 = CARTESIAN_POINT('',(0.309112040562,0.161139670713));
#2035 = CARTESIAN_POINT('',(0.30897389089,0.223649129556));
#2036 = CARTESIAN_POINT('',(0.30883574192,0.286158270767));
#2037 = CARTESIAN_POINT('',(0.308697593726,0.348667060563));
#2038 = CARTESIAN_POINT('',(0.308559446407,0.411175454971));
#2039 = ( GEOMETRIC_REPRESENTATION_CONTEXT(2) 
PARAMETRIC_REPRESENTATION_CONTEXT() REPRESENTATION_CONTEXT('2D SPACE',''
  ) );
#2040 = PCURVE('',#1896,#2041);
#2041 = DEFINITIONAL_REPRESENTATION('',(#2042),#2048);
#2042 = B_SPLINE_CURVE_WITH_KNOTS('',4,(#2043,#2044,#2045,#2046,#2047),
  .UNSPECIFIED.,.F.,.F.,(5,5),(0.,1.),.PIECEWISE_BEZIER_KNOTS.);
#2043 = CARTESIAN_POINT('',(0.,0.347543113856));
#2044 = CARTESIAN_POINT('',(9.643764165835E-04,0.382167164845));
#2045 = CARTESIAN_POINT('',(1.956369091173E-03,0.416791039903));
#2046 = CARTESIAN_POINT('',(2.97774891831E-03,0.451414720299));
#2047 = CARTESIAN_POINT('',(4.030627130218E-03,0.486038181705));
#2048 = ( GEOMETRIC_REPRESENTATION_CONTEXT(2) 
PARAMETRIC_REPRESENTATION_CONTEXT() REPRESENTATION_CONTEXT('2D SPACE',''
  ) );
#2049 = ORIENTED_EDGE('',*,*,#2050,.T.);
#2050 = EDGE_CURVE('',#2022,#2051,#2053,.T.);
#2051 = VERTEX_POINT('',#2052);
#2052 = CARTESIAN_POINT('',(-0.951,0.168768239113,0.126637322062));
#2053 = SURFACE_CURVE('',#2054,(#2060,#2069),.PCURVE_S1.);
#2054 = B_SPLINE_CURVE_WITH_KNOTS('',4,(#2055,#2056,#2057,#2058,#2059),
  .UNSPECIFIED.,.F.,.F.,(5,5),(0.,1.),.PIECEWISE_BEZIER_KNOTS.);
#2055 = CARTESIAN_POINT('',(-0.951,0.135697404923,0.101702330096));
#2056 = CARTESIAN_POINT('',(-0.951,0.143965188122,0.107936134374));
#2057 = CARTESIAN_POINT('',(-0.951,0.152232924827,0.114169903596));
#2058 = CARTESIAN_POINT('',(-0.951,0.160500610448,0.1204036343));
#2059 = CARTESIAN_POINT('',(-0.951,0.168768239113,0.126637322062));
#2060 = PCURVE('',#238,#2061);
#2061 = DEFINITIONAL_REPRESENTATION('',(#2062),#2068);
#2062 = B_SPLINE_CURVE_WITH_KNOTS('',4,(#2063,#2064,#2065,#2066,#2067),
  .UNSPECIFIED.,.F.,.F.,(5,5),(0.,1.),.PIECEWISE_BEZIER_KNOTS.);
#2063 = CARTESIAN_POINT('',(0.308559446407,0.411175454977));
#2064 = CARTESIAN_POINT('',(0.308434400302,0.466691631741));
#2065 = CARTESIAN_POINT('',(0.308309354899,0.522207496299));
#2066 = CARTESIAN_POINT('',(0.30818431027,0.577723017858));
#2067 = CARTESIAN_POINT('',(0.308059266502,0.633238156954));
#2068 = ( GEOMETRIC_REPRESENTATION_CONTEXT(2) 
PARAMETRIC_REPRESENTATION_CONTEXT() REPRESENTATION_CONTEXT('2D SPACE',''
  ) );
#2069 = PCURVE('',#1871,#2070);
#2070 = DEFINITIONAL_REPRESENTATION('',(#2071),#2077);
#2071 = B_SPLINE_CURVE_WITH_KNOTS('',4,(#2072,#2073,#2074,#2075,#2076),
  .UNSPECIFIED.,.F.,.F.,(5,5),(0.,1.),.PIECEWISE_BEZIER_KNOTS.);
#2072 = CARTESIAN_POINT('',(0.,0.486038181705));
#2073 = CARTESIAN_POINT('',(9.353125475995E-04,0.516792798385));
#2074 = CARTESIAN_POINT('',(1.895482568423E-03,0.547547242115));
#2075 = CARTESIAN_POINT('',(2.88199019544E-03,0.578301495821));
#2076 = CARTESIAN_POINT('',(3.896577456362E-03,0.609055537665));
#2077 = ( GEOMETRIC_REPRESENTATION_CONTEXT(2) 
PARAMETRIC_REPRESENTATION_CONTEXT() REPRESENTATION_CONTEXT('2D SPACE',''
  ) );
#2078 = ORIENTED_EDGE('',*,*,#2079,.T.);
#2079 = EDGE_CURVE('',#2051,#2080,#2082,.T.);
#2080 = VERTEX_POINT('',#2081);
#2081 = CARTESIAN_POINT('',(-0.951,0.198203807399,0.148839809756));
#2082 = SURFACE_CURVE('',#2083,(#2089,#2098),.PCURVE_S1.);
#2083 = B_SPLINE_CURVE_WITH_KNOTS('',4,(#2084,#2085,#2086,#2087,#2088),
  .UNSPECIFIED.,.F.,.F.,(5,5),(0.,1.),.PIECEWISE_BEZIER_KNOTS.);
#2084 = CARTESIAN_POINT('',(-0.951,0.168768239113,0.126637322062));
#2085 = CARTESIAN_POINT('',(-0.951,0.176127203335,0.132187998407));
#2086 = CARTESIAN_POINT('',(-0.951,0.183486122392,0.137738640685));
#2087 = CARTESIAN_POINT('',(-0.951,0.190844992146,0.143289245775));
#2088 = CARTESIAN_POINT('',(-0.951,0.198203807399,0.148839809756));
#2089 = PCURVE('',#238,#2090);
#2090 = DEFINITIONAL_REPRESENTATION('',(#2091),#2097);
#2091 = B_SPLINE_CURVE_WITH_KNOTS('',4,(#2092,#2093,#2094,#2095,#2096),
  .UNSPECIFIED.,.F.,.F.,(5,5),(0.,1.),.PIECEWISE_BEZIER_KNOTS.);
#2092 = CARTESIAN_POINT('',(0.308059266502,0.633238156959));
#2093 = CARTESIAN_POINT('',(0.307945855715,0.682651832755));
#2094 = CARTESIAN_POINT('',(0.307832445624,0.732065205267));
#2095 = CARTESIAN_POINT('',(0.307719036293,0.781478246749));
#2096 = CARTESIAN_POINT('',(0.307605627802,0.830890922239));
#2097 = ( GEOMETRIC_REPRESENTATION_CONTEXT(2) 
PARAMETRIC_REPRESENTATION_CONTEXT() REPRESENTATION_CONTEXT('2D SPACE',''
  ) );
#2098 = PCURVE('',#1846,#2099);
#2099 = DEFINITIONAL_REPRESENTATION('',(#2100),#2106);
#2100 = B_SPLINE_CURVE_WITH_KNOTS('',4,(#2101,#2102,#2103,#2104,#2105),
  .UNSPECIFIED.,.F.,.F.,(5,5),(0.,1.),.PIECEWISE_BEZIER_KNOTS.);
#2101 = CARTESIAN_POINT('',(0.,0.609055537665));
#2102 = CARTESIAN_POINT('',(9.032832318361E-04,0.636433241257));
#2103 = CARTESIAN_POINT('',(1.828823228674E-03,0.663810776821));
#2104 = CARTESIAN_POINT('',(2.77784904874E-03,0.691188128963));
#2105 = CARTESIAN_POINT('',(3.751790295395E-03,0.718565278343));
#2106 = ( GEOMETRIC_REPRESENTATION_CONTEXT(2) 
PARAMETRIC_REPRESENTATION_CONTEXT() REPRESENTATION_CONTEXT('2D SPACE',''
  ) );
#2107 = ORIENTED_EDGE('',*,*,#2108,.T.);
#2108 = EDGE_CURVE('',#2080,#223,#2109,.T.);
#2109 = SURFACE_CURVE('',#2110,(#2116,#2125),.PCURVE_S1.);
#2110 = B_SPLINE_CURVE_WITH_KNOTS('',4,(#2111,#2112,#2113,#2114,#2115),
  .UNSPECIFIED.,.F.,.F.,(5,5),(0.,1.),.PIECEWISE_BEZIER_KNOTS.);
#2111 = CARTESIAN_POINT('',(-0.951,0.198203807399,0.148839809756));
#2112 = CARTESIAN_POINT('',(-0.951,0.204500040937,0.153590712643));
#2113 = CARTESIAN_POINT('',(-0.951,0.210796234545,0.1583415854));
#2114 = CARTESIAN_POINT('',(-0.951,0.217092384966,0.16309242557));
#2115 = CARTESIAN_POINT('',(-0.951,0.223388488214,0.167843230145));
#2116 = PCURVE('',#238,#2117);
#2117 = DEFINITIONAL_REPRESENTATION('',(#2118),#2124);
#2118 = B_SPLINE_CURVE_WITH_KNOTS('',4,(#2119,#2120,#2121,#2122,#2123),
  .UNSPECIFIED.,.F.,.F.,(5,5),(0.,1.),.PIECEWISE_BEZIER_KNOTS.);
#2119 = CARTESIAN_POINT('',(0.307605627802,0.830890922243));
#2120 = CARTESIAN_POINT('',(0.307506778211,0.873168616954));
#2121 = CARTESIAN_POINT('',(0.307407929247,0.915446043552));
#2122 = CARTESIAN_POINT('',(0.307309080961,0.957723180154));
#2123 = CARTESIAN_POINT('',(0.307210233416,1.));
#2124 = ( GEOMETRIC_REPRESENTATION_CONTEXT(2) 
PARAMETRIC_REPRESENTATION_CONTEXT() REPRESENTATION_CONTEXT('2D SPACE',''
  ) );
#2125 = PCURVE('',#1027,#2126);
#2126 = DEFINITIONAL_REPRESENTATION('',(#2127),#2133);
#2127 = B_SPLINE_CURVE_WITH_KNOTS('',4,(#2128,#2129,#2130,#2131,#2132),
  .UNSPECIFIED.,.F.,.F.,(5,5),(0.,1.),.PIECEWISE_BEZIER_KNOTS.);
#2128 = CARTESIAN_POINT('',(0.,0.718565278343));
#2129 = CARTESIAN_POINT('',(8.335002220687E-04,0.741992490305));
#2130 = CARTESIAN_POINT('',(1.685247839572E-03,0.765419553698));
#2131 = CARTESIAN_POINT('',(2.556138944319E-03,0.788846456397));
#2132 = CARTESIAN_POINT('',(3.447197692829E-03,0.812273183573));
#2133 = ( GEOMETRIC_REPRESENTATION_CONTEXT(2) 
PARAMETRIC_REPRESENTATION_CONTEXT() REPRESENTATION_CONTEXT('2D SPACE',''
  ) );
#2134 = ORIENTED_EDGE('',*,*,#220,.F.);
#2135 = ORIENTED_EDGE('',*,*,#2136,.T.);
#2136 = EDGE_CURVE('',#221,#2137,#2139,.T.);
#2137 = VERTEX_POINT('',#2138);
#2138 = CARTESIAN_POINT('',(-0.951,0.197266401212,0.1545904238));
#2139 = SURFACE_CURVE('',#2140,(#2146,#2155),.PCURVE_S1.);
#2140 = B_SPLINE_CURVE_WITH_KNOTS('',4,(#2141,#2142,#2143,#2144,#2145),
  .UNSPECIFIED.,.F.,.F.,(5,5),(0.,1.),.PIECEWISE_BEZIER_KNOTS.);
#2141 = CARTESIAN_POINT('',(-0.951,0.223388488214,0.173483947442));
#2142 = CARTESIAN_POINT('',(-0.951,0.216858038109,0.168760618351));
#2143 = CARTESIAN_POINT('',(-0.951,0.210327537459,0.164037252702));
#2144 = CARTESIAN_POINT('',(-0.951,0.20379699064,0.15931385366));
#2145 = CARTESIAN_POINT('',(-0.951,0.197266401212,0.1545904238));
#2146 = PCURVE('',#238,#2147);
#2147 = DEFINITIONAL_REPRESENTATION('',(#2148),#2154);
#2148 = B_SPLINE_CURVE_WITH_KNOTS('',4,(#2149,#2150,#2151,#2152,#2153),
  .UNSPECIFIED.,.F.,.F.,(5,5),(0.,1.),.PIECEWISE_BEZIER_KNOTS.);
#2149 = CARTESIAN_POINT('',(0.301569516119,1.));
#2150 = CARTESIAN_POINT('',(0.301467737985,0.956149597341));
#2151 = CARTESIAN_POINT('',(0.301365959063,0.912298855282));
#2152 = CARTESIAN_POINT('',(0.301264179421,0.86844780321));
#2153 = CARTESIAN_POINT('',(0.301162399116,0.824596465036));
#2154 = ( GEOMETRIC_REPRESENTATION_CONTEXT(2) 
PARAMETRIC_REPRESENTATION_CONTEXT() REPRESENTATION_CONTEXT('2D SPACE',''
  ) );
#2155 = PCURVE('',#264,#2156);
#2156 = DEFINITIONAL_REPRESENTATION('',(#2157),#2163);
#2157 = B_SPLINE_CURVE_WITH_KNOTS('',4,(#2158,#2159,#2160,#2161,#2162),
  .UNSPECIFIED.,.F.,.F.,(5,5),(0.,1.),.PIECEWISE_BEZIER_KNOTS.);
#2158 = CARTESIAN_POINT('',(2.449887731139E-05,0.822229639823));
#2159 = CARTESIAN_POINT('',(9.486328047074E-04,0.798291567417));
#2160 = CARTESIAN_POINT('',(1.851316635094E-03,0.77435330973));
#2161 = CARTESIAN_POINT('',(2.733667320185E-03,0.750414882809));
#2162 = CARTESIAN_POINT('',(3.596658862616E-03,0.726476299701));
#2163 = ( GEOMETRIC_REPRESENTATION_CONTEXT(2) 
PARAMETRIC_REPRESENTATION_CONTEXT() REPRESENTATION_CONTEXT('2D SPACE',''
  ) );
#2164 = ORIENTED_EDGE('',*,*,#2165,.T.);
#2165 = EDGE_CURVE('',#2137,#2166,#2168,.T.);
#2166 = VERTEX_POINT('',#2167);
#2167 = CARTESIAN_POINT('',(-0.951,0.167792502256,0.133264204154));
#2168 = SURFACE_CURVE('',#2169,(#2175,#2184),.PCURVE_S1.);
#2169 = B_SPLINE_CURVE_WITH_KNOTS('',4,(#2170,#2171,#2172,#2173,#2174),
  .UNSPECIFIED.,.F.,.F.,(5,5),(0.,1.),.PIECEWISE_BEZIER_KNOTS.);
#2170 = CARTESIAN_POINT('',(-0.951,0.197266401212,0.1545904238));
#2171 = CARTESIAN_POINT('',(-0.951,0.189898002936,0.149258924214));
#2172 = CARTESIAN_POINT('',(-0.951,0.182529550444,0.1439273854));
#2173 = CARTESIAN_POINT('',(-0.951,0.175161048859,0.138595811064));
#2174 = CARTESIAN_POINT('',(-0.951,0.167792502256,0.133264204154));
#2175 = PCURVE('',#238,#2176);
#2176 = DEFINITIONAL_REPRESENTATION('',(#2177),#2183);
#2177 = B_SPLINE_CURVE_WITH_KNOTS('',4,(#2178,#2179,#2180,#2181,#2182),
  .UNSPECIFIED.,.F.,.F.,(5,5),(0.,1.),.PIECEWISE_BEZIER_KNOTS.);
#2178 = CARTESIAN_POINT('',(0.301162399116,0.824596465035));
#2179 = CARTESIAN_POINT('',(0.301049662671,0.775119441828));
#2180 = CARTESIAN_POINT('',(0.300936925397,0.7256420546));
#2181 = CARTESIAN_POINT('',(0.300824187371,0.676164337681));
#2182 = CARTESIAN_POINT('',(0.300711448657,0.626686318518));
#2183 = ( GEOMETRIC_REPRESENTATION_CONTEXT(2) 
PARAMETRIC_REPRESENTATION_CONTEXT() REPRESENTATION_CONTEXT('2D SPACE',''
  ) );
#2184 = PCURVE('',#1200,#2185);
#2185 = DEFINITIONAL_REPRESENTATION('',(#2186),#2192);
#2186 = B_SPLINE_CURVE_WITH_KNOTS('',4,(#2187,#2188,#2189,#2190,#2191),
  .UNSPECIFIED.,.F.,.F.,(5,5),(0.,1.),.PIECEWISE_BEZIER_KNOTS.);
#2187 = CARTESIAN_POINT('',(0.,0.726476299701));
#2188 = CARTESIAN_POINT('',(9.735616410917E-04,0.699462928561));
#2189 = CARTESIAN_POINT('',(1.922480323283E-03,0.672449358663));
#2190 = CARTESIAN_POINT('',(2.848154867453E-03,0.645435608781));
#2191 = CARTESIAN_POINT('',(3.751790295395E-03,0.618421693858));
#2192 = ( GEOMETRIC_REPRESENTATION_CONTEXT(2) 
PARAMETRIC_REPRESENTATION_CONTEXT() REPRESENTATION_CONTEXT('2D SPACE',''
  ) );
#2193 = ORIENTED_EDGE('',*,*,#2194,.T.);
#2194 = EDGE_CURVE('',#2166,#2195,#2197,.T.);
#2195 = VERTEX_POINT('',#2196);
#2196 = CARTESIAN_POINT('',(-0.951,0.134708235687,0.109316275956));
#2197 = SURFACE_CURVE('',#2198,(#2204,#2213),.PCURVE_S1.);
#2198 = B_SPLINE_CURVE_WITH_KNOTS('',4,(#2199,#2200,#2201,#2202,#2203),
  .UNSPECIFIED.,.F.,.F.,(5,5),(0.,1.),.PIECEWISE_BEZIER_KNOTS.);
#2199 = CARTESIAN_POINT('',(-0.951,0.167792502256,0.133264204154));
#2200 = CARTESIAN_POINT('',(-0.951,0.159521515167,0.127277279688));
#2201 = CARTESIAN_POINT('',(-0.951,0.151250471396,0.121290314194));
#2202 = CARTESIAN_POINT('',(-0.951,0.142979376728,0.115303311859));
#2203 = CARTESIAN_POINT('',(-0.951,0.134708235687,0.109316275956));
#2204 = PCURVE('',#238,#2205);
#2205 = DEFINITIONAL_REPRESENTATION('',(#2206),#2212);
#2206 = B_SPLINE_CURVE_WITH_KNOTS('',4,(#2207,#2208,#2209,#2210,#2211),
  .UNSPECIFIED.,.F.,.F.,(5,5),(0.,1.),.PIECEWISE_BEZIER_KNOTS.);
#2207 = CARTESIAN_POINT('',(0.300711448657,0.626686318511));
#2208 = CARTESIAN_POINT('',(0.300587247715,0.571148628392));
#2209 = CARTESIAN_POINT('',(0.300463045921,0.515610557685));
#2210 = CARTESIAN_POINT('',(0.300338843363,0.46007214518));
#2211 = CARTESIAN_POINT('',(0.300214640108,0.404533421337));
#2212 = ( GEOMETRIC_REPRESENTATION_CONTEXT(2) 
PARAMETRIC_REPRESENTATION_CONTEXT() REPRESENTATION_CONTEXT('2D SPACE',''
  ) );
#2213 = PCURVE('',#1175,#2214);
#2214 = DEFINITIONAL_REPRESENTATION('',(#2215),#2221);
#2215 = B_SPLINE_CURVE_WITH_KNOTS('',4,(#2216,#2217,#2218,#2219,#2220),
  .UNSPECIFIED.,.F.,.F.,(5,5),(0.,1.),.PIECEWISE_BEZIER_KNOTS.);
#2216 = CARTESIAN_POINT('',(0.,0.618421693858));
#2217 = CARTESIAN_POINT('',(1.014151479883E-03,0.588095191954));
#2218 = CARTESIAN_POINT('',(2.000537741377E-03,0.557768482219));
#2219 = CARTESIAN_POINT('',(2.960862971226E-03,0.527441585866));
#2220 = CARTESIAN_POINT('',(3.896577456362E-03,0.497114519481));
#2221 = ( GEOMETRIC_REPRESENTATION_CONTEXT(2) 
PARAMETRIC_REPRESENTATION_CONTEXT() REPRESENTATION_CONTEXT('2D SPACE',''
  ) );
#2222 = ORIENTED_EDGE('',*,*,#2223,.T.);
#2223 = EDGE_CURVE('',#2195,#1960,#2224,.T.);
#2224 = SURFACE_CURVE('',#2225,(#2231,#2240),.PCURVE_S1.);
#2225 = B_SPLINE_CURVE_WITH_KNOTS('',4,(#2226,#2227,#2228,#2229,#2230),
  .UNSPECIFIED.,.F.,.F.,(5,5),(0.,1.),.PIECEWISE_BEZIER_KNOTS.);
#2226 = CARTESIAN_POINT('',(-0.951,0.134708235687,0.109316275956));
#2227 = CARTESIAN_POINT('',(-0.951,0.125404391228,0.10257910273));
#2228 = CARTESIAN_POINT('',(-0.951,0.116100488135,9.584188704617E-02));
#2229 = CARTESIAN_POINT('',(-0.951,0.106796532873,8.910463358523E-02));
#2230 = CARTESIAN_POINT('',(-0.951,9.749253039588E-02,8.236734593383E-02
    ));
#2231 = PCURVE('',#238,#2232);
#2232 = DEFINITIONAL_REPRESENTATION('',(#2233),#2239);
#2233 = B_SPLINE_CURVE_WITH_KNOTS('',4,(#2234,#2235,#2236,#2237,#2238),
  .UNSPECIFIED.,.F.,.F.,(5,5),(0.,1.),.PIECEWISE_BEZIER_KNOTS.);
#2234 = CARTESIAN_POINT('',(0.300214640108,0.404533421329));
#2235 = CARTESIAN_POINT('',(0.300077547947,0.342060342251));
#2236 = CARTESIAN_POINT('',(0.299940454922,0.279586869483));
#2237 = CARTESIAN_POINT('',(0.299803361128,0.217113046365));
#2238 = CARTESIAN_POINT('',(0.299666266638,0.154638906261));
#2239 = ( GEOMETRIC_REPRESENTATION_CONTEXT(2) 
PARAMETRIC_REPRESENTATION_CONTEXT() REPRESENTATION_CONTEXT('2D SPACE',''
  ) );
#2240 = PCURVE('',#1150,#2241);
#2241 = DEFINITIONAL_REPRESENTATION('',(#2242),#2248);
#2242 = B_SPLINE_CURVE_WITH_KNOTS('',4,(#2243,#2244,#2245,#2246,#2247),
  .UNSPECIFIED.,.F.,.F.,(5,5),(0.,1.),.PIECEWISE_BEZIER_KNOTS.);
#2243 = CARTESIAN_POINT('',(0.,0.497114519481));
#2244 = CARTESIAN_POINT('',(1.052378833051E-03,0.462996307999));
#2245 = CARTESIAN_POINT('',(2.073621799319E-03,0.428877881501));
#2246 = CARTESIAN_POINT('',(3.065793013202E-03,0.394759263695));
#2247 = CARTESIAN_POINT('',(4.030627130218E-03,0.360640472742));
#2248 = ( GEOMETRIC_REPRESENTATION_CONTEXT(2) 
PARAMETRIC_REPRESENTATION_CONTEXT() REPRESENTATION_CONTEXT('2D SPACE',''
  ) );
#2249 = ADVANCED_FACE('',(#2250),#1027,.T.);
#2250 = FACE_BOUND('',#2251,.T.);
#2251 = EDGE_LOOP('',(#2252,#2272,#2273,#2293,#2294));
#2252 = ORIENTED_EDGE('',*,*,#2253,.F.);
#2253 = EDGE_CURVE('',#1813,#2080,#2254,.T.);
#2254 = SURFACE_CURVE('',#2255,(#2258,#2265),.PCURVE_S1.);
#2255 = B_SPLINE_CURVE_WITH_KNOTS('',1,(#2256,#2257),.UNSPECIFIED.,.F.,
  .F.,(2,2),(0.,1.),.PIECEWISE_BEZIER_KNOTS.);
#2256 = CARTESIAN_POINT('',(-0.971401884551,4.550649347582E-03,
    3.841009717576E-03));
#2257 = CARTESIAN_POINT('',(-0.943009356877,0.274050392638,
    0.205630331312));
#2258 = PCURVE('',#1027,#2259);
#2259 = DEFINITIONAL_REPRESENTATION('',(#2260),#2264);
#2260 = LINE('',#2261,#2262);
#2261 = CARTESIAN_POINT('',(0.,0.));
#2262 = VECTOR('',#2263,1.);
#2263 = DIRECTION('',(0.,1.));
#2264 = ( GEOMETRIC_REPRESENTATION_CONTEXT(2) 
PARAMETRIC_REPRESENTATION_CONTEXT() REPRESENTATION_CONTEXT('2D SPACE',''
  ) );
#2265 = PCURVE('',#1846,#2266);
#2266 = DEFINITIONAL_REPRESENTATION('',(#2267),#2271);
#2267 = LINE('',#2268,#2269);
#2268 = CARTESIAN_POINT('',(3.751790295395E-03,0.));
#2269 = VECTOR('',#2270,1.);
#2270 = DIRECTION('',(0.,1.));
#2271 = ( GEOMETRIC_REPRESENTATION_CONTEXT(2) 
PARAMETRIC_REPRESENTATION_CONTEXT() REPRESENTATION_CONTEXT('2D SPACE',''
  ) );
#2272 = ORIENTED_EDGE('',*,*,#1812,.F.);
#2273 = ORIENTED_EDGE('',*,*,#2274,.T.);
#2274 = EDGE_CURVE('',#1793,#991,#2275,.T.);
#2275 = SURFACE_CURVE('',#2276,(#2279,#2286),.PCURVE_S1.);
#2276 = B_SPLINE_CURVE_WITH_KNOTS('',1,(#2277,#2278),.UNSPECIFIED.,.F.,
  .F.,(2,2),(0.,1.),.PIECEWISE_BEZIER_KNOTS.);
#2277 = CARTESIAN_POINT('',(-0.974995066042,4.456686589949E-03,
    3.968181834558E-03));
#2278 = CARTESIAN_POINT('',(-0.94559644755,0.273982739453,0.205721895237
    ));
#2279 = PCURVE('',#1027,#2280);
#2280 = DEFINITIONAL_REPRESENTATION('',(#2281),#2285);
#2281 = LINE('',#2282,#2283);
#2282 = CARTESIAN_POINT('',(3.596658862616E-03,0.));
#2283 = VECTOR('',#2284,1.);
#2284 = DIRECTION('',(0.,1.));
#2285 = ( GEOMETRIC_REPRESENTATION_CONTEXT(2) 
PARAMETRIC_REPRESENTATION_CONTEXT() REPRESENTATION_CONTEXT('2D SPACE',''
  ) );
#2286 = PCURVE('',#1004,#2287);
#2287 = DEFINITIONAL_REPRESENTATION('',(#2288),#2292);
#2288 = LINE('',#2289,#2290);
#2289 = CARTESIAN_POINT('',(0.,0.));
#2290 = VECTOR('',#2291,1.);
#2291 = DIRECTION('',(0.,1.));
#2292 = ( GEOMETRIC_REPRESENTATION_CONTEXT(2) 
PARAMETRIC_REPRESENTATION_CONTEXT() REPRESENTATION_CONTEXT('2D SPACE',''
  ) );
#2293 = ORIENTED_EDGE('',*,*,#1015,.T.);
#2294 = ORIENTED_EDGE('',*,*,#2108,.F.);
#2295 = ADVANCED_FACE('',(#2296),#1004,.T.);
#2296 = FACE_BOUND('',#2297,.T.);
#2297 = EDGE_LOOP('',(#2298,#2299,#2300,#2320));
#2298 = ORIENTED_EDGE('',*,*,#2274,.F.);
#2299 = ORIENTED_EDGE('',*,*,#1792,.F.);
#2300 = ORIENTED_EDGE('',*,*,#2301,.T.);
#2301 = EDGE_CURVE('',#1773,#966,#2302,.T.);
#2302 = SURFACE_CURVE('',#2303,(#2306,#2313),.PCURVE_S1.);
#2303 = B_SPLINE_CURVE_WITH_KNOTS('',1,(#2304,#2305),.UNSPECIFIED.,.F.,
  .F.,(2,2),(0.,1.),.PIECEWISE_BEZIER_KNOTS.);
#2304 = CARTESIAN_POINT('',(-0.978423026718,4.362739879017E-03,
    4.095332233435E-03));
#2305 = CARTESIAN_POINT('',(-0.948064579237,0.273915097821,
    0.205813443524));
#2306 = PCURVE('',#1004,#2307);
#2307 = DEFINITIONAL_REPRESENTATION('',(#2308),#2312);
#2308 = LINE('',#2309,#2310);
#2309 = CARTESIAN_POINT('',(3.431604232115E-03,0.));
#2310 = VECTOR('',#2311,1.);
#2311 = DIRECTION('',(0.,1.));
#2312 = ( GEOMETRIC_REPRESENTATION_CONTEXT(2) 
PARAMETRIC_REPRESENTATION_CONTEXT() REPRESENTATION_CONTEXT('2D SPACE',''
  ) );
#2313 = PCURVE('',#979,#2314);
#2314 = DEFINITIONAL_REPRESENTATION('',(#2315),#2319);
#2315 = LINE('',#2316,#2317);
#2316 = CARTESIAN_POINT('',(0.,0.));
#2317 = VECTOR('',#2318,1.);
#2318 = DIRECTION('',(0.,1.));
#2319 = ( GEOMETRIC_REPRESENTATION_CONTEXT(2) 
PARAMETRIC_REPRESENTATION_CONTEXT() REPRESENTATION_CONTEXT('2D SPACE',''
  ) );
#2320 = ORIENTED_EDGE('',*,*,#990,.T.);
#2321 = ADVANCED_FACE('',(#2322),#979,.T.);
#2322 = FACE_BOUND('',#2323,.T.);
#2323 = EDGE_LOOP('',(#2324,#2325,#2326,#2346));
#2324 = ORIENTED_EDGE('',*,*,#2301,.F.);
#2325 = ORIENTED_EDGE('',*,*,#1772,.F.);
#2326 = ORIENTED_EDGE('',*,*,#2327,.T.);
#2327 = EDGE_CURVE('',#1753,#941,#2328,.T.);
#2328 = SURFACE_CURVE('',#2329,(#2332,#2339),.PCURVE_S1.);
#2329 = B_SPLINE_CURVE_WITH_KNOTS('',1,(#2330,#2331),.UNSPECIFIED.,.F.,
  .F.,(2,2),(0.,1.),.PIECEWISE_BEZIER_KNOTS.);
#2330 = CARTESIAN_POINT('',(-0.981676329831,4.269626272937E-03,
    4.221355082309E-03));
#2331 = CARTESIAN_POINT('',(-0.950406957478,0.273848056025,
    0.205904179975));
#2332 = PCURVE('',#979,#2333);
#2333 = DEFINITIONAL_REPRESENTATION('',(#2334),#2338);
#2334 = LINE('',#2335,#2336);
#2335 = CARTESIAN_POINT('',(3.257074307208E-03,0.));
#2336 = VECTOR('',#2337,1.);
#2337 = DIRECTION('',(0.,1.));
#2338 = ( GEOMETRIC_REPRESENTATION_CONTEXT(2) 
PARAMETRIC_REPRESENTATION_CONTEXT() REPRESENTATION_CONTEXT('2D SPACE',''
  ) );
#2339 = PCURVE('',#954,#2340);
#2340 = DEFINITIONAL_REPRESENTATION('',(#2341),#2345);
#2341 = LINE('',#2342,#2343);
#2342 = CARTESIAN_POINT('',(0.,0.));
#2343 = VECTOR('',#2344,1.);
#2344 = DIRECTION('',(0.,1.));
#2345 = ( GEOMETRIC_REPRESENTATION_CONTEXT(2) 
PARAMETRIC_REPRESENTATION_CONTEXT() REPRESENTATION_CONTEXT('2D SPACE',''
  ) );
#2346 = ORIENTED_EDGE('',*,*,#965,.T.);
#2347 = ADVANCED_FACE('',(#2348),#954,.T.);
#2348 = FACE_BOUND('',#2349,.T.);
#2349 = EDGE_LOOP('',(#2350,#2351,#2352,#2372));
#2350 = ORIENTED_EDGE('',*,*,#2327,.F.);
#2351 = ORIENTED_EDGE('',*,*,#1752,.F.);
#2352 = ORIENTED_EDGE('',*,*,#2353,.T.);
#2353 = EDGE_CURVE('',#1733,#916,#2354,.T.);
#2354 = SURFACE_CURVE('',#2355,(#2358,#2365),.PCURVE_S1.);
#2355 = B_SPLINE_CURVE_WITH_KNOTS('',1,(#2356,#2357),.UNSPECIFIED.,.F.,
  .F.,(2,2),(0.,1.),.PIECEWISE_BEZIER_KNOTS.);
#2356 = CARTESIAN_POINT('',(-0.984746016845,4.178167501585E-03,
    4.345138226423E-03));
#2357 = CARTESIAN_POINT('',(-0.952617132129,0.273782205709,
    0.205993303839));
#2358 = PCURVE('',#954,#2359);
#2359 = DEFINITIONAL_REPRESENTATION('',(#2360),#2364);
#2360 = LINE('',#2361,#2362);
#2361 = CARTESIAN_POINT('',(3.073542799665E-03,0.));
#2362 = VECTOR('',#2363,1.);
#2363 = DIRECTION('',(0.,1.));
#2364 = ( GEOMETRIC_REPRESENTATION_CONTEXT(2) 
PARAMETRIC_REPRESENTATION_CONTEXT() REPRESENTATION_CONTEXT('2D SPACE',''
  ) );
#2365 = PCURVE('',#929,#2366);
#2366 = DEFINITIONAL_REPRESENTATION('',(#2367),#2371);
#2367 = LINE('',#2368,#2369);
#2368 = CARTESIAN_POINT('',(0.,0.));
#2369 = VECTOR('',#2370,1.);
#2370 = DIRECTION('',(0.,1.));
#2371 = ( GEOMETRIC_REPRESENTATION_CONTEXT(2) 
PARAMETRIC_REPRESENTATION_CONTEXT() REPRESENTATION_CONTEXT('2D SPACE',''
  ) );
#2372 = ORIENTED_EDGE('',*,*,#940,.T.);
#2373 = ADVANCED_FACE('',(#2374),#929,.T.);
#2374 = FACE_BOUND('',#2375,.T.);
#2375 = EDGE_LOOP('',(#2376,#2377,#2378,#2398));
#2376 = ORIENTED_EDGE('',*,*,#2353,.F.);
#2377 = ORIENTED_EDGE('',*,*,#1732,.F.);
#2378 = ORIENTED_EDGE('',*,*,#2379,.T.);
#2379 = EDGE_CURVE('',#1713,#891,#2380,.T.);
#2380 = SURFACE_CURVE('',#2381,(#2384,#2391),.PCURVE_S1.);
#2381 = B_SPLINE_CURVE_WITH_KNOTS('',1,(#2382,#2383),.UNSPECIFIED.,.F.,
  .F.,(2,2),(0.,1.),.PIECEWISE_BEZIER_KNOTS.);
#2382 = CARTESIAN_POINT('',(-0.987623632019,4.089187425302E-03,
    4.465566627579E-03));
#2383 = CARTESIAN_POINT('',(-0.954689015054,0.273718140054,
    0.206080012288));
#2384 = PCURVE('',#929,#2385);
#2385 = DEFINITIONAL_REPRESENTATION('',(#2386),#2390);
#2386 = LINE('',#2387,#2388);
#2387 = CARTESIAN_POINT('',(2.881508206621E-03,0.));
#2388 = VECTOR('',#2389,1.);
#2389 = DIRECTION('',(0.,1.));
#2390 = ( GEOMETRIC_REPRESENTATION_CONTEXT(2) 
PARAMETRIC_REPRESENTATION_CONTEXT() REPRESENTATION_CONTEXT('2D SPACE',''
  ) );
#2391 = PCURVE('',#904,#2392);
#2392 = DEFINITIONAL_REPRESENTATION('',(#2393),#2397);
#2393 = LINE('',#2394,#2395);
#2394 = CARTESIAN_POINT('',(0.,0.));
#2395 = VECTOR('',#2396,1.);
#2396 = DIRECTION('',(0.,1.));
#2397 = ( GEOMETRIC_REPRESENTATION_CONTEXT(2) 
PARAMETRIC_REPRESENTATION_CONTEXT() REPRESENTATION_CONTEXT('2D SPACE',''
  ) );
#2398 = ORIENTED_EDGE('',*,*,#915,.T.);
#2399 = ADVANCED_FACE('',(#2400),#904,.T.);
#2400 = FACE_BOUND('',#2401,.T.);
#2401 = EDGE_LOOP('',(#2402,#2403,#2404,#2424));
#2402 = ORIENTED_EDGE('',*,*,#2379,.F.);
#2403 = ORIENTED_EDGE('',*,*,#1712,.F.);
#2404 = ORIENTED_EDGE('',*,*,#2405,.T.);
#2405 = EDGE_CURVE('',#1693,#866,#2406,.T.);
#2406 = SURFACE_CURVE('',#2407,(#2410,#2417),.PCURVE_S1.);
#2407 = B_SPLINE_CURVE_WITH_KNOTS('',1,(#2408,#2409),.UNSPECIFIED.,.F.,
  .F.,(2,2),(0.,1.),.PIECEWISE_BEZIER_KNOTS.);
#2408 = CARTESIAN_POINT('',(-0.990301245746,4.003507491263E-03,
    4.58152851364E-03));
#2409 = CARTESIAN_POINT('',(-0.956616896937,0.273656450502,
    0.206163504846));
#2410 = PCURVE('',#904,#2411);
#2411 = DEFINITIONAL_REPRESENTATION('',(#2412),#2416);
#2412 = LINE('',#2413,#2414);
#2413 = CARTESIAN_POINT('',(2.681492770208E-03,0.));
#2414 = VECTOR('',#2415,1.);
#2415 = DIRECTION('',(0.,1.));
#2416 = ( GEOMETRIC_REPRESENTATION_CONTEXT(2) 
PARAMETRIC_REPRESENTATION_CONTEXT() REPRESENTATION_CONTEXT('2D SPACE',''
  ) );
#2417 = PCURVE('',#879,#2418);
#2418 = DEFINITIONAL_REPRESENTATION('',(#2419),#2423);
#2419 = LINE('',#2420,#2421);
#2420 = CARTESIAN_POINT('',(0.,0.));
#2421 = VECTOR('',#2422,1.);
#2422 = DIRECTION('',(0.,1.));
#2423 = ( GEOMETRIC_REPRESENTATION_CONTEXT(2) 
PARAMETRIC_REPRESENTATION_CONTEXT() REPRESENTATION_CONTEXT('2D SPACE',''
  ) );
#2424 = ORIENTED_EDGE('',*,*,#890,.T.);
#2425 = ADVANCED_FACE('',(#2426),#879,.T.);
#2426 = FACE_BOUND('',#2427,.T.);
#2427 = EDGE_LOOP('',(#2428,#2429,#2430,#2450));
#2428 = ORIENTED_EDGE('',*,*,#2405,.F.);
#2429 = ORIENTED_EDGE('',*,*,#1692,.F.);
#2430 = ORIENTED_EDGE('',*,*,#2431,.T.);
#2431 = EDGE_CURVE('',#1673,#841,#2432,.T.);
#2432 = SURFACE_CURVE('',#2433,(#2436,#2443),.PCURVE_S1.);
#2433 = B_SPLINE_CURVE_WITH_KNOTS('',1,(#2434,#2435),.UNSPECIFIED.,.F.,
  .F.,(2,2),(0.,1.),.PIECEWISE_BEZIER_KNOTS.);
#2434 = CARTESIAN_POINT('',(-0.992771476595,3.921940256354E-03,
    4.691924144856E-03));
#2435 = CARTESIAN_POINT('',(-0.958395463148,0.273597722093,0.2062429897)
  );
#2436 = PCURVE('',#879,#2437);
#2437 = DEFINITIONAL_REPRESENTATION('',(#2438),#2442);
#2438 = LINE('',#2439,#2440);
#2439 = CARTESIAN_POINT('',(2.474041401648E-03,0.));
#2440 = VECTOR('',#2441,1.);
#2441 = DIRECTION('',(0.,1.));
#2442 = ( GEOMETRIC_REPRESENTATION_CONTEXT(2) 
PARAMETRIC_REPRESENTATION_CONTEXT() REPRESENTATION_CONTEXT('2D SPACE',''
  ) );
#2443 = PCURVE('',#854,#2444);
#2444 = DEFINITIONAL_REPRESENTATION('',(#2445),#2449);
#2445 = LINE('',#2446,#2447);
#2446 = CARTESIAN_POINT('',(0.,0.));
#2447 = VECTOR('',#2448,1.);
#2448 = DIRECTION('',(0.,1.));
#2449 = ( GEOMETRIC_REPRESENTATION_CONTEXT(2) 
PARAMETRIC_REPRESENTATION_CONTEXT() REPRESENTATION_CONTEXT('2D SPACE',''
  ) );
#2450 = ORIENTED_EDGE('',*,*,#865,.T.);
#2451 = ADVANCED_FACE('',(#2452),#854,.T.);
#2452 = FACE_BOUND('',#2453,.T.);
#2453 = EDGE_LOOP('',(#2454,#2455,#2456,#2476));
#2454 = ORIENTED_EDGE('',*,*,#2431,.F.);
#2455 = ORIENTED_EDGE('',*,*,#1672,.F.);
#2456 = ORIENTED_EDGE('',*,*,#2457,.T.);
#2457 = EDGE_CURVE('',#1653,#816,#2458,.T.);
#2458 = SURFACE_CURVE('',#2459,(#2462,#2469),.PCURVE_S1.);
#2459 = B_SPLINE_CURVE_WITH_KNOTS('',1,(#2460,#2461),.UNSPECIFIED.,.F.,
  .F.,(2,2),(0.,1.),.PIECEWISE_BEZIER_KNOTS.);
#2460 = CARTESIAN_POINT('',(-0.995027511988,3.845281153727E-03,
    4.795676957273E-03));
#2461 = CARTESIAN_POINT('',(-0.960019808631,0.273542527539,
    0.206317691725));
#2462 = PCURVE('',#854,#2463);
#2463 = DEFINITIONAL_REPRESENTATION('',(#2464),#2468);
#2464 = LINE('',#2465,#2466);
#2465 = CARTESIAN_POINT('',(2.259720549055E-03,0.));
#2466 = VECTOR('',#2467,1.);
#2467 = DIRECTION('',(0.,1.));
#2468 = ( GEOMETRIC_REPRESENTATION_CONTEXT(2) 
PARAMETRIC_REPRESENTATION_CONTEXT() REPRESENTATION_CONTEXT('2D SPACE',''
  ) );
#2469 = PCURVE('',#829,#2470);
#2470 = DEFINITIONAL_REPRESENTATION('',(#2471),#2475);
#2471 = LINE('',#2472,#2473);
#2472 = CARTESIAN_POINT('',(0.,0.));
#2473 = VECTOR('',#2474,1.);
#2474 = DIRECTION('',(0.,1.));
#2475 = ( GEOMETRIC_REPRESENTATION_CONTEXT(2) 
PARAMETRIC_REPRESENTATION_CONTEXT() REPRESENTATION_CONTEXT('2D SPACE',''
  ) );
#2476 = ORIENTED_EDGE('',*,*,#840,.T.);
#2477 = ADVANCED_FACE('',(#2478),#829,.T.);
#2478 = FACE_BOUND('',#2479,.T.);
#2479 = EDGE_LOOP('',(#2480,#2481,#2482,#2502));
#2480 = ORIENTED_EDGE('',*,*,#2457,.F.);
#2481 = ORIENTED_EDGE('',*,*,#1652,.F.);
#2482 = ORIENTED_EDGE('',*,*,#2483,.T.);
#2483 = EDGE_CURVE('',#1633,#791,#2484,.T.);
#2484 = SURFACE_CURVE('',#2485,(#2488,#2495),.PCURVE_S1.);
#2485 = B_SPLINE_CURVE_WITH_KNOTS('',1,(#2486,#2487),.UNSPECIFIED.,.F.,
  .F.,(2,2),(0.,1.),.PIECEWISE_BEZIER_KNOTS.);
#2486 = CARTESIAN_POINT('',(-0.997063127421,3.774298778817E-03,
    4.891746709939E-03));
#2487 = CARTESIAN_POINT('',(-0.961485451743,0.273491420229,
    0.206386861947));
#2488 = PCURVE('',#829,#2489);
#2489 = DEFINITIONAL_REPRESENTATION('',(#2490),#2494);
#2490 = LINE('',#2491,#2492);
#2491 = CARTESIAN_POINT('',(2.039116986853E-03,0.));
#2492 = VECTOR('',#2493,1.);
#2493 = DIRECTION('',(0.,1.));
#2494 = ( GEOMETRIC_REPRESENTATION_CONTEXT(2) 
PARAMETRIC_REPRESENTATION_CONTEXT() REPRESENTATION_CONTEXT('2D SPACE',''
  ) );
#2495 = PCURVE('',#804,#2496);
#2496 = DEFINITIONAL_REPRESENTATION('',(#2497),#2501);
#2497 = LINE('',#2498,#2499);
#2498 = CARTESIAN_POINT('',(0.,0.));
#2499 = VECTOR('',#2500,1.);
#2500 = DIRECTION('',(0.,1.));
#2501 = ( GEOMETRIC_REPRESENTATION_CONTEXT(2) 
PARAMETRIC_REPRESENTATION_CONTEXT() REPRESENTATION_CONTEXT('2D SPACE',''
  ) );
#2502 = ORIENTED_EDGE('',*,*,#815,.T.);
#2503 = ADVANCED_FACE('',(#2504),#804,.T.);
#2504 = FACE_BOUND('',#2505,.T.);
#2505 = EDGE_LOOP('',(#2506,#2507,#2508,#2528));
#2506 = ORIENTED_EDGE('',*,*,#2483,.F.);
#2507 = ORIENTED_EDGE('',*,*,#1632,.F.);
#2508 = ORIENTED_EDGE('',*,*,#2509,.T.);
#2509 = EDGE_CURVE('',#1613,#766,#2510,.T.);
#2510 = SURFACE_CURVE('',#2511,(#2514,#2521),.PCURVE_S1.);
#2511 = B_SPLINE_CURVE_WITH_KNOTS('',1,(#2512,#2513),.UNSPECIFIED.,.F.,
  .F.,(2,2),(0.,1.),.PIECEWISE_BEZIER_KNOTS.);
#2512 = CARTESIAN_POINT('',(-0.998872704163,3.709724055014E-03,
    4.979144148419E-03));
#2513 = CARTESIAN_POINT('',(-0.962788346998,0.273444926428,
    0.206449788103));
#2514 = PCURVE('',#804,#2515);
#2515 = DEFINITIONAL_REPRESENTATION('',(#2516),#2520);
#2516 = LINE('',#2517,#2518);
#2517 = CARTESIAN_POINT('',(1.812836504862E-03,0.));
#2518 = VECTOR('',#2519,1.);
#2519 = DIRECTION('',(0.,1.));
#2520 = ( GEOMETRIC_REPRESENTATION_CONTEXT(2) 
PARAMETRIC_REPRESENTATION_CONTEXT() REPRESENTATION_CONTEXT('2D SPACE',''
  ) );
#2521 = PCURVE('',#779,#2522);
#2522 = DEFINITIONAL_REPRESENTATION('',(#2523),#2527);
#2523 = LINE('',#2524,#2525);
#2524 = CARTESIAN_POINT('',(0.,0.));
#2525 = VECTOR('',#2526,1.);
#2526 = DIRECTION('',(0.,1.));
#2527 = ( GEOMETRIC_REPRESENTATION_CONTEXT(2) 
PARAMETRIC_REPRESENTATION_CONTEXT() REPRESENTATION_CONTEXT('2D SPACE',''
  ) );
#2528 = ORIENTED_EDGE('',*,*,#790,.T.);
#2529 = ADVANCED_FACE('',(#2530),#779,.T.);
#2530 = FACE_BOUND('',#2531,.T.);
#2531 = EDGE_LOOP('',(#2532,#2533,#2534,#2554));
#2532 = ORIENTED_EDGE('',*,*,#2509,.F.);
#2533 = ORIENTED_EDGE('',*,*,#1612,.F.);
#2534 = ORIENTED_EDGE('',*,*,#2535,.T.);
#2535 = EDGE_CURVE('',#1593,#741,#2536,.T.);
#2536 = SURFACE_CURVE('',#2537,(#2540,#2547),.PCURVE_S1.);
#2537 = B_SPLINE_CURVE_WITH_KNOTS('',1,(#2538,#2539),.UNSPECIFIED.,.F.,
  .F.,(2,2),(0.,1.),.PIECEWISE_BEZIER_KNOTS.);
#2538 = CARTESIAN_POINT('',(-1.000451245356,3.652238705317E-03,
    5.056946607611E-03));
#2539 = CARTESIAN_POINT('',(-0.963924896656,0.273403536976,
    0.206505805873));
#2540 = PCURVE('',#779,#2541);
#2541 = DEFINITIONAL_REPRESENTATION('',(#2542),#2546);
#2542 = LINE('',#2543,#2544);
#2543 = CARTESIAN_POINT('',(1.581502476942E-03,0.));
#2544 = VECTOR('',#2545,1.);
#2545 = DIRECTION('',(0.,1.));
#2546 = ( GEOMETRIC_REPRESENTATION_CONTEXT(2) 
PARAMETRIC_REPRESENTATION_CONTEXT() REPRESENTATION_CONTEXT('2D SPACE',''
  ) );
#2547 = PCURVE('',#754,#2548);
#2548 = DEFINITIONAL_REPRESENTATION('',(#2549),#2553);
#2549 = LINE('',#2550,#2551);
#2550 = CARTESIAN_POINT('',(0.,0.));
#2551 = VECTOR('',#2552,1.);
#2552 = DIRECTION('',(0.,1.));
#2553 = ( GEOMETRIC_REPRESENTATION_CONTEXT(2) 
PARAMETRIC_REPRESENTATION_CONTEXT() REPRESENTATION_CONTEXT('2D SPACE',''
  ) );
#2554 = ORIENTED_EDGE('',*,*,#765,.T.);
#2555 = ADVANCED_FACE('',(#2556),#754,.T.);
#2556 = FACE_BOUND('',#2557,.T.);
#2557 = EDGE_LOOP('',(#2558,#2559,#2560,#2580));
#2558 = ORIENTED_EDGE('',*,*,#2535,.F.);
#2559 = ORIENTED_EDGE('',*,*,#1592,.F.);
#2560 = ORIENTED_EDGE('',*,*,#2561,.T.);
#2561 = EDGE_CURVE('',#1573,#716,#2562,.T.);
#2562 = SURFACE_CURVE('',#2563,(#2566,#2573),.PCURVE_S1.);
#2563 = B_SPLINE_CURVE_WITH_KNOTS('',1,(#2564,#2565),.UNSPECIFIED.,.F.,
  .F.,(2,2),(0.,1.),.PIECEWISE_BEZIER_KNOTS.);
#2564 = CARTESIAN_POINT('',(-1.00179439043,3.60246350121E-03,
    5.124313916095E-03));
#2565 = CARTESIAN_POINT('',(-0.96489196111,0.273367698829,0.206554310335
    ));
#2566 = PCURVE('',#754,#2567);
#2567 = DEFINITIONAL_REPRESENTATION('',(#2568),#2572);
#2568 = LINE('',#2569,#2570);
#2569 = CARTESIAN_POINT('',(1.345754292724E-03,0.));
#2570 = VECTOR('',#2571,1.);
#2571 = DIRECTION('',(0.,1.));
#2572 = ( GEOMETRIC_REPRESENTATION_CONTEXT(2) 
PARAMETRIC_REPRESENTATION_CONTEXT() REPRESENTATION_CONTEXT('2D SPACE',''
  ) );
#2573 = PCURVE('',#729,#2574);
#2574 = DEFINITIONAL_REPRESENTATION('',(#2575),#2579);
#2575 = LINE('',#2576,#2577);
#2576 = CARTESIAN_POINT('',(0.,0.));
#2577 = VECTOR('',#2578,1.);
#2578 = DIRECTION('',(0.,1.));
#2579 = ( GEOMETRIC_REPRESENTATION_CONTEXT(2) 
PARAMETRIC_REPRESENTATION_CONTEXT() REPRESENTATION_CONTEXT('2D SPACE',''
  ) );
#2580 = ORIENTED_EDGE('',*,*,#740,.T.);
#2581 = ADVANCED_FACE('',(#2582),#729,.T.);
#2582 = FACE_BOUND('',#2583,.T.);
#2583 = EDGE_LOOP('',(#2584,#2585,#2586,#2606));
#2584 = ORIENTED_EDGE('',*,*,#2561,.F.);
#2585 = ORIENTED_EDGE('',*,*,#1572,.F.);
#2586 = ORIENTED_EDGE('',*,*,#2587,.T.);
#2587 = EDGE_CURVE('',#1553,#691,#2588,.T.);
#2588 = SURFACE_CURVE('',#2589,(#2592,#2599),.PCURVE_S1.);
#2589 = B_SPLINE_CURVE_WITH_KNOTS('',1,(#2590,#2591),.UNSPECIFIED.,.F.,
  .F.,(2,2),(0.,1.),.PIECEWISE_BEZIER_KNOTS.);
#2590 = CARTESIAN_POINT('',(-1.002898427777,3.560946781532E-03,
    5.180503935041E-03));
#2591 = CARTESIAN_POINT('',(-0.965686867999,0.273337806791,
    0.206594767149));
#2592 = PCURVE('',#729,#2593);
#2593 = DEFINITIONAL_REPRESENTATION('',(#2594),#2598);
#2594 = LINE('',#2595,#2596);
#2595 = CARTESIAN_POINT('',(1.106245641354E-03,0.));
#2596 = VECTOR('',#2597,1.);
#2597 = DIRECTION('',(0.,1.));
#2598 = ( GEOMETRIC_REPRESENTATION_CONTEXT(2) 
PARAMETRIC_REPRESENTATION_CONTEXT() REPRESENTATION_CONTEXT('2D SPACE',''
  ) );
#2599 = PCURVE('',#704,#2600);
#2600 = DEFINITIONAL_REPRESENTATION('',(#2601),#2605);
#2601 = LINE('',#2602,#2603);
#2602 = CARTESIAN_POINT('',(0.,0.));
#2603 = VECTOR('',#2604,1.);
#2604 = DIRECTION('',(0.,1.));
#2605 = ( GEOMETRIC_REPRESENTATION_CONTEXT(2) 
PARAMETRIC_REPRESENTATION_CONTEXT() REPRESENTATION_CONTEXT('2D SPACE',''
  ) );
#2606 = ORIENTED_EDGE('',*,*,#715,.T.);
#2607 = ADVANCED_FACE('',(#2608),#704,.T.);
#2608 = FACE_BOUND('',#2609,.T.);
#2609 = EDGE_LOOP('',(#2610,#2611,#2612,#2613));
#2610 = ORIENTED_EDGE('',*,*,#2587,.F.);
#2611 = ORIENTED_EDGE('',*,*,#1552,.F.);
#2612 = ORIENTED_EDGE('',*,*,#1933,.T.);
#2613 = ORIENTED_EDGE('',*,*,#690,.T.);
#2614 = ADVANCED_FACE('',(#2615),#639,.T.);
#2615 = FACE_BOUND('',#2616,.T.);
#2616 = EDGE_LOOP('',(#2617,#2618,#2619,#2639));
#2617 = ORIENTED_EDGE('',*,*,#1062,.F.);
#2618 = ORIENTED_EDGE('',*,*,#1511,.F.);
#2619 = ORIENTED_EDGE('',*,*,#2620,.T.);
#2620 = EDGE_CURVE('',#1492,#601,#2621,.T.);
#2621 = SURFACE_CURVE('',#2622,(#2625,#2632),.PCURVE_S1.);
#2622 = B_SPLINE_CURVE_WITH_KNOTS('',1,(#2623,#2624),.UNSPECIFIED.,.F.,
  .F.,(2,2),(0.,1.),.PIECEWISE_BEZIER_KNOTS.);
#2623 = CARTESIAN_POINT('',(-1.004382302573,3.440752798171E-03,
    5.343178208311E-03));
#2624 = CARTESIAN_POINT('',(-0.966755257853,0.273251267123,
    0.206711892626));
#2625 = PCURVE('',#639,#2626);
#2626 = DEFINITIONAL_REPRESENTATION('',(#2627),#2631);
#2627 = LINE('',#2628,#2629);
#2628 = CARTESIAN_POINT('',(3.718680024035E-04,0.));
#2629 = VECTOR('',#2630,1.);
#2630 = DIRECTION('',(0.,1.));
#2631 = ( GEOMETRIC_REPRESENTATION_CONTEXT(2) 
PARAMETRIC_REPRESENTATION_CONTEXT() REPRESENTATION_CONTEXT('2D SPACE',''
  ) );
#2632 = PCURVE('',#614,#2633);
#2633 = DEFINITIONAL_REPRESENTATION('',(#2634),#2638);
#2634 = LINE('',#2635,#2636);
#2635 = CARTESIAN_POINT('',(0.,0.));
#2636 = VECTOR('',#2637,1.);
#2637 = DIRECTION('',(0.,1.));
#2638 = ( GEOMETRIC_REPRESENTATION_CONTEXT(2) 
PARAMETRIC_REPRESENTATION_CONTEXT() REPRESENTATION_CONTEXT('2D SPACE',''
  ) );
#2639 = ORIENTED_EDGE('',*,*,#625,.T.);
#2640 = ADVANCED_FACE('',(#2641),#614,.T.);
#2641 = FACE_BOUND('',#2642,.T.);
#2642 = EDGE_LOOP('',(#2643,#2644,#2645,#2665));
#2643 = ORIENTED_EDGE('',*,*,#2620,.F.);
#2644 = ORIENTED_EDGE('',*,*,#1491,.F.);
#2645 = ORIENTED_EDGE('',*,*,#2646,.T.);
#2646 = EDGE_CURVE('',#1472,#576,#2647,.T.);
#2647 = SURFACE_CURVE('',#2648,(#2651,#2658),.PCURVE_S1.);
#2648 = B_SPLINE_CURVE_WITH_KNOTS('',1,(#2649,#2650),.UNSPECIFIED.,.F.,
  .F.,(2,2),(0.,1.),.PIECEWISE_BEZIER_KNOTS.);
#2649 = CARTESIAN_POINT('',(-1.003770759346,3.38529966245E-03,
    5.418230205938E-03));
#2650 = CARTESIAN_POINT('',(-0.966314946729,0.273211340865,
    0.206765930064));
#2651 = PCURVE('',#614,#2652);
#2652 = DEFINITIONAL_REPRESENTATION('',(#2653),#2657);
#2653 = LINE('',#2654,#2655);
#2654 = CARTESIAN_POINT('',(6.186218318379E-04,0.));
#2655 = VECTOR('',#2656,1.);
#2656 = DIRECTION('',(0.,1.));
#2657 = ( GEOMETRIC_REPRESENTATION_CONTEXT(2) 
PARAMETRIC_REPRESENTATION_CONTEXT() REPRESENTATION_CONTEXT('2D SPACE',''
  ) );
#2658 = PCURVE('',#589,#2659);
#2659 = DEFINITIONAL_REPRESENTATION('',(#2660),#2664);
#2660 = LINE('',#2661,#2662);
#2661 = CARTESIAN_POINT('',(0.,0.));
#2662 = VECTOR('',#2663,1.);
#2663 = DIRECTION('',(0.,1.));
#2664 = ( GEOMETRIC_REPRESENTATION_CONTEXT(2) 
PARAMETRIC_REPRESENTATION_CONTEXT() REPRESENTATION_CONTEXT('2D SPACE',''
  ) );
#2665 = ORIENTED_EDGE('',*,*,#600,.T.);
#2666 = ADVANCED_FACE('',(#2667),#589,.T.);
#2667 = FACE_BOUND('',#2668,.T.);
#2668 = EDGE_LOOP('',(#2669,#2670,#2671,#2691));
#2669 = ORIENTED_EDGE('',*,*,#2646,.F.);
#2670 = ORIENTED_EDGE('',*,*,#1471,.F.);
#2671 = ORIENTED_EDGE('',*,*,#2672,.T.);
#2672 = EDGE_CURVE('',#1452,#551,#2673,.T.);
#2673 = SURFACE_CURVE('',#2674,(#2677,#2684),.PCURVE_S1.);
#2674 = B_SPLINE_CURVE_WITH_KNOTS('',1,(#2675,#2676),.UNSPECIFIED.,.F.,
  .F.,(2,2),(0.,1.),.PIECEWISE_BEZIER_KNOTS.);
#2675 = CARTESIAN_POINT('',(-1.002916925459,3.308169731839E-03,
    5.522620251585E-03));
#2676 = CARTESIAN_POINT('',(-0.965700186331,0.273155807315,
    0.206841090897));
#2677 = PCURVE('',#589,#2678);
#2678 = DEFINITIONAL_REPRESENTATION('',(#2679),#2683);
#2679 = LINE('',#2680,#2681);
#2680 = CARTESIAN_POINT('',(8.636426430061E-04,0.));
#2681 = VECTOR('',#2682,1.);
#2682 = DIRECTION('',(0.,1.));
#2683 = ( GEOMETRIC_REPRESENTATION_CONTEXT(2) 
PARAMETRIC_REPRESENTATION_CONTEXT() REPRESENTATION_CONTEXT('2D SPACE',''
  ) );
#2684 = PCURVE('',#564,#2685);
#2685 = DEFINITIONAL_REPRESENTATION('',(#2686),#2690);
#2686 = LINE('',#2687,#2688);
#2687 = CARTESIAN_POINT('',(0.,0.));
#2688 = VECTOR('',#2689,1.);
#2689 = DIRECTION('',(0.,1.));
#2690 = ( GEOMETRIC_REPRESENTATION_CONTEXT(2) 
PARAMETRIC_REPRESENTATION_CONTEXT() REPRESENTATION_CONTEXT('2D SPACE',''
  ) );
#2691 = ORIENTED_EDGE('',*,*,#575,.T.);
#2692 = ADVANCED_FACE('',(#2693),#564,.T.);
#2693 = FACE_BOUND('',#2694,.T.);
#2694 = EDGE_LOOP('',(#2695,#2696,#2697,#2717));
#2695 = ORIENTED_EDGE('',*,*,#2672,.F.);
#2696 = ORIENTED_EDGE('',*,*,#1451,.F.);
#2697 = ORIENTED_EDGE('',*,*,#2698,.T.);
#2698 = EDGE_CURVE('',#1432,#526,#2699,.T.);
#2699 = SURFACE_CURVE('',#2700,(#2703,#2710),.PCURVE_S1.);
#2700 = B_SPLINE_CURVE_WITH_KNOTS('',1,(#2701,#2702),.UNSPECIFIED.,.F.,
  .F.,(2,2),(0.,1.),.PIECEWISE_BEZIER_KNOTS.);
#2701 = CARTESIAN_POINT('',(-1.001823120527,3.209857065247E-03,
    5.655679670566E-03));
#2702 = CARTESIAN_POINT('',(-0.964912646779,0.273085022195,
    0.206936893679));
#2703 = PCURVE('',#564,#2704);
#2704 = DEFINITIONAL_REPRESENTATION('',(#2705),#2709);
#2705 = LINE('',#2706,#2707);
#2706 = CARTESIAN_POINT('',(1.106245641354E-03,0.));
#2707 = VECTOR('',#2708,1.);
#2708 = DIRECTION('',(0.,1.));
#2709 = ( GEOMETRIC_REPRESENTATION_CONTEXT(2) 
PARAMETRIC_REPRESENTATION_CONTEXT() REPRESENTATION_CONTEXT('2D SPACE',''
  ) );
#2710 = PCURVE('',#539,#2711);
#2711 = DEFINITIONAL_REPRESENTATION('',(#2712),#2716);
#2712 = LINE('',#2713,#2714);
#2713 = CARTESIAN_POINT('',(0.,0.));
#2714 = VECTOR('',#2715,1.);
#2715 = DIRECTION('',(0.,1.));
#2716 = ( GEOMETRIC_REPRESENTATION_CONTEXT(2) 
PARAMETRIC_REPRESENTATION_CONTEXT() REPRESENTATION_CONTEXT('2D SPACE',''
  ) );
#2717 = ORIENTED_EDGE('',*,*,#550,.T.);
#2718 = ADVANCED_FACE('',(#2719),#539,.T.);
#2719 = FACE_BOUND('',#2720,.T.);
#2720 = EDGE_LOOP('',(#2721,#2722,#2723,#2743));
#2721 = ORIENTED_EDGE('',*,*,#2698,.F.);
#2722 = ORIENTED_EDGE('',*,*,#1431,.F.);
#2723 = ORIENTED_EDGE('',*,*,#2724,.T.);
#2724 = EDGE_CURVE('',#1412,#501,#2725,.T.);
#2725 = SURFACE_CURVE('',#2726,(#2729,#2736),.PCURVE_S1.);
#2726 = B_SPLINE_CURVE_WITH_KNOTS('',1,(#2727,#2728),.UNSPECIFIED.,.F.,
  .F.,(2,2),(0.,1.),.PIECEWISE_BEZIER_KNOTS.);
#2727 = CARTESIAN_POINT('',(-1.000492316879,3.090982521689E-03,
    5.816568172993E-03));
#2728 = CARTESIAN_POINT('',(-0.963954468153,0.272999432524,0.2070527334)
  );
#2729 = PCURVE('',#539,#2730);
#2730 = DEFINITIONAL_REPRESENTATION('',(#2731),#2735);
#2731 = LINE('',#2732,#2733);
#2732 = CARTESIAN_POINT('',(1.345754292724E-03,0.));
#2733 = VECTOR('',#2734,1.);
#2734 = DIRECTION('',(0.,1.));
#2735 = ( GEOMETRIC_REPRESENTATION_CONTEXT(2) 
PARAMETRIC_REPRESENTATION_CONTEXT() REPRESENTATION_CONTEXT('2D SPACE',''
  ) );
#2736 = PCURVE('',#514,#2737);
#2737 = DEFINITIONAL_REPRESENTATION('',(#2738),#2742);
#2738 = LINE('',#2739,#2740);
#2739 = CARTESIAN_POINT('',(0.,0.));
#2740 = VECTOR('',#2741,1.);
#2741 = DIRECTION('',(0.,1.));
#2742 = ( GEOMETRIC_REPRESENTATION_CONTEXT(2) 
PARAMETRIC_REPRESENTATION_CONTEXT() REPRESENTATION_CONTEXT('2D SPACE',''
  ) );
#2743 = ORIENTED_EDGE('',*,*,#525,.T.);
#2744 = ADVANCED_FACE('',(#2745),#514,.T.);
#2745 = FACE_BOUND('',#2746,.T.);
#2746 = EDGE_LOOP('',(#2747,#2748,#2749,#2769));
#2747 = ORIENTED_EDGE('',*,*,#2724,.F.);
#2748 = ORIENTED_EDGE('',*,*,#1411,.F.);
#2749 = ORIENTED_EDGE('',*,*,#2750,.T.);
#2750 = EDGE_CURVE('',#1392,#476,#2751,.T.);
#2751 = SURFACE_CURVE('',#2752,(#2755,#2762),.PCURVE_S1.);
#2752 = B_SPLINE_CURVE_WITH_KNOTS('',1,(#2753,#2754),.UNSPECIFIED.,.F.,
  .F.,(2,2),(0.,1.),.PIECEWISE_BEZIER_KNOTS.);
#2753 = CARTESIAN_POINT('',(-0.998928132013,2.952283836491E-03,
    6.004287284943E-03));
#2754 = CARTESIAN_POINT('',(-0.96282825505,0.272899569471,0.207187891161
    ));
#2755 = PCURVE('',#514,#2756);
#2756 = DEFINITIONAL_REPRESENTATION('',(#2757),#2761);
#2757 = LINE('',#2758,#2759);
#2758 = CARTESIAN_POINT('',(1.581502476942E-03,0.));
#2759 = VECTOR('',#2760,1.);
#2760 = DIRECTION('',(0.,1.));
#2761 = ( GEOMETRIC_REPRESENTATION_CONTEXT(2) 
PARAMETRIC_REPRESENTATION_CONTEXT() REPRESENTATION_CONTEXT('2D SPACE',''
  ) );
#2762 = PCURVE('',#489,#2763);
#2763 = DEFINITIONAL_REPRESENTATION('',(#2764),#2768);
#2764 = LINE('',#2765,#2766);
#2765 = CARTESIAN_POINT('',(0.,0.));
#2766 = VECTOR('',#2767,1.);
#2767 = DIRECTION('',(0.,1.));
#2768 = ( GEOMETRIC_REPRESENTATION_CONTEXT(2) 
PARAMETRIC_REPRESENTATION_CONTEXT() REPRESENTATION_CONTEXT('2D SPACE',''
  ) );
#2769 = ORIENTED_EDGE('',*,*,#500,.T.);
#2770 = ADVANCED_FACE('',(#2771),#489,.T.);
#2771 = FACE_BOUND('',#2772,.T.);
#2772 = EDGE_LOOP('',(#2773,#2774,#2775,#2795));
#2773 = ORIENTED_EDGE('',*,*,#2750,.F.);
#2774 = ORIENTED_EDGE('',*,*,#1391,.F.);
#2775 = ORIENTED_EDGE('',*,*,#2776,.T.);
#2776 = EDGE_CURVE('',#1372,#451,#2777,.T.);
#2777 = SURFACE_CURVE('',#2778,(#2781,#2788),.PCURVE_S1.);
#2778 = B_SPLINE_CURVE_WITH_KNOTS('',1,(#2779,#2780),.UNSPECIFIED.,.F.,
  .F.,(2,2),(0.,1.),.PIECEWISE_BEZIER_KNOTS.);
#2779 = CARTESIAN_POINT('',(-0.997134819355,2.794604381241E-03,
    6.217695561091E-03));
#2780 = CARTESIAN_POINT('',(-0.961537069936,0.272786040263,0.20734154512
    ));
#2781 = PCURVE('',#489,#2782);
#2782 = DEFINITIONAL_REPRESENTATION('',(#2783),#2787);
#2783 = LINE('',#2784,#2785);
#2784 = CARTESIAN_POINT('',(1.812836504862E-03,0.));
#2785 = VECTOR('',#2786,1.);
#2786 = DIRECTION('',(0.,1.));
#2787 = ( GEOMETRIC_REPRESENTATION_CONTEXT(2) 
PARAMETRIC_REPRESENTATION_CONTEXT() REPRESENTATION_CONTEXT('2D SPACE',''
  ) );
#2788 = PCURVE('',#464,#2789);
#2789 = DEFINITIONAL_REPRESENTATION('',(#2790),#2794);
#2790 = LINE('',#2791,#2792);
#2791 = CARTESIAN_POINT('',(0.,0.));
#2792 = VECTOR('',#2793,1.);
#2793 = DIRECTION('',(0.,1.));
#2794 = ( GEOMETRIC_REPRESENTATION_CONTEXT(2) 
PARAMETRIC_REPRESENTATION_CONTEXT() REPRESENTATION_CONTEXT('2D SPACE',''
  ) );
#2795 = ORIENTED_EDGE('',*,*,#475,.T.);
#2796 = ADVANCED_FACE('',(#2797),#464,.T.);
#2797 = FACE_BOUND('',#2798,.T.);
#2798 = EDGE_LOOP('',(#2799,#2800,#2801,#2821));
#2799 = ORIENTED_EDGE('',*,*,#2776,.F.);
#2800 = ORIENTED_EDGE('',*,*,#1371,.F.);
#2801 = ORIENTED_EDGE('',*,*,#2802,.T.);
#2802 = EDGE_CURVE('',#1352,#426,#2803,.T.);
#2803 = SURFACE_CURVE('',#2804,(#2807,#2814),.PCURVE_S1.);
#2804 = B_SPLINE_CURVE_WITH_KNOTS('',1,(#2805,#2806),.UNSPECIFIED.,.F.,
  .F.,(2,2),(0.,1.),.PIECEWISE_BEZIER_KNOTS.);
#2805 = CARTESIAN_POINT('',(-0.995117257315,2.618881072539E-03,
    6.455524949388E-03));
#2806 = CARTESIAN_POINT('',(-0.960084425267,0.27265951948,0.207512782279
    ));
#2807 = PCURVE('',#464,#2808);
#2808 = DEFINITIONAL_REPRESENTATION('',(#2809),#2813);
#2809 = LINE('',#2810,#2811);
#2810 = CARTESIAN_POINT('',(2.039116986853E-03,0.));
#2811 = VECTOR('',#2812,1.);
#2812 = DIRECTION('',(0.,1.));
#2813 = ( GEOMETRIC_REPRESENTATION_CONTEXT(2) 
PARAMETRIC_REPRESENTATION_CONTEXT() REPRESENTATION_CONTEXT('2D SPACE',''
  ) );
#2814 = PCURVE('',#439,#2815);
#2815 = DEFINITIONAL_REPRESENTATION('',(#2816),#2820);
#2816 = LINE('',#2817,#2818);
#2817 = CARTESIAN_POINT('',(0.,0.));
#2818 = VECTOR('',#2819,1.);
#2819 = DIRECTION('',(0.,1.));
#2820 = ( GEOMETRIC_REPRESENTATION_CONTEXT(2) 
PARAMETRIC_REPRESENTATION_CONTEXT() REPRESENTATION_CONTEXT('2D SPACE',''
  ) );
#2821 = ORIENTED_EDGE('',*,*,#450,.T.);
#2822 = ADVANCED_FACE('',(#2823),#439,.T.);
#2823 = FACE_BOUND('',#2824,.T.);
#2824 = EDGE_LOOP('',(#2825,#2826,#2827,#2847));
#2825 = ORIENTED_EDGE('',*,*,#2802,.F.);
#2826 = ORIENTED_EDGE('',*,*,#1351,.F.);
#2827 = ORIENTED_EDGE('',*,*,#2828,.T.);
#2828 = EDGE_CURVE('',#1332,#401,#2829,.T.);
#2829 = SURFACE_CURVE('',#2830,(#2833,#2840),.PCURVE_S1.);
#2830 = B_SPLINE_CURVE_WITH_KNOTS('',1,(#2831,#2832),.UNSPECIFIED.,.F.,
  .F.,(2,2),(0.,1.),.PIECEWISE_BEZIER_KNOTS.);
#2831 = CARTESIAN_POINT('',(-0.992880936639,2.426131921392E-03,
    6.716397642093E-03));
#2832 = CARTESIAN_POINT('',(-0.95847427438,0.272520740092,0.207700610618
    ));
#2833 = PCURVE('',#439,#2834);
#2834 = DEFINITIONAL_REPRESENTATION('',(#2835),#2839);
#2835 = LINE('',#2836,#2837);
#2836 = CARTESIAN_POINT('',(2.259720549055E-03,0.));
#2837 = VECTOR('',#2838,1.);
#2838 = DIRECTION('',(0.,1.));
#2839 = ( GEOMETRIC_REPRESENTATION_CONTEXT(2) 
PARAMETRIC_REPRESENTATION_CONTEXT() REPRESENTATION_CONTEXT('2D SPACE',''
  ) );
#2840 = PCURVE('',#414,#2841);
#2841 = DEFINITIONAL_REPRESENTATION('',(#2842),#2846);
#2842 = LINE('',#2843,#2844);
#2843 = CARTESIAN_POINT('',(0.,0.));
#2844 = VECTOR('',#2845,1.);
#2845 = DIRECTION('',(0.,1.));
#2846 = ( GEOMETRIC_REPRESENTATION_CONTEXT(2) 
PARAMETRIC_REPRESENTATION_CONTEXT() REPRESENTATION_CONTEXT('2D SPACE',''
  ) );
#2847 = ORIENTED_EDGE('',*,*,#425,.T.);
#2848 = ADVANCED_FACE('',(#2849),#414,.T.);
#2849 = FACE_BOUND('',#2850,.T.);
#2850 = EDGE_LOOP('',(#2851,#2852,#2853,#2873));
#2851 = ORIENTED_EDGE('',*,*,#2828,.F.);
#2852 = ORIENTED_EDGE('',*,*,#1331,.F.);
#2853 = ORIENTED_EDGE('',*,*,#2854,.T.);
#2854 = EDGE_CURVE('',#1312,#376,#2855,.T.);
#2855 = SURFACE_CURVE('',#2856,(#2859,#2866),.PCURVE_S1.);
#2856 = B_SPLINE_CURVE_WITH_KNOTS('',1,(#2857,#2858),.UNSPECIFIED.,.F.,
  .F.,(2,2),(0.,1.),.PIECEWISE_BEZIER_KNOTS.);
#2857 = CARTESIAN_POINT('',(-0.99043194606,2.217443717989E-03,
    6.998842743581E-03));
#2858 = CARTESIAN_POINT('',(-0.956711001164,0.272370484585,
    0.207903971091));
#2859 = PCURVE('',#414,#2860);
#2860 = DEFINITIONAL_REPRESENTATION('',(#2861),#2865);
#2861 = LINE('',#2862,#2863);
#2862 = CARTESIAN_POINT('',(2.474041401648E-03,0.));
#2863 = VECTOR('',#2864,1.);
#2864 = DIRECTION('',(0.,1.));
#2865 = ( GEOMETRIC_REPRESENTATION_CONTEXT(2) 
PARAMETRIC_REPRESENTATION_CONTEXT() REPRESENTATION_CONTEXT('2D SPACE',''
  ) );
#2866 = PCURVE('',#389,#2867);
#2867 = DEFINITIONAL_REPRESENTATION('',(#2868),#2872);
#2868 = LINE('',#2869,#2870);
#2869 = CARTESIAN_POINT('',(0.,0.));
#2870 = VECTOR('',#2871,1.);
#2871 = DIRECTION('',(0.,1.));
#2872 = ( GEOMETRIC_REPRESENTATION_CONTEXT(2) 
PARAMETRIC_REPRESENTATION_CONTEXT() REPRESENTATION_CONTEXT('2D SPACE',''
  ) );
#2873 = ORIENTED_EDGE('',*,*,#400,.T.);
#2874 = ADVANCED_FACE('',(#2875),#389,.T.);
#2875 = FACE_BOUND('',#2876,.T.);
#2876 = EDGE_LOOP('',(#2877,#2878,#2879,#2899));
#2877 = ORIENTED_EDGE('',*,*,#2854,.F.);
#2878 = ORIENTED_EDGE('',*,*,#1311,.F.);
#2879 = ORIENTED_EDGE('',*,*,#2880,.T.);
#2880 = EDGE_CURVE('',#1292,#351,#2881,.T.);
#2881 = SURFACE_CURVE('',#2882,(#2885,#2892),.PCURVE_S1.);
#2882 = B_SPLINE_CURVE_WITH_KNOTS('',1,(#2883,#2884),.UNSPECIFIED.,.F.,
  .F.,(2,2),(0.,1.),.PIECEWISE_BEZIER_KNOTS.);
#2883 = CARTESIAN_POINT('',(-0.987776956243,1.99396032522E-03,
    7.301312114261E-03));
#2884 = CARTESIAN_POINT('',(-0.954799408495,0.272209576542,
    0.208121749038));
#2885 = PCURVE('',#389,#2886);
#2886 = DEFINITIONAL_REPRESENTATION('',(#2887),#2891);
#2887 = LINE('',#2888,#2889);
#2888 = CARTESIAN_POINT('',(2.681492770208E-03,0.));
#2889 = VECTOR('',#2890,1.);
#2890 = DIRECTION('',(0.,1.));
#2891 = ( GEOMETRIC_REPRESENTATION_CONTEXT(2) 
PARAMETRIC_REPRESENTATION_CONTEXT() REPRESENTATION_CONTEXT('2D SPACE',''
  ) );
#2892 = PCURVE('',#364,#2893);
#2893 = DEFINITIONAL_REPRESENTATION('',(#2894),#2898);
#2894 = LINE('',#2895,#2896);
#2895 = CARTESIAN_POINT('',(0.,0.));
#2896 = VECTOR('',#2897,1.);
#2897 = DIRECTION('',(0.,1.));
#2898 = ( GEOMETRIC_REPRESENTATION_CONTEXT(2) 
PARAMETRIC_REPRESENTATION_CONTEXT() REPRESENTATION_CONTEXT('2D SPACE',''
  ) );
#2899 = ORIENTED_EDGE('',*,*,#375,.T.);
#2900 = ADVANCED_FACE('',(#2901),#364,.T.);
#2901 = FACE_BOUND('',#2902,.T.);
#2902 = EDGE_LOOP('',(#2903,#2904,#2905,#2925));
#2903 = ORIENTED_EDGE('',*,*,#2880,.F.);
#2904 = ORIENTED_EDGE('',*,*,#1291,.F.);
#2905 = ORIENTED_EDGE('',*,*,#2906,.T.);
#2906 = EDGE_CURVE('',#1272,#326,#2907,.T.);
#2907 = SURFACE_CURVE('',#2908,(#2911,#2918),.PCURVE_S1.);
#2908 = B_SPLINE_CURVE_WITH_KNOTS('',1,(#2909,#2910),.UNSPECIFIED.,.F.,
  .F.,(2,2),(0.,1.),.PIECEWISE_BEZIER_KNOTS.);
#2909 = CARTESIAN_POINT('',(-0.984923202054,1.756872009675E-03,
    7.62219481033E-03));
#2910 = CARTESIAN_POINT('',(-0.952744705479,0.272038872955,
    0.208352784579));
#2911 = PCURVE('',#364,#2912);
#2912 = DEFINITIONAL_REPRESENTATION('',(#2913),#2917);
#2913 = LINE('',#2914,#2915);
#2914 = CARTESIAN_POINT('',(2.881508206621E-03,0.));
#2915 = VECTOR('',#2916,1.);
#2916 = DIRECTION('',(0.,1.));
#2917 = ( GEOMETRIC_REPRESENTATION_CONTEXT(2) 
PARAMETRIC_REPRESENTATION_CONTEXT() REPRESENTATION_CONTEXT('2D SPACE',''
  ) );
#2918 = PCURVE('',#339,#2919);
#2919 = DEFINITIONAL_REPRESENTATION('',(#2920),#2924);
#2920 = LINE('',#2921,#2922);
#2921 = CARTESIAN_POINT('',(0.,0.));
#2922 = VECTOR('',#2923,1.);
#2923 = DIRECTION('',(0.,1.));
#2924 = ( GEOMETRIC_REPRESENTATION_CONTEXT(2) 
PARAMETRIC_REPRESENTATION_CONTEXT() REPRESENTATION_CONTEXT('2D SPACE',''
  ) );
#2925 = ORIENTED_EDGE('',*,*,#350,.T.);
#2926 = ADVANCED_FACE('',(#2927),#339,.T.);
#2927 = FACE_BOUND('',#2928,.T.);
#2928 = EDGE_LOOP('',(#2929,#2930,#2931,#2951));
#2929 = ORIENTED_EDGE('',*,*,#2906,.F.);
#2930 = ORIENTED_EDGE('',*,*,#1271,.F.);
#2931 = ORIENTED_EDGE('',*,*,#2932,.T.);
#2932 = EDGE_CURVE('',#1252,#301,#2933,.T.);
#2933 = SURFACE_CURVE('',#2934,(#2937,#2944),.PCURVE_S1.);
#2934 = B_SPLINE_CURVE_WITH_KNOTS('',1,(#2935,#2936),.UNSPECIFIED.,.F.,
  .F.,(2,2),(0.,1.),.PIECEWISE_BEZIER_KNOTS.);
#2935 = CARTESIAN_POINT('',(-0.981878463171,1.507406172915E-03,
    7.959829628362E-03));
#2936 = CARTESIAN_POINT('',(-0.950552493483,0.271859257553,
    0.208595881648));
#2937 = PCURVE('',#339,#2938);
#2938 = DEFINITIONAL_REPRESENTATION('',(#2939),#2943);
#2939 = LINE('',#2940,#2941);
#2940 = CARTESIAN_POINT('',(3.073542799665E-03,0.));
#2941 = VECTOR('',#2942,1.);
#2942 = DIRECTION('',(0.,1.));
#2943 = ( GEOMETRIC_REPRESENTATION_CONTEXT(2) 
PARAMETRIC_REPRESENTATION_CONTEXT() REPRESENTATION_CONTEXT('2D SPACE',''
  ) );
#2944 = PCURVE('',#314,#2945);
#2945 = DEFINITIONAL_REPRESENTATION('',(#2946),#2950);
#2946 = LINE('',#2947,#2948);
#2947 = CARTESIAN_POINT('',(0.,0.));
#2948 = VECTOR('',#2949,1.);
#2949 = DIRECTION('',(0.,1.));
#2950 = ( GEOMETRIC_REPRESENTATION_CONTEXT(2) 
PARAMETRIC_REPRESENTATION_CONTEXT() REPRESENTATION_CONTEXT('2D SPACE',''
  ) );
#2951 = ORIENTED_EDGE('',*,*,#325,.T.);
#2952 = ADVANCED_FACE('',(#2953),#314,.T.);
#2953 = FACE_BOUND('',#2954,.T.);
#2954 = EDGE_LOOP('',(#2955,#2956,#2957,#2977));
#2955 = ORIENTED_EDGE('',*,*,#2932,.F.);
#2956 = ORIENTED_EDGE('',*,*,#1251,.F.);
#2957 = ORIENTED_EDGE('',*,*,#2958,.T.);
#2958 = EDGE_CURVE('',#1232,#276,#2959,.T.);
#2959 = SURFACE_CURVE('',#2960,(#2963,#2970),.PCURVE_S1.);
#2960 = B_SPLINE_CURVE_WITH_KNOTS('',1,(#2961,#2962),.UNSPECIFIED.,.F.,
  .F.,(2,2),(0.,1.),.PIECEWISE_BEZIER_KNOTS.);
#2961 = CARTESIAN_POINT('',(-0.978651043067,1.246819761667E-03,
    8.312515377587E-03));
#2962 = CARTESIAN_POINT('',(-0.948228751008,0.271671635337,
    0.208849815388));
#2963 = PCURVE('',#314,#2964);
#2964 = DEFINITIONAL_REPRESENTATION('',(#2965),#2969);
#2965 = LINE('',#2966,#2967);
#2966 = CARTESIAN_POINT('',(3.257074307208E-03,0.));
#2967 = VECTOR('',#2968,1.);
#2968 = DIRECTION('',(0.,1.));
#2969 = ( GEOMETRIC_REPRESENTATION_CONTEXT(2) 
PARAMETRIC_REPRESENTATION_CONTEXT() REPRESENTATION_CONTEXT('2D SPACE',''
  ) );
#2970 = PCURVE('',#289,#2971);
#2971 = DEFINITIONAL_REPRESENTATION('',(#2972),#2976);
#2972 = LINE('',#2973,#2974);
#2973 = CARTESIAN_POINT('',(0.,0.));
#2974 = VECTOR('',#2975,1.);
#2975 = DIRECTION('',(0.,1.));
#2976 = ( GEOMETRIC_REPRESENTATION_CONTEXT(2) 
PARAMETRIC_REPRESENTATION_CONTEXT() REPRESENTATION_CONTEXT('2D SPACE',''
  ) );
#2977 = ORIENTED_EDGE('',*,*,#300,.T.);
#2978 = ADVANCED_FACE('',(#2979),#289,.T.);
#2979 = FACE_BOUND('',#2980,.T.);
#2980 = EDGE_LOOP('',(#2981,#2982,#2983,#3003));
#2981 = ORIENTED_EDGE('',*,*,#2958,.F.);
#2982 = ORIENTED_EDGE('',*,*,#1231,.F.);
#2983 = ORIENTED_EDGE('',*,*,#2984,.T.);
#2984 = EDGE_CURVE('',#1212,#251,#2985,.T.);
#2985 = SURFACE_CURVE('',#2986,(#2989,#2996),.PCURVE_S1.);
#2986 = B_SPLINE_CURVE_WITH_KNOTS('',1,(#2987,#2988),.UNSPECIFIED.,.F.,
  .F.,(2,2),(0.,1.),.PIECEWISE_BEZIER_KNOTS.);
#2987 = CARTESIAN_POINT('',(-0.975249746421,9.763935371232E-04,
    8.678518635992E-03));
#2988 = CARTESIAN_POINT('',(-0.945779817423,0.271476928455,
    0.209113337734));
#2989 = PCURVE('',#289,#2990);
#2990 = DEFINITIONAL_REPRESENTATION('',(#2991),#2995);
#2991 = LINE('',#2992,#2993);
#2992 = CARTESIAN_POINT('',(3.431604232115E-03,0.));
#2993 = VECTOR('',#2994,1.);
#2994 = DIRECTION('',(0.,1.));
#2995 = ( GEOMETRIC_REPRESENTATION_CONTEXT(2) 
PARAMETRIC_REPRESENTATION_CONTEXT() REPRESENTATION_CONTEXT('2D SPACE',''
  ) );
#2996 = PCURVE('',#264,#2997);
#2997 = DEFINITIONAL_REPRESENTATION('',(#2998),#3002);
#2998 = LINE('',#2999,#3000);
#2999 = CARTESIAN_POINT('',(0.,0.));
#3000 = VECTOR('',#3001,1.);
#3001 = DIRECTION('',(0.,1.));
#3002 = ( GEOMETRIC_REPRESENTATION_CONTEXT(2) 
PARAMETRIC_REPRESENTATION_CONTEXT() REPRESENTATION_CONTEXT('2D SPACE',''
  ) );
#3003 = ORIENTED_EDGE('',*,*,#275,.T.);
#3004 = ADVANCED_FACE('',(#3005),#264,.T.);
#3005 = FACE_BOUND('',#3006,.T.);
#3006 = EDGE_LOOP('',(#3007,#3008,#3009,#3029,#3030));
#3007 = ORIENTED_EDGE('',*,*,#2984,.F.);
#3008 = ORIENTED_EDGE('',*,*,#1211,.F.);
#3009 = ORIENTED_EDGE('',*,*,#3010,.T.);
#3010 = EDGE_CURVE('',#1187,#2137,#3011,.T.);
#3011 = SURFACE_CURVE('',#3012,(#3015,#3022),.PCURVE_S1.);
#3012 = B_SPLINE_CURVE_WITH_KNOTS('',1,(#3013,#3014),.UNSPECIFIED.,.F.,
  .F.,(2,2),(0.,1.),.PIECEWISE_BEZIER_KNOTS.);
#3013 = CARTESIAN_POINT('',(-0.971683855002,6.974282755154E-04,
    9.056078892594E-03));
#3014 = CARTESIAN_POINT('',(-0.943212375601,0.271276073467,
    0.209385181118));
#3015 = PCURVE('',#264,#3016);
#3016 = DEFINITIONAL_REPRESENTATION('',(#3017),#3021);
#3017 = LINE('',#3018,#3019);
#3018 = CARTESIAN_POINT('',(3.596658862616E-03,0.));
#3019 = VECTOR('',#3020,1.);
#3020 = DIRECTION('',(0.,1.));
#3021 = ( GEOMETRIC_REPRESENTATION_CONTEXT(2) 
PARAMETRIC_REPRESENTATION_CONTEXT() REPRESENTATION_CONTEXT('2D SPACE',''
  ) );
#3022 = PCURVE('',#1200,#3023);
#3023 = DEFINITIONAL_REPRESENTATION('',(#3024),#3028);
#3024 = LINE('',#3025,#3026);
#3025 = CARTESIAN_POINT('',(0.,0.));
#3026 = VECTOR('',#3027,1.);
#3027 = DIRECTION('',(0.,1.));
#3028 = ( GEOMETRIC_REPRESENTATION_CONTEXT(2) 
PARAMETRIC_REPRESENTATION_CONTEXT() REPRESENTATION_CONTEXT('2D SPACE',''
  ) );
#3029 = ORIENTED_EDGE('',*,*,#2136,.F.);
#3030 = ORIENTED_EDGE('',*,*,#250,.T.);
#3031 = ADVANCED_FACE('',(#3032),#1919,.T.);
#3032 = FACE_BOUND('',#3033,.T.);
#3033 = EDGE_LOOP('',(#3034,#3035,#3055));
#3034 = ORIENTED_EDGE('',*,*,#1907,.F.);
#3035 = ORIENTED_EDGE('',*,*,#3036,.T.);
#3036 = EDGE_CURVE('',#1883,#1990,#3037,.T.);
#3037 = SURFACE_CURVE('',#3038,(#3041,#3048),.PCURVE_S1.);
#3038 = B_SPLINE_CURVE_WITH_KNOTS('',1,(#3039,#3040),.UNSPECIFIED.,.F.,
  .F.,(2,2),(0.,1.),.PIECEWISE_BEZIER_KNOTS.);
#3039 = CARTESIAN_POINT('',(-0.959732007571,4.824533271335E-03,
    3.47032670158E-03));
#3040 = CARTESIAN_POINT('',(-0.934607045451,0.274247589064,
    0.205363439541));
#3041 = PCURVE('',#1919,#3042);
#3042 = DEFINITIONAL_REPRESENTATION('',(#3043),#3047);
#3043 = LINE('',#3044,#3045);
#3044 = CARTESIAN_POINT('',(4.153575005899E-03,0.));
#3045 = VECTOR('',#3046,1.);
#3046 = DIRECTION('',(0.,1.));
#3047 = ( GEOMETRIC_REPRESENTATION_CONTEXT(2) 
PARAMETRIC_REPRESENTATION_CONTEXT() REPRESENTATION_CONTEXT('2D SPACE',''
  ) );
#3048 = PCURVE('',#1896,#3049);
#3049 = DEFINITIONAL_REPRESENTATION('',(#3050),#3054);
#3050 = LINE('',#3051,#3052);
#3051 = CARTESIAN_POINT('',(0.,0.));
#3052 = VECTOR('',#3053,1.);
#3053 = DIRECTION('',(0.,1.));
#3054 = ( GEOMETRIC_REPRESENTATION_CONTEXT(2) 
PARAMETRIC_REPRESENTATION_CONTEXT() REPRESENTATION_CONTEXT('2D SPACE',''
  ) );
#3055 = ORIENTED_EDGE('',*,*,#1989,.F.);
#3056 = ADVANCED_FACE('',(#3057),#1896,.T.);
#3057 = FACE_BOUND('',#3058,.T.);
#3058 = EDGE_LOOP('',(#3059,#3060,#3061,#3081));
#3059 = ORIENTED_EDGE('',*,*,#3036,.F.);
#3060 = ORIENTED_EDGE('',*,*,#1882,.F.);
#3061 = ORIENTED_EDGE('',*,*,#3062,.T.);
#3062 = EDGE_CURVE('',#1858,#2022,#3063,.T.);
#3063 = SURFACE_CURVE('',#3064,(#3067,#3074),.PCURVE_S1.);
#3064 = B_SPLINE_CURVE_WITH_KNOTS('',1,(#3065,#3066),.UNSPECIFIED.,.F.,
  .F.,(2,2),(0.,1.),.PIECEWISE_BEZIER_KNOTS.);
#3065 = CARTESIAN_POINT('',(-0.963759841623,4.735379822177E-03,
    3.590989750975E-03));
#3066 = CARTESIAN_POINT('',(-0.937507085969,0.27418339858,0.205450316937
    ));
#3067 = PCURVE('',#1896,#3068);
#3068 = DEFINITIONAL_REPRESENTATION('',(#3069),#3073);
#3069 = LINE('',#3070,#3071);
#3070 = CARTESIAN_POINT('',(4.030627130218E-03,0.));
#3071 = VECTOR('',#3072,1.);
#3072 = DIRECTION('',(0.,1.));
#3073 = ( GEOMETRIC_REPRESENTATION_CONTEXT(2) 
PARAMETRIC_REPRESENTATION_CONTEXT() REPRESENTATION_CONTEXT('2D SPACE',''
  ) );
#3074 = PCURVE('',#1871,#3075);
#3075 = DEFINITIONAL_REPRESENTATION('',(#3076),#3080);
#3076 = LINE('',#3077,#3078);
#3077 = CARTESIAN_POINT('',(0.,0.));
#3078 = VECTOR('',#3079,1.);
#3079 = DIRECTION('',(0.,1.));
#3080 = ( GEOMETRIC_REPRESENTATION_CONTEXT(2) 
PARAMETRIC_REPRESENTATION_CONTEXT() REPRESENTATION_CONTEXT('2D SPACE',''
  ) );
#3081 = ORIENTED_EDGE('',*,*,#2021,.F.);
#3082 = ADVANCED_FACE('',(#3083),#1871,.T.);
#3083 = FACE_BOUND('',#3084,.T.);
#3084 = EDGE_LOOP('',(#3085,#3086,#3087,#3107));
#3085 = ORIENTED_EDGE('',*,*,#3062,.F.);
#3086 = ORIENTED_EDGE('',*,*,#1857,.F.);
#3087 = ORIENTED_EDGE('',*,*,#3088,.T.);
#3088 = EDGE_CURVE('',#1833,#2051,#3089,.T.);
#3089 = SURFACE_CURVE('',#3090,(#3093,#3100),.PCURVE_S1.);
#3090 = B_SPLINE_CURVE_WITH_KNOTS('',1,(#3091,#3092),.UNSPECIFIED.,.F.,
  .F.,(2,2),(0.,1.),.PIECEWISE_BEZIER_KNOTS.);
#3091 = CARTESIAN_POINT('',(-0.967653371466,4.6438163482E-03,
    3.714914602876E-03));
#3092 = CARTESIAN_POINT('',(-0.940310427455,0.274117472879,0.20553954283
    ));
#3093 = PCURVE('',#1871,#3094);
#3094 = DEFINITIONAL_REPRESENTATION('',(#3095),#3099);
#3095 = LINE('',#3096,#3097);
#3096 = CARTESIAN_POINT('',(3.896577456362E-03,0.));
#3097 = VECTOR('',#3098,1.);
#3098 = DIRECTION('',(0.,1.));
#3099 = ( GEOMETRIC_REPRESENTATION_CONTEXT(2) 
PARAMETRIC_REPRESENTATION_CONTEXT() REPRESENTATION_CONTEXT('2D SPACE',''
  ) );
#3100 = PCURVE('',#1846,#3101);
#3101 = DEFINITIONAL_REPRESENTATION('',(#3102),#3106);
#3102 = LINE('',#3103,#3104);
#3103 = CARTESIAN_POINT('',(0.,0.));
#3104 = VECTOR('',#3105,1.);
#3105 = DIRECTION('',(0.,1.));
#3106 = ( GEOMETRIC_REPRESENTATION_CONTEXT(2) 
PARAMETRIC_REPRESENTATION_CONTEXT() REPRESENTATION_CONTEXT('2D SPACE',''
  ) );
#3107 = ORIENTED_EDGE('',*,*,#2050,.F.);
#3108 = ADVANCED_FACE('',(#3109),#1846,.T.);
#3109 = FACE_BOUND('',#3110,.T.);
#3110 = EDGE_LOOP('',(#3111,#3112,#3113,#3114));
#3111 = ORIENTED_EDGE('',*,*,#3088,.F.);
#3112 = ORIENTED_EDGE('',*,*,#1832,.F.);
#3113 = ORIENTED_EDGE('',*,*,#2253,.T.);
#3114 = ORIENTED_EDGE('',*,*,#2079,.F.);
#3115 = ADVANCED_FACE('',(#3116),#1200,.T.);
#3116 = FACE_BOUND('',#3117,.T.);
#3117 = EDGE_LOOP('',(#3118,#3119,#3120,#3140));
#3118 = ORIENTED_EDGE('',*,*,#3010,.F.);
#3119 = ORIENTED_EDGE('',*,*,#1186,.F.);
#3120 = ORIENTED_EDGE('',*,*,#3121,.T.);
#3121 = EDGE_CURVE('',#1162,#2166,#3122,.T.);
#3122 = SURFACE_CURVE('',#3123,(#3126,#3133),.PCURVE_S1.);
#3123 = B_SPLINE_CURVE_WITH_KNOTS('',1,(#3124,#3125),.UNSPECIFIED.,.F.,
  .F.,(2,2),(0.,1.),.PIECEWISE_BEZIER_KNOTS.);
#3124 = CARTESIAN_POINT('',(-0.967963102112,4.112428595641E-04,
    9.44341113052E-03));
#3125 = CARTESIAN_POINT('',(-0.940533433521,0.271070019967,0.20966406033
    ));
#3126 = PCURVE('',#1200,#3127);
#3127 = DEFINITIONAL_REPRESENTATION('',(#3128),#3132);
#3128 = LINE('',#3129,#3130);
#3129 = CARTESIAN_POINT('',(3.751790295395E-03,0.));
#3130 = VECTOR('',#3131,1.);
#3131 = DIRECTION('',(0.,1.));
#3132 = ( GEOMETRIC_REPRESENTATION_CONTEXT(2) 
PARAMETRIC_REPRESENTATION_CONTEXT() REPRESENTATION_CONTEXT('2D SPACE',''
  ) );
#3133 = PCURVE('',#1175,#3134);
#3134 = DEFINITIONAL_REPRESENTATION('',(#3135),#3139);
#3135 = LINE('',#3136,#3137);
#3136 = CARTESIAN_POINT('',(0.,0.));
#3137 = VECTOR('',#3138,1.);
#3138 = DIRECTION('',(0.,1.));
#3139 = ( GEOMETRIC_REPRESENTATION_CONTEXT(2) 
PARAMETRIC_REPRESENTATION_CONTEXT() REPRESENTATION_CONTEXT('2D SPACE',''
  ) );
#3140 = ORIENTED_EDGE('',*,*,#2165,.F.);
#3141 = ADVANCED_FACE('',(#3142),#1175,.T.);
#3142 = FACE_BOUND('',#3143,.T.);
#3143 = EDGE_LOOP('',(#3144,#3145,#3146,#3166));
#3144 = ORIENTED_EDGE('',*,*,#3121,.F.);
#3145 = ORIENTED_EDGE('',*,*,#1161,.F.);
#3146 = ORIENTED_EDGE('',*,*,#3147,.T.);
#3147 = EDGE_CURVE('',#1137,#2195,#3148,.T.);
#3148 = SURFACE_CURVE('',#3149,(#3152,#3159),.PCURVE_S1.);
#3149 = B_SPLINE_CURVE_WITH_KNOTS('',1,(#3150,#3151),.UNSPECIFIED.,.F.,
  .F.,(2,2),(0.,1.),.PIECEWISE_BEZIER_KNOTS.);
#3150 = CARTESIAN_POINT('',(-0.964097645653,1.191741089534E-04,
    9.838706056455E-03));
#3151 = CARTESIAN_POINT('',(-0.93775030487,0.270859730467,0.209948672676
    ));
#3152 = PCURVE('',#1175,#3153);
#3153 = DEFINITIONAL_REPRESENTATION('',(#3154),#3158);
#3154 = LINE('',#3155,#3156);
#3155 = CARTESIAN_POINT('',(3.896577456362E-03,0.));
#3156 = VECTOR('',#3157,1.);
#3157 = DIRECTION('',(0.,1.));
#3158 = ( GEOMETRIC_REPRESENTATION_CONTEXT(2) 
PARAMETRIC_REPRESENTATION_CONTEXT() REPRESENTATION_CONTEXT('2D SPACE',''
  ) );
#3159 = PCURVE('',#1150,#3160);
#3160 = DEFINITIONAL_REPRESENTATION('',(#3161),#3165);
#3161 = LINE('',#3162,#3163);
#3162 = CARTESIAN_POINT('',(0.,0.));
#3163 = VECTOR('',#3164,1.);
#3164 = DIRECTION('',(0.,1.));
#3165 = ( GEOMETRIC_REPRESENTATION_CONTEXT(2) 
PARAMETRIC_REPRESENTATION_CONTEXT() REPRESENTATION_CONTEXT('2D SPACE',''
  ) );
#3166 = ORIENTED_EDGE('',*,*,#2194,.F.);
#3167 = ADVANCED_FACE('',(#3168),#1150,.T.);
#3168 = FACE_BOUND('',#3169,.T.);
#3169 = EDGE_LOOP('',(#3170,#3171,#3172,#3192));
#3170 = ORIENTED_EDGE('',*,*,#3147,.F.);
#3171 = ORIENTED_EDGE('',*,*,#1136,.F.);
#3172 = ORIENTED_EDGE('',*,*,#3173,.T.);
#3173 = EDGE_CURVE('',#1112,#1960,#3174,.T.);
#3174 = SURFACE_CURVE('',#3175,(#3178,#3185),.PCURVE_S1.);
#3175 = B_SPLINE_CURVE_WITH_KNOTS('',1,(#3176,#3177),.UNSPECIFIED.,.F.,
  .F.,(2,2),(0.,1.),.PIECEWISE_BEZIER_KNOTS.);
#3176 = CARTESIAN_POINT('',(-0.960098039919,-1.77421907111E-04,
    1.024012832418E-02));
#3177 = CARTESIAN_POINT('',(-0.934870588741,0.270646181335,
    0.210237696709));
#3178 = PCURVE('',#1150,#3179);
#3179 = DEFINITIONAL_REPRESENTATION('',(#3180),#3184);
#3180 = LINE('',#3181,#3182);
#3181 = CARTESIAN_POINT('',(4.030627130218E-03,0.));
#3182 = VECTOR('',#3183,1.);
#3183 = DIRECTION('',(0.,1.));
#3184 = ( GEOMETRIC_REPRESENTATION_CONTEXT(2) 
PARAMETRIC_REPRESENTATION_CONTEXT() REPRESENTATION_CONTEXT('2D SPACE',''
  ) );
#3185 = PCURVE('',#1125,#3186);
#3186 = DEFINITIONAL_REPRESENTATION('',(#3187),#3191);
#3187 = LINE('',#3188,#3189);
#3188 = CARTESIAN_POINT('',(0.,0.));
#3189 = VECTOR('',#3190,1.);
#3190 = DIRECTION('',(0.,1.));
#3191 = ( GEOMETRIC_REPRESENTATION_CONTEXT(2) 
PARAMETRIC_REPRESENTATION_CONTEXT() REPRESENTATION_CONTEXT('2D SPACE',''
  ) );
#3192 = ORIENTED_EDGE('',*,*,#2223,.F.);
#3193 = ADVANCED_FACE('',(#3194),#1125,.T.);
#3194 = FACE_BOUND('',#3195,.T.);
#3195 = EDGE_LOOP('',(#3196,#3197,#3198));
#3196 = ORIENTED_EDGE('',*,*,#3173,.F.);
#3197 = ORIENTED_EDGE('',*,*,#1111,.F.);
#3198 = ORIENTED_EDGE('',*,*,#1959,.F.);
#3199 = ( GEOMETRIC_REPRESENTATION_CONTEXT(3) 
GLOBAL_UNCERTAINTY_ASSIGNED_CONTEXT((#3203)) 
GLOBAL_UNIT_ASSIGNED_CONTEXT((#3200,#3201,#3202)) REPRESENTATION_CONTEXT
('Context #1','3D Context with UNIT and UNCERTAINTY') );
#3200 = ( LENGTH_UNIT() NAMED_UNIT(*) SI_UNIT(.MILLI.,.METRE.) );
#3201 = ( NAMED_UNIT(*) PLANE_ANGLE_UNIT() SI_UNIT($,.RADIAN.) );
#3202 = ( NAMED_UNIT(*) SI_UNIT($,.STERADIAN.) SOLID_ANGLE_UNIT() );
#3203 = UNCERTAINTY_MEASURE_WITH_UNIT(LENGTH_MEASURE(5.E-06),#3200,
  'distance_accuracy_value','confusion accuracy');
#3204 = CONTEXT_DEPENDENT_SHAPE_REPRESENTATION(#3205,#3207);
#3205 = ( REPRESENTATION_RELATIONSHIP('','',#32,#10) 
REPRESENTATION_RELATIONSHIP_WITH_TRANSFORMATION(#3206) 
SHAPE_REPRESENTATION_RELATIONSHIP() );
#3206 = ITEM_DEFINED_TRANSFORMATION('','',#11,#15);
#3207 = PRODUCT_DEFINITION_SHAPE('Placement','Placement of an item',
  #3208);
#3208 = NEXT_ASSEMBLY_USAGE_OCCURRENCE('3','=>[0:1:1:2]','',#5,#27,$);
#3209 = PRODUCT_RELATED_PRODUCT_CATEGORY('part',$,(#29));
ENDSEC;
END-ISO-10303-21;
