ISO-10303-21;
HEADER;
FILE_DESCRIPTION(('Open CASCADE Model'),'2;1');
FILE_NAME('Open CASCADE Shape Model','2026-08-01T23:20:15',('Author'),(
    'Open CASCADE'),'Open CASCADE STEP processor 7.9','build123d',
  'Unknown');
FILE_SCHEMA(('AUTOMOTIVE_DESIGN { 1 0 10303 214 1 1 1 1 }'));
ENDSEC;
DATA;
#1 = APPLICATION_PROTOCOL_DEFINITION('international standard',
  'automotive_design',2000,#2);
#2 = APPLICATION_CONTEXT(
  'core data for automotive mechanical design processes');
#3 = SHAPE_DEFINITION_REPRESENTATION(#4,#10);
#4 = PRODUCT_DEFINITION_SHAPE('','',#5);
#5 = PRODUCT_DEFINITION('design','',#6,#9);
#6 = PRODUCT_DEFINITION_FORMATION('','',#7);
#7 = PRODUCT('COMPOUND','COMPOUND','',(#8));
#8 = PRODUCT_CONTEXT('',#2,'mechanical');
#9 = PRODUCT_DEFINITION_CONTEXT('part definition',#2,'design');
#10 = SHAPE_REPRESENTATION('',(#11,#15,#3045,#4623,#6201),#7779);
#11 = AXIS2_PLACEMENT_3D('',#12,#13,#14);
#12 = CARTESIAN_POINT('',(0.,0.,0.));
#13 = DIRECTION('',(0.,0.,1.));
#14 = DIRECTION('',(1.,0.,-0.));
#15 = MANIFOLD_SOLID_BREP('',#16);
#16 = CLOSED_SHELL('',(#17,#186,#301,#377,#874,#921,#1152,#1206,#1703,
    #1752,#1963,#1990,#2059,#2106,#2153,#2200,#2247,#2316,#2343,#2370,
    #2397,#2424,#2451,#2478,#2485,#2532,#2579,#2604,#2631,#2678,#2705,
    #2732,#2739,#2766,#2793,#2820,#2847,#2874,#2901,#2928,#2955,#2984,
    #3011,#3038));
#17 = ADVANCED_FACE('',(#18),#32,.T.);
#18 = FACE_BOUND('',#19,.T.);
#19 = EDGE_LOOP('',(#20,#54,#82,#110,#138,#166));
#20 = ORIENTED_EDGE('',*,*,#21,.T.);
#21 = EDGE_CURVE('',#22,#24,#26,.T.);
#22 = VERTEX_POINT('',#23);
#23 = CARTESIAN_POINT('',(-0.113082545179,-7.318694819221E-05,
    5.375006031363E-03));
#24 = VERTEX_POINT('',#25);
#25 = CARTESIAN_POINT('',(-0.113083437967,4.622570501291E-15,
    5.379986078225E-03));
#26 = SURFACE_CURVE('',#27,(#31,#43),.PCURVE_S1.);
#27 = LINE('',#28,#29);
#28 = CARTESIAN_POINT('',(-0.113082545179,-7.318694819221E-05,
    5.375006031363E-03));
#29 = VECTOR('',#30,1.);
#30 = DIRECTION('',(-1.216968738612E-02,0.997619026984,
    6.788354519074E-02));
#31 = PCURVE('',#32,#37);
#32 = PLANE('',#33);
#33 = AXIS2_PLACEMENT_3D('',#34,#35,#36);
#34 = CARTESIAN_POINT('',(-0.118450112412,0.460082872969,
    3.442621703565E-02));
#35 = DIRECTION('',(-0.994130239982,-4.772448680578E-03,-0.108084641308)
  );
#36 = DIRECTION('',(-0.107503323957,-6.880044136726E-02,0.991821321915)
  );
#37 = DEFINITIONAL_REPRESENTATION('',(#38),#42);
#38 = LINE('',#39,#40);
#39 = CARTESIAN_POINT('',(2.268298199451E-03,-0.461097861566));
#40 = VECTOR('',#41,1.);
#41 = DIRECTION('',(-1.387778780781E-17,1.));
#42 = ( GEOMETRIC_REPRESENTATION_CONTEXT(2) 
PARAMETRIC_REPRESENTATION_CONTEXT() REPRESENTATION_CONTEXT('2D SPACE',''
  ) );
#43 = PCURVE('',#44,#49);
#44 = PLANE('',#45);
#45 = AXIS2_PLACEMENT_3D('',#46,#47,#48);
#46 = CARTESIAN_POINT('',(-0.118693962008,-0.459926813052,
    3.667596355433E-02));
#47 = DIRECTION('',(-0.994130239982,4.772448680581E-03,-0.108084641308)
  );
#48 = DIRECTION('',(0.107503323957,-6.880044136726E-02,-0.991821321915)
  );
#49 = DEFINITIONAL_REPRESENTATION('',(#50),#53);
#50 = B_SPLINE_CURVE_WITH_KNOTS('',1,(#51,#52),.UNSPECIFIED.,.F.,.F.,(2,
    2),(0.,7.336162023499E-05),.PIECEWISE_BEZIER_KNOTS.);
#51 = CARTESIAN_POINT('',(1.007058867653E-05,-0.460951836182));
#52 = CARTESIAN_POINT('',(0.,-0.461024499946));
#53 = ( GEOMETRIC_REPRESENTATION_CONTEXT(2) 
PARAMETRIC_REPRESENTATION_CONTEXT() REPRESENTATION_CONTEXT('2D SPACE',''
  ) );
#54 = ORIENTED_EDGE('',*,*,#55,.T.);
#55 = EDGE_CURVE('',#24,#56,#58,.T.);
#56 = VERTEX_POINT('',#57);
#57 = CARTESIAN_POINT('',(-0.124305378838,0.919926813052,
    6.797692107729E-02));
#58 = SURFACE_CURVE('',#59,(#63,#70),.PCURVE_S1.);
#59 = LINE('',#60,#61);
#60 = CARTESIAN_POINT('',(-0.113082545179,-7.318694819221E-05,
    5.375006031363E-03));
#61 = VECTOR('',#62,1.);
#62 = DIRECTION('',(-1.216968738612E-02,0.997619026984,
    6.788354519074E-02));
#63 = PCURVE('',#32,#64);
#64 = DEFINITIONAL_REPRESENTATION('',(#65),#69);
#65 = LINE('',#66,#67);
#66 = CARTESIAN_POINT('',(2.268298199451E-03,-0.461097861566));
#67 = VECTOR('',#68,1.);
#68 = DIRECTION('',(-1.387778780781E-17,1.));
#69 = ( GEOMETRIC_REPRESENTATION_CONTEXT(2) 
PARAMETRIC_REPRESENTATION_CONTEXT() REPRESENTATION_CONTEXT('2D SPACE',''
  ) );
#70 = PCURVE('',#71,#76);
#71 = PLANE('',#72);
#72 = AXIS2_PLACEMENT_3D('',#73,#74,#75);
#73 = CARTESIAN_POINT('',(-0.118693962008,0.459926813052,
    3.667596355433E-02));
#74 = DIRECTION('',(-0.993950831138,-1.947961997426E-02,0.108084641307)
  );
#75 = DIRECTION('',(0.109149640356,-6.615754986695E-02,0.991821321915));
#76 = DEFINITIONAL_REPRESENTATION('',(#77),#81);
#77 = LINE('',#78,#79);
#78 = CARTESIAN_POINT('',(6.938893903907E-18,-0.461097861566));
#79 = VECTOR('',#80,1.);
#80 = DIRECTION('',(0.,1.));
#81 = ( GEOMETRIC_REPRESENTATION_CONTEXT(2) 
PARAMETRIC_REPRESENTATION_CONTEXT() REPRESENTATION_CONTEXT('2D SPACE',''
  ) );
#82 = ORIENTED_EDGE('',*,*,#83,.F.);
#83 = EDGE_CURVE('',#84,#56,#86,.T.);
#84 = VERTEX_POINT('',#85);
#85 = CARTESIAN_POINT('',(-0.124061529242,0.920082872969,
    6.572717455862E-02));
#86 = SURFACE_CURVE('',#87,(#91,#98),.PCURVE_S1.);
#87 = LINE('',#88,#89);
#88 = CARTESIAN_POINT('',(-0.124061529242,0.920082872969,
    6.572717455862E-02));
#89 = VECTOR('',#90,1.);
#90 = DIRECTION('',(-0.107503323957,-6.880044136726E-02,0.991821321915)
  );
#91 = PCURVE('',#32,#92);
#92 = DEFINITIONAL_REPRESENTATION('',(#93),#97);
#93 = LINE('',#94,#95);
#94 = CARTESIAN_POINT('',(-1.387778780781E-17,0.461097861566));
#95 = VECTOR('',#96,1.);
#96 = DIRECTION('',(1.,1.387778780781E-17));
#97 = ( GEOMETRIC_REPRESENTATION_CONTEXT(2) 
PARAMETRIC_REPRESENTATION_CONTEXT() REPRESENTATION_CONTEXT('2D SPACE',''
  ) );
#98 = PCURVE('',#99,#104);
#99 = PLANE('',#100);
#100 = AXIS2_PLACEMENT_3D('',#101,#102,#103);
#101 = CARTESIAN_POINT('',(-0.118305825215,0.92,6.797692107729E-02));
#102 = DIRECTION('',(-1.216968738612E-02,0.997619026984,
    6.788354519074E-02));
#103 = DIRECTION('',(8.280315841634E-04,-6.787849491082E-02,
    0.997693251602));
#104 = DEFINITIONAL_REPRESENTATION('',(#105),#109);
#105 = LINE('',#106,#107);
#106 = CARTESIAN_POINT('',(-2.254948116633E-03,-5.75426495381E-03));
#107 = VECTOR('',#108,1.);
#108 = DIRECTION('',(0.994114493931,-0.108334541838));
#109 = ( GEOMETRIC_REPRESENTATION_CONTEXT(2) 
PARAMETRIC_REPRESENTATION_CONTEXT() REPRESENTATION_CONTEXT('2D SPACE',''
  ) );
#110 = ORIENTED_EDGE('',*,*,#111,.F.);
#111 = EDGE_CURVE('',#112,#84,#114,.T.);
#112 = VERTEX_POINT('',#113);
#113 = CARTESIAN_POINT('',(-0.112838695583,8.287296908259E-05,
    3.125259512685E-03));
#114 = SURFACE_CURVE('',#115,(#119,#126),.PCURVE_S1.);
#115 = LINE('',#116,#117);
#116 = CARTESIAN_POINT('',(-0.112838695583,8.287296908259E-05,
    3.125259512685E-03));
#117 = VECTOR('',#118,1.);
#118 = DIRECTION('',(-1.216968738612E-02,0.997619026984,
    6.788354519074E-02));
#119 = PCURVE('',#32,#120);
#120 = DEFINITIONAL_REPRESENTATION('',(#121),#125);
#121 = LINE('',#122,#123);
#122 = CARTESIAN_POINT('',(1.387778780781E-17,-0.461097861566));
#123 = VECTOR('',#124,1.);
#124 = DIRECTION('',(-1.387778780781E-17,1.));
#125 = ( GEOMETRIC_REPRESENTATION_CONTEXT(2) 
PARAMETRIC_REPRESENTATION_CONTEXT() REPRESENTATION_CONTEXT('2D SPACE',''
  ) );
#126 = PCURVE('',#127,#132);
#127 = PLANE('',#128);
#128 = AXIS2_PLACEMENT_3D('',#129,#130,#131);
#129 = CARTESIAN_POINT('',(-0.117725850367,0.460200218314,
    3.28315462555E-02));
#130 = DIRECTION('',(-0.91083123605,1.695308902808E-02,-0.412430663516)
  );
#131 = DIRECTION('',(-0.41259951302,-6.684960561698E-02,0.908456257661)
  );
#132 = DEFINITIONAL_REPRESENTATION('',(#133),#137);
#133 = LINE('',#134,#135);
#134 = CARTESIAN_POINT('',(1.755363306376E-03,-0.461097861566));
#135 = VECTOR('',#136,1.);
#136 = DIRECTION('',(-1.387778780781E-17,1.));
#137 = ( GEOMETRIC_REPRESENTATION_CONTEXT(2) 
PARAMETRIC_REPRESENTATION_CONTEXT() REPRESENTATION_CONTEXT('2D SPACE',''
  ) );
#138 = ORIENTED_EDGE('',*,*,#139,.T.);
#139 = EDGE_CURVE('',#112,#140,#142,.T.);
#140 = VERTEX_POINT('',#141);
#141 = CARTESIAN_POINT('',(-0.11296818777,-1.287490079827E-19,
    4.319949199453E-03));
#142 = SURFACE_CURVE('',#143,(#147,#154),.PCURVE_S1.);
#143 = LINE('',#144,#145);
#144 = CARTESIAN_POINT('',(-0.112838695583,8.287296908259E-05,
    3.125259512685E-03));
#145 = VECTOR('',#146,1.);
#146 = DIRECTION('',(-0.107503323957,-6.880044136726E-02,0.991821321915)
  );
#147 = PCURVE('',#32,#148);
#148 = DEFINITIONAL_REPRESENTATION('',(#149),#153);
#149 = LINE('',#150,#151);
#150 = CARTESIAN_POINT('',(1.387778780781E-17,-0.461097861566));
#151 = VECTOR('',#152,1.);
#152 = DIRECTION('',(1.,1.387778780781E-17));
#153 = ( GEOMETRIC_REPRESENTATION_CONTEXT(2) 
PARAMETRIC_REPRESENTATION_CONTEXT() REPRESENTATION_CONTEXT('2D SPACE',''
  ) );
#154 = PCURVE('',#155,#160);
#155 = PLANE('',#156);
#156 = AXIS2_PLACEMENT_3D('',#157,#158,#159);
#157 = CARTESIAN_POINT('',(-0.107082991556,3.542597133252E-20,
    5.375006031363E-03));
#158 = DIRECTION('',(-1.216968738612E-02,0.997619026984,
    6.788354519074E-02));
#159 = DIRECTION('',(8.280315841634E-04,-6.787849491082E-02,
    0.997693251602));
#160 = DEFINITIONAL_REPRESENTATION('',(#161),#165);
#161 = LINE('',#162,#163);
#162 = CARTESIAN_POINT('',(-2.254948116633E-03,-5.75426495381E-03));
#163 = VECTOR('',#164,1.);
#164 = DIRECTION('',(0.994114493931,-0.108334541838));
#165 = ( GEOMETRIC_REPRESENTATION_CONTEXT(2) 
PARAMETRIC_REPRESENTATION_CONTEXT() REPRESENTATION_CONTEXT('2D SPACE',''
  ) );
#166 = ORIENTED_EDGE('',*,*,#167,.T.);
#167 = EDGE_CURVE('',#140,#22,#168,.T.);
#168 = SURFACE_CURVE('',#169,(#173,#180),.PCURVE_S1.);
#169 = LINE('',#170,#171);
#170 = CARTESIAN_POINT('',(-0.112838695583,8.287296908259E-05,
    3.125259512685E-03));
#171 = VECTOR('',#172,1.);
#172 = DIRECTION('',(-0.107503323957,-6.880044136726E-02,0.991821321915)
  );
#173 = PCURVE('',#32,#174);
#174 = DEFINITIONAL_REPRESENTATION('',(#175),#179);
#175 = LINE('',#176,#177);
#176 = CARTESIAN_POINT('',(1.387778780781E-17,-0.461097861566));
#177 = VECTOR('',#178,1.);
#178 = DIRECTION('',(1.,1.387778780781E-17));
#179 = ( GEOMETRIC_REPRESENTATION_CONTEXT(2) 
PARAMETRIC_REPRESENTATION_CONTEXT() REPRESENTATION_CONTEXT('2D SPACE',''
  ) );
#180 = PCURVE('',#44,#181);
#181 = DEFINITIONAL_REPRESENTATION('',(#182),#185);
#182 = B_SPLINE_CURVE_WITH_KNOTS('',1,(#183,#184),.UNSPECIFIED.,.F.,.F.,
  (2,2),(1.204541241824E-03,2.268298199451E-03),
  .PIECEWISE_BEZIER_KNOTS.);
#183 = CARTESIAN_POINT('',(1.063756957627E-03,-0.461097861566));
#184 = CARTESIAN_POINT('',(1.007058867653E-05,-0.460951836182));
#185 = ( GEOMETRIC_REPRESENTATION_CONTEXT(2) 
PARAMETRIC_REPRESENTATION_CONTEXT() REPRESENTATION_CONTEXT('2D SPACE',''
  ) );
#186 = ADVANCED_FACE('',(#187),#44,.T.);
#187 = FACE_BOUND('',#188,.T.);
#188 = EDGE_LOOP('',(#189,#217,#218,#219,#247,#275));
#189 = ORIENTED_EDGE('',*,*,#190,.F.);
#190 = EDGE_CURVE('',#24,#191,#193,.T.);
#191 = VERTEX_POINT('',#192);
#192 = CARTESIAN_POINT('',(-0.124305378838,-0.919926813052,
    6.797692107729E-02));
#193 = SURFACE_CURVE('',#194,(#198,#205),.PCURVE_S1.);
#194 = LINE('',#195,#196);
#195 = CARTESIAN_POINT('',(-0.113082545179,7.318694819225E-05,
    5.375006031363E-03));
#196 = VECTOR('',#197,1.);
#197 = DIRECTION('',(-1.216968738612E-02,-0.997619026984,
    6.788354519074E-02));
#198 = PCURVE('',#44,#199);
#199 = DEFINITIONAL_REPRESENTATION('',(#200),#204);
#200 = LINE('',#201,#202);
#201 = CARTESIAN_POINT('',(-6.938893903907E-18,-0.461097861566));
#202 = VECTOR('',#203,1.);
#203 = DIRECTION('',(2.775557561563E-17,1.));
#204 = ( GEOMETRIC_REPRESENTATION_CONTEXT(2) 
PARAMETRIC_REPRESENTATION_CONTEXT() REPRESENTATION_CONTEXT('2D SPACE',''
  ) );
#205 = PCURVE('',#206,#211);
#206 = PLANE('',#207);
#207 = AXIS2_PLACEMENT_3D('',#208,#209,#210);
#208 = CARTESIAN_POINT('',(-0.118446378076,-0.459776748001,
    3.892571007301E-02));
#209 = DIRECTION('',(-0.993950831138,1.947961997426E-02,0.108084641308)
  );
#210 = DIRECTION('',(-0.109149640356,-6.615754986695E-02,-0.991821321915
    ));
#211 = DEFINITIONAL_REPRESENTATION('',(#212),#216);
#212 = LINE('',#213,#214);
#213 = CARTESIAN_POINT('',(2.268298199451E-03,-0.461097861566));
#214 = VECTOR('',#215,1.);
#215 = DIRECTION('',(1.387778780781E-17,1.));
#216 = ( GEOMETRIC_REPRESENTATION_CONTEXT(2) 
PARAMETRIC_REPRESENTATION_CONTEXT() REPRESENTATION_CONTEXT('2D SPACE',''
  ) );
#217 = ORIENTED_EDGE('',*,*,#21,.F.);
#218 = ORIENTED_EDGE('',*,*,#167,.F.);
#219 = ORIENTED_EDGE('',*,*,#220,.T.);
#220 = EDGE_CURVE('',#140,#221,#223,.T.);
#221 = VERTEX_POINT('',#222);
#222 = CARTESIAN_POINT('',(-0.112838695583,-8.287296908259E-05,
    3.125259512685E-03));
#223 = SURFACE_CURVE('',#224,(#228,#235),.PCURVE_S1.);
#224 = LINE('',#225,#226);
#225 = CARTESIAN_POINT('',(-0.113082545179,7.318694819225E-05,
    5.375006031363E-03));
#226 = VECTOR('',#227,1.);
#227 = DIRECTION('',(0.107503323957,-6.880044136726E-02,-0.991821321915)
  );
#228 = PCURVE('',#44,#229);
#229 = DEFINITIONAL_REPRESENTATION('',(#230),#234);
#230 = LINE('',#231,#232);
#231 = CARTESIAN_POINT('',(-6.938893903907E-18,-0.461097861566));
#232 = VECTOR('',#233,1.);
#233 = DIRECTION('',(1.,0.));
#234 = ( GEOMETRIC_REPRESENTATION_CONTEXT(2) 
PARAMETRIC_REPRESENTATION_CONTEXT() REPRESENTATION_CONTEXT('2D SPACE',''
  ) );
#235 = PCURVE('',#236,#241);
#236 = PLANE('',#237);
#237 = AXIS2_PLACEMENT_3D('',#238,#239,#240);
#238 = CARTESIAN_POINT('',(-0.107082991556,-1.786814089744E-20,
    5.375006031363E-03));
#239 = DIRECTION('',(-1.216968738612E-02,-0.997619026984,
    6.788354519074E-02));
#240 = DIRECTION('',(8.280315841634E-04,6.787849491082E-02,
    0.997693251602));
#241 = DEFINITIONAL_REPRESENTATION('',(#242),#246);
#242 = LINE('',#243,#244);
#243 = CARTESIAN_POINT('',(1.854480556814E-16,6.E-03));
#244 = VECTOR('',#245,1.);
#245 = DIRECTION('',(-0.994114493931,-0.108334541838));
#246 = ( GEOMETRIC_REPRESENTATION_CONTEXT(2) 
PARAMETRIC_REPRESENTATION_CONTEXT() REPRESENTATION_CONTEXT('2D SPACE',''
  ) );
#247 = ORIENTED_EDGE('',*,*,#248,.T.);
#248 = EDGE_CURVE('',#221,#249,#251,.T.);
#249 = VERTEX_POINT('',#250);
#250 = CARTESIAN_POINT('',(-0.124061529242,-0.920082872969,
    6.572717455862E-02));
#251 = SURFACE_CURVE('',#252,(#256,#263),.PCURVE_S1.);
#252 = LINE('',#253,#254);
#253 = CARTESIAN_POINT('',(-0.112838695583,-8.287296908259E-05,
    3.125259512685E-03));
#254 = VECTOR('',#255,1.);
#255 = DIRECTION('',(-1.216968738612E-02,-0.997619026984,
    6.788354519074E-02));
#256 = PCURVE('',#44,#257);
#257 = DEFINITIONAL_REPRESENTATION('',(#258),#262);
#258 = LINE('',#259,#260);
#259 = CARTESIAN_POINT('',(2.268298199452E-03,-0.461097861566));
#260 = VECTOR('',#261,1.);
#261 = DIRECTION('',(2.775557561563E-17,1.));
#262 = ( GEOMETRIC_REPRESENTATION_CONTEXT(2) 
PARAMETRIC_REPRESENTATION_CONTEXT() REPRESENTATION_CONTEXT('2D SPACE',''
  ) );
#263 = PCURVE('',#264,#269);
#264 = PLANE('',#265);
#265 = AXIS2_PLACEMENT_3D('',#266,#267,#268);
#266 = CARTESIAN_POINT('',(-0.118450112412,-0.460082872969,
    3.442621703565E-02));
#267 = DIRECTION('',(-0.91083123605,-1.695308902808E-02,-0.412430663516)
  );
#268 = DIRECTION('',(0.41259951302,-6.684960561698E-02,-0.908456257661)
  );
#269 = DEFINITIONAL_REPRESENTATION('',(#270),#274);
#270 = LINE('',#271,#272);
#271 = CARTESIAN_POINT('',(3.469446951954E-18,-0.461097861566));
#272 = VECTOR('',#273,1.);
#273 = DIRECTION('',(1.387778780781E-17,1.));
#274 = ( GEOMETRIC_REPRESENTATION_CONTEXT(2) 
PARAMETRIC_REPRESENTATION_CONTEXT() REPRESENTATION_CONTEXT('2D SPACE',''
  ) );
#275 = ORIENTED_EDGE('',*,*,#276,.F.);
#276 = EDGE_CURVE('',#191,#249,#277,.T.);
#277 = SURFACE_CURVE('',#278,(#282,#289),.PCURVE_S1.);
#278 = LINE('',#279,#280);
#279 = CARTESIAN_POINT('',(-0.124305378838,-0.919926813052,
    6.797692107729E-02));
#280 = VECTOR('',#281,1.);
#281 = DIRECTION('',(0.107503323957,-6.880044136726E-02,-0.991821321915)
  );
#282 = PCURVE('',#44,#283);
#283 = DEFINITIONAL_REPRESENTATION('',(#284),#288);
#284 = LINE('',#285,#286);
#285 = CARTESIAN_POINT('',(1.387778780781E-17,0.461097861566));
#286 = VECTOR('',#287,1.);
#287 = DIRECTION('',(1.,0.));
#288 = ( GEOMETRIC_REPRESENTATION_CONTEXT(2) 
PARAMETRIC_REPRESENTATION_CONTEXT() REPRESENTATION_CONTEXT('2D SPACE',''
  ) );
#289 = PCURVE('',#290,#295);
#290 = PLANE('',#291);
#291 = AXIS2_PLACEMENT_3D('',#292,#293,#294);
#292 = CARTESIAN_POINT('',(-0.118305825215,-0.92,6.797692107729E-02));
#293 = DIRECTION('',(-1.216968738612E-02,-0.997619026984,
    6.788354519074E-02));
#294 = DIRECTION('',(8.280315841634E-04,6.787849491082E-02,
    0.997693251602));
#295 = DEFINITIONAL_REPRESENTATION('',(#296),#300);
#296 = LINE('',#297,#298);
#297 = CARTESIAN_POINT('',(1.854480556814E-16,6.E-03));
#298 = VECTOR('',#299,1.);
#299 = DIRECTION('',(-0.994114493931,-0.108334541838));
#300 = ( GEOMETRIC_REPRESENTATION_CONTEXT(2) 
PARAMETRIC_REPRESENTATION_CONTEXT() REPRESENTATION_CONTEXT('2D SPACE',''
  ) );
#301 = ADVANCED_FACE('',(#302),#127,.T.);
#302 = FACE_BOUND('',#303,.T.);
#303 = EDGE_LOOP('',(#304,#334,#355,#356));
#304 = ORIENTED_EDGE('',*,*,#305,.F.);
#305 = EDGE_CURVE('',#306,#308,#310,.T.);
#306 = VERTEX_POINT('',#307);
#307 = CARTESIAN_POINT('',(-0.112114433537,2.002183138283E-04,
    1.530588732539E-03));
#308 = VERTEX_POINT('',#309);
#309 = CARTESIAN_POINT('',(-0.123337267196,0.920200218314,
    6.413250377847E-02));
#310 = SURFACE_CURVE('',#311,(#315,#322),.PCURVE_S1.);
#311 = LINE('',#312,#313);
#312 = CARTESIAN_POINT('',(-0.112114433537,2.002183138283E-04,
    1.530588732539E-03));
#313 = VECTOR('',#314,1.);
#314 = DIRECTION('',(-1.216968738612E-02,0.997619026984,
    6.788354519074E-02));
#315 = PCURVE('',#127,#316);
#316 = DEFINITIONAL_REPRESENTATION('',(#317),#321);
#317 = LINE('',#318,#319);
#318 = CARTESIAN_POINT('',(-3.469446951954E-18,-0.461097861566));
#319 = VECTOR('',#320,1.);
#320 = DIRECTION('',(-1.387778780781E-17,1.));
#321 = ( GEOMETRIC_REPRESENTATION_CONTEXT(2) 
PARAMETRIC_REPRESENTATION_CONTEXT() REPRESENTATION_CONTEXT('2D SPACE',''
  ) );
#322 = PCURVE('',#323,#328);
#323 = PLANE('',#324);
#324 = AXIS2_PLACEMENT_3D('',#325,#326,#327);
#325 = CARTESIAN_POINT('',(-0.116551591481,0.460294333576,
    3.165893789514E-02));
#326 = DIRECTION('',(-0.707639681855,3.9372179488E-02,-0.705475663752));
#327 = DIRECTION('',(-0.706468668359,-5.662250860836E-02,0.705475663752)
  );
#328 = DEFINITIONAL_REPRESENTATION('',(#329),#333);
#329 = LINE('',#330,#331);
#330 = CARTESIAN_POINT('',(1.662152814919E-03,-0.461097861566));
#331 = VECTOR('',#332,1.);
#332 = DIRECTION('',(1.387778780781E-17,1.));
#333 = ( GEOMETRIC_REPRESENTATION_CONTEXT(2) 
PARAMETRIC_REPRESENTATION_CONTEXT() REPRESENTATION_CONTEXT('2D SPACE',''
  ) );
#334 = ORIENTED_EDGE('',*,*,#335,.T.);
#335 = EDGE_CURVE('',#306,#112,#336,.T.);
#336 = SURFACE_CURVE('',#337,(#341,#348),.PCURVE_S1.);
#337 = LINE('',#338,#339);
#338 = CARTESIAN_POINT('',(-0.112114433537,2.002183138283E-04,
    1.530588732539E-03));
#339 = VECTOR('',#340,1.);
#340 = DIRECTION('',(-0.41259951302,-6.684960561698E-02,0.908456257661)
  );
#341 = PCURVE('',#127,#342);
#342 = DEFINITIONAL_REPRESENTATION('',(#343),#347);
#343 = LINE('',#344,#345);
#344 = CARTESIAN_POINT('',(-3.469446951954E-18,-0.461097861566));
#345 = VECTOR('',#346,1.);
#346 = DIRECTION('',(1.,-1.387778780781E-17));
#347 = ( GEOMETRIC_REPRESENTATION_CONTEXT(2) 
PARAMETRIC_REPRESENTATION_CONTEXT() REPRESENTATION_CONTEXT('2D SPACE',''
  ) );
#348 = PCURVE('',#155,#349);
#349 = DEFINITIONAL_REPRESENTATION('',(#350),#354);
#350 = LINE('',#351,#352);
#351 = CARTESIAN_POINT('',(-3.85330590605E-03,-5.028625432847E-03));
#352 = VECTOR('',#353,1.);
#353 = DIRECTION('',(0.910556682831,-0.413384236942));
#354 = ( GEOMETRIC_REPRESENTATION_CONTEXT(2) 
PARAMETRIC_REPRESENTATION_CONTEXT() REPRESENTATION_CONTEXT('2D SPACE',''
  ) );
#355 = ORIENTED_EDGE('',*,*,#111,.T.);
#356 = ORIENTED_EDGE('',*,*,#357,.F.);
#357 = EDGE_CURVE('',#308,#84,#358,.T.);
#358 = SURFACE_CURVE('',#359,(#363,#370),.PCURVE_S1.);
#359 = LINE('',#360,#361);
#360 = CARTESIAN_POINT('',(-0.123337267196,0.920200218314,
    6.413250377847E-02));
#361 = VECTOR('',#362,1.);
#362 = DIRECTION('',(-0.41259951302,-6.684960561698E-02,0.908456257661)
  );
#363 = PCURVE('',#127,#364);
#364 = DEFINITIONAL_REPRESENTATION('',(#365),#369);
#365 = LINE('',#366,#367);
#366 = CARTESIAN_POINT('',(-1.387778780781E-17,0.461097861566));
#367 = VECTOR('',#368,1.);
#368 = DIRECTION('',(1.,-1.387778780781E-17));
#369 = ( GEOMETRIC_REPRESENTATION_CONTEXT(2) 
PARAMETRIC_REPRESENTATION_CONTEXT() REPRESENTATION_CONTEXT('2D SPACE',''
  ) );
#370 = PCURVE('',#99,#371);
#371 = DEFINITIONAL_REPRESENTATION('',(#372),#376);
#372 = LINE('',#373,#374);
#373 = CARTESIAN_POINT('',(-3.85330590605E-03,-5.028625432847E-03));
#374 = VECTOR('',#375,1.);
#375 = DIRECTION('',(0.910556682831,-0.413384236942));
#376 = ( GEOMETRIC_REPRESENTATION_CONTEXT(2) 
PARAMETRIC_REPRESENTATION_CONTEXT() REPRESENTATION_CONTEXT('2D SPACE',''
  ) );
#377 = ADVANCED_FACE('',(#378),#99,.T.);
#378 = FACE_BOUND('',#379,.T.);
#379 = EDGE_LOOP('',(#380,#410,#438,#466,#494,#522,#550,#578,#606,#634,
    #662,#690,#718,#746,#767,#768,#769,#792,#820,#848));
#380 = ORIENTED_EDGE('',*,*,#381,.T.);
#381 = EDGE_CURVE('',#382,#384,#386,.T.);
#382 = VERTEX_POINT('',#383);
#383 = CARTESIAN_POINT('',(-0.120555840859,0.919581903694,
    7.371791238964E-02));
#384 = VERTEX_POINT('',#385);
#385 = CARTESIAN_POINT('',(-0.118300857026,0.919592729031,
    7.396308058691E-02));
#386 = SURFACE_CURVE('',#387,(#391,#398),.PCURVE_S1.);
#387 = LINE('',#388,#389);
#388 = CARTESIAN_POINT('',(-0.120555840859,0.919581903694,
    7.371791238964E-02));
#389 = VECTOR('',#390,1.);
#390 = DIRECTION('',(0.994130239982,4.77244868058E-03,0.108084641308));
#391 = PCURVE('',#99,#392);
#392 = DEFINITIONAL_REPRESENTATION('',(#393),#397);
#393 = LINE('',#394,#395);
#394 = CARTESIAN_POINT('',(5.75426495381E-03,-2.254948116633E-03));
#395 = VECTOR('',#396,1.);
#396 = DIRECTION('',(0.108334541838,0.994114493931));
#397 = ( GEOMETRIC_REPRESENTATION_CONTEXT(2) 
PARAMETRIC_REPRESENTATION_CONTEXT() REPRESENTATION_CONTEXT('2D SPACE',''
  ) );
#398 = PCURVE('',#399,#404);
#399 = PLANE('',#400);
#400 = AXIS2_PLACEMENT_3D('',#401,#402,#403);
#401 = CARTESIAN_POINT('',(-0.11494442403,0.459581903694,
    4.241695486667E-02));
#402 = DIRECTION('',(-0.107503323957,-6.880044136726E-02,0.991821321915)
  );
#403 = DIRECTION('',(0.994130239982,4.77244868058E-03,0.108084641308));
#404 = DEFINITIONAL_REPRESENTATION('',(#405),#409);
#405 = LINE('',#406,#407);
#406 = CARTESIAN_POINT('',(-5.20417042793E-18,0.461097861566));
#407 = VECTOR('',#408,1.);
#408 = DIRECTION('',(1.,-1.734723475977E-18));
#409 = ( GEOMETRIC_REPRESENTATION_CONTEXT(2) 
PARAMETRIC_REPRESENTATION_CONTEXT() REPRESENTATION_CONTEXT('2D SPACE',''
  ) );
#410 = ORIENTED_EDGE('',*,*,#411,.T.);
#411 = EDGE_CURVE('',#384,#412,#414,.T.);
#412 = VERTEX_POINT('',#413);
#413 = CARTESIAN_POINT('',(-0.116046280145,0.919636914617,
    7.371791238964E-02));
#414 = SURFACE_CURVE('',#415,(#419,#426),.PCURVE_S1.);
#415 = LINE('',#416,#417);
#416 = CARTESIAN_POINT('',(-0.118300857026,0.919592729031,
    7.396308058691E-02));
#417 = VECTOR('',#418,1.);
#418 = DIRECTION('',(0.993950831138,1.947961997426E-02,-0.108084641308)
  );
#419 = PCURVE('',#99,#420);
#420 = DEFINITIONAL_REPRESENTATION('',(#421),#425);
#421 = LINE('',#422,#423);
#422 = CARTESIAN_POINT('',(6.E-03,-7.197115415564E-19));
#423 = VECTOR('',#424,1.);
#424 = DIRECTION('',(-0.108334541838,0.994114493931));
#425 = ( GEOMETRIC_REPRESENTATION_CONTEXT(2) 
PARAMETRIC_REPRESENTATION_CONTEXT() REPRESENTATION_CONTEXT('2D SPACE',''
  ) );
#426 = PCURVE('',#427,#432);
#427 = PLANE('',#428);
#428 = AXIS2_PLACEMENT_3D('',#429,#430,#431);
#429 = CARTESIAN_POINT('',(-0.112689440196,0.459592729031,
    4.266212306394E-02));
#430 = DIRECTION('',(0.109149640356,-6.615754986695E-02,0.991821321915)
  );
#431 = DIRECTION('',(0.993950831138,1.947961997426E-02,-0.108084641308)
  );
#432 = DEFINITIONAL_REPRESENTATION('',(#433),#437);
#433 = LINE('',#434,#435);
#434 = CARTESIAN_POINT('',(-5.637851296925E-18,0.461097861566));
#435 = VECTOR('',#436,1.);
#436 = DIRECTION('',(1.,-1.734723475977E-18));
#437 = ( GEOMETRIC_REPRESENTATION_CONTEXT(2) 
PARAMETRIC_REPRESENTATION_CONTEXT() REPRESENTATION_CONTEXT('2D SPACE',''
  ) );
#438 = ORIENTED_EDGE('',*,*,#439,.T.);
#439 = EDGE_CURVE('',#412,#440,#442,.T.);
#440 = VERTEX_POINT('',#441);
#441 = CARTESIAN_POINT('',(-0.11444864212,0.919705666424,
    7.299394673648E-02));
#442 = SURFACE_CURVE('',#443,(#447,#454),.PCURVE_S1.);
#443 = LINE('',#444,#445);
#444 = CARTESIAN_POINT('',(-0.116046280145,0.919636914617,
    7.371791238964E-02));
#445 = VECTOR('',#446,1.);
#446 = DIRECTION('',(0.910146645641,3.916671061889E-02,-0.412430663516)
  );
#447 = PCURVE('',#99,#448);
#448 = DEFINITIONAL_REPRESENTATION('',(#449),#453);
#449 = LINE('',#450,#451);
#450 = CARTESIAN_POINT('',(5.75426495381E-03,2.254948116633E-03));
#451 = VECTOR('',#452,1.);
#452 = DIRECTION('',(-0.413384236942,0.910556682831));
#453 = ( GEOMETRIC_REPRESENTATION_CONTEXT(2) 
PARAMETRIC_REPRESENTATION_CONTEXT() REPRESENTATION_CONTEXT('2D SPACE',''
  ) );
#454 = PCURVE('',#455,#460);
#455 = PLANE('',#456);
#456 = AXIS2_PLACEMENT_3D('',#457,#458,#459);
#457 = CARTESIAN_POINT('',(-0.110434863316,0.459636914617,
    4.241695486667E-02));
#458 = DIRECTION('',(0.414107452405,-5.676482870612E-02,0.908456257661)
  );
#459 = DIRECTION('',(0.910146645641,3.916671061889E-02,-0.412430663516)
  );
#460 = DEFINITIONAL_REPRESENTATION('',(#461),#465);
#461 = LINE('',#462,#463);
#462 = CARTESIAN_POINT('',(-1.040834085586E-17,0.461097861566));
#463 = VECTOR('',#464,1.);
#464 = DIRECTION('',(1.,3.469446951954E-18));
#465 = ( GEOMETRIC_REPRESENTATION_CONTEXT(2) 
PARAMETRIC_REPRESENTATION_CONTEXT() REPRESENTATION_CONTEXT('2D SPACE',''
  ) );
#466 = ORIENTED_EDGE('',*,*,#467,.T.);
#467 = EDGE_CURVE('',#440,#468,#470,.T.);
#468 = VERTEX_POINT('',#469);
#469 = CARTESIAN_POINT('',(-0.113274383234,0.919799781686,
    7.182133837612E-02));
#470 = SURFACE_CURVE('',#471,(#475,#482),.PCURVE_S1.);
#471 = LINE('',#472,#473);
#472 = CARTESIAN_POINT('',(-0.11444864212,0.919705666424,
    7.299394673648E-02));
#473 = VECTOR('',#474,1.);
#474 = DIRECTION('',(0.706468668359,5.662250860836E-02,-0.705475663752)
  );
#475 = PCURVE('',#99,#476);
#476 = DEFINITIONAL_REPRESENTATION('',(#477),#481);
#477 = LINE('',#478,#479);
#478 = CARTESIAN_POINT('',(5.028625432847E-03,3.85330590605E-03));
#479 = VECTOR('',#480,1.);
#480 = DIRECTION('',(-0.707106781187,0.707106781187));
#481 = ( GEOMETRIC_REPRESENTATION_CONTEXT(2) 
PARAMETRIC_REPRESENTATION_CONTEXT() REPRESENTATION_CONTEXT('2D SPACE',''
  ) );
#482 = PCURVE('',#483,#488);
#483 = PLANE('',#484);
#484 = AXIS2_PLACEMENT_3D('',#485,#486,#487);
#485 = CARTESIAN_POINT('',(-0.10883722529,0.459705666424,
    4.169298921351E-02));
#486 = DIRECTION('',(0.707639681855,-3.9372179488E-02,0.705475663752));
#487 = DIRECTION('',(0.706468668359,5.662250860836E-02,-0.705475663752)
  );
#488 = DEFINITIONAL_REPRESENTATION('',(#489),#493);
#489 = LINE('',#490,#491);
#490 = CARTESIAN_POINT('',(-6.938893903907E-18,0.461097861566));
#491 = VECTOR('',#492,1.);
#492 = DIRECTION('',(1.,-6.938893903907E-18));
#493 = ( GEOMETRIC_REPRESENTATION_CONTEXT(2) 
PARAMETRIC_REPRESENTATION_CONTEXT() REPRESENTATION_CONTEXT('2D SPACE',''
  ) );
#494 = ORIENTED_EDGE('',*,*,#495,.T.);
#495 = EDGE_CURVE('',#468,#496,#498,.T.);
#496 = VERTEX_POINT('',#497);
#497 = CARTESIAN_POINT('',(-0.112550121189,0.919917127031,
    7.022666759597E-02));
#498 = SURFACE_CURVE('',#499,(#503,#510),.PCURVE_S1.);
#499 = LINE('',#500,#501);
#500 = CARTESIAN_POINT('',(-0.113274383234,0.919799781686,
    7.182133837612E-02));
#501 = VECTOR('',#502,1.);
#502 = DIRECTION('',(0.41259951302,6.684960561698E-02,-0.908456257661));
#503 = PCURVE('',#99,#504);
#504 = DEFINITIONAL_REPRESENTATION('',(#505),#509);
#505 = LINE('',#506,#507);
#506 = CARTESIAN_POINT('',(3.85330590605E-03,5.028625432847E-03));
#507 = VECTOR('',#508,1.);
#508 = DIRECTION('',(-0.910556682831,0.413384236942));
#509 = ( GEOMETRIC_REPRESENTATION_CONTEXT(2) 
PARAMETRIC_REPRESENTATION_CONTEXT() REPRESENTATION_CONTEXT('2D SPACE',''
  ) );
#510 = PCURVE('',#511,#516);
#511 = PLANE('',#512);
#512 = AXIS2_PLACEMENT_3D('',#513,#514,#515);
#513 = CARTESIAN_POINT('',(-0.107662966405,0.459799781686,
    4.052038085315E-02));
#514 = DIRECTION('',(0.91083123605,-1.695308902808E-02,0.412430663516));
#515 = DIRECTION('',(0.41259951302,6.684960561698E-02,-0.908456257661));
#516 = DEFINITIONAL_REPRESENTATION('',(#517),#521);
#517 = LINE('',#518,#519);
#518 = CARTESIAN_POINT('',(-3.469446951954E-18,0.461097861566));
#519 = VECTOR('',#520,1.);
#520 = DIRECTION('',(1.,0.));
#521 = ( GEOMETRIC_REPRESENTATION_CONTEXT(2) 
PARAMETRIC_REPRESENTATION_CONTEXT() REPRESENTATION_CONTEXT('2D SPACE',''
  ) );
#522 = ORIENTED_EDGE('',*,*,#523,.T.);
#523 = EDGE_CURVE('',#496,#524,#526,.T.);
#524 = VERTEX_POINT('',#525);
#525 = CARTESIAN_POINT('',(-0.112306271593,0.920073186948,
    6.797692107729E-02));
#526 = SURFACE_CURVE('',#527,(#531,#538),.PCURVE_S1.);
#527 = LINE('',#528,#529);
#528 = CARTESIAN_POINT('',(-0.112550121189,0.919917127031,
    7.022666759597E-02));
#529 = VECTOR('',#530,1.);
#530 = DIRECTION('',(0.107503323957,6.880044136726E-02,-0.991821321915)
  );
#531 = PCURVE('',#99,#532);
#532 = DEFINITIONAL_REPRESENTATION('',(#533),#537);
#533 = LINE('',#534,#535);
#534 = CARTESIAN_POINT('',(2.254948116633E-03,5.75426495381E-03));
#535 = VECTOR('',#536,1.);
#536 = DIRECTION('',(-0.994114493931,0.108334541838));
#537 = ( GEOMETRIC_REPRESENTATION_CONTEXT(2) 
PARAMETRIC_REPRESENTATION_CONTEXT() REPRESENTATION_CONTEXT('2D SPACE',''
  ) );
#538 = PCURVE('',#539,#544);
#539 = PLANE('',#540);
#540 = AXIS2_PLACEMENT_3D('',#541,#542,#543);
#541 = CARTESIAN_POINT('',(-0.106938704359,0.459917127031,
    3.892571007301E-02));
#542 = DIRECTION('',(0.994130239982,4.772448680579E-03,0.108084641308));
#543 = DIRECTION('',(0.107503323957,6.880044136726E-02,-0.991821321915)
  );
#544 = DEFINITIONAL_REPRESENTATION('',(#545),#549);
#545 = LINE('',#546,#547);
#546 = CARTESIAN_POINT('',(-3.469446951954E-18,0.461097861566));
#547 = VECTOR('',#548,1.);
#548 = DIRECTION('',(1.,0.));
#549 = ( GEOMETRIC_REPRESENTATION_CONTEXT(2) 
PARAMETRIC_REPRESENTATION_CONTEXT() REPRESENTATION_CONTEXT('2D SPACE',''
  ) );
#550 = ORIENTED_EDGE('',*,*,#551,.T.);
#551 = EDGE_CURVE('',#524,#552,#554,.T.);
#552 = VERTEX_POINT('',#553);
#553 = CARTESIAN_POINT('',(-0.112553855526,0.920223251999,
    6.572717455862E-02));
#554 = SURFACE_CURVE('',#555,(#559,#566),.PCURVE_S1.);
#555 = LINE('',#556,#557);
#556 = CARTESIAN_POINT('',(-0.112306271593,0.920073186948,
    6.797692107729E-02));
#557 = VECTOR('',#558,1.);
#558 = DIRECTION('',(-0.109149640356,6.615754986695E-02,-0.991821321915)
  );
#559 = PCURVE('',#99,#560);
#560 = DEFINITIONAL_REPRESENTATION('',(#561),#565);
#561 = LINE('',#562,#563);
#562 = CARTESIAN_POINT('',(1.854480556814E-16,6.E-03));
#563 = VECTOR('',#564,1.);
#564 = DIRECTION('',(-0.994114493931,-0.108334541838));
#565 = ( GEOMETRIC_REPRESENTATION_CONTEXT(2) 
PARAMETRIC_REPRESENTATION_CONTEXT() REPRESENTATION_CONTEXT('2D SPACE',''
  ) );
#566 = PCURVE('',#567,#572);
#567 = PLANE('',#568);
#568 = AXIS2_PLACEMENT_3D('',#569,#570,#571);
#569 = CARTESIAN_POINT('',(-0.106694854763,0.460073186948,
    3.667596355433E-02));
#570 = DIRECTION('',(0.993950831138,1.947961997426E-02,-0.108084641308)
  );
#571 = DIRECTION('',(-0.109149640356,6.615754986695E-02,-0.991821321915)
  );
#572 = DEFINITIONAL_REPRESENTATION('',(#573),#577);
#573 = LINE('',#574,#575);
#574 = CARTESIAN_POINT('',(1.387778780781E-17,0.461097861566));
#575 = VECTOR('',#576,1.);
#576 = DIRECTION('',(1.,-1.387778780781E-17));
#577 = ( GEOMETRIC_REPRESENTATION_CONTEXT(2) 
PARAMETRIC_REPRESENTATION_CONTEXT() REPRESENTATION_CONTEXT('2D SPACE',''
  ) );
#578 = ORIENTED_EDGE('',*,*,#579,.T.);
#579 = EDGE_CURVE('',#552,#580,#582,.T.);
#580 = VERTEX_POINT('',#581);
#581 = CARTESIAN_POINT('',(-0.113280764552,0.920322894897,
    6.413250377847E-02));
#582 = SURFACE_CURVE('',#583,(#587,#594),.PCURVE_S1.);
#583 = LINE('',#584,#585);
#584 = CARTESIAN_POINT('',(-0.112553855526,0.920223251999,
    6.572717455862E-02));
#585 = VECTOR('',#586,1.);
#586 = DIRECTION('',(-0.414107452405,5.676482870612E-02,-0.908456257661)
  );
#587 = PCURVE('',#99,#588);
#588 = DEFINITIONAL_REPRESENTATION('',(#589),#593);
#589 = LINE('',#590,#591);
#590 = CARTESIAN_POINT('',(-2.254948116633E-03,5.75426495381E-03));
#591 = VECTOR('',#592,1.);
#592 = DIRECTION('',(-0.910556682831,-0.413384236942));
#593 = ( GEOMETRIC_REPRESENTATION_CONTEXT(2) 
PARAMETRIC_REPRESENTATION_CONTEXT() REPRESENTATION_CONTEXT('2D SPACE',''
  ) );
#594 = PCURVE('',#595,#600);
#595 = PLANE('',#596);
#596 = AXIS2_PLACEMENT_3D('',#597,#598,#599);
#597 = CARTESIAN_POINT('',(-0.106942438696,0.460223251999,
    3.442621703565E-02));
#598 = DIRECTION('',(0.910146645641,3.916671061889E-02,-0.412430663516)
  );
#599 = DIRECTION('',(-0.414107452405,5.676482870612E-02,-0.908456257661)
  );
#600 = DEFINITIONAL_REPRESENTATION('',(#601),#605);
#601 = LINE('',#602,#603);
#602 = CARTESIAN_POINT('',(1.040834085586E-17,0.461097861566));
#603 = VECTOR('',#604,1.);
#604 = DIRECTION('',(1.,-6.938893903907E-18));
#605 = ( GEOMETRIC_REPRESENTATION_CONTEXT(2) 
PARAMETRIC_REPRESENTATION_CONTEXT() REPRESENTATION_CONTEXT('2D SPACE',''
  ) );
#606 = ORIENTED_EDGE('',*,*,#607,.T.);
#607 = EDGE_CURVE('',#580,#608,#610,.T.);
#608 = VERTEX_POINT('',#609);
#609 = CARTESIAN_POINT('',(-0.114456969841,0.920388337476,
    6.295989541811E-02));
#610 = SURFACE_CURVE('',#611,(#615,#622),.PCURVE_S1.);
#611 = LINE('',#612,#613);
#612 = CARTESIAN_POINT('',(-0.113280764552,0.920322894897,
    6.413250377847E-02));
#613 = VECTOR('',#614,1.);
#614 = DIRECTION('',(-0.707639681855,3.9372179488E-02,-0.705475663752));
#615 = PCURVE('',#99,#616);
#616 = DEFINITIONAL_REPRESENTATION('',(#617),#621);
#617 = LINE('',#618,#619);
#618 = CARTESIAN_POINT('',(-3.85330590605E-03,5.028625432847E-03));
#619 = VECTOR('',#620,1.);
#620 = DIRECTION('',(-0.707106781187,-0.707106781187));
#621 = ( GEOMETRIC_REPRESENTATION_CONTEXT(2) 
PARAMETRIC_REPRESENTATION_CONTEXT() REPRESENTATION_CONTEXT('2D SPACE',''
  ) );
#622 = PCURVE('',#623,#628);
#623 = PLANE('',#624);
#624 = AXIS2_PLACEMENT_3D('',#625,#626,#627);
#625 = CARTESIAN_POINT('',(-0.107669347723,0.460322894897,
    3.28315462555E-02));
#626 = DIRECTION('',(0.706468668359,5.662250860836E-02,-0.705475663752)
  );
#627 = DIRECTION('',(-0.707639681855,3.9372179488E-02,-0.705475663752));
#628 = DEFINITIONAL_REPRESENTATION('',(#629),#633);
#629 = LINE('',#630,#631);
#630 = CARTESIAN_POINT('',(1.040834085586E-17,0.461097861566));
#631 = VECTOR('',#632,1.);
#632 = DIRECTION('',(1.,6.938893903907E-18));
#633 = ( GEOMETRIC_REPRESENTATION_CONTEXT(2) 
PARAMETRIC_REPRESENTATION_CONTEXT() REPRESENTATION_CONTEXT('2D SPACE',''
  ) );
#634 = ORIENTED_EDGE('',*,*,#635,.T.);
#635 = EDGE_CURVE('',#608,#636,#638,.T.);
#636 = VERTEX_POINT('',#637);
#637 = CARTESIAN_POINT('',(-0.116055809572,0.920418096306,
    6.223592976495E-02));
#638 = SURFACE_CURVE('',#639,(#643,#650),.PCURVE_S1.);
#639 = LINE('',#640,#641);
#640 = CARTESIAN_POINT('',(-0.114456969841,0.920388337476,
    6.295989541811E-02));
#641 = VECTOR('',#642,1.);
#642 = DIRECTION('',(-0.91083123605,1.695308902808E-02,-0.412430663516)
  );
#643 = PCURVE('',#99,#644);
#644 = DEFINITIONAL_REPRESENTATION('',(#645),#649);
#645 = LINE('',#646,#647);
#646 = CARTESIAN_POINT('',(-5.028625432847E-03,3.85330590605E-03));
#647 = VECTOR('',#648,1.);
#648 = DIRECTION('',(-0.413384236942,-0.910556682831));
#649 = ( GEOMETRIC_REPRESENTATION_CONTEXT(2) 
PARAMETRIC_REPRESENTATION_CONTEXT() REPRESENTATION_CONTEXT('2D SPACE',''
  ) );
#650 = PCURVE('',#651,#656);
#651 = PLANE('',#652);
#652 = AXIS2_PLACEMENT_3D('',#653,#654,#655);
#653 = CARTESIAN_POINT('',(-0.108845553012,0.460388337476,
    3.165893789514E-02));
#654 = DIRECTION('',(0.41259951302,6.684960561698E-02,-0.908456257661));
#655 = DIRECTION('',(-0.91083123605,1.695308902808E-02,-0.412430663516)
  );
#656 = DEFINITIONAL_REPRESENTATION('',(#657),#661);
#657 = LINE('',#658,#659);
#658 = CARTESIAN_POINT('',(1.214306433184E-17,0.461097861566));
#659 = VECTOR('',#660,1.);
#660 = DIRECTION('',(1.,-3.469446951954E-18));
#661 = ( GEOMETRIC_REPRESENTATION_CONTEXT(2) 
PARAMETRIC_REPRESENTATION_CONTEXT() REPRESENTATION_CONTEXT('2D SPACE',''
  ) );
#662 = ORIENTED_EDGE('',*,*,#663,.T.);
#663 = EDGE_CURVE('',#636,#664,#666,.T.);
#664 = VERTEX_POINT('',#665);
#665 = CARTESIAN_POINT('',(-0.118310793405,0.920407270969,
    6.199076156768E-02));
#666 = SURFACE_CURVE('',#667,(#671,#678),.PCURVE_S1.);
#667 = LINE('',#668,#669);
#668 = CARTESIAN_POINT('',(-0.116055809572,0.920418096306,
    6.223592976495E-02));
#669 = VECTOR('',#670,1.);
#670 = DIRECTION('',(-0.994130239982,-4.772448680579E-03,-0.108084641308
    ));
#671 = PCURVE('',#99,#672);
#672 = DEFINITIONAL_REPRESENTATION('',(#673),#677);
#673 = LINE('',#674,#675);
#674 = CARTESIAN_POINT('',(-5.75426495381E-03,2.254948116633E-03));
#675 = VECTOR('',#676,1.);
#676 = DIRECTION('',(-0.108334541838,-0.994114493931));
#677 = ( GEOMETRIC_REPRESENTATION_CONTEXT(2) 
PARAMETRIC_REPRESENTATION_CONTEXT() REPRESENTATION_CONTEXT('2D SPACE',''
  ) );
#678 = PCURVE('',#679,#684);
#679 = PLANE('',#680);
#680 = AXIS2_PLACEMENT_3D('',#681,#682,#683);
#681 = CARTESIAN_POINT('',(-0.110444392742,0.460418096306,
    3.093497224198E-02));
#682 = DIRECTION('',(0.107503323957,6.880044136726E-02,-0.991821321915)
  );
#683 = DIRECTION('',(-0.994130239982,-4.772448680579E-03,-0.108084641308
    ));
#684 = DEFINITIONAL_REPRESENTATION('',(#685),#689);
#685 = LINE('',#686,#687);
#686 = CARTESIAN_POINT('',(6.938893903907E-18,0.461097861566));
#687 = VECTOR('',#688,1.);
#688 = DIRECTION('',(1.,3.469446951954E-18));
#689 = ( GEOMETRIC_REPRESENTATION_CONTEXT(2) 
PARAMETRIC_REPRESENTATION_CONTEXT() REPRESENTATION_CONTEXT('2D SPACE',''
  ) );
#690 = ORIENTED_EDGE('',*,*,#691,.T.);
#691 = EDGE_CURVE('',#664,#692,#694,.T.);
#692 = VERTEX_POINT('',#693);
#693 = CARTESIAN_POINT('',(-0.120565370286,0.920363085383,
    6.223592976495E-02));
#694 = SURFACE_CURVE('',#695,(#699,#706),.PCURVE_S1.);
#695 = LINE('',#696,#697);
#696 = CARTESIAN_POINT('',(-0.118310793405,0.920407270969,
    6.199076156768E-02));
#697 = VECTOR('',#698,1.);
#698 = DIRECTION('',(-0.993950831138,-1.947961997426E-02,0.108084641307)
  );
#699 = PCURVE('',#99,#700);
#700 = DEFINITIONAL_REPRESENTATION('',(#701),#705);
#701 = LINE('',#702,#703);
#702 = CARTESIAN_POINT('',(-6.E-03,3.290116785368E-16));
#703 = VECTOR('',#704,1.);
#704 = DIRECTION('',(0.108334541838,-0.994114493931));
#705 = ( GEOMETRIC_REPRESENTATION_CONTEXT(2) 
PARAMETRIC_REPRESENTATION_CONTEXT() REPRESENTATION_CONTEXT('2D SPACE',''
  ) );
#706 = PCURVE('',#707,#712);
#707 = PLANE('',#708);
#708 = AXIS2_PLACEMENT_3D('',#709,#710,#711);
#709 = CARTESIAN_POINT('',(-0.112699376575,0.460407270969,
    3.068980404472E-02));
#710 = DIRECTION('',(-0.109149640356,6.615754986695E-02,-0.991821321915)
  );
#711 = DIRECTION('',(-0.993950831138,-1.947961997426E-02,0.108084641307)
  );
#712 = DEFINITIONAL_REPRESENTATION('',(#713),#717);
#713 = LINE('',#714,#715);
#714 = CARTESIAN_POINT('',(6.071532165919E-18,0.461097861566));
#715 = VECTOR('',#716,1.);
#716 = DIRECTION('',(1.,1.734723475977E-18));
#717 = ( GEOMETRIC_REPRESENTATION_CONTEXT(2) 
PARAMETRIC_REPRESENTATION_CONTEXT() REPRESENTATION_CONTEXT('2D SPACE',''
  ) );
#718 = ORIENTED_EDGE('',*,*,#719,.T.);
#719 = EDGE_CURVE('',#692,#720,#722,.T.);
#720 = VERTEX_POINT('',#721);
#721 = CARTESIAN_POINT('',(-0.122163008311,0.920294333576,
    6.295989541811E-02));
#722 = SURFACE_CURVE('',#723,(#727,#734),.PCURVE_S1.);
#723 = LINE('',#724,#725);
#724 = CARTESIAN_POINT('',(-0.120565370286,0.920363085383,
    6.223592976495E-02));
#725 = VECTOR('',#726,1.);
#726 = DIRECTION('',(-0.910146645641,-3.916671061889E-02,0.412430663516)
  );
#727 = PCURVE('',#99,#728);
#728 = DEFINITIONAL_REPRESENTATION('',(#729),#733);
#729 = LINE('',#730,#731);
#730 = CARTESIAN_POINT('',(-5.75426495381E-03,-2.254948116633E-03));
#731 = VECTOR('',#732,1.);
#732 = DIRECTION('',(0.413384236942,-0.910556682831));
#733 = ( GEOMETRIC_REPRESENTATION_CONTEXT(2) 
PARAMETRIC_REPRESENTATION_CONTEXT() REPRESENTATION_CONTEXT('2D SPACE',''
  ) );
#734 = PCURVE('',#735,#740);
#735 = PLANE('',#736);
#736 = AXIS2_PLACEMENT_3D('',#737,#738,#739);
#737 = CARTESIAN_POINT('',(-0.114953953456,0.460363085383,
    3.093497224198E-02));
#738 = DIRECTION('',(-0.414107452405,5.676482870612E-02,-0.908456257661)
  );
#739 = DIRECTION('',(-0.910146645641,-3.916671061889E-02,0.412430663516)
  );
#740 = DEFINITIONAL_REPRESENTATION('',(#741),#745);
#741 = LINE('',#742,#743);
#742 = CARTESIAN_POINT('',(1.561251128379E-17,0.461097861566));
#743 = VECTOR('',#744,1.);
#744 = DIRECTION('',(1.,-1.040834085586E-17));
#745 = ( GEOMETRIC_REPRESENTATION_CONTEXT(2) 
PARAMETRIC_REPRESENTATION_CONTEXT() REPRESENTATION_CONTEXT('2D SPACE',''
  ) );
#746 = ORIENTED_EDGE('',*,*,#747,.T.);
#747 = EDGE_CURVE('',#720,#308,#748,.T.);
#748 = SURFACE_CURVE('',#749,(#753,#760),.PCURVE_S1.);
#749 = LINE('',#750,#751);
#750 = CARTESIAN_POINT('',(-0.122163008311,0.920294333576,
    6.295989541811E-02));
#751 = VECTOR('',#752,1.);
#752 = DIRECTION('',(-0.706468668359,-5.662250860836E-02,0.705475663752)
  );
#753 = PCURVE('',#99,#754);
#754 = DEFINITIONAL_REPRESENTATION('',(#755),#759);
#755 = LINE('',#756,#757);
#756 = CARTESIAN_POINT('',(-5.028625432847E-03,-3.85330590605E-03));
#757 = VECTOR('',#758,1.);
#758 = DIRECTION('',(0.707106781187,-0.707106781187));
#759 = ( GEOMETRIC_REPRESENTATION_CONTEXT(2) 
PARAMETRIC_REPRESENTATION_CONTEXT() REPRESENTATION_CONTEXT('2D SPACE',''
  ) );
#760 = PCURVE('',#323,#761);
#761 = DEFINITIONAL_REPRESENTATION('',(#762),#766);
#762 = LINE('',#763,#764);
#763 = CARTESIAN_POINT('',(-3.469446951954E-18,0.461097861566));
#764 = VECTOR('',#765,1.);
#765 = DIRECTION('',(1.,0.));
#766 = ( GEOMETRIC_REPRESENTATION_CONTEXT(2) 
PARAMETRIC_REPRESENTATION_CONTEXT() REPRESENTATION_CONTEXT('2D SPACE',''
  ) );
#767 = ORIENTED_EDGE('',*,*,#357,.T.);
#768 = ORIENTED_EDGE('',*,*,#83,.T.);
#769 = ORIENTED_EDGE('',*,*,#770,.T.);
#770 = EDGE_CURVE('',#56,#771,#773,.T.);
#771 = VERTEX_POINT('',#772);
#772 = CARTESIAN_POINT('',(-0.124057794905,0.919776748001,
    7.022666759597E-02));
#773 = SURFACE_CURVE('',#774,(#778,#785),.PCURVE_S1.);
#774 = LINE('',#775,#776);
#775 = CARTESIAN_POINT('',(-0.124305378838,0.919926813052,
    6.797692107729E-02));
#776 = VECTOR('',#777,1.);
#777 = DIRECTION('',(0.109149640356,-6.615754986695E-02,0.991821321915)
  );
#778 = PCURVE('',#99,#779);
#779 = DEFINITIONAL_REPRESENTATION('',(#780),#784);
#780 = LINE('',#781,#782);
#781 = CARTESIAN_POINT('',(-4.61885199818E-16,-6.E-03));
#782 = VECTOR('',#783,1.);
#783 = DIRECTION('',(0.994114493932,0.108334541838));
#784 = ( GEOMETRIC_REPRESENTATION_CONTEXT(2) 
PARAMETRIC_REPRESENTATION_CONTEXT() REPRESENTATION_CONTEXT('2D SPACE',''
  ) );
#785 = PCURVE('',#71,#786);
#786 = DEFINITIONAL_REPRESENTATION('',(#787),#791);
#787 = LINE('',#788,#789);
#788 = CARTESIAN_POINT('',(-3.469446951954E-18,0.461097861566));
#789 = VECTOR('',#790,1.);
#790 = DIRECTION('',(1.,1.387778780781E-17));
#791 = ( GEOMETRIC_REPRESENTATION_CONTEXT(2) 
PARAMETRIC_REPRESENTATION_CONTEXT() REPRESENTATION_CONTEXT('2D SPACE',''
  ) );
#792 = ORIENTED_EDGE('',*,*,#793,.T.);
#793 = EDGE_CURVE('',#771,#794,#796,.T.);
#794 = VERTEX_POINT('',#795);
#795 = CARTESIAN_POINT('',(-0.123330885879,0.919677105103,
    7.182133837612E-02));
#796 = SURFACE_CURVE('',#797,(#801,#808),.PCURVE_S1.);
#797 = LINE('',#798,#799);
#798 = CARTESIAN_POINT('',(-0.124057794905,0.919776748001,
    7.022666759597E-02));
#799 = VECTOR('',#800,1.);
#800 = DIRECTION('',(0.414107452405,-5.676482870612E-02,0.908456257661)
  );
#801 = PCURVE('',#99,#802);
#802 = DEFINITIONAL_REPRESENTATION('',(#803),#807);
#803 = LINE('',#804,#805);
#804 = CARTESIAN_POINT('',(2.254948116633E-03,-5.75426495381E-03));
#805 = VECTOR('',#806,1.);
#806 = DIRECTION('',(0.910556682831,0.413384236942));
#807 = ( GEOMETRIC_REPRESENTATION_CONTEXT(2) 
PARAMETRIC_REPRESENTATION_CONTEXT() REPRESENTATION_CONTEXT('2D SPACE',''
  ) );
#808 = PCURVE('',#809,#814);
#809 = PLANE('',#810);
#810 = AXIS2_PLACEMENT_3D('',#811,#812,#813);
#811 = CARTESIAN_POINT('',(-0.118446378076,0.459776748001,
    3.892571007301E-02));
#812 = DIRECTION('',(-0.910146645641,-3.916671061889E-02,0.412430663516)
  );
#813 = DIRECTION('',(0.414107452405,-5.676482870612E-02,0.908456257661)
  );
#814 = DEFINITIONAL_REPRESENTATION('',(#815),#819);
#815 = LINE('',#816,#817);
#816 = CARTESIAN_POINT('',(-3.469446951954E-18,0.461097861566));
#817 = VECTOR('',#818,1.);
#818 = DIRECTION('',(1.,-6.938893903907E-18));
#819 = ( GEOMETRIC_REPRESENTATION_CONTEXT(2) 
PARAMETRIC_REPRESENTATION_CONTEXT() REPRESENTATION_CONTEXT('2D SPACE',''
  ) );
#820 = ORIENTED_EDGE('',*,*,#821,.T.);
#821 = EDGE_CURVE('',#794,#822,#824,.T.);
#822 = VERTEX_POINT('',#823);
#823 = CARTESIAN_POINT('',(-0.122154680589,0.919611662524,
    7.299394673648E-02));
#824 = SURFACE_CURVE('',#825,(#829,#836),.PCURVE_S1.);
#825 = LINE('',#826,#827);
#826 = CARTESIAN_POINT('',(-0.123330885879,0.919677105103,
    7.182133837612E-02));
#827 = VECTOR('',#828,1.);
#828 = DIRECTION('',(0.707639681855,-3.9372179488E-02,0.705475663752));
#829 = PCURVE('',#99,#830);
#830 = DEFINITIONAL_REPRESENTATION('',(#831),#835);
#831 = LINE('',#832,#833);
#832 = CARTESIAN_POINT('',(3.85330590605E-03,-5.028625432847E-03));
#833 = VECTOR('',#834,1.);
#834 = DIRECTION('',(0.707106781187,0.707106781187));
#835 = ( GEOMETRIC_REPRESENTATION_CONTEXT(2) 
PARAMETRIC_REPRESENTATION_CONTEXT() REPRESENTATION_CONTEXT('2D SPACE',''
  ) );
#836 = PCURVE('',#837,#842);
#837 = PLANE('',#838);
#838 = AXIS2_PLACEMENT_3D('',#839,#840,#841);
#839 = CARTESIAN_POINT('',(-0.117719469049,0.459677105103,
    4.052038085315E-02));
#840 = DIRECTION('',(-0.706468668359,-5.662250860836E-02,0.705475663752)
  );
#841 = DIRECTION('',(0.707639681855,-3.9372179488E-02,0.705475663752));
#842 = DEFINITIONAL_REPRESENTATION('',(#843),#847);
#843 = LINE('',#844,#845);
#844 = CARTESIAN_POINT('',(-6.938893903907E-18,0.461097861566));
#845 = VECTOR('',#846,1.);
#846 = DIRECTION('',(1.,0.));
#847 = ( GEOMETRIC_REPRESENTATION_CONTEXT(2) 
PARAMETRIC_REPRESENTATION_CONTEXT() REPRESENTATION_CONTEXT('2D SPACE',''
  ) );
#848 = ORIENTED_EDGE('',*,*,#849,.T.);
#849 = EDGE_CURVE('',#822,#382,#850,.T.);
#850 = SURFACE_CURVE('',#851,(#855,#862),.PCURVE_S1.);
#851 = LINE('',#852,#853);
#852 = CARTESIAN_POINT('',(-0.122154680589,0.919611662524,
    7.299394673648E-02));
#853 = VECTOR('',#854,1.);
#854 = DIRECTION('',(0.91083123605,-1.695308902808E-02,0.412430663516));
#855 = PCURVE('',#99,#856);
#856 = DEFINITIONAL_REPRESENTATION('',(#857),#861);
#857 = LINE('',#858,#859);
#858 = CARTESIAN_POINT('',(5.028625432847E-03,-3.85330590605E-03));
#859 = VECTOR('',#860,1.);
#860 = DIRECTION('',(0.413384236942,0.910556682831));
#861 = ( GEOMETRIC_REPRESENTATION_CONTEXT(2) 
PARAMETRIC_REPRESENTATION_CONTEXT() REPRESENTATION_CONTEXT('2D SPACE',''
  ) );
#862 = PCURVE('',#863,#868);
#863 = PLANE('',#864);
#864 = AXIS2_PLACEMENT_3D('',#865,#866,#867);
#865 = CARTESIAN_POINT('',(-0.11654326376,0.459611662524,
    4.169298921351E-02));
#866 = DIRECTION('',(-0.41259951302,-6.684960561698E-02,0.908456257661)
  );
#867 = DIRECTION('',(0.91083123605,-1.695308902808E-02,0.412430663516));
#868 = DEFINITIONAL_REPRESENTATION('',(#869),#873);
#869 = LINE('',#870,#871);
#870 = CARTESIAN_POINT('',(-3.469446951954E-18,0.461097861566));
#871 = VECTOR('',#872,1.);
#872 = DIRECTION('',(1.,0.));
#873 = ( GEOMETRIC_REPRESENTATION_CONTEXT(2) 
PARAMETRIC_REPRESENTATION_CONTEXT() REPRESENTATION_CONTEXT('2D SPACE',''
  ) );
#874 = ADVANCED_FACE('',(#875),#71,.T.);
#875 = FACE_BOUND('',#876,.T.);
#876 = EDGE_LOOP('',(#877,#878,#899,#920));
#877 = ORIENTED_EDGE('',*,*,#55,.F.);
#878 = ORIENTED_EDGE('',*,*,#879,.F.);
#879 = EDGE_CURVE('',#880,#24,#882,.T.);
#880 = VERTEX_POINT('',#881);
#881 = CARTESIAN_POINT('',(-0.112837684637,1.41894959324E-17,
    7.639943857326E-03));
#882 = SURFACE_CURVE('',#883,(#887,#893),.PCURVE_S1.);
#883 = LINE('',#884,#885);
#884 = CARTESIAN_POINT('',(-0.109663239198,-2.353672812205E-14,
    3.683227539662E-02));
#885 = VECTOR('',#886,1.);
#886 = DIRECTION('',(-0.108105153806,8.012750795074E-13,-0.994139464925)
  );
#887 = PCURVE('',#71,#888);
#888 = DEFINITIONAL_REPRESENTATION('',(#889),#892);
#889 = B_SPLINE_CURVE_WITH_KNOTS('',1,(#890,#891),.UNSPECIFIED.,.F.,.F.,
  (2,2),(2.93644227689E-02,3.163770318763E-02),
  .PIECEWISE_BEZIER_KNOTS.);
#890 = CARTESIAN_POINT('',(2.268298199452E-03,-0.460874076741));
#891 = CARTESIAN_POINT('',(4.024558464266E-16,-0.461024499946));
#892 = ( GEOMETRIC_REPRESENTATION_CONTEXT(2) 
PARAMETRIC_REPRESENTATION_CONTEXT() REPRESENTATION_CONTEXT('2D SPACE',''
  ) );
#893 = PCURVE('',#206,#894);
#894 = DEFINITIONAL_REPRESENTATION('',(#895),#898);
#895 = B_SPLINE_CURVE_WITH_KNOTS('',1,(#896,#897),.UNSPECIFIED.,.F.,.F.,
  (2,2),(2.93644227689E-02,3.163770318763E-02),
  .PIECEWISE_BEZIER_KNOTS.);
#896 = CARTESIAN_POINT('',(-3.469446951954E-18,-0.460874076741));
#897 = CARTESIAN_POINT('',(2.268298199451E-03,-0.461024499946));
#898 = ( GEOMETRIC_REPRESENTATION_CONTEXT(2) 
PARAMETRIC_REPRESENTATION_CONTEXT() REPRESENTATION_CONTEXT('2D SPACE',''
  ) );
#899 = ORIENTED_EDGE('',*,*,#900,.T.);
#900 = EDGE_CURVE('',#880,#771,#901,.T.);
#901 = SURFACE_CURVE('',#902,(#906,#913),.PCURVE_S1.);
#902 = LINE('',#903,#904);
#903 = CARTESIAN_POINT('',(-0.112834961246,-2.232519994356E-04,
    7.624752550041E-03));
#904 = VECTOR('',#905,1.);
#905 = DIRECTION('',(-1.216968738612E-02,0.997619026984,
    6.788354519074E-02));
#906 = PCURVE('',#71,#907);
#907 = DEFINITIONAL_REPRESENTATION('',(#908),#912);
#908 = LINE('',#909,#910);
#909 = CARTESIAN_POINT('',(2.268298199452E-03,-0.461097861566));
#910 = VECTOR('',#911,1.);
#911 = DIRECTION('',(0.,1.));
#912 = ( GEOMETRIC_REPRESENTATION_CONTEXT(2) 
PARAMETRIC_REPRESENTATION_CONTEXT() REPRESENTATION_CONTEXT('2D SPACE',''
  ) );
#913 = PCURVE('',#809,#914);
#914 = DEFINITIONAL_REPRESENTATION('',(#915),#919);
#915 = LINE('',#916,#917);
#916 = CARTESIAN_POINT('',(1.040834085586E-17,-0.461097861566));
#917 = VECTOR('',#918,1.);
#918 = DIRECTION('',(-6.938893903907E-18,1.));
#919 = ( GEOMETRIC_REPRESENTATION_CONTEXT(2) 
PARAMETRIC_REPRESENTATION_CONTEXT() REPRESENTATION_CONTEXT('2D SPACE',''
  ) );
#920 = ORIENTED_EDGE('',*,*,#770,.F.);
#921 = ADVANCED_FACE('',(#922),#155,.F.);
#922 = FACE_BOUND('',#923,.F.);
#923 = EDGE_LOOP('',(#924,#925,#946,#969,#992,#1015,#1038,#1061,#1084,
    #1107,#1130,#1151));
#924 = ORIENTED_EDGE('',*,*,#139,.T.);
#925 = ORIENTED_EDGE('',*,*,#926,.T.);
#926 = EDGE_CURVE('',#140,#927,#929,.T.);
#927 = VERTEX_POINT('',#928);
#928 = CARTESIAN_POINT('',(-0.101197795342,1.423015351387E-19,
    6.430062863273E-03));
#929 = SURFACE_CURVE('',#930,(#934,#940),.PCURVE_S1.);
#930 = LINE('',#931,#932);
#931 = CARTESIAN_POINT('',(-0.107082991556,8.778915217541E-21,
    5.375006031363E-03));
#932 = VECTOR('',#933,1.);
#933 = DIRECTION('',(0.984307842577,0.,0.176459828405));
#934 = PCURVE('',#155,#935);
#935 = DEFINITIONAL_REPRESENTATION('',(#936),#939);
#936 = B_SPLINE_CURVE_WITH_KNOTS('',1,(#937,#938),.UNSPECIFIED.,.F.,.F.,
  (2,2),(-6.09610748898E-03,6.09610748898E-03),
  .PIECEWISE_BEZIER_KNOTS.);
#937 = CARTESIAN_POINT('',(-1.07820522963E-03,-6.E-03));
#938 = CARTESIAN_POINT('',(1.07820522963E-03,6.E-03));
#939 = ( GEOMETRIC_REPRESENTATION_CONTEXT(2) 
PARAMETRIC_REPRESENTATION_CONTEXT() REPRESENTATION_CONTEXT('2D SPACE',''
  ) );
#940 = PCURVE('',#236,#941);
#941 = DEFINITIONAL_REPRESENTATION('',(#942),#945);
#942 = B_SPLINE_CURVE_WITH_KNOTS('',1,(#943,#944),.UNSPECIFIED.,.F.,.F.,
  (2,2),(-6.09610748898E-03,6.09610748898E-03),
  .PIECEWISE_BEZIER_KNOTS.);
#943 = CARTESIAN_POINT('',(-1.07820522963E-03,6.E-03));
#944 = CARTESIAN_POINT('',(1.07820522963E-03,-6.E-03));
#945 = ( GEOMETRIC_REPRESENTATION_CONTEXT(2) 
PARAMETRIC_REPRESENTATION_CONTEXT() REPRESENTATION_CONTEXT('2D SPACE',''
  ) );
#946 = ORIENTED_EDGE('',*,*,#947,.T.);
#947 = EDGE_CURVE('',#927,#948,#950,.T.);
#948 = VERTEX_POINT('',#949);
#949 = CARTESIAN_POINT('',(-0.101083437933,7.318694819223E-05,
    5.375006031363E-03));
#950 = SURFACE_CURVE('',#951,(#955,#962),.PCURVE_S1.);
#951 = LINE('',#952,#953);
#952 = CARTESIAN_POINT('',(-0.10132728753,-8.287296908259E-05,
    7.624752550041E-03));
#953 = VECTOR('',#954,1.);
#954 = DIRECTION('',(0.107503323957,6.880044136726E-02,-0.991821321915)
  );
#955 = PCURVE('',#155,#956);
#956 = DEFINITIONAL_REPRESENTATION('',(#957),#961);
#957 = LINE('',#958,#959);
#958 = CARTESIAN_POINT('',(2.254948116633E-03,5.75426495381E-03));
#959 = VECTOR('',#960,1.);
#960 = DIRECTION('',(-0.994114493931,0.108334541838));
#961 = ( GEOMETRIC_REPRESENTATION_CONTEXT(2) 
PARAMETRIC_REPRESENTATION_CONTEXT() REPRESENTATION_CONTEXT('2D SPACE',''
  ) );
#962 = PCURVE('',#539,#963);
#963 = DEFINITIONAL_REPRESENTATION('',(#964),#968);
#964 = LINE('',#965,#966);
#965 = CARTESIAN_POINT('',(-3.469446951954E-18,-0.461097861566));
#966 = VECTOR('',#967,1.);
#967 = DIRECTION('',(1.,0.));
#968 = ( GEOMETRIC_REPRESENTATION_CONTEXT(2) 
PARAMETRIC_REPRESENTATION_CONTEXT() REPRESENTATION_CONTEXT('2D SPACE',''
  ) );
#969 = ORIENTED_EDGE('',*,*,#970,.T.);
#970 = EDGE_CURVE('',#948,#971,#973,.T.);
#971 = VERTEX_POINT('',#972);
#972 = CARTESIAN_POINT('',(-0.101331021866,2.232519994356E-04,
    3.125259512685E-03));
#973 = SURFACE_CURVE('',#974,(#978,#985),.PCURVE_S1.);
#974 = LINE('',#975,#976);
#975 = CARTESIAN_POINT('',(-0.101083437933,7.318694819223E-05,
    5.375006031363E-03));
#976 = VECTOR('',#977,1.);
#977 = DIRECTION('',(-0.109149640356,6.615754986695E-02,-0.991821321915)
  );
#978 = PCURVE('',#155,#979);
#979 = DEFINITIONAL_REPRESENTATION('',(#980),#984);
#980 = LINE('',#981,#982);
#981 = CARTESIAN_POINT('',(1.854480556814E-16,6.E-03));
#982 = VECTOR('',#983,1.);
#983 = DIRECTION('',(-0.994114493931,-0.108334541838));
#984 = ( GEOMETRIC_REPRESENTATION_CONTEXT(2) 
PARAMETRIC_REPRESENTATION_CONTEXT() REPRESENTATION_CONTEXT('2D SPACE',''
  ) );
#985 = PCURVE('',#567,#986);
#986 = DEFINITIONAL_REPRESENTATION('',(#987),#991);
#987 = LINE('',#988,#989);
#988 = CARTESIAN_POINT('',(-6.938893903907E-18,-0.461097861566));
#989 = VECTOR('',#990,1.);
#990 = DIRECTION('',(1.,-1.387778780781E-17));
#991 = ( GEOMETRIC_REPRESENTATION_CONTEXT(2) 
PARAMETRIC_REPRESENTATION_CONTEXT() REPRESENTATION_CONTEXT('2D SPACE',''
  ) );
#992 = ORIENTED_EDGE('',*,*,#993,.T.);
#993 = EDGE_CURVE('',#971,#994,#996,.T.);
#994 = VERTEX_POINT('',#995);
#995 = CARTESIAN_POINT('',(-0.102057930893,3.22894896839E-04,
    1.530588732539E-03));
#996 = SURFACE_CURVE('',#997,(#1001,#1008),.PCURVE_S1.);
#997 = LINE('',#998,#999);
#998 = CARTESIAN_POINT('',(-0.101331021866,2.232519994356E-04,
    3.125259512685E-03));
#999 = VECTOR('',#1000,1.);
#1000 = DIRECTION('',(-0.414107452405,5.676482870612E-02,-0.908456257661
    ));
#1001 = PCURVE('',#155,#1002);
#1002 = DEFINITIONAL_REPRESENTATION('',(#1003),#1007);
#1003 = LINE('',#1004,#1005);
#1004 = CARTESIAN_POINT('',(-2.254948116633E-03,5.75426495381E-03));
#1005 = VECTOR('',#1006,1.);
#1006 = DIRECTION('',(-0.910556682831,-0.413384236942));
#1007 = ( GEOMETRIC_REPRESENTATION_CONTEXT(2) 
PARAMETRIC_REPRESENTATION_CONTEXT() REPRESENTATION_CONTEXT('2D SPACE',''
  ) );
#1008 = PCURVE('',#595,#1009);
#1009 = DEFINITIONAL_REPRESENTATION('',(#1010),#1014);
#1010 = LINE('',#1011,#1012);
#1011 = CARTESIAN_POINT('',(-1.040834085586E-17,-0.461097861566));
#1012 = VECTOR('',#1013,1.);
#1013 = DIRECTION('',(1.,-6.938893903907E-18));
#1014 = ( GEOMETRIC_REPRESENTATION_CONTEXT(2) 
PARAMETRIC_REPRESENTATION_CONTEXT() REPRESENTATION_CONTEXT('2D SPACE',''
  ) );
#1015 = ORIENTED_EDGE('',*,*,#1016,.T.);
#1016 = EDGE_CURVE('',#994,#1017,#1019,.T.);
#1017 = VERTEX_POINT('',#1018);
#1018 = CARTESIAN_POINT('',(-0.103234136182,3.883374758045E-04,
    3.579803721766E-04));
#1019 = SURFACE_CURVE('',#1020,(#1024,#1031),.PCURVE_S1.);
#1020 = LINE('',#1021,#1022);
#1021 = CARTESIAN_POINT('',(-0.102057930893,3.22894896839E-04,
    1.530588732539E-03));
#1022 = VECTOR('',#1023,1.);
#1023 = DIRECTION('',(-0.707639681855,3.9372179488E-02,-0.705475663752)
  );
#1024 = PCURVE('',#155,#1025);
#1025 = DEFINITIONAL_REPRESENTATION('',(#1026),#1030);
#1026 = LINE('',#1027,#1028);
#1027 = CARTESIAN_POINT('',(-3.85330590605E-03,5.028625432847E-03));
#1028 = VECTOR('',#1029,1.);
#1029 = DIRECTION('',(-0.707106781187,-0.707106781187));
#1030 = ( GEOMETRIC_REPRESENTATION_CONTEXT(2) 
PARAMETRIC_REPRESENTATION_CONTEXT() REPRESENTATION_CONTEXT('2D SPACE',''
  ) );
#1031 = PCURVE('',#623,#1032);
#1032 = DEFINITIONAL_REPRESENTATION('',(#1033),#1037);
#1033 = LINE('',#1034,#1035);
#1034 = CARTESIAN_POINT('',(-3.469446951954E-18,-0.461097861566));
#1035 = VECTOR('',#1036,1.);
#1036 = DIRECTION('',(1.,6.938893903907E-18));
#1037 = ( GEOMETRIC_REPRESENTATION_CONTEXT(2) 
PARAMETRIC_REPRESENTATION_CONTEXT() REPRESENTATION_CONTEXT('2D SPACE',''
  ) );
#1038 = ORIENTED_EDGE('',*,*,#1039,.T.);
#1039 = EDGE_CURVE('',#1017,#1040,#1042,.T.);
#1040 = VERTEX_POINT('',#1041);
#1041 = CARTESIAN_POINT('',(-0.104832975912,4.180963062141E-04,
    -3.659852809832E-04));
#1042 = SURFACE_CURVE('',#1043,(#1047,#1054),.PCURVE_S1.);
#1043 = LINE('',#1044,#1045);
#1044 = CARTESIAN_POINT('',(-0.103234136182,3.883374758045E-04,
    3.579803721766E-04));
#1045 = VECTOR('',#1046,1.);
#1046 = DIRECTION('',(-0.91083123605,1.695308902808E-02,-0.412430663516)
  );
#1047 = PCURVE('',#155,#1048);
#1048 = DEFINITIONAL_REPRESENTATION('',(#1049),#1053);
#1049 = LINE('',#1050,#1051);
#1050 = CARTESIAN_POINT('',(-5.028625432847E-03,3.85330590605E-03));
#1051 = VECTOR('',#1052,1.);
#1052 = DIRECTION('',(-0.413384236942,-0.910556682831));
#1053 = ( GEOMETRIC_REPRESENTATION_CONTEXT(2) 
PARAMETRIC_REPRESENTATION_CONTEXT() REPRESENTATION_CONTEXT('2D SPACE',''
  ) );
#1054 = PCURVE('',#651,#1055);
#1055 = DEFINITIONAL_REPRESENTATION('',(#1056),#1060);
#1056 = LINE('',#1057,#1058);
#1057 = CARTESIAN_POINT('',(-8.673617379884E-18,-0.461097861566));
#1058 = VECTOR('',#1059,1.);
#1059 = DIRECTION('',(1.,-3.469446951954E-18));
#1060 = ( GEOMETRIC_REPRESENTATION_CONTEXT(2) 
PARAMETRIC_REPRESENTATION_CONTEXT() REPRESENTATION_CONTEXT('2D SPACE',''
  ) );
#1061 = ORIENTED_EDGE('',*,*,#1062,.T.);
#1062 = EDGE_CURVE('',#1040,#1063,#1065,.T.);
#1063 = VERTEX_POINT('',#1064);
#1064 = CARTESIAN_POINT('',(-0.107087959746,4.072709694649E-04,
    -6.111534782494E-04));
#1065 = SURFACE_CURVE('',#1066,(#1070,#1077),.PCURVE_S1.);
#1066 = LINE('',#1067,#1068);
#1067 = CARTESIAN_POINT('',(-0.104832975912,4.180963062141E-04,
    -3.659852809832E-04));
#1068 = VECTOR('',#1069,1.);
#1069 = DIRECTION('',(-0.994130239982,-4.772448680579E-03,
    -0.108084641308));
#1070 = PCURVE('',#155,#1071);
#1071 = DEFINITIONAL_REPRESENTATION('',(#1072),#1076);
#1072 = LINE('',#1073,#1074);
#1073 = CARTESIAN_POINT('',(-5.75426495381E-03,2.254948116633E-03));
#1074 = VECTOR('',#1075,1.);
#1075 = DIRECTION('',(-0.108334541838,-0.994114493931));
#1076 = ( GEOMETRIC_REPRESENTATION_CONTEXT(2) 
PARAMETRIC_REPRESENTATION_CONTEXT() REPRESENTATION_CONTEXT('2D SPACE',''
  ) );
#1077 = PCURVE('',#679,#1078);
#1078 = DEFINITIONAL_REPRESENTATION('',(#1079),#1083);
#1079 = LINE('',#1080,#1081);
#1080 = CARTESIAN_POINT('',(-6.505213034913E-18,-0.461097861566));
#1081 = VECTOR('',#1082,1.);
#1082 = DIRECTION('',(1.,3.469446951954E-18));
#1083 = ( GEOMETRIC_REPRESENTATION_CONTEXT(2) 
PARAMETRIC_REPRESENTATION_CONTEXT() REPRESENTATION_CONTEXT('2D SPACE',''
  ) );
#1084 = ORIENTED_EDGE('',*,*,#1085,.T.);
#1085 = EDGE_CURVE('',#1063,#1086,#1088,.T.);
#1086 = VERTEX_POINT('',#1087);
#1087 = CARTESIAN_POINT('',(-0.109342536626,3.630853825513E-04,
    -3.659852809832E-04));
#1088 = SURFACE_CURVE('',#1089,(#1093,#1100),.PCURVE_S1.);
#1089 = LINE('',#1090,#1091);
#1090 = CARTESIAN_POINT('',(-0.107087959746,4.072709694649E-04,
    -6.111534782494E-04));
#1091 = VECTOR('',#1092,1.);
#1092 = DIRECTION('',(-0.993950831138,-1.947961997426E-02,0.108084641307
    ));
#1093 = PCURVE('',#155,#1094);
#1094 = DEFINITIONAL_REPRESENTATION('',(#1095),#1099);
#1095 = LINE('',#1096,#1097);
#1096 = CARTESIAN_POINT('',(-6.E-03,3.290116785368E-16));
#1097 = VECTOR('',#1098,1.);
#1098 = DIRECTION('',(0.108334541838,-0.994114493931));
#1099 = ( GEOMETRIC_REPRESENTATION_CONTEXT(2) 
PARAMETRIC_REPRESENTATION_CONTEXT() REPRESENTATION_CONTEXT('2D SPACE',''
  ) );
#1100 = PCURVE('',#707,#1101);
#1101 = DEFINITIONAL_REPRESENTATION('',(#1102),#1106);
#1102 = LINE('',#1103,#1104);
#1103 = CARTESIAN_POINT('',(-5.20417042793E-18,-0.461097861566));
#1104 = VECTOR('',#1105,1.);
#1105 = DIRECTION('',(1.,1.734723475977E-18));
#1106 = ( GEOMETRIC_REPRESENTATION_CONTEXT(2) 
PARAMETRIC_REPRESENTATION_CONTEXT() REPRESENTATION_CONTEXT('2D SPACE',''
  ) );
#1107 = ORIENTED_EDGE('',*,*,#1108,.T.);
#1108 = EDGE_CURVE('',#1086,#1109,#1111,.T.);
#1109 = VERTEX_POINT('',#1110);
#1110 = CARTESIAN_POINT('',(-0.110940174651,2.943335758995E-04,
    3.579803721766E-04));
#1111 = SURFACE_CURVE('',#1112,(#1116,#1123),.PCURVE_S1.);
#1112 = LINE('',#1113,#1114);
#1113 = CARTESIAN_POINT('',(-0.109342536626,3.630853825513E-04,
    -3.659852809832E-04));
#1114 = VECTOR('',#1115,1.);
#1115 = DIRECTION('',(-0.910146645641,-3.916671061889E-02,0.412430663516
    ));
#1116 = PCURVE('',#155,#1117);
#1117 = DEFINITIONAL_REPRESENTATION('',(#1118),#1122);
#1118 = LINE('',#1119,#1120);
#1119 = CARTESIAN_POINT('',(-5.75426495381E-03,-2.254948116633E-03));
#1120 = VECTOR('',#1121,1.);
#1121 = DIRECTION('',(0.413384236942,-0.910556682831));
#1122 = ( GEOMETRIC_REPRESENTATION_CONTEXT(2) 
PARAMETRIC_REPRESENTATION_CONTEXT() REPRESENTATION_CONTEXT('2D SPACE',''
  ) );
#1123 = PCURVE('',#735,#1124);
#1124 = DEFINITIONAL_REPRESENTATION('',(#1125),#1129);
#1125 = LINE('',#1126,#1127);
#1126 = CARTESIAN_POINT('',(-1.908195823574E-17,-0.461097861566));
#1127 = VECTOR('',#1128,1.);
#1128 = DIRECTION('',(1.,-1.040834085586E-17));
#1129 = ( GEOMETRIC_REPRESENTATION_CONTEXT(2) 
PARAMETRIC_REPRESENTATION_CONTEXT() REPRESENTATION_CONTEXT('2D SPACE',''
  ) );
#1130 = ORIENTED_EDGE('',*,*,#1131,.T.);
#1131 = EDGE_CURVE('',#1109,#306,#1132,.T.);
#1132 = SURFACE_CURVE('',#1133,(#1137,#1144),.PCURVE_S1.);
#1133 = LINE('',#1134,#1135);
#1134 = CARTESIAN_POINT('',(-0.110940174651,2.943335758995E-04,
    3.579803721766E-04));
#1135 = VECTOR('',#1136,1.);
#1136 = DIRECTION('',(-0.706468668359,-5.662250860836E-02,0.705475663752
    ));
#1137 = PCURVE('',#155,#1138);
#1138 = DEFINITIONAL_REPRESENTATION('',(#1139),#1143);
#1139 = LINE('',#1140,#1141);
#1140 = CARTESIAN_POINT('',(-5.028625432847E-03,-3.85330590605E-03));
#1141 = VECTOR('',#1142,1.);
#1142 = DIRECTION('',(0.707106781187,-0.707106781187));
#1143 = ( GEOMETRIC_REPRESENTATION_CONTEXT(2) 
PARAMETRIC_REPRESENTATION_CONTEXT() REPRESENTATION_CONTEXT('2D SPACE',''
  ) );
#1144 = PCURVE('',#323,#1145);
#1145 = DEFINITIONAL_REPRESENTATION('',(#1146),#1150);
#1146 = LINE('',#1147,#1148);
#1147 = CARTESIAN_POINT('',(-6.938893903907E-18,-0.461097861566));
#1148 = VECTOR('',#1149,1.);
#1149 = DIRECTION('',(1.,0.));
#1150 = ( GEOMETRIC_REPRESENTATION_CONTEXT(2) 
PARAMETRIC_REPRESENTATION_CONTEXT() REPRESENTATION_CONTEXT('2D SPACE',''
  ) );
#1151 = ORIENTED_EDGE('',*,*,#335,.T.);
#1152 = ADVANCED_FACE('',(#1153),#206,.T.);
#1153 = FACE_BOUND('',#1154,.T.);
#1154 = EDGE_LOOP('',(#1155,#1183,#1184,#1185));
#1155 = ORIENTED_EDGE('',*,*,#1156,.F.);
#1156 = EDGE_CURVE('',#880,#1157,#1159,.T.);
#1157 = VERTEX_POINT('',#1158);
#1158 = CARTESIAN_POINT('',(-0.124057794905,-0.919776748001,
    7.022666759597E-02));
#1159 = SURFACE_CURVE('',#1160,(#1164,#1171),.PCURVE_S1.);
#1160 = LINE('',#1161,#1162);
#1161 = CARTESIAN_POINT('',(-0.112834961246,2.232519994356E-04,
    7.624752550041E-03));
#1162 = VECTOR('',#1163,1.);
#1163 = DIRECTION('',(-1.216968738612E-02,-0.997619026984,
    6.788354519074E-02));
#1164 = PCURVE('',#206,#1165);
#1165 = DEFINITIONAL_REPRESENTATION('',(#1166),#1170);
#1166 = LINE('',#1167,#1168);
#1167 = CARTESIAN_POINT('',(-1.387778780781E-17,-0.461097861566));
#1168 = VECTOR('',#1169,1.);
#1169 = DIRECTION('',(1.387778780781E-17,1.));
#1170 = ( GEOMETRIC_REPRESENTATION_CONTEXT(2) 
PARAMETRIC_REPRESENTATION_CONTEXT() REPRESENTATION_CONTEXT('2D SPACE',''
  ) );
#1171 = PCURVE('',#1172,#1177);
#1172 = PLANE('',#1173);
#1173 = AXIS2_PLACEMENT_3D('',#1174,#1175,#1176);
#1174 = CARTESIAN_POINT('',(-0.117719469049,-0.459677105103,
    4.052038085315E-02));
#1175 = DIRECTION('',(-0.910146645641,3.916671061889E-02,0.412430663516)
  );
#1176 = DIRECTION('',(-0.414107452405,-5.676482870612E-02,
    -0.908456257661));
#1177 = DEFINITIONAL_REPRESENTATION('',(#1178),#1182);
#1178 = LINE('',#1179,#1180);
#1179 = CARTESIAN_POINT('',(1.755363306376E-03,-0.461097861566));
#1180 = VECTOR('',#1181,1.);
#1181 = DIRECTION('',(6.938893903907E-18,1.));
#1182 = ( GEOMETRIC_REPRESENTATION_CONTEXT(2) 
PARAMETRIC_REPRESENTATION_CONTEXT() REPRESENTATION_CONTEXT('2D SPACE',''
  ) );
#1183 = ORIENTED_EDGE('',*,*,#879,.T.);
#1184 = ORIENTED_EDGE('',*,*,#190,.T.);
#1185 = ORIENTED_EDGE('',*,*,#1186,.F.);
#1186 = EDGE_CURVE('',#1157,#191,#1187,.T.);
#1187 = SURFACE_CURVE('',#1188,(#1192,#1199),.PCURVE_S1.);
#1188 = LINE('',#1189,#1190);
#1189 = CARTESIAN_POINT('',(-0.124057794905,-0.919776748001,
    7.022666759597E-02));
#1190 = VECTOR('',#1191,1.);
#1191 = DIRECTION('',(-0.109149640356,-6.615754986695E-02,
    -0.991821321915));
#1192 = PCURVE('',#206,#1193);
#1193 = DEFINITIONAL_REPRESENTATION('',(#1194),#1198);
#1194 = LINE('',#1195,#1196);
#1195 = CARTESIAN_POINT('',(3.469446951954E-18,0.461097861566));
#1196 = VECTOR('',#1197,1.);
#1197 = DIRECTION('',(1.,1.387778780781E-17));
#1198 = ( GEOMETRIC_REPRESENTATION_CONTEXT(2) 
PARAMETRIC_REPRESENTATION_CONTEXT() REPRESENTATION_CONTEXT('2D SPACE',''
  ) );
#1199 = PCURVE('',#290,#1200);
#1200 = DEFINITIONAL_REPRESENTATION('',(#1201),#1205);
#1201 = LINE('',#1202,#1203);
#1202 = CARTESIAN_POINT('',(2.254948116633E-03,5.75426495381E-03));
#1203 = VECTOR('',#1204,1.);
#1204 = DIRECTION('',(-0.994114493931,0.108334541838));
#1205 = ( GEOMETRIC_REPRESENTATION_CONTEXT(2) 
PARAMETRIC_REPRESENTATION_CONTEXT() REPRESENTATION_CONTEXT('2D SPACE',''
  ) );
#1206 = ADVANCED_FACE('',(#1207),#290,.T.);
#1207 = FACE_BOUND('',#1208,.T.);
#1208 = EDGE_LOOP('',(#1209,#1239,#1267,#1295,#1323,#1344,#1345,#1346,
    #1369,#1397,#1425,#1453,#1481,#1509,#1537,#1565,#1593,#1621,#1649,
    #1677));
#1209 = ORIENTED_EDGE('',*,*,#1210,.T.);
#1210 = EDGE_CURVE('',#1211,#1213,#1215,.T.);
#1211 = VERTEX_POINT('',#1212);
#1212 = CARTESIAN_POINT('',(-0.116046280145,-0.919636914617,
    7.371791238964E-02));
#1213 = VERTEX_POINT('',#1214);
#1214 = CARTESIAN_POINT('',(-0.118300857026,-0.919592729031,
    7.396308058691E-02));
#1215 = SURFACE_CURVE('',#1216,(#1220,#1227),.PCURVE_S1.);
#1216 = LINE('',#1217,#1218);
#1217 = CARTESIAN_POINT('',(-0.116046280145,-0.919636914617,
    7.371791238964E-02));
#1218 = VECTOR('',#1219,1.);
#1219 = DIRECTION('',(-0.993950831138,1.947961997426E-02,0.108084641308)
  );
#1220 = PCURVE('',#290,#1221);
#1221 = DEFINITIONAL_REPRESENTATION('',(#1222),#1226);
#1222 = LINE('',#1223,#1224);
#1223 = CARTESIAN_POINT('',(5.75426495381E-03,-2.254948116633E-03));
#1224 = VECTOR('',#1225,1.);
#1225 = DIRECTION('',(0.108334541838,0.994114493931));
#1226 = ( GEOMETRIC_REPRESENTATION_CONTEXT(2) 
PARAMETRIC_REPRESENTATION_CONTEXT() REPRESENTATION_CONTEXT('2D SPACE',''
  ) );
#1227 = PCURVE('',#1228,#1233);
#1228 = PLANE('',#1229);
#1229 = AXIS2_PLACEMENT_3D('',#1230,#1231,#1232);
#1230 = CARTESIAN_POINT('',(-0.110434863316,-0.459636914617,
    4.241695486667E-02));
#1231 = DIRECTION('',(0.109149640356,6.615754986695E-02,0.991821321915)
  );
#1232 = DIRECTION('',(-0.993950831138,1.947961997426E-02,0.108084641308)
  );
#1233 = DEFINITIONAL_REPRESENTATION('',(#1234),#1238);
#1234 = LINE('',#1235,#1236);
#1235 = CARTESIAN_POINT('',(7.372574772901E-18,0.461097861566));
#1236 = VECTOR('',#1237,1.);
#1237 = DIRECTION('',(1.,3.469446951954E-18));
#1238 = ( GEOMETRIC_REPRESENTATION_CONTEXT(2) 
PARAMETRIC_REPRESENTATION_CONTEXT() REPRESENTATION_CONTEXT('2D SPACE',''
  ) );
#1239 = ORIENTED_EDGE('',*,*,#1240,.T.);
#1240 = EDGE_CURVE('',#1213,#1241,#1243,.T.);
#1241 = VERTEX_POINT('',#1242);
#1242 = CARTESIAN_POINT('',(-0.120555840859,-0.919581903694,
    7.371791238964E-02));
#1243 = SURFACE_CURVE('',#1244,(#1248,#1255),.PCURVE_S1.);
#1244 = LINE('',#1245,#1246);
#1245 = CARTESIAN_POINT('',(-0.118300857026,-0.919592729031,
    7.396308058691E-02));
#1246 = VECTOR('',#1247,1.);
#1247 = DIRECTION('',(-0.994130239982,4.77244868058E-03,-0.108084641308)
  );
#1248 = PCURVE('',#290,#1249);
#1249 = DEFINITIONAL_REPRESENTATION('',(#1250),#1254);
#1250 = LINE('',#1251,#1252);
#1251 = CARTESIAN_POINT('',(6.E-03,-7.197115415564E-19));
#1252 = VECTOR('',#1253,1.);
#1253 = DIRECTION('',(-0.108334541838,0.994114493931));
#1254 = ( GEOMETRIC_REPRESENTATION_CONTEXT(2) 
PARAMETRIC_REPRESENTATION_CONTEXT() REPRESENTATION_CONTEXT('2D SPACE',''
  ) );
#1255 = PCURVE('',#1256,#1261);
#1256 = PLANE('',#1257);
#1257 = AXIS2_PLACEMENT_3D('',#1258,#1259,#1260);
#1258 = CARTESIAN_POINT('',(-0.112689440196,-0.459592729031,
    4.266212306394E-02));
#1259 = DIRECTION('',(-0.107503323957,6.880044136726E-02,0.991821321915)
  );
#1260 = DIRECTION('',(-0.994130239982,4.77244868058E-03,-0.108084641308)
  );
#1261 = DEFINITIONAL_REPRESENTATION('',(#1262),#1266);
#1262 = LINE('',#1263,#1264);
#1263 = CARTESIAN_POINT('',(4.336808689942E-18,0.461097861566));
#1264 = VECTOR('',#1265,1.);
#1265 = DIRECTION('',(1.,1.734723475977E-18));
#1266 = ( GEOMETRIC_REPRESENTATION_CONTEXT(2) 
PARAMETRIC_REPRESENTATION_CONTEXT() REPRESENTATION_CONTEXT('2D SPACE',''
  ) );
#1267 = ORIENTED_EDGE('',*,*,#1268,.T.);
#1268 = EDGE_CURVE('',#1241,#1269,#1271,.T.);
#1269 = VERTEX_POINT('',#1270);
#1270 = CARTESIAN_POINT('',(-0.122154680589,-0.919611662524,
    7.299394673648E-02));
#1271 = SURFACE_CURVE('',#1272,(#1276,#1283),.PCURVE_S1.);
#1272 = LINE('',#1273,#1274);
#1273 = CARTESIAN_POINT('',(-0.120555840859,-0.919581903694,
    7.371791238964E-02));
#1274 = VECTOR('',#1275,1.);
#1275 = DIRECTION('',(-0.91083123605,-1.695308902808E-02,-0.412430663516
    ));
#1276 = PCURVE('',#290,#1277);
#1277 = DEFINITIONAL_REPRESENTATION('',(#1278),#1282);
#1278 = LINE('',#1279,#1280);
#1279 = CARTESIAN_POINT('',(5.75426495381E-03,2.254948116633E-03));
#1280 = VECTOR('',#1281,1.);
#1281 = DIRECTION('',(-0.413384236942,0.910556682831));
#1282 = ( GEOMETRIC_REPRESENTATION_CONTEXT(2) 
PARAMETRIC_REPRESENTATION_CONTEXT() REPRESENTATION_CONTEXT('2D SPACE',''
  ) );
#1283 = PCURVE('',#1284,#1289);
#1284 = PLANE('',#1285);
#1285 = AXIS2_PLACEMENT_3D('',#1286,#1287,#1288);
#1286 = CARTESIAN_POINT('',(-0.11494442403,-0.459581903694,
    4.241695486667E-02));
#1287 = DIRECTION('',(-0.41259951302,6.684960561698E-02,0.908456257661)
  );
#1288 = DIRECTION('',(-0.91083123605,-1.695308902808E-02,-0.412430663516
    ));
#1289 = DEFINITIONAL_REPRESENTATION('',(#1290),#1294);
#1290 = LINE('',#1291,#1292);
#1291 = CARTESIAN_POINT('',(6.938893903907E-18,0.461097861566));
#1292 = VECTOR('',#1293,1.);
#1293 = DIRECTION('',(1.,-1.040834085586E-17));
#1294 = ( GEOMETRIC_REPRESENTATION_CONTEXT(2) 
PARAMETRIC_REPRESENTATION_CONTEXT() REPRESENTATION_CONTEXT('2D SPACE',''
  ) );
#1295 = ORIENTED_EDGE('',*,*,#1296,.T.);
#1296 = EDGE_CURVE('',#1269,#1297,#1299,.T.);
#1297 = VERTEX_POINT('',#1298);
#1298 = CARTESIAN_POINT('',(-0.123330885879,-0.919677105103,
    7.182133837612E-02));
#1299 = SURFACE_CURVE('',#1300,(#1304,#1311),.PCURVE_S1.);
#1300 = LINE('',#1301,#1302);
#1301 = CARTESIAN_POINT('',(-0.122154680589,-0.919611662524,
    7.299394673648E-02));
#1302 = VECTOR('',#1303,1.);
#1303 = DIRECTION('',(-0.707639681855,-3.9372179488E-02,-0.705475663752)
  );
#1304 = PCURVE('',#290,#1305);
#1305 = DEFINITIONAL_REPRESENTATION('',(#1306),#1310);
#1306 = LINE('',#1307,#1308);
#1307 = CARTESIAN_POINT('',(5.028625432847E-03,3.85330590605E-03));
#1308 = VECTOR('',#1309,1.);
#1309 = DIRECTION('',(-0.707106781187,0.707106781187));
#1310 = ( GEOMETRIC_REPRESENTATION_CONTEXT(2) 
PARAMETRIC_REPRESENTATION_CONTEXT() REPRESENTATION_CONTEXT('2D SPACE',''
  ) );
#1311 = PCURVE('',#1312,#1317);
#1312 = PLANE('',#1313);
#1313 = AXIS2_PLACEMENT_3D('',#1314,#1315,#1316);
#1314 = CARTESIAN_POINT('',(-0.11654326376,-0.459611662524,
    4.169298921351E-02));
#1315 = DIRECTION('',(-0.706468668359,5.662250860836E-02,0.705475663752)
  );
#1316 = DIRECTION('',(-0.707639681855,-3.9372179488E-02,-0.705475663752)
  );
#1317 = DEFINITIONAL_REPRESENTATION('',(#1318),#1322);
#1318 = LINE('',#1319,#1320);
#1319 = CARTESIAN_POINT('',(0.,0.461097861566));
#1320 = VECTOR('',#1321,1.);
#1321 = DIRECTION('',(1.,6.938893903907E-18));
#1322 = ( GEOMETRIC_REPRESENTATION_CONTEXT(2) 
PARAMETRIC_REPRESENTATION_CONTEXT() REPRESENTATION_CONTEXT('2D SPACE',''
  ) );
#1323 = ORIENTED_EDGE('',*,*,#1324,.T.);
#1324 = EDGE_CURVE('',#1297,#1157,#1325,.T.);
#1325 = SURFACE_CURVE('',#1326,(#1330,#1337),.PCURVE_S1.);
#1326 = LINE('',#1327,#1328);
#1327 = CARTESIAN_POINT('',(-0.123330885879,-0.919677105103,
    7.182133837612E-02));
#1328 = VECTOR('',#1329,1.);
#1329 = DIRECTION('',(-0.414107452405,-5.676482870612E-02,
    -0.908456257661));
#1330 = PCURVE('',#290,#1331);
#1331 = DEFINITIONAL_REPRESENTATION('',(#1332),#1336);
#1332 = LINE('',#1333,#1334);
#1333 = CARTESIAN_POINT('',(3.85330590605E-03,5.028625432847E-03));
#1334 = VECTOR('',#1335,1.);
#1335 = DIRECTION('',(-0.910556682831,0.413384236942));
#1336 = ( GEOMETRIC_REPRESENTATION_CONTEXT(2) 
PARAMETRIC_REPRESENTATION_CONTEXT() REPRESENTATION_CONTEXT('2D SPACE',''
  ) );
#1337 = PCURVE('',#1172,#1338);
#1338 = DEFINITIONAL_REPRESENTATION('',(#1339),#1343);
#1339 = LINE('',#1340,#1341);
#1340 = CARTESIAN_POINT('',(-3.469446951954E-18,0.461097861566));
#1341 = VECTOR('',#1342,1.);
#1342 = DIRECTION('',(1.,1.387778780781E-17));
#1343 = ( GEOMETRIC_REPRESENTATION_CONTEXT(2) 
PARAMETRIC_REPRESENTATION_CONTEXT() REPRESENTATION_CONTEXT('2D SPACE',''
  ) );
#1344 = ORIENTED_EDGE('',*,*,#1186,.T.);
#1345 = ORIENTED_EDGE('',*,*,#276,.T.);
#1346 = ORIENTED_EDGE('',*,*,#1347,.T.);
#1347 = EDGE_CURVE('',#249,#1348,#1350,.T.);
#1348 = VERTEX_POINT('',#1349);
#1349 = CARTESIAN_POINT('',(-0.123337267196,-0.920200218314,
    6.413250377847E-02));
#1350 = SURFACE_CURVE('',#1351,(#1355,#1362),.PCURVE_S1.);
#1351 = LINE('',#1352,#1353);
#1352 = CARTESIAN_POINT('',(-0.124061529242,-0.920082872969,
    6.572717455862E-02));
#1353 = VECTOR('',#1354,1.);
#1354 = DIRECTION('',(0.41259951302,-6.684960561698E-02,-0.908456257661)
  );
#1355 = PCURVE('',#290,#1356);
#1356 = DEFINITIONAL_REPRESENTATION('',(#1357),#1361);
#1357 = LINE('',#1358,#1359);
#1358 = CARTESIAN_POINT('',(-2.254948116633E-03,5.75426495381E-03));
#1359 = VECTOR('',#1360,1.);
#1360 = DIRECTION('',(-0.910556682831,-0.413384236942));
#1361 = ( GEOMETRIC_REPRESENTATION_CONTEXT(2) 
PARAMETRIC_REPRESENTATION_CONTEXT() REPRESENTATION_CONTEXT('2D SPACE',''
  ) );
#1362 = PCURVE('',#264,#1363);
#1363 = DEFINITIONAL_REPRESENTATION('',(#1364),#1368);
#1364 = LINE('',#1365,#1366);
#1365 = CARTESIAN_POINT('',(1.387778780781E-17,0.461097861566));
#1366 = VECTOR('',#1367,1.);
#1367 = DIRECTION('',(1.,1.387778780781E-17));
#1368 = ( GEOMETRIC_REPRESENTATION_CONTEXT(2) 
PARAMETRIC_REPRESENTATION_CONTEXT() REPRESENTATION_CONTEXT('2D SPACE',''
  ) );
#1369 = ORIENTED_EDGE('',*,*,#1370,.T.);
#1370 = EDGE_CURVE('',#1348,#1371,#1373,.T.);
#1371 = VERTEX_POINT('',#1372);
#1372 = CARTESIAN_POINT('',(-0.122163008311,-0.920294333576,
    6.295989541811E-02));
#1373 = SURFACE_CURVE('',#1374,(#1378,#1385),.PCURVE_S1.);
#1374 = LINE('',#1375,#1376);
#1375 = CARTESIAN_POINT('',(-0.123337267196,-0.920200218314,
    6.413250377847E-02));
#1376 = VECTOR('',#1377,1.);
#1377 = DIRECTION('',(0.706468668359,-5.662250860836E-02,-0.705475663752
    ));
#1378 = PCURVE('',#290,#1379);
#1379 = DEFINITIONAL_REPRESENTATION('',(#1380),#1384);
#1380 = LINE('',#1381,#1382);
#1381 = CARTESIAN_POINT('',(-3.85330590605E-03,5.028625432847E-03));
#1382 = VECTOR('',#1383,1.);
#1383 = DIRECTION('',(-0.707106781187,-0.707106781187));
#1384 = ( GEOMETRIC_REPRESENTATION_CONTEXT(2) 
PARAMETRIC_REPRESENTATION_CONTEXT() REPRESENTATION_CONTEXT('2D SPACE',''
  ) );
#1385 = PCURVE('',#1386,#1391);
#1386 = PLANE('',#1387);
#1387 = AXIS2_PLACEMENT_3D('',#1388,#1389,#1390);
#1388 = CARTESIAN_POINT('',(-0.117725850367,-0.460200218314,
    3.28315462555E-02));
#1389 = DIRECTION('',(-0.707639681855,-3.9372179488E-02,-0.705475663752)
  );
#1390 = DIRECTION('',(0.706468668359,-5.662250860836E-02,-0.705475663752
    ));
#1391 = DEFINITIONAL_REPRESENTATION('',(#1392),#1396);
#1392 = LINE('',#1393,#1394);
#1393 = CARTESIAN_POINT('',(0.,0.461097861566));
#1394 = VECTOR('',#1395,1.);
#1395 = DIRECTION('',(1.,6.938893903907E-18));
#1396 = ( GEOMETRIC_REPRESENTATION_CONTEXT(2) 
PARAMETRIC_REPRESENTATION_CONTEXT() REPRESENTATION_CONTEXT('2D SPACE',''
  ) );
#1397 = ORIENTED_EDGE('',*,*,#1398,.T.);
#1398 = EDGE_CURVE('',#1371,#1399,#1401,.T.);
#1399 = VERTEX_POINT('',#1400);
#1400 = CARTESIAN_POINT('',(-0.120565370286,-0.920363085383,
    6.223592976495E-02));
#1401 = SURFACE_CURVE('',#1402,(#1406,#1413),.PCURVE_S1.);
#1402 = LINE('',#1403,#1404);
#1403 = CARTESIAN_POINT('',(-0.122163008311,-0.920294333576,
    6.295989541811E-02));
#1404 = VECTOR('',#1405,1.);
#1405 = DIRECTION('',(0.910146645641,-3.916671061889E-02,-0.412430663516
    ));
#1406 = PCURVE('',#290,#1407);
#1407 = DEFINITIONAL_REPRESENTATION('',(#1408),#1412);
#1408 = LINE('',#1409,#1410);
#1409 = CARTESIAN_POINT('',(-5.028625432847E-03,3.85330590605E-03));
#1410 = VECTOR('',#1411,1.);
#1411 = DIRECTION('',(-0.413384236942,-0.910556682831));
#1412 = ( GEOMETRIC_REPRESENTATION_CONTEXT(2) 
PARAMETRIC_REPRESENTATION_CONTEXT() REPRESENTATION_CONTEXT('2D SPACE',''
  ) );
#1413 = PCURVE('',#1414,#1419);
#1414 = PLANE('',#1415);
#1415 = AXIS2_PLACEMENT_3D('',#1416,#1417,#1418);
#1416 = CARTESIAN_POINT('',(-0.116551591481,-0.460294333576,
    3.165893789514E-02));
#1417 = DIRECTION('',(-0.414107452405,-5.676482870612E-02,
    -0.908456257661));
#1418 = DIRECTION('',(0.910146645641,-3.916671061889E-02,-0.412430663516
    ));
#1419 = DEFINITIONAL_REPRESENTATION('',(#1420),#1424);
#1420 = LINE('',#1421,#1422);
#1421 = CARTESIAN_POINT('',(-1.040834085586E-17,0.461097861566));
#1422 = VECTOR('',#1423,1.);
#1423 = DIRECTION('',(1.,0.));
#1424 = ( GEOMETRIC_REPRESENTATION_CONTEXT(2) 
PARAMETRIC_REPRESENTATION_CONTEXT() REPRESENTATION_CONTEXT('2D SPACE',''
  ) );
#1425 = ORIENTED_EDGE('',*,*,#1426,.T.);
#1426 = EDGE_CURVE('',#1399,#1427,#1429,.T.);
#1427 = VERTEX_POINT('',#1428);
#1428 = CARTESIAN_POINT('',(-0.118310793405,-0.920407270969,
    6.199076156768E-02));
#1429 = SURFACE_CURVE('',#1430,(#1434,#1441),.PCURVE_S1.);
#1430 = LINE('',#1431,#1432);
#1431 = CARTESIAN_POINT('',(-0.120565370286,-0.920363085383,
    6.223592976495E-02));
#1432 = VECTOR('',#1433,1.);
#1433 = DIRECTION('',(0.993950831138,-1.947961997426E-02,-0.108084641308
    ));
#1434 = PCURVE('',#290,#1435);
#1435 = DEFINITIONAL_REPRESENTATION('',(#1436),#1440);
#1436 = LINE('',#1437,#1438);
#1437 = CARTESIAN_POINT('',(-5.75426495381E-03,2.254948116633E-03));
#1438 = VECTOR('',#1439,1.);
#1439 = DIRECTION('',(-0.108334541838,-0.994114493931));
#1440 = ( GEOMETRIC_REPRESENTATION_CONTEXT(2) 
PARAMETRIC_REPRESENTATION_CONTEXT() REPRESENTATION_CONTEXT('2D SPACE',''
  ) );
#1441 = PCURVE('',#1442,#1447);
#1442 = PLANE('',#1443);
#1443 = AXIS2_PLACEMENT_3D('',#1444,#1445,#1446);
#1444 = CARTESIAN_POINT('',(-0.114953953456,-0.460363085383,
    3.093497224198E-02));
#1445 = DIRECTION('',(-0.109149640356,-6.615754986695E-02,
    -0.991821321915));
#1446 = DIRECTION('',(0.993950831138,-1.947961997426E-02,-0.108084641308
    ));
#1447 = DEFINITIONAL_REPRESENTATION('',(#1448),#1452);
#1448 = LINE('',#1449,#1450);
#1449 = CARTESIAN_POINT('',(-8.23993651089E-18,0.461097861566));
#1450 = VECTOR('',#1451,1.);
#1451 = DIRECTION('',(1.,6.071532165919E-18));
#1452 = ( GEOMETRIC_REPRESENTATION_CONTEXT(2) 
PARAMETRIC_REPRESENTATION_CONTEXT() REPRESENTATION_CONTEXT('2D SPACE',''
  ) );
#1453 = ORIENTED_EDGE('',*,*,#1454,.T.);
#1454 = EDGE_CURVE('',#1427,#1455,#1457,.T.);
#1455 = VERTEX_POINT('',#1456);
#1456 = CARTESIAN_POINT('',(-0.116055809572,-0.920418096306,
    6.223592976495E-02));
#1457 = SURFACE_CURVE('',#1458,(#1462,#1469),.PCURVE_S1.);
#1458 = LINE('',#1459,#1460);
#1459 = CARTESIAN_POINT('',(-0.118310793405,-0.920407270969,
    6.199076156768E-02));
#1460 = VECTOR('',#1461,1.);
#1461 = DIRECTION('',(0.994130239982,-4.772448680581E-03,0.108084641307)
  );
#1462 = PCURVE('',#290,#1463);
#1463 = DEFINITIONAL_REPRESENTATION('',(#1464),#1468);
#1464 = LINE('',#1465,#1466);
#1465 = CARTESIAN_POINT('',(-6.E-03,3.290116785368E-16));
#1466 = VECTOR('',#1467,1.);
#1467 = DIRECTION('',(0.108334541838,-0.994114493931));
#1468 = ( GEOMETRIC_REPRESENTATION_CONTEXT(2) 
PARAMETRIC_REPRESENTATION_CONTEXT() REPRESENTATION_CONTEXT('2D SPACE',''
  ) );
#1469 = PCURVE('',#1470,#1475);
#1470 = PLANE('',#1471);
#1471 = AXIS2_PLACEMENT_3D('',#1472,#1473,#1474);
#1472 = CARTESIAN_POINT('',(-0.112699376575,-0.460407270969,
    3.068980404472E-02));
#1473 = DIRECTION('',(0.107503323957,-6.880044136726E-02,-0.991821321915
    ));
#1474 = DIRECTION('',(0.994130239982,-4.772448680581E-03,0.108084641307)
  );
#1475 = DEFINITIONAL_REPRESENTATION('',(#1476),#1480);
#1476 = LINE('',#1477,#1478);
#1477 = CARTESIAN_POINT('',(-7.372574772901E-18,0.461097861566));
#1478 = VECTOR('',#1479,1.);
#1479 = DIRECTION('',(1.,0.));
#1480 = ( GEOMETRIC_REPRESENTATION_CONTEXT(2) 
PARAMETRIC_REPRESENTATION_CONTEXT() REPRESENTATION_CONTEXT('2D SPACE',''
  ) );
#1481 = ORIENTED_EDGE('',*,*,#1482,.T.);
#1482 = EDGE_CURVE('',#1455,#1483,#1485,.T.);
#1483 = VERTEX_POINT('',#1484);
#1484 = CARTESIAN_POINT('',(-0.114456969841,-0.920388337476,
    6.295989541811E-02));
#1485 = SURFACE_CURVE('',#1486,(#1490,#1497),.PCURVE_S1.);
#1486 = LINE('',#1487,#1488);
#1487 = CARTESIAN_POINT('',(-0.116055809572,-0.920418096306,
    6.223592976495E-02));
#1488 = VECTOR('',#1489,1.);
#1489 = DIRECTION('',(0.91083123605,1.695308902808E-02,0.412430663516));
#1490 = PCURVE('',#290,#1491);
#1491 = DEFINITIONAL_REPRESENTATION('',(#1492),#1496);
#1492 = LINE('',#1493,#1494);
#1493 = CARTESIAN_POINT('',(-5.75426495381E-03,-2.254948116633E-03));
#1494 = VECTOR('',#1495,1.);
#1495 = DIRECTION('',(0.413384236942,-0.910556682831));
#1496 = ( GEOMETRIC_REPRESENTATION_CONTEXT(2) 
PARAMETRIC_REPRESENTATION_CONTEXT() REPRESENTATION_CONTEXT('2D SPACE',''
  ) );
#1497 = PCURVE('',#1498,#1503);
#1498 = PLANE('',#1499);
#1499 = AXIS2_PLACEMENT_3D('',#1500,#1501,#1502);
#1500 = CARTESIAN_POINT('',(-0.110444392742,-0.460418096306,
    3.093497224198E-02));
#1501 = DIRECTION('',(0.41259951302,-6.684960561698E-02,-0.908456257661)
  );
#1502 = DIRECTION('',(0.91083123605,1.695308902808E-02,0.412430663516));
#1503 = DEFINITIONAL_REPRESENTATION('',(#1504),#1508);
#1504 = LINE('',#1505,#1506);
#1505 = CARTESIAN_POINT('',(-5.20417042793E-18,0.461097861566));
#1506 = VECTOR('',#1507,1.);
#1507 = DIRECTION('',(1.,6.938893903907E-18));
#1508 = ( GEOMETRIC_REPRESENTATION_CONTEXT(2) 
PARAMETRIC_REPRESENTATION_CONTEXT() REPRESENTATION_CONTEXT('2D SPACE',''
  ) );
#1509 = ORIENTED_EDGE('',*,*,#1510,.T.);
#1510 = EDGE_CURVE('',#1483,#1511,#1513,.T.);
#1511 = VERTEX_POINT('',#1512);
#1512 = CARTESIAN_POINT('',(-0.113280764552,-0.920322894897,
    6.413250377847E-02));
#1513 = SURFACE_CURVE('',#1514,(#1518,#1525),.PCURVE_S1.);
#1514 = LINE('',#1515,#1516);
#1515 = CARTESIAN_POINT('',(-0.114456969841,-0.920388337476,
    6.295989541811E-02));
#1516 = VECTOR('',#1517,1.);
#1517 = DIRECTION('',(0.707639681855,3.9372179488E-02,0.705475663752));
#1518 = PCURVE('',#290,#1519);
#1519 = DEFINITIONAL_REPRESENTATION('',(#1520),#1524);
#1520 = LINE('',#1521,#1522);
#1521 = CARTESIAN_POINT('',(-5.028625432847E-03,-3.85330590605E-03));
#1522 = VECTOR('',#1523,1.);
#1523 = DIRECTION('',(0.707106781187,-0.707106781187));
#1524 = ( GEOMETRIC_REPRESENTATION_CONTEXT(2) 
PARAMETRIC_REPRESENTATION_CONTEXT() REPRESENTATION_CONTEXT('2D SPACE',''
  ) );
#1525 = PCURVE('',#1526,#1531);
#1526 = PLANE('',#1527);
#1527 = AXIS2_PLACEMENT_3D('',#1528,#1529,#1530);
#1528 = CARTESIAN_POINT('',(-0.108845553012,-0.460388337476,
    3.165893789514E-02));
#1529 = DIRECTION('',(0.706468668359,-5.662250860836E-02,-0.705475663752
    ));
#1530 = DIRECTION('',(0.707639681855,3.9372179488E-02,0.705475663752));
#1531 = DEFINITIONAL_REPRESENTATION('',(#1532),#1536);
#1532 = LINE('',#1533,#1534);
#1533 = CARTESIAN_POINT('',(-1.387778780781E-17,0.461097861566));
#1534 = VECTOR('',#1535,1.);
#1535 = DIRECTION('',(1.,0.));
#1536 = ( GEOMETRIC_REPRESENTATION_CONTEXT(2) 
PARAMETRIC_REPRESENTATION_CONTEXT() REPRESENTATION_CONTEXT('2D SPACE',''
  ) );
#1537 = ORIENTED_EDGE('',*,*,#1538,.T.);
#1538 = EDGE_CURVE('',#1511,#1539,#1541,.T.);
#1539 = VERTEX_POINT('',#1540);
#1540 = CARTESIAN_POINT('',(-0.112553855526,-0.920223251999,
    6.572717455862E-02));
#1541 = SURFACE_CURVE('',#1542,(#1546,#1553),.PCURVE_S1.);
#1542 = LINE('',#1543,#1544);
#1543 = CARTESIAN_POINT('',(-0.113280764552,-0.920322894897,
    6.413250377847E-02));
#1544 = VECTOR('',#1545,1.);
#1545 = DIRECTION('',(0.414107452405,5.676482870612E-02,0.908456257661)
  );
#1546 = PCURVE('',#290,#1547);
#1547 = DEFINITIONAL_REPRESENTATION('',(#1548),#1552);
#1548 = LINE('',#1549,#1550);
#1549 = CARTESIAN_POINT('',(-3.85330590605E-03,-5.028625432847E-03));
#1550 = VECTOR('',#1551,1.);
#1551 = DIRECTION('',(0.910556682831,-0.413384236942));
#1552 = ( GEOMETRIC_REPRESENTATION_CONTEXT(2) 
PARAMETRIC_REPRESENTATION_CONTEXT() REPRESENTATION_CONTEXT('2D SPACE',''
  ) );
#1553 = PCURVE('',#1554,#1559);
#1554 = PLANE('',#1555);
#1555 = AXIS2_PLACEMENT_3D('',#1556,#1557,#1558);
#1556 = CARTESIAN_POINT('',(-0.107669347723,-0.460322894897,
    3.28315462555E-02));
#1557 = DIRECTION('',(0.910146645641,-3.916671061889E-02,-0.412430663516
    ));
#1558 = DIRECTION('',(0.414107452405,5.676482870612E-02,0.908456257661)
  );
#1559 = DEFINITIONAL_REPRESENTATION('',(#1560),#1564);
#1560 = LINE('',#1561,#1562);
#1561 = CARTESIAN_POINT('',(-1.387778780781E-17,0.461097861566));
#1562 = VECTOR('',#1563,1.);
#1563 = DIRECTION('',(1.,6.938893903907E-18));
#1564 = ( GEOMETRIC_REPRESENTATION_CONTEXT(2) 
PARAMETRIC_REPRESENTATION_CONTEXT() REPRESENTATION_CONTEXT('2D SPACE',''
  ) );
#1565 = ORIENTED_EDGE('',*,*,#1566,.T.);
#1566 = EDGE_CURVE('',#1539,#1567,#1569,.T.);
#1567 = VERTEX_POINT('',#1568);
#1568 = CARTESIAN_POINT('',(-0.112306271593,-0.920073186948,
    6.797692107729E-02));
#1569 = SURFACE_CURVE('',#1570,(#1574,#1581),.PCURVE_S1.);
#1570 = LINE('',#1571,#1572);
#1571 = CARTESIAN_POINT('',(-0.112553855526,-0.920223251999,
    6.572717455862E-02));
#1572 = VECTOR('',#1573,1.);
#1573 = DIRECTION('',(0.109149640356,6.615754986695E-02,0.991821321915)
  );
#1574 = PCURVE('',#290,#1575);
#1575 = DEFINITIONAL_REPRESENTATION('',(#1576),#1580);
#1576 = LINE('',#1577,#1578);
#1577 = CARTESIAN_POINT('',(-2.254948116633E-03,-5.75426495381E-03));
#1578 = VECTOR('',#1579,1.);
#1579 = DIRECTION('',(0.994114493931,-0.108334541838));
#1580 = ( GEOMETRIC_REPRESENTATION_CONTEXT(2) 
PARAMETRIC_REPRESENTATION_CONTEXT() REPRESENTATION_CONTEXT('2D SPACE',''
  ) );
#1581 = PCURVE('',#1582,#1587);
#1582 = PLANE('',#1583);
#1583 = AXIS2_PLACEMENT_3D('',#1584,#1585,#1586);
#1584 = CARTESIAN_POINT('',(-0.106942438696,-0.460223251999,
    3.442621703565E-02));
#1585 = DIRECTION('',(0.993950831138,-1.947961997426E-02,-0.108084641308
    ));
#1586 = DIRECTION('',(0.109149640356,6.615754986695E-02,0.991821321915)
  );
#1587 = DEFINITIONAL_REPRESENTATION('',(#1588),#1592);
#1588 = LINE('',#1589,#1590);
#1589 = CARTESIAN_POINT('',(-6.938893903907E-18,0.461097861566));
#1590 = VECTOR('',#1591,1.);
#1591 = DIRECTION('',(1.,0.));
#1592 = ( GEOMETRIC_REPRESENTATION_CONTEXT(2) 
PARAMETRIC_REPRESENTATION_CONTEXT() REPRESENTATION_CONTEXT('2D SPACE',''
  ) );
#1593 = ORIENTED_EDGE('',*,*,#1594,.T.);
#1594 = EDGE_CURVE('',#1567,#1595,#1597,.T.);
#1595 = VERTEX_POINT('',#1596);
#1596 = CARTESIAN_POINT('',(-0.112550121189,-0.919917127031,
    7.022666759597E-02));
#1597 = SURFACE_CURVE('',#1598,(#1602,#1609),.PCURVE_S1.);
#1598 = LINE('',#1599,#1600);
#1599 = CARTESIAN_POINT('',(-0.112306271593,-0.920073186948,
    6.797692107729E-02));
#1600 = VECTOR('',#1601,1.);
#1601 = DIRECTION('',(-0.107503323957,6.880044136726E-02,0.991821321915)
  );
#1602 = PCURVE('',#290,#1603);
#1603 = DEFINITIONAL_REPRESENTATION('',(#1604),#1608);
#1604 = LINE('',#1605,#1606);
#1605 = CARTESIAN_POINT('',(-4.61885199818E-16,-6.E-03));
#1606 = VECTOR('',#1607,1.);
#1607 = DIRECTION('',(0.994114493932,0.108334541838));
#1608 = ( GEOMETRIC_REPRESENTATION_CONTEXT(2) 
PARAMETRIC_REPRESENTATION_CONTEXT() REPRESENTATION_CONTEXT('2D SPACE',''
  ) );
#1609 = PCURVE('',#1610,#1615);
#1610 = PLANE('',#1611);
#1611 = AXIS2_PLACEMENT_3D('',#1612,#1613,#1614);
#1612 = CARTESIAN_POINT('',(-0.106694854763,-0.460073186948,
    3.667596355433E-02));
#1613 = DIRECTION('',(0.994130239982,-4.772448680581E-03,0.108084641307)
  );
#1614 = DIRECTION('',(-0.107503323957,6.880044136726E-02,0.991821321915)
  );
#1615 = DEFINITIONAL_REPRESENTATION('',(#1616),#1620);
#1616 = LINE('',#1617,#1618);
#1617 = CARTESIAN_POINT('',(-1.040834085586E-17,0.461097861566));
#1618 = VECTOR('',#1619,1.);
#1619 = DIRECTION('',(1.,1.387778780781E-17));
#1620 = ( GEOMETRIC_REPRESENTATION_CONTEXT(2) 
PARAMETRIC_REPRESENTATION_CONTEXT() REPRESENTATION_CONTEXT('2D SPACE',''
  ) );
#1621 = ORIENTED_EDGE('',*,*,#1622,.T.);
#1622 = EDGE_CURVE('',#1595,#1623,#1625,.T.);
#1623 = VERTEX_POINT('',#1624);
#1624 = CARTESIAN_POINT('',(-0.113274383234,-0.919799781686,
    7.182133837612E-02));
#1625 = SURFACE_CURVE('',#1626,(#1630,#1637),.PCURVE_S1.);
#1626 = LINE('',#1627,#1628);
#1627 = CARTESIAN_POINT('',(-0.112550121189,-0.919917127031,
    7.022666759597E-02));
#1628 = VECTOR('',#1629,1.);
#1629 = DIRECTION('',(-0.41259951302,6.684960561698E-02,0.908456257661)
  );
#1630 = PCURVE('',#290,#1631);
#1631 = DEFINITIONAL_REPRESENTATION('',(#1632),#1636);
#1632 = LINE('',#1633,#1634);
#1633 = CARTESIAN_POINT('',(2.254948116633E-03,-5.75426495381E-03));
#1634 = VECTOR('',#1635,1.);
#1635 = DIRECTION('',(0.910556682831,0.413384236942));
#1636 = ( GEOMETRIC_REPRESENTATION_CONTEXT(2) 
PARAMETRIC_REPRESENTATION_CONTEXT() REPRESENTATION_CONTEXT('2D SPACE',''
  ) );
#1637 = PCURVE('',#1638,#1643);
#1638 = PLANE('',#1639);
#1639 = AXIS2_PLACEMENT_3D('',#1640,#1641,#1642);
#1640 = CARTESIAN_POINT('',(-0.106938704359,-0.459917127031,
    3.892571007301E-02));
#1641 = DIRECTION('',(0.91083123605,1.695308902808E-02,0.412430663516));
#1642 = DIRECTION('',(-0.41259951302,6.684960561698E-02,0.908456257661)
  );
#1643 = DEFINITIONAL_REPRESENTATION('',(#1644),#1648);
#1644 = LINE('',#1645,#1646);
#1645 = CARTESIAN_POINT('',(-3.469446951954E-18,0.461097861566));
#1646 = VECTOR('',#1647,1.);
#1647 = DIRECTION('',(1.,1.387778780781E-17));
#1648 = ( GEOMETRIC_REPRESENTATION_CONTEXT(2) 
PARAMETRIC_REPRESENTATION_CONTEXT() REPRESENTATION_CONTEXT('2D SPACE',''
  ) );
#1649 = ORIENTED_EDGE('',*,*,#1650,.T.);
#1650 = EDGE_CURVE('',#1623,#1651,#1653,.T.);
#1651 = VERTEX_POINT('',#1652);
#1652 = CARTESIAN_POINT('',(-0.11444864212,-0.919705666424,
    7.299394673648E-02));
#1653 = SURFACE_CURVE('',#1654,(#1658,#1665),.PCURVE_S1.);
#1654 = LINE('',#1655,#1656);
#1655 = CARTESIAN_POINT('',(-0.113274383234,-0.919799781686,
    7.182133837612E-02));
#1656 = VECTOR('',#1657,1.);
#1657 = DIRECTION('',(-0.706468668359,5.662250860836E-02,0.705475663752)
  );
#1658 = PCURVE('',#290,#1659);
#1659 = DEFINITIONAL_REPRESENTATION('',(#1660),#1664);
#1660 = LINE('',#1661,#1662);
#1661 = CARTESIAN_POINT('',(3.85330590605E-03,-5.028625432847E-03));
#1662 = VECTOR('',#1663,1.);
#1663 = DIRECTION('',(0.707106781187,0.707106781187));
#1664 = ( GEOMETRIC_REPRESENTATION_CONTEXT(2) 
PARAMETRIC_REPRESENTATION_CONTEXT() REPRESENTATION_CONTEXT('2D SPACE',''
  ) );
#1665 = PCURVE('',#1666,#1671);
#1666 = PLANE('',#1667);
#1667 = AXIS2_PLACEMENT_3D('',#1668,#1669,#1670);
#1668 = CARTESIAN_POINT('',(-0.107662966405,-0.459799781686,
    4.052038085315E-02));
#1669 = DIRECTION('',(0.707639681855,3.9372179488E-02,0.705475663752));
#1670 = DIRECTION('',(-0.706468668359,5.662250860836E-02,0.705475663752)
  );
#1671 = DEFINITIONAL_REPRESENTATION('',(#1672),#1676);
#1672 = LINE('',#1673,#1674);
#1673 = CARTESIAN_POINT('',(6.938893903907E-18,0.461097861566));
#1674 = VECTOR('',#1675,1.);
#1675 = DIRECTION('',(1.,0.));
#1676 = ( GEOMETRIC_REPRESENTATION_CONTEXT(2) 
PARAMETRIC_REPRESENTATION_CONTEXT() REPRESENTATION_CONTEXT('2D SPACE',''
  ) );
#1677 = ORIENTED_EDGE('',*,*,#1678,.T.);
#1678 = EDGE_CURVE('',#1651,#1211,#1679,.T.);
#1679 = SURFACE_CURVE('',#1680,(#1684,#1691),.PCURVE_S1.);
#1680 = LINE('',#1681,#1682);
#1681 = CARTESIAN_POINT('',(-0.11444864212,-0.919705666424,
    7.299394673648E-02));
#1682 = VECTOR('',#1683,1.);
#1683 = DIRECTION('',(-0.910146645641,3.916671061889E-02,0.412430663516)
  );
#1684 = PCURVE('',#290,#1685);
#1685 = DEFINITIONAL_REPRESENTATION('',(#1686),#1690);
#1686 = LINE('',#1687,#1688);
#1687 = CARTESIAN_POINT('',(5.028625432847E-03,-3.85330590605E-03));
#1688 = VECTOR('',#1689,1.);
#1689 = DIRECTION('',(0.413384236942,0.910556682831));
#1690 = ( GEOMETRIC_REPRESENTATION_CONTEXT(2) 
PARAMETRIC_REPRESENTATION_CONTEXT() REPRESENTATION_CONTEXT('2D SPACE',''
  ) );
#1691 = PCURVE('',#1692,#1697);
#1692 = PLANE('',#1693);
#1693 = AXIS2_PLACEMENT_3D('',#1694,#1695,#1696);
#1694 = CARTESIAN_POINT('',(-0.10883722529,-0.459705666424,
    4.169298921351E-02));
#1695 = DIRECTION('',(0.414107452405,5.676482870612E-02,0.908456257661)
  );
#1696 = DIRECTION('',(-0.910146645641,3.916671061889E-02,0.412430663516)
  );
#1697 = DEFINITIONAL_REPRESENTATION('',(#1698),#1702);
#1698 = LINE('',#1699,#1700);
#1699 = CARTESIAN_POINT('',(5.20417042793E-18,0.461097861566));
#1700 = VECTOR('',#1701,1.);
#1701 = DIRECTION('',(1.,1.040834085586E-17));
#1702 = ( GEOMETRIC_REPRESENTATION_CONTEXT(2) 
PARAMETRIC_REPRESENTATION_CONTEXT() REPRESENTATION_CONTEXT('2D SPACE',''
  ) );
#1703 = ADVANCED_FACE('',(#1704),#264,.T.);
#1704 = FACE_BOUND('',#1705,.T.);
#1705 = EDGE_LOOP('',(#1706,#1707,#1730,#1751));
#1706 = ORIENTED_EDGE('',*,*,#248,.F.);
#1707 = ORIENTED_EDGE('',*,*,#1708,.T.);
#1708 = EDGE_CURVE('',#221,#1709,#1711,.T.);
#1709 = VERTEX_POINT('',#1710);
#1710 = CARTESIAN_POINT('',(-0.112114433537,-2.002183138283E-04,
    1.530588732539E-03));
#1711 = SURFACE_CURVE('',#1712,(#1716,#1723),.PCURVE_S1.);
#1712 = LINE('',#1713,#1714);
#1713 = CARTESIAN_POINT('',(-0.112838695583,-8.287296908259E-05,
    3.125259512685E-03));
#1714 = VECTOR('',#1715,1.);
#1715 = DIRECTION('',(0.41259951302,-6.684960561698E-02,-0.908456257661)
  );
#1716 = PCURVE('',#264,#1717);
#1717 = DEFINITIONAL_REPRESENTATION('',(#1718),#1722);
#1718 = LINE('',#1719,#1720);
#1719 = CARTESIAN_POINT('',(3.469446951954E-18,-0.461097861566));
#1720 = VECTOR('',#1721,1.);
#1721 = DIRECTION('',(1.,1.387778780781E-17));
#1722 = ( GEOMETRIC_REPRESENTATION_CONTEXT(2) 
PARAMETRIC_REPRESENTATION_CONTEXT() REPRESENTATION_CONTEXT('2D SPACE',''
  ) );
#1723 = PCURVE('',#236,#1724);
#1724 = DEFINITIONAL_REPRESENTATION('',(#1725),#1729);
#1725 = LINE('',#1726,#1727);
#1726 = CARTESIAN_POINT('',(-2.254948116633E-03,5.75426495381E-03));
#1727 = VECTOR('',#1728,1.);
#1728 = DIRECTION('',(-0.910556682831,-0.413384236942));
#1729 = ( GEOMETRIC_REPRESENTATION_CONTEXT(2) 
PARAMETRIC_REPRESENTATION_CONTEXT() REPRESENTATION_CONTEXT('2D SPACE',''
  ) );
#1730 = ORIENTED_EDGE('',*,*,#1731,.T.);
#1731 = EDGE_CURVE('',#1709,#1348,#1732,.T.);
#1732 = SURFACE_CURVE('',#1733,(#1737,#1744),.PCURVE_S1.);
#1733 = LINE('',#1734,#1735);
#1734 = CARTESIAN_POINT('',(-0.112114433537,-2.002183138283E-04,
    1.530588732539E-03));
#1735 = VECTOR('',#1736,1.);
#1736 = DIRECTION('',(-1.216968738612E-02,-0.997619026984,
    6.788354519074E-02));
#1737 = PCURVE('',#264,#1738);
#1738 = DEFINITIONAL_REPRESENTATION('',(#1739),#1743);
#1739 = LINE('',#1740,#1741);
#1740 = CARTESIAN_POINT('',(1.755363306376E-03,-0.461097861566));
#1741 = VECTOR('',#1742,1.);
#1742 = DIRECTION('',(1.387778780781E-17,1.));
#1743 = ( GEOMETRIC_REPRESENTATION_CONTEXT(2) 
PARAMETRIC_REPRESENTATION_CONTEXT() REPRESENTATION_CONTEXT('2D SPACE',''
  ) );
#1744 = PCURVE('',#1386,#1745);
#1745 = DEFINITIONAL_REPRESENTATION('',(#1746),#1750);
#1746 = LINE('',#1747,#1748);
#1747 = CARTESIAN_POINT('',(6.938893903907E-18,-0.461097861566));
#1748 = VECTOR('',#1749,1.);
#1749 = DIRECTION('',(-1.387778780781E-17,1.));
#1750 = ( GEOMETRIC_REPRESENTATION_CONTEXT(2) 
PARAMETRIC_REPRESENTATION_CONTEXT() REPRESENTATION_CONTEXT('2D SPACE',''
  ) );
#1751 = ORIENTED_EDGE('',*,*,#1347,.F.);
#1752 = ADVANCED_FACE('',(#1753),#236,.F.);
#1753 = FACE_BOUND('',#1754,.F.);
#1754 = EDGE_LOOP('',(#1755,#1778,#1779,#1780,#1781,#1804,#1827,#1850,
    #1873,#1896,#1919,#1942));
#1755 = ORIENTED_EDGE('',*,*,#1756,.T.);
#1756 = EDGE_CURVE('',#1757,#927,#1759,.T.);
#1757 = VERTEX_POINT('',#1758);
#1758 = CARTESIAN_POINT('',(-0.101083437933,-7.318694819227E-05,
    5.375006031363E-03));
#1759 = SURFACE_CURVE('',#1760,(#1764,#1771),.PCURVE_S1.);
#1760 = LINE('',#1761,#1762);
#1761 = CARTESIAN_POINT('',(-0.101083437933,-7.318694819227E-05,
    5.375006031363E-03));
#1762 = VECTOR('',#1763,1.);
#1763 = DIRECTION('',(-0.107503323957,6.880044136726E-02,0.991821321915)
  );
#1764 = PCURVE('',#236,#1765);
#1765 = DEFINITIONAL_REPRESENTATION('',(#1766),#1770);
#1766 = LINE('',#1767,#1768);
#1767 = CARTESIAN_POINT('',(-4.61885199818E-16,-6.E-03));
#1768 = VECTOR('',#1769,1.);
#1769 = DIRECTION('',(0.994114493932,0.108334541838));
#1770 = ( GEOMETRIC_REPRESENTATION_CONTEXT(2) 
PARAMETRIC_REPRESENTATION_CONTEXT() REPRESENTATION_CONTEXT('2D SPACE',''
  ) );
#1771 = PCURVE('',#1610,#1772);
#1772 = DEFINITIONAL_REPRESENTATION('',(#1773),#1777);
#1773 = LINE('',#1774,#1775);
#1774 = CARTESIAN_POINT('',(3.469446951954E-18,-0.461097861566));
#1775 = VECTOR('',#1776,1.);
#1776 = DIRECTION('',(1.,1.387778780781E-17));
#1777 = ( GEOMETRIC_REPRESENTATION_CONTEXT(2) 
PARAMETRIC_REPRESENTATION_CONTEXT() REPRESENTATION_CONTEXT('2D SPACE',''
  ) );
#1778 = ORIENTED_EDGE('',*,*,#926,.F.);
#1779 = ORIENTED_EDGE('',*,*,#220,.T.);
#1780 = ORIENTED_EDGE('',*,*,#1708,.T.);
#1781 = ORIENTED_EDGE('',*,*,#1782,.T.);
#1782 = EDGE_CURVE('',#1709,#1783,#1785,.T.);
#1783 = VERTEX_POINT('',#1784);
#1784 = CARTESIAN_POINT('',(-0.110940174651,-2.943335758995E-04,
    3.579803721766E-04));
#1785 = SURFACE_CURVE('',#1786,(#1790,#1797),.PCURVE_S1.);
#1786 = LINE('',#1787,#1788);
#1787 = CARTESIAN_POINT('',(-0.112114433537,-2.002183138283E-04,
    1.530588732539E-03));
#1788 = VECTOR('',#1789,1.);
#1789 = DIRECTION('',(0.706468668359,-5.662250860836E-02,-0.705475663752
    ));
#1790 = PCURVE('',#236,#1791);
#1791 = DEFINITIONAL_REPRESENTATION('',(#1792),#1796);
#1792 = LINE('',#1793,#1794);
#1793 = CARTESIAN_POINT('',(-3.85330590605E-03,5.028625432847E-03));
#1794 = VECTOR('',#1795,1.);
#1795 = DIRECTION('',(-0.707106781187,-0.707106781187));
#1796 = ( GEOMETRIC_REPRESENTATION_CONTEXT(2) 
PARAMETRIC_REPRESENTATION_CONTEXT() REPRESENTATION_CONTEXT('2D SPACE',''
  ) );
#1797 = PCURVE('',#1386,#1798);
#1798 = DEFINITIONAL_REPRESENTATION('',(#1799),#1803);
#1799 = LINE('',#1800,#1801);
#1800 = CARTESIAN_POINT('',(6.938893903907E-18,-0.461097861566));
#1801 = VECTOR('',#1802,1.);
#1802 = DIRECTION('',(1.,6.938893903907E-18));
#1803 = ( GEOMETRIC_REPRESENTATION_CONTEXT(2) 
PARAMETRIC_REPRESENTATION_CONTEXT() REPRESENTATION_CONTEXT('2D SPACE',''
  ) );
#1804 = ORIENTED_EDGE('',*,*,#1805,.T.);
#1805 = EDGE_CURVE('',#1783,#1806,#1808,.T.);
#1806 = VERTEX_POINT('',#1807);
#1807 = CARTESIAN_POINT('',(-0.109342536626,-3.630853825513E-04,
    -3.659852809832E-04));
#1808 = SURFACE_CURVE('',#1809,(#1813,#1820),.PCURVE_S1.);
#1809 = LINE('',#1810,#1811);
#1810 = CARTESIAN_POINT('',(-0.110940174651,-2.943335758995E-04,
    3.579803721766E-04));
#1811 = VECTOR('',#1812,1.);
#1812 = DIRECTION('',(0.910146645641,-3.916671061889E-02,-0.412430663516
    ));
#1813 = PCURVE('',#236,#1814);
#1814 = DEFINITIONAL_REPRESENTATION('',(#1815),#1819);
#1815 = LINE('',#1816,#1817);
#1816 = CARTESIAN_POINT('',(-5.028625432847E-03,3.85330590605E-03));
#1817 = VECTOR('',#1818,1.);
#1818 = DIRECTION('',(-0.413384236942,-0.910556682831));
#1819 = ( GEOMETRIC_REPRESENTATION_CONTEXT(2) 
PARAMETRIC_REPRESENTATION_CONTEXT() REPRESENTATION_CONTEXT('2D SPACE',''
  ) );
#1820 = PCURVE('',#1414,#1821);
#1821 = DEFINITIONAL_REPRESENTATION('',(#1822),#1826);
#1822 = LINE('',#1823,#1824);
#1823 = CARTESIAN_POINT('',(1.214306433184E-17,-0.461097861566));
#1824 = VECTOR('',#1825,1.);
#1825 = DIRECTION('',(1.,0.));
#1826 = ( GEOMETRIC_REPRESENTATION_CONTEXT(2) 
PARAMETRIC_REPRESENTATION_CONTEXT() REPRESENTATION_CONTEXT('2D SPACE',''
  ) );
#1827 = ORIENTED_EDGE('',*,*,#1828,.T.);
#1828 = EDGE_CURVE('',#1806,#1829,#1831,.T.);
#1829 = VERTEX_POINT('',#1830);
#1830 = CARTESIAN_POINT('',(-0.107087959746,-4.072709694649E-04,
    -6.111534782494E-04));
#1831 = SURFACE_CURVE('',#1832,(#1836,#1843),.PCURVE_S1.);
#1832 = LINE('',#1833,#1834);
#1833 = CARTESIAN_POINT('',(-0.109342536626,-3.630853825513E-04,
    -3.659852809832E-04));
#1834 = VECTOR('',#1835,1.);
#1835 = DIRECTION('',(0.993950831138,-1.947961997426E-02,-0.108084641308
    ));
#1836 = PCURVE('',#236,#1837);
#1837 = DEFINITIONAL_REPRESENTATION('',(#1838),#1842);
#1838 = LINE('',#1839,#1840);
#1839 = CARTESIAN_POINT('',(-5.75426495381E-03,2.254948116633E-03));
#1840 = VECTOR('',#1841,1.);
#1841 = DIRECTION('',(-0.108334541838,-0.994114493931));
#1842 = ( GEOMETRIC_REPRESENTATION_CONTEXT(2) 
PARAMETRIC_REPRESENTATION_CONTEXT() REPRESENTATION_CONTEXT('2D SPACE',''
  ) );
#1843 = PCURVE('',#1442,#1844);
#1844 = DEFINITIONAL_REPRESENTATION('',(#1845),#1849);
#1845 = LINE('',#1846,#1847);
#1846 = CARTESIAN_POINT('',(7.372574772901E-18,-0.461097861566));
#1847 = VECTOR('',#1848,1.);
#1848 = DIRECTION('',(1.,6.071532165919E-18));
#1849 = ( GEOMETRIC_REPRESENTATION_CONTEXT(2) 
PARAMETRIC_REPRESENTATION_CONTEXT() REPRESENTATION_CONTEXT('2D SPACE',''
  ) );
#1850 = ORIENTED_EDGE('',*,*,#1851,.T.);
#1851 = EDGE_CURVE('',#1829,#1852,#1854,.T.);
#1852 = VERTEX_POINT('',#1853);
#1853 = CARTESIAN_POINT('',(-0.104832975912,-4.180963062141E-04,
    -3.659852809832E-04));
#1854 = SURFACE_CURVE('',#1855,(#1859,#1866),.PCURVE_S1.);
#1855 = LINE('',#1856,#1857);
#1856 = CARTESIAN_POINT('',(-0.107087959746,-4.072709694649E-04,
    -6.111534782494E-04));
#1857 = VECTOR('',#1858,1.);
#1858 = DIRECTION('',(0.994130239982,-4.772448680581E-03,0.108084641307)
  );
#1859 = PCURVE('',#236,#1860);
#1860 = DEFINITIONAL_REPRESENTATION('',(#1861),#1865);
#1861 = LINE('',#1862,#1863);
#1862 = CARTESIAN_POINT('',(-6.E-03,3.290116785368E-16));
#1863 = VECTOR('',#1864,1.);
#1864 = DIRECTION('',(0.108334541838,-0.994114493931));
#1865 = ( GEOMETRIC_REPRESENTATION_CONTEXT(2) 
PARAMETRIC_REPRESENTATION_CONTEXT() REPRESENTATION_CONTEXT('2D SPACE',''
  ) );
#1866 = PCURVE('',#1470,#1867);
#1867 = DEFINITIONAL_REPRESENTATION('',(#1868),#1872);
#1868 = LINE('',#1869,#1870);
#1869 = CARTESIAN_POINT('',(6.505213034913E-18,-0.461097861566));
#1870 = VECTOR('',#1871,1.);
#1871 = DIRECTION('',(1.,0.));
#1872 = ( GEOMETRIC_REPRESENTATION_CONTEXT(2) 
PARAMETRIC_REPRESENTATION_CONTEXT() REPRESENTATION_CONTEXT('2D SPACE',''
  ) );
#1873 = ORIENTED_EDGE('',*,*,#1874,.T.);
#1874 = EDGE_CURVE('',#1852,#1875,#1877,.T.);
#1875 = VERTEX_POINT('',#1876);
#1876 = CARTESIAN_POINT('',(-0.103234136182,-3.883374758045E-04,
    3.579803721766E-04));
#1877 = SURFACE_CURVE('',#1878,(#1882,#1889),.PCURVE_S1.);
#1878 = LINE('',#1879,#1880);
#1879 = CARTESIAN_POINT('',(-0.104832975912,-4.180963062141E-04,
    -3.659852809832E-04));
#1880 = VECTOR('',#1881,1.);
#1881 = DIRECTION('',(0.91083123605,1.695308902808E-02,0.412430663516));
#1882 = PCURVE('',#236,#1883);
#1883 = DEFINITIONAL_REPRESENTATION('',(#1884),#1888);
#1884 = LINE('',#1885,#1886);
#1885 = CARTESIAN_POINT('',(-5.75426495381E-03,-2.254948116633E-03));
#1886 = VECTOR('',#1887,1.);
#1887 = DIRECTION('',(0.413384236942,-0.910556682831));
#1888 = ( GEOMETRIC_REPRESENTATION_CONTEXT(2) 
PARAMETRIC_REPRESENTATION_CONTEXT() REPRESENTATION_CONTEXT('2D SPACE',''
  ) );
#1889 = PCURVE('',#1498,#1890);
#1890 = DEFINITIONAL_REPRESENTATION('',(#1891),#1895);
#1891 = LINE('',#1892,#1893);
#1892 = CARTESIAN_POINT('',(3.469446951954E-18,-0.461097861566));
#1893 = VECTOR('',#1894,1.);
#1894 = DIRECTION('',(1.,6.938893903907E-18));
#1895 = ( GEOMETRIC_REPRESENTATION_CONTEXT(2) 
PARAMETRIC_REPRESENTATION_CONTEXT() REPRESENTATION_CONTEXT('2D SPACE',''
  ) );
#1896 = ORIENTED_EDGE('',*,*,#1897,.T.);
#1897 = EDGE_CURVE('',#1875,#1898,#1900,.T.);
#1898 = VERTEX_POINT('',#1899);
#1899 = CARTESIAN_POINT('',(-0.102057930893,-3.22894896839E-04,
    1.530588732539E-03));
#1900 = SURFACE_CURVE('',#1901,(#1905,#1912),.PCURVE_S1.);
#1901 = LINE('',#1902,#1903);
#1902 = CARTESIAN_POINT('',(-0.103234136182,-3.883374758045E-04,
    3.579803721766E-04));
#1903 = VECTOR('',#1904,1.);
#1904 = DIRECTION('',(0.707639681855,3.9372179488E-02,0.705475663752));
#1905 = PCURVE('',#236,#1906);
#1906 = DEFINITIONAL_REPRESENTATION('',(#1907),#1911);
#1907 = LINE('',#1908,#1909);
#1908 = CARTESIAN_POINT('',(-5.028625432847E-03,-3.85330590605E-03));
#1909 = VECTOR('',#1910,1.);
#1910 = DIRECTION('',(0.707106781187,-0.707106781187));
#1911 = ( GEOMETRIC_REPRESENTATION_CONTEXT(2) 
PARAMETRIC_REPRESENTATION_CONTEXT() REPRESENTATION_CONTEXT('2D SPACE',''
  ) );
#1912 = PCURVE('',#1526,#1913);
#1913 = DEFINITIONAL_REPRESENTATION('',(#1914),#1918);
#1914 = LINE('',#1915,#1916);
#1915 = CARTESIAN_POINT('',(6.938893903907E-18,-0.461097861566));
#1916 = VECTOR('',#1917,1.);
#1917 = DIRECTION('',(1.,0.));
#1918 = ( GEOMETRIC_REPRESENTATION_CONTEXT(2) 
PARAMETRIC_REPRESENTATION_CONTEXT() REPRESENTATION_CONTEXT('2D SPACE',''
  ) );
#1919 = ORIENTED_EDGE('',*,*,#1920,.T.);
#1920 = EDGE_CURVE('',#1898,#1921,#1923,.T.);
#1921 = VERTEX_POINT('',#1922);
#1922 = CARTESIAN_POINT('',(-0.101331021866,-2.232519994356E-04,
    3.125259512685E-03));
#1923 = SURFACE_CURVE('',#1924,(#1928,#1935),.PCURVE_S1.);
#1924 = LINE('',#1925,#1926);
#1925 = CARTESIAN_POINT('',(-0.102057930893,-3.22894896839E-04,
    1.530588732539E-03));
#1926 = VECTOR('',#1927,1.);
#1927 = DIRECTION('',(0.414107452405,5.676482870612E-02,0.908456257661)
  );
#1928 = PCURVE('',#236,#1929);
#1929 = DEFINITIONAL_REPRESENTATION('',(#1930),#1934);
#1930 = LINE('',#1931,#1932);
#1931 = CARTESIAN_POINT('',(-3.85330590605E-03,-5.028625432847E-03));
#1932 = VECTOR('',#1933,1.);
#1933 = DIRECTION('',(0.910556682831,-0.413384236942));
#1934 = ( GEOMETRIC_REPRESENTATION_CONTEXT(2) 
PARAMETRIC_REPRESENTATION_CONTEXT() REPRESENTATION_CONTEXT('2D SPACE',''
  ) );
#1935 = PCURVE('',#1554,#1936);
#1936 = DEFINITIONAL_REPRESENTATION('',(#1937),#1941);
#1937 = LINE('',#1938,#1939);
#1938 = CARTESIAN_POINT('',(1.040834085586E-17,-0.461097861566));
#1939 = VECTOR('',#1940,1.);
#1940 = DIRECTION('',(1.,6.938893903907E-18));
#1941 = ( GEOMETRIC_REPRESENTATION_CONTEXT(2) 
PARAMETRIC_REPRESENTATION_CONTEXT() REPRESENTATION_CONTEXT('2D SPACE',''
  ) );
#1942 = ORIENTED_EDGE('',*,*,#1943,.T.);
#1943 = EDGE_CURVE('',#1921,#1757,#1944,.T.);
#1944 = SURFACE_CURVE('',#1945,(#1949,#1956),.PCURVE_S1.);
#1945 = LINE('',#1946,#1947);
#1946 = CARTESIAN_POINT('',(-0.101331021866,-2.232519994356E-04,
    3.125259512685E-03));
#1947 = VECTOR('',#1948,1.);
#1948 = DIRECTION('',(0.109149640356,6.615754986695E-02,0.991821321915)
  );
#1949 = PCURVE('',#236,#1950);
#1950 = DEFINITIONAL_REPRESENTATION('',(#1951),#1955);
#1951 = LINE('',#1952,#1953);
#1952 = CARTESIAN_POINT('',(-2.254948116633E-03,-5.75426495381E-03));
#1953 = VECTOR('',#1954,1.);
#1954 = DIRECTION('',(0.994114493931,-0.108334541838));
#1955 = ( GEOMETRIC_REPRESENTATION_CONTEXT(2) 
PARAMETRIC_REPRESENTATION_CONTEXT() REPRESENTATION_CONTEXT('2D SPACE',''
  ) );
#1956 = PCURVE('',#1582,#1957);
#1957 = DEFINITIONAL_REPRESENTATION('',(#1958),#1962);
#1958 = LINE('',#1959,#1960);
#1959 = CARTESIAN_POINT('',(1.734723475977E-17,-0.461097861566));
#1960 = VECTOR('',#1961,1.);
#1961 = DIRECTION('',(1.,0.));
#1962 = ( GEOMETRIC_REPRESENTATION_CONTEXT(2) 
PARAMETRIC_REPRESENTATION_CONTEXT() REPRESENTATION_CONTEXT('2D SPACE',''
  ) );
#1963 = ADVANCED_FACE('',(#1964),#323,.T.);
#1964 = FACE_BOUND('',#1965,.T.);
#1965 = EDGE_LOOP('',(#1966,#1987,#1988,#1989));
#1966 = ORIENTED_EDGE('',*,*,#1967,.F.);
#1967 = EDGE_CURVE('',#1109,#720,#1968,.T.);
#1968 = SURFACE_CURVE('',#1969,(#1973,#1980),.PCURVE_S1.);
#1969 = LINE('',#1970,#1971);
#1970 = CARTESIAN_POINT('',(-0.110940174651,2.943335758995E-04,
    3.579803721766E-04));
#1971 = VECTOR('',#1972,1.);
#1972 = DIRECTION('',(-1.216968738612E-02,0.997619026984,
    6.788354519074E-02));
#1973 = PCURVE('',#323,#1974);
#1974 = DEFINITIONAL_REPRESENTATION('',(#1975),#1979);
#1975 = LINE('',#1976,#1977);
#1976 = CARTESIAN_POINT('',(-6.938893903907E-18,-0.461097861566));
#1977 = VECTOR('',#1978,1.);
#1978 = DIRECTION('',(1.387778780781E-17,1.));
#1979 = ( GEOMETRIC_REPRESENTATION_CONTEXT(2) 
PARAMETRIC_REPRESENTATION_CONTEXT() REPRESENTATION_CONTEXT('2D SPACE',''
  ) );
#1980 = PCURVE('',#735,#1981);
#1981 = DEFINITIONAL_REPRESENTATION('',(#1982),#1986);
#1982 = LINE('',#1983,#1984);
#1983 = CARTESIAN_POINT('',(1.755363306376E-03,-0.461097861566));
#1984 = VECTOR('',#1985,1.);
#1985 = DIRECTION('',(3.122502256758E-17,1.));
#1986 = ( GEOMETRIC_REPRESENTATION_CONTEXT(2) 
PARAMETRIC_REPRESENTATION_CONTEXT() REPRESENTATION_CONTEXT('2D SPACE',''
  ) );
#1987 = ORIENTED_EDGE('',*,*,#1131,.T.);
#1988 = ORIENTED_EDGE('',*,*,#305,.T.);
#1989 = ORIENTED_EDGE('',*,*,#747,.F.);
#1990 = ADVANCED_FACE('',(#1991),#399,.T.);
#1991 = FACE_BOUND('',#1992,.T.);
#1992 = EDGE_LOOP('',(#1993,#2016,#2037,#2058));
#1993 = ORIENTED_EDGE('',*,*,#1994,.T.);
#1994 = EDGE_CURVE('',#382,#1995,#1997,.T.);
#1995 = VERTEX_POINT('',#1996);
#1996 = CARTESIAN_POINT('',(-0.109338107445,-2.201580931449E-15,
    1.114444694093E-02));
#1997 = SURFACE_CURVE('',#1998,(#2002,#2009),.PCURVE_S1.);
#1998 = LINE('',#1999,#2000);
#1999 = CARTESIAN_POINT('',(-0.120555840859,0.919581903694,
    7.371791238964E-02));
#2000 = VECTOR('',#2001,1.);
#2001 = DIRECTION('',(1.216968738612E-02,-0.997619026984,
    -6.788354519074E-02));
#2002 = PCURVE('',#399,#2003);
#2003 = DEFINITIONAL_REPRESENTATION('',(#2004),#2008);
#2004 = LINE('',#2005,#2006);
#2005 = CARTESIAN_POINT('',(-5.20417042793E-18,0.461097861566));
#2006 = VECTOR('',#2007,1.);
#2007 = DIRECTION('',(1.47451495458E-17,-1.));
#2008 = ( GEOMETRIC_REPRESENTATION_CONTEXT(2) 
PARAMETRIC_REPRESENTATION_CONTEXT() REPRESENTATION_CONTEXT('2D SPACE',''
  ) );
#2009 = PCURVE('',#863,#2010);
#2010 = DEFINITIONAL_REPRESENTATION('',(#2011),#2015);
#2011 = LINE('',#2012,#2013);
#2012 = CARTESIAN_POINT('',(1.755363306376E-03,0.461097861566));
#2013 = VECTOR('',#2014,1.);
#2014 = DIRECTION('',(1.734723475977E-17,-1.));
#2015 = ( GEOMETRIC_REPRESENTATION_CONTEXT(2) 
PARAMETRIC_REPRESENTATION_CONTEXT() REPRESENTATION_CONTEXT('2D SPACE',''
  ) );
#2016 = ORIENTED_EDGE('',*,*,#2017,.F.);
#2017 = EDGE_CURVE('',#2018,#1995,#2020,.T.);
#2018 = VERTEX_POINT('',#2019);
#2019 = CARTESIAN_POINT('',(-0.107082991556,4.119968255445E-18,
    1.13888785221E-02));
#2020 = SURFACE_CURVE('',#2021,(#2025,#2031),.PCURVE_S1.);
#2021 = LINE('',#2022,#2023);
#2022 = CARTESIAN_POINT('',(-0.110401530607,-5.551115123126E-17,
    1.10291827072E-02));
#2023 = VECTOR('',#2024,1.);
#2024 = DIRECTION('',(-0.994177081943,-6.065695157215E-16,
    -0.107758664338));
#2025 = PCURVE('',#399,#2026);
#2026 = DEFINITIONAL_REPRESENTATION('',(#2027),#2030);
#2027 = B_SPLINE_CURVE_WITH_KNOTS('',1,(#2028,#2029),.UNSPECIFIED.,.F.,
  .F.,(2,2),(-3.337975810188E-03,-1.069651655753E-03),
  .PIECEWISE_BEZIER_KNOTS.);
#2028 = CARTESIAN_POINT('',(2.268298199451E-03,-0.460689618581));
#2029 = CARTESIAN_POINT('',(-4.987329993433E-18,-0.460678767408));
#2030 = ( GEOMETRIC_REPRESENTATION_CONTEXT(2) 
PARAMETRIC_REPRESENTATION_CONTEXT() REPRESENTATION_CONTEXT('2D SPACE',''
  ) );
#2031 = PCURVE('',#1256,#2032);
#2032 = DEFINITIONAL_REPRESENTATION('',(#2033),#2036);
#2033 = B_SPLINE_CURVE_WITH_KNOTS('',1,(#2034,#2035),.UNSPECIFIED.,.F.,
  .F.,(2,2),(-3.337975810188E-03,-1.069651655753E-03),
  .PIECEWISE_BEZIER_KNOTS.);
#2034 = CARTESIAN_POINT('',(-6.505213034913E-18,-0.460689618581));
#2035 = CARTESIAN_POINT('',(2.268298199451E-03,-0.460678767408));
#2036 = ( GEOMETRIC_REPRESENTATION_CONTEXT(2) 
PARAMETRIC_REPRESENTATION_CONTEXT() REPRESENTATION_CONTEXT('2D SPACE',''
  ) );
#2037 = ORIENTED_EDGE('',*,*,#2038,.T.);
#2038 = EDGE_CURVE('',#2018,#384,#2039,.T.);
#2039 = SURFACE_CURVE('',#2040,(#2044,#2051),.PCURVE_S1.);
#2040 = LINE('',#2041,#2042);
#2041 = CARTESIAN_POINT('',(-0.107078023367,-4.072709694649E-04,
    1.136116554098E-02));
#2042 = VECTOR('',#2043,1.);
#2043 = DIRECTION('',(-1.216968738612E-02,0.997619026984,
    6.788354519074E-02));
#2044 = PCURVE('',#399,#2045);
#2045 = DEFINITIONAL_REPRESENTATION('',(#2046),#2050);
#2046 = LINE('',#2047,#2048);
#2047 = CARTESIAN_POINT('',(2.268298199451E-03,-0.461097861566));
#2048 = VECTOR('',#2049,1.);
#2049 = DIRECTION('',(-1.47451495458E-17,1.));
#2050 = ( GEOMETRIC_REPRESENTATION_CONTEXT(2) 
PARAMETRIC_REPRESENTATION_CONTEXT() REPRESENTATION_CONTEXT('2D SPACE',''
  ) );
#2051 = PCURVE('',#427,#2052);
#2052 = DEFINITIONAL_REPRESENTATION('',(#2053),#2057);
#2053 = LINE('',#2054,#2055);
#2054 = CARTESIAN_POINT('',(4.770489558936E-18,-0.461097861566));
#2055 = VECTOR('',#2056,1.);
#2056 = DIRECTION('',(-1.214306433184E-17,1.));
#2057 = ( GEOMETRIC_REPRESENTATION_CONTEXT(2) 
PARAMETRIC_REPRESENTATION_CONTEXT() REPRESENTATION_CONTEXT('2D SPACE',''
  ) );
#2058 = ORIENTED_EDGE('',*,*,#381,.F.);
#2059 = ADVANCED_FACE('',(#2060),#427,.T.);
#2060 = FACE_BOUND('',#2061,.T.);
#2061 = EDGE_LOOP('',(#2062,#2063,#2084,#2105));
#2062 = ORIENTED_EDGE('',*,*,#2038,.F.);
#2063 = ORIENTED_EDGE('',*,*,#2064,.F.);
#2064 = EDGE_CURVE('',#2065,#2018,#2067,.T.);
#2065 = VERTEX_POINT('',#2066);
#2066 = CARTESIAN_POINT('',(-0.104827875667,-2.872891811598E-15,
    1.114070369183E-02));
#2067 = SURFACE_CURVE('',#2068,(#2072,#2078),.PCURVE_S1.);
#2068 = LINE('',#2069,#2070);
#2069 = CARTESIAN_POINT('',(-0.114895653977,-2.775557561563E-17,
    1.22486596889E-02));
#2070 = VECTOR('',#2071,1.);
#2071 = DIRECTION('',(-0.993998985357,-6.306880255177E-16,0.109389291568
    ));
#2072 = PCURVE('',#427,#2073);
#2073 = DEFINITIONAL_REPRESENTATION('',(#2074),#2077);
#2074 = B_SPLINE_CURVE_WITH_KNOTS('',1,(#2075,#2076),.UNSPECIFIED.,.F.,
  .F.,(2,2),(-1.012855994581E-02,-7.859829371652E-03),
  .PIECEWISE_BEZIER_KNOTS.);
#2075 = CARTESIAN_POINT('',(2.268298199451E-03,-0.460733909624));
#2076 = CARTESIAN_POINT('',(-5.20417042793E-18,-0.460689618581));
#2077 = ( GEOMETRIC_REPRESENTATION_CONTEXT(2) 
PARAMETRIC_REPRESENTATION_CONTEXT() REPRESENTATION_CONTEXT('2D SPACE',''
  ) );
#2078 = PCURVE('',#1228,#2079);
#2079 = DEFINITIONAL_REPRESENTATION('',(#2080),#2083);
#2080 = B_SPLINE_CURVE_WITH_KNOTS('',1,(#2081,#2082),.UNSPECIFIED.,.F.,
  .F.,(2,2),(-1.012855994581E-02,-7.859829371652E-03),
  .PIECEWISE_BEZIER_KNOTS.);
#2081 = CARTESIAN_POINT('',(-5.20417042793E-18,-0.460733909624));
#2082 = CARTESIAN_POINT('',(2.268298199451E-03,-0.460689618581));
#2083 = ( GEOMETRIC_REPRESENTATION_CONTEXT(2) 
PARAMETRIC_REPRESENTATION_CONTEXT() REPRESENTATION_CONTEXT('2D SPACE',''
  ) );
#2084 = ORIENTED_EDGE('',*,*,#2085,.T.);
#2085 = EDGE_CURVE('',#2065,#412,#2086,.T.);
#2086 = SURFACE_CURVE('',#2087,(#2091,#2098),.PCURVE_S1.);
#2087 = LINE('',#2088,#2089);
#2088 = CARTESIAN_POINT('',(-0.104823446486,-3.630853825513E-04,
    1.111599734371E-02));
#2089 = VECTOR('',#2090,1.);
#2090 = DIRECTION('',(-1.216968738612E-02,0.997619026984,
    6.788354519074E-02));
#2091 = PCURVE('',#427,#2092);
#2092 = DEFINITIONAL_REPRESENTATION('',(#2093),#2097);
#2093 = LINE('',#2094,#2095);
#2094 = CARTESIAN_POINT('',(2.268298199451E-03,-0.461097861566));
#2095 = VECTOR('',#2096,1.);
#2096 = DIRECTION('',(-1.214306433184E-17,1.));
#2097 = ( GEOMETRIC_REPRESENTATION_CONTEXT(2) 
PARAMETRIC_REPRESENTATION_CONTEXT() REPRESENTATION_CONTEXT('2D SPACE',''
  ) );
#2098 = PCURVE('',#455,#2099);
#2099 = DEFINITIONAL_REPRESENTATION('',(#2100),#2104);
#2100 = LINE('',#2101,#2102);
#2101 = CARTESIAN_POINT('',(6.938893903907E-18,-0.461097861566));
#2102 = VECTOR('',#2103,1.);
#2103 = DIRECTION('',(-1.734723475977E-17,1.));
#2104 = ( GEOMETRIC_REPRESENTATION_CONTEXT(2) 
PARAMETRIC_REPRESENTATION_CONTEXT() REPRESENTATION_CONTEXT('2D SPACE',''
  ) );
#2105 = ORIENTED_EDGE('',*,*,#411,.F.);
#2106 = ADVANCED_FACE('',(#2107),#455,.T.);
#2107 = FACE_BOUND('',#2108,.T.);
#2108 = EDGE_LOOP('',(#2109,#2110,#2131,#2152));
#2109 = ORIENTED_EDGE('',*,*,#2085,.F.);
#2110 = ORIENTED_EDGE('',*,*,#2111,.F.);
#2111 = EDGE_CURVE('',#2112,#2065,#2114,.T.);
#2112 = VERTEX_POINT('',#2113);
#2113 = CARTESIAN_POINT('',(-0.103229398957,8.839500312274E-16,
    1.04120597835E-02));
#2114 = SURFACE_CURVE('',#2115,(#2119,#2125),.PCURVE_S1.);
#2115 = LINE('',#2116,#2117);
#2116 = CARTESIAN_POINT('',(-0.120476347293,8.326672684689E-17,
    1.827384704807E-02));
#2117 = VECTOR('',#2118,1.);
#2118 = DIRECTION('',(-0.909923439,5.387216429099E-15,0.414776247101));
#2119 = PCURVE('',#455,#2120);
#2120 = DEFINITIONAL_REPRESENTATION('',(#2121),#2124);
#2121 = B_SPLINE_CURVE_WITH_KNOTS('',1,(#2122,#2123),.UNSPECIFIED.,.F.,
  .F.,(2,2),(-1.895428515861E-02,-1.719756954766E-02),
  .PIECEWISE_BEZIER_KNOTS.);
#2122 = CARTESIAN_POINT('',(1.755363306376E-03,-0.460802825517));
#2123 = CARTESIAN_POINT('',(0.,-0.460733909624));
#2124 = ( GEOMETRIC_REPRESENTATION_CONTEXT(2) 
PARAMETRIC_REPRESENTATION_CONTEXT() REPRESENTATION_CONTEXT('2D SPACE',''
  ) );
#2125 = PCURVE('',#1692,#2126);
#2126 = DEFINITIONAL_REPRESENTATION('',(#2127),#2130);
#2127 = B_SPLINE_CURVE_WITH_KNOTS('',1,(#2128,#2129),.UNSPECIFIED.,.F.,
  .F.,(2,2),(-1.895428515861E-02,-1.719756954766E-02),
  .PIECEWISE_BEZIER_KNOTS.);
#2128 = CARTESIAN_POINT('',(-6.938893903907E-18,-0.460802825517));
#2129 = CARTESIAN_POINT('',(1.755363306376E-03,-0.460733909624));
#2130 = ( GEOMETRIC_REPRESENTATION_CONTEXT(2) 
PARAMETRIC_REPRESENTATION_CONTEXT() REPRESENTATION_CONTEXT('2D SPACE',''
  ) );
#2131 = ORIENTED_EDGE('',*,*,#2132,.T.);
#2132 = EDGE_CURVE('',#2112,#440,#2133,.T.);
#2133 = SURFACE_CURVE('',#2134,(#2138,#2145),.PCURVE_S1.);
#2134 = LINE('',#2135,#2136);
#2135 = CARTESIAN_POINT('',(-0.103225808461,-2.943335758995E-04,
    1.039203169055E-02));
#2136 = VECTOR('',#2137,1.);
#2137 = DIRECTION('',(-1.216968738612E-02,0.997619026984,
    6.788354519074E-02));
#2138 = PCURVE('',#455,#2139);
#2139 = DEFINITIONAL_REPRESENTATION('',(#2140),#2144);
#2140 = LINE('',#2141,#2142);
#2141 = CARTESIAN_POINT('',(1.755363306376E-03,-0.461097861566));
#2142 = VECTOR('',#2143,1.);
#2143 = DIRECTION('',(-1.734723475977E-17,1.));
#2144 = ( GEOMETRIC_REPRESENTATION_CONTEXT(2) 
PARAMETRIC_REPRESENTATION_CONTEXT() REPRESENTATION_CONTEXT('2D SPACE',''
  ) );
#2145 = PCURVE('',#483,#2146);
#2146 = DEFINITIONAL_REPRESENTATION('',(#2147),#2151);
#2147 = LINE('',#2148,#2149);
#2148 = CARTESIAN_POINT('',(3.469446951954E-18,-0.461097861566));
#2149 = VECTOR('',#2150,1.);
#2150 = DIRECTION('',(-6.938893903907E-18,1.));
#2151 = ( GEOMETRIC_REPRESENTATION_CONTEXT(2) 
PARAMETRIC_REPRESENTATION_CONTEXT() REPRESENTATION_CONTEXT('2D SPACE',''
  ) );
#2152 = ORIENTED_EDGE('',*,*,#439,.F.);
#2153 = ADVANCED_FACE('',(#2154),#483,.T.);
#2154 = FACE_BOUND('',#2155,.T.);
#2155 = EDGE_LOOP('',(#2156,#2157,#2178,#2199));
#2156 = ORIENTED_EDGE('',*,*,#2132,.F.);
#2157 = ORIENTED_EDGE('',*,*,#2158,.F.);
#2158 = EDGE_CURVE('',#2159,#2112,#2161,.T.);
#2159 = VERTEX_POINT('',#2160);
#2160 = CARTESIAN_POINT('',(-0.102053991985,-2.762614898129E-15,
    9.233047297441E-03));
#2161 = SURFACE_CURVE('',#2162,(#2166,#2172),.PCURVE_S1.);
#2162 = LINE('',#2163,#2164);
#2163 = CARTESIAN_POINT('',(-0.121079299462,3.053113317719E-16,
    2.831671413754E-02));
#2164 = VECTOR('',#2165,1.);
#2165 = DIRECTION('',(-0.706023103384,9.87701455764E-15,0.708188800736)
  );
#2166 = PCURVE('',#483,#2167);
#2167 = DEFINITIONAL_REPRESENTATION('',(#2168),#2171);
#2168 = B_SPLINE_CURVE_WITH_KNOTS('',1,(#2169,#2170),.UNSPECIFIED.,.F.,
  .F.,(2,2),(-2.694714576149E-02,-2.528231784437E-02),
  .PIECEWISE_BEZIER_KNOTS.);
#2169 = CARTESIAN_POINT('',(1.662152814919E-03,-0.4608971654));
#2170 = CARTESIAN_POINT('',(-3.469446951954E-18,-0.460802825517));
#2171 = ( GEOMETRIC_REPRESENTATION_CONTEXT(2) 
PARAMETRIC_REPRESENTATION_CONTEXT() REPRESENTATION_CONTEXT('2D SPACE',''
  ) );
#2172 = PCURVE('',#1666,#2173);
#2173 = DEFINITIONAL_REPRESENTATION('',(#2174),#2177);
#2174 = B_SPLINE_CURVE_WITH_KNOTS('',1,(#2175,#2176),.UNSPECIFIED.,.F.,
  .F.,(2,2),(-2.694714576149E-02,-2.528231784437E-02),
  .PIECEWISE_BEZIER_KNOTS.);
#2175 = CARTESIAN_POINT('',(-3.469446951954E-18,-0.4608971654));
#2176 = CARTESIAN_POINT('',(1.662152814919E-03,-0.460802825517));
#2177 = ( GEOMETRIC_REPRESENTATION_CONTEXT(2) 
PARAMETRIC_REPRESENTATION_CONTEXT() REPRESENTATION_CONTEXT('2D SPACE',''
  ) );
#2178 = ORIENTED_EDGE('',*,*,#2179,.T.);
#2179 = EDGE_CURVE('',#2159,#468,#2180,.T.);
#2180 = SURFACE_CURVE('',#2181,(#2185,#2192),.PCURVE_S1.);
#2181 = LINE('',#2182,#2183);
#2182 = CARTESIAN_POINT('',(-0.102051549575,-2.002183138283E-04,
    9.219423330188E-03));
#2183 = VECTOR('',#2184,1.);
#2184 = DIRECTION('',(-1.216968738612E-02,0.997619026984,
    6.788354519074E-02));
#2185 = PCURVE('',#483,#2186);
#2186 = DEFINITIONAL_REPRESENTATION('',(#2187),#2191);
#2187 = LINE('',#2188,#2189);
#2188 = CARTESIAN_POINT('',(1.662152814919E-03,-0.461097861566));
#2189 = VECTOR('',#2190,1.);
#2190 = DIRECTION('',(-6.938893903907E-18,1.));
#2191 = ( GEOMETRIC_REPRESENTATION_CONTEXT(2) 
PARAMETRIC_REPRESENTATION_CONTEXT() REPRESENTATION_CONTEXT('2D SPACE',''
  ) );
#2192 = PCURVE('',#511,#2193);
#2193 = DEFINITIONAL_REPRESENTATION('',(#2194),#2198);
#2194 = LINE('',#2195,#2196);
#2195 = CARTESIAN_POINT('',(-3.469446951954E-18,-0.461097861566));
#2196 = VECTOR('',#2197,1.);
#2197 = DIRECTION('',(0.,1.));
#2198 = ( GEOMETRIC_REPRESENTATION_CONTEXT(2) 
PARAMETRIC_REPRESENTATION_CONTEXT() REPRESENTATION_CONTEXT('2D SPACE',''
  ) );
#2199 = ORIENTED_EDGE('',*,*,#467,.F.);
#2200 = ADVANCED_FACE('',(#2201),#511,.T.);
#2201 = FACE_BOUND('',#2202,.T.);
#2202 = EDGE_LOOP('',(#2203,#2204,#2225,#2246));
#2203 = ORIENTED_EDGE('',*,*,#2179,.F.);
#2204 = ORIENTED_EDGE('',*,*,#2205,.F.);
#2205 = EDGE_CURVE('',#2206,#2159,#2208,.T.);
#2206 = VERTEX_POINT('',#2207);
#2207 = CARTESIAN_POINT('',(-0.101328298475,-1.169583093569E-17,
    7.630391687617E-03));
#2208 = SURFACE_CURVE('',#2209,(#2213,#2219),.PCURVE_S1.);
#2209 = LINE('',#2210,#2211);
#2210 = CARTESIAN_POINT('',(-0.11440373654,-4.440892098501E-16,
    3.650680284713E-02));
#2211 = VECTOR('',#2212,1.);
#2212 = DIRECTION('',(-0.412489944071,-1.146203827768E-14,0.910962154011
    ));
#2213 = PCURVE('',#511,#2214);
#2214 = DEFINITIONAL_REPRESENTATION('',(#2215),#2218);
#2215 = B_SPLINE_CURVE_WITH_KNOTS('',1,(#2216,#2217),.UNSPECIFIED.,.F.,
  .F.,(2,2),(-3.169880442604E-02,-2.993950454429E-02),
  .PIECEWISE_BEZIER_KNOTS.);
#2216 = CARTESIAN_POINT('',(1.755363306376E-03,-0.461014790808));
#2217 = CARTESIAN_POINT('',(-1.040834085586E-17,-0.4608971654));
#2218 = ( GEOMETRIC_REPRESENTATION_CONTEXT(2) 
PARAMETRIC_REPRESENTATION_CONTEXT() REPRESENTATION_CONTEXT('2D SPACE',''
  ) );
#2219 = PCURVE('',#1638,#2220);
#2220 = DEFINITIONAL_REPRESENTATION('',(#2221),#2224);
#2221 = B_SPLINE_CURVE_WITH_KNOTS('',1,(#2222,#2223),.UNSPECIFIED.,.F.,
  .F.,(2,2),(-3.169880442604E-02,-2.993950454429E-02),
  .PIECEWISE_BEZIER_KNOTS.);
#2222 = CARTESIAN_POINT('',(0.,-0.461014790808));
#2223 = CARTESIAN_POINT('',(1.755363306376E-03,-0.4608971654));
#2224 = ( GEOMETRIC_REPRESENTATION_CONTEXT(2) 
PARAMETRIC_REPRESENTATION_CONTEXT() REPRESENTATION_CONTEXT('2D SPACE',''
  ) );
#2225 = ORIENTED_EDGE('',*,*,#2226,.T.);
#2226 = EDGE_CURVE('',#2206,#496,#2227,.T.);
#2227 = SURFACE_CURVE('',#2228,(#2232,#2239),.PCURVE_S1.);
#2228 = LINE('',#2229,#2230);
#2229 = CARTESIAN_POINT('',(-0.10132728753,-8.287296908259E-05,
    7.624752550041E-03));
#2230 = VECTOR('',#2231,1.);
#2231 = DIRECTION('',(-1.216968738612E-02,0.997619026984,
    6.788354519074E-02));
#2232 = PCURVE('',#511,#2233);
#2233 = DEFINITIONAL_REPRESENTATION('',(#2234),#2238);
#2234 = LINE('',#2235,#2236);
#2235 = CARTESIAN_POINT('',(1.755363306376E-03,-0.461097861566));
#2236 = VECTOR('',#2237,1.);
#2237 = DIRECTION('',(0.,1.));
#2238 = ( GEOMETRIC_REPRESENTATION_CONTEXT(2) 
PARAMETRIC_REPRESENTATION_CONTEXT() REPRESENTATION_CONTEXT('2D SPACE',''
  ) );
#2239 = PCURVE('',#539,#2240);
#2240 = DEFINITIONAL_REPRESENTATION('',(#2241),#2245);
#2241 = LINE('',#2242,#2243);
#2242 = CARTESIAN_POINT('',(-3.469446951954E-18,-0.461097861566));
#2243 = VECTOR('',#2244,1.);
#2244 = DIRECTION('',(0.,1.));
#2245 = ( GEOMETRIC_REPRESENTATION_CONTEXT(2) 
PARAMETRIC_REPRESENTATION_CONTEXT() REPRESENTATION_CONTEXT('2D SPACE',''
  ) );
#2246 = ORIENTED_EDGE('',*,*,#495,.F.);
#2247 = ADVANCED_FACE('',(#2248),#539,.T.);
#2248 = FACE_BOUND('',#2249,.T.);
#2249 = EDGE_LOOP('',(#2250,#2251,#2273,#2293,#2294,#2315));
#2250 = ORIENTED_EDGE('',*,*,#2226,.F.);
#2251 = ORIENTED_EDGE('',*,*,#2252,.F.);
#2252 = EDGE_CURVE('',#2253,#2206,#2255,.T.);
#2253 = VERTEX_POINT('',#2254);
#2254 = CARTESIAN_POINT('',(-0.10132728753,-8.287296908259E-05,
    7.624752550041E-03));
#2255 = SURFACE_CURVE('',#2256,(#2260,#2267),.PCURVE_S1.);
#2256 = LINE('',#2257,#2258);
#2257 = CARTESIAN_POINT('',(-0.10132728753,-8.287296908259E-05,
    7.624752550041E-03));
#2258 = VECTOR('',#2259,1.);
#2259 = DIRECTION('',(-1.216968738612E-02,0.997619026984,
    6.788354519074E-02));
#2260 = PCURVE('',#539,#2261);
#2261 = DEFINITIONAL_REPRESENTATION('',(#2262),#2266);
#2262 = LINE('',#2263,#2264);
#2263 = CARTESIAN_POINT('',(-3.469446951954E-18,-0.461097861566));
#2264 = VECTOR('',#2265,1.);
#2265 = DIRECTION('',(0.,1.));
#2266 = ( GEOMETRIC_REPRESENTATION_CONTEXT(2) 
PARAMETRIC_REPRESENTATION_CONTEXT() REPRESENTATION_CONTEXT('2D SPACE',''
  ) );
#2267 = PCURVE('',#1610,#2268);
#2268 = DEFINITIONAL_REPRESENTATION('',(#2269),#2272);
#2269 = B_SPLINE_CURVE_WITH_KNOTS('',1,(#2270,#2271),.UNSPECIFIED.,.F.,
  .F.,(2,2),(0.,8.307075831652E-05),.PIECEWISE_BEZIER_KNOTS.);
#2270 = CARTESIAN_POINT('',(2.256894805751E-03,-0.460932510264));
#2271 = CARTESIAN_POINT('',(2.268298199452E-03,-0.461014790808));
#2272 = ( GEOMETRIC_REPRESENTATION_CONTEXT(2) 
PARAMETRIC_REPRESENTATION_CONTEXT() REPRESENTATION_CONTEXT('2D SPACE',''
  ) );
#2273 = ORIENTED_EDGE('',*,*,#2274,.T.);
#2274 = EDGE_CURVE('',#2253,#927,#2275,.T.);
#2275 = SURFACE_CURVE('',#2276,(#2280,#2287),.PCURVE_S1.);
#2276 = LINE('',#2277,#2278);
#2277 = CARTESIAN_POINT('',(-0.10132728753,-8.287296908259E-05,
    7.624752550041E-03));
#2278 = VECTOR('',#2279,1.);
#2279 = DIRECTION('',(0.107503323957,6.880044136726E-02,-0.991821321915)
  );
#2280 = PCURVE('',#539,#2281);
#2281 = DEFINITIONAL_REPRESENTATION('',(#2282),#2286);
#2282 = LINE('',#2283,#2284);
#2283 = CARTESIAN_POINT('',(-3.469446951954E-18,-0.461097861566));
#2284 = VECTOR('',#2285,1.);
#2285 = DIRECTION('',(1.,0.));
#2286 = ( GEOMETRIC_REPRESENTATION_CONTEXT(2) 
PARAMETRIC_REPRESENTATION_CONTEXT() REPRESENTATION_CONTEXT('2D SPACE',''
  ) );
#2287 = PCURVE('',#1610,#2288);
#2288 = DEFINITIONAL_REPRESENTATION('',(#2289),#2292);
#2289 = B_SPLINE_CURVE_WITH_KNOTS('',1,(#2290,#2291),.UNSPECIFIED.,.F.,
  .F.,(2,2),(0.,1.204541241824E-03),.PIECEWISE_BEZIER_KNOTS.);
#2290 = CARTESIAN_POINT('',(2.256894805751E-03,-0.460932510264));
#2291 = CARTESIAN_POINT('',(1.063756957627E-03,-0.461097861566));
#2292 = ( GEOMETRIC_REPRESENTATION_CONTEXT(2) 
PARAMETRIC_REPRESENTATION_CONTEXT() REPRESENTATION_CONTEXT('2D SPACE',''
  ) );
#2293 = ORIENTED_EDGE('',*,*,#947,.T.);
#2294 = ORIENTED_EDGE('',*,*,#2295,.T.);
#2295 = EDGE_CURVE('',#948,#524,#2296,.T.);
#2296 = SURFACE_CURVE('',#2297,(#2301,#2308),.PCURVE_S1.);
#2297 = LINE('',#2298,#2299);
#2298 = CARTESIAN_POINT('',(-0.101083437933,7.318694819223E-05,
    5.375006031363E-03));
#2299 = VECTOR('',#2300,1.);
#2300 = DIRECTION('',(-1.216968738612E-02,0.997619026984,
    6.788354519074E-02));
#2301 = PCURVE('',#539,#2302);
#2302 = DEFINITIONAL_REPRESENTATION('',(#2303),#2307);
#2303 = LINE('',#2304,#2305);
#2304 = CARTESIAN_POINT('',(2.268298199451E-03,-0.461097861566));
#2305 = VECTOR('',#2306,1.);
#2306 = DIRECTION('',(0.,1.));
#2307 = ( GEOMETRIC_REPRESENTATION_CONTEXT(2) 
PARAMETRIC_REPRESENTATION_CONTEXT() REPRESENTATION_CONTEXT('2D SPACE',''
  ) );
#2308 = PCURVE('',#567,#2309);
#2309 = DEFINITIONAL_REPRESENTATION('',(#2310),#2314);
#2310 = LINE('',#2311,#2312);
#2311 = CARTESIAN_POINT('',(-6.938893903907E-18,-0.461097861566));
#2312 = VECTOR('',#2313,1.);
#2313 = DIRECTION('',(1.387778780781E-17,1.));
#2314 = ( GEOMETRIC_REPRESENTATION_CONTEXT(2) 
PARAMETRIC_REPRESENTATION_CONTEXT() REPRESENTATION_CONTEXT('2D SPACE',''
  ) );
#2315 = ORIENTED_EDGE('',*,*,#523,.F.);
#2316 = ADVANCED_FACE('',(#2317),#567,.T.);
#2317 = FACE_BOUND('',#2318,.T.);
#2318 = EDGE_LOOP('',(#2319,#2320,#2321,#2342));
#2319 = ORIENTED_EDGE('',*,*,#2295,.F.);
#2320 = ORIENTED_EDGE('',*,*,#970,.T.);
#2321 = ORIENTED_EDGE('',*,*,#2322,.T.);
#2322 = EDGE_CURVE('',#971,#552,#2323,.T.);
#2323 = SURFACE_CURVE('',#2324,(#2328,#2335),.PCURVE_S1.);
#2324 = LINE('',#2325,#2326);
#2325 = CARTESIAN_POINT('',(-0.101331021866,2.232519994356E-04,
    3.125259512685E-03));
#2326 = VECTOR('',#2327,1.);
#2327 = DIRECTION('',(-1.216968738612E-02,0.997619026984,
    6.788354519074E-02));
#2328 = PCURVE('',#567,#2329);
#2329 = DEFINITIONAL_REPRESENTATION('',(#2330),#2334);
#2330 = LINE('',#2331,#2332);
#2331 = CARTESIAN_POINT('',(2.268298199452E-03,-0.461097861566));
#2332 = VECTOR('',#2333,1.);
#2333 = DIRECTION('',(1.387778780781E-17,1.));
#2334 = ( GEOMETRIC_REPRESENTATION_CONTEXT(2) 
PARAMETRIC_REPRESENTATION_CONTEXT() REPRESENTATION_CONTEXT('2D SPACE',''
  ) );
#2335 = PCURVE('',#595,#2336);
#2336 = DEFINITIONAL_REPRESENTATION('',(#2337),#2341);
#2337 = LINE('',#2338,#2339);
#2338 = CARTESIAN_POINT('',(-1.040834085586E-17,-0.461097861566));
#2339 = VECTOR('',#2340,1.);
#2340 = DIRECTION('',(6.938893903907E-18,1.));
#2341 = ( GEOMETRIC_REPRESENTATION_CONTEXT(2) 
PARAMETRIC_REPRESENTATION_CONTEXT() REPRESENTATION_CONTEXT('2D SPACE',''
  ) );
#2342 = ORIENTED_EDGE('',*,*,#551,.F.);
#2343 = ADVANCED_FACE('',(#2344),#595,.T.);
#2344 = FACE_BOUND('',#2345,.T.);
#2345 = EDGE_LOOP('',(#2346,#2347,#2348,#2369));
#2346 = ORIENTED_EDGE('',*,*,#2322,.F.);
#2347 = ORIENTED_EDGE('',*,*,#993,.T.);
#2348 = ORIENTED_EDGE('',*,*,#2349,.T.);
#2349 = EDGE_CURVE('',#994,#580,#2350,.T.);
#2350 = SURFACE_CURVE('',#2351,(#2355,#2362),.PCURVE_S1.);
#2351 = LINE('',#2352,#2353);
#2352 = CARTESIAN_POINT('',(-0.102057930893,3.22894896839E-04,
    1.530588732539E-03));
#2353 = VECTOR('',#2354,1.);
#2354 = DIRECTION('',(-1.216968738612E-02,0.997619026984,
    6.788354519074E-02));
#2355 = PCURVE('',#595,#2356);
#2356 = DEFINITIONAL_REPRESENTATION('',(#2357),#2361);
#2357 = LINE('',#2358,#2359);
#2358 = CARTESIAN_POINT('',(1.755363306376E-03,-0.461097861566));
#2359 = VECTOR('',#2360,1.);
#2360 = DIRECTION('',(6.938893903907E-18,1.));
#2361 = ( GEOMETRIC_REPRESENTATION_CONTEXT(2) 
PARAMETRIC_REPRESENTATION_CONTEXT() REPRESENTATION_CONTEXT('2D SPACE',''
  ) );
#2362 = PCURVE('',#623,#2363);
#2363 = DEFINITIONAL_REPRESENTATION('',(#2364),#2368);
#2364 = LINE('',#2365,#2366);
#2365 = CARTESIAN_POINT('',(-3.469446951954E-18,-0.461097861566));
#2366 = VECTOR('',#2367,1.);
#2367 = DIRECTION('',(1.387778780781E-17,1.));
#2368 = ( GEOMETRIC_REPRESENTATION_CONTEXT(2) 
PARAMETRIC_REPRESENTATION_CONTEXT() REPRESENTATION_CONTEXT('2D SPACE',''
  ) );
#2369 = ORIENTED_EDGE('',*,*,#579,.F.);
#2370 = ADVANCED_FACE('',(#2371),#623,.T.);
#2371 = FACE_BOUND('',#2372,.T.);
#2372 = EDGE_LOOP('',(#2373,#2374,#2375,#2396));
#2373 = ORIENTED_EDGE('',*,*,#2349,.F.);
#2374 = ORIENTED_EDGE('',*,*,#1016,.T.);
#2375 = ORIENTED_EDGE('',*,*,#2376,.T.);
#2376 = EDGE_CURVE('',#1017,#608,#2377,.T.);
#2377 = SURFACE_CURVE('',#2378,(#2382,#2389),.PCURVE_S1.);
#2378 = LINE('',#2379,#2380);
#2379 = CARTESIAN_POINT('',(-0.103234136182,3.883374758045E-04,
    3.579803721766E-04));
#2380 = VECTOR('',#2381,1.);
#2381 = DIRECTION('',(-1.216968738612E-02,0.997619026984,
    6.788354519074E-02));
#2382 = PCURVE('',#623,#2383);
#2383 = DEFINITIONAL_REPRESENTATION('',(#2384),#2388);
#2384 = LINE('',#2385,#2386);
#2385 = CARTESIAN_POINT('',(1.662152814919E-03,-0.461097861566));
#2386 = VECTOR('',#2387,1.);
#2387 = DIRECTION('',(1.387778780781E-17,1.));
#2388 = ( GEOMETRIC_REPRESENTATION_CONTEXT(2) 
PARAMETRIC_REPRESENTATION_CONTEXT() REPRESENTATION_CONTEXT('2D SPACE',''
  ) );
#2389 = PCURVE('',#651,#2390);
#2390 = DEFINITIONAL_REPRESENTATION('',(#2391),#2395);
#2391 = LINE('',#2392,#2393);
#2392 = CARTESIAN_POINT('',(-8.673617379884E-18,-0.461097861566));
#2393 = VECTOR('',#2394,1.);
#2394 = DIRECTION('',(1.387778780781E-17,1.));
#2395 = ( GEOMETRIC_REPRESENTATION_CONTEXT(2) 
PARAMETRIC_REPRESENTATION_CONTEXT() REPRESENTATION_CONTEXT('2D SPACE',''
  ) );
#2396 = ORIENTED_EDGE('',*,*,#607,.F.);
#2397 = ADVANCED_FACE('',(#2398),#651,.T.);
#2398 = FACE_BOUND('',#2399,.T.);
#2399 = EDGE_LOOP('',(#2400,#2401,#2402,#2423));
#2400 = ORIENTED_EDGE('',*,*,#2376,.F.);
#2401 = ORIENTED_EDGE('',*,*,#1039,.T.);
#2402 = ORIENTED_EDGE('',*,*,#2403,.T.);
#2403 = EDGE_CURVE('',#1040,#636,#2404,.T.);
#2404 = SURFACE_CURVE('',#2405,(#2409,#2416),.PCURVE_S1.);
#2405 = LINE('',#2406,#2407);
#2406 = CARTESIAN_POINT('',(-0.104832975912,4.180963062141E-04,
    -3.659852809832E-04));
#2407 = VECTOR('',#2408,1.);
#2408 = DIRECTION('',(-1.216968738612E-02,0.997619026984,
    6.788354519074E-02));
#2409 = PCURVE('',#651,#2410);
#2410 = DEFINITIONAL_REPRESENTATION('',(#2411),#2415);
#2411 = LINE('',#2412,#2413);
#2412 = CARTESIAN_POINT('',(1.755363306376E-03,-0.461097861566));
#2413 = VECTOR('',#2414,1.);
#2414 = DIRECTION('',(1.387778780781E-17,1.));
#2415 = ( GEOMETRIC_REPRESENTATION_CONTEXT(2) 
PARAMETRIC_REPRESENTATION_CONTEXT() REPRESENTATION_CONTEXT('2D SPACE',''
  ) );
#2416 = PCURVE('',#679,#2417);
#2417 = DEFINITIONAL_REPRESENTATION('',(#2418),#2422);
#2418 = LINE('',#2419,#2420);
#2419 = CARTESIAN_POINT('',(-6.505213034913E-18,-0.461097861566));
#2420 = VECTOR('',#2421,1.);
#2421 = DIRECTION('',(1.387778780781E-17,1.));
#2422 = ( GEOMETRIC_REPRESENTATION_CONTEXT(2) 
PARAMETRIC_REPRESENTATION_CONTEXT() REPRESENTATION_CONTEXT('2D SPACE',''
  ) );
#2423 = ORIENTED_EDGE('',*,*,#635,.F.);
#2424 = ADVANCED_FACE('',(#2425),#679,.T.);
#2425 = FACE_BOUND('',#2426,.T.);
#2426 = EDGE_LOOP('',(#2427,#2428,#2429,#2450));
#2427 = ORIENTED_EDGE('',*,*,#2403,.F.);
#2428 = ORIENTED_EDGE('',*,*,#1062,.T.);
#2429 = ORIENTED_EDGE('',*,*,#2430,.T.);
#2430 = EDGE_CURVE('',#1063,#664,#2431,.T.);
#2431 = SURFACE_CURVE('',#2432,(#2436,#2443),.PCURVE_S1.);
#2432 = LINE('',#2433,#2434);
#2433 = CARTESIAN_POINT('',(-0.107087959746,4.072709694649E-04,
    -6.111534782494E-04));
#2434 = VECTOR('',#2435,1.);
#2435 = DIRECTION('',(-1.216968738612E-02,0.997619026984,
    6.788354519074E-02));
#2436 = PCURVE('',#679,#2437);
#2437 = DEFINITIONAL_REPRESENTATION('',(#2438),#2442);
#2438 = LINE('',#2439,#2440);
#2439 = CARTESIAN_POINT('',(2.268298199451E-03,-0.461097861566));
#2440 = VECTOR('',#2441,1.);
#2441 = DIRECTION('',(1.387778780781E-17,1.));
#2442 = ( GEOMETRIC_REPRESENTATION_CONTEXT(2) 
PARAMETRIC_REPRESENTATION_CONTEXT() REPRESENTATION_CONTEXT('2D SPACE',''
  ) );
#2443 = PCURVE('',#707,#2444);
#2444 = DEFINITIONAL_REPRESENTATION('',(#2445),#2449);
#2445 = LINE('',#2446,#2447);
#2446 = CARTESIAN_POINT('',(-5.20417042793E-18,-0.461097861566));
#2447 = VECTOR('',#2448,1.);
#2448 = DIRECTION('',(1.647987302178E-17,1.));
#2449 = ( GEOMETRIC_REPRESENTATION_CONTEXT(2) 
PARAMETRIC_REPRESENTATION_CONTEXT() REPRESENTATION_CONTEXT('2D SPACE',''
  ) );
#2450 = ORIENTED_EDGE('',*,*,#663,.F.);
#2451 = ADVANCED_FACE('',(#2452),#707,.T.);
#2452 = FACE_BOUND('',#2453,.T.);
#2453 = EDGE_LOOP('',(#2454,#2455,#2456,#2477));
#2454 = ORIENTED_EDGE('',*,*,#2430,.F.);
#2455 = ORIENTED_EDGE('',*,*,#1085,.T.);
#2456 = ORIENTED_EDGE('',*,*,#2457,.T.);
#2457 = EDGE_CURVE('',#1086,#692,#2458,.T.);
#2458 = SURFACE_CURVE('',#2459,(#2463,#2470),.PCURVE_S1.);
#2459 = LINE('',#2460,#2461);
#2460 = CARTESIAN_POINT('',(-0.109342536626,3.630853825513E-04,
    -3.659852809832E-04));
#2461 = VECTOR('',#2462,1.);
#2462 = DIRECTION('',(-1.216968738612E-02,0.997619026984,
    6.788354519074E-02));
#2463 = PCURVE('',#707,#2464);
#2464 = DEFINITIONAL_REPRESENTATION('',(#2465),#2469);
#2465 = LINE('',#2466,#2467);
#2466 = CARTESIAN_POINT('',(2.268298199452E-03,-0.461097861566));
#2467 = VECTOR('',#2468,1.);
#2468 = DIRECTION('',(1.647987302178E-17,1.));
#2469 = ( GEOMETRIC_REPRESENTATION_CONTEXT(2) 
PARAMETRIC_REPRESENTATION_CONTEXT() REPRESENTATION_CONTEXT('2D SPACE',''
  ) );
#2470 = PCURVE('',#735,#2471);
#2471 = DEFINITIONAL_REPRESENTATION('',(#2472),#2476);
#2472 = LINE('',#2473,#2474);
#2473 = CARTESIAN_POINT('',(-1.908195823574E-17,-0.461097861566));
#2474 = VECTOR('',#2475,1.);
#2475 = DIRECTION('',(3.122502256758E-17,1.));
#2476 = ( GEOMETRIC_REPRESENTATION_CONTEXT(2) 
PARAMETRIC_REPRESENTATION_CONTEXT() REPRESENTATION_CONTEXT('2D SPACE',''
  ) );
#2477 = ORIENTED_EDGE('',*,*,#691,.F.);
#2478 = ADVANCED_FACE('',(#2479),#735,.T.);
#2479 = FACE_BOUND('',#2480,.T.);
#2480 = EDGE_LOOP('',(#2481,#2482,#2483,#2484));
#2481 = ORIENTED_EDGE('',*,*,#2457,.F.);
#2482 = ORIENTED_EDGE('',*,*,#1108,.T.);
#2483 = ORIENTED_EDGE('',*,*,#1967,.T.);
#2484 = ORIENTED_EDGE('',*,*,#719,.F.);
#2485 = ADVANCED_FACE('',(#2486),#809,.T.);
#2486 = FACE_BOUND('',#2487,.T.);
#2487 = EDGE_LOOP('',(#2488,#2489,#2510,#2531));
#2488 = ORIENTED_EDGE('',*,*,#900,.F.);
#2489 = ORIENTED_EDGE('',*,*,#2490,.F.);
#2490 = EDGE_CURVE('',#2491,#880,#2493,.T.);
#2491 = VERTEX_POINT('',#2492);
#2492 = CARTESIAN_POINT('',(-0.112111991128,7.86480255921E-16,
    9.24139489421E-03));
#2493 = SURFACE_CURVE('',#2494,(#2498,#2504),.PCURVE_S1.);
#2494 = LINE('',#2495,#2496);
#2495 = CARTESIAN_POINT('',(-0.10166965233,1.665334536938E-16,
    3.228541288255E-02));
#2496 = VECTOR('',#2497,1.);
#2497 = DIRECTION('',(-0.412747368696,-5.673570981333E-15,-0.91084554653
    ));
#2498 = PCURVE('',#809,#2499);
#2499 = DEFINITIONAL_REPRESENTATION('',(#2500),#2503);
#2500 = B_SPLINE_CURVE_WITH_KNOTS('',1,(#2501,#2502),.UNSPECIFIED.,.F.,
  .F.,(2,2),(2.529958902047E-02,2.705779165206E-02),
  .PIECEWISE_BEZIER_KNOTS.);
#2501 = CARTESIAN_POINT('',(1.755363306376E-03,-0.46077419603));
#2502 = CARTESIAN_POINT('',(0.,-0.460874076741));
#2503 = ( GEOMETRIC_REPRESENTATION_CONTEXT(2) 
PARAMETRIC_REPRESENTATION_CONTEXT() REPRESENTATION_CONTEXT('2D SPACE',''
  ) );
#2504 = PCURVE('',#1172,#2505);
#2505 = DEFINITIONAL_REPRESENTATION('',(#2506),#2509);
#2506 = B_SPLINE_CURVE_WITH_KNOTS('',1,(#2507,#2508),.UNSPECIFIED.,.F.,
  .F.,(2,2),(2.529958902047E-02,2.705779165206E-02),
  .PIECEWISE_BEZIER_KNOTS.);
#2507 = CARTESIAN_POINT('',(0.,-0.46077419603));
#2508 = CARTESIAN_POINT('',(1.755363306376E-03,-0.460874076741));
#2509 = ( GEOMETRIC_REPRESENTATION_CONTEXT(2) 
PARAMETRIC_REPRESENTATION_CONTEXT() REPRESENTATION_CONTEXT('2D SPACE',''
  ) );
#2510 = ORIENTED_EDGE('',*,*,#2511,.F.);
#2511 = EDGE_CURVE('',#794,#2491,#2512,.T.);
#2512 = SURFACE_CURVE('',#2513,(#2517,#2524),.PCURVE_S1.);
#2513 = LINE('',#2514,#2515);
#2514 = CARTESIAN_POINT('',(-0.123330885879,0.919677105103,
    7.182133837612E-02));
#2515 = VECTOR('',#2516,1.);
#2516 = DIRECTION('',(1.216968738612E-02,-0.997619026984,
    -6.788354519074E-02));
#2517 = PCURVE('',#809,#2518);
#2518 = DEFINITIONAL_REPRESENTATION('',(#2519),#2523);
#2519 = LINE('',#2520,#2521);
#2520 = CARTESIAN_POINT('',(1.755363306376E-03,0.461097861566));
#2521 = VECTOR('',#2522,1.);
#2522 = DIRECTION('',(6.938893903907E-18,-1.));
#2523 = ( GEOMETRIC_REPRESENTATION_CONTEXT(2) 
PARAMETRIC_REPRESENTATION_CONTEXT() REPRESENTATION_CONTEXT('2D SPACE',''
  ) );
#2524 = PCURVE('',#837,#2525);
#2525 = DEFINITIONAL_REPRESENTATION('',(#2526),#2530);
#2526 = LINE('',#2527,#2528);
#2527 = CARTESIAN_POINT('',(-6.938893903907E-18,0.461097861566));
#2528 = VECTOR('',#2529,1.);
#2529 = DIRECTION('',(2.081668171172E-17,-1.));
#2530 = ( GEOMETRIC_REPRESENTATION_CONTEXT(2) 
PARAMETRIC_REPRESENTATION_CONTEXT() REPRESENTATION_CONTEXT('2D SPACE',''
  ) );
#2531 = ORIENTED_EDGE('',*,*,#793,.F.);
#2532 = ADVANCED_FACE('',(#2533),#837,.T.);
#2533 = FACE_BOUND('',#2534,.T.);
#2534 = EDGE_LOOP('',(#2535,#2536,#2557,#2578));
#2535 = ORIENTED_EDGE('',*,*,#2511,.T.);
#2536 = ORIENTED_EDGE('',*,*,#2537,.F.);
#2537 = EDGE_CURVE('',#2538,#2491,#2540,.T.);
#2538 = VERTEX_POINT('',#2539);
#2539 = CARTESIAN_POINT('',(-0.110936584155,9.084258952713E-16,
    1.041845633149E-02));
#2540 = SURFACE_CURVE('',#2541,(#2545,#2551),.PCURVE_S1.);
#2541 = LINE('',#2542,#2543);
#2542 = CARTESIAN_POINT('',(-9.868551938882E-02,-1.942890293094E-16,
    2.268676529802E-02));
#2543 = VECTOR('',#2544,1.);
#2544 = DIRECTION('',(-0.706609306171,6.38266132103E-15,-0.707603906456)
  );
#2545 = PCURVE('',#837,#2546);
#2546 = DEFINITIONAL_REPRESENTATION('',(#2547),#2550);
#2547 = B_SPLINE_CURVE_WITH_KNOTS('',1,(#2548,#2549),.UNSPECIFIED.,.F.,
  .F.,(2,2),(1.733781972455E-02,1.900126650112E-02),
  .PIECEWISE_BEZIER_KNOTS.);
#2548 = CARTESIAN_POINT('',(1.662152814919E-03,-0.460708597262));
#2549 = CARTESIAN_POINT('',(0.,-0.46077419603));
#2550 = ( GEOMETRIC_REPRESENTATION_CONTEXT(2) 
PARAMETRIC_REPRESENTATION_CONTEXT() REPRESENTATION_CONTEXT('2D SPACE',''
  ) );
#2551 = PCURVE('',#1312,#2552);
#2552 = DEFINITIONAL_REPRESENTATION('',(#2553),#2556);
#2553 = B_SPLINE_CURVE_WITH_KNOTS('',1,(#2554,#2555),.UNSPECIFIED.,.F.,
  .F.,(2,2),(1.733781972455E-02,1.900126650112E-02),
  .PIECEWISE_BEZIER_KNOTS.);
#2554 = CARTESIAN_POINT('',(-6.938893903907E-18,-0.460708597262));
#2555 = CARTESIAN_POINT('',(1.662152814919E-03,-0.46077419603));
#2556 = ( GEOMETRIC_REPRESENTATION_CONTEXT(2) 
PARAMETRIC_REPRESENTATION_CONTEXT() REPRESENTATION_CONTEXT('2D SPACE',''
  ) );
#2557 = ORIENTED_EDGE('',*,*,#2558,.F.);
#2558 = EDGE_CURVE('',#822,#2538,#2559,.T.);
#2559 = SURFACE_CURVE('',#2560,(#2564,#2571),.PCURVE_S1.);
#2560 = LINE('',#2561,#2562);
#2561 = CARTESIAN_POINT('',(-0.122154680589,0.919611662524,
    7.299394673648E-02));
#2562 = VECTOR('',#2563,1.);
#2563 = DIRECTION('',(1.216968738612E-02,-0.997619026984,
    -6.788354519074E-02));
#2564 = PCURVE('',#837,#2565);
#2565 = DEFINITIONAL_REPRESENTATION('',(#2566),#2570);
#2566 = LINE('',#2567,#2568);
#2567 = CARTESIAN_POINT('',(1.662152814919E-03,0.461097861566));
#2568 = VECTOR('',#2569,1.);
#2569 = DIRECTION('',(2.081668171172E-17,-1.));
#2570 = ( GEOMETRIC_REPRESENTATION_CONTEXT(2) 
PARAMETRIC_REPRESENTATION_CONTEXT() REPRESENTATION_CONTEXT('2D SPACE',''
  ) );
#2571 = PCURVE('',#863,#2572);
#2572 = DEFINITIONAL_REPRESENTATION('',(#2573),#2577);
#2573 = LINE('',#2574,#2575);
#2574 = CARTESIAN_POINT('',(-3.469446951954E-18,0.461097861566));
#2575 = VECTOR('',#2576,1.);
#2576 = DIRECTION('',(1.734723475977E-17,-1.));
#2577 = ( GEOMETRIC_REPRESENTATION_CONTEXT(2) 
PARAMETRIC_REPRESENTATION_CONTEXT() REPRESENTATION_CONTEXT('2D SPACE',''
  ) );
#2578 = ORIENTED_EDGE('',*,*,#821,.F.);
#2579 = ADVANCED_FACE('',(#2580),#863,.T.);
#2580 = FACE_BOUND('',#2581,.T.);
#2581 = EDGE_LOOP('',(#2582,#2583,#2602,#2603));
#2582 = ORIENTED_EDGE('',*,*,#2558,.T.);
#2583 = ORIENTED_EDGE('',*,*,#2584,.F.);
#2584 = EDGE_CURVE('',#1995,#2538,#2585,.T.);
#2585 = SURFACE_CURVE('',#2586,(#2590,#2596),.PCURVE_S1.);
#2586 = LINE('',#2587,#2588);
#2587 = CARTESIAN_POINT('',(-0.103010288094,2.775557561563E-17,
    1.401839399192E-02));
#2588 = VECTOR('',#2589,1.);
#2589 = DIRECTION('',(-0.910492972925,4.577376669292E-15,-0.413524541296
    ));
#2590 = PCURVE('',#863,#2591);
#2591 = DEFINITIONAL_REPRESENTATION('',(#2592),#2595);
#2592 = B_SPLINE_CURVE_WITH_KNOTS('',1,(#2593,#2594),.UNSPECIFIED.,.F.,
  .F.,(2,2),(6.949882688898E-03,8.705499434543E-03),
  .PIECEWISE_BEZIER_KNOTS.);
#2593 = CARTESIAN_POINT('',(1.755363306376E-03,-0.460678767408));
#2594 = CARTESIAN_POINT('',(-1.734723475977E-18,-0.460708597262));
#2595 = ( GEOMETRIC_REPRESENTATION_CONTEXT(2) 
PARAMETRIC_REPRESENTATION_CONTEXT() REPRESENTATION_CONTEXT('2D SPACE',''
  ) );
#2596 = PCURVE('',#1284,#2597);
#2597 = DEFINITIONAL_REPRESENTATION('',(#2598),#2601);
#2598 = B_SPLINE_CURVE_WITH_KNOTS('',1,(#2599,#2600),.UNSPECIFIED.,.F.,
  .F.,(2,2),(6.949882688898E-03,8.705499434543E-03),
  .PIECEWISE_BEZIER_KNOTS.);
#2599 = CARTESIAN_POINT('',(-7.806255641896E-18,-0.460678767408));
#2600 = CARTESIAN_POINT('',(1.755363306376E-03,-0.460708597262));
#2601 = ( GEOMETRIC_REPRESENTATION_CONTEXT(2) 
PARAMETRIC_REPRESENTATION_CONTEXT() REPRESENTATION_CONTEXT('2D SPACE',''
  ) );
#2602 = ORIENTED_EDGE('',*,*,#1994,.F.);
#2603 = ORIENTED_EDGE('',*,*,#849,.F.);
#2604 = ADVANCED_FACE('',(#2605),#1172,.T.);
#2605 = FACE_BOUND('',#2606,.T.);
#2606 = EDGE_LOOP('',(#2607,#2628,#2629,#2630));
#2607 = ORIENTED_EDGE('',*,*,#2608,.F.);
#2608 = EDGE_CURVE('',#2491,#1297,#2609,.T.);
#2609 = SURFACE_CURVE('',#2610,(#2614,#2621),.PCURVE_S1.);
#2610 = LINE('',#2611,#2612);
#2611 = CARTESIAN_POINT('',(-0.112108052219,3.22894896839E-04,
    9.219423330188E-03));
#2612 = VECTOR('',#2613,1.);
#2613 = DIRECTION('',(-1.216968738612E-02,-0.997619026984,
    6.788354519074E-02));
#2614 = PCURVE('',#1172,#2615);
#2615 = DEFINITIONAL_REPRESENTATION('',(#2616),#2620);
#2616 = LINE('',#2617,#2618);
#2617 = CARTESIAN_POINT('',(-6.938893903907E-18,-0.461097861566));
#2618 = VECTOR('',#2619,1.);
#2619 = DIRECTION('',(6.938893903907E-18,1.));
#2620 = ( GEOMETRIC_REPRESENTATION_CONTEXT(2) 
PARAMETRIC_REPRESENTATION_CONTEXT() REPRESENTATION_CONTEXT('2D SPACE',''
  ) );
#2621 = PCURVE('',#1312,#2622);
#2622 = DEFINITIONAL_REPRESENTATION('',(#2623),#2627);
#2623 = LINE('',#2624,#2625);
#2624 = CARTESIAN_POINT('',(1.662152814919E-03,-0.461097861566));
#2625 = VECTOR('',#2626,1.);
#2626 = DIRECTION('',(6.938893903907E-18,1.));
#2627 = ( GEOMETRIC_REPRESENTATION_CONTEXT(2) 
PARAMETRIC_REPRESENTATION_CONTEXT() REPRESENTATION_CONTEXT('2D SPACE',''
  ) );
#2628 = ORIENTED_EDGE('',*,*,#2490,.T.);
#2629 = ORIENTED_EDGE('',*,*,#1156,.T.);
#2630 = ORIENTED_EDGE('',*,*,#1324,.F.);
#2631 = ADVANCED_FACE('',(#2632),#1228,.T.);
#2632 = FACE_BOUND('',#2633,.T.);
#2633 = EDGE_LOOP('',(#2634,#2655,#2656,#2677));
#2634 = ORIENTED_EDGE('',*,*,#2635,.T.);
#2635 = EDGE_CURVE('',#1211,#2065,#2636,.T.);
#2636 = SURFACE_CURVE('',#2637,(#2641,#2648),.PCURVE_S1.);
#2637 = LINE('',#2638,#2639);
#2638 = CARTESIAN_POINT('',(-0.116046280145,-0.919636914617,
    7.371791238964E-02));
#2639 = VECTOR('',#2640,1.);
#2640 = DIRECTION('',(1.216968738612E-02,0.997619026984,
    -6.788354519074E-02));
#2641 = PCURVE('',#1228,#2642);
#2642 = DEFINITIONAL_REPRESENTATION('',(#2643),#2647);
#2643 = LINE('',#2644,#2645);
#2644 = CARTESIAN_POINT('',(7.372574772901E-18,0.461097861566));
#2645 = VECTOR('',#2646,1.);
#2646 = DIRECTION('',(-1.387778780781E-17,-1.));
#2647 = ( GEOMETRIC_REPRESENTATION_CONTEXT(2) 
PARAMETRIC_REPRESENTATION_CONTEXT() REPRESENTATION_CONTEXT('2D SPACE',''
  ) );
#2648 = PCURVE('',#1692,#2649);
#2649 = DEFINITIONAL_REPRESENTATION('',(#2650),#2654);
#2650 = LINE('',#2651,#2652);
#2651 = CARTESIAN_POINT('',(1.755363306376E-03,0.461097861566));
#2652 = VECTOR('',#2653,1.);
#2653 = DIRECTION('',(-1.387778780781E-17,-1.));
#2654 = ( GEOMETRIC_REPRESENTATION_CONTEXT(2) 
PARAMETRIC_REPRESENTATION_CONTEXT() REPRESENTATION_CONTEXT('2D SPACE',''
  ) );
#2655 = ORIENTED_EDGE('',*,*,#2064,.T.);
#2656 = ORIENTED_EDGE('',*,*,#2657,.T.);
#2657 = EDGE_CURVE('',#2018,#1213,#2658,.T.);
#2658 = SURFACE_CURVE('',#2659,(#2663,#2670),.PCURVE_S1.);
#2659 = LINE('',#2660,#2661);
#2660 = CARTESIAN_POINT('',(-0.107078023367,4.072709694649E-04,
    1.136116554098E-02));
#2661 = VECTOR('',#2662,1.);
#2662 = DIRECTION('',(-1.216968738612E-02,-0.997619026984,
    6.788354519074E-02));
#2663 = PCURVE('',#1228,#2664);
#2664 = DEFINITIONAL_REPRESENTATION('',(#2665),#2669);
#2665 = LINE('',#2666,#2667);
#2666 = CARTESIAN_POINT('',(2.268298199451E-03,-0.461097861566));
#2667 = VECTOR('',#2668,1.);
#2668 = DIRECTION('',(1.387778780781E-17,1.));
#2669 = ( GEOMETRIC_REPRESENTATION_CONTEXT(2) 
PARAMETRIC_REPRESENTATION_CONTEXT() REPRESENTATION_CONTEXT('2D SPACE',''
  ) );
#2670 = PCURVE('',#1256,#2671);
#2671 = DEFINITIONAL_REPRESENTATION('',(#2672),#2676);
#2672 = LINE('',#2673,#2674);
#2673 = CARTESIAN_POINT('',(-6.505213034913E-18,-0.461097861566));
#2674 = VECTOR('',#2675,1.);
#2675 = DIRECTION('',(1.561251128379E-17,1.));
#2676 = ( GEOMETRIC_REPRESENTATION_CONTEXT(2) 
PARAMETRIC_REPRESENTATION_CONTEXT() REPRESENTATION_CONTEXT('2D SPACE',''
  ) );
#2677 = ORIENTED_EDGE('',*,*,#1210,.F.);
#2678 = ADVANCED_FACE('',(#2679),#1256,.T.);
#2679 = FACE_BOUND('',#2680,.T.);
#2680 = EDGE_LOOP('',(#2681,#2682,#2683,#2704));
#2681 = ORIENTED_EDGE('',*,*,#2657,.F.);
#2682 = ORIENTED_EDGE('',*,*,#2017,.T.);
#2683 = ORIENTED_EDGE('',*,*,#2684,.T.);
#2684 = EDGE_CURVE('',#1995,#1241,#2685,.T.);
#2685 = SURFACE_CURVE('',#2686,(#2690,#2697),.PCURVE_S1.);
#2686 = LINE('',#2687,#2688);
#2687 = CARTESIAN_POINT('',(-0.1093330072,4.180963062141E-04,
    1.111599734371E-02));
#2688 = VECTOR('',#2689,1.);
#2689 = DIRECTION('',(-1.216968738612E-02,-0.997619026984,
    6.788354519074E-02));
#2690 = PCURVE('',#1256,#2691);
#2691 = DEFINITIONAL_REPRESENTATION('',(#2692),#2696);
#2692 = LINE('',#2693,#2694);
#2693 = CARTESIAN_POINT('',(2.268298199451E-03,-0.461097861566));
#2694 = VECTOR('',#2695,1.);
#2695 = DIRECTION('',(1.561251128379E-17,1.));
#2696 = ( GEOMETRIC_REPRESENTATION_CONTEXT(2) 
PARAMETRIC_REPRESENTATION_CONTEXT() REPRESENTATION_CONTEXT('2D SPACE',''
  ) );
#2697 = PCURVE('',#1284,#2698);
#2698 = DEFINITIONAL_REPRESENTATION('',(#2699),#2703);
#2699 = LINE('',#2700,#2701);
#2700 = CARTESIAN_POINT('',(-8.673617379884E-18,-0.461097861566));
#2701 = VECTOR('',#2702,1.);
#2702 = DIRECTION('',(1.387778780781E-17,1.));
#2703 = ( GEOMETRIC_REPRESENTATION_CONTEXT(2) 
PARAMETRIC_REPRESENTATION_CONTEXT() REPRESENTATION_CONTEXT('2D SPACE',''
  ) );
#2704 = ORIENTED_EDGE('',*,*,#1240,.F.);
#2705 = ADVANCED_FACE('',(#2706),#1284,.T.);
#2706 = FACE_BOUND('',#2707,.T.);
#2707 = EDGE_LOOP('',(#2708,#2709,#2710,#2731));
#2708 = ORIENTED_EDGE('',*,*,#2684,.F.);
#2709 = ORIENTED_EDGE('',*,*,#2584,.T.);
#2710 = ORIENTED_EDGE('',*,*,#2711,.T.);
#2711 = EDGE_CURVE('',#2538,#1269,#2712,.T.);
#2712 = SURFACE_CURVE('',#2713,(#2717,#2724),.PCURVE_S1.);
#2713 = LINE('',#2714,#2715);
#2714 = CARTESIAN_POINT('',(-0.11093184693,3.883374758045E-04,
    1.039203169055E-02));
#2715 = VECTOR('',#2716,1.);
#2716 = DIRECTION('',(-1.216968738612E-02,-0.997619026984,
    6.788354519074E-02));
#2717 = PCURVE('',#1284,#2718);
#2718 = DEFINITIONAL_REPRESENTATION('',(#2719),#2723);
#2719 = LINE('',#2720,#2721);
#2720 = CARTESIAN_POINT('',(1.755363306376E-03,-0.461097861566));
#2721 = VECTOR('',#2722,1.);
#2722 = DIRECTION('',(1.387778780781E-17,1.));
#2723 = ( GEOMETRIC_REPRESENTATION_CONTEXT(2) 
PARAMETRIC_REPRESENTATION_CONTEXT() REPRESENTATION_CONTEXT('2D SPACE',''
  ) );
#2724 = PCURVE('',#1312,#2725);
#2725 = DEFINITIONAL_REPRESENTATION('',(#2726),#2730);
#2726 = LINE('',#2727,#2728);
#2727 = CARTESIAN_POINT('',(-1.040834085586E-17,-0.461097861566));
#2728 = VECTOR('',#2729,1.);
#2729 = DIRECTION('',(6.938893903907E-18,1.));
#2730 = ( GEOMETRIC_REPRESENTATION_CONTEXT(2) 
PARAMETRIC_REPRESENTATION_CONTEXT() REPRESENTATION_CONTEXT('2D SPACE',''
  ) );
#2731 = ORIENTED_EDGE('',*,*,#1268,.F.);
#2732 = ADVANCED_FACE('',(#2733),#1312,.T.);
#2733 = FACE_BOUND('',#2734,.T.);
#2734 = EDGE_LOOP('',(#2735,#2736,#2737,#2738));
#2735 = ORIENTED_EDGE('',*,*,#2711,.F.);
#2736 = ORIENTED_EDGE('',*,*,#2537,.T.);
#2737 = ORIENTED_EDGE('',*,*,#2608,.T.);
#2738 = ORIENTED_EDGE('',*,*,#1296,.F.);
#2739 = ADVANCED_FACE('',(#2740),#1386,.T.);
#2740 = FACE_BOUND('',#2741,.T.);
#2741 = EDGE_LOOP('',(#2742,#2743,#2744,#2765));
#2742 = ORIENTED_EDGE('',*,*,#1731,.F.);
#2743 = ORIENTED_EDGE('',*,*,#1782,.T.);
#2744 = ORIENTED_EDGE('',*,*,#2745,.T.);
#2745 = EDGE_CURVE('',#1783,#1371,#2746,.T.);
#2746 = SURFACE_CURVE('',#2747,(#2751,#2758),.PCURVE_S1.);
#2747 = LINE('',#2748,#2749);
#2748 = CARTESIAN_POINT('',(-0.110940174651,-2.943335758995E-04,
    3.579803721766E-04));
#2749 = VECTOR('',#2750,1.);
#2750 = DIRECTION('',(-1.216968738612E-02,-0.997619026984,
    6.788354519074E-02));
#2751 = PCURVE('',#1386,#2752);
#2752 = DEFINITIONAL_REPRESENTATION('',(#2753),#2757);
#2753 = LINE('',#2754,#2755);
#2754 = CARTESIAN_POINT('',(1.662152814919E-03,-0.461097861566));
#2755 = VECTOR('',#2756,1.);
#2756 = DIRECTION('',(-1.387778780781E-17,1.));
#2757 = ( GEOMETRIC_REPRESENTATION_CONTEXT(2) 
PARAMETRIC_REPRESENTATION_CONTEXT() REPRESENTATION_CONTEXT('2D SPACE',''
  ) );
#2758 = PCURVE('',#1414,#2759);
#2759 = DEFINITIONAL_REPRESENTATION('',(#2760),#2764);
#2760 = LINE('',#2761,#2762);
#2761 = CARTESIAN_POINT('',(1.214306433184E-17,-0.461097861566));
#2762 = VECTOR('',#2763,1.);
#2763 = DIRECTION('',(-1.734723475977E-17,1.));
#2764 = ( GEOMETRIC_REPRESENTATION_CONTEXT(2) 
PARAMETRIC_REPRESENTATION_CONTEXT() REPRESENTATION_CONTEXT('2D SPACE',''
  ) );
#2765 = ORIENTED_EDGE('',*,*,#1370,.F.);
#2766 = ADVANCED_FACE('',(#2767),#1414,.T.);
#2767 = FACE_BOUND('',#2768,.T.);
#2768 = EDGE_LOOP('',(#2769,#2770,#2771,#2792));
#2769 = ORIENTED_EDGE('',*,*,#2745,.F.);
#2770 = ORIENTED_EDGE('',*,*,#1805,.T.);
#2771 = ORIENTED_EDGE('',*,*,#2772,.T.);
#2772 = EDGE_CURVE('',#1806,#1399,#2773,.T.);
#2773 = SURFACE_CURVE('',#2774,(#2778,#2785),.PCURVE_S1.);
#2774 = LINE('',#2775,#2776);
#2775 = CARTESIAN_POINT('',(-0.109342536626,-3.630853825513E-04,
    -3.659852809832E-04));
#2776 = VECTOR('',#2777,1.);
#2777 = DIRECTION('',(-1.216968738612E-02,-0.997619026984,
    6.788354519074E-02));
#2778 = PCURVE('',#1414,#2779);
#2779 = DEFINITIONAL_REPRESENTATION('',(#2780),#2784);
#2780 = LINE('',#2781,#2782);
#2781 = CARTESIAN_POINT('',(1.755363306376E-03,-0.461097861566));
#2782 = VECTOR('',#2783,1.);
#2783 = DIRECTION('',(-1.734723475977E-17,1.));
#2784 = ( GEOMETRIC_REPRESENTATION_CONTEXT(2) 
PARAMETRIC_REPRESENTATION_CONTEXT() REPRESENTATION_CONTEXT('2D SPACE',''
  ) );
#2785 = PCURVE('',#1442,#2786);
#2786 = DEFINITIONAL_REPRESENTATION('',(#2787),#2791);
#2787 = LINE('',#2788,#2789);
#2788 = CARTESIAN_POINT('',(7.372574772901E-18,-0.461097861566));
#2789 = VECTOR('',#2790,1.);
#2790 = DIRECTION('',(-1.821459649776E-17,1.));
#2791 = ( GEOMETRIC_REPRESENTATION_CONTEXT(2) 
PARAMETRIC_REPRESENTATION_CONTEXT() REPRESENTATION_CONTEXT('2D SPACE',''
  ) );
#2792 = ORIENTED_EDGE('',*,*,#1398,.F.);
#2793 = ADVANCED_FACE('',(#2794),#1442,.T.);
#2794 = FACE_BOUND('',#2795,.T.);
#2795 = EDGE_LOOP('',(#2796,#2797,#2798,#2819));
#2796 = ORIENTED_EDGE('',*,*,#2772,.F.);
#2797 = ORIENTED_EDGE('',*,*,#1828,.T.);
#2798 = ORIENTED_EDGE('',*,*,#2799,.T.);
#2799 = EDGE_CURVE('',#1829,#1427,#2800,.T.);
#2800 = SURFACE_CURVE('',#2801,(#2805,#2812),.PCURVE_S1.);
#2801 = LINE('',#2802,#2803);
#2802 = CARTESIAN_POINT('',(-0.107087959746,-4.072709694649E-04,
    -6.111534782494E-04));
#2803 = VECTOR('',#2804,1.);
#2804 = DIRECTION('',(-1.216968738612E-02,-0.997619026984,
    6.788354519074E-02));
#2805 = PCURVE('',#1442,#2806);
#2806 = DEFINITIONAL_REPRESENTATION('',(#2807),#2811);
#2807 = LINE('',#2808,#2809);
#2808 = CARTESIAN_POINT('',(2.268298199451E-03,-0.461097861566));
#2809 = VECTOR('',#2810,1.);
#2810 = DIRECTION('',(-1.821459649776E-17,1.));
#2811 = ( GEOMETRIC_REPRESENTATION_CONTEXT(2) 
PARAMETRIC_REPRESENTATION_CONTEXT() REPRESENTATION_CONTEXT('2D SPACE',''
  ) );
#2812 = PCURVE('',#1470,#2813);
#2813 = DEFINITIONAL_REPRESENTATION('',(#2814),#2818);
#2814 = LINE('',#2815,#2816);
#2815 = CARTESIAN_POINT('',(6.505213034913E-18,-0.461097861566));
#2816 = VECTOR('',#2817,1.);
#2817 = DIRECTION('',(-1.47451495458E-17,1.));
#2818 = ( GEOMETRIC_REPRESENTATION_CONTEXT(2) 
PARAMETRIC_REPRESENTATION_CONTEXT() REPRESENTATION_CONTEXT('2D SPACE',''
  ) );
#2819 = ORIENTED_EDGE('',*,*,#1426,.F.);
#2820 = ADVANCED_FACE('',(#2821),#1470,.T.);
#2821 = FACE_BOUND('',#2822,.T.);
#2822 = EDGE_LOOP('',(#2823,#2824,#2825,#2846));
#2823 = ORIENTED_EDGE('',*,*,#2799,.F.);
#2824 = ORIENTED_EDGE('',*,*,#1851,.T.);
#2825 = ORIENTED_EDGE('',*,*,#2826,.T.);
#2826 = EDGE_CURVE('',#1852,#1455,#2827,.T.);
#2827 = SURFACE_CURVE('',#2828,(#2832,#2839),.PCURVE_S1.);
#2828 = LINE('',#2829,#2830);
#2829 = CARTESIAN_POINT('',(-0.104832975912,-4.180963062141E-04,
    -3.659852809832E-04));
#2830 = VECTOR('',#2831,1.);
#2831 = DIRECTION('',(-1.216968738612E-02,-0.997619026984,
    6.788354519074E-02));
#2832 = PCURVE('',#1470,#2833);
#2833 = DEFINITIONAL_REPRESENTATION('',(#2834),#2838);
#2834 = LINE('',#2835,#2836);
#2835 = CARTESIAN_POINT('',(2.268298199452E-03,-0.461097861566));
#2836 = VECTOR('',#2837,1.);
#2837 = DIRECTION('',(-1.47451495458E-17,1.));
#2838 = ( GEOMETRIC_REPRESENTATION_CONTEXT(2) 
PARAMETRIC_REPRESENTATION_CONTEXT() REPRESENTATION_CONTEXT('2D SPACE',''
  ) );
#2839 = PCURVE('',#1498,#2840);
#2840 = DEFINITIONAL_REPRESENTATION('',(#2841),#2845);
#2841 = LINE('',#2842,#2843);
#2842 = CARTESIAN_POINT('',(3.469446951954E-18,-0.461097861566));
#2843 = VECTOR('',#2844,1.);
#2844 = DIRECTION('',(-6.938893903907E-18,1.));
#2845 = ( GEOMETRIC_REPRESENTATION_CONTEXT(2) 
PARAMETRIC_REPRESENTATION_CONTEXT() REPRESENTATION_CONTEXT('2D SPACE',''
  ) );
#2846 = ORIENTED_EDGE('',*,*,#1454,.F.);
#2847 = ADVANCED_FACE('',(#2848),#1498,.T.);
#2848 = FACE_BOUND('',#2849,.T.);
#2849 = EDGE_LOOP('',(#2850,#2851,#2852,#2873));
#2850 = ORIENTED_EDGE('',*,*,#2826,.F.);
#2851 = ORIENTED_EDGE('',*,*,#1874,.T.);
#2852 = ORIENTED_EDGE('',*,*,#2853,.T.);
#2853 = EDGE_CURVE('',#1875,#1483,#2854,.T.);
#2854 = SURFACE_CURVE('',#2855,(#2859,#2866),.PCURVE_S1.);
#2855 = LINE('',#2856,#2857);
#2856 = CARTESIAN_POINT('',(-0.103234136182,-3.883374758045E-04,
    3.579803721766E-04));
#2857 = VECTOR('',#2858,1.);
#2858 = DIRECTION('',(-1.216968738612E-02,-0.997619026984,
    6.788354519074E-02));
#2859 = PCURVE('',#1498,#2860);
#2860 = DEFINITIONAL_REPRESENTATION('',(#2861),#2865);
#2861 = LINE('',#2862,#2863);
#2862 = CARTESIAN_POINT('',(1.755363306376E-03,-0.461097861566));
#2863 = VECTOR('',#2864,1.);
#2864 = DIRECTION('',(-6.938893903907E-18,1.));
#2865 = ( GEOMETRIC_REPRESENTATION_CONTEXT(2) 
PARAMETRIC_REPRESENTATION_CONTEXT() REPRESENTATION_CONTEXT('2D SPACE',''
  ) );
#2866 = PCURVE('',#1526,#2867);
#2867 = DEFINITIONAL_REPRESENTATION('',(#2868),#2872);
#2868 = LINE('',#2869,#2870);
#2869 = CARTESIAN_POINT('',(6.938893903907E-18,-0.461097861566));
#2870 = VECTOR('',#2871,1.);
#2871 = DIRECTION('',(-2.775557561563E-17,1.));
#2872 = ( GEOMETRIC_REPRESENTATION_CONTEXT(2) 
PARAMETRIC_REPRESENTATION_CONTEXT() REPRESENTATION_CONTEXT('2D SPACE',''
  ) );
#2873 = ORIENTED_EDGE('',*,*,#1482,.F.);
#2874 = ADVANCED_FACE('',(#2875),#1526,.T.);
#2875 = FACE_BOUND('',#2876,.T.);
#2876 = EDGE_LOOP('',(#2877,#2878,#2879,#2900));
#2877 = ORIENTED_EDGE('',*,*,#2853,.F.);
#2878 = ORIENTED_EDGE('',*,*,#1897,.T.);
#2879 = ORIENTED_EDGE('',*,*,#2880,.T.);
#2880 = EDGE_CURVE('',#1898,#1511,#2881,.T.);
#2881 = SURFACE_CURVE('',#2882,(#2886,#2893),.PCURVE_S1.);
#2882 = LINE('',#2883,#2884);
#2883 = CARTESIAN_POINT('',(-0.102057930893,-3.22894896839E-04,
    1.530588732539E-03));
#2884 = VECTOR('',#2885,1.);
#2885 = DIRECTION('',(-1.216968738612E-02,-0.997619026984,
    6.788354519074E-02));
#2886 = PCURVE('',#1526,#2887);
#2887 = DEFINITIONAL_REPRESENTATION('',(#2888),#2892);
#2888 = LINE('',#2889,#2890);
#2889 = CARTESIAN_POINT('',(1.662152814919E-03,-0.461097861566));
#2890 = VECTOR('',#2891,1.);
#2891 = DIRECTION('',(-2.775557561563E-17,1.));
#2892 = ( GEOMETRIC_REPRESENTATION_CONTEXT(2) 
PARAMETRIC_REPRESENTATION_CONTEXT() REPRESENTATION_CONTEXT('2D SPACE',''
  ) );
#2893 = PCURVE('',#1554,#2894);
#2894 = DEFINITIONAL_REPRESENTATION('',(#2895),#2899);
#2895 = LINE('',#2896,#2897);
#2896 = CARTESIAN_POINT('',(1.040834085586E-17,-0.461097861566));
#2897 = VECTOR('',#2898,1.);
#2898 = DIRECTION('',(-6.938893903907E-18,1.));
#2899 = ( GEOMETRIC_REPRESENTATION_CONTEXT(2) 
PARAMETRIC_REPRESENTATION_CONTEXT() REPRESENTATION_CONTEXT('2D SPACE',''
  ) );
#2900 = ORIENTED_EDGE('',*,*,#1510,.F.);
#2901 = ADVANCED_FACE('',(#2902),#1554,.T.);
#2902 = FACE_BOUND('',#2903,.T.);
#2903 = EDGE_LOOP('',(#2904,#2905,#2906,#2927));
#2904 = ORIENTED_EDGE('',*,*,#2880,.F.);
#2905 = ORIENTED_EDGE('',*,*,#1920,.T.);
#2906 = ORIENTED_EDGE('',*,*,#2907,.T.);
#2907 = EDGE_CURVE('',#1921,#1539,#2908,.T.);
#2908 = SURFACE_CURVE('',#2909,(#2913,#2920),.PCURVE_S1.);
#2909 = LINE('',#2910,#2911);
#2910 = CARTESIAN_POINT('',(-0.101331021866,-2.232519994356E-04,
    3.125259512685E-03));
#2911 = VECTOR('',#2912,1.);
#2912 = DIRECTION('',(-1.216968738612E-02,-0.997619026984,
    6.788354519074E-02));
#2913 = PCURVE('',#1554,#2914);
#2914 = DEFINITIONAL_REPRESENTATION('',(#2915),#2919);
#2915 = LINE('',#2916,#2917);
#2916 = CARTESIAN_POINT('',(1.755363306376E-03,-0.461097861566));
#2917 = VECTOR('',#2918,1.);
#2918 = DIRECTION('',(-6.938893903907E-18,1.));
#2919 = ( GEOMETRIC_REPRESENTATION_CONTEXT(2) 
PARAMETRIC_REPRESENTATION_CONTEXT() REPRESENTATION_CONTEXT('2D SPACE',''
  ) );
#2920 = PCURVE('',#1582,#2921);
#2921 = DEFINITIONAL_REPRESENTATION('',(#2922),#2926);
#2922 = LINE('',#2923,#2924);
#2923 = CARTESIAN_POINT('',(1.734723475977E-17,-0.461097861566));
#2924 = VECTOR('',#2925,1.);
#2925 = DIRECTION('',(-1.387778780781E-17,1.));
#2926 = ( GEOMETRIC_REPRESENTATION_CONTEXT(2) 
PARAMETRIC_REPRESENTATION_CONTEXT() REPRESENTATION_CONTEXT('2D SPACE',''
  ) );
#2927 = ORIENTED_EDGE('',*,*,#1538,.F.);
#2928 = ADVANCED_FACE('',(#2929),#1582,.T.);
#2929 = FACE_BOUND('',#2930,.T.);
#2930 = EDGE_LOOP('',(#2931,#2932,#2933,#2954));
#2931 = ORIENTED_EDGE('',*,*,#2907,.F.);
#2932 = ORIENTED_EDGE('',*,*,#1943,.T.);
#2933 = ORIENTED_EDGE('',*,*,#2934,.T.);
#2934 = EDGE_CURVE('',#1757,#1567,#2935,.T.);
#2935 = SURFACE_CURVE('',#2936,(#2940,#2947),.PCURVE_S1.);
#2936 = LINE('',#2937,#2938);
#2937 = CARTESIAN_POINT('',(-0.101083437933,-7.318694819227E-05,
    5.375006031363E-03));
#2938 = VECTOR('',#2939,1.);
#2939 = DIRECTION('',(-1.216968738612E-02,-0.997619026984,
    6.788354519074E-02));
#2940 = PCURVE('',#1582,#2941);
#2941 = DEFINITIONAL_REPRESENTATION('',(#2942),#2946);
#2942 = LINE('',#2943,#2944);
#2943 = CARTESIAN_POINT('',(2.268298199451E-03,-0.461097861566));
#2944 = VECTOR('',#2945,1.);
#2945 = DIRECTION('',(-1.387778780781E-17,1.));
#2946 = ( GEOMETRIC_REPRESENTATION_CONTEXT(2) 
PARAMETRIC_REPRESENTATION_CONTEXT() REPRESENTATION_CONTEXT('2D SPACE',''
  ) );
#2947 = PCURVE('',#1610,#2948);
#2948 = DEFINITIONAL_REPRESENTATION('',(#2949),#2953);
#2949 = LINE('',#2950,#2951);
#2950 = CARTESIAN_POINT('',(3.469446951954E-18,-0.461097861566));
#2951 = VECTOR('',#2952,1.);
#2952 = DIRECTION('',(-1.387778780781E-17,1.));
#2953 = ( GEOMETRIC_REPRESENTATION_CONTEXT(2) 
PARAMETRIC_REPRESENTATION_CONTEXT() REPRESENTATION_CONTEXT('2D SPACE',''
  ) );
#2954 = ORIENTED_EDGE('',*,*,#1566,.F.);
#2955 = ADVANCED_FACE('',(#2956),#1610,.T.);
#2956 = FACE_BOUND('',#2957,.T.);
#2957 = EDGE_LOOP('',(#2958,#2959,#2960,#2961,#2962,#2983));
#2958 = ORIENTED_EDGE('',*,*,#2934,.F.);
#2959 = ORIENTED_EDGE('',*,*,#1756,.T.);
#2960 = ORIENTED_EDGE('',*,*,#2274,.F.);
#2961 = ORIENTED_EDGE('',*,*,#2252,.T.);
#2962 = ORIENTED_EDGE('',*,*,#2963,.T.);
#2963 = EDGE_CURVE('',#2206,#1595,#2964,.T.);
#2964 = SURFACE_CURVE('',#2965,(#2969,#2976),.PCURVE_S1.);
#2965 = LINE('',#2966,#2967);
#2966 = CARTESIAN_POINT('',(-0.10132728753,8.287296908259E-05,
    7.624752550041E-03));
#2967 = VECTOR('',#2968,1.);
#2968 = DIRECTION('',(-1.216968738612E-02,-0.997619026984,
    6.788354519074E-02));
#2969 = PCURVE('',#1610,#2970);
#2970 = DEFINITIONAL_REPRESENTATION('',(#2971),#2975);
#2971 = LINE('',#2972,#2973);
#2972 = CARTESIAN_POINT('',(2.268298199452E-03,-0.461097861566));
#2973 = VECTOR('',#2974,1.);
#2974 = DIRECTION('',(-1.387778780781E-17,1.));
#2975 = ( GEOMETRIC_REPRESENTATION_CONTEXT(2) 
PARAMETRIC_REPRESENTATION_CONTEXT() REPRESENTATION_CONTEXT('2D SPACE',''
  ) );
#2976 = PCURVE('',#1638,#2977);
#2977 = DEFINITIONAL_REPRESENTATION('',(#2978),#2982);
#2978 = LINE('',#2979,#2980);
#2979 = CARTESIAN_POINT('',(1.734723475977E-17,-0.461097861566));
#2980 = VECTOR('',#2981,1.);
#2981 = DIRECTION('',(-6.938893903907E-18,1.));
#2982 = ( GEOMETRIC_REPRESENTATION_CONTEXT(2) 
PARAMETRIC_REPRESENTATION_CONTEXT() REPRESENTATION_CONTEXT('2D SPACE',''
  ) );
#2983 = ORIENTED_EDGE('',*,*,#1594,.F.);
#2984 = ADVANCED_FACE('',(#2985),#1638,.T.);
#2985 = FACE_BOUND('',#2986,.T.);
#2986 = EDGE_LOOP('',(#2987,#2988,#2989,#3010));
#2987 = ORIENTED_EDGE('',*,*,#2963,.F.);
#2988 = ORIENTED_EDGE('',*,*,#2205,.T.);
#2989 = ORIENTED_EDGE('',*,*,#2990,.F.);
#2990 = EDGE_CURVE('',#1623,#2159,#2991,.T.);
#2991 = SURFACE_CURVE('',#2992,(#2996,#3003),.PCURVE_S1.);
#2992 = LINE('',#2993,#2994);
#2993 = CARTESIAN_POINT('',(-0.113274383234,-0.919799781686,
    7.182133837612E-02));
#2994 = VECTOR('',#2995,1.);
#2995 = DIRECTION('',(1.216968738612E-02,0.997619026984,
    -6.788354519074E-02));
#2996 = PCURVE('',#1638,#2997);
#2997 = DEFINITIONAL_REPRESENTATION('',(#2998),#3002);
#2998 = LINE('',#2999,#3000);
#2999 = CARTESIAN_POINT('',(1.755363306376E-03,0.461097861566));
#3000 = VECTOR('',#3001,1.);
#3001 = DIRECTION('',(6.938893903907E-18,-1.));
#3002 = ( GEOMETRIC_REPRESENTATION_CONTEXT(2) 
PARAMETRIC_REPRESENTATION_CONTEXT() REPRESENTATION_CONTEXT('2D SPACE',''
  ) );
#3003 = PCURVE('',#1666,#3004);
#3004 = DEFINITIONAL_REPRESENTATION('',(#3005),#3009);
#3005 = LINE('',#3006,#3007);
#3006 = CARTESIAN_POINT('',(6.938893903907E-18,0.461097861566));
#3007 = VECTOR('',#3008,1.);
#3008 = DIRECTION('',(-1.387778780781E-17,-1.));
#3009 = ( GEOMETRIC_REPRESENTATION_CONTEXT(2) 
PARAMETRIC_REPRESENTATION_CONTEXT() REPRESENTATION_CONTEXT('2D SPACE',''
  ) );
#3010 = ORIENTED_EDGE('',*,*,#1622,.F.);
#3011 = ADVANCED_FACE('',(#3012),#1666,.T.);
#3012 = FACE_BOUND('',#3013,.T.);
#3013 = EDGE_LOOP('',(#3014,#3015,#3016,#3037));
#3014 = ORIENTED_EDGE('',*,*,#2990,.T.);
#3015 = ORIENTED_EDGE('',*,*,#2158,.T.);
#3016 = ORIENTED_EDGE('',*,*,#3017,.F.);
#3017 = EDGE_CURVE('',#1651,#2112,#3018,.T.);
#3018 = SURFACE_CURVE('',#3019,(#3023,#3030),.PCURVE_S1.);
#3019 = LINE('',#3020,#3021);
#3020 = CARTESIAN_POINT('',(-0.11444864212,-0.919705666424,
    7.299394673648E-02));
#3021 = VECTOR('',#3022,1.);
#3022 = DIRECTION('',(1.216968738612E-02,0.997619026984,
    -6.788354519074E-02));
#3023 = PCURVE('',#1666,#3024);
#3024 = DEFINITIONAL_REPRESENTATION('',(#3025),#3029);
#3025 = LINE('',#3026,#3027);
#3026 = CARTESIAN_POINT('',(1.662152814919E-03,0.461097861566));
#3027 = VECTOR('',#3028,1.);
#3028 = DIRECTION('',(-1.387778780781E-17,-1.));
#3029 = ( GEOMETRIC_REPRESENTATION_CONTEXT(2) 
PARAMETRIC_REPRESENTATION_CONTEXT() REPRESENTATION_CONTEXT('2D SPACE',''
  ) );
#3030 = PCURVE('',#1692,#3031);
#3031 = DEFINITIONAL_REPRESENTATION('',(#3032),#3036);
#3032 = LINE('',#3033,#3034);
#3033 = CARTESIAN_POINT('',(5.20417042793E-18,0.461097861566));
#3034 = VECTOR('',#3035,1.);
#3035 = DIRECTION('',(-1.387778780781E-17,-1.));
#3036 = ( GEOMETRIC_REPRESENTATION_CONTEXT(2) 
PARAMETRIC_REPRESENTATION_CONTEXT() REPRESENTATION_CONTEXT('2D SPACE',''
  ) );
#3037 = ORIENTED_EDGE('',*,*,#1650,.F.);
#3038 = ADVANCED_FACE('',(#3039),#1692,.T.);
#3039 = FACE_BOUND('',#3040,.T.);
#3040 = EDGE_LOOP('',(#3041,#3042,#3043,#3044));
#3041 = ORIENTED_EDGE('',*,*,#3017,.T.);
#3042 = ORIENTED_EDGE('',*,*,#2111,.T.);
#3043 = ORIENTED_EDGE('',*,*,#2635,.F.);
#3044 = ORIENTED_EDGE('',*,*,#1678,.F.);
#3045 = MANIFOLD_SOLID_BREP('',#3046);
#3046 = CLOSED_SHELL('',(#3047,#3167,#3243,#3319,#3395,#3471,#3547,#3623
    ,#3699,#3775,#3851,#3927,#4003,#4079,#4155,#4231,#4307,#4383,#4459,
    #4530,#4573,#4600));
#3047 = ADVANCED_FACE('',(#3048),#3062,.T.);
#3048 = FACE_BOUND('',#3049,.T.);
#3049 = EDGE_LOOP('',(#3050,#3085,#3113,#3141));
#3050 = ORIENTED_EDGE('',*,*,#3051,.T.);
#3051 = EDGE_CURVE('',#3052,#3054,#3056,.T.);
#3052 = VERTEX_POINT('',#3053);
#3053 = CARTESIAN_POINT('',(0.5078,2.074505188337E-02,
    -2.457350461903E-04));
#3054 = VERTEX_POINT('',#3055);
#3055 = CARTESIAN_POINT('',(0.5078,2.3E-02,0.));
#3056 = SURFACE_CURVE('',#3057,(#3061,#3073),.PCURVE_S1.);
#3057 = LINE('',#3058,#3059);
#3058 = CARTESIAN_POINT('',(0.5078,2.074505188337E-02,
    -2.457350461903E-04));
#3059 = VECTOR('',#3060,1.);
#3060 = DIRECTION('',(0.,0.994114493931,0.108334541838));
#3061 = PCURVE('',#3062,#3067);
#3062 = PLANE('',#3063);
#3063 = AXIS2_PLACEMENT_3D('',#3064,#3065,#3066);
#3064 = CARTESIAN_POINT('',(0.1289,2.074505188337E-02,
    -2.457350461903E-04));
#3065 = DIRECTION('',(0.,-0.108334541838,0.994114493931));
#3066 = DIRECTION('',(0.,0.994114493931,0.108334541838));
#3067 = DEFINITIONAL_REPRESENTATION('',(#3068),#3072);
#3068 = LINE('',#3069,#3070);
#3069 = CARTESIAN_POINT('',(0.,-0.3789));
#3070 = VECTOR('',#3071,1.);
#3071 = DIRECTION('',(1.,0.));
#3072 = ( GEOMETRIC_REPRESENTATION_CONTEXT(2) 
PARAMETRIC_REPRESENTATION_CONTEXT() REPRESENTATION_CONTEXT('2D SPACE',''
  ) );
#3073 = PCURVE('',#3074,#3079);
#3074 = PLANE('',#3075);
#3075 = AXIS2_PLACEMENT_3D('',#3076,#3077,#3078);
#3076 = CARTESIAN_POINT('',(0.5078,2.3E-02,-6.E-03));
#3077 = DIRECTION('',(-1.,0.,0.));
#3078 = DIRECTION('',(0.,0.,1.));
#3079 = DEFINITIONAL_REPRESENTATION('',(#3080),#3084);
#3080 = LINE('',#3081,#3082);
#3081 = CARTESIAN_POINT('',(5.75426495381E-03,-2.254948116633E-03));
#3082 = VECTOR('',#3083,1.);
#3083 = DIRECTION('',(0.108334541838,0.994114493931));
#3084 = ( GEOMETRIC_REPRESENTATION_CONTEXT(2) 
PARAMETRIC_REPRESENTATION_CONTEXT() REPRESENTATION_CONTEXT('2D SPACE',''
  ) );
#3085 = ORIENTED_EDGE('',*,*,#3086,.T.);
#3086 = EDGE_CURVE('',#3054,#3087,#3089,.T.);
#3087 = VERTEX_POINT('',#3088);
#3088 = CARTESIAN_POINT('',(-0.25,2.3E-02,0.));
#3089 = SURFACE_CURVE('',#3090,(#3094,#3101),.PCURVE_S1.);
#3090 = LINE('',#3091,#3092);
#3091 = CARTESIAN_POINT('',(0.5078,2.3E-02,0.));
#3092 = VECTOR('',#3093,1.);
#3093 = DIRECTION('',(-1.,0.,0.));
#3094 = PCURVE('',#3062,#3095);
#3095 = DEFINITIONAL_REPRESENTATION('',(#3096),#3100);
#3096 = LINE('',#3097,#3098);
#3097 = CARTESIAN_POINT('',(2.268298199451E-03,-0.3789));
#3098 = VECTOR('',#3099,1.);
#3099 = DIRECTION('',(0.,1.));
#3100 = ( GEOMETRIC_REPRESENTATION_CONTEXT(2) 
PARAMETRIC_REPRESENTATION_CONTEXT() REPRESENTATION_CONTEXT('2D SPACE',''
  ) );
#3101 = PCURVE('',#3102,#3107);
#3102 = PLANE('',#3103);
#3103 = AXIS2_PLACEMENT_3D('',#3104,#3105,#3106);
#3104 = CARTESIAN_POINT('',(0.1289,2.3E-02,0.));
#3105 = DIRECTION('',(0.,0.108334541838,0.994114493931));
#3106 = DIRECTION('',(0.,0.994114493931,-0.108334541838));
#3107 = DEFINITIONAL_REPRESENTATION('',(#3108),#3112);
#3108 = LINE('',#3109,#3110);
#3109 = CARTESIAN_POINT('',(0.,-0.3789));
#3110 = VECTOR('',#3111,1.);
#3111 = DIRECTION('',(0.,1.));
#3112 = ( GEOMETRIC_REPRESENTATION_CONTEXT(2) 
PARAMETRIC_REPRESENTATION_CONTEXT() REPRESENTATION_CONTEXT('2D SPACE',''
  ) );
#3113 = ORIENTED_EDGE('',*,*,#3114,.F.);
#3114 = EDGE_CURVE('',#3115,#3087,#3117,.T.);
#3115 = VERTEX_POINT('',#3116);
#3116 = CARTESIAN_POINT('',(-0.25,2.074505188337E-02,-2.457350461903E-04
    ));
#3117 = SURFACE_CURVE('',#3118,(#3122,#3129),.PCURVE_S1.);
#3118 = LINE('',#3119,#3120);
#3119 = CARTESIAN_POINT('',(-0.25,2.074505188337E-02,-2.457350461903E-04
    ));
#3120 = VECTOR('',#3121,1.);
#3121 = DIRECTION('',(0.,0.994114493931,0.108334541838));
#3122 = PCURVE('',#3062,#3123);
#3123 = DEFINITIONAL_REPRESENTATION('',(#3124),#3128);
#3124 = LINE('',#3125,#3126);
#3125 = CARTESIAN_POINT('',(0.,0.3789));
#3126 = VECTOR('',#3127,1.);
#3127 = DIRECTION('',(1.,0.));
#3128 = ( GEOMETRIC_REPRESENTATION_CONTEXT(2) 
PARAMETRIC_REPRESENTATION_CONTEXT() REPRESENTATION_CONTEXT('2D SPACE',''
  ) );
#3129 = PCURVE('',#3130,#3135);
#3130 = PLANE('',#3131);
#3131 = AXIS2_PLACEMENT_3D('',#3132,#3133,#3134);
#3132 = CARTESIAN_POINT('',(-0.25,2.3E-02,-6.E-03));
#3133 = DIRECTION('',(-1.,0.,0.));
#3134 = DIRECTION('',(0.,0.,1.));
#3135 = DEFINITIONAL_REPRESENTATION('',(#3136),#3140);
#3136 = LINE('',#3137,#3138);
#3137 = CARTESIAN_POINT('',(5.75426495381E-03,-2.254948116633E-03));
#3138 = VECTOR('',#3139,1.);
#3139 = DIRECTION('',(0.108334541838,0.994114493931));
#3140 = ( GEOMETRIC_REPRESENTATION_CONTEXT(2) 
PARAMETRIC_REPRESENTATION_CONTEXT() REPRESENTATION_CONTEXT('2D SPACE',''
  ) );
#3141 = ORIENTED_EDGE('',*,*,#3142,.T.);
#3142 = EDGE_CURVE('',#3115,#3052,#3143,.T.);
#3143 = SURFACE_CURVE('',#3144,(#3148,#3155),.PCURVE_S1.);
#3144 = LINE('',#3145,#3146);
#3145 = CARTESIAN_POINT('',(-0.25,2.074505188337E-02,-2.457350461903E-04
    ));
#3146 = VECTOR('',#3147,1.);
#3147 = DIRECTION('',(1.,0.,0.));
#3148 = PCURVE('',#3062,#3149);
#3149 = DEFINITIONAL_REPRESENTATION('',(#3150),#3154);
#3150 = LINE('',#3151,#3152);
#3151 = CARTESIAN_POINT('',(0.,0.3789));
#3152 = VECTOR('',#3153,1.);
#3153 = DIRECTION('',(0.,-1.));
#3154 = ( GEOMETRIC_REPRESENTATION_CONTEXT(2) 
PARAMETRIC_REPRESENTATION_CONTEXT() REPRESENTATION_CONTEXT('2D SPACE',''
  ) );
#3155 = PCURVE('',#3156,#3161);
#3156 = PLANE('',#3157);
#3157 = AXIS2_PLACEMENT_3D('',#3158,#3159,#3160);
#3158 = CARTESIAN_POINT('',(0.1289,1.914669409395E-02,
    -9.713745671526E-04));
#3159 = DIRECTION('',(0.,-0.413384236942,0.910556682831));
#3160 = DIRECTION('',(0.,0.910556682831,0.413384236942));
#3161 = DEFINITIONAL_REPRESENTATION('',(#3162),#3166);
#3162 = LINE('',#3163,#3164);
#3163 = CARTESIAN_POINT('',(1.755363306376E-03,0.3789));
#3164 = VECTOR('',#3165,1.);
#3165 = DIRECTION('',(0.,-1.));
#3166 = ( GEOMETRIC_REPRESENTATION_CONTEXT(2) 
PARAMETRIC_REPRESENTATION_CONTEXT() REPRESENTATION_CONTEXT('2D SPACE',''
  ) );
#3167 = ADVANCED_FACE('',(#3168),#3156,.T.);
#3168 = FACE_BOUND('',#3169,.T.);
#3169 = EDGE_LOOP('',(#3170,#3193,#3194,#3217));
#3170 = ORIENTED_EDGE('',*,*,#3171,.T.);
#3171 = EDGE_CURVE('',#3172,#3052,#3174,.T.);
#3172 = VERTEX_POINT('',#3173);
#3173 = CARTESIAN_POINT('',(0.5078,1.914669409395E-02,
    -9.713745671526E-04));
#3174 = SURFACE_CURVE('',#3175,(#3179,#3186),.PCURVE_S1.);
#3175 = LINE('',#3176,#3177);
#3176 = CARTESIAN_POINT('',(0.5078,1.914669409395E-02,
    -9.713745671526E-04));
#3177 = VECTOR('',#3178,1.);
#3178 = DIRECTION('',(0.,0.910556682831,0.413384236942));
#3179 = PCURVE('',#3156,#3180);
#3180 = DEFINITIONAL_REPRESENTATION('',(#3181),#3185);
#3181 = LINE('',#3182,#3183);
#3182 = CARTESIAN_POINT('',(0.,-0.3789));
#3183 = VECTOR('',#3184,1.);
#3184 = DIRECTION('',(1.,0.));
#3185 = ( GEOMETRIC_REPRESENTATION_CONTEXT(2) 
PARAMETRIC_REPRESENTATION_CONTEXT() REPRESENTATION_CONTEXT('2D SPACE',''
  ) );
#3186 = PCURVE('',#3074,#3187);
#3187 = DEFINITIONAL_REPRESENTATION('',(#3188),#3192);
#3188 = LINE('',#3189,#3190);
#3189 = CARTESIAN_POINT('',(5.028625432847E-03,-3.85330590605E-03));
#3190 = VECTOR('',#3191,1.);
#3191 = DIRECTION('',(0.413384236942,0.910556682831));
#3192 = ( GEOMETRIC_REPRESENTATION_CONTEXT(2) 
PARAMETRIC_REPRESENTATION_CONTEXT() REPRESENTATION_CONTEXT('2D SPACE',''
  ) );
#3193 = ORIENTED_EDGE('',*,*,#3142,.F.);
#3194 = ORIENTED_EDGE('',*,*,#3195,.F.);
#3195 = EDGE_CURVE('',#3196,#3115,#3198,.T.);
#3196 = VERTEX_POINT('',#3197);
#3197 = CARTESIAN_POINT('',(-0.25,1.914669409395E-02,-9.713745671526E-04
    ));
#3198 = SURFACE_CURVE('',#3199,(#3203,#3210),.PCURVE_S1.);
#3199 = LINE('',#3200,#3201);
#3200 = CARTESIAN_POINT('',(-0.25,1.914669409395E-02,-9.713745671526E-04
    ));
#3201 = VECTOR('',#3202,1.);
#3202 = DIRECTION('',(0.,0.910556682831,0.413384236942));
#3203 = PCURVE('',#3156,#3204);
#3204 = DEFINITIONAL_REPRESENTATION('',(#3205),#3209);
#3205 = LINE('',#3206,#3207);
#3206 = CARTESIAN_POINT('',(0.,0.3789));
#3207 = VECTOR('',#3208,1.);
#3208 = DIRECTION('',(1.,0.));
#3209 = ( GEOMETRIC_REPRESENTATION_CONTEXT(2) 
PARAMETRIC_REPRESENTATION_CONTEXT() REPRESENTATION_CONTEXT('2D SPACE',''
  ) );
#3210 = PCURVE('',#3130,#3211);
#3211 = DEFINITIONAL_REPRESENTATION('',(#3212),#3216);
#3212 = LINE('',#3213,#3214);
#3213 = CARTESIAN_POINT('',(5.028625432847E-03,-3.85330590605E-03));
#3214 = VECTOR('',#3215,1.);
#3215 = DIRECTION('',(0.413384236942,0.910556682831));
#3216 = ( GEOMETRIC_REPRESENTATION_CONTEXT(2) 
PARAMETRIC_REPRESENTATION_CONTEXT() REPRESENTATION_CONTEXT('2D SPACE',''
  ) );
#3217 = ORIENTED_EDGE('',*,*,#3218,.T.);
#3218 = EDGE_CURVE('',#3196,#3172,#3219,.T.);
#3219 = SURFACE_CURVE('',#3220,(#3224,#3231),.PCURVE_S1.);
#3220 = LINE('',#3221,#3222);
#3221 = CARTESIAN_POINT('',(-0.25,1.914669409395E-02,-9.713745671526E-04
    ));
#3222 = VECTOR('',#3223,1.);
#3223 = DIRECTION('',(1.,0.,0.));
#3224 = PCURVE('',#3156,#3225);
#3225 = DEFINITIONAL_REPRESENTATION('',(#3226),#3230);
#3226 = LINE('',#3227,#3228);
#3227 = CARTESIAN_POINT('',(0.,0.3789));
#3228 = VECTOR('',#3229,1.);
#3229 = DIRECTION('',(0.,-1.));
#3230 = ( GEOMETRIC_REPRESENTATION_CONTEXT(2) 
PARAMETRIC_REPRESENTATION_CONTEXT() REPRESENTATION_CONTEXT('2D SPACE',''
  ) );
#3231 = PCURVE('',#3232,#3237);
#3232 = PLANE('',#3233);
#3233 = AXIS2_PLACEMENT_3D('',#3234,#3235,#3236);
#3234 = CARTESIAN_POINT('',(0.1289,1.797137456715E-02,-2.14669409395E-03
    ));
#3235 = DIRECTION('',(0.,-0.707106781187,0.707106781187));
#3236 = DIRECTION('',(0.,0.707106781187,0.707106781187));
#3237 = DEFINITIONAL_REPRESENTATION('',(#3238),#3242);
#3238 = LINE('',#3239,#3240);
#3239 = CARTESIAN_POINT('',(1.662152814919E-03,0.3789));
#3240 = VECTOR('',#3241,1.);
#3241 = DIRECTION('',(0.,-1.));
#3242 = ( GEOMETRIC_REPRESENTATION_CONTEXT(2) 
PARAMETRIC_REPRESENTATION_CONTEXT() REPRESENTATION_CONTEXT('2D SPACE',''
  ) );
#3243 = ADVANCED_FACE('',(#3244),#3232,.T.);
#3244 = FACE_BOUND('',#3245,.T.);
#3245 = EDGE_LOOP('',(#3246,#3269,#3270,#3293));
#3246 = ORIENTED_EDGE('',*,*,#3247,.T.);
#3247 = EDGE_CURVE('',#3248,#3172,#3250,.T.);
#3248 = VERTEX_POINT('',#3249);
#3249 = CARTESIAN_POINT('',(0.5078,1.797137456715E-02,-2.14669409395E-03
    ));
#3250 = SURFACE_CURVE('',#3251,(#3255,#3262),.PCURVE_S1.);
#3251 = LINE('',#3252,#3253);
#3252 = CARTESIAN_POINT('',(0.5078,1.797137456715E-02,-2.14669409395E-03
    ));
#3253 = VECTOR('',#3254,1.);
#3254 = DIRECTION('',(0.,0.707106781187,0.707106781187));
#3255 = PCURVE('',#3232,#3256);
#3256 = DEFINITIONAL_REPRESENTATION('',(#3257),#3261);
#3257 = LINE('',#3258,#3259);
#3258 = CARTESIAN_POINT('',(0.,-0.3789));
#3259 = VECTOR('',#3260,1.);
#3260 = DIRECTION('',(1.,0.));
#3261 = ( GEOMETRIC_REPRESENTATION_CONTEXT(2) 
PARAMETRIC_REPRESENTATION_CONTEXT() REPRESENTATION_CONTEXT('2D SPACE',''
  ) );
#3262 = PCURVE('',#3074,#3263);
#3263 = DEFINITIONAL_REPRESENTATION('',(#3264),#3268);
#3264 = LINE('',#3265,#3266);
#3265 = CARTESIAN_POINT('',(3.85330590605E-03,-5.028625432847E-03));
#3266 = VECTOR('',#3267,1.);
#3267 = DIRECTION('',(0.707106781187,0.707106781187));
#3268 = ( GEOMETRIC_REPRESENTATION_CONTEXT(2) 
PARAMETRIC_REPRESENTATION_CONTEXT() REPRESENTATION_CONTEXT('2D SPACE',''
  ) );
#3269 = ORIENTED_EDGE('',*,*,#3218,.F.);
#3270 = ORIENTED_EDGE('',*,*,#3271,.F.);
#3271 = EDGE_CURVE('',#3272,#3196,#3274,.T.);
#3272 = VERTEX_POINT('',#3273);
#3273 = CARTESIAN_POINT('',(-0.25,1.797137456715E-02,-2.14669409395E-03)
  );
#3274 = SURFACE_CURVE('',#3275,(#3279,#3286),.PCURVE_S1.);
#3275 = LINE('',#3276,#3277);
#3276 = CARTESIAN_POINT('',(-0.25,1.797137456715E-02,-2.14669409395E-03)
  );
#3277 = VECTOR('',#3278,1.);
#3278 = DIRECTION('',(0.,0.707106781187,0.707106781187));
#3279 = PCURVE('',#3232,#3280);
#3280 = DEFINITIONAL_REPRESENTATION('',(#3281),#3285);
#3281 = LINE('',#3282,#3283);
#3282 = CARTESIAN_POINT('',(0.,0.3789));
#3283 = VECTOR('',#3284,1.);
#3284 = DIRECTION('',(1.,0.));
#3285 = ( GEOMETRIC_REPRESENTATION_CONTEXT(2) 
PARAMETRIC_REPRESENTATION_CONTEXT() REPRESENTATION_CONTEXT('2D SPACE',''
  ) );
#3286 = PCURVE('',#3130,#3287);
#3287 = DEFINITIONAL_REPRESENTATION('',(#3288),#3292);
#3288 = LINE('',#3289,#3290);
#3289 = CARTESIAN_POINT('',(3.85330590605E-03,-5.028625432847E-03));
#3290 = VECTOR('',#3291,1.);
#3291 = DIRECTION('',(0.707106781187,0.707106781187));
#3292 = ( GEOMETRIC_REPRESENTATION_CONTEXT(2) 
PARAMETRIC_REPRESENTATION_CONTEXT() REPRESENTATION_CONTEXT('2D SPACE',''
  ) );
#3293 = ORIENTED_EDGE('',*,*,#3294,.T.);
#3294 = EDGE_CURVE('',#3272,#3248,#3295,.T.);
#3295 = SURFACE_CURVE('',#3296,(#3300,#3307),.PCURVE_S1.);
#3296 = LINE('',#3297,#3298);
#3297 = CARTESIAN_POINT('',(-0.25,1.797137456715E-02,-2.14669409395E-03)
  );
#3298 = VECTOR('',#3299,1.);
#3299 = DIRECTION('',(1.,0.,0.));
#3300 = PCURVE('',#3232,#3301);
#3301 = DEFINITIONAL_REPRESENTATION('',(#3302),#3306);
#3302 = LINE('',#3303,#3304);
#3303 = CARTESIAN_POINT('',(0.,0.3789));
#3304 = VECTOR('',#3305,1.);
#3305 = DIRECTION('',(0.,-1.));
#3306 = ( GEOMETRIC_REPRESENTATION_CONTEXT(2) 
PARAMETRIC_REPRESENTATION_CONTEXT() REPRESENTATION_CONTEXT('2D SPACE',''
  ) );
#3307 = PCURVE('',#3308,#3313);
#3308 = PLANE('',#3309);
#3309 = AXIS2_PLACEMENT_3D('',#3310,#3311,#3312);
#3310 = CARTESIAN_POINT('',(0.1289,1.724573504619E-02,
    -3.745051883367E-03));
#3311 = DIRECTION('',(0.,-0.910556682831,0.413384236942));
#3312 = DIRECTION('',(0.,0.413384236942,0.910556682831));
#3313 = DEFINITIONAL_REPRESENTATION('',(#3314),#3318);
#3314 = LINE('',#3315,#3316);
#3315 = CARTESIAN_POINT('',(1.755363306376E-03,0.3789));
#3316 = VECTOR('',#3317,1.);
#3317 = DIRECTION('',(0.,-1.));
#3318 = ( GEOMETRIC_REPRESENTATION_CONTEXT(2) 
PARAMETRIC_REPRESENTATION_CONTEXT() REPRESENTATION_CONTEXT('2D SPACE',''
  ) );
#3319 = ADVANCED_FACE('',(#3320),#3308,.T.);
#3320 = FACE_BOUND('',#3321,.T.);
#3321 = EDGE_LOOP('',(#3322,#3352,#3373,#3374));
#3322 = ORIENTED_EDGE('',*,*,#3323,.F.);
#3323 = EDGE_CURVE('',#3324,#3326,#3328,.T.);
#3324 = VERTEX_POINT('',#3325);
#3325 = CARTESIAN_POINT('',(0.5078,1.724573504619E-02,
    -3.745051883367E-03));
#3326 = VERTEX_POINT('',#3327);
#3327 = CARTESIAN_POINT('',(-0.25,1.724573504619E-02,-3.745051883367E-03
    ));
#3328 = SURFACE_CURVE('',#3329,(#3333,#3340),.PCURVE_S1.);
#3329 = LINE('',#3330,#3331);
#3330 = CARTESIAN_POINT('',(0.5078,1.724573504619E-02,
    -3.745051883367E-03));
#3331 = VECTOR('',#3332,1.);
#3332 = DIRECTION('',(-1.,0.,0.));
#3333 = PCURVE('',#3308,#3334);
#3334 = DEFINITIONAL_REPRESENTATION('',(#3335),#3339);
#3335 = LINE('',#3336,#3337);
#3336 = CARTESIAN_POINT('',(0.,-0.3789));
#3337 = VECTOR('',#3338,1.);
#3338 = DIRECTION('',(0.,1.));
#3339 = ( GEOMETRIC_REPRESENTATION_CONTEXT(2) 
PARAMETRIC_REPRESENTATION_CONTEXT() REPRESENTATION_CONTEXT('2D SPACE',''
  ) );
#3340 = PCURVE('',#3341,#3346);
#3341 = PLANE('',#3342);
#3342 = AXIS2_PLACEMENT_3D('',#3343,#3344,#3345);
#3343 = CARTESIAN_POINT('',(0.1289,1.7E-02,-6.E-03));
#3344 = DIRECTION('',(0.,-0.994114493932,0.108334541838));
#3345 = DIRECTION('',(0.,0.108334541838,0.994114493932));
#3346 = DEFINITIONAL_REPRESENTATION('',(#3347),#3351);
#3347 = LINE('',#3348,#3349);
#3348 = CARTESIAN_POINT('',(2.268298199452E-03,-0.3789));
#3349 = VECTOR('',#3350,1.);
#3350 = DIRECTION('',(0.,1.));
#3351 = ( GEOMETRIC_REPRESENTATION_CONTEXT(2) 
PARAMETRIC_REPRESENTATION_CONTEXT() REPRESENTATION_CONTEXT('2D SPACE',''
  ) );
#3352 = ORIENTED_EDGE('',*,*,#3353,.T.);
#3353 = EDGE_CURVE('',#3324,#3248,#3354,.T.);
#3354 = SURFACE_CURVE('',#3355,(#3359,#3366),.PCURVE_S1.);
#3355 = LINE('',#3356,#3357);
#3356 = CARTESIAN_POINT('',(0.5078,1.724573504619E-02,
    -3.745051883367E-03));
#3357 = VECTOR('',#3358,1.);
#3358 = DIRECTION('',(0.,0.413384236942,0.910556682831));
#3359 = PCURVE('',#3308,#3360);
#3360 = DEFINITIONAL_REPRESENTATION('',(#3361),#3365);
#3361 = LINE('',#3362,#3363);
#3362 = CARTESIAN_POINT('',(0.,-0.3789));
#3363 = VECTOR('',#3364,1.);
#3364 = DIRECTION('',(1.,0.));
#3365 = ( GEOMETRIC_REPRESENTATION_CONTEXT(2) 
PARAMETRIC_REPRESENTATION_CONTEXT() REPRESENTATION_CONTEXT('2D SPACE',''
  ) );
#3366 = PCURVE('',#3074,#3367);
#3367 = DEFINITIONAL_REPRESENTATION('',(#3368),#3372);
#3368 = LINE('',#3369,#3370);
#3369 = CARTESIAN_POINT('',(2.254948116633E-03,-5.75426495381E-03));
#3370 = VECTOR('',#3371,1.);
#3371 = DIRECTION('',(0.910556682831,0.413384236942));
#3372 = ( GEOMETRIC_REPRESENTATION_CONTEXT(2) 
PARAMETRIC_REPRESENTATION_CONTEXT() REPRESENTATION_CONTEXT('2D SPACE',''
  ) );
#3373 = ORIENTED_EDGE('',*,*,#3294,.F.);
#3374 = ORIENTED_EDGE('',*,*,#3375,.F.);
#3375 = EDGE_CURVE('',#3326,#3272,#3376,.T.);
#3376 = SURFACE_CURVE('',#3377,(#3381,#3388),.PCURVE_S1.);
#3377 = LINE('',#3378,#3379);
#3378 = CARTESIAN_POINT('',(-0.25,1.724573504619E-02,-3.745051883367E-03
    ));
#3379 = VECTOR('',#3380,1.);
#3380 = DIRECTION('',(0.,0.413384236942,0.910556682831));
#3381 = PCURVE('',#3308,#3382);
#3382 = DEFINITIONAL_REPRESENTATION('',(#3383),#3387);
#3383 = LINE('',#3384,#3385);
#3384 = CARTESIAN_POINT('',(0.,0.3789));
#3385 = VECTOR('',#3386,1.);
#3386 = DIRECTION('',(1.,0.));
#3387 = ( GEOMETRIC_REPRESENTATION_CONTEXT(2) 
PARAMETRIC_REPRESENTATION_CONTEXT() REPRESENTATION_CONTEXT('2D SPACE',''
  ) );
#3388 = PCURVE('',#3130,#3389);
#3389 = DEFINITIONAL_REPRESENTATION('',(#3390),#3394);
#3390 = LINE('',#3391,#3392);
#3391 = CARTESIAN_POINT('',(2.254948116633E-03,-5.75426495381E-03));
#3392 = VECTOR('',#3393,1.);
#3393 = DIRECTION('',(0.910556682831,0.413384236942));
#3394 = ( GEOMETRIC_REPRESENTATION_CONTEXT(2) 
PARAMETRIC_REPRESENTATION_CONTEXT() REPRESENTATION_CONTEXT('2D SPACE',''
  ) );
#3395 = ADVANCED_FACE('',(#3396),#3341,.T.);
#3396 = FACE_BOUND('',#3397,.T.);
#3397 = EDGE_LOOP('',(#3398,#3428,#3449,#3450));
#3398 = ORIENTED_EDGE('',*,*,#3399,.F.);
#3399 = EDGE_CURVE('',#3400,#3402,#3404,.T.);
#3400 = VERTEX_POINT('',#3401);
#3401 = CARTESIAN_POINT('',(0.5078,1.7E-02,-6.E-03));
#3402 = VERTEX_POINT('',#3403);
#3403 = CARTESIAN_POINT('',(-0.25,1.7E-02,-6.E-03));
#3404 = SURFACE_CURVE('',#3405,(#3409,#3416),.PCURVE_S1.);
#3405 = LINE('',#3406,#3407);
#3406 = CARTESIAN_POINT('',(0.5078,1.7E-02,-6.E-03));
#3407 = VECTOR('',#3408,1.);
#3408 = DIRECTION('',(-1.,0.,0.));
#3409 = PCURVE('',#3341,#3410);
#3410 = DEFINITIONAL_REPRESENTATION('',(#3411),#3415);
#3411 = LINE('',#3412,#3413);
#3412 = CARTESIAN_POINT('',(0.,-0.3789));
#3413 = VECTOR('',#3414,1.);
#3414 = DIRECTION('',(0.,1.));
#3415 = ( GEOMETRIC_REPRESENTATION_CONTEXT(2) 
PARAMETRIC_REPRESENTATION_CONTEXT() REPRESENTATION_CONTEXT('2D SPACE',''
  ) );
#3416 = PCURVE('',#3417,#3422);
#3417 = PLANE('',#3418);
#3418 = AXIS2_PLACEMENT_3D('',#3419,#3420,#3421);
#3419 = CARTESIAN_POINT('',(0.1289,1.724573504619E-02,
    -8.254948116633E-03));
#3420 = DIRECTION('',(-0.,-0.994114493931,-0.108334541838));
#3421 = DIRECTION('',(0.,-0.108334541838,0.994114493931));
#3422 = DEFINITIONAL_REPRESENTATION('',(#3423),#3427);
#3423 = LINE('',#3424,#3425);
#3424 = CARTESIAN_POINT('',(2.268298199451E-03,-0.3789));
#3425 = VECTOR('',#3426,1.);
#3426 = DIRECTION('',(0.,1.));
#3427 = ( GEOMETRIC_REPRESENTATION_CONTEXT(2) 
PARAMETRIC_REPRESENTATION_CONTEXT() REPRESENTATION_CONTEXT('2D SPACE',''
  ) );
#3428 = ORIENTED_EDGE('',*,*,#3429,.T.);
#3429 = EDGE_CURVE('',#3400,#3324,#3430,.T.);
#3430 = SURFACE_CURVE('',#3431,(#3435,#3442),.PCURVE_S1.);
#3431 = LINE('',#3432,#3433);
#3432 = CARTESIAN_POINT('',(0.5078,1.7E-02,-6.E-03));
#3433 = VECTOR('',#3434,1.);
#3434 = DIRECTION('',(0.,0.108334541838,0.994114493932));
#3435 = PCURVE('',#3341,#3436);
#3436 = DEFINITIONAL_REPRESENTATION('',(#3437),#3441);
#3437 = LINE('',#3438,#3439);
#3438 = CARTESIAN_POINT('',(0.,-0.3789));
#3439 = VECTOR('',#3440,1.);
#3440 = DIRECTION('',(1.,0.));
#3441 = ( GEOMETRIC_REPRESENTATION_CONTEXT(2) 
PARAMETRIC_REPRESENTATION_CONTEXT() REPRESENTATION_CONTEXT('2D SPACE',''
  ) );
#3442 = PCURVE('',#3074,#3443);
#3443 = DEFINITIONAL_REPRESENTATION('',(#3444),#3448);
#3444 = LINE('',#3445,#3446);
#3445 = CARTESIAN_POINT('',(-4.61885199818E-16,-6.E-03));
#3446 = VECTOR('',#3447,1.);
#3447 = DIRECTION('',(0.994114493932,0.108334541838));
#3448 = ( GEOMETRIC_REPRESENTATION_CONTEXT(2) 
PARAMETRIC_REPRESENTATION_CONTEXT() REPRESENTATION_CONTEXT('2D SPACE',''
  ) );
#3449 = ORIENTED_EDGE('',*,*,#3323,.T.);
#3450 = ORIENTED_EDGE('',*,*,#3451,.F.);
#3451 = EDGE_CURVE('',#3402,#3326,#3452,.T.);
#3452 = SURFACE_CURVE('',#3453,(#3457,#3464),.PCURVE_S1.);
#3453 = LINE('',#3454,#3455);
#3454 = CARTESIAN_POINT('',(-0.25,1.7E-02,-6.E-03));
#3455 = VECTOR('',#3456,1.);
#3456 = DIRECTION('',(0.,0.108334541838,0.994114493932));
#3457 = PCURVE('',#3341,#3458);
#3458 = DEFINITIONAL_REPRESENTATION('',(#3459),#3463);
#3459 = LINE('',#3460,#3461);
#3460 = CARTESIAN_POINT('',(0.,0.3789));
#3461 = VECTOR('',#3462,1.);
#3462 = DIRECTION('',(1.,0.));
#3463 = ( GEOMETRIC_REPRESENTATION_CONTEXT(2) 
PARAMETRIC_REPRESENTATION_CONTEXT() REPRESENTATION_CONTEXT('2D SPACE',''
  ) );
#3464 = PCURVE('',#3130,#3465);
#3465 = DEFINITIONAL_REPRESENTATION('',(#3466),#3470);
#3466 = LINE('',#3467,#3468);
#3467 = CARTESIAN_POINT('',(-4.61885199818E-16,-6.E-03));
#3468 = VECTOR('',#3469,1.);
#3469 = DIRECTION('',(0.994114493932,0.108334541838));
#3470 = ( GEOMETRIC_REPRESENTATION_CONTEXT(2) 
PARAMETRIC_REPRESENTATION_CONTEXT() REPRESENTATION_CONTEXT('2D SPACE',''
  ) );
#3471 = ADVANCED_FACE('',(#3472),#3417,.T.);
#3472 = FACE_BOUND('',#3473,.T.);
#3473 = EDGE_LOOP('',(#3474,#3504,#3525,#3526));
#3474 = ORIENTED_EDGE('',*,*,#3475,.F.);
#3475 = EDGE_CURVE('',#3476,#3478,#3480,.T.);
#3476 = VERTEX_POINT('',#3477);
#3477 = CARTESIAN_POINT('',(0.5078,1.724573504619E-02,
    -8.254948116633E-03));
#3478 = VERTEX_POINT('',#3479);
#3479 = CARTESIAN_POINT('',(-0.25,1.724573504619E-02,-8.254948116633E-03
    ));
#3480 = SURFACE_CURVE('',#3481,(#3485,#3492),.PCURVE_S1.);
#3481 = LINE('',#3482,#3483);
#3482 = CARTESIAN_POINT('',(0.5078,1.724573504619E-02,
    -8.254948116633E-03));
#3483 = VECTOR('',#3484,1.);
#3484 = DIRECTION('',(-1.,0.,0.));
#3485 = PCURVE('',#3417,#3486);
#3486 = DEFINITIONAL_REPRESENTATION('',(#3487),#3491);
#3487 = LINE('',#3488,#3489);
#3488 = CARTESIAN_POINT('',(0.,-0.3789));
#3489 = VECTOR('',#3490,1.);
#3490 = DIRECTION('',(0.,1.));
#3491 = ( GEOMETRIC_REPRESENTATION_CONTEXT(2) 
PARAMETRIC_REPRESENTATION_CONTEXT() REPRESENTATION_CONTEXT('2D SPACE',''
  ) );
#3492 = PCURVE('',#3493,#3498);
#3493 = PLANE('',#3494);
#3494 = AXIS2_PLACEMENT_3D('',#3495,#3496,#3497);
#3495 = CARTESIAN_POINT('',(0.1289,1.797137456715E-02,-9.85330590605E-03
    ));
#3496 = DIRECTION('',(-0.,-0.910556682831,-0.413384236942));
#3497 = DIRECTION('',(0.,-0.413384236942,0.910556682831));
#3498 = DEFINITIONAL_REPRESENTATION('',(#3499),#3503);
#3499 = LINE('',#3500,#3501);
#3500 = CARTESIAN_POINT('',(1.755363306376E-03,-0.3789));
#3501 = VECTOR('',#3502,1.);
#3502 = DIRECTION('',(0.,1.));
#3503 = ( GEOMETRIC_REPRESENTATION_CONTEXT(2) 
PARAMETRIC_REPRESENTATION_CONTEXT() REPRESENTATION_CONTEXT('2D SPACE',''
  ) );
#3504 = ORIENTED_EDGE('',*,*,#3505,.T.);
#3505 = EDGE_CURVE('',#3476,#3400,#3506,.T.);
#3506 = SURFACE_CURVE('',#3507,(#3511,#3518),.PCURVE_S1.);
#3507 = LINE('',#3508,#3509);
#3508 = CARTESIAN_POINT('',(0.5078,1.724573504619E-02,
    -8.254948116633E-03));
#3509 = VECTOR('',#3510,1.);
#3510 = DIRECTION('',(0.,-0.108334541838,0.994114493931));
#3511 = PCURVE('',#3417,#3512);
#3512 = DEFINITIONAL_REPRESENTATION('',(#3513),#3517);
#3513 = LINE('',#3514,#3515);
#3514 = CARTESIAN_POINT('',(0.,-0.3789));
#3515 = VECTOR('',#3516,1.);
#3516 = DIRECTION('',(1.,0.));
#3517 = ( GEOMETRIC_REPRESENTATION_CONTEXT(2) 
PARAMETRIC_REPRESENTATION_CONTEXT() REPRESENTATION_CONTEXT('2D SPACE',''
  ) );
#3518 = PCURVE('',#3074,#3519);
#3519 = DEFINITIONAL_REPRESENTATION('',(#3520),#3524);
#3520 = LINE('',#3521,#3522);
#3521 = CARTESIAN_POINT('',(-2.254948116633E-03,-5.75426495381E-03));
#3522 = VECTOR('',#3523,1.);
#3523 = DIRECTION('',(0.994114493931,-0.108334541838));
#3524 = ( GEOMETRIC_REPRESENTATION_CONTEXT(2) 
PARAMETRIC_REPRESENTATION_CONTEXT() REPRESENTATION_CONTEXT('2D SPACE',''
  ) );
#3525 = ORIENTED_EDGE('',*,*,#3399,.T.);
#3526 = ORIENTED_EDGE('',*,*,#3527,.F.);
#3527 = EDGE_CURVE('',#3478,#3402,#3528,.T.);
#3528 = SURFACE_CURVE('',#3529,(#3533,#3540),.PCURVE_S1.);
#3529 = LINE('',#3530,#3531);
#3530 = CARTESIAN_POINT('',(-0.25,1.724573504619E-02,-8.254948116633E-03
    ));
#3531 = VECTOR('',#3532,1.);
#3532 = DIRECTION('',(0.,-0.108334541838,0.994114493931));
#3533 = PCURVE('',#3417,#3534);
#3534 = DEFINITIONAL_REPRESENTATION('',(#3535),#3539);
#3535 = LINE('',#3536,#3537);
#3536 = CARTESIAN_POINT('',(0.,0.3789));
#3537 = VECTOR('',#3538,1.);
#3538 = DIRECTION('',(1.,0.));
#3539 = ( GEOMETRIC_REPRESENTATION_CONTEXT(2) 
PARAMETRIC_REPRESENTATION_CONTEXT() REPRESENTATION_CONTEXT('2D SPACE',''
  ) );
#3540 = PCURVE('',#3130,#3541);
#3541 = DEFINITIONAL_REPRESENTATION('',(#3542),#3546);
#3542 = LINE('',#3543,#3544);
#3543 = CARTESIAN_POINT('',(-2.254948116633E-03,-5.75426495381E-03));
#3544 = VECTOR('',#3545,1.);
#3545 = DIRECTION('',(0.994114493931,-0.108334541838));
#3546 = ( GEOMETRIC_REPRESENTATION_CONTEXT(2) 
PARAMETRIC_REPRESENTATION_CONTEXT() REPRESENTATION_CONTEXT('2D SPACE',''
  ) );
#3547 = ADVANCED_FACE('',(#3548),#3493,.T.);
#3548 = FACE_BOUND('',#3549,.T.);
#3549 = EDGE_LOOP('',(#3550,#3580,#3601,#3602));
#3550 = ORIENTED_EDGE('',*,*,#3551,.F.);
#3551 = EDGE_CURVE('',#3552,#3554,#3556,.T.);
#3552 = VERTEX_POINT('',#3553);
#3553 = CARTESIAN_POINT('',(0.5078,1.797137456715E-02,-9.85330590605E-03
    ));
#3554 = VERTEX_POINT('',#3555);
#3555 = CARTESIAN_POINT('',(-0.25,1.797137456715E-02,-9.85330590605E-03)
  );
#3556 = SURFACE_CURVE('',#3557,(#3561,#3568),.PCURVE_S1.);
#3557 = LINE('',#3558,#3559);
#3558 = CARTESIAN_POINT('',(0.5078,1.797137456715E-02,-9.85330590605E-03
    ));
#3559 = VECTOR('',#3560,1.);
#3560 = DIRECTION('',(-1.,0.,0.));
#3561 = PCURVE('',#3493,#3562);
#3562 = DEFINITIONAL_REPRESENTATION('',(#3563),#3567);
#3563 = LINE('',#3564,#3565);
#3564 = CARTESIAN_POINT('',(0.,-0.3789));
#3565 = VECTOR('',#3566,1.);
#3566 = DIRECTION('',(0.,1.));
#3567 = ( GEOMETRIC_REPRESENTATION_CONTEXT(2) 
PARAMETRIC_REPRESENTATION_CONTEXT() REPRESENTATION_CONTEXT('2D SPACE',''
  ) );
#3568 = PCURVE('',#3569,#3574);
#3569 = PLANE('',#3570);
#3570 = AXIS2_PLACEMENT_3D('',#3571,#3572,#3573);
#3571 = CARTESIAN_POINT('',(0.1289,1.914669409395E-02,
    -1.102862543285E-02));
#3572 = DIRECTION('',(-0.,-0.707106781187,-0.707106781187));
#3573 = DIRECTION('',(0.,-0.707106781187,0.707106781187));
#3574 = DEFINITIONAL_REPRESENTATION('',(#3575),#3579);
#3575 = LINE('',#3576,#3577);
#3576 = CARTESIAN_POINT('',(1.662152814919E-03,-0.3789));
#3577 = VECTOR('',#3578,1.);
#3578 = DIRECTION('',(0.,1.));
#3579 = ( GEOMETRIC_REPRESENTATION_CONTEXT(2) 
PARAMETRIC_REPRESENTATION_CONTEXT() REPRESENTATION_CONTEXT('2D SPACE',''
  ) );
#3580 = ORIENTED_EDGE('',*,*,#3581,.T.);
#3581 = EDGE_CURVE('',#3552,#3476,#3582,.T.);
#3582 = SURFACE_CURVE('',#3583,(#3587,#3594),.PCURVE_S1.);
#3583 = LINE('',#3584,#3585);
#3584 = CARTESIAN_POINT('',(0.5078,1.797137456715E-02,-9.85330590605E-03
    ));
#3585 = VECTOR('',#3586,1.);
#3586 = DIRECTION('',(0.,-0.413384236942,0.910556682831));
#3587 = PCURVE('',#3493,#3588);
#3588 = DEFINITIONAL_REPRESENTATION('',(#3589),#3593);
#3589 = LINE('',#3590,#3591);
#3590 = CARTESIAN_POINT('',(0.,-0.3789));
#3591 = VECTOR('',#3592,1.);
#3592 = DIRECTION('',(1.,0.));
#3593 = ( GEOMETRIC_REPRESENTATION_CONTEXT(2) 
PARAMETRIC_REPRESENTATION_CONTEXT() REPRESENTATION_CONTEXT('2D SPACE',''
  ) );
#3594 = PCURVE('',#3074,#3595);
#3595 = DEFINITIONAL_REPRESENTATION('',(#3596),#3600);
#3596 = LINE('',#3597,#3598);
#3597 = CARTESIAN_POINT('',(-3.85330590605E-03,-5.028625432847E-03));
#3598 = VECTOR('',#3599,1.);
#3599 = DIRECTION('',(0.910556682831,-0.413384236942));
#3600 = ( GEOMETRIC_REPRESENTATION_CONTEXT(2) 
PARAMETRIC_REPRESENTATION_CONTEXT() REPRESENTATION_CONTEXT('2D SPACE',''
  ) );
#3601 = ORIENTED_EDGE('',*,*,#3475,.T.);
#3602 = ORIENTED_EDGE('',*,*,#3603,.F.);
#3603 = EDGE_CURVE('',#3554,#3478,#3604,.T.);
#3604 = SURFACE_CURVE('',#3605,(#3609,#3616),.PCURVE_S1.);
#3605 = LINE('',#3606,#3607);
#3606 = CARTESIAN_POINT('',(-0.25,1.797137456715E-02,-9.85330590605E-03)
  );
#3607 = VECTOR('',#3608,1.);
#3608 = DIRECTION('',(0.,-0.413384236942,0.910556682831));
#3609 = PCURVE('',#3493,#3610);
#3610 = DEFINITIONAL_REPRESENTATION('',(#3611),#3615);
#3611 = LINE('',#3612,#3613);
#3612 = CARTESIAN_POINT('',(0.,0.3789));
#3613 = VECTOR('',#3614,1.);
#3614 = DIRECTION('',(1.,0.));
#3615 = ( GEOMETRIC_REPRESENTATION_CONTEXT(2) 
PARAMETRIC_REPRESENTATION_CONTEXT() REPRESENTATION_CONTEXT('2D SPACE',''
  ) );
#3616 = PCURVE('',#3130,#3617);
#3617 = DEFINITIONAL_REPRESENTATION('',(#3618),#3622);
#3618 = LINE('',#3619,#3620);
#3619 = CARTESIAN_POINT('',(-3.85330590605E-03,-5.028625432847E-03));
#3620 = VECTOR('',#3621,1.);
#3621 = DIRECTION('',(0.910556682831,-0.413384236942));
#3622 = ( GEOMETRIC_REPRESENTATION_CONTEXT(2) 
PARAMETRIC_REPRESENTATION_CONTEXT() REPRESENTATION_CONTEXT('2D SPACE',''
  ) );
#3623 = ADVANCED_FACE('',(#3624),#3569,.T.);
#3624 = FACE_BOUND('',#3625,.T.);
#3625 = EDGE_LOOP('',(#3626,#3656,#3677,#3678));
#3626 = ORIENTED_EDGE('',*,*,#3627,.F.);
#3627 = EDGE_CURVE('',#3628,#3630,#3632,.T.);
#3628 = VERTEX_POINT('',#3629);
#3629 = CARTESIAN_POINT('',(0.5078,1.914669409395E-02,
    -1.102862543285E-02));
#3630 = VERTEX_POINT('',#3631);
#3631 = CARTESIAN_POINT('',(-0.25,1.914669409395E-02,-1.102862543285E-02
    ));
#3632 = SURFACE_CURVE('',#3633,(#3637,#3644),.PCURVE_S1.);
#3633 = LINE('',#3634,#3635);
#3634 = CARTESIAN_POINT('',(0.5078,1.914669409395E-02,
    -1.102862543285E-02));
#3635 = VECTOR('',#3636,1.);
#3636 = DIRECTION('',(-1.,0.,0.));
#3637 = PCURVE('',#3569,#3638);
#3638 = DEFINITIONAL_REPRESENTATION('',(#3639),#3643);
#3639 = LINE('',#3640,#3641);
#3640 = CARTESIAN_POINT('',(0.,-0.3789));
#3641 = VECTOR('',#3642,1.);
#3642 = DIRECTION('',(0.,1.));
#3643 = ( GEOMETRIC_REPRESENTATION_CONTEXT(2) 
PARAMETRIC_REPRESENTATION_CONTEXT() REPRESENTATION_CONTEXT('2D SPACE',''
  ) );
#3644 = PCURVE('',#3645,#3650);
#3645 = PLANE('',#3646);
#3646 = AXIS2_PLACEMENT_3D('',#3647,#3648,#3649);
#3647 = CARTESIAN_POINT('',(0.1289,2.074505188337E-02,
    -1.175426495381E-02));
#3648 = DIRECTION('',(-0.,-0.413384236942,-0.910556682831));
#3649 = DIRECTION('',(0.,-0.910556682831,0.413384236942));
#3650 = DEFINITIONAL_REPRESENTATION('',(#3651),#3655);
#3651 = LINE('',#3652,#3653);
#3652 = CARTESIAN_POINT('',(1.755363306376E-03,-0.3789));
#3653 = VECTOR('',#3654,1.);
#3654 = DIRECTION('',(0.,1.));
#3655 = ( GEOMETRIC_REPRESENTATION_CONTEXT(2) 
PARAMETRIC_REPRESENTATION_CONTEXT() REPRESENTATION_CONTEXT('2D SPACE',''
  ) );
#3656 = ORIENTED_EDGE('',*,*,#3657,.T.);
#3657 = EDGE_CURVE('',#3628,#3552,#3658,.T.);
#3658 = SURFACE_CURVE('',#3659,(#3663,#3670),.PCURVE_S1.);
#3659 = LINE('',#3660,#3661);
#3660 = CARTESIAN_POINT('',(0.5078,1.914669409395E-02,
    -1.102862543285E-02));
#3661 = VECTOR('',#3662,1.);
#3662 = DIRECTION('',(0.,-0.707106781187,0.707106781187));
#3663 = PCURVE('',#3569,#3664);
#3664 = DEFINITIONAL_REPRESENTATION('',(#3665),#3669);
#3665 = LINE('',#3666,#3667);
#3666 = CARTESIAN_POINT('',(0.,-0.3789));
#3667 = VECTOR('',#3668,1.);
#3668 = DIRECTION('',(1.,0.));
#3669 = ( GEOMETRIC_REPRESENTATION_CONTEXT(2) 
PARAMETRIC_REPRESENTATION_CONTEXT() REPRESENTATION_CONTEXT('2D SPACE',''
  ) );
#3670 = PCURVE('',#3074,#3671);
#3671 = DEFINITIONAL_REPRESENTATION('',(#3672),#3676);
#3672 = LINE('',#3673,#3674);
#3673 = CARTESIAN_POINT('',(-5.028625432847E-03,-3.85330590605E-03));
#3674 = VECTOR('',#3675,1.);
#3675 = DIRECTION('',(0.707106781187,-0.707106781187));
#3676 = ( GEOMETRIC_REPRESENTATION_CONTEXT(2) 
PARAMETRIC_REPRESENTATION_CONTEXT() REPRESENTATION_CONTEXT('2D SPACE',''
  ) );
#3677 = ORIENTED_EDGE('',*,*,#3551,.T.);
#3678 = ORIENTED_EDGE('',*,*,#3679,.F.);
#3679 = EDGE_CURVE('',#3630,#3554,#3680,.T.);
#3680 = SURFACE_CURVE('',#3681,(#3685,#3692),.PCURVE_S1.);
#3681 = LINE('',#3682,#3683);
#3682 = CARTESIAN_POINT('',(-0.25,1.914669409395E-02,-1.102862543285E-02
    ));
#3683 = VECTOR('',#3684,1.);
#3684 = DIRECTION('',(0.,-0.707106781187,0.707106781187));
#3685 = PCURVE('',#3569,#3686);
#3686 = DEFINITIONAL_REPRESENTATION('',(#3687),#3691);
#3687 = LINE('',#3688,#3689);
#3688 = CARTESIAN_POINT('',(0.,0.3789));
#3689 = VECTOR('',#3690,1.);
#3690 = DIRECTION('',(1.,0.));
#3691 = ( GEOMETRIC_REPRESENTATION_CONTEXT(2) 
PARAMETRIC_REPRESENTATION_CONTEXT() REPRESENTATION_CONTEXT('2D SPACE',''
  ) );
#3692 = PCURVE('',#3130,#3693);
#3693 = DEFINITIONAL_REPRESENTATION('',(#3694),#3698);
#3694 = LINE('',#3695,#3696);
#3695 = CARTESIAN_POINT('',(-5.028625432847E-03,-3.85330590605E-03));
#3696 = VECTOR('',#3697,1.);
#3697 = DIRECTION('',(0.707106781187,-0.707106781187));
#3698 = ( GEOMETRIC_REPRESENTATION_CONTEXT(2) 
PARAMETRIC_REPRESENTATION_CONTEXT() REPRESENTATION_CONTEXT('2D SPACE',''
  ) );
#3699 = ADVANCED_FACE('',(#3700),#3645,.T.);
#3700 = FACE_BOUND('',#3701,.T.);
#3701 = EDGE_LOOP('',(#3702,#3732,#3753,#3754));
#3702 = ORIENTED_EDGE('',*,*,#3703,.F.);
#3703 = EDGE_CURVE('',#3704,#3706,#3708,.T.);
#3704 = VERTEX_POINT('',#3705);
#3705 = CARTESIAN_POINT('',(0.5078,2.074505188337E-02,
    -1.175426495381E-02));
#3706 = VERTEX_POINT('',#3707);
#3707 = CARTESIAN_POINT('',(-0.25,2.074505188337E-02,-1.175426495381E-02
    ));
#3708 = SURFACE_CURVE('',#3709,(#3713,#3720),.PCURVE_S1.);
#3709 = LINE('',#3710,#3711);
#3710 = CARTESIAN_POINT('',(0.5078,2.074505188337E-02,
    -1.175426495381E-02));
#3711 = VECTOR('',#3712,1.);
#3712 = DIRECTION('',(-1.,0.,0.));
#3713 = PCURVE('',#3645,#3714);
#3714 = DEFINITIONAL_REPRESENTATION('',(#3715),#3719);
#3715 = LINE('',#3716,#3717);
#3716 = CARTESIAN_POINT('',(0.,-0.3789));
#3717 = VECTOR('',#3718,1.);
#3718 = DIRECTION('',(0.,1.));
#3719 = ( GEOMETRIC_REPRESENTATION_CONTEXT(2) 
PARAMETRIC_REPRESENTATION_CONTEXT() REPRESENTATION_CONTEXT('2D SPACE',''
  ) );
#3720 = PCURVE('',#3721,#3726);
#3721 = PLANE('',#3722);
#3722 = AXIS2_PLACEMENT_3D('',#3723,#3724,#3725);
#3723 = CARTESIAN_POINT('',(0.1289,2.3E-02,-1.2E-02));
#3724 = DIRECTION('',(-0.,-0.108334541838,-0.994114493931));
#3725 = DIRECTION('',(0.,-0.994114493931,0.108334541838));
#3726 = DEFINITIONAL_REPRESENTATION('',(#3727),#3731);
#3727 = LINE('',#3728,#3729);
#3728 = CARTESIAN_POINT('',(2.268298199452E-03,-0.3789));
#3729 = VECTOR('',#3730,1.);
#3730 = DIRECTION('',(0.,1.));
#3731 = ( GEOMETRIC_REPRESENTATION_CONTEXT(2) 
PARAMETRIC_REPRESENTATION_CONTEXT() REPRESENTATION_CONTEXT('2D SPACE',''
  ) );
#3732 = ORIENTED_EDGE('',*,*,#3733,.T.);
#3733 = EDGE_CURVE('',#3704,#3628,#3734,.T.);
#3734 = SURFACE_CURVE('',#3735,(#3739,#3746),.PCURVE_S1.);
#3735 = LINE('',#3736,#3737);
#3736 = CARTESIAN_POINT('',(0.5078,2.074505188337E-02,
    -1.175426495381E-02));
#3737 = VECTOR('',#3738,1.);
#3738 = DIRECTION('',(0.,-0.910556682831,0.413384236942));
#3739 = PCURVE('',#3645,#3740);
#3740 = DEFINITIONAL_REPRESENTATION('',(#3741),#3745);
#3741 = LINE('',#3742,#3743);
#3742 = CARTESIAN_POINT('',(0.,-0.3789));
#3743 = VECTOR('',#3744,1.);
#3744 = DIRECTION('',(1.,0.));
#3745 = ( GEOMETRIC_REPRESENTATION_CONTEXT(2) 
PARAMETRIC_REPRESENTATION_CONTEXT() REPRESENTATION_CONTEXT('2D SPACE',''
  ) );
#3746 = PCURVE('',#3074,#3747);
#3747 = DEFINITIONAL_REPRESENTATION('',(#3748),#3752);
#3748 = LINE('',#3749,#3750);
#3749 = CARTESIAN_POINT('',(-5.75426495381E-03,-2.254948116633E-03));
#3750 = VECTOR('',#3751,1.);
#3751 = DIRECTION('',(0.413384236942,-0.910556682831));
#3752 = ( GEOMETRIC_REPRESENTATION_CONTEXT(2) 
PARAMETRIC_REPRESENTATION_CONTEXT() REPRESENTATION_CONTEXT('2D SPACE',''
  ) );
#3753 = ORIENTED_EDGE('',*,*,#3627,.T.);
#3754 = ORIENTED_EDGE('',*,*,#3755,.F.);
#3755 = EDGE_CURVE('',#3706,#3630,#3756,.T.);
#3756 = SURFACE_CURVE('',#3757,(#3761,#3768),.PCURVE_S1.);
#3757 = LINE('',#3758,#3759);
#3758 = CARTESIAN_POINT('',(-0.25,2.074505188337E-02,-1.175426495381E-02
    ));
#3759 = VECTOR('',#3760,1.);
#3760 = DIRECTION('',(0.,-0.910556682831,0.413384236942));
#3761 = PCURVE('',#3645,#3762);
#3762 = DEFINITIONAL_REPRESENTATION('',(#3763),#3767);
#3763 = LINE('',#3764,#3765);
#3764 = CARTESIAN_POINT('',(0.,0.3789));
#3765 = VECTOR('',#3766,1.);
#3766 = DIRECTION('',(1.,0.));
#3767 = ( GEOMETRIC_REPRESENTATION_CONTEXT(2) 
PARAMETRIC_REPRESENTATION_CONTEXT() REPRESENTATION_CONTEXT('2D SPACE',''
  ) );
#3768 = PCURVE('',#3130,#3769);
#3769 = DEFINITIONAL_REPRESENTATION('',(#3770),#3774);
#3770 = LINE('',#3771,#3772);
#3771 = CARTESIAN_POINT('',(-5.75426495381E-03,-2.254948116633E-03));
#3772 = VECTOR('',#3773,1.);
#3773 = DIRECTION('',(0.413384236942,-0.910556682831));
#3774 = ( GEOMETRIC_REPRESENTATION_CONTEXT(2) 
PARAMETRIC_REPRESENTATION_CONTEXT() REPRESENTATION_CONTEXT('2D SPACE',''
  ) );
#3775 = ADVANCED_FACE('',(#3776),#3721,.T.);
#3776 = FACE_BOUND('',#3777,.T.);
#3777 = EDGE_LOOP('',(#3778,#3808,#3829,#3830));
#3778 = ORIENTED_EDGE('',*,*,#3779,.F.);
#3779 = EDGE_CURVE('',#3780,#3782,#3784,.T.);
#3780 = VERTEX_POINT('',#3781);
#3781 = CARTESIAN_POINT('',(0.5078,2.3E-02,-1.2E-02));
#3782 = VERTEX_POINT('',#3783);
#3783 = CARTESIAN_POINT('',(-0.25,2.3E-02,-1.2E-02));
#3784 = SURFACE_CURVE('',#3785,(#3789,#3796),.PCURVE_S1.);
#3785 = LINE('',#3786,#3787);
#3786 = CARTESIAN_POINT('',(0.5078,2.3E-02,-1.2E-02));
#3787 = VECTOR('',#3788,1.);
#3788 = DIRECTION('',(-1.,0.,0.));
#3789 = PCURVE('',#3721,#3790);
#3790 = DEFINITIONAL_REPRESENTATION('',(#3791),#3795);
#3791 = LINE('',#3792,#3793);
#3792 = CARTESIAN_POINT('',(0.,-0.3789));
#3793 = VECTOR('',#3794,1.);
#3794 = DIRECTION('',(0.,1.));
#3795 = ( GEOMETRIC_REPRESENTATION_CONTEXT(2) 
PARAMETRIC_REPRESENTATION_CONTEXT() REPRESENTATION_CONTEXT('2D SPACE',''
  ) );
#3796 = PCURVE('',#3797,#3802);
#3797 = PLANE('',#3798);
#3798 = AXIS2_PLACEMENT_3D('',#3799,#3800,#3801);
#3799 = CARTESIAN_POINT('',(0.1289,2.525494811663E-02,
    -1.175426495381E-02));
#3800 = DIRECTION('',(0.,0.108334541838,-0.994114493931));
#3801 = DIRECTION('',(0.,-0.994114493931,-0.108334541838));
#3802 = DEFINITIONAL_REPRESENTATION('',(#3803),#3807);
#3803 = LINE('',#3804,#3805);
#3804 = CARTESIAN_POINT('',(2.268298199451E-03,-0.3789));
#3805 = VECTOR('',#3806,1.);
#3806 = DIRECTION('',(-0.,1.));
#3807 = ( GEOMETRIC_REPRESENTATION_CONTEXT(2) 
PARAMETRIC_REPRESENTATION_CONTEXT() REPRESENTATION_CONTEXT('2D SPACE',''
  ) );
#3808 = ORIENTED_EDGE('',*,*,#3809,.T.);
#3809 = EDGE_CURVE('',#3780,#3704,#3810,.T.);
#3810 = SURFACE_CURVE('',#3811,(#3815,#3822),.PCURVE_S1.);
#3811 = LINE('',#3812,#3813);
#3812 = CARTESIAN_POINT('',(0.5078,2.3E-02,-1.2E-02));
#3813 = VECTOR('',#3814,1.);
#3814 = DIRECTION('',(0.,-0.994114493931,0.108334541838));
#3815 = PCURVE('',#3721,#3816);
#3816 = DEFINITIONAL_REPRESENTATION('',(#3817),#3821);
#3817 = LINE('',#3818,#3819);
#3818 = CARTESIAN_POINT('',(0.,-0.3789));
#3819 = VECTOR('',#3820,1.);
#3820 = DIRECTION('',(1.,0.));
#3821 = ( GEOMETRIC_REPRESENTATION_CONTEXT(2) 
PARAMETRIC_REPRESENTATION_CONTEXT() REPRESENTATION_CONTEXT('2D SPACE',''
  ) );
#3822 = PCURVE('',#3074,#3823);
#3823 = DEFINITIONAL_REPRESENTATION('',(#3824),#3828);
#3824 = LINE('',#3825,#3826);
#3825 = CARTESIAN_POINT('',(-6.E-03,3.290116785368E-16));
#3826 = VECTOR('',#3827,1.);
#3827 = DIRECTION('',(0.108334541838,-0.994114493931));
#3828 = ( GEOMETRIC_REPRESENTATION_CONTEXT(2) 
PARAMETRIC_REPRESENTATION_CONTEXT() REPRESENTATION_CONTEXT('2D SPACE',''
  ) );
#3829 = ORIENTED_EDGE('',*,*,#3703,.T.);
#3830 = ORIENTED_EDGE('',*,*,#3831,.F.);
#3831 = EDGE_CURVE('',#3782,#3706,#3832,.T.);
#3832 = SURFACE_CURVE('',#3833,(#3837,#3844),.PCURVE_S1.);
#3833 = LINE('',#3834,#3835);
#3834 = CARTESIAN_POINT('',(-0.25,2.3E-02,-1.2E-02));
#3835 = VECTOR('',#3836,1.);
#3836 = DIRECTION('',(0.,-0.994114493931,0.108334541838));
#3837 = PCURVE('',#3721,#3838);
#3838 = DEFINITIONAL_REPRESENTATION('',(#3839),#3843);
#3839 = LINE('',#3840,#3841);
#3840 = CARTESIAN_POINT('',(0.,0.3789));
#3841 = VECTOR('',#3842,1.);
#3842 = DIRECTION('',(1.,0.));
#3843 = ( GEOMETRIC_REPRESENTATION_CONTEXT(2) 
PARAMETRIC_REPRESENTATION_CONTEXT() REPRESENTATION_CONTEXT('2D SPACE',''
  ) );
#3844 = PCURVE('',#3130,#3845);
#3845 = DEFINITIONAL_REPRESENTATION('',(#3846),#3850);
#3846 = LINE('',#3847,#3848);
#3847 = CARTESIAN_POINT('',(-6.E-03,3.290116785368E-16));
#3848 = VECTOR('',#3849,1.);
#3849 = DIRECTION('',(0.108334541838,-0.994114493931));
#3850 = ( GEOMETRIC_REPRESENTATION_CONTEXT(2) 
PARAMETRIC_REPRESENTATION_CONTEXT() REPRESENTATION_CONTEXT('2D SPACE',''
  ) );
#3851 = ADVANCED_FACE('',(#3852),#3797,.T.);
#3852 = FACE_BOUND('',#3853,.T.);
#3853 = EDGE_LOOP('',(#3854,#3884,#3905,#3906));
#3854 = ORIENTED_EDGE('',*,*,#3855,.F.);
#3855 = EDGE_CURVE('',#3856,#3858,#3860,.T.);
#3856 = VERTEX_POINT('',#3857);
#3857 = CARTESIAN_POINT('',(0.5078,2.525494811663E-02,
    -1.175426495381E-02));
#3858 = VERTEX_POINT('',#3859);
#3859 = CARTESIAN_POINT('',(-0.25,2.525494811663E-02,-1.175426495381E-02
    ));
#3860 = SURFACE_CURVE('',#3861,(#3865,#3872),.PCURVE_S1.);
#3861 = LINE('',#3862,#3863);
#3862 = CARTESIAN_POINT('',(0.5078,2.525494811663E-02,
    -1.175426495381E-02));
#3863 = VECTOR('',#3864,1.);
#3864 = DIRECTION('',(-1.,0.,0.));
#3865 = PCURVE('',#3797,#3866);
#3866 = DEFINITIONAL_REPRESENTATION('',(#3867),#3871);
#3867 = LINE('',#3868,#3869);
#3868 = CARTESIAN_POINT('',(0.,-0.3789));
#3869 = VECTOR('',#3870,1.);
#3870 = DIRECTION('',(-0.,1.));
#3871 = ( GEOMETRIC_REPRESENTATION_CONTEXT(2) 
PARAMETRIC_REPRESENTATION_CONTEXT() REPRESENTATION_CONTEXT('2D SPACE',''
  ) );
#3872 = PCURVE('',#3873,#3878);
#3873 = PLANE('',#3874);
#3874 = AXIS2_PLACEMENT_3D('',#3875,#3876,#3877);
#3875 = CARTESIAN_POINT('',(0.1289,2.685330590605E-02,
    -1.102862543285E-02));
#3876 = DIRECTION('',(0.,0.413384236942,-0.910556682831));
#3877 = DIRECTION('',(0.,-0.910556682831,-0.413384236942));
#3878 = DEFINITIONAL_REPRESENTATION('',(#3879),#3883);
#3879 = LINE('',#3880,#3881);
#3880 = CARTESIAN_POINT('',(1.755363306376E-03,-0.3789));
#3881 = VECTOR('',#3882,1.);
#3882 = DIRECTION('',(-0.,1.));
#3883 = ( GEOMETRIC_REPRESENTATION_CONTEXT(2) 
PARAMETRIC_REPRESENTATION_CONTEXT() REPRESENTATION_CONTEXT('2D SPACE',''
  ) );
#3884 = ORIENTED_EDGE('',*,*,#3885,.T.);
#3885 = EDGE_CURVE('',#3856,#3780,#3886,.T.);
#3886 = SURFACE_CURVE('',#3887,(#3891,#3898),.PCURVE_S1.);
#3887 = LINE('',#3888,#3889);
#3888 = CARTESIAN_POINT('',(0.5078,2.525494811663E-02,
    -1.175426495381E-02));
#3889 = VECTOR('',#3890,1.);
#3890 = DIRECTION('',(-0.,-0.994114493931,-0.108334541838));
#3891 = PCURVE('',#3797,#3892);
#3892 = DEFINITIONAL_REPRESENTATION('',(#3893),#3897);
#3893 = LINE('',#3894,#3895);
#3894 = CARTESIAN_POINT('',(0.,-0.3789));
#3895 = VECTOR('',#3896,1.);
#3896 = DIRECTION('',(1.,0.));
#3897 = ( GEOMETRIC_REPRESENTATION_CONTEXT(2) 
PARAMETRIC_REPRESENTATION_CONTEXT() REPRESENTATION_CONTEXT('2D SPACE',''
  ) );
#3898 = PCURVE('',#3074,#3899);
#3899 = DEFINITIONAL_REPRESENTATION('',(#3900),#3904);
#3900 = LINE('',#3901,#3902);
#3901 = CARTESIAN_POINT('',(-5.75426495381E-03,2.254948116633E-03));
#3902 = VECTOR('',#3903,1.);
#3903 = DIRECTION('',(-0.108334541838,-0.994114493931));
#3904 = ( GEOMETRIC_REPRESENTATION_CONTEXT(2) 
PARAMETRIC_REPRESENTATION_CONTEXT() REPRESENTATION_CONTEXT('2D SPACE',''
  ) );
#3905 = ORIENTED_EDGE('',*,*,#3779,.T.);
#3906 = ORIENTED_EDGE('',*,*,#3907,.F.);
#3907 = EDGE_CURVE('',#3858,#3782,#3908,.T.);
#3908 = SURFACE_CURVE('',#3909,(#3913,#3920),.PCURVE_S1.);
#3909 = LINE('',#3910,#3911);
#3910 = CARTESIAN_POINT('',(-0.25,2.525494811663E-02,-1.175426495381E-02
    ));
#3911 = VECTOR('',#3912,1.);
#3912 = DIRECTION('',(-0.,-0.994114493931,-0.108334541838));
#3913 = PCURVE('',#3797,#3914);
#3914 = DEFINITIONAL_REPRESENTATION('',(#3915),#3919);
#3915 = LINE('',#3916,#3917);
#3916 = CARTESIAN_POINT('',(-0.,0.3789));
#3917 = VECTOR('',#3918,1.);
#3918 = DIRECTION('',(1.,0.));
#3919 = ( GEOMETRIC_REPRESENTATION_CONTEXT(2) 
PARAMETRIC_REPRESENTATION_CONTEXT() REPRESENTATION_CONTEXT('2D SPACE',''
  ) );
#3920 = PCURVE('',#3130,#3921);
#3921 = DEFINITIONAL_REPRESENTATION('',(#3922),#3926);
#3922 = LINE('',#3923,#3924);
#3923 = CARTESIAN_POINT('',(-5.75426495381E-03,2.254948116633E-03));
#3924 = VECTOR('',#3925,1.);
#3925 = DIRECTION('',(-0.108334541838,-0.994114493931));
#3926 = ( GEOMETRIC_REPRESENTATION_CONTEXT(2) 
PARAMETRIC_REPRESENTATION_CONTEXT() REPRESENTATION_CONTEXT('2D SPACE',''
  ) );
#3927 = ADVANCED_FACE('',(#3928),#3873,.T.);
#3928 = FACE_BOUND('',#3929,.T.);
#3929 = EDGE_LOOP('',(#3930,#3960,#3981,#3982));
#3930 = ORIENTED_EDGE('',*,*,#3931,.F.);
#3931 = EDGE_CURVE('',#3932,#3934,#3936,.T.);
#3932 = VERTEX_POINT('',#3933);
#3933 = CARTESIAN_POINT('',(0.5078,2.685330590605E-02,
    -1.102862543285E-02));
#3934 = VERTEX_POINT('',#3935);
#3935 = CARTESIAN_POINT('',(-0.25,2.685330590605E-02,-1.102862543285E-02
    ));
#3936 = SURFACE_CURVE('',#3937,(#3941,#3948),.PCURVE_S1.);
#3937 = LINE('',#3938,#3939);
#3938 = CARTESIAN_POINT('',(0.5078,2.685330590605E-02,
    -1.102862543285E-02));
#3939 = VECTOR('',#3940,1.);
#3940 = DIRECTION('',(-1.,0.,0.));
#3941 = PCURVE('',#3873,#3942);
#3942 = DEFINITIONAL_REPRESENTATION('',(#3943),#3947);
#3943 = LINE('',#3944,#3945);
#3944 = CARTESIAN_POINT('',(0.,-0.3789));
#3945 = VECTOR('',#3946,1.);
#3946 = DIRECTION('',(-0.,1.));
#3947 = ( GEOMETRIC_REPRESENTATION_CONTEXT(2) 
PARAMETRIC_REPRESENTATION_CONTEXT() REPRESENTATION_CONTEXT('2D SPACE',''
  ) );
#3948 = PCURVE('',#3949,#3954);
#3949 = PLANE('',#3950);
#3950 = AXIS2_PLACEMENT_3D('',#3951,#3952,#3953);
#3951 = CARTESIAN_POINT('',(0.1289,2.802862543285E-02,-9.85330590605E-03
    ));
#3952 = DIRECTION('',(0.,0.707106781187,-0.707106781187));
#3953 = DIRECTION('',(0.,-0.707106781187,-0.707106781187));
#3954 = DEFINITIONAL_REPRESENTATION('',(#3955),#3959);
#3955 = LINE('',#3956,#3957);
#3956 = CARTESIAN_POINT('',(1.662152814919E-03,-0.3789));
#3957 = VECTOR('',#3958,1.);
#3958 = DIRECTION('',(-0.,1.));
#3959 = ( GEOMETRIC_REPRESENTATION_CONTEXT(2) 
PARAMETRIC_REPRESENTATION_CONTEXT() REPRESENTATION_CONTEXT('2D SPACE',''
  ) );
#3960 = ORIENTED_EDGE('',*,*,#3961,.T.);
#3961 = EDGE_CURVE('',#3932,#3856,#3962,.T.);
#3962 = SURFACE_CURVE('',#3963,(#3967,#3974),.PCURVE_S1.);
#3963 = LINE('',#3964,#3965);
#3964 = CARTESIAN_POINT('',(0.5078,2.685330590605E-02,
    -1.102862543285E-02));
#3965 = VECTOR('',#3966,1.);
#3966 = DIRECTION('',(-0.,-0.910556682831,-0.413384236942));
#3967 = PCURVE('',#3873,#3968);
#3968 = DEFINITIONAL_REPRESENTATION('',(#3969),#3973);
#3969 = LINE('',#3970,#3971);
#3970 = CARTESIAN_POINT('',(0.,-0.3789));
#3971 = VECTOR('',#3972,1.);
#3972 = DIRECTION('',(1.,0.));
#3973 = ( GEOMETRIC_REPRESENTATION_CONTEXT(2) 
PARAMETRIC_REPRESENTATION_CONTEXT() REPRESENTATION_CONTEXT('2D SPACE',''
  ) );
#3974 = PCURVE('',#3074,#3975);
#3975 = DEFINITIONAL_REPRESENTATION('',(#3976),#3980);
#3976 = LINE('',#3977,#3978);
#3977 = CARTESIAN_POINT('',(-5.028625432847E-03,3.85330590605E-03));
#3978 = VECTOR('',#3979,1.);
#3979 = DIRECTION('',(-0.413384236942,-0.910556682831));
#3980 = ( GEOMETRIC_REPRESENTATION_CONTEXT(2) 
PARAMETRIC_REPRESENTATION_CONTEXT() REPRESENTATION_CONTEXT('2D SPACE',''
  ) );
#3981 = ORIENTED_EDGE('',*,*,#3855,.T.);
#3982 = ORIENTED_EDGE('',*,*,#3983,.F.);
#3983 = EDGE_CURVE('',#3934,#3858,#3984,.T.);
#3984 = SURFACE_CURVE('',#3985,(#3989,#3996),.PCURVE_S1.);
#3985 = LINE('',#3986,#3987);
#3986 = CARTESIAN_POINT('',(-0.25,2.685330590605E-02,-1.102862543285E-02
    ));
#3987 = VECTOR('',#3988,1.);
#3988 = DIRECTION('',(-0.,-0.910556682831,-0.413384236942));
#3989 = PCURVE('',#3873,#3990);
#3990 = DEFINITIONAL_REPRESENTATION('',(#3991),#3995);
#3991 = LINE('',#3992,#3993);
#3992 = CARTESIAN_POINT('',(-0.,0.3789));
#3993 = VECTOR('',#3994,1.);
#3994 = DIRECTION('',(1.,0.));
#3995 = ( GEOMETRIC_REPRESENTATION_CONTEXT(2) 
PARAMETRIC_REPRESENTATION_CONTEXT() REPRESENTATION_CONTEXT('2D SPACE',''
  ) );
#3996 = PCURVE('',#3130,#3997);
#3997 = DEFINITIONAL_REPRESENTATION('',(#3998),#4002);
#3998 = LINE('',#3999,#4000);
#3999 = CARTESIAN_POINT('',(-5.028625432847E-03,3.85330590605E-03));
#4000 = VECTOR('',#4001,1.);
#4001 = DIRECTION('',(-0.413384236942,-0.910556682831));
#4002 = ( GEOMETRIC_REPRESENTATION_CONTEXT(2) 
PARAMETRIC_REPRESENTATION_CONTEXT() REPRESENTATION_CONTEXT('2D SPACE',''
  ) );
#4003 = ADVANCED_FACE('',(#4004),#3949,.T.);
#4004 = FACE_BOUND('',#4005,.T.);
#4005 = EDGE_LOOP('',(#4006,#4036,#4057,#4058));
#4006 = ORIENTED_EDGE('',*,*,#4007,.F.);
#4007 = EDGE_CURVE('',#4008,#4010,#4012,.T.);
#4008 = VERTEX_POINT('',#4009);
#4009 = CARTESIAN_POINT('',(0.5078,2.802862543285E-02,-9.85330590605E-03
    ));
#4010 = VERTEX_POINT('',#4011);
#4011 = CARTESIAN_POINT('',(-0.25,2.802862543285E-02,-9.85330590605E-03)
  );
#4012 = SURFACE_CURVE('',#4013,(#4017,#4024),.PCURVE_S1.);
#4013 = LINE('',#4014,#4015);
#4014 = CARTESIAN_POINT('',(0.5078,2.802862543285E-02,-9.85330590605E-03
    ));
#4015 = VECTOR('',#4016,1.);
#4016 = DIRECTION('',(-1.,0.,0.));
#4017 = PCURVE('',#3949,#4018);
#4018 = DEFINITIONAL_REPRESENTATION('',(#4019),#4023);
#4019 = LINE('',#4020,#4021);
#4020 = CARTESIAN_POINT('',(0.,-0.3789));
#4021 = VECTOR('',#4022,1.);
#4022 = DIRECTION('',(-0.,1.));
#4023 = ( GEOMETRIC_REPRESENTATION_CONTEXT(2) 
PARAMETRIC_REPRESENTATION_CONTEXT() REPRESENTATION_CONTEXT('2D SPACE',''
  ) );
#4024 = PCURVE('',#4025,#4030);
#4025 = PLANE('',#4026);
#4026 = AXIS2_PLACEMENT_3D('',#4027,#4028,#4029);
#4027 = CARTESIAN_POINT('',(0.1289,2.875426495381E-02,
    -8.254948116633E-03));
#4028 = DIRECTION('',(0.,0.910556682831,-0.413384236942));
#4029 = DIRECTION('',(0.,-0.413384236942,-0.910556682831));
#4030 = DEFINITIONAL_REPRESENTATION('',(#4031),#4035);
#4031 = LINE('',#4032,#4033);
#4032 = CARTESIAN_POINT('',(1.755363306376E-03,-0.3789));
#4033 = VECTOR('',#4034,1.);
#4034 = DIRECTION('',(-0.,1.));
#4035 = ( GEOMETRIC_REPRESENTATION_CONTEXT(2) 
PARAMETRIC_REPRESENTATION_CONTEXT() REPRESENTATION_CONTEXT('2D SPACE',''
  ) );
#4036 = ORIENTED_EDGE('',*,*,#4037,.T.);
#4037 = EDGE_CURVE('',#4008,#3932,#4038,.T.);
#4038 = SURFACE_CURVE('',#4039,(#4043,#4050),.PCURVE_S1.);
#4039 = LINE('',#4040,#4041);
#4040 = CARTESIAN_POINT('',(0.5078,2.802862543285E-02,-9.85330590605E-03
    ));
#4041 = VECTOR('',#4042,1.);
#4042 = DIRECTION('',(-0.,-0.707106781187,-0.707106781187));
#4043 = PCURVE('',#3949,#4044);
#4044 = DEFINITIONAL_REPRESENTATION('',(#4045),#4049);
#4045 = LINE('',#4046,#4047);
#4046 = CARTESIAN_POINT('',(0.,-0.3789));
#4047 = VECTOR('',#4048,1.);
#4048 = DIRECTION('',(1.,0.));
#4049 = ( GEOMETRIC_REPRESENTATION_CONTEXT(2) 
PARAMETRIC_REPRESENTATION_CONTEXT() REPRESENTATION_CONTEXT('2D SPACE',''
  ) );
#4050 = PCURVE('',#3074,#4051);
#4051 = DEFINITIONAL_REPRESENTATION('',(#4052),#4056);
#4052 = LINE('',#4053,#4054);
#4053 = CARTESIAN_POINT('',(-3.85330590605E-03,5.028625432847E-03));
#4054 = VECTOR('',#4055,1.);
#4055 = DIRECTION('',(-0.707106781187,-0.707106781187));
#4056 = ( GEOMETRIC_REPRESENTATION_CONTEXT(2) 
PARAMETRIC_REPRESENTATION_CONTEXT() REPRESENTATION_CONTEXT('2D SPACE',''
  ) );
#4057 = ORIENTED_EDGE('',*,*,#3931,.T.);
#4058 = ORIENTED_EDGE('',*,*,#4059,.F.);
#4059 = EDGE_CURVE('',#4010,#3934,#4060,.T.);
#4060 = SURFACE_CURVE('',#4061,(#4065,#4072),.PCURVE_S1.);
#4061 = LINE('',#4062,#4063);
#4062 = CARTESIAN_POINT('',(-0.25,2.802862543285E-02,-9.85330590605E-03)
  );
#4063 = VECTOR('',#4064,1.);
#4064 = DIRECTION('',(-0.,-0.707106781187,-0.707106781187));
#4065 = PCURVE('',#3949,#4066);
#4066 = DEFINITIONAL_REPRESENTATION('',(#4067),#4071);
#4067 = LINE('',#4068,#4069);
#4068 = CARTESIAN_POINT('',(-0.,0.3789));
#4069 = VECTOR('',#4070,1.);
#4070 = DIRECTION('',(1.,0.));
#4071 = ( GEOMETRIC_REPRESENTATION_CONTEXT(2) 
PARAMETRIC_REPRESENTATION_CONTEXT() REPRESENTATION_CONTEXT('2D SPACE',''
  ) );
#4072 = PCURVE('',#3130,#4073);
#4073 = DEFINITIONAL_REPRESENTATION('',(#4074),#4078);
#4074 = LINE('',#4075,#4076);
#4075 = CARTESIAN_POINT('',(-3.85330590605E-03,5.028625432847E-03));
#4076 = VECTOR('',#4077,1.);
#4077 = DIRECTION('',(-0.707106781187,-0.707106781187));
#4078 = ( GEOMETRIC_REPRESENTATION_CONTEXT(2) 
PARAMETRIC_REPRESENTATION_CONTEXT() REPRESENTATION_CONTEXT('2D SPACE',''
  ) );
#4079 = ADVANCED_FACE('',(#4080),#4025,.T.);
#4080 = FACE_BOUND('',#4081,.T.);
#4081 = EDGE_LOOP('',(#4082,#4112,#4133,#4134));
#4082 = ORIENTED_EDGE('',*,*,#4083,.F.);
#4083 = EDGE_CURVE('',#4084,#4086,#4088,.T.);
#4084 = VERTEX_POINT('',#4085);
#4085 = CARTESIAN_POINT('',(0.5078,2.875426495381E-02,
    -8.254948116633E-03));
#4086 = VERTEX_POINT('',#4087);
#4087 = CARTESIAN_POINT('',(-0.25,2.875426495381E-02,-8.254948116633E-03
    ));
#4088 = SURFACE_CURVE('',#4089,(#4093,#4100),.PCURVE_S1.);
#4089 = LINE('',#4090,#4091);
#4090 = CARTESIAN_POINT('',(0.5078,2.875426495381E-02,
    -8.254948116633E-03));
#4091 = VECTOR('',#4092,1.);
#4092 = DIRECTION('',(-1.,0.,0.));
#4093 = PCURVE('',#4025,#4094);
#4094 = DEFINITIONAL_REPRESENTATION('',(#4095),#4099);
#4095 = LINE('',#4096,#4097);
#4096 = CARTESIAN_POINT('',(0.,-0.3789));
#4097 = VECTOR('',#4098,1.);
#4098 = DIRECTION('',(-0.,1.));
#4099 = ( GEOMETRIC_REPRESENTATION_CONTEXT(2) 
PARAMETRIC_REPRESENTATION_CONTEXT() REPRESENTATION_CONTEXT('2D SPACE',''
  ) );
#4100 = PCURVE('',#4101,#4106);
#4101 = PLANE('',#4102);
#4102 = AXIS2_PLACEMENT_3D('',#4103,#4104,#4105);
#4103 = CARTESIAN_POINT('',(0.1289,2.9E-02,-6.E-03));
#4104 = DIRECTION('',(0.,0.994114493931,-0.108334541838));
#4105 = DIRECTION('',(0.,-0.108334541838,-0.994114493931));
#4106 = DEFINITIONAL_REPRESENTATION('',(#4107),#4111);
#4107 = LINE('',#4108,#4109);
#4108 = CARTESIAN_POINT('',(2.268298199452E-03,-0.3789));
#4109 = VECTOR('',#4110,1.);
#4110 = DIRECTION('',(-0.,1.));
#4111 = ( GEOMETRIC_REPRESENTATION_CONTEXT(2) 
PARAMETRIC_REPRESENTATION_CONTEXT() REPRESENTATION_CONTEXT('2D SPACE',''
  ) );
#4112 = ORIENTED_EDGE('',*,*,#4113,.T.);
#4113 = EDGE_CURVE('',#4084,#4008,#4114,.T.);
#4114 = SURFACE_CURVE('',#4115,(#4119,#4126),.PCURVE_S1.);
#4115 = LINE('',#4116,#4117);
#4116 = CARTESIAN_POINT('',(0.5078,2.875426495381E-02,
    -8.254948116633E-03));
#4117 = VECTOR('',#4118,1.);
#4118 = DIRECTION('',(-0.,-0.413384236942,-0.910556682831));
#4119 = PCURVE('',#4025,#4120);
#4120 = DEFINITIONAL_REPRESENTATION('',(#4121),#4125);
#4121 = LINE('',#4122,#4123);
#4122 = CARTESIAN_POINT('',(0.,-0.3789));
#4123 = VECTOR('',#4124,1.);
#4124 = DIRECTION('',(1.,0.));
#4125 = ( GEOMETRIC_REPRESENTATION_CONTEXT(2) 
PARAMETRIC_REPRESENTATION_CONTEXT() REPRESENTATION_CONTEXT('2D SPACE',''
  ) );
#4126 = PCURVE('',#3074,#4127);
#4127 = DEFINITIONAL_REPRESENTATION('',(#4128),#4132);
#4128 = LINE('',#4129,#4130);
#4129 = CARTESIAN_POINT('',(-2.254948116633E-03,5.75426495381E-03));
#4130 = VECTOR('',#4131,1.);
#4131 = DIRECTION('',(-0.910556682831,-0.413384236942));
#4132 = ( GEOMETRIC_REPRESENTATION_CONTEXT(2) 
PARAMETRIC_REPRESENTATION_CONTEXT() REPRESENTATION_CONTEXT('2D SPACE',''
  ) );
#4133 = ORIENTED_EDGE('',*,*,#4007,.T.);
#4134 = ORIENTED_EDGE('',*,*,#4135,.F.);
#4135 = EDGE_CURVE('',#4086,#4010,#4136,.T.);
#4136 = SURFACE_CURVE('',#4137,(#4141,#4148),.PCURVE_S1.);
#4137 = LINE('',#4138,#4139);
#4138 = CARTESIAN_POINT('',(-0.25,2.875426495381E-02,-8.254948116633E-03
    ));
#4139 = VECTOR('',#4140,1.);
#4140 = DIRECTION('',(-0.,-0.413384236942,-0.910556682831));
#4141 = PCURVE('',#4025,#4142);
#4142 = DEFINITIONAL_REPRESENTATION('',(#4143),#4147);
#4143 = LINE('',#4144,#4145);
#4144 = CARTESIAN_POINT('',(-0.,0.3789));
#4145 = VECTOR('',#4146,1.);
#4146 = DIRECTION('',(1.,0.));
#4147 = ( GEOMETRIC_REPRESENTATION_CONTEXT(2) 
PARAMETRIC_REPRESENTATION_CONTEXT() REPRESENTATION_CONTEXT('2D SPACE',''
  ) );
#4148 = PCURVE('',#3130,#4149);
#4149 = DEFINITIONAL_REPRESENTATION('',(#4150),#4154);
#4150 = LINE('',#4151,#4152);
#4151 = CARTESIAN_POINT('',(-2.254948116633E-03,5.75426495381E-03));
#4152 = VECTOR('',#4153,1.);
#4153 = DIRECTION('',(-0.910556682831,-0.413384236942));
#4154 = ( GEOMETRIC_REPRESENTATION_CONTEXT(2) 
PARAMETRIC_REPRESENTATION_CONTEXT() REPRESENTATION_CONTEXT('2D SPACE',''
  ) );
#4155 = ADVANCED_FACE('',(#4156),#4101,.T.);
#4156 = FACE_BOUND('',#4157,.T.);
#4157 = EDGE_LOOP('',(#4158,#4188,#4209,#4210));
#4158 = ORIENTED_EDGE('',*,*,#4159,.F.);
#4159 = EDGE_CURVE('',#4160,#4162,#4164,.T.);
#4160 = VERTEX_POINT('',#4161);
#4161 = CARTESIAN_POINT('',(0.5078,2.9E-02,-6.E-03));
#4162 = VERTEX_POINT('',#4163);
#4163 = CARTESIAN_POINT('',(-0.25,2.9E-02,-6.E-03));
#4164 = SURFACE_CURVE('',#4165,(#4169,#4176),.PCURVE_S1.);
#4165 = LINE('',#4166,#4167);
#4166 = CARTESIAN_POINT('',(0.5078,2.9E-02,-6.E-03));
#4167 = VECTOR('',#4168,1.);
#4168 = DIRECTION('',(-1.,0.,0.));
#4169 = PCURVE('',#4101,#4170);
#4170 = DEFINITIONAL_REPRESENTATION('',(#4171),#4175);
#4171 = LINE('',#4172,#4173);
#4172 = CARTESIAN_POINT('',(0.,-0.3789));
#4173 = VECTOR('',#4174,1.);
#4174 = DIRECTION('',(-0.,1.));
#4175 = ( GEOMETRIC_REPRESENTATION_CONTEXT(2) 
PARAMETRIC_REPRESENTATION_CONTEXT() REPRESENTATION_CONTEXT('2D SPACE',''
  ) );
#4176 = PCURVE('',#4177,#4182);
#4177 = PLANE('',#4178);
#4178 = AXIS2_PLACEMENT_3D('',#4179,#4180,#4181);
#4179 = CARTESIAN_POINT('',(0.1289,2.875426495381E-02,
    -3.745051883367E-03));
#4180 = DIRECTION('',(0.,0.994114493931,0.108334541838));
#4181 = DIRECTION('',(0.,0.108334541838,-0.994114493931));
#4182 = DEFINITIONAL_REPRESENTATION('',(#4183),#4187);
#4183 = LINE('',#4184,#4185);
#4184 = CARTESIAN_POINT('',(2.268298199451E-03,-0.3789));
#4185 = VECTOR('',#4186,1.);
#4186 = DIRECTION('',(0.,1.));
#4187 = ( GEOMETRIC_REPRESENTATION_CONTEXT(2) 
PARAMETRIC_REPRESENTATION_CONTEXT() REPRESENTATION_CONTEXT('2D SPACE',''
  ) );
#4188 = ORIENTED_EDGE('',*,*,#4189,.T.);
#4189 = EDGE_CURVE('',#4160,#4084,#4190,.T.);
#4190 = SURFACE_CURVE('',#4191,(#4195,#4202),.PCURVE_S1.);
#4191 = LINE('',#4192,#4193);
#4192 = CARTESIAN_POINT('',(0.5078,2.9E-02,-6.E-03));
#4193 = VECTOR('',#4194,1.);
#4194 = DIRECTION('',(-0.,-0.108334541838,-0.994114493931));
#4195 = PCURVE('',#4101,#4196);
#4196 = DEFINITIONAL_REPRESENTATION('',(#4197),#4201);
#4197 = LINE('',#4198,#4199);
#4198 = CARTESIAN_POINT('',(0.,-0.3789));
#4199 = VECTOR('',#4200,1.);
#4200 = DIRECTION('',(1.,0.));
#4201 = ( GEOMETRIC_REPRESENTATION_CONTEXT(2) 
PARAMETRIC_REPRESENTATION_CONTEXT() REPRESENTATION_CONTEXT('2D SPACE',''
  ) );
#4202 = PCURVE('',#3074,#4203);
#4203 = DEFINITIONAL_REPRESENTATION('',(#4204),#4208);
#4204 = LINE('',#4205,#4206);
#4205 = CARTESIAN_POINT('',(1.854480556814E-16,6.E-03));
#4206 = VECTOR('',#4207,1.);
#4207 = DIRECTION('',(-0.994114493931,-0.108334541838));
#4208 = ( GEOMETRIC_REPRESENTATION_CONTEXT(2) 
PARAMETRIC_REPRESENTATION_CONTEXT() REPRESENTATION_CONTEXT('2D SPACE',''
  ) );
#4209 = ORIENTED_EDGE('',*,*,#4083,.T.);
#4210 = ORIENTED_EDGE('',*,*,#4211,.F.);
#4211 = EDGE_CURVE('',#4162,#4086,#4212,.T.);
#4212 = SURFACE_CURVE('',#4213,(#4217,#4224),.PCURVE_S1.);
#4213 = LINE('',#4214,#4215);
#4214 = CARTESIAN_POINT('',(-0.25,2.9E-02,-6.E-03));
#4215 = VECTOR('',#4216,1.);
#4216 = DIRECTION('',(-0.,-0.108334541838,-0.994114493931));
#4217 = PCURVE('',#4101,#4218);
#4218 = DEFINITIONAL_REPRESENTATION('',(#4219),#4223);
#4219 = LINE('',#4220,#4221);
#4220 = CARTESIAN_POINT('',(-0.,0.3789));
#4221 = VECTOR('',#4222,1.);
#4222 = DIRECTION('',(1.,0.));
#4223 = ( GEOMETRIC_REPRESENTATION_CONTEXT(2) 
PARAMETRIC_REPRESENTATION_CONTEXT() REPRESENTATION_CONTEXT('2D SPACE',''
  ) );
#4224 = PCURVE('',#3130,#4225);
#4225 = DEFINITIONAL_REPRESENTATION('',(#4226),#4230);
#4226 = LINE('',#4227,#4228);
#4227 = CARTESIAN_POINT('',(1.854480556814E-16,6.E-03));
#4228 = VECTOR('',#4229,1.);
#4229 = DIRECTION('',(-0.994114493931,-0.108334541838));
#4230 = ( GEOMETRIC_REPRESENTATION_CONTEXT(2) 
PARAMETRIC_REPRESENTATION_CONTEXT() REPRESENTATION_CONTEXT('2D SPACE',''
  ) );
#4231 = ADVANCED_FACE('',(#4232),#4177,.T.);
#4232 = FACE_BOUND('',#4233,.T.);
#4233 = EDGE_LOOP('',(#4234,#4264,#4285,#4286));
#4234 = ORIENTED_EDGE('',*,*,#4235,.F.);
#4235 = EDGE_CURVE('',#4236,#4238,#4240,.T.);
#4236 = VERTEX_POINT('',#4237);
#4237 = CARTESIAN_POINT('',(0.5078,2.875426495381E-02,
    -3.745051883367E-03));
#4238 = VERTEX_POINT('',#4239);
#4239 = CARTESIAN_POINT('',(-0.25,2.875426495381E-02,-3.745051883367E-03
    ));
#4240 = SURFACE_CURVE('',#4241,(#4245,#4252),.PCURVE_S1.);
#4241 = LINE('',#4242,#4243);
#4242 = CARTESIAN_POINT('',(0.5078,2.875426495381E-02,
    -3.745051883367E-03));
#4243 = VECTOR('',#4244,1.);
#4244 = DIRECTION('',(-1.,0.,0.));
#4245 = PCURVE('',#4177,#4246);
#4246 = DEFINITIONAL_REPRESENTATION('',(#4247),#4251);
#4247 = LINE('',#4248,#4249);
#4248 = CARTESIAN_POINT('',(0.,-0.3789));
#4249 = VECTOR('',#4250,1.);
#4250 = DIRECTION('',(0.,1.));
#4251 = ( GEOMETRIC_REPRESENTATION_CONTEXT(2) 
PARAMETRIC_REPRESENTATION_CONTEXT() REPRESENTATION_CONTEXT('2D SPACE',''
  ) );
#4252 = PCURVE('',#4253,#4258);
#4253 = PLANE('',#4254);
#4254 = AXIS2_PLACEMENT_3D('',#4255,#4256,#4257);
#4255 = CARTESIAN_POINT('',(0.1289,2.802862543285E-02,-2.14669409395E-03
    ));
#4256 = DIRECTION('',(0.,0.910556682831,0.413384236942));
#4257 = DIRECTION('',(0.,0.413384236942,-0.910556682831));
#4258 = DEFINITIONAL_REPRESENTATION('',(#4259),#4263);
#4259 = LINE('',#4260,#4261);
#4260 = CARTESIAN_POINT('',(1.755363306376E-03,-0.3789));
#4261 = VECTOR('',#4262,1.);
#4262 = DIRECTION('',(0.,1.));
#4263 = ( GEOMETRIC_REPRESENTATION_CONTEXT(2) 
PARAMETRIC_REPRESENTATION_CONTEXT() REPRESENTATION_CONTEXT('2D SPACE',''
  ) );
#4264 = ORIENTED_EDGE('',*,*,#4265,.T.);
#4265 = EDGE_CURVE('',#4236,#4160,#4266,.T.);
#4266 = SURFACE_CURVE('',#4267,(#4271,#4278),.PCURVE_S1.);
#4267 = LINE('',#4268,#4269);
#4268 = CARTESIAN_POINT('',(0.5078,2.875426495381E-02,
    -3.745051883367E-03));
#4269 = VECTOR('',#4270,1.);
#4270 = DIRECTION('',(0.,0.108334541838,-0.994114493931));
#4271 = PCURVE('',#4177,#4272);
#4272 = DEFINITIONAL_REPRESENTATION('',(#4273),#4277);
#4273 = LINE('',#4274,#4275);
#4274 = CARTESIAN_POINT('',(0.,-0.3789));
#4275 = VECTOR('',#4276,1.);
#4276 = DIRECTION('',(1.,0.));
#4277 = ( GEOMETRIC_REPRESENTATION_CONTEXT(2) 
PARAMETRIC_REPRESENTATION_CONTEXT() REPRESENTATION_CONTEXT('2D SPACE',''
  ) );
#4278 = PCURVE('',#3074,#4279);
#4279 = DEFINITIONAL_REPRESENTATION('',(#4280),#4284);
#4280 = LINE('',#4281,#4282);
#4281 = CARTESIAN_POINT('',(2.254948116633E-03,5.75426495381E-03));
#4282 = VECTOR('',#4283,1.);
#4283 = DIRECTION('',(-0.994114493931,0.108334541838));
#4284 = ( GEOMETRIC_REPRESENTATION_CONTEXT(2) 
PARAMETRIC_REPRESENTATION_CONTEXT() REPRESENTATION_CONTEXT('2D SPACE',''
  ) );
#4285 = ORIENTED_EDGE('',*,*,#4159,.T.);
#4286 = ORIENTED_EDGE('',*,*,#4287,.F.);
#4287 = EDGE_CURVE('',#4238,#4162,#4288,.T.);
#4288 = SURFACE_CURVE('',#4289,(#4293,#4300),.PCURVE_S1.);
#4289 = LINE('',#4290,#4291);
#4290 = CARTESIAN_POINT('',(-0.25,2.875426495381E-02,-3.745051883367E-03
    ));
#4291 = VECTOR('',#4292,1.);
#4292 = DIRECTION('',(0.,0.108334541838,-0.994114493931));
#4293 = PCURVE('',#4177,#4294);
#4294 = DEFINITIONAL_REPRESENTATION('',(#4295),#4299);
#4295 = LINE('',#4296,#4297);
#4296 = CARTESIAN_POINT('',(0.,0.3789));
#4297 = VECTOR('',#4298,1.);
#4298 = DIRECTION('',(1.,0.));
#4299 = ( GEOMETRIC_REPRESENTATION_CONTEXT(2) 
PARAMETRIC_REPRESENTATION_CONTEXT() REPRESENTATION_CONTEXT('2D SPACE',''
  ) );
#4300 = PCURVE('',#3130,#4301);
#4301 = DEFINITIONAL_REPRESENTATION('',(#4302),#4306);
#4302 = LINE('',#4303,#4304);
#4303 = CARTESIAN_POINT('',(2.254948116633E-03,5.75426495381E-03));
#4304 = VECTOR('',#4305,1.);
#4305 = DIRECTION('',(-0.994114493931,0.108334541838));
#4306 = ( GEOMETRIC_REPRESENTATION_CONTEXT(2) 
PARAMETRIC_REPRESENTATION_CONTEXT() REPRESENTATION_CONTEXT('2D SPACE',''
  ) );
#4307 = ADVANCED_FACE('',(#4308),#4253,.T.);
#4308 = FACE_BOUND('',#4309,.T.);
#4309 = EDGE_LOOP('',(#4310,#4340,#4361,#4362));
#4310 = ORIENTED_EDGE('',*,*,#4311,.F.);
#4311 = EDGE_CURVE('',#4312,#4314,#4316,.T.);
#4312 = VERTEX_POINT('',#4313);
#4313 = CARTESIAN_POINT('',(0.5078,2.802862543285E-02,-2.14669409395E-03
    ));
#4314 = VERTEX_POINT('',#4315);
#4315 = CARTESIAN_POINT('',(-0.25,2.802862543285E-02,-2.14669409395E-03)
  );
#4316 = SURFACE_CURVE('',#4317,(#4321,#4328),.PCURVE_S1.);
#4317 = LINE('',#4318,#4319);
#4318 = CARTESIAN_POINT('',(0.5078,2.802862543285E-02,-2.14669409395E-03
    ));
#4319 = VECTOR('',#4320,1.);
#4320 = DIRECTION('',(-1.,0.,0.));
#4321 = PCURVE('',#4253,#4322);
#4322 = DEFINITIONAL_REPRESENTATION('',(#4323),#4327);
#4323 = LINE('',#4324,#4325);
#4324 = CARTESIAN_POINT('',(0.,-0.3789));
#4325 = VECTOR('',#4326,1.);
#4326 = DIRECTION('',(0.,1.));
#4327 = ( GEOMETRIC_REPRESENTATION_CONTEXT(2) 
PARAMETRIC_REPRESENTATION_CONTEXT() REPRESENTATION_CONTEXT('2D SPACE',''
  ) );
#4328 = PCURVE('',#4329,#4334);
#4329 = PLANE('',#4330);
#4330 = AXIS2_PLACEMENT_3D('',#4331,#4332,#4333);
#4331 = CARTESIAN_POINT('',(0.1289,2.685330590605E-02,
    -9.713745671526E-04));
#4332 = DIRECTION('',(0.,0.707106781187,0.707106781187));
#4333 = DIRECTION('',(0.,0.707106781187,-0.707106781187));
#4334 = DEFINITIONAL_REPRESENTATION('',(#4335),#4339);
#4335 = LINE('',#4336,#4337);
#4336 = CARTESIAN_POINT('',(1.662152814919E-03,-0.3789));
#4337 = VECTOR('',#4338,1.);
#4338 = DIRECTION('',(0.,1.));
#4339 = ( GEOMETRIC_REPRESENTATION_CONTEXT(2) 
PARAMETRIC_REPRESENTATION_CONTEXT() REPRESENTATION_CONTEXT('2D SPACE',''
  ) );
#4340 = ORIENTED_EDGE('',*,*,#4341,.T.);
#4341 = EDGE_CURVE('',#4312,#4236,#4342,.T.);
#4342 = SURFACE_CURVE('',#4343,(#4347,#4354),.PCURVE_S1.);
#4343 = LINE('',#4344,#4345);
#4344 = CARTESIAN_POINT('',(0.5078,2.802862543285E-02,-2.14669409395E-03
    ));
#4345 = VECTOR('',#4346,1.);
#4346 = DIRECTION('',(0.,0.413384236942,-0.910556682831));
#4347 = PCURVE('',#4253,#4348);
#4348 = DEFINITIONAL_REPRESENTATION('',(#4349),#4353);
#4349 = LINE('',#4350,#4351);
#4350 = CARTESIAN_POINT('',(0.,-0.3789));
#4351 = VECTOR('',#4352,1.);
#4352 = DIRECTION('',(1.,0.));
#4353 = ( GEOMETRIC_REPRESENTATION_CONTEXT(2) 
PARAMETRIC_REPRESENTATION_CONTEXT() REPRESENTATION_CONTEXT('2D SPACE',''
  ) );
#4354 = PCURVE('',#3074,#4355);
#4355 = DEFINITIONAL_REPRESENTATION('',(#4356),#4360);
#4356 = LINE('',#4357,#4358);
#4357 = CARTESIAN_POINT('',(3.85330590605E-03,5.028625432847E-03));
#4358 = VECTOR('',#4359,1.);
#4359 = DIRECTION('',(-0.910556682831,0.413384236942));
#4360 = ( GEOMETRIC_REPRESENTATION_CONTEXT(2) 
PARAMETRIC_REPRESENTATION_CONTEXT() REPRESENTATION_CONTEXT('2D SPACE',''
  ) );
#4361 = ORIENTED_EDGE('',*,*,#4235,.T.);
#4362 = ORIENTED_EDGE('',*,*,#4363,.F.);
#4363 = EDGE_CURVE('',#4314,#4238,#4364,.T.);
#4364 = SURFACE_CURVE('',#4365,(#4369,#4376),.PCURVE_S1.);
#4365 = LINE('',#4366,#4367);
#4366 = CARTESIAN_POINT('',(-0.25,2.802862543285E-02,-2.14669409395E-03)
  );
#4367 = VECTOR('',#4368,1.);
#4368 = DIRECTION('',(0.,0.413384236942,-0.910556682831));
#4369 = PCURVE('',#4253,#4370);
#4370 = DEFINITIONAL_REPRESENTATION('',(#4371),#4375);
#4371 = LINE('',#4372,#4373);
#4372 = CARTESIAN_POINT('',(0.,0.3789));
#4373 = VECTOR('',#4374,1.);
#4374 = DIRECTION('',(1.,0.));
#4375 = ( GEOMETRIC_REPRESENTATION_CONTEXT(2) 
PARAMETRIC_REPRESENTATION_CONTEXT() REPRESENTATION_CONTEXT('2D SPACE',''
  ) );
#4376 = PCURVE('',#3130,#4377);
#4377 = DEFINITIONAL_REPRESENTATION('',(#4378),#4382);
#4378 = LINE('',#4379,#4380);
#4379 = CARTESIAN_POINT('',(3.85330590605E-03,5.028625432847E-03));
#4380 = VECTOR('',#4381,1.);
#4381 = DIRECTION('',(-0.910556682831,0.413384236942));
#4382 = ( GEOMETRIC_REPRESENTATION_CONTEXT(2) 
PARAMETRIC_REPRESENTATION_CONTEXT() REPRESENTATION_CONTEXT('2D SPACE',''
  ) );
#4383 = ADVANCED_FACE('',(#4384),#4329,.T.);
#4384 = FACE_BOUND('',#4385,.T.);
#4385 = EDGE_LOOP('',(#4386,#4416,#4437,#4438));
#4386 = ORIENTED_EDGE('',*,*,#4387,.F.);
#4387 = EDGE_CURVE('',#4388,#4390,#4392,.T.);
#4388 = VERTEX_POINT('',#4389);
#4389 = CARTESIAN_POINT('',(0.5078,2.685330590605E-02,
    -9.713745671526E-04));
#4390 = VERTEX_POINT('',#4391);
#4391 = CARTESIAN_POINT('',(-0.25,2.685330590605E-02,-9.713745671526E-04
    ));
#4392 = SURFACE_CURVE('',#4393,(#4397,#4404),.PCURVE_S1.);
#4393 = LINE('',#4394,#4395);
#4394 = CARTESIAN_POINT('',(0.5078,2.685330590605E-02,
    -9.713745671526E-04));
#4395 = VECTOR('',#4396,1.);
#4396 = DIRECTION('',(-1.,0.,0.));
#4397 = PCURVE('',#4329,#4398);
#4398 = DEFINITIONAL_REPRESENTATION('',(#4399),#4403);
#4399 = LINE('',#4400,#4401);
#4400 = CARTESIAN_POINT('',(0.,-0.3789));
#4401 = VECTOR('',#4402,1.);
#4402 = DIRECTION('',(0.,1.));
#4403 = ( GEOMETRIC_REPRESENTATION_CONTEXT(2) 
PARAMETRIC_REPRESENTATION_CONTEXT() REPRESENTATION_CONTEXT('2D SPACE',''
  ) );
#4404 = PCURVE('',#4405,#4410);
#4405 = PLANE('',#4406);
#4406 = AXIS2_PLACEMENT_3D('',#4407,#4408,#4409);
#4407 = CARTESIAN_POINT('',(0.1289,2.525494811663E-02,
    -2.457350461903E-04));
#4408 = DIRECTION('',(0.,0.413384236942,0.910556682831));
#4409 = DIRECTION('',(0.,0.910556682831,-0.413384236942));
#4410 = DEFINITIONAL_REPRESENTATION('',(#4411),#4415);
#4411 = LINE('',#4412,#4413);
#4412 = CARTESIAN_POINT('',(1.755363306376E-03,-0.3789));
#4413 = VECTOR('',#4414,1.);
#4414 = DIRECTION('',(0.,1.));
#4415 = ( GEOMETRIC_REPRESENTATION_CONTEXT(2) 
PARAMETRIC_REPRESENTATION_CONTEXT() REPRESENTATION_CONTEXT('2D SPACE',''
  ) );
#4416 = ORIENTED_EDGE('',*,*,#4417,.T.);
#4417 = EDGE_CURVE('',#4388,#4312,#4418,.T.);
#4418 = SURFACE_CURVE('',#4419,(#4423,#4430),.PCURVE_S1.);
#4419 = LINE('',#4420,#4421);
#4420 = CARTESIAN_POINT('',(0.5078,2.685330590605E-02,
    -9.713745671526E-04));
#4421 = VECTOR('',#4422,1.);
#4422 = DIRECTION('',(0.,0.707106781187,-0.707106781187));
#4423 = PCURVE('',#4329,#4424);
#4424 = DEFINITIONAL_REPRESENTATION('',(#4425),#4429);
#4425 = LINE('',#4426,#4427);
#4426 = CARTESIAN_POINT('',(0.,-0.3789));
#4427 = VECTOR('',#4428,1.);
#4428 = DIRECTION('',(1.,0.));
#4429 = ( GEOMETRIC_REPRESENTATION_CONTEXT(2) 
PARAMETRIC_REPRESENTATION_CONTEXT() REPRESENTATION_CONTEXT('2D SPACE',''
  ) );
#4430 = PCURVE('',#3074,#4431);
#4431 = DEFINITIONAL_REPRESENTATION('',(#4432),#4436);
#4432 = LINE('',#4433,#4434);
#4433 = CARTESIAN_POINT('',(5.028625432847E-03,3.85330590605E-03));
#4434 = VECTOR('',#4435,1.);
#4435 = DIRECTION('',(-0.707106781187,0.707106781187));
#4436 = ( GEOMETRIC_REPRESENTATION_CONTEXT(2) 
PARAMETRIC_REPRESENTATION_CONTEXT() REPRESENTATION_CONTEXT('2D SPACE',''
  ) );
#4437 = ORIENTED_EDGE('',*,*,#4311,.T.);
#4438 = ORIENTED_EDGE('',*,*,#4439,.F.);
#4439 = EDGE_CURVE('',#4390,#4314,#4440,.T.);
#4440 = SURFACE_CURVE('',#4441,(#4445,#4452),.PCURVE_S1.);
#4441 = LINE('',#4442,#4443);
#4442 = CARTESIAN_POINT('',(-0.25,2.685330590605E-02,-9.713745671526E-04
    ));
#4443 = VECTOR('',#4444,1.);
#4444 = DIRECTION('',(0.,0.707106781187,-0.707106781187));
#4445 = PCURVE('',#4329,#4446);
#4446 = DEFINITIONAL_REPRESENTATION('',(#4447),#4451);
#4447 = LINE('',#4448,#4449);
#4448 = CARTESIAN_POINT('',(0.,0.3789));
#4449 = VECTOR('',#4450,1.);
#4450 = DIRECTION('',(1.,0.));
#4451 = ( GEOMETRIC_REPRESENTATION_CONTEXT(2) 
PARAMETRIC_REPRESENTATION_CONTEXT() REPRESENTATION_CONTEXT('2D SPACE',''
  ) );
#4452 = PCURVE('',#3130,#4453);
#4453 = DEFINITIONAL_REPRESENTATION('',(#4454),#4458);
#4454 = LINE('',#4455,#4456);
#4455 = CARTESIAN_POINT('',(5.028625432847E-03,3.85330590605E-03));
#4456 = VECTOR('',#4457,1.);
#4457 = DIRECTION('',(-0.707106781187,0.707106781187));
#4458 = ( GEOMETRIC_REPRESENTATION_CONTEXT(2) 
PARAMETRIC_REPRESENTATION_CONTEXT() REPRESENTATION_CONTEXT('2D SPACE',''
  ) );
#4459 = ADVANCED_FACE('',(#4460),#4405,.T.);
#4460 = FACE_BOUND('',#4461,.T.);
#4461 = EDGE_LOOP('',(#4462,#4487,#4508,#4509));
#4462 = ORIENTED_EDGE('',*,*,#4463,.F.);
#4463 = EDGE_CURVE('',#4464,#4466,#4468,.T.);
#4464 = VERTEX_POINT('',#4465);
#4465 = CARTESIAN_POINT('',(0.5078,2.525494811663E-02,
    -2.457350461903E-04));
#4466 = VERTEX_POINT('',#4467);
#4467 = CARTESIAN_POINT('',(-0.25,2.525494811663E-02,-2.457350461903E-04
    ));
#4468 = SURFACE_CURVE('',#4469,(#4473,#4480),.PCURVE_S1.);
#4469 = LINE('',#4470,#4471);
#4470 = CARTESIAN_POINT('',(0.5078,2.525494811663E-02,
    -2.457350461903E-04));
#4471 = VECTOR('',#4472,1.);
#4472 = DIRECTION('',(-1.,0.,0.));
#4473 = PCURVE('',#4405,#4474);
#4474 = DEFINITIONAL_REPRESENTATION('',(#4475),#4479);
#4475 = LINE('',#4476,#4477);
#4476 = CARTESIAN_POINT('',(0.,-0.3789));
#4477 = VECTOR('',#4478,1.);
#4478 = DIRECTION('',(0.,1.));
#4479 = ( GEOMETRIC_REPRESENTATION_CONTEXT(2) 
PARAMETRIC_REPRESENTATION_CONTEXT() REPRESENTATION_CONTEXT('2D SPACE',''
  ) );
#4480 = PCURVE('',#3102,#4481);
#4481 = DEFINITIONAL_REPRESENTATION('',(#4482),#4486);
#4482 = LINE('',#4483,#4484);
#4483 = CARTESIAN_POINT('',(2.268298199451E-03,-0.3789));
#4484 = VECTOR('',#4485,1.);
#4485 = DIRECTION('',(0.,1.));
#4486 = ( GEOMETRIC_REPRESENTATION_CONTEXT(2) 
PARAMETRIC_REPRESENTATION_CONTEXT() REPRESENTATION_CONTEXT('2D SPACE',''
  ) );
#4487 = ORIENTED_EDGE('',*,*,#4488,.T.);
#4488 = EDGE_CURVE('',#4464,#4388,#4489,.T.);
#4489 = SURFACE_CURVE('',#4490,(#4494,#4501),.PCURVE_S1.);
#4490 = LINE('',#4491,#4492);
#4491 = CARTESIAN_POINT('',(0.5078,2.525494811663E-02,
    -2.457350461903E-04));
#4492 = VECTOR('',#4493,1.);
#4493 = DIRECTION('',(0.,0.910556682831,-0.413384236942));
#4494 = PCURVE('',#4405,#4495);
#4495 = DEFINITIONAL_REPRESENTATION('',(#4496),#4500);
#4496 = LINE('',#4497,#4498);
#4497 = CARTESIAN_POINT('',(0.,-0.3789));
#4498 = VECTOR('',#4499,1.);
#4499 = DIRECTION('',(1.,0.));
#4500 = ( GEOMETRIC_REPRESENTATION_CONTEXT(2) 
PARAMETRIC_REPRESENTATION_CONTEXT() REPRESENTATION_CONTEXT('2D SPACE',''
  ) );
#4501 = PCURVE('',#3074,#4502);
#4502 = DEFINITIONAL_REPRESENTATION('',(#4503),#4507);
#4503 = LINE('',#4504,#4505);
#4504 = CARTESIAN_POINT('',(5.75426495381E-03,2.254948116633E-03));
#4505 = VECTOR('',#4506,1.);
#4506 = DIRECTION('',(-0.413384236942,0.910556682831));
#4507 = ( GEOMETRIC_REPRESENTATION_CONTEXT(2) 
PARAMETRIC_REPRESENTATION_CONTEXT() REPRESENTATION_CONTEXT('2D SPACE',''
  ) );
#4508 = ORIENTED_EDGE('',*,*,#4387,.T.);
#4509 = ORIENTED_EDGE('',*,*,#4510,.F.);
#4510 = EDGE_CURVE('',#4466,#4390,#4511,.T.);
#4511 = SURFACE_CURVE('',#4512,(#4516,#4523),.PCURVE_S1.);
#4512 = LINE('',#4513,#4514);
#4513 = CARTESIAN_POINT('',(-0.25,2.525494811663E-02,-2.457350461903E-04
    ));
#4514 = VECTOR('',#4515,1.);
#4515 = DIRECTION('',(0.,0.910556682831,-0.413384236942));
#4516 = PCURVE('',#4405,#4517);
#4517 = DEFINITIONAL_REPRESENTATION('',(#4518),#4522);
#4518 = LINE('',#4519,#4520);
#4519 = CARTESIAN_POINT('',(0.,0.3789));
#4520 = VECTOR('',#4521,1.);
#4521 = DIRECTION('',(1.,0.));
#4522 = ( GEOMETRIC_REPRESENTATION_CONTEXT(2) 
PARAMETRIC_REPRESENTATION_CONTEXT() REPRESENTATION_CONTEXT('2D SPACE',''
  ) );
#4523 = PCURVE('',#3130,#4524);
#4524 = DEFINITIONAL_REPRESENTATION('',(#4525),#4529);
#4525 = LINE('',#4526,#4527);
#4526 = CARTESIAN_POINT('',(5.75426495381E-03,2.254948116633E-03));
#4527 = VECTOR('',#4528,1.);
#4528 = DIRECTION('',(-0.413384236942,0.910556682831));
#4529 = ( GEOMETRIC_REPRESENTATION_CONTEXT(2) 
PARAMETRIC_REPRESENTATION_CONTEXT() REPRESENTATION_CONTEXT('2D SPACE',''
  ) );
#4530 = ADVANCED_FACE('',(#4531),#3130,.T.);
#4531 = FACE_BOUND('',#4532,.T.);
#4532 = EDGE_LOOP('',(#4533,#4534,#4555,#4556,#4557,#4558,#4559,#4560,
    #4561,#4562,#4563,#4564,#4565,#4566,#4567,#4568,#4569,#4570,#4571,
    #4572));
#4533 = ORIENTED_EDGE('',*,*,#3114,.T.);
#4534 = ORIENTED_EDGE('',*,*,#4535,.T.);
#4535 = EDGE_CURVE('',#3087,#4466,#4536,.T.);
#4536 = SURFACE_CURVE('',#4537,(#4541,#4548),.PCURVE_S1.);
#4537 = LINE('',#4538,#4539);
#4538 = CARTESIAN_POINT('',(-0.25,2.3E-02,0.));
#4539 = VECTOR('',#4540,1.);
#4540 = DIRECTION('',(0.,0.994114493931,-0.108334541838));
#4541 = PCURVE('',#3130,#4542);
#4542 = DEFINITIONAL_REPRESENTATION('',(#4543),#4547);
#4543 = LINE('',#4544,#4545);
#4544 = CARTESIAN_POINT('',(6.E-03,-7.197115415564E-19));
#4545 = VECTOR('',#4546,1.);
#4546 = DIRECTION('',(-0.108334541838,0.994114493931));
#4547 = ( GEOMETRIC_REPRESENTATION_CONTEXT(2) 
PARAMETRIC_REPRESENTATION_CONTEXT() REPRESENTATION_CONTEXT('2D SPACE',''
  ) );
#4548 = PCURVE('',#3102,#4549);
#4549 = DEFINITIONAL_REPRESENTATION('',(#4550),#4554);
#4550 = LINE('',#4551,#4552);
#4551 = CARTESIAN_POINT('',(0.,0.3789));
#4552 = VECTOR('',#4553,1.);
#4553 = DIRECTION('',(1.,0.));
#4554 = ( GEOMETRIC_REPRESENTATION_CONTEXT(2) 
PARAMETRIC_REPRESENTATION_CONTEXT() REPRESENTATION_CONTEXT('2D SPACE',''
  ) );
#4555 = ORIENTED_EDGE('',*,*,#4510,.T.);
#4556 = ORIENTED_EDGE('',*,*,#4439,.T.);
#4557 = ORIENTED_EDGE('',*,*,#4363,.T.);
#4558 = ORIENTED_EDGE('',*,*,#4287,.T.);
#4559 = ORIENTED_EDGE('',*,*,#4211,.T.);
#4560 = ORIENTED_EDGE('',*,*,#4135,.T.);
#4561 = ORIENTED_EDGE('',*,*,#4059,.T.);
#4562 = ORIENTED_EDGE('',*,*,#3983,.T.);
#4563 = ORIENTED_EDGE('',*,*,#3907,.T.);
#4564 = ORIENTED_EDGE('',*,*,#3831,.T.);
#4565 = ORIENTED_EDGE('',*,*,#3755,.T.);
#4566 = ORIENTED_EDGE('',*,*,#3679,.T.);
#4567 = ORIENTED_EDGE('',*,*,#3603,.T.);
#4568 = ORIENTED_EDGE('',*,*,#3527,.T.);
#4569 = ORIENTED_EDGE('',*,*,#3451,.T.);
#4570 = ORIENTED_EDGE('',*,*,#3375,.T.);
#4571 = ORIENTED_EDGE('',*,*,#3271,.T.);
#4572 = ORIENTED_EDGE('',*,*,#3195,.T.);
#4573 = ADVANCED_FACE('',(#4574),#3102,.T.);
#4574 = FACE_BOUND('',#4575,.T.);
#4575 = EDGE_LOOP('',(#4576,#4577,#4598,#4599));
#4576 = ORIENTED_EDGE('',*,*,#3086,.F.);
#4577 = ORIENTED_EDGE('',*,*,#4578,.T.);
#4578 = EDGE_CURVE('',#3054,#4464,#4579,.T.);
#4579 = SURFACE_CURVE('',#4580,(#4584,#4591),.PCURVE_S1.);
#4580 = LINE('',#4581,#4582);
#4581 = CARTESIAN_POINT('',(0.5078,2.3E-02,0.));
#4582 = VECTOR('',#4583,1.);
#4583 = DIRECTION('',(0.,0.994114493931,-0.108334541838));
#4584 = PCURVE('',#3102,#4585);
#4585 = DEFINITIONAL_REPRESENTATION('',(#4586),#4590);
#4586 = LINE('',#4587,#4588);
#4587 = CARTESIAN_POINT('',(0.,-0.3789));
#4588 = VECTOR('',#4589,1.);
#4589 = DIRECTION('',(1.,0.));
#4590 = ( GEOMETRIC_REPRESENTATION_CONTEXT(2) 
PARAMETRIC_REPRESENTATION_CONTEXT() REPRESENTATION_CONTEXT('2D SPACE',''
  ) );
#4591 = PCURVE('',#3074,#4592);
#4592 = DEFINITIONAL_REPRESENTATION('',(#4593),#4597);
#4593 = LINE('',#4594,#4595);
#4594 = CARTESIAN_POINT('',(6.E-03,-7.197115415564E-19));
#4595 = VECTOR('',#4596,1.);
#4596 = DIRECTION('',(-0.108334541838,0.994114493931));
#4597 = ( GEOMETRIC_REPRESENTATION_CONTEXT(2) 
PARAMETRIC_REPRESENTATION_CONTEXT() REPRESENTATION_CONTEXT('2D SPACE',''
  ) );
#4598 = ORIENTED_EDGE('',*,*,#4463,.T.);
#4599 = ORIENTED_EDGE('',*,*,#4535,.F.);
#4600 = ADVANCED_FACE('',(#4601),#3074,.F.);
#4601 = FACE_BOUND('',#4602,.F.);
#4602 = EDGE_LOOP('',(#4603,#4604,#4605,#4606,#4607,#4608,#4609,#4610,
    #4611,#4612,#4613,#4614,#4615,#4616,#4617,#4618,#4619,#4620,#4621,
    #4622));
#4603 = ORIENTED_EDGE('',*,*,#3051,.T.);
#4604 = ORIENTED_EDGE('',*,*,#4578,.T.);
#4605 = ORIENTED_EDGE('',*,*,#4488,.T.);
#4606 = ORIENTED_EDGE('',*,*,#4417,.T.);
#4607 = ORIENTED_EDGE('',*,*,#4341,.T.);
#4608 = ORIENTED_EDGE('',*,*,#4265,.T.);
#4609 = ORIENTED_EDGE('',*,*,#4189,.T.);
#4610 = ORIENTED_EDGE('',*,*,#4113,.T.);
#4611 = ORIENTED_EDGE('',*,*,#4037,.T.);
#4612 = ORIENTED_EDGE('',*,*,#3961,.T.);
#4613 = ORIENTED_EDGE('',*,*,#3885,.T.);
#4614 = ORIENTED_EDGE('',*,*,#3809,.T.);
#4615 = ORIENTED_EDGE('',*,*,#3733,.T.);
#4616 = ORIENTED_EDGE('',*,*,#3657,.T.);
#4617 = ORIENTED_EDGE('',*,*,#3581,.T.);
#4618 = ORIENTED_EDGE('',*,*,#3505,.T.);
#4619 = ORIENTED_EDGE('',*,*,#3429,.T.);
#4620 = ORIENTED_EDGE('',*,*,#3353,.T.);
#4621 = ORIENTED_EDGE('',*,*,#3247,.T.);
#4622 = ORIENTED_EDGE('',*,*,#3171,.T.);
#4623 = MANIFOLD_SOLID_BREP('',#4624);
#4624 = CLOSED_SHELL('',(#4625,#4745,#4821,#4897,#4973,#5049,#5125,#5201
    ,#5277,#5353,#5429,#5505,#5581,#5657,#5733,#5809,#5885,#5961,#6037,
    #6108,#6151,#6178));
#4625 = ADVANCED_FACE('',(#4626),#4640,.T.);
#4626 = FACE_BOUND('',#4627,.T.);
#4627 = EDGE_LOOP('',(#4628,#4663,#4691,#4719));
#4628 = ORIENTED_EDGE('',*,*,#4629,.T.);
#4629 = EDGE_CURVE('',#4630,#4632,#4634,.T.);
#4630 = VERTEX_POINT('',#4631);
#4631 = CARTESIAN_POINT('',(0.5078,-2.525494811663E-02,
    -2.457350461903E-04));
#4632 = VERTEX_POINT('',#4633);
#4633 = CARTESIAN_POINT('',(0.5078,-2.3E-02,0.));
#4634 = SURFACE_CURVE('',#4635,(#4639,#4651),.PCURVE_S1.);
#4635 = LINE('',#4636,#4637);
#4636 = CARTESIAN_POINT('',(0.5078,-2.525494811663E-02,
    -2.457350461903E-04));
#4637 = VECTOR('',#4638,1.);
#4638 = DIRECTION('',(0.,0.994114493931,0.108334541838));
#4639 = PCURVE('',#4640,#4645);
#4640 = PLANE('',#4641);
#4641 = AXIS2_PLACEMENT_3D('',#4642,#4643,#4644);
#4642 = CARTESIAN_POINT('',(0.1289,-2.525494811663E-02,
    -2.457350461903E-04));
#4643 = DIRECTION('',(0.,-0.108334541838,0.994114493931));
#4644 = DIRECTION('',(0.,0.994114493931,0.108334541838));
#4645 = DEFINITIONAL_REPRESENTATION('',(#4646),#4650);
#4646 = LINE('',#4647,#4648);
#4647 = CARTESIAN_POINT('',(0.,-0.3789));
#4648 = VECTOR('',#4649,1.);
#4649 = DIRECTION('',(1.,0.));
#4650 = ( GEOMETRIC_REPRESENTATION_CONTEXT(2) 
PARAMETRIC_REPRESENTATION_CONTEXT() REPRESENTATION_CONTEXT('2D SPACE',''
  ) );
#4651 = PCURVE('',#4652,#4657);
#4652 = PLANE('',#4653);
#4653 = AXIS2_PLACEMENT_3D('',#4654,#4655,#4656);
#4654 = CARTESIAN_POINT('',(0.5078,-2.3E-02,-6.E-03));
#4655 = DIRECTION('',(-1.,0.,0.));
#4656 = DIRECTION('',(0.,0.,1.));
#4657 = DEFINITIONAL_REPRESENTATION('',(#4658),#4662);
#4658 = LINE('',#4659,#4660);
#4659 = CARTESIAN_POINT('',(5.75426495381E-03,-2.254948116633E-03));
#4660 = VECTOR('',#4661,1.);
#4661 = DIRECTION('',(0.108334541838,0.994114493931));
#4662 = ( GEOMETRIC_REPRESENTATION_CONTEXT(2) 
PARAMETRIC_REPRESENTATION_CONTEXT() REPRESENTATION_CONTEXT('2D SPACE',''
  ) );
#4663 = ORIENTED_EDGE('',*,*,#4664,.T.);
#4664 = EDGE_CURVE('',#4632,#4665,#4667,.T.);
#4665 = VERTEX_POINT('',#4666);
#4666 = CARTESIAN_POINT('',(-0.25,-2.3E-02,0.));
#4667 = SURFACE_CURVE('',#4668,(#4672,#4679),.PCURVE_S1.);
#4668 = LINE('',#4669,#4670);
#4669 = CARTESIAN_POINT('',(0.5078,-2.3E-02,0.));
#4670 = VECTOR('',#4671,1.);
#4671 = DIRECTION('',(-1.,0.,0.));
#4672 = PCURVE('',#4640,#4673);
#4673 = DEFINITIONAL_REPRESENTATION('',(#4674),#4678);
#4674 = LINE('',#4675,#4676);
#4675 = CARTESIAN_POINT('',(2.268298199451E-03,-0.3789));
#4676 = VECTOR('',#4677,1.);
#4677 = DIRECTION('',(0.,1.));
#4678 = ( GEOMETRIC_REPRESENTATION_CONTEXT(2) 
PARAMETRIC_REPRESENTATION_CONTEXT() REPRESENTATION_CONTEXT('2D SPACE',''
  ) );
#4679 = PCURVE('',#4680,#4685);
#4680 = PLANE('',#4681);
#4681 = AXIS2_PLACEMENT_3D('',#4682,#4683,#4684);
#4682 = CARTESIAN_POINT('',(0.1289,-2.3E-02,0.));
#4683 = DIRECTION('',(0.,0.108334541838,0.994114493931));
#4684 = DIRECTION('',(0.,0.994114493931,-0.108334541838));
#4685 = DEFINITIONAL_REPRESENTATION('',(#4686),#4690);
#4686 = LINE('',#4687,#4688);
#4687 = CARTESIAN_POINT('',(0.,-0.3789));
#4688 = VECTOR('',#4689,1.);
#4689 = DIRECTION('',(0.,1.));
#4690 = ( GEOMETRIC_REPRESENTATION_CONTEXT(2) 
PARAMETRIC_REPRESENTATION_CONTEXT() REPRESENTATION_CONTEXT('2D SPACE',''
  ) );
#4691 = ORIENTED_EDGE('',*,*,#4692,.F.);
#4692 = EDGE_CURVE('',#4693,#4665,#4695,.T.);
#4693 = VERTEX_POINT('',#4694);
#4694 = CARTESIAN_POINT('',(-0.25,-2.525494811663E-02,
    -2.457350461903E-04));
#4695 = SURFACE_CURVE('',#4696,(#4700,#4707),.PCURVE_S1.);
#4696 = LINE('',#4697,#4698);
#4697 = CARTESIAN_POINT('',(-0.25,-2.525494811663E-02,
    -2.457350461903E-04));
#4698 = VECTOR('',#4699,1.);
#4699 = DIRECTION('',(0.,0.994114493931,0.108334541838));
#4700 = PCURVE('',#4640,#4701);
#4701 = DEFINITIONAL_REPRESENTATION('',(#4702),#4706);
#4702 = LINE('',#4703,#4704);
#4703 = CARTESIAN_POINT('',(0.,0.3789));
#4704 = VECTOR('',#4705,1.);
#4705 = DIRECTION('',(1.,0.));
#4706 = ( GEOMETRIC_REPRESENTATION_CONTEXT(2) 
PARAMETRIC_REPRESENTATION_CONTEXT() REPRESENTATION_CONTEXT('2D SPACE',''
  ) );
#4707 = PCURVE('',#4708,#4713);
#4708 = PLANE('',#4709);
#4709 = AXIS2_PLACEMENT_3D('',#4710,#4711,#4712);
#4710 = CARTESIAN_POINT('',(-0.25,-2.3E-02,-6.E-03));
#4711 = DIRECTION('',(-1.,0.,0.));
#4712 = DIRECTION('',(0.,0.,1.));
#4713 = DEFINITIONAL_REPRESENTATION('',(#4714),#4718);
#4714 = LINE('',#4715,#4716);
#4715 = CARTESIAN_POINT('',(5.75426495381E-03,-2.254948116633E-03));
#4716 = VECTOR('',#4717,1.);
#4717 = DIRECTION('',(0.108334541838,0.994114493931));
#4718 = ( GEOMETRIC_REPRESENTATION_CONTEXT(2) 
PARAMETRIC_REPRESENTATION_CONTEXT() REPRESENTATION_CONTEXT('2D SPACE',''
  ) );
#4719 = ORIENTED_EDGE('',*,*,#4720,.T.);
#4720 = EDGE_CURVE('',#4693,#4630,#4721,.T.);
#4721 = SURFACE_CURVE('',#4722,(#4726,#4733),.PCURVE_S1.);
#4722 = LINE('',#4723,#4724);
#4723 = CARTESIAN_POINT('',(-0.25,-2.525494811663E-02,
    -2.457350461903E-04));
#4724 = VECTOR('',#4725,1.);
#4725 = DIRECTION('',(1.,0.,0.));
#4726 = PCURVE('',#4640,#4727);
#4727 = DEFINITIONAL_REPRESENTATION('',(#4728),#4732);
#4728 = LINE('',#4729,#4730);
#4729 = CARTESIAN_POINT('',(0.,0.3789));
#4730 = VECTOR('',#4731,1.);
#4731 = DIRECTION('',(0.,-1.));
#4732 = ( GEOMETRIC_REPRESENTATION_CONTEXT(2) 
PARAMETRIC_REPRESENTATION_CONTEXT() REPRESENTATION_CONTEXT('2D SPACE',''
  ) );
#4733 = PCURVE('',#4734,#4739);
#4734 = PLANE('',#4735);
#4735 = AXIS2_PLACEMENT_3D('',#4736,#4737,#4738);
#4736 = CARTESIAN_POINT('',(0.1289,-2.685330590605E-02,
    -9.713745671526E-04));
#4737 = DIRECTION('',(0.,-0.413384236942,0.910556682831));
#4738 = DIRECTION('',(0.,0.910556682831,0.413384236942));
#4739 = DEFINITIONAL_REPRESENTATION('',(#4740),#4744);
#4740 = LINE('',#4741,#4742);
#4741 = CARTESIAN_POINT('',(1.755363306376E-03,0.3789));
#4742 = VECTOR('',#4743,1.);
#4743 = DIRECTION('',(0.,-1.));
#4744 = ( GEOMETRIC_REPRESENTATION_CONTEXT(2) 
PARAMETRIC_REPRESENTATION_CONTEXT() REPRESENTATION_CONTEXT('2D SPACE',''
  ) );
#4745 = ADVANCED_FACE('',(#4746),#4734,.T.);
#4746 = FACE_BOUND('',#4747,.T.);
#4747 = EDGE_LOOP('',(#4748,#4771,#4772,#4795));
#4748 = ORIENTED_EDGE('',*,*,#4749,.T.);
#4749 = EDGE_CURVE('',#4750,#4630,#4752,.T.);
#4750 = VERTEX_POINT('',#4751);
#4751 = CARTESIAN_POINT('',(0.5078,-2.685330590605E-02,
    -9.713745671526E-04));
#4752 = SURFACE_CURVE('',#4753,(#4757,#4764),.PCURVE_S1.);
#4753 = LINE('',#4754,#4755);
#4754 = CARTESIAN_POINT('',(0.5078,-2.685330590605E-02,
    -9.713745671526E-04));
#4755 = VECTOR('',#4756,1.);
#4756 = DIRECTION('',(0.,0.910556682831,0.413384236942));
#4757 = PCURVE('',#4734,#4758);
#4758 = DEFINITIONAL_REPRESENTATION('',(#4759),#4763);
#4759 = LINE('',#4760,#4761);
#4760 = CARTESIAN_POINT('',(0.,-0.3789));
#4761 = VECTOR('',#4762,1.);
#4762 = DIRECTION('',(1.,0.));
#4763 = ( GEOMETRIC_REPRESENTATION_CONTEXT(2) 
PARAMETRIC_REPRESENTATION_CONTEXT() REPRESENTATION_CONTEXT('2D SPACE',''
  ) );
#4764 = PCURVE('',#4652,#4765);
#4765 = DEFINITIONAL_REPRESENTATION('',(#4766),#4770);
#4766 = LINE('',#4767,#4768);
#4767 = CARTESIAN_POINT('',(5.028625432847E-03,-3.85330590605E-03));
#4768 = VECTOR('',#4769,1.);
#4769 = DIRECTION('',(0.413384236942,0.910556682831));
#4770 = ( GEOMETRIC_REPRESENTATION_CONTEXT(2) 
PARAMETRIC_REPRESENTATION_CONTEXT() REPRESENTATION_CONTEXT('2D SPACE',''
  ) );
#4771 = ORIENTED_EDGE('',*,*,#4720,.F.);
#4772 = ORIENTED_EDGE('',*,*,#4773,.F.);
#4773 = EDGE_CURVE('',#4774,#4693,#4776,.T.);
#4774 = VERTEX_POINT('',#4775);
#4775 = CARTESIAN_POINT('',(-0.25,-2.685330590605E-02,
    -9.713745671526E-04));
#4776 = SURFACE_CURVE('',#4777,(#4781,#4788),.PCURVE_S1.);
#4777 = LINE('',#4778,#4779);
#4778 = CARTESIAN_POINT('',(-0.25,-2.685330590605E-02,
    -9.713745671526E-04));
#4779 = VECTOR('',#4780,1.);
#4780 = DIRECTION('',(0.,0.910556682831,0.413384236942));
#4781 = PCURVE('',#4734,#4782);
#4782 = DEFINITIONAL_REPRESENTATION('',(#4783),#4787);
#4783 = LINE('',#4784,#4785);
#4784 = CARTESIAN_POINT('',(0.,0.3789));
#4785 = VECTOR('',#4786,1.);
#4786 = DIRECTION('',(1.,0.));
#4787 = ( GEOMETRIC_REPRESENTATION_CONTEXT(2) 
PARAMETRIC_REPRESENTATION_CONTEXT() REPRESENTATION_CONTEXT('2D SPACE',''
  ) );
#4788 = PCURVE('',#4708,#4789);
#4789 = DEFINITIONAL_REPRESENTATION('',(#4790),#4794);
#4790 = LINE('',#4791,#4792);
#4791 = CARTESIAN_POINT('',(5.028625432847E-03,-3.85330590605E-03));
#4792 = VECTOR('',#4793,1.);
#4793 = DIRECTION('',(0.413384236942,0.910556682831));
#4794 = ( GEOMETRIC_REPRESENTATION_CONTEXT(2) 
PARAMETRIC_REPRESENTATION_CONTEXT() REPRESENTATION_CONTEXT('2D SPACE',''
  ) );
#4795 = ORIENTED_EDGE('',*,*,#4796,.T.);
#4796 = EDGE_CURVE('',#4774,#4750,#4797,.T.);
#4797 = SURFACE_CURVE('',#4798,(#4802,#4809),.PCURVE_S1.);
#4798 = LINE('',#4799,#4800);
#4799 = CARTESIAN_POINT('',(-0.25,-2.685330590605E-02,
    -9.713745671526E-04));
#4800 = VECTOR('',#4801,1.);
#4801 = DIRECTION('',(1.,0.,0.));
#4802 = PCURVE('',#4734,#4803);
#4803 = DEFINITIONAL_REPRESENTATION('',(#4804),#4808);
#4804 = LINE('',#4805,#4806);
#4805 = CARTESIAN_POINT('',(0.,0.3789));
#4806 = VECTOR('',#4807,1.);
#4807 = DIRECTION('',(0.,-1.));
#4808 = ( GEOMETRIC_REPRESENTATION_CONTEXT(2) 
PARAMETRIC_REPRESENTATION_CONTEXT() REPRESENTATION_CONTEXT('2D SPACE',''
  ) );
#4809 = PCURVE('',#4810,#4815);
#4810 = PLANE('',#4811);
#4811 = AXIS2_PLACEMENT_3D('',#4812,#4813,#4814);
#4812 = CARTESIAN_POINT('',(0.1289,-2.802862543285E-02,
    -2.14669409395E-03));
#4813 = DIRECTION('',(0.,-0.707106781187,0.707106781187));
#4814 = DIRECTION('',(0.,0.707106781187,0.707106781187));
#4815 = DEFINITIONAL_REPRESENTATION('',(#4816),#4820);
#4816 = LINE('',#4817,#4818);
#4817 = CARTESIAN_POINT('',(1.662152814919E-03,0.3789));
#4818 = VECTOR('',#4819,1.);
#4819 = DIRECTION('',(0.,-1.));
#4820 = ( GEOMETRIC_REPRESENTATION_CONTEXT(2) 
PARAMETRIC_REPRESENTATION_CONTEXT() REPRESENTATION_CONTEXT('2D SPACE',''
  ) );
#4821 = ADVANCED_FACE('',(#4822),#4810,.T.);
#4822 = FACE_BOUND('',#4823,.T.);
#4823 = EDGE_LOOP('',(#4824,#4847,#4848,#4871));
#4824 = ORIENTED_EDGE('',*,*,#4825,.T.);
#4825 = EDGE_CURVE('',#4826,#4750,#4828,.T.);
#4826 = VERTEX_POINT('',#4827);
#4827 = CARTESIAN_POINT('',(0.5078,-2.802862543285E-02,
    -2.14669409395E-03));
#4828 = SURFACE_CURVE('',#4829,(#4833,#4840),.PCURVE_S1.);
#4829 = LINE('',#4830,#4831);
#4830 = CARTESIAN_POINT('',(0.5078,-2.802862543285E-02,
    -2.14669409395E-03));
#4831 = VECTOR('',#4832,1.);
#4832 = DIRECTION('',(0.,0.707106781187,0.707106781187));
#4833 = PCURVE('',#4810,#4834);
#4834 = DEFINITIONAL_REPRESENTATION('',(#4835),#4839);
#4835 = LINE('',#4836,#4837);
#4836 = CARTESIAN_POINT('',(0.,-0.3789));
#4837 = VECTOR('',#4838,1.);
#4838 = DIRECTION('',(1.,0.));
#4839 = ( GEOMETRIC_REPRESENTATION_CONTEXT(2) 
PARAMETRIC_REPRESENTATION_CONTEXT() REPRESENTATION_CONTEXT('2D SPACE',''
  ) );
#4840 = PCURVE('',#4652,#4841);
#4841 = DEFINITIONAL_REPRESENTATION('',(#4842),#4846);
#4842 = LINE('',#4843,#4844);
#4843 = CARTESIAN_POINT('',(3.85330590605E-03,-5.028625432847E-03));
#4844 = VECTOR('',#4845,1.);
#4845 = DIRECTION('',(0.707106781187,0.707106781187));
#4846 = ( GEOMETRIC_REPRESENTATION_CONTEXT(2) 
PARAMETRIC_REPRESENTATION_CONTEXT() REPRESENTATION_CONTEXT('2D SPACE',''
  ) );
#4847 = ORIENTED_EDGE('',*,*,#4796,.F.);
#4848 = ORIENTED_EDGE('',*,*,#4849,.F.);
#4849 = EDGE_CURVE('',#4850,#4774,#4852,.T.);
#4850 = VERTEX_POINT('',#4851);
#4851 = CARTESIAN_POINT('',(-0.25,-2.802862543285E-02,-2.14669409395E-03
    ));
#4852 = SURFACE_CURVE('',#4853,(#4857,#4864),.PCURVE_S1.);
#4853 = LINE('',#4854,#4855);
#4854 = CARTESIAN_POINT('',(-0.25,-2.802862543285E-02,-2.14669409395E-03
    ));
#4855 = VECTOR('',#4856,1.);
#4856 = DIRECTION('',(0.,0.707106781187,0.707106781187));
#4857 = PCURVE('',#4810,#4858);
#4858 = DEFINITIONAL_REPRESENTATION('',(#4859),#4863);
#4859 = LINE('',#4860,#4861);
#4860 = CARTESIAN_POINT('',(0.,0.3789));
#4861 = VECTOR('',#4862,1.);
#4862 = DIRECTION('',(1.,0.));
#4863 = ( GEOMETRIC_REPRESENTATION_CONTEXT(2) 
PARAMETRIC_REPRESENTATION_CONTEXT() REPRESENTATION_CONTEXT('2D SPACE',''
  ) );
#4864 = PCURVE('',#4708,#4865);
#4865 = DEFINITIONAL_REPRESENTATION('',(#4866),#4870);
#4866 = LINE('',#4867,#4868);
#4867 = CARTESIAN_POINT('',(3.85330590605E-03,-5.028625432847E-03));
#4868 = VECTOR('',#4869,1.);
#4869 = DIRECTION('',(0.707106781187,0.707106781187));
#4870 = ( GEOMETRIC_REPRESENTATION_CONTEXT(2) 
PARAMETRIC_REPRESENTATION_CONTEXT() REPRESENTATION_CONTEXT('2D SPACE',''
  ) );
#4871 = ORIENTED_EDGE('',*,*,#4872,.T.);
#4872 = EDGE_CURVE('',#4850,#4826,#4873,.T.);
#4873 = SURFACE_CURVE('',#4874,(#4878,#4885),.PCURVE_S1.);
#4874 = LINE('',#4875,#4876);
#4875 = CARTESIAN_POINT('',(-0.25,-2.802862543285E-02,-2.14669409395E-03
    ));
#4876 = VECTOR('',#4877,1.);
#4877 = DIRECTION('',(1.,0.,0.));
#4878 = PCURVE('',#4810,#4879);
#4879 = DEFINITIONAL_REPRESENTATION('',(#4880),#4884);
#4880 = LINE('',#4881,#4882);
#4881 = CARTESIAN_POINT('',(0.,0.3789));
#4882 = VECTOR('',#4883,1.);
#4883 = DIRECTION('',(0.,-1.));
#4884 = ( GEOMETRIC_REPRESENTATION_CONTEXT(2) 
PARAMETRIC_REPRESENTATION_CONTEXT() REPRESENTATION_CONTEXT('2D SPACE',''
  ) );
#4885 = PCURVE('',#4886,#4891);
#4886 = PLANE('',#4887);
#4887 = AXIS2_PLACEMENT_3D('',#4888,#4889,#4890);
#4888 = CARTESIAN_POINT('',(0.1289,-2.875426495381E-02,
    -3.745051883367E-03));
#4889 = DIRECTION('',(0.,-0.910556682831,0.413384236942));
#4890 = DIRECTION('',(0.,0.413384236942,0.910556682831));
#4891 = DEFINITIONAL_REPRESENTATION('',(#4892),#4896);
#4892 = LINE('',#4893,#4894);
#4893 = CARTESIAN_POINT('',(1.755363306376E-03,0.3789));
#4894 = VECTOR('',#4895,1.);
#4895 = DIRECTION('',(0.,-1.));
#4896 = ( GEOMETRIC_REPRESENTATION_CONTEXT(2) 
PARAMETRIC_REPRESENTATION_CONTEXT() REPRESENTATION_CONTEXT('2D SPACE',''
  ) );
#4897 = ADVANCED_FACE('',(#4898),#4886,.T.);
#4898 = FACE_BOUND('',#4899,.T.);
#4899 = EDGE_LOOP('',(#4900,#4930,#4951,#4952));
#4900 = ORIENTED_EDGE('',*,*,#4901,.F.);
#4901 = EDGE_CURVE('',#4902,#4904,#4906,.T.);
#4902 = VERTEX_POINT('',#4903);
#4903 = CARTESIAN_POINT('',(0.5078,-2.875426495381E-02,
    -3.745051883367E-03));
#4904 = VERTEX_POINT('',#4905);
#4905 = CARTESIAN_POINT('',(-0.25,-2.875426495381E-02,
    -3.745051883367E-03));
#4906 = SURFACE_CURVE('',#4907,(#4911,#4918),.PCURVE_S1.);
#4907 = LINE('',#4908,#4909);
#4908 = CARTESIAN_POINT('',(0.5078,-2.875426495381E-02,
    -3.745051883367E-03));
#4909 = VECTOR('',#4910,1.);
#4910 = DIRECTION('',(-1.,0.,0.));
#4911 = PCURVE('',#4886,#4912);
#4912 = DEFINITIONAL_REPRESENTATION('',(#4913),#4917);
#4913 = LINE('',#4914,#4915);
#4914 = CARTESIAN_POINT('',(0.,-0.3789));
#4915 = VECTOR('',#4916,1.);
#4916 = DIRECTION('',(0.,1.));
#4917 = ( GEOMETRIC_REPRESENTATION_CONTEXT(2) 
PARAMETRIC_REPRESENTATION_CONTEXT() REPRESENTATION_CONTEXT('2D SPACE',''
  ) );
#4918 = PCURVE('',#4919,#4924);
#4919 = PLANE('',#4920);
#4920 = AXIS2_PLACEMENT_3D('',#4921,#4922,#4923);
#4921 = CARTESIAN_POINT('',(0.1289,-2.9E-02,-6.E-03));
#4922 = DIRECTION('',(0.,-0.994114493932,0.108334541838));
#4923 = DIRECTION('',(0.,0.108334541838,0.994114493932));
#4924 = DEFINITIONAL_REPRESENTATION('',(#4925),#4929);
#4925 = LINE('',#4926,#4927);
#4926 = CARTESIAN_POINT('',(2.268298199452E-03,-0.3789));
#4927 = VECTOR('',#4928,1.);
#4928 = DIRECTION('',(0.,1.));
#4929 = ( GEOMETRIC_REPRESENTATION_CONTEXT(2) 
PARAMETRIC_REPRESENTATION_CONTEXT() REPRESENTATION_CONTEXT('2D SPACE',''
  ) );
#4930 = ORIENTED_EDGE('',*,*,#4931,.T.);
#4931 = EDGE_CURVE('',#4902,#4826,#4932,.T.);
#4932 = SURFACE_CURVE('',#4933,(#4937,#4944),.PCURVE_S1.);
#4933 = LINE('',#4934,#4935);
#4934 = CARTESIAN_POINT('',(0.5078,-2.875426495381E-02,
    -3.745051883367E-03));
#4935 = VECTOR('',#4936,1.);
#4936 = DIRECTION('',(0.,0.413384236942,0.910556682831));
#4937 = PCURVE('',#4886,#4938);
#4938 = DEFINITIONAL_REPRESENTATION('',(#4939),#4943);
#4939 = LINE('',#4940,#4941);
#4940 = CARTESIAN_POINT('',(0.,-0.3789));
#4941 = VECTOR('',#4942,1.);
#4942 = DIRECTION('',(1.,0.));
#4943 = ( GEOMETRIC_REPRESENTATION_CONTEXT(2) 
PARAMETRIC_REPRESENTATION_CONTEXT() REPRESENTATION_CONTEXT('2D SPACE',''
  ) );
#4944 = PCURVE('',#4652,#4945);
#4945 = DEFINITIONAL_REPRESENTATION('',(#4946),#4950);
#4946 = LINE('',#4947,#4948);
#4947 = CARTESIAN_POINT('',(2.254948116633E-03,-5.75426495381E-03));
#4948 = VECTOR('',#4949,1.);
#4949 = DIRECTION('',(0.910556682831,0.413384236942));
#4950 = ( GEOMETRIC_REPRESENTATION_CONTEXT(2) 
PARAMETRIC_REPRESENTATION_CONTEXT() REPRESENTATION_CONTEXT('2D SPACE',''
  ) );
#4951 = ORIENTED_EDGE('',*,*,#4872,.F.);
#4952 = ORIENTED_EDGE('',*,*,#4953,.F.);
#4953 = EDGE_CURVE('',#4904,#4850,#4954,.T.);
#4954 = SURFACE_CURVE('',#4955,(#4959,#4966),.PCURVE_S1.);
#4955 = LINE('',#4956,#4957);
#4956 = CARTESIAN_POINT('',(-0.25,-2.875426495381E-02,
    -3.745051883367E-03));
#4957 = VECTOR('',#4958,1.);
#4958 = DIRECTION('',(0.,0.413384236942,0.910556682831));
#4959 = PCURVE('',#4886,#4960);
#4960 = DEFINITIONAL_REPRESENTATION('',(#4961),#4965);
#4961 = LINE('',#4962,#4963);
#4962 = CARTESIAN_POINT('',(0.,0.3789));
#4963 = VECTOR('',#4964,1.);
#4964 = DIRECTION('',(1.,0.));
#4965 = ( GEOMETRIC_REPRESENTATION_CONTEXT(2) 
PARAMETRIC_REPRESENTATION_CONTEXT() REPRESENTATION_CONTEXT('2D SPACE',''
  ) );
#4966 = PCURVE('',#4708,#4967);
#4967 = DEFINITIONAL_REPRESENTATION('',(#4968),#4972);
#4968 = LINE('',#4969,#4970);
#4969 = CARTESIAN_POINT('',(2.254948116633E-03,-5.75426495381E-03));
#4970 = VECTOR('',#4971,1.);
#4971 = DIRECTION('',(0.910556682831,0.413384236942));
#4972 = ( GEOMETRIC_REPRESENTATION_CONTEXT(2) 
PARAMETRIC_REPRESENTATION_CONTEXT() REPRESENTATION_CONTEXT('2D SPACE',''
  ) );
#4973 = ADVANCED_FACE('',(#4974),#4919,.T.);
#4974 = FACE_BOUND('',#4975,.T.);
#4975 = EDGE_LOOP('',(#4976,#5006,#5027,#5028));
#4976 = ORIENTED_EDGE('',*,*,#4977,.F.);
#4977 = EDGE_CURVE('',#4978,#4980,#4982,.T.);
#4978 = VERTEX_POINT('',#4979);
#4979 = CARTESIAN_POINT('',(0.5078,-2.9E-02,-6.E-03));
#4980 = VERTEX_POINT('',#4981);
#4981 = CARTESIAN_POINT('',(-0.25,-2.9E-02,-6.E-03));
#4982 = SURFACE_CURVE('',#4983,(#4987,#4994),.PCURVE_S1.);
#4983 = LINE('',#4984,#4985);
#4984 = CARTESIAN_POINT('',(0.5078,-2.9E-02,-6.E-03));
#4985 = VECTOR('',#4986,1.);
#4986 = DIRECTION('',(-1.,0.,0.));
#4987 = PCURVE('',#4919,#4988);
#4988 = DEFINITIONAL_REPRESENTATION('',(#4989),#4993);
#4989 = LINE('',#4990,#4991);
#4990 = CARTESIAN_POINT('',(0.,-0.3789));
#4991 = VECTOR('',#4992,1.);
#4992 = DIRECTION('',(0.,1.));
#4993 = ( GEOMETRIC_REPRESENTATION_CONTEXT(2) 
PARAMETRIC_REPRESENTATION_CONTEXT() REPRESENTATION_CONTEXT('2D SPACE',''
  ) );
#4994 = PCURVE('',#4995,#5000);
#4995 = PLANE('',#4996);
#4996 = AXIS2_PLACEMENT_3D('',#4997,#4998,#4999);
#4997 = CARTESIAN_POINT('',(0.1289,-2.875426495381E-02,
    -8.254948116633E-03));
#4998 = DIRECTION('',(-0.,-0.994114493931,-0.108334541838));
#4999 = DIRECTION('',(0.,-0.108334541838,0.994114493931));
#5000 = DEFINITIONAL_REPRESENTATION('',(#5001),#5005);
#5001 = LINE('',#5002,#5003);
#5002 = CARTESIAN_POINT('',(2.268298199451E-03,-0.3789));
#5003 = VECTOR('',#5004,1.);
#5004 = DIRECTION('',(0.,1.));
#5005 = ( GEOMETRIC_REPRESENTATION_CONTEXT(2) 
PARAMETRIC_REPRESENTATION_CONTEXT() REPRESENTATION_CONTEXT('2D SPACE',''
  ) );
#5006 = ORIENTED_EDGE('',*,*,#5007,.T.);
#5007 = EDGE_CURVE('',#4978,#4902,#5008,.T.);
#5008 = SURFACE_CURVE('',#5009,(#5013,#5020),.PCURVE_S1.);
#5009 = LINE('',#5010,#5011);
#5010 = CARTESIAN_POINT('',(0.5078,-2.9E-02,-6.E-03));
#5011 = VECTOR('',#5012,1.);
#5012 = DIRECTION('',(0.,0.108334541838,0.994114493932));
#5013 = PCURVE('',#4919,#5014);
#5014 = DEFINITIONAL_REPRESENTATION('',(#5015),#5019);
#5015 = LINE('',#5016,#5017);
#5016 = CARTESIAN_POINT('',(0.,-0.3789));
#5017 = VECTOR('',#5018,1.);
#5018 = DIRECTION('',(1.,0.));
#5019 = ( GEOMETRIC_REPRESENTATION_CONTEXT(2) 
PARAMETRIC_REPRESENTATION_CONTEXT() REPRESENTATION_CONTEXT('2D SPACE',''
  ) );
#5020 = PCURVE('',#4652,#5021);
#5021 = DEFINITIONAL_REPRESENTATION('',(#5022),#5026);
#5022 = LINE('',#5023,#5024);
#5023 = CARTESIAN_POINT('',(-4.61885199818E-16,-6.E-03));
#5024 = VECTOR('',#5025,1.);
#5025 = DIRECTION('',(0.994114493932,0.108334541838));
#5026 = ( GEOMETRIC_REPRESENTATION_CONTEXT(2) 
PARAMETRIC_REPRESENTATION_CONTEXT() REPRESENTATION_CONTEXT('2D SPACE',''
  ) );
#5027 = ORIENTED_EDGE('',*,*,#4901,.T.);
#5028 = ORIENTED_EDGE('',*,*,#5029,.F.);
#5029 = EDGE_CURVE('',#4980,#4904,#5030,.T.);
#5030 = SURFACE_CURVE('',#5031,(#5035,#5042),.PCURVE_S1.);
#5031 = LINE('',#5032,#5033);
#5032 = CARTESIAN_POINT('',(-0.25,-2.9E-02,-6.E-03));
#5033 = VECTOR('',#5034,1.);
#5034 = DIRECTION('',(0.,0.108334541838,0.994114493932));
#5035 = PCURVE('',#4919,#5036);
#5036 = DEFINITIONAL_REPRESENTATION('',(#5037),#5041);
#5037 = LINE('',#5038,#5039);
#5038 = CARTESIAN_POINT('',(0.,0.3789));
#5039 = VECTOR('',#5040,1.);
#5040 = DIRECTION('',(1.,0.));
#5041 = ( GEOMETRIC_REPRESENTATION_CONTEXT(2) 
PARAMETRIC_REPRESENTATION_CONTEXT() REPRESENTATION_CONTEXT('2D SPACE',''
  ) );
#5042 = PCURVE('',#4708,#5043);
#5043 = DEFINITIONAL_REPRESENTATION('',(#5044),#5048);
#5044 = LINE('',#5045,#5046);
#5045 = CARTESIAN_POINT('',(-4.61885199818E-16,-6.E-03));
#5046 = VECTOR('',#5047,1.);
#5047 = DIRECTION('',(0.994114493932,0.108334541838));
#5048 = ( GEOMETRIC_REPRESENTATION_CONTEXT(2) 
PARAMETRIC_REPRESENTATION_CONTEXT() REPRESENTATION_CONTEXT('2D SPACE',''
  ) );
#5049 = ADVANCED_FACE('',(#5050),#4995,.T.);
#5050 = FACE_BOUND('',#5051,.T.);
#5051 = EDGE_LOOP('',(#5052,#5082,#5103,#5104));
#5052 = ORIENTED_EDGE('',*,*,#5053,.F.);
#5053 = EDGE_CURVE('',#5054,#5056,#5058,.T.);
#5054 = VERTEX_POINT('',#5055);
#5055 = CARTESIAN_POINT('',(0.5078,-2.875426495381E-02,
    -8.254948116633E-03));
#5056 = VERTEX_POINT('',#5057);
#5057 = CARTESIAN_POINT('',(-0.25,-2.875426495381E-02,
    -8.254948116633E-03));
#5058 = SURFACE_CURVE('',#5059,(#5063,#5070),.PCURVE_S1.);
#5059 = LINE('',#5060,#5061);
#5060 = CARTESIAN_POINT('',(0.5078,-2.875426495381E-02,
    -8.254948116633E-03));
#5061 = VECTOR('',#5062,1.);
#5062 = DIRECTION('',(-1.,0.,0.));
#5063 = PCURVE('',#4995,#5064);
#5064 = DEFINITIONAL_REPRESENTATION('',(#5065),#5069);
#5065 = LINE('',#5066,#5067);
#5066 = CARTESIAN_POINT('',(0.,-0.3789));
#5067 = VECTOR('',#5068,1.);
#5068 = DIRECTION('',(0.,1.));
#5069 = ( GEOMETRIC_REPRESENTATION_CONTEXT(2) 
PARAMETRIC_REPRESENTATION_CONTEXT() REPRESENTATION_CONTEXT('2D SPACE',''
  ) );
#5070 = PCURVE('',#5071,#5076);
#5071 = PLANE('',#5072);
#5072 = AXIS2_PLACEMENT_3D('',#5073,#5074,#5075);
#5073 = CARTESIAN_POINT('',(0.1289,-2.802862543285E-02,
    -9.85330590605E-03));
#5074 = DIRECTION('',(-0.,-0.910556682831,-0.413384236942));
#5075 = DIRECTION('',(0.,-0.413384236942,0.910556682831));
#5076 = DEFINITIONAL_REPRESENTATION('',(#5077),#5081);
#5077 = LINE('',#5078,#5079);
#5078 = CARTESIAN_POINT('',(1.755363306376E-03,-0.3789));
#5079 = VECTOR('',#5080,1.);
#5080 = DIRECTION('',(0.,1.));
#5081 = ( GEOMETRIC_REPRESENTATION_CONTEXT(2) 
PARAMETRIC_REPRESENTATION_CONTEXT() REPRESENTATION_CONTEXT('2D SPACE',''
  ) );
#5082 = ORIENTED_EDGE('',*,*,#5083,.T.);
#5083 = EDGE_CURVE('',#5054,#4978,#5084,.T.);
#5084 = SURFACE_CURVE('',#5085,(#5089,#5096),.PCURVE_S1.);
#5085 = LINE('',#5086,#5087);
#5086 = CARTESIAN_POINT('',(0.5078,-2.875426495381E-02,
    -8.254948116633E-03));
#5087 = VECTOR('',#5088,1.);
#5088 = DIRECTION('',(0.,-0.108334541838,0.994114493931));
#5089 = PCURVE('',#4995,#5090);
#5090 = DEFINITIONAL_REPRESENTATION('',(#5091),#5095);
#5091 = LINE('',#5092,#5093);
#5092 = CARTESIAN_POINT('',(0.,-0.3789));
#5093 = VECTOR('',#5094,1.);
#5094 = DIRECTION('',(1.,0.));
#5095 = ( GEOMETRIC_REPRESENTATION_CONTEXT(2) 
PARAMETRIC_REPRESENTATION_CONTEXT() REPRESENTATION_CONTEXT('2D SPACE',''
  ) );
#5096 = PCURVE('',#4652,#5097);
#5097 = DEFINITIONAL_REPRESENTATION('',(#5098),#5102);
#5098 = LINE('',#5099,#5100);
#5099 = CARTESIAN_POINT('',(-2.254948116633E-03,-5.75426495381E-03));
#5100 = VECTOR('',#5101,1.);
#5101 = DIRECTION('',(0.994114493931,-0.108334541838));
#5102 = ( GEOMETRIC_REPRESENTATION_CONTEXT(2) 
PARAMETRIC_REPRESENTATION_CONTEXT() REPRESENTATION_CONTEXT('2D SPACE',''
  ) );
#5103 = ORIENTED_EDGE('',*,*,#4977,.T.);
#5104 = ORIENTED_EDGE('',*,*,#5105,.F.);
#5105 = EDGE_CURVE('',#5056,#4980,#5106,.T.);
#5106 = SURFACE_CURVE('',#5107,(#5111,#5118),.PCURVE_S1.);
#5107 = LINE('',#5108,#5109);
#5108 = CARTESIAN_POINT('',(-0.25,-2.875426495381E-02,
    -8.254948116633E-03));
#5109 = VECTOR('',#5110,1.);
#5110 = DIRECTION('',(0.,-0.108334541838,0.994114493931));
#5111 = PCURVE('',#4995,#5112);
#5112 = DEFINITIONAL_REPRESENTATION('',(#5113),#5117);
#5113 = LINE('',#5114,#5115);
#5114 = CARTESIAN_POINT('',(0.,0.3789));
#5115 = VECTOR('',#5116,1.);
#5116 = DIRECTION('',(1.,0.));
#5117 = ( GEOMETRIC_REPRESENTATION_CONTEXT(2) 
PARAMETRIC_REPRESENTATION_CONTEXT() REPRESENTATION_CONTEXT('2D SPACE',''
  ) );
#5118 = PCURVE('',#4708,#5119);
#5119 = DEFINITIONAL_REPRESENTATION('',(#5120),#5124);
#5120 = LINE('',#5121,#5122);
#5121 = CARTESIAN_POINT('',(-2.254948116633E-03,-5.75426495381E-03));
#5122 = VECTOR('',#5123,1.);
#5123 = DIRECTION('',(0.994114493931,-0.108334541838));
#5124 = ( GEOMETRIC_REPRESENTATION_CONTEXT(2) 
PARAMETRIC_REPRESENTATION_CONTEXT() REPRESENTATION_CONTEXT('2D SPACE',''
  ) );
#5125 = ADVANCED_FACE('',(#5126),#5071,.T.);
#5126 = FACE_BOUND('',#5127,.T.);
#5127 = EDGE_LOOP('',(#5128,#5158,#5179,#5180));
#5128 = ORIENTED_EDGE('',*,*,#5129,.F.);
#5129 = EDGE_CURVE('',#5130,#5132,#5134,.T.);
#5130 = VERTEX_POINT('',#5131);
#5131 = CARTESIAN_POINT('',(0.5078,-2.802862543285E-02,
    -9.85330590605E-03));
#5132 = VERTEX_POINT('',#5133);
#5133 = CARTESIAN_POINT('',(-0.25,-2.802862543285E-02,-9.85330590605E-03
    ));
#5134 = SURFACE_CURVE('',#5135,(#5139,#5146),.PCURVE_S1.);
#5135 = LINE('',#5136,#5137);
#5136 = CARTESIAN_POINT('',(0.5078,-2.802862543285E-02,
    -9.85330590605E-03));
#5137 = VECTOR('',#5138,1.);
#5138 = DIRECTION('',(-1.,0.,0.));
#5139 = PCURVE('',#5071,#5140);
#5140 = DEFINITIONAL_REPRESENTATION('',(#5141),#5145);
#5141 = LINE('',#5142,#5143);
#5142 = CARTESIAN_POINT('',(0.,-0.3789));
#5143 = VECTOR('',#5144,1.);
#5144 = DIRECTION('',(0.,1.));
#5145 = ( GEOMETRIC_REPRESENTATION_CONTEXT(2) 
PARAMETRIC_REPRESENTATION_CONTEXT() REPRESENTATION_CONTEXT('2D SPACE',''
  ) );
#5146 = PCURVE('',#5147,#5152);
#5147 = PLANE('',#5148);
#5148 = AXIS2_PLACEMENT_3D('',#5149,#5150,#5151);
#5149 = CARTESIAN_POINT('',(0.1289,-2.685330590605E-02,
    -1.102862543285E-02));
#5150 = DIRECTION('',(-0.,-0.707106781187,-0.707106781187));
#5151 = DIRECTION('',(0.,-0.707106781187,0.707106781187));
#5152 = DEFINITIONAL_REPRESENTATION('',(#5153),#5157);
#5153 = LINE('',#5154,#5155);
#5154 = CARTESIAN_POINT('',(1.662152814919E-03,-0.3789));
#5155 = VECTOR('',#5156,1.);
#5156 = DIRECTION('',(0.,1.));
#5157 = ( GEOMETRIC_REPRESENTATION_CONTEXT(2) 
PARAMETRIC_REPRESENTATION_CONTEXT() REPRESENTATION_CONTEXT('2D SPACE',''
  ) );
#5158 = ORIENTED_EDGE('',*,*,#5159,.T.);
#5159 = EDGE_CURVE('',#5130,#5054,#5160,.T.);
#5160 = SURFACE_CURVE('',#5161,(#5165,#5172),.PCURVE_S1.);
#5161 = LINE('',#5162,#5163);
#5162 = CARTESIAN_POINT('',(0.5078,-2.802862543285E-02,
    -9.85330590605E-03));
#5163 = VECTOR('',#5164,1.);
#5164 = DIRECTION('',(0.,-0.413384236942,0.910556682831));
#5165 = PCURVE('',#5071,#5166);
#5166 = DEFINITIONAL_REPRESENTATION('',(#5167),#5171);
#5167 = LINE('',#5168,#5169);
#5168 = CARTESIAN_POINT('',(0.,-0.3789));
#5169 = VECTOR('',#5170,1.);
#5170 = DIRECTION('',(1.,0.));
#5171 = ( GEOMETRIC_REPRESENTATION_CONTEXT(2) 
PARAMETRIC_REPRESENTATION_CONTEXT() REPRESENTATION_CONTEXT('2D SPACE',''
  ) );
#5172 = PCURVE('',#4652,#5173);
#5173 = DEFINITIONAL_REPRESENTATION('',(#5174),#5178);
#5174 = LINE('',#5175,#5176);
#5175 = CARTESIAN_POINT('',(-3.85330590605E-03,-5.028625432847E-03));
#5176 = VECTOR('',#5177,1.);
#5177 = DIRECTION('',(0.910556682831,-0.413384236942));
#5178 = ( GEOMETRIC_REPRESENTATION_CONTEXT(2) 
PARAMETRIC_REPRESENTATION_CONTEXT() REPRESENTATION_CONTEXT('2D SPACE',''
  ) );
#5179 = ORIENTED_EDGE('',*,*,#5053,.T.);
#5180 = ORIENTED_EDGE('',*,*,#5181,.F.);
#5181 = EDGE_CURVE('',#5132,#5056,#5182,.T.);
#5182 = SURFACE_CURVE('',#5183,(#5187,#5194),.PCURVE_S1.);
#5183 = LINE('',#5184,#5185);
#5184 = CARTESIAN_POINT('',(-0.25,-2.802862543285E-02,-9.85330590605E-03
    ));
#5185 = VECTOR('',#5186,1.);
#5186 = DIRECTION('',(0.,-0.413384236942,0.910556682831));
#5187 = PCURVE('',#5071,#5188);
#5188 = DEFINITIONAL_REPRESENTATION('',(#5189),#5193);
#5189 = LINE('',#5190,#5191);
#5190 = CARTESIAN_POINT('',(0.,0.3789));
#5191 = VECTOR('',#5192,1.);
#5192 = DIRECTION('',(1.,0.));
#5193 = ( GEOMETRIC_REPRESENTATION_CONTEXT(2) 
PARAMETRIC_REPRESENTATION_CONTEXT() REPRESENTATION_CONTEXT('2D SPACE',''
  ) );
#5194 = PCURVE('',#4708,#5195);
#5195 = DEFINITIONAL_REPRESENTATION('',(#5196),#5200);
#5196 = LINE('',#5197,#5198);
#5197 = CARTESIAN_POINT('',(-3.85330590605E-03,-5.028625432847E-03));
#5198 = VECTOR('',#5199,1.);
#5199 = DIRECTION('',(0.910556682831,-0.413384236942));
#5200 = ( GEOMETRIC_REPRESENTATION_CONTEXT(2) 
PARAMETRIC_REPRESENTATION_CONTEXT() REPRESENTATION_CONTEXT('2D SPACE',''
  ) );
#5201 = ADVANCED_FACE('',(#5202),#5147,.T.);
#5202 = FACE_BOUND('',#5203,.T.);
#5203 = EDGE_LOOP('',(#5204,#5234,#5255,#5256));
#5204 = ORIENTED_EDGE('',*,*,#5205,.F.);
#5205 = EDGE_CURVE('',#5206,#5208,#5210,.T.);
#5206 = VERTEX_POINT('',#5207);
#5207 = CARTESIAN_POINT('',(0.5078,-2.685330590605E-02,
    -1.102862543285E-02));
#5208 = VERTEX_POINT('',#5209);
#5209 = CARTESIAN_POINT('',(-0.25,-2.685330590605E-02,
    -1.102862543285E-02));
#5210 = SURFACE_CURVE('',#5211,(#5215,#5222),.PCURVE_S1.);
#5211 = LINE('',#5212,#5213);
#5212 = CARTESIAN_POINT('',(0.5078,-2.685330590605E-02,
    -1.102862543285E-02));
#5213 = VECTOR('',#5214,1.);
#5214 = DIRECTION('',(-1.,0.,0.));
#5215 = PCURVE('',#5147,#5216);
#5216 = DEFINITIONAL_REPRESENTATION('',(#5217),#5221);
#5217 = LINE('',#5218,#5219);
#5218 = CARTESIAN_POINT('',(0.,-0.3789));
#5219 = VECTOR('',#5220,1.);
#5220 = DIRECTION('',(0.,1.));
#5221 = ( GEOMETRIC_REPRESENTATION_CONTEXT(2) 
PARAMETRIC_REPRESENTATION_CONTEXT() REPRESENTATION_CONTEXT('2D SPACE',''
  ) );
#5222 = PCURVE('',#5223,#5228);
#5223 = PLANE('',#5224);
#5224 = AXIS2_PLACEMENT_3D('',#5225,#5226,#5227);
#5225 = CARTESIAN_POINT('',(0.1289,-2.525494811663E-02,
    -1.175426495381E-02));
#5226 = DIRECTION('',(-0.,-0.413384236942,-0.910556682831));
#5227 = DIRECTION('',(0.,-0.910556682831,0.413384236942));
#5228 = DEFINITIONAL_REPRESENTATION('',(#5229),#5233);
#5229 = LINE('',#5230,#5231);
#5230 = CARTESIAN_POINT('',(1.755363306376E-03,-0.3789));
#5231 = VECTOR('',#5232,1.);
#5232 = DIRECTION('',(0.,1.));
#5233 = ( GEOMETRIC_REPRESENTATION_CONTEXT(2) 
PARAMETRIC_REPRESENTATION_CONTEXT() REPRESENTATION_CONTEXT('2D SPACE',''
  ) );
#5234 = ORIENTED_EDGE('',*,*,#5235,.T.);
#5235 = EDGE_CURVE('',#5206,#5130,#5236,.T.);
#5236 = SURFACE_CURVE('',#5237,(#5241,#5248),.PCURVE_S1.);
#5237 = LINE('',#5238,#5239);
#5238 = CARTESIAN_POINT('',(0.5078,-2.685330590605E-02,
    -1.102862543285E-02));
#5239 = VECTOR('',#5240,1.);
#5240 = DIRECTION('',(0.,-0.707106781187,0.707106781187));
#5241 = PCURVE('',#5147,#5242);
#5242 = DEFINITIONAL_REPRESENTATION('',(#5243),#5247);
#5243 = LINE('',#5244,#5245);
#5244 = CARTESIAN_POINT('',(0.,-0.3789));
#5245 = VECTOR('',#5246,1.);
#5246 = DIRECTION('',(1.,0.));
#5247 = ( GEOMETRIC_REPRESENTATION_CONTEXT(2) 
PARAMETRIC_REPRESENTATION_CONTEXT() REPRESENTATION_CONTEXT('2D SPACE',''
  ) );
#5248 = PCURVE('',#4652,#5249);
#5249 = DEFINITIONAL_REPRESENTATION('',(#5250),#5254);
#5250 = LINE('',#5251,#5252);
#5251 = CARTESIAN_POINT('',(-5.028625432847E-03,-3.85330590605E-03));
#5252 = VECTOR('',#5253,1.);
#5253 = DIRECTION('',(0.707106781187,-0.707106781187));
#5254 = ( GEOMETRIC_REPRESENTATION_CONTEXT(2) 
PARAMETRIC_REPRESENTATION_CONTEXT() REPRESENTATION_CONTEXT('2D SPACE',''
  ) );
#5255 = ORIENTED_EDGE('',*,*,#5129,.T.);
#5256 = ORIENTED_EDGE('',*,*,#5257,.F.);
#5257 = EDGE_CURVE('',#5208,#5132,#5258,.T.);
#5258 = SURFACE_CURVE('',#5259,(#5263,#5270),.PCURVE_S1.);
#5259 = LINE('',#5260,#5261);
#5260 = CARTESIAN_POINT('',(-0.25,-2.685330590605E-02,
    -1.102862543285E-02));
#5261 = VECTOR('',#5262,1.);
#5262 = DIRECTION('',(0.,-0.707106781187,0.707106781187));
#5263 = PCURVE('',#5147,#5264);
#5264 = DEFINITIONAL_REPRESENTATION('',(#5265),#5269);
#5265 = LINE('',#5266,#5267);
#5266 = CARTESIAN_POINT('',(0.,0.3789));
#5267 = VECTOR('',#5268,1.);
#5268 = DIRECTION('',(1.,0.));
#5269 = ( GEOMETRIC_REPRESENTATION_CONTEXT(2) 
PARAMETRIC_REPRESENTATION_CONTEXT() REPRESENTATION_CONTEXT('2D SPACE',''
  ) );
#5270 = PCURVE('',#4708,#5271);
#5271 = DEFINITIONAL_REPRESENTATION('',(#5272),#5276);
#5272 = LINE('',#5273,#5274);
#5273 = CARTESIAN_POINT('',(-5.028625432847E-03,-3.85330590605E-03));
#5274 = VECTOR('',#5275,1.);
#5275 = DIRECTION('',(0.707106781187,-0.707106781187));
#5276 = ( GEOMETRIC_REPRESENTATION_CONTEXT(2) 
PARAMETRIC_REPRESENTATION_CONTEXT() REPRESENTATION_CONTEXT('2D SPACE',''
  ) );
#5277 = ADVANCED_FACE('',(#5278),#5223,.T.);
#5278 = FACE_BOUND('',#5279,.T.);
#5279 = EDGE_LOOP('',(#5280,#5310,#5331,#5332));
#5280 = ORIENTED_EDGE('',*,*,#5281,.F.);
#5281 = EDGE_CURVE('',#5282,#5284,#5286,.T.);
#5282 = VERTEX_POINT('',#5283);
#5283 = CARTESIAN_POINT('',(0.5078,-2.525494811663E-02,
    -1.175426495381E-02));
#5284 = VERTEX_POINT('',#5285);
#5285 = CARTESIAN_POINT('',(-0.25,-2.525494811663E-02,
    -1.175426495381E-02));
#5286 = SURFACE_CURVE('',#5287,(#5291,#5298),.PCURVE_S1.);
#5287 = LINE('',#5288,#5289);
#5288 = CARTESIAN_POINT('',(0.5078,-2.525494811663E-02,
    -1.175426495381E-02));
#5289 = VECTOR('',#5290,1.);
#5290 = DIRECTION('',(-1.,0.,0.));
#5291 = PCURVE('',#5223,#5292);
#5292 = DEFINITIONAL_REPRESENTATION('',(#5293),#5297);
#5293 = LINE('',#5294,#5295);
#5294 = CARTESIAN_POINT('',(0.,-0.3789));
#5295 = VECTOR('',#5296,1.);
#5296 = DIRECTION('',(0.,1.));
#5297 = ( GEOMETRIC_REPRESENTATION_CONTEXT(2) 
PARAMETRIC_REPRESENTATION_CONTEXT() REPRESENTATION_CONTEXT('2D SPACE',''
  ) );
#5298 = PCURVE('',#5299,#5304);
#5299 = PLANE('',#5300);
#5300 = AXIS2_PLACEMENT_3D('',#5301,#5302,#5303);
#5301 = CARTESIAN_POINT('',(0.1289,-2.3E-02,-1.2E-02));
#5302 = DIRECTION('',(-0.,-0.108334541838,-0.994114493931));
#5303 = DIRECTION('',(0.,-0.994114493931,0.108334541838));
#5304 = DEFINITIONAL_REPRESENTATION('',(#5305),#5309);
#5305 = LINE('',#5306,#5307);
#5306 = CARTESIAN_POINT('',(2.268298199452E-03,-0.3789));
#5307 = VECTOR('',#5308,1.);
#5308 = DIRECTION('',(0.,1.));
#5309 = ( GEOMETRIC_REPRESENTATION_CONTEXT(2) 
PARAMETRIC_REPRESENTATION_CONTEXT() REPRESENTATION_CONTEXT('2D SPACE',''
  ) );
#5310 = ORIENTED_EDGE('',*,*,#5311,.T.);
#5311 = EDGE_CURVE('',#5282,#5206,#5312,.T.);
#5312 = SURFACE_CURVE('',#5313,(#5317,#5324),.PCURVE_S1.);
#5313 = LINE('',#5314,#5315);
#5314 = CARTESIAN_POINT('',(0.5078,-2.525494811663E-02,
    -1.175426495381E-02));
#5315 = VECTOR('',#5316,1.);
#5316 = DIRECTION('',(0.,-0.910556682831,0.413384236942));
#5317 = PCURVE('',#5223,#5318);
#5318 = DEFINITIONAL_REPRESENTATION('',(#5319),#5323);
#5319 = LINE('',#5320,#5321);
#5320 = CARTESIAN_POINT('',(0.,-0.3789));
#5321 = VECTOR('',#5322,1.);
#5322 = DIRECTION('',(1.,0.));
#5323 = ( GEOMETRIC_REPRESENTATION_CONTEXT(2) 
PARAMETRIC_REPRESENTATION_CONTEXT() REPRESENTATION_CONTEXT('2D SPACE',''
  ) );
#5324 = PCURVE('',#4652,#5325);
#5325 = DEFINITIONAL_REPRESENTATION('',(#5326),#5330);
#5326 = LINE('',#5327,#5328);
#5327 = CARTESIAN_POINT('',(-5.75426495381E-03,-2.254948116633E-03));
#5328 = VECTOR('',#5329,1.);
#5329 = DIRECTION('',(0.413384236942,-0.910556682831));
#5330 = ( GEOMETRIC_REPRESENTATION_CONTEXT(2) 
PARAMETRIC_REPRESENTATION_CONTEXT() REPRESENTATION_CONTEXT('2D SPACE',''
  ) );
#5331 = ORIENTED_EDGE('',*,*,#5205,.T.);
#5332 = ORIENTED_EDGE('',*,*,#5333,.F.);
#5333 = EDGE_CURVE('',#5284,#5208,#5334,.T.);
#5334 = SURFACE_CURVE('',#5335,(#5339,#5346),.PCURVE_S1.);
#5335 = LINE('',#5336,#5337);
#5336 = CARTESIAN_POINT('',(-0.25,-2.525494811663E-02,
    -1.175426495381E-02));
#5337 = VECTOR('',#5338,1.);
#5338 = DIRECTION('',(0.,-0.910556682831,0.413384236942));
#5339 = PCURVE('',#5223,#5340);
#5340 = DEFINITIONAL_REPRESENTATION('',(#5341),#5345);
#5341 = LINE('',#5342,#5343);
#5342 = CARTESIAN_POINT('',(0.,0.3789));
#5343 = VECTOR('',#5344,1.);
#5344 = DIRECTION('',(1.,0.));
#5345 = ( GEOMETRIC_REPRESENTATION_CONTEXT(2) 
PARAMETRIC_REPRESENTATION_CONTEXT() REPRESENTATION_CONTEXT('2D SPACE',''
  ) );
#5346 = PCURVE('',#4708,#5347);
#5347 = DEFINITIONAL_REPRESENTATION('',(#5348),#5352);
#5348 = LINE('',#5349,#5350);
#5349 = CARTESIAN_POINT('',(-5.75426495381E-03,-2.254948116633E-03));
#5350 = VECTOR('',#5351,1.);
#5351 = DIRECTION('',(0.413384236942,-0.910556682831));
#5352 = ( GEOMETRIC_REPRESENTATION_CONTEXT(2) 
PARAMETRIC_REPRESENTATION_CONTEXT() REPRESENTATION_CONTEXT('2D SPACE',''
  ) );
#5353 = ADVANCED_FACE('',(#5354),#5299,.T.);
#5354 = FACE_BOUND('',#5355,.T.);
#5355 = EDGE_LOOP('',(#5356,#5386,#5407,#5408));
#5356 = ORIENTED_EDGE('',*,*,#5357,.F.);
#5357 = EDGE_CURVE('',#5358,#5360,#5362,.T.);
#5358 = VERTEX_POINT('',#5359);
#5359 = CARTESIAN_POINT('',(0.5078,-2.3E-02,-1.2E-02));
#5360 = VERTEX_POINT('',#5361);
#5361 = CARTESIAN_POINT('',(-0.25,-2.3E-02,-1.2E-02));
#5362 = SURFACE_CURVE('',#5363,(#5367,#5374),.PCURVE_S1.);
#5363 = LINE('',#5364,#5365);
#5364 = CARTESIAN_POINT('',(0.5078,-2.3E-02,-1.2E-02));
#5365 = VECTOR('',#5366,1.);
#5366 = DIRECTION('',(-1.,0.,0.));
#5367 = PCURVE('',#5299,#5368);
#5368 = DEFINITIONAL_REPRESENTATION('',(#5369),#5373);
#5369 = LINE('',#5370,#5371);
#5370 = CARTESIAN_POINT('',(0.,-0.3789));
#5371 = VECTOR('',#5372,1.);
#5372 = DIRECTION('',(0.,1.));
#5373 = ( GEOMETRIC_REPRESENTATION_CONTEXT(2) 
PARAMETRIC_REPRESENTATION_CONTEXT() REPRESENTATION_CONTEXT('2D SPACE',''
  ) );
#5374 = PCURVE('',#5375,#5380);
#5375 = PLANE('',#5376);
#5376 = AXIS2_PLACEMENT_3D('',#5377,#5378,#5379);
#5377 = CARTESIAN_POINT('',(0.1289,-2.074505188337E-02,
    -1.175426495381E-02));
#5378 = DIRECTION('',(0.,0.108334541838,-0.994114493931));
#5379 = DIRECTION('',(0.,-0.994114493931,-0.108334541838));
#5380 = DEFINITIONAL_REPRESENTATION('',(#5381),#5385);
#5381 = LINE('',#5382,#5383);
#5382 = CARTESIAN_POINT('',(2.268298199451E-03,-0.3789));
#5383 = VECTOR('',#5384,1.);
#5384 = DIRECTION('',(-0.,1.));
#5385 = ( GEOMETRIC_REPRESENTATION_CONTEXT(2) 
PARAMETRIC_REPRESENTATION_CONTEXT() REPRESENTATION_CONTEXT('2D SPACE',''
  ) );
#5386 = ORIENTED_EDGE('',*,*,#5387,.T.);
#5387 = EDGE_CURVE('',#5358,#5282,#5388,.T.);
#5388 = SURFACE_CURVE('',#5389,(#5393,#5400),.PCURVE_S1.);
#5389 = LINE('',#5390,#5391);
#5390 = CARTESIAN_POINT('',(0.5078,-2.3E-02,-1.2E-02));
#5391 = VECTOR('',#5392,1.);
#5392 = DIRECTION('',(0.,-0.994114493931,0.108334541838));
#5393 = PCURVE('',#5299,#5394);
#5394 = DEFINITIONAL_REPRESENTATION('',(#5395),#5399);
#5395 = LINE('',#5396,#5397);
#5396 = CARTESIAN_POINT('',(0.,-0.3789));
#5397 = VECTOR('',#5398,1.);
#5398 = DIRECTION('',(1.,0.));
#5399 = ( GEOMETRIC_REPRESENTATION_CONTEXT(2) 
PARAMETRIC_REPRESENTATION_CONTEXT() REPRESENTATION_CONTEXT('2D SPACE',''
  ) );
#5400 = PCURVE('',#4652,#5401);
#5401 = DEFINITIONAL_REPRESENTATION('',(#5402),#5406);
#5402 = LINE('',#5403,#5404);
#5403 = CARTESIAN_POINT('',(-6.E-03,3.290116785368E-16));
#5404 = VECTOR('',#5405,1.);
#5405 = DIRECTION('',(0.108334541838,-0.994114493931));
#5406 = ( GEOMETRIC_REPRESENTATION_CONTEXT(2) 
PARAMETRIC_REPRESENTATION_CONTEXT() REPRESENTATION_CONTEXT('2D SPACE',''
  ) );
#5407 = ORIENTED_EDGE('',*,*,#5281,.T.);
#5408 = ORIENTED_EDGE('',*,*,#5409,.F.);
#5409 = EDGE_CURVE('',#5360,#5284,#5410,.T.);
#5410 = SURFACE_CURVE('',#5411,(#5415,#5422),.PCURVE_S1.);
#5411 = LINE('',#5412,#5413);
#5412 = CARTESIAN_POINT('',(-0.25,-2.3E-02,-1.2E-02));
#5413 = VECTOR('',#5414,1.);
#5414 = DIRECTION('',(0.,-0.994114493931,0.108334541838));
#5415 = PCURVE('',#5299,#5416);
#5416 = DEFINITIONAL_REPRESENTATION('',(#5417),#5421);
#5417 = LINE('',#5418,#5419);
#5418 = CARTESIAN_POINT('',(0.,0.3789));
#5419 = VECTOR('',#5420,1.);
#5420 = DIRECTION('',(1.,0.));
#5421 = ( GEOMETRIC_REPRESENTATION_CONTEXT(2) 
PARAMETRIC_REPRESENTATION_CONTEXT() REPRESENTATION_CONTEXT('2D SPACE',''
  ) );
#5422 = PCURVE('',#4708,#5423);
#5423 = DEFINITIONAL_REPRESENTATION('',(#5424),#5428);
#5424 = LINE('',#5425,#5426);
#5425 = CARTESIAN_POINT('',(-6.E-03,3.290116785368E-16));
#5426 = VECTOR('',#5427,1.);
#5427 = DIRECTION('',(0.108334541838,-0.994114493931));
#5428 = ( GEOMETRIC_REPRESENTATION_CONTEXT(2) 
PARAMETRIC_REPRESENTATION_CONTEXT() REPRESENTATION_CONTEXT('2D SPACE',''
  ) );
#5429 = ADVANCED_FACE('',(#5430),#5375,.T.);
#5430 = FACE_BOUND('',#5431,.T.);
#5431 = EDGE_LOOP('',(#5432,#5462,#5483,#5484));
#5432 = ORIENTED_EDGE('',*,*,#5433,.F.);
#5433 = EDGE_CURVE('',#5434,#5436,#5438,.T.);
#5434 = VERTEX_POINT('',#5435);
#5435 = CARTESIAN_POINT('',(0.5078,-2.074505188337E-02,
    -1.175426495381E-02));
#5436 = VERTEX_POINT('',#5437);
#5437 = CARTESIAN_POINT('',(-0.25,-2.074505188337E-02,
    -1.175426495381E-02));
#5438 = SURFACE_CURVE('',#5439,(#5443,#5450),.PCURVE_S1.);
#5439 = LINE('',#5440,#5441);
#5440 = CARTESIAN_POINT('',(0.5078,-2.074505188337E-02,
    -1.175426495381E-02));
#5441 = VECTOR('',#5442,1.);
#5442 = DIRECTION('',(-1.,0.,0.));
#5443 = PCURVE('',#5375,#5444);
#5444 = DEFINITIONAL_REPRESENTATION('',(#5445),#5449);
#5445 = LINE('',#5446,#5447);
#5446 = CARTESIAN_POINT('',(0.,-0.3789));
#5447 = VECTOR('',#5448,1.);
#5448 = DIRECTION('',(-0.,1.));
#5449 = ( GEOMETRIC_REPRESENTATION_CONTEXT(2) 
PARAMETRIC_REPRESENTATION_CONTEXT() REPRESENTATION_CONTEXT('2D SPACE',''
  ) );
#5450 = PCURVE('',#5451,#5456);
#5451 = PLANE('',#5452);
#5452 = AXIS2_PLACEMENT_3D('',#5453,#5454,#5455);
#5453 = CARTESIAN_POINT('',(0.1289,-1.914669409395E-02,
    -1.102862543285E-02));
#5454 = DIRECTION('',(0.,0.413384236942,-0.910556682831));
#5455 = DIRECTION('',(0.,-0.910556682831,-0.413384236942));
#5456 = DEFINITIONAL_REPRESENTATION('',(#5457),#5461);
#5457 = LINE('',#5458,#5459);
#5458 = CARTESIAN_POINT('',(1.755363306376E-03,-0.3789));
#5459 = VECTOR('',#5460,1.);
#5460 = DIRECTION('',(-0.,1.));
#5461 = ( GEOMETRIC_REPRESENTATION_CONTEXT(2) 
PARAMETRIC_REPRESENTATION_CONTEXT() REPRESENTATION_CONTEXT('2D SPACE',''
  ) );
#5462 = ORIENTED_EDGE('',*,*,#5463,.T.);
#5463 = EDGE_CURVE('',#5434,#5358,#5464,.T.);
#5464 = SURFACE_CURVE('',#5465,(#5469,#5476),.PCURVE_S1.);
#5465 = LINE('',#5466,#5467);
#5466 = CARTESIAN_POINT('',(0.5078,-2.074505188337E-02,
    -1.175426495381E-02));
#5467 = VECTOR('',#5468,1.);
#5468 = DIRECTION('',(-0.,-0.994114493931,-0.108334541838));
#5469 = PCURVE('',#5375,#5470);
#5470 = DEFINITIONAL_REPRESENTATION('',(#5471),#5475);
#5471 = LINE('',#5472,#5473);
#5472 = CARTESIAN_POINT('',(0.,-0.3789));
#5473 = VECTOR('',#5474,1.);
#5474 = DIRECTION('',(1.,0.));
#5475 = ( GEOMETRIC_REPRESENTATION_CONTEXT(2) 
PARAMETRIC_REPRESENTATION_CONTEXT() REPRESENTATION_CONTEXT('2D SPACE',''
  ) );
#5476 = PCURVE('',#4652,#5477);
#5477 = DEFINITIONAL_REPRESENTATION('',(#5478),#5482);
#5478 = LINE('',#5479,#5480);
#5479 = CARTESIAN_POINT('',(-5.75426495381E-03,2.254948116633E-03));
#5480 = VECTOR('',#5481,1.);
#5481 = DIRECTION('',(-0.108334541838,-0.994114493931));
#5482 = ( GEOMETRIC_REPRESENTATION_CONTEXT(2) 
PARAMETRIC_REPRESENTATION_CONTEXT() REPRESENTATION_CONTEXT('2D SPACE',''
  ) );
#5483 = ORIENTED_EDGE('',*,*,#5357,.T.);
#5484 = ORIENTED_EDGE('',*,*,#5485,.F.);
#5485 = EDGE_CURVE('',#5436,#5360,#5486,.T.);
#5486 = SURFACE_CURVE('',#5487,(#5491,#5498),.PCURVE_S1.);
#5487 = LINE('',#5488,#5489);
#5488 = CARTESIAN_POINT('',(-0.25,-2.074505188337E-02,
    -1.175426495381E-02));
#5489 = VECTOR('',#5490,1.);
#5490 = DIRECTION('',(-0.,-0.994114493931,-0.108334541838));
#5491 = PCURVE('',#5375,#5492);
#5492 = DEFINITIONAL_REPRESENTATION('',(#5493),#5497);
#5493 = LINE('',#5494,#5495);
#5494 = CARTESIAN_POINT('',(-0.,0.3789));
#5495 = VECTOR('',#5496,1.);
#5496 = DIRECTION('',(1.,0.));
#5497 = ( GEOMETRIC_REPRESENTATION_CONTEXT(2) 
PARAMETRIC_REPRESENTATION_CONTEXT() REPRESENTATION_CONTEXT('2D SPACE',''
  ) );
#5498 = PCURVE('',#4708,#5499);
#5499 = DEFINITIONAL_REPRESENTATION('',(#5500),#5504);
#5500 = LINE('',#5501,#5502);
#5501 = CARTESIAN_POINT('',(-5.75426495381E-03,2.254948116633E-03));
#5502 = VECTOR('',#5503,1.);
#5503 = DIRECTION('',(-0.108334541838,-0.994114493931));
#5504 = ( GEOMETRIC_REPRESENTATION_CONTEXT(2) 
PARAMETRIC_REPRESENTATION_CONTEXT() REPRESENTATION_CONTEXT('2D SPACE',''
  ) );
#5505 = ADVANCED_FACE('',(#5506),#5451,.T.);
#5506 = FACE_BOUND('',#5507,.T.);
#5507 = EDGE_LOOP('',(#5508,#5538,#5559,#5560));
#5508 = ORIENTED_EDGE('',*,*,#5509,.F.);
#5509 = EDGE_CURVE('',#5510,#5512,#5514,.T.);
#5510 = VERTEX_POINT('',#5511);
#5511 = CARTESIAN_POINT('',(0.5078,-1.914669409395E-02,
    -1.102862543285E-02));
#5512 = VERTEX_POINT('',#5513);
#5513 = CARTESIAN_POINT('',(-0.25,-1.914669409395E-02,
    -1.102862543285E-02));
#5514 = SURFACE_CURVE('',#5515,(#5519,#5526),.PCURVE_S1.);
#5515 = LINE('',#5516,#5517);
#5516 = CARTESIAN_POINT('',(0.5078,-1.914669409395E-02,
    -1.102862543285E-02));
#5517 = VECTOR('',#5518,1.);
#5518 = DIRECTION('',(-1.,0.,0.));
#5519 = PCURVE('',#5451,#5520);
#5520 = DEFINITIONAL_REPRESENTATION('',(#5521),#5525);
#5521 = LINE('',#5522,#5523);
#5522 = CARTESIAN_POINT('',(0.,-0.3789));
#5523 = VECTOR('',#5524,1.);
#5524 = DIRECTION('',(-0.,1.));
#5525 = ( GEOMETRIC_REPRESENTATION_CONTEXT(2) 
PARAMETRIC_REPRESENTATION_CONTEXT() REPRESENTATION_CONTEXT('2D SPACE',''
  ) );
#5526 = PCURVE('',#5527,#5532);
#5527 = PLANE('',#5528);
#5528 = AXIS2_PLACEMENT_3D('',#5529,#5530,#5531);
#5529 = CARTESIAN_POINT('',(0.1289,-1.797137456715E-02,
    -9.85330590605E-03));
#5530 = DIRECTION('',(0.,0.707106781187,-0.707106781187));
#5531 = DIRECTION('',(0.,-0.707106781187,-0.707106781187));
#5532 = DEFINITIONAL_REPRESENTATION('',(#5533),#5537);
#5533 = LINE('',#5534,#5535);
#5534 = CARTESIAN_POINT('',(1.662152814919E-03,-0.3789));
#5535 = VECTOR('',#5536,1.);
#5536 = DIRECTION('',(-0.,1.));
#5537 = ( GEOMETRIC_REPRESENTATION_CONTEXT(2) 
PARAMETRIC_REPRESENTATION_CONTEXT() REPRESENTATION_CONTEXT('2D SPACE',''
  ) );
#5538 = ORIENTED_EDGE('',*,*,#5539,.T.);
#5539 = EDGE_CURVE('',#5510,#5434,#5540,.T.);
#5540 = SURFACE_CURVE('',#5541,(#5545,#5552),.PCURVE_S1.);
#5541 = LINE('',#5542,#5543);
#5542 = CARTESIAN_POINT('',(0.5078,-1.914669409395E-02,
    -1.102862543285E-02));
#5543 = VECTOR('',#5544,1.);
#5544 = DIRECTION('',(-0.,-0.910556682831,-0.413384236942));
#5545 = PCURVE('',#5451,#5546);
#5546 = DEFINITIONAL_REPRESENTATION('',(#5547),#5551);
#5547 = LINE('',#5548,#5549);
#5548 = CARTESIAN_POINT('',(0.,-0.3789));
#5549 = VECTOR('',#5550,1.);
#5550 = DIRECTION('',(1.,0.));
#5551 = ( GEOMETRIC_REPRESENTATION_CONTEXT(2) 
PARAMETRIC_REPRESENTATION_CONTEXT() REPRESENTATION_CONTEXT('2D SPACE',''
  ) );
#5552 = PCURVE('',#4652,#5553);
#5553 = DEFINITIONAL_REPRESENTATION('',(#5554),#5558);
#5554 = LINE('',#5555,#5556);
#5555 = CARTESIAN_POINT('',(-5.028625432847E-03,3.85330590605E-03));
#5556 = VECTOR('',#5557,1.);
#5557 = DIRECTION('',(-0.413384236942,-0.910556682831));
#5558 = ( GEOMETRIC_REPRESENTATION_CONTEXT(2) 
PARAMETRIC_REPRESENTATION_CONTEXT() REPRESENTATION_CONTEXT('2D SPACE',''
  ) );
#5559 = ORIENTED_EDGE('',*,*,#5433,.T.);
#5560 = ORIENTED_EDGE('',*,*,#5561,.F.);
#5561 = EDGE_CURVE('',#5512,#5436,#5562,.T.);
#5562 = SURFACE_CURVE('',#5563,(#5567,#5574),.PCURVE_S1.);
#5563 = LINE('',#5564,#5565);
#5564 = CARTESIAN_POINT('',(-0.25,-1.914669409395E-02,
    -1.102862543285E-02));
#5565 = VECTOR('',#5566,1.);
#5566 = DIRECTION('',(-0.,-0.910556682831,-0.413384236942));
#5567 = PCURVE('',#5451,#5568);
#5568 = DEFINITIONAL_REPRESENTATION('',(#5569),#5573);
#5569 = LINE('',#5570,#5571);
#5570 = CARTESIAN_POINT('',(-0.,0.3789));
#5571 = VECTOR('',#5572,1.);
#5572 = DIRECTION('',(1.,0.));
#5573 = ( GEOMETRIC_REPRESENTATION_CONTEXT(2) 
PARAMETRIC_REPRESENTATION_CONTEXT() REPRESENTATION_CONTEXT('2D SPACE',''
  ) );
#5574 = PCURVE('',#4708,#5575);
#5575 = DEFINITIONAL_REPRESENTATION('',(#5576),#5580);
#5576 = LINE('',#5577,#5578);
#5577 = CARTESIAN_POINT('',(-5.028625432847E-03,3.85330590605E-03));
#5578 = VECTOR('',#5579,1.);
#5579 = DIRECTION('',(-0.413384236942,-0.910556682831));
#5580 = ( GEOMETRIC_REPRESENTATION_CONTEXT(2) 
PARAMETRIC_REPRESENTATION_CONTEXT() REPRESENTATION_CONTEXT('2D SPACE',''
  ) );
#5581 = ADVANCED_FACE('',(#5582),#5527,.T.);
#5582 = FACE_BOUND('',#5583,.T.);
#5583 = EDGE_LOOP('',(#5584,#5614,#5635,#5636));
#5584 = ORIENTED_EDGE('',*,*,#5585,.F.);
#5585 = EDGE_CURVE('',#5586,#5588,#5590,.T.);
#5586 = VERTEX_POINT('',#5587);
#5587 = CARTESIAN_POINT('',(0.5078,-1.797137456715E-02,
    -9.85330590605E-03));
#5588 = VERTEX_POINT('',#5589);
#5589 = CARTESIAN_POINT('',(-0.25,-1.797137456715E-02,-9.85330590605E-03
    ));
#5590 = SURFACE_CURVE('',#5591,(#5595,#5602),.PCURVE_S1.);
#5591 = LINE('',#5592,#5593);
#5592 = CARTESIAN_POINT('',(0.5078,-1.797137456715E-02,
    -9.85330590605E-03));
#5593 = VECTOR('',#5594,1.);
#5594 = DIRECTION('',(-1.,0.,0.));
#5595 = PCURVE('',#5527,#5596);
#5596 = DEFINITIONAL_REPRESENTATION('',(#5597),#5601);
#5597 = LINE('',#5598,#5599);
#5598 = CARTESIAN_POINT('',(0.,-0.3789));
#5599 = VECTOR('',#5600,1.);
#5600 = DIRECTION('',(-0.,1.));
#5601 = ( GEOMETRIC_REPRESENTATION_CONTEXT(2) 
PARAMETRIC_REPRESENTATION_CONTEXT() REPRESENTATION_CONTEXT('2D SPACE',''
  ) );
#5602 = PCURVE('',#5603,#5608);
#5603 = PLANE('',#5604);
#5604 = AXIS2_PLACEMENT_3D('',#5605,#5606,#5607);
#5605 = CARTESIAN_POINT('',(0.1289,-1.724573504619E-02,
    -8.254948116633E-03));
#5606 = DIRECTION('',(0.,0.910556682831,-0.413384236942));
#5607 = DIRECTION('',(0.,-0.413384236942,-0.910556682831));
#5608 = DEFINITIONAL_REPRESENTATION('',(#5609),#5613);
#5609 = LINE('',#5610,#5611);
#5610 = CARTESIAN_POINT('',(1.755363306376E-03,-0.3789));
#5611 = VECTOR('',#5612,1.);
#5612 = DIRECTION('',(-0.,1.));
#5613 = ( GEOMETRIC_REPRESENTATION_CONTEXT(2) 
PARAMETRIC_REPRESENTATION_CONTEXT() REPRESENTATION_CONTEXT('2D SPACE',''
  ) );
#5614 = ORIENTED_EDGE('',*,*,#5615,.T.);
#5615 = EDGE_CURVE('',#5586,#5510,#5616,.T.);
#5616 = SURFACE_CURVE('',#5617,(#5621,#5628),.PCURVE_S1.);
#5617 = LINE('',#5618,#5619);
#5618 = CARTESIAN_POINT('',(0.5078,-1.797137456715E-02,
    -9.85330590605E-03));
#5619 = VECTOR('',#5620,1.);
#5620 = DIRECTION('',(-0.,-0.707106781187,-0.707106781187));
#5621 = PCURVE('',#5527,#5622);
#5622 = DEFINITIONAL_REPRESENTATION('',(#5623),#5627);
#5623 = LINE('',#5624,#5625);
#5624 = CARTESIAN_POINT('',(0.,-0.3789));
#5625 = VECTOR('',#5626,1.);
#5626 = DIRECTION('',(1.,0.));
#5627 = ( GEOMETRIC_REPRESENTATION_CONTEXT(2) 
PARAMETRIC_REPRESENTATION_CONTEXT() REPRESENTATION_CONTEXT('2D SPACE',''
  ) );
#5628 = PCURVE('',#4652,#5629);
#5629 = DEFINITIONAL_REPRESENTATION('',(#5630),#5634);
#5630 = LINE('',#5631,#5632);
#5631 = CARTESIAN_POINT('',(-3.85330590605E-03,5.028625432847E-03));
#5632 = VECTOR('',#5633,1.);
#5633 = DIRECTION('',(-0.707106781187,-0.707106781187));
#5634 = ( GEOMETRIC_REPRESENTATION_CONTEXT(2) 
PARAMETRIC_REPRESENTATION_CONTEXT() REPRESENTATION_CONTEXT('2D SPACE',''
  ) );
#5635 = ORIENTED_EDGE('',*,*,#5509,.T.);
#5636 = ORIENTED_EDGE('',*,*,#5637,.F.);
#5637 = EDGE_CURVE('',#5588,#5512,#5638,.T.);
#5638 = SURFACE_CURVE('',#5639,(#5643,#5650),.PCURVE_S1.);
#5639 = LINE('',#5640,#5641);
#5640 = CARTESIAN_POINT('',(-0.25,-1.797137456715E-02,-9.85330590605E-03
    ));
#5641 = VECTOR('',#5642,1.);
#5642 = DIRECTION('',(-0.,-0.707106781187,-0.707106781187));
#5643 = PCURVE('',#5527,#5644);
#5644 = DEFINITIONAL_REPRESENTATION('',(#5645),#5649);
#5645 = LINE('',#5646,#5647);
#5646 = CARTESIAN_POINT('',(-0.,0.3789));
#5647 = VECTOR('',#5648,1.);
#5648 = DIRECTION('',(1.,0.));
#5649 = ( GEOMETRIC_REPRESENTATION_CONTEXT(2) 
PARAMETRIC_REPRESENTATION_CONTEXT() REPRESENTATION_CONTEXT('2D SPACE',''
  ) );
#5650 = PCURVE('',#4708,#5651);
#5651 = DEFINITIONAL_REPRESENTATION('',(#5652),#5656);
#5652 = LINE('',#5653,#5654);
#5653 = CARTESIAN_POINT('',(-3.85330590605E-03,5.028625432847E-03));
#5654 = VECTOR('',#5655,1.);
#5655 = DIRECTION('',(-0.707106781187,-0.707106781187));
#5656 = ( GEOMETRIC_REPRESENTATION_CONTEXT(2) 
PARAMETRIC_REPRESENTATION_CONTEXT() REPRESENTATION_CONTEXT('2D SPACE',''
  ) );
#5657 = ADVANCED_FACE('',(#5658),#5603,.T.);
#5658 = FACE_BOUND('',#5659,.T.);
#5659 = EDGE_LOOP('',(#5660,#5690,#5711,#5712));
#5660 = ORIENTED_EDGE('',*,*,#5661,.F.);
#5661 = EDGE_CURVE('',#5662,#5664,#5666,.T.);
#5662 = VERTEX_POINT('',#5663);
#5663 = CARTESIAN_POINT('',(0.5078,-1.724573504619E-02,
    -8.254948116633E-03));
#5664 = VERTEX_POINT('',#5665);
#5665 = CARTESIAN_POINT('',(-0.25,-1.724573504619E-02,
    -8.254948116633E-03));
#5666 = SURFACE_CURVE('',#5667,(#5671,#5678),.PCURVE_S1.);
#5667 = LINE('',#5668,#5669);
#5668 = CARTESIAN_POINT('',(0.5078,-1.724573504619E-02,
    -8.254948116633E-03));
#5669 = VECTOR('',#5670,1.);
#5670 = DIRECTION('',(-1.,0.,0.));
#5671 = PCURVE('',#5603,#5672);
#5672 = DEFINITIONAL_REPRESENTATION('',(#5673),#5677);
#5673 = LINE('',#5674,#5675);
#5674 = CARTESIAN_POINT('',(0.,-0.3789));
#5675 = VECTOR('',#5676,1.);
#5676 = DIRECTION('',(-0.,1.));
#5677 = ( GEOMETRIC_REPRESENTATION_CONTEXT(2) 
PARAMETRIC_REPRESENTATION_CONTEXT() REPRESENTATION_CONTEXT('2D SPACE',''
  ) );
#5678 = PCURVE('',#5679,#5684);
#5679 = PLANE('',#5680);
#5680 = AXIS2_PLACEMENT_3D('',#5681,#5682,#5683);
#5681 = CARTESIAN_POINT('',(0.1289,-1.7E-02,-6.E-03));
#5682 = DIRECTION('',(0.,0.994114493931,-0.108334541838));
#5683 = DIRECTION('',(0.,-0.108334541838,-0.994114493931));
#5684 = DEFINITIONAL_REPRESENTATION('',(#5685),#5689);
#5685 = LINE('',#5686,#5687);
#5686 = CARTESIAN_POINT('',(2.268298199452E-03,-0.3789));
#5687 = VECTOR('',#5688,1.);
#5688 = DIRECTION('',(-0.,1.));
#5689 = ( GEOMETRIC_REPRESENTATION_CONTEXT(2) 
PARAMETRIC_REPRESENTATION_CONTEXT() REPRESENTATION_CONTEXT('2D SPACE',''
  ) );
#5690 = ORIENTED_EDGE('',*,*,#5691,.T.);
#5691 = EDGE_CURVE('',#5662,#5586,#5692,.T.);
#5692 = SURFACE_CURVE('',#5693,(#5697,#5704),.PCURVE_S1.);
#5693 = LINE('',#5694,#5695);
#5694 = CARTESIAN_POINT('',(0.5078,-1.724573504619E-02,
    -8.254948116633E-03));
#5695 = VECTOR('',#5696,1.);
#5696 = DIRECTION('',(-0.,-0.413384236942,-0.910556682831));
#5697 = PCURVE('',#5603,#5698);
#5698 = DEFINITIONAL_REPRESENTATION('',(#5699),#5703);
#5699 = LINE('',#5700,#5701);
#5700 = CARTESIAN_POINT('',(0.,-0.3789));
#5701 = VECTOR('',#5702,1.);
#5702 = DIRECTION('',(1.,0.));
#5703 = ( GEOMETRIC_REPRESENTATION_CONTEXT(2) 
PARAMETRIC_REPRESENTATION_CONTEXT() REPRESENTATION_CONTEXT('2D SPACE',''
  ) );
#5704 = PCURVE('',#4652,#5705);
#5705 = DEFINITIONAL_REPRESENTATION('',(#5706),#5710);
#5706 = LINE('',#5707,#5708);
#5707 = CARTESIAN_POINT('',(-2.254948116633E-03,5.75426495381E-03));
#5708 = VECTOR('',#5709,1.);
#5709 = DIRECTION('',(-0.910556682831,-0.413384236942));
#5710 = ( GEOMETRIC_REPRESENTATION_CONTEXT(2) 
PARAMETRIC_REPRESENTATION_CONTEXT() REPRESENTATION_CONTEXT('2D SPACE',''
  ) );
#5711 = ORIENTED_EDGE('',*,*,#5585,.T.);
#5712 = ORIENTED_EDGE('',*,*,#5713,.F.);
#5713 = EDGE_CURVE('',#5664,#5588,#5714,.T.);
#5714 = SURFACE_CURVE('',#5715,(#5719,#5726),.PCURVE_S1.);
#5715 = LINE('',#5716,#5717);
#5716 = CARTESIAN_POINT('',(-0.25,-1.724573504619E-02,
    -8.254948116633E-03));
#5717 = VECTOR('',#5718,1.);
#5718 = DIRECTION('',(-0.,-0.413384236942,-0.910556682831));
#5719 = PCURVE('',#5603,#5720);
#5720 = DEFINITIONAL_REPRESENTATION('',(#5721),#5725);
#5721 = LINE('',#5722,#5723);
#5722 = CARTESIAN_POINT('',(-0.,0.3789));
#5723 = VECTOR('',#5724,1.);
#5724 = DIRECTION('',(1.,0.));
#5725 = ( GEOMETRIC_REPRESENTATION_CONTEXT(2) 
PARAMETRIC_REPRESENTATION_CONTEXT() REPRESENTATION_CONTEXT('2D SPACE',''
  ) );
#5726 = PCURVE('',#4708,#5727);
#5727 = DEFINITIONAL_REPRESENTATION('',(#5728),#5732);
#5728 = LINE('',#5729,#5730);
#5729 = CARTESIAN_POINT('',(-2.254948116633E-03,5.75426495381E-03));
#5730 = VECTOR('',#5731,1.);
#5731 = DIRECTION('',(-0.910556682831,-0.413384236942));
#5732 = ( GEOMETRIC_REPRESENTATION_CONTEXT(2) 
PARAMETRIC_REPRESENTATION_CONTEXT() REPRESENTATION_CONTEXT('2D SPACE',''
  ) );
#5733 = ADVANCED_FACE('',(#5734),#5679,.T.);
#5734 = FACE_BOUND('',#5735,.T.);
#5735 = EDGE_LOOP('',(#5736,#5766,#5787,#5788));
#5736 = ORIENTED_EDGE('',*,*,#5737,.F.);
#5737 = EDGE_CURVE('',#5738,#5740,#5742,.T.);
#5738 = VERTEX_POINT('',#5739);
#5739 = CARTESIAN_POINT('',(0.5078,-1.7E-02,-6.E-03));
#5740 = VERTEX_POINT('',#5741);
#5741 = CARTESIAN_POINT('',(-0.25,-1.7E-02,-6.E-03));
#5742 = SURFACE_CURVE('',#5743,(#5747,#5754),.PCURVE_S1.);
#5743 = LINE('',#5744,#5745);
#5744 = CARTESIAN_POINT('',(0.5078,-1.7E-02,-6.E-03));
#5745 = VECTOR('',#5746,1.);
#5746 = DIRECTION('',(-1.,0.,0.));
#5747 = PCURVE('',#5679,#5748);
#5748 = DEFINITIONAL_REPRESENTATION('',(#5749),#5753);
#5749 = LINE('',#5750,#5751);
#5750 = CARTESIAN_POINT('',(0.,-0.3789));
#5751 = VECTOR('',#5752,1.);
#5752 = DIRECTION('',(-0.,1.));
#5753 = ( GEOMETRIC_REPRESENTATION_CONTEXT(2) 
PARAMETRIC_REPRESENTATION_CONTEXT() REPRESENTATION_CONTEXT('2D SPACE',''
  ) );
#5754 = PCURVE('',#5755,#5760);
#5755 = PLANE('',#5756);
#5756 = AXIS2_PLACEMENT_3D('',#5757,#5758,#5759);
#5757 = CARTESIAN_POINT('',(0.1289,-1.724573504619E-02,
    -3.745051883367E-03));
#5758 = DIRECTION('',(0.,0.994114493931,0.108334541838));
#5759 = DIRECTION('',(0.,0.108334541838,-0.994114493931));
#5760 = DEFINITIONAL_REPRESENTATION('',(#5761),#5765);
#5761 = LINE('',#5762,#5763);
#5762 = CARTESIAN_POINT('',(2.268298199451E-03,-0.3789));
#5763 = VECTOR('',#5764,1.);
#5764 = DIRECTION('',(0.,1.));
#5765 = ( GEOMETRIC_REPRESENTATION_CONTEXT(2) 
PARAMETRIC_REPRESENTATION_CONTEXT() REPRESENTATION_CONTEXT('2D SPACE',''
  ) );
#5766 = ORIENTED_EDGE('',*,*,#5767,.T.);
#5767 = EDGE_CURVE('',#5738,#5662,#5768,.T.);
#5768 = SURFACE_CURVE('',#5769,(#5773,#5780),.PCURVE_S1.);
#5769 = LINE('',#5770,#5771);
#5770 = CARTESIAN_POINT('',(0.5078,-1.7E-02,-6.E-03));
#5771 = VECTOR('',#5772,1.);
#5772 = DIRECTION('',(-0.,-0.108334541838,-0.994114493931));
#5773 = PCURVE('',#5679,#5774);
#5774 = DEFINITIONAL_REPRESENTATION('',(#5775),#5779);
#5775 = LINE('',#5776,#5777);
#5776 = CARTESIAN_POINT('',(0.,-0.3789));
#5777 = VECTOR('',#5778,1.);
#5778 = DIRECTION('',(1.,0.));
#5779 = ( GEOMETRIC_REPRESENTATION_CONTEXT(2) 
PARAMETRIC_REPRESENTATION_CONTEXT() REPRESENTATION_CONTEXT('2D SPACE',''
  ) );
#5780 = PCURVE('',#4652,#5781);
#5781 = DEFINITIONAL_REPRESENTATION('',(#5782),#5786);
#5782 = LINE('',#5783,#5784);
#5783 = CARTESIAN_POINT('',(1.854480556814E-16,6.E-03));
#5784 = VECTOR('',#5785,1.);
#5785 = DIRECTION('',(-0.994114493931,-0.108334541838));
#5786 = ( GEOMETRIC_REPRESENTATION_CONTEXT(2) 
PARAMETRIC_REPRESENTATION_CONTEXT() REPRESENTATION_CONTEXT('2D SPACE',''
  ) );
#5787 = ORIENTED_EDGE('',*,*,#5661,.T.);
#5788 = ORIENTED_EDGE('',*,*,#5789,.F.);
#5789 = EDGE_CURVE('',#5740,#5664,#5790,.T.);
#5790 = SURFACE_CURVE('',#5791,(#5795,#5802),.PCURVE_S1.);
#5791 = LINE('',#5792,#5793);
#5792 = CARTESIAN_POINT('',(-0.25,-1.7E-02,-6.E-03));
#5793 = VECTOR('',#5794,1.);
#5794 = DIRECTION('',(-0.,-0.108334541838,-0.994114493931));
#5795 = PCURVE('',#5679,#5796);
#5796 = DEFINITIONAL_REPRESENTATION('',(#5797),#5801);
#5797 = LINE('',#5798,#5799);
#5798 = CARTESIAN_POINT('',(-0.,0.3789));
#5799 = VECTOR('',#5800,1.);
#5800 = DIRECTION('',(1.,0.));
#5801 = ( GEOMETRIC_REPRESENTATION_CONTEXT(2) 
PARAMETRIC_REPRESENTATION_CONTEXT() REPRESENTATION_CONTEXT('2D SPACE',''
  ) );
#5802 = PCURVE('',#4708,#5803);
#5803 = DEFINITIONAL_REPRESENTATION('',(#5804),#5808);
#5804 = LINE('',#5805,#5806);
#5805 = CARTESIAN_POINT('',(1.854480556814E-16,6.E-03));
#5806 = VECTOR('',#5807,1.);
#5807 = DIRECTION('',(-0.994114493931,-0.108334541838));
#5808 = ( GEOMETRIC_REPRESENTATION_CONTEXT(2) 
PARAMETRIC_REPRESENTATION_CONTEXT() REPRESENTATION_CONTEXT('2D SPACE',''
  ) );
#5809 = ADVANCED_FACE('',(#5810),#5755,.T.);
#5810 = FACE_BOUND('',#5811,.T.);
#5811 = EDGE_LOOP('',(#5812,#5842,#5863,#5864));
#5812 = ORIENTED_EDGE('',*,*,#5813,.F.);
#5813 = EDGE_CURVE('',#5814,#5816,#5818,.T.);
#5814 = VERTEX_POINT('',#5815);
#5815 = CARTESIAN_POINT('',(0.5078,-1.724573504619E-02,
    -3.745051883367E-03));
#5816 = VERTEX_POINT('',#5817);
#5817 = CARTESIAN_POINT('',(-0.25,-1.724573504619E-02,
    -3.745051883367E-03));
#5818 = SURFACE_CURVE('',#5819,(#5823,#5830),.PCURVE_S1.);
#5819 = LINE('',#5820,#5821);
#5820 = CARTESIAN_POINT('',(0.5078,-1.724573504619E-02,
    -3.745051883367E-03));
#5821 = VECTOR('',#5822,1.);
#5822 = DIRECTION('',(-1.,0.,0.));
#5823 = PCURVE('',#5755,#5824);
#5824 = DEFINITIONAL_REPRESENTATION('',(#5825),#5829);
#5825 = LINE('',#5826,#5827);
#5826 = CARTESIAN_POINT('',(0.,-0.3789));
#5827 = VECTOR('',#5828,1.);
#5828 = DIRECTION('',(0.,1.));
#5829 = ( GEOMETRIC_REPRESENTATION_CONTEXT(2) 
PARAMETRIC_REPRESENTATION_CONTEXT() REPRESENTATION_CONTEXT('2D SPACE',''
  ) );
#5830 = PCURVE('',#5831,#5836);
#5831 = PLANE('',#5832);
#5832 = AXIS2_PLACEMENT_3D('',#5833,#5834,#5835);
#5833 = CARTESIAN_POINT('',(0.1289,-1.797137456715E-02,
    -2.14669409395E-03));
#5834 = DIRECTION('',(0.,0.910556682831,0.413384236942));
#5835 = DIRECTION('',(0.,0.413384236942,-0.910556682831));
#5836 = DEFINITIONAL_REPRESENTATION('',(#5837),#5841);
#5837 = LINE('',#5838,#5839);
#5838 = CARTESIAN_POINT('',(1.755363306376E-03,-0.3789));
#5839 = VECTOR('',#5840,1.);
#5840 = DIRECTION('',(0.,1.));
#5841 = ( GEOMETRIC_REPRESENTATION_CONTEXT(2) 
PARAMETRIC_REPRESENTATION_CONTEXT() REPRESENTATION_CONTEXT('2D SPACE',''
  ) );
#5842 = ORIENTED_EDGE('',*,*,#5843,.T.);
#5843 = EDGE_CURVE('',#5814,#5738,#5844,.T.);
#5844 = SURFACE_CURVE('',#5845,(#5849,#5856),.PCURVE_S1.);
#5845 = LINE('',#5846,#5847);
#5846 = CARTESIAN_POINT('',(0.5078,-1.724573504619E-02,
    -3.745051883367E-03));
#5847 = VECTOR('',#5848,1.);
#5848 = DIRECTION('',(0.,0.108334541838,-0.994114493931));
#5849 = PCURVE('',#5755,#5850);
#5850 = DEFINITIONAL_REPRESENTATION('',(#5851),#5855);
#5851 = LINE('',#5852,#5853);
#5852 = CARTESIAN_POINT('',(0.,-0.3789));
#5853 = VECTOR('',#5854,1.);
#5854 = DIRECTION('',(1.,0.));
#5855 = ( GEOMETRIC_REPRESENTATION_CONTEXT(2) 
PARAMETRIC_REPRESENTATION_CONTEXT() REPRESENTATION_CONTEXT('2D SPACE',''
  ) );
#5856 = PCURVE('',#4652,#5857);
#5857 = DEFINITIONAL_REPRESENTATION('',(#5858),#5862);
#5858 = LINE('',#5859,#5860);
#5859 = CARTESIAN_POINT('',(2.254948116633E-03,5.75426495381E-03));
#5860 = VECTOR('',#5861,1.);
#5861 = DIRECTION('',(-0.994114493931,0.108334541838));
#5862 = ( GEOMETRIC_REPRESENTATION_CONTEXT(2) 
PARAMETRIC_REPRESENTATION_CONTEXT() REPRESENTATION_CONTEXT('2D SPACE',''
  ) );
#5863 = ORIENTED_EDGE('',*,*,#5737,.T.);
#5864 = ORIENTED_EDGE('',*,*,#5865,.F.);
#5865 = EDGE_CURVE('',#5816,#5740,#5866,.T.);
#5866 = SURFACE_CURVE('',#5867,(#5871,#5878),.PCURVE_S1.);
#5867 = LINE('',#5868,#5869);
#5868 = CARTESIAN_POINT('',(-0.25,-1.724573504619E-02,
    -3.745051883367E-03));
#5869 = VECTOR('',#5870,1.);
#5870 = DIRECTION('',(0.,0.108334541838,-0.994114493931));
#5871 = PCURVE('',#5755,#5872);
#5872 = DEFINITIONAL_REPRESENTATION('',(#5873),#5877);
#5873 = LINE('',#5874,#5875);
#5874 = CARTESIAN_POINT('',(0.,0.3789));
#5875 = VECTOR('',#5876,1.);
#5876 = DIRECTION('',(1.,0.));
#5877 = ( GEOMETRIC_REPRESENTATION_CONTEXT(2) 
PARAMETRIC_REPRESENTATION_CONTEXT() REPRESENTATION_CONTEXT('2D SPACE',''
  ) );
#5878 = PCURVE('',#4708,#5879);
#5879 = DEFINITIONAL_REPRESENTATION('',(#5880),#5884);
#5880 = LINE('',#5881,#5882);
#5881 = CARTESIAN_POINT('',(2.254948116633E-03,5.75426495381E-03));
#5882 = VECTOR('',#5883,1.);
#5883 = DIRECTION('',(-0.994114493931,0.108334541838));
#5884 = ( GEOMETRIC_REPRESENTATION_CONTEXT(2) 
PARAMETRIC_REPRESENTATION_CONTEXT() REPRESENTATION_CONTEXT('2D SPACE',''
  ) );
#5885 = ADVANCED_FACE('',(#5886),#5831,.T.);
#5886 = FACE_BOUND('',#5887,.T.);
#5887 = EDGE_LOOP('',(#5888,#5918,#5939,#5940));
#5888 = ORIENTED_EDGE('',*,*,#5889,.F.);
#5889 = EDGE_CURVE('',#5890,#5892,#5894,.T.);
#5890 = VERTEX_POINT('',#5891);
#5891 = CARTESIAN_POINT('',(0.5078,-1.797137456715E-02,
    -2.14669409395E-03));
#5892 = VERTEX_POINT('',#5893);
#5893 = CARTESIAN_POINT('',(-0.25,-1.797137456715E-02,-2.14669409395E-03
    ));
#5894 = SURFACE_CURVE('',#5895,(#5899,#5906),.PCURVE_S1.);
#5895 = LINE('',#5896,#5897);
#5896 = CARTESIAN_POINT('',(0.5078,-1.797137456715E-02,
    -2.14669409395E-03));
#5897 = VECTOR('',#5898,1.);
#5898 = DIRECTION('',(-1.,0.,0.));
#5899 = PCURVE('',#5831,#5900);
#5900 = DEFINITIONAL_REPRESENTATION('',(#5901),#5905);
#5901 = LINE('',#5902,#5903);
#5902 = CARTESIAN_POINT('',(0.,-0.3789));
#5903 = VECTOR('',#5904,1.);
#5904 = DIRECTION('',(0.,1.));
#5905 = ( GEOMETRIC_REPRESENTATION_CONTEXT(2) 
PARAMETRIC_REPRESENTATION_CONTEXT() REPRESENTATION_CONTEXT('2D SPACE',''
  ) );
#5906 = PCURVE('',#5907,#5912);
#5907 = PLANE('',#5908);
#5908 = AXIS2_PLACEMENT_3D('',#5909,#5910,#5911);
#5909 = CARTESIAN_POINT('',(0.1289,-1.914669409395E-02,
    -9.713745671526E-04));
#5910 = DIRECTION('',(0.,0.707106781187,0.707106781187));
#5911 = DIRECTION('',(0.,0.707106781187,-0.707106781187));
#5912 = DEFINITIONAL_REPRESENTATION('',(#5913),#5917);
#5913 = LINE('',#5914,#5915);
#5914 = CARTESIAN_POINT('',(1.662152814919E-03,-0.3789));
#5915 = VECTOR('',#5916,1.);
#5916 = DIRECTION('',(0.,1.));
#5917 = ( GEOMETRIC_REPRESENTATION_CONTEXT(2) 
PARAMETRIC_REPRESENTATION_CONTEXT() REPRESENTATION_CONTEXT('2D SPACE',''
  ) );
#5918 = ORIENTED_EDGE('',*,*,#5919,.T.);
#5919 = EDGE_CURVE('',#5890,#5814,#5920,.T.);
#5920 = SURFACE_CURVE('',#5921,(#5925,#5932),.PCURVE_S1.);
#5921 = LINE('',#5922,#5923);
#5922 = CARTESIAN_POINT('',(0.5078,-1.797137456715E-02,
    -2.14669409395E-03));
#5923 = VECTOR('',#5924,1.);
#5924 = DIRECTION('',(0.,0.413384236942,-0.910556682831));
#5925 = PCURVE('',#5831,#5926);
#5926 = DEFINITIONAL_REPRESENTATION('',(#5927),#5931);
#5927 = LINE('',#5928,#5929);
#5928 = CARTESIAN_POINT('',(0.,-0.3789));
#5929 = VECTOR('',#5930,1.);
#5930 = DIRECTION('',(1.,0.));
#5931 = ( GEOMETRIC_REPRESENTATION_CONTEXT(2) 
PARAMETRIC_REPRESENTATION_CONTEXT() REPRESENTATION_CONTEXT('2D SPACE',''
  ) );
#5932 = PCURVE('',#4652,#5933);
#5933 = DEFINITIONAL_REPRESENTATION('',(#5934),#5938);
#5934 = LINE('',#5935,#5936);
#5935 = CARTESIAN_POINT('',(3.85330590605E-03,5.028625432847E-03));
#5936 = VECTOR('',#5937,1.);
#5937 = DIRECTION('',(-0.910556682831,0.413384236942));
#5938 = ( GEOMETRIC_REPRESENTATION_CONTEXT(2) 
PARAMETRIC_REPRESENTATION_CONTEXT() REPRESENTATION_CONTEXT('2D SPACE',''
  ) );
#5939 = ORIENTED_EDGE('',*,*,#5813,.T.);
#5940 = ORIENTED_EDGE('',*,*,#5941,.F.);
#5941 = EDGE_CURVE('',#5892,#5816,#5942,.T.);
#5942 = SURFACE_CURVE('',#5943,(#5947,#5954),.PCURVE_S1.);
#5943 = LINE('',#5944,#5945);
#5944 = CARTESIAN_POINT('',(-0.25,-1.797137456715E-02,-2.14669409395E-03
    ));
#5945 = VECTOR('',#5946,1.);
#5946 = DIRECTION('',(0.,0.413384236942,-0.910556682831));
#5947 = PCURVE('',#5831,#5948);
#5948 = DEFINITIONAL_REPRESENTATION('',(#5949),#5953);
#5949 = LINE('',#5950,#5951);
#5950 = CARTESIAN_POINT('',(0.,0.3789));
#5951 = VECTOR('',#5952,1.);
#5952 = DIRECTION('',(1.,0.));
#5953 = ( GEOMETRIC_REPRESENTATION_CONTEXT(2) 
PARAMETRIC_REPRESENTATION_CONTEXT() REPRESENTATION_CONTEXT('2D SPACE',''
  ) );
#5954 = PCURVE('',#4708,#5955);
#5955 = DEFINITIONAL_REPRESENTATION('',(#5956),#5960);
#5956 = LINE('',#5957,#5958);
#5957 = CARTESIAN_POINT('',(3.85330590605E-03,5.028625432847E-03));
#5958 = VECTOR('',#5959,1.);
#5959 = DIRECTION('',(-0.910556682831,0.413384236942));
#5960 = ( GEOMETRIC_REPRESENTATION_CONTEXT(2) 
PARAMETRIC_REPRESENTATION_CONTEXT() REPRESENTATION_CONTEXT('2D SPACE',''
  ) );
#5961 = ADVANCED_FACE('',(#5962),#5907,.T.);
#5962 = FACE_BOUND('',#5963,.T.);
#5963 = EDGE_LOOP('',(#5964,#5994,#6015,#6016));
#5964 = ORIENTED_EDGE('',*,*,#5965,.F.);
#5965 = EDGE_CURVE('',#5966,#5968,#5970,.T.);
#5966 = VERTEX_POINT('',#5967);
#5967 = CARTESIAN_POINT('',(0.5078,-1.914669409395E-02,
    -9.713745671526E-04));
#5968 = VERTEX_POINT('',#5969);
#5969 = CARTESIAN_POINT('',(-0.25,-1.914669409395E-02,
    -9.713745671526E-04));
#5970 = SURFACE_CURVE('',#5971,(#5975,#5982),.PCURVE_S1.);
#5971 = LINE('',#5972,#5973);
#5972 = CARTESIAN_POINT('',(0.5078,-1.914669409395E-02,
    -9.713745671526E-04));
#5973 = VECTOR('',#5974,1.);
#5974 = DIRECTION('',(-1.,0.,0.));
#5975 = PCURVE('',#5907,#5976);
#5976 = DEFINITIONAL_REPRESENTATION('',(#5977),#5981);
#5977 = LINE('',#5978,#5979);
#5978 = CARTESIAN_POINT('',(0.,-0.3789));
#5979 = VECTOR('',#5980,1.);
#5980 = DIRECTION('',(0.,1.));
#5981 = ( GEOMETRIC_REPRESENTATION_CONTEXT(2) 
PARAMETRIC_REPRESENTATION_CONTEXT() REPRESENTATION_CONTEXT('2D SPACE',''
  ) );
#5982 = PCURVE('',#5983,#5988);
#5983 = PLANE('',#5984);
#5984 = AXIS2_PLACEMENT_3D('',#5985,#5986,#5987);
#5985 = CARTESIAN_POINT('',(0.1289,-2.074505188337E-02,
    -2.457350461903E-04));
#5986 = DIRECTION('',(0.,0.413384236942,0.910556682831));
#5987 = DIRECTION('',(0.,0.910556682831,-0.413384236942));
#5988 = DEFINITIONAL_REPRESENTATION('',(#5989),#5993);
#5989 = LINE('',#5990,#5991);
#5990 = CARTESIAN_POINT('',(1.755363306376E-03,-0.3789));
#5991 = VECTOR('',#5992,1.);
#5992 = DIRECTION('',(0.,1.));
#5993 = ( GEOMETRIC_REPRESENTATION_CONTEXT(2) 
PARAMETRIC_REPRESENTATION_CONTEXT() REPRESENTATION_CONTEXT('2D SPACE',''
  ) );
#5994 = ORIENTED_EDGE('',*,*,#5995,.T.);
#5995 = EDGE_CURVE('',#5966,#5890,#5996,.T.);
#5996 = SURFACE_CURVE('',#5997,(#6001,#6008),.PCURVE_S1.);
#5997 = LINE('',#5998,#5999);
#5998 = CARTESIAN_POINT('',(0.5078,-1.914669409395E-02,
    -9.713745671526E-04));
#5999 = VECTOR('',#6000,1.);
#6000 = DIRECTION('',(0.,0.707106781187,-0.707106781187));
#6001 = PCURVE('',#5907,#6002);
#6002 = DEFINITIONAL_REPRESENTATION('',(#6003),#6007);
#6003 = LINE('',#6004,#6005);
#6004 = CARTESIAN_POINT('',(0.,-0.3789));
#6005 = VECTOR('',#6006,1.);
#6006 = DIRECTION('',(1.,0.));
#6007 = ( GEOMETRIC_REPRESENTATION_CONTEXT(2) 
PARAMETRIC_REPRESENTATION_CONTEXT() REPRESENTATION_CONTEXT('2D SPACE',''
  ) );
#6008 = PCURVE('',#4652,#6009);
#6009 = DEFINITIONAL_REPRESENTATION('',(#6010),#6014);
#6010 = LINE('',#6011,#6012);
#6011 = CARTESIAN_POINT('',(5.028625432847E-03,3.85330590605E-03));
#6012 = VECTOR('',#6013,1.);
#6013 = DIRECTION('',(-0.707106781187,0.707106781187));
#6014 = ( GEOMETRIC_REPRESENTATION_CONTEXT(2) 
PARAMETRIC_REPRESENTATION_CONTEXT() REPRESENTATION_CONTEXT('2D SPACE',''
  ) );
#6015 = ORIENTED_EDGE('',*,*,#5889,.T.);
#6016 = ORIENTED_EDGE('',*,*,#6017,.F.);
#6017 = EDGE_CURVE('',#5968,#5892,#6018,.T.);
#6018 = SURFACE_CURVE('',#6019,(#6023,#6030),.PCURVE_S1.);
#6019 = LINE('',#6020,#6021);
#6020 = CARTESIAN_POINT('',(-0.25,-1.914669409395E-02,
    -9.713745671526E-04));
#6021 = VECTOR('',#6022,1.);
#6022 = DIRECTION('',(0.,0.707106781187,-0.707106781187));
#6023 = PCURVE('',#5907,#6024);
#6024 = DEFINITIONAL_REPRESENTATION('',(#6025),#6029);
#6025 = LINE('',#6026,#6027);
#6026 = CARTESIAN_POINT('',(0.,0.3789));
#6027 = VECTOR('',#6028,1.);
#6028 = DIRECTION('',(1.,0.));
#6029 = ( GEOMETRIC_REPRESENTATION_CONTEXT(2) 
PARAMETRIC_REPRESENTATION_CONTEXT() REPRESENTATION_CONTEXT('2D SPACE',''
  ) );
#6030 = PCURVE('',#4708,#6031);
#6031 = DEFINITIONAL_REPRESENTATION('',(#6032),#6036);
#6032 = LINE('',#6033,#6034);
#6033 = CARTESIAN_POINT('',(5.028625432847E-03,3.85330590605E-03));
#6034 = VECTOR('',#6035,1.);
#6035 = DIRECTION('',(-0.707106781187,0.707106781187));
#6036 = ( GEOMETRIC_REPRESENTATION_CONTEXT(2) 
PARAMETRIC_REPRESENTATION_CONTEXT() REPRESENTATION_CONTEXT('2D SPACE',''
  ) );
#6037 = ADVANCED_FACE('',(#6038),#5983,.T.);
#6038 = FACE_BOUND('',#6039,.T.);
#6039 = EDGE_LOOP('',(#6040,#6065,#6086,#6087));
#6040 = ORIENTED_EDGE('',*,*,#6041,.F.);
#6041 = EDGE_CURVE('',#6042,#6044,#6046,.T.);
#6042 = VERTEX_POINT('',#6043);
#6043 = CARTESIAN_POINT('',(0.5078,-2.074505188337E-02,
    -2.457350461903E-04));
#6044 = VERTEX_POINT('',#6045);
#6045 = CARTESIAN_POINT('',(-0.25,-2.074505188337E-02,
    -2.457350461903E-04));
#6046 = SURFACE_CURVE('',#6047,(#6051,#6058),.PCURVE_S1.);
#6047 = LINE('',#6048,#6049);
#6048 = CARTESIAN_POINT('',(0.5078,-2.074505188337E-02,
    -2.457350461903E-04));
#6049 = VECTOR('',#6050,1.);
#6050 = DIRECTION('',(-1.,0.,0.));
#6051 = PCURVE('',#5983,#6052);
#6052 = DEFINITIONAL_REPRESENTATION('',(#6053),#6057);
#6053 = LINE('',#6054,#6055);
#6054 = CARTESIAN_POINT('',(0.,-0.3789));
#6055 = VECTOR('',#6056,1.);
#6056 = DIRECTION('',(0.,1.));
#6057 = ( GEOMETRIC_REPRESENTATION_CONTEXT(2) 
PARAMETRIC_REPRESENTATION_CONTEXT() REPRESENTATION_CONTEXT('2D SPACE',''
  ) );
#6058 = PCURVE('',#4680,#6059);
#6059 = DEFINITIONAL_REPRESENTATION('',(#6060),#6064);
#6060 = LINE('',#6061,#6062);
#6061 = CARTESIAN_POINT('',(2.268298199451E-03,-0.3789));
#6062 = VECTOR('',#6063,1.);
#6063 = DIRECTION('',(0.,1.));
#6064 = ( GEOMETRIC_REPRESENTATION_CONTEXT(2) 
PARAMETRIC_REPRESENTATION_CONTEXT() REPRESENTATION_CONTEXT('2D SPACE',''
  ) );
#6065 = ORIENTED_EDGE('',*,*,#6066,.T.);
#6066 = EDGE_CURVE('',#6042,#5966,#6067,.T.);
#6067 = SURFACE_CURVE('',#6068,(#6072,#6079),.PCURVE_S1.);
#6068 = LINE('',#6069,#6070);
#6069 = CARTESIAN_POINT('',(0.5078,-2.074505188337E-02,
    -2.457350461903E-04));
#6070 = VECTOR('',#6071,1.);
#6071 = DIRECTION('',(0.,0.910556682831,-0.413384236942));
#6072 = PCURVE('',#5983,#6073);
#6073 = DEFINITIONAL_REPRESENTATION('',(#6074),#6078);
#6074 = LINE('',#6075,#6076);
#6075 = CARTESIAN_POINT('',(0.,-0.3789));
#6076 = VECTOR('',#6077,1.);
#6077 = DIRECTION('',(1.,0.));
#6078 = ( GEOMETRIC_REPRESENTATION_CONTEXT(2) 
PARAMETRIC_REPRESENTATION_CONTEXT() REPRESENTATION_CONTEXT('2D SPACE',''
  ) );
#6079 = PCURVE('',#4652,#6080);
#6080 = DEFINITIONAL_REPRESENTATION('',(#6081),#6085);
#6081 = LINE('',#6082,#6083);
#6082 = CARTESIAN_POINT('',(5.75426495381E-03,2.254948116633E-03));
#6083 = VECTOR('',#6084,1.);
#6084 = DIRECTION('',(-0.413384236942,0.910556682831));
#6085 = ( GEOMETRIC_REPRESENTATION_CONTEXT(2) 
PARAMETRIC_REPRESENTATION_CONTEXT() REPRESENTATION_CONTEXT('2D SPACE',''
  ) );
#6086 = ORIENTED_EDGE('',*,*,#5965,.T.);
#6087 = ORIENTED_EDGE('',*,*,#6088,.F.);
#6088 = EDGE_CURVE('',#6044,#5968,#6089,.T.);
#6089 = SURFACE_CURVE('',#6090,(#6094,#6101),.PCURVE_S1.);
#6090 = LINE('',#6091,#6092);
#6091 = CARTESIAN_POINT('',(-0.25,-2.074505188337E-02,
    -2.457350461903E-04));
#6092 = VECTOR('',#6093,1.);
#6093 = DIRECTION('',(0.,0.910556682831,-0.413384236942));
#6094 = PCURVE('',#5983,#6095);
#6095 = DEFINITIONAL_REPRESENTATION('',(#6096),#6100);
#6096 = LINE('',#6097,#6098);
#6097 = CARTESIAN_POINT('',(0.,0.3789));
#6098 = VECTOR('',#6099,1.);
#6099 = DIRECTION('',(1.,0.));
#6100 = ( GEOMETRIC_REPRESENTATION_CONTEXT(2) 
PARAMETRIC_REPRESENTATION_CONTEXT() REPRESENTATION_CONTEXT('2D SPACE',''
  ) );
#6101 = PCURVE('',#4708,#6102);
#6102 = DEFINITIONAL_REPRESENTATION('',(#6103),#6107);
#6103 = LINE('',#6104,#6105);
#6104 = CARTESIAN_POINT('',(5.75426495381E-03,2.254948116633E-03));
#6105 = VECTOR('',#6106,1.);
#6106 = DIRECTION('',(-0.413384236942,0.910556682831));
#6107 = ( GEOMETRIC_REPRESENTATION_CONTEXT(2) 
PARAMETRIC_REPRESENTATION_CONTEXT() REPRESENTATION_CONTEXT('2D SPACE',''
  ) );
#6108 = ADVANCED_FACE('',(#6109),#4708,.T.);
#6109 = FACE_BOUND('',#6110,.T.);
#6110 = EDGE_LOOP('',(#6111,#6112,#6133,#6134,#6135,#6136,#6137,#6138,
    #6139,#6140,#6141,#6142,#6143,#6144,#6145,#6146,#6147,#6148,#6149,
    #6150));
#6111 = ORIENTED_EDGE('',*,*,#4692,.T.);
#6112 = ORIENTED_EDGE('',*,*,#6113,.T.);
#6113 = EDGE_CURVE('',#4665,#6044,#6114,.T.);
#6114 = SURFACE_CURVE('',#6115,(#6119,#6126),.PCURVE_S1.);
#6115 = LINE('',#6116,#6117);
#6116 = CARTESIAN_POINT('',(-0.25,-2.3E-02,0.));
#6117 = VECTOR('',#6118,1.);
#6118 = DIRECTION('',(0.,0.994114493931,-0.108334541838));
#6119 = PCURVE('',#4708,#6120);
#6120 = DEFINITIONAL_REPRESENTATION('',(#6121),#6125);
#6121 = LINE('',#6122,#6123);
#6122 = CARTESIAN_POINT('',(6.E-03,-7.197115415564E-19));
#6123 = VECTOR('',#6124,1.);
#6124 = DIRECTION('',(-0.108334541838,0.994114493931));
#6125 = ( GEOMETRIC_REPRESENTATION_CONTEXT(2) 
PARAMETRIC_REPRESENTATION_CONTEXT() REPRESENTATION_CONTEXT('2D SPACE',''
  ) );
#6126 = PCURVE('',#4680,#6127);
#6127 = DEFINITIONAL_REPRESENTATION('',(#6128),#6132);
#6128 = LINE('',#6129,#6130);
#6129 = CARTESIAN_POINT('',(0.,0.3789));
#6130 = VECTOR('',#6131,1.);
#6131 = DIRECTION('',(1.,0.));
#6132 = ( GEOMETRIC_REPRESENTATION_CONTEXT(2) 
PARAMETRIC_REPRESENTATION_CONTEXT() REPRESENTATION_CONTEXT('2D SPACE',''
  ) );
#6133 = ORIENTED_EDGE('',*,*,#6088,.T.);
#6134 = ORIENTED_EDGE('',*,*,#6017,.T.);
#6135 = ORIENTED_EDGE('',*,*,#5941,.T.);
#6136 = ORIENTED_EDGE('',*,*,#5865,.T.);
#6137 = ORIENTED_EDGE('',*,*,#5789,.T.);
#6138 = ORIENTED_EDGE('',*,*,#5713,.T.);
#6139 = ORIENTED_EDGE('',*,*,#5637,.T.);
#6140 = ORIENTED_EDGE('',*,*,#5561,.T.);
#6141 = ORIENTED_EDGE('',*,*,#5485,.T.);
#6142 = ORIENTED_EDGE('',*,*,#5409,.T.);
#6143 = ORIENTED_EDGE('',*,*,#5333,.T.);
#6144 = ORIENTED_EDGE('',*,*,#5257,.T.);
#6145 = ORIENTED_EDGE('',*,*,#5181,.T.);
#6146 = ORIENTED_EDGE('',*,*,#5105,.T.);
#6147 = ORIENTED_EDGE('',*,*,#5029,.T.);
#6148 = ORIENTED_EDGE('',*,*,#4953,.T.);
#6149 = ORIENTED_EDGE('',*,*,#4849,.T.);
#6150 = ORIENTED_EDGE('',*,*,#4773,.T.);
#6151 = ADVANCED_FACE('',(#6152),#4680,.T.);
#6152 = FACE_BOUND('',#6153,.T.);
#6153 = EDGE_LOOP('',(#6154,#6155,#6176,#6177));
#6154 = ORIENTED_EDGE('',*,*,#4664,.F.);
#6155 = ORIENTED_EDGE('',*,*,#6156,.T.);
#6156 = EDGE_CURVE('',#4632,#6042,#6157,.T.);
#6157 = SURFACE_CURVE('',#6158,(#6162,#6169),.PCURVE_S1.);
#6158 = LINE('',#6159,#6160);
#6159 = CARTESIAN_POINT('',(0.5078,-2.3E-02,0.));
#6160 = VECTOR('',#6161,1.);
#6161 = DIRECTION('',(0.,0.994114493931,-0.108334541838));
#6162 = PCURVE('',#4680,#6163);
#6163 = DEFINITIONAL_REPRESENTATION('',(#6164),#6168);
#6164 = LINE('',#6165,#6166);
#6165 = CARTESIAN_POINT('',(0.,-0.3789));
#6166 = VECTOR('',#6167,1.);
#6167 = DIRECTION('',(1.,0.));
#6168 = ( GEOMETRIC_REPRESENTATION_CONTEXT(2) 
PARAMETRIC_REPRESENTATION_CONTEXT() REPRESENTATION_CONTEXT('2D SPACE',''
  ) );
#6169 = PCURVE('',#4652,#6170);
#6170 = DEFINITIONAL_REPRESENTATION('',(#6171),#6175);
#6171 = LINE('',#6172,#6173);
#6172 = CARTESIAN_POINT('',(6.E-03,-7.197115415564E-19));
#6173 = VECTOR('',#6174,1.);
#6174 = DIRECTION('',(-0.108334541838,0.994114493931));
#6175 = ( GEOMETRIC_REPRESENTATION_CONTEXT(2) 
PARAMETRIC_REPRESENTATION_CONTEXT() REPRESENTATION_CONTEXT('2D SPACE',''
  ) );
#6176 = ORIENTED_EDGE('',*,*,#6041,.T.);
#6177 = ORIENTED_EDGE('',*,*,#6113,.F.);
#6178 = ADVANCED_FACE('',(#6179),#4652,.F.);
#6179 = FACE_BOUND('',#6180,.F.);
#6180 = EDGE_LOOP('',(#6181,#6182,#6183,#6184,#6185,#6186,#6187,#6188,
    #6189,#6190,#6191,#6192,#6193,#6194,#6195,#6196,#6197,#6198,#6199,
    #6200));
#6181 = ORIENTED_EDGE('',*,*,#4629,.T.);
#6182 = ORIENTED_EDGE('',*,*,#6156,.T.);
#6183 = ORIENTED_EDGE('',*,*,#6066,.T.);
#6184 = ORIENTED_EDGE('',*,*,#5995,.T.);
#6185 = ORIENTED_EDGE('',*,*,#5919,.T.);
#6186 = ORIENTED_EDGE('',*,*,#5843,.T.);
#6187 = ORIENTED_EDGE('',*,*,#5767,.T.);
#6188 = ORIENTED_EDGE('',*,*,#5691,.T.);
#6189 = ORIENTED_EDGE('',*,*,#5615,.T.);
#6190 = ORIENTED_EDGE('',*,*,#5539,.T.);
#6191 = ORIENTED_EDGE('',*,*,#5463,.T.);
#6192 = ORIENTED_EDGE('',*,*,#5387,.T.);
#6193 = ORIENTED_EDGE('',*,*,#5311,.T.);
#6194 = ORIENTED_EDGE('',*,*,#5235,.T.);
#6195 = ORIENTED_EDGE('',*,*,#5159,.T.);
#6196 = ORIENTED_EDGE('',*,*,#5083,.T.);
#6197 = ORIENTED_EDGE('',*,*,#5007,.T.);
#6198 = ORIENTED_EDGE('',*,*,#4931,.T.);
#6199 = ORIENTED_EDGE('',*,*,#4825,.T.);
#6200 = ORIENTED_EDGE('',*,*,#4749,.T.);
#6201 = MANIFOLD_SOLID_BREP('',#6202);
#6202 = CLOSED_SHELL('',(#6203,#6323,#6399,#6475,#6551,#6627,#6703,#6779
    ,#6855,#6931,#7007,#7083,#7159,#7235,#7311,#7387,#7463,#7539,#7615,
    #7686,#7729,#7756));
#6203 = ADVANCED_FACE('',(#6204),#6218,.T.);
#6204 = FACE_BOUND('',#6205,.T.);
#6205 = EDGE_LOOP('',(#6206,#6241,#6269,#6297));
#6206 = ORIENTED_EDGE('',*,*,#6207,.T.);
#6207 = EDGE_CURVE('',#6208,#6210,#6212,.T.);
#6208 = VERTEX_POINT('',#6209);
#6209 = CARTESIAN_POINT('',(-0.16,-3.006597488844E-03,1.672353271746E-03
    ));
#6210 = VERTEX_POINT('',#6211);
#6211 = CARTESIAN_POINT('',(-0.16,0.,2.E-03));
#6212 = SURFACE_CURVE('',#6213,(#6217,#6229),.PCURVE_S1.);
#6213 = LINE('',#6214,#6215);
#6214 = CARTESIAN_POINT('',(-0.16,-3.006597488844E-03,1.672353271746E-03
    ));
#6215 = VECTOR('',#6216,1.);
#6216 = DIRECTION('',(0.,0.994114493931,0.108334541838));
#6217 = PCURVE('',#6218,#6223);
#6218 = PLANE('',#6219);
#6219 = AXIS2_PLACEMENT_3D('',#6220,#6221,#6222);
#6220 = CARTESIAN_POINT('',(-0.53,-3.006597488844E-03,1.672353271746E-03
    ));
#6221 = DIRECTION('',(0.,-0.108334541838,0.994114493931));
#6222 = DIRECTION('',(0.,0.994114493931,0.108334541838));
#6223 = DEFINITIONAL_REPRESENTATION('',(#6224),#6228);
#6224 = LINE('',#6225,#6226);
#6225 = CARTESIAN_POINT('',(0.,-0.37));
#6226 = VECTOR('',#6227,1.);
#6227 = DIRECTION('',(1.,0.));
#6228 = ( GEOMETRIC_REPRESENTATION_CONTEXT(2) 
PARAMETRIC_REPRESENTATION_CONTEXT() REPRESENTATION_CONTEXT('2D SPACE',''
  ) );
#6229 = PCURVE('',#6230,#6235);
#6230 = PLANE('',#6231);
#6231 = AXIS2_PLACEMENT_3D('',#6232,#6233,#6234);
#6232 = CARTESIAN_POINT('',(-0.16,7.93318403761E-19,-6.E-03));
#6233 = DIRECTION('',(-1.,0.,0.));
#6234 = DIRECTION('',(0.,0.,1.));
#6235 = DEFINITIONAL_REPRESENTATION('',(#6236),#6240);
#6236 = LINE('',#6237,#6238);
#6237 = CARTESIAN_POINT('',(7.672353271746E-03,-3.006597488844E-03));
#6238 = VECTOR('',#6239,1.);
#6239 = DIRECTION('',(0.108334541838,0.994114493931));
#6240 = ( GEOMETRIC_REPRESENTATION_CONTEXT(2) 
PARAMETRIC_REPRESENTATION_CONTEXT() REPRESENTATION_CONTEXT('2D SPACE',''
  ) );
#6241 = ORIENTED_EDGE('',*,*,#6242,.T.);
#6242 = EDGE_CURVE('',#6210,#6243,#6245,.T.);
#6243 = VERTEX_POINT('',#6244);
#6244 = CARTESIAN_POINT('',(-0.9,0.,2.E-03));
#6245 = SURFACE_CURVE('',#6246,(#6250,#6257),.PCURVE_S1.);
#6246 = LINE('',#6247,#6248);
#6247 = CARTESIAN_POINT('',(-0.16,0.,2.E-03));
#6248 = VECTOR('',#6249,1.);
#6249 = DIRECTION('',(-1.,0.,0.));
#6250 = PCURVE('',#6218,#6251);
#6251 = DEFINITIONAL_REPRESENTATION('',(#6252),#6256);
#6252 = LINE('',#6253,#6254);
#6253 = CARTESIAN_POINT('',(3.024397599269E-03,-0.37));
#6254 = VECTOR('',#6255,1.);
#6255 = DIRECTION('',(0.,1.));
#6256 = ( GEOMETRIC_REPRESENTATION_CONTEXT(2) 
PARAMETRIC_REPRESENTATION_CONTEXT() REPRESENTATION_CONTEXT('2D SPACE',''
  ) );
#6257 = PCURVE('',#6258,#6263);
#6258 = PLANE('',#6259);
#6259 = AXIS2_PLACEMENT_3D('',#6260,#6261,#6262);
#6260 = CARTESIAN_POINT('',(-0.53,0.,2.E-03));
#6261 = DIRECTION('',(0.,0.108334541838,0.994114493931));
#6262 = DIRECTION('',(0.,0.994114493931,-0.108334541838));
#6263 = DEFINITIONAL_REPRESENTATION('',(#6264),#6268);
#6264 = LINE('',#6265,#6266);
#6265 = CARTESIAN_POINT('',(0.,-0.37));
#6266 = VECTOR('',#6267,1.);
#6267 = DIRECTION('',(0.,1.));
#6268 = ( GEOMETRIC_REPRESENTATION_CONTEXT(2) 
PARAMETRIC_REPRESENTATION_CONTEXT() REPRESENTATION_CONTEXT('2D SPACE',''
  ) );
#6269 = ORIENTED_EDGE('',*,*,#6270,.F.);
#6270 = EDGE_CURVE('',#6271,#6243,#6273,.T.);
#6271 = VERTEX_POINT('',#6272);
#6272 = CARTESIAN_POINT('',(-0.9,-3.006597488844E-03,1.672353271746E-03)
  );
#6273 = SURFACE_CURVE('',#6274,(#6278,#6285),.PCURVE_S1.);
#6274 = LINE('',#6275,#6276);
#6275 = CARTESIAN_POINT('',(-0.9,-3.006597488844E-03,1.672353271746E-03)
  );
#6276 = VECTOR('',#6277,1.);
#6277 = DIRECTION('',(0.,0.994114493931,0.108334541838));
#6278 = PCURVE('',#6218,#6279);
#6279 = DEFINITIONAL_REPRESENTATION('',(#6280),#6284);
#6280 = LINE('',#6281,#6282);
#6281 = CARTESIAN_POINT('',(0.,0.37));
#6282 = VECTOR('',#6283,1.);
#6283 = DIRECTION('',(1.,0.));
#6284 = ( GEOMETRIC_REPRESENTATION_CONTEXT(2) 
PARAMETRIC_REPRESENTATION_CONTEXT() REPRESENTATION_CONTEXT('2D SPACE',''
  ) );
#6285 = PCURVE('',#6286,#6291);
#6286 = PLANE('',#6287);
#6287 = AXIS2_PLACEMENT_3D('',#6288,#6289,#6290);
#6288 = CARTESIAN_POINT('',(-0.9,7.93318403761E-19,-6.E-03));
#6289 = DIRECTION('',(-1.,0.,0.));
#6290 = DIRECTION('',(0.,0.,1.));
#6291 = DEFINITIONAL_REPRESENTATION('',(#6292),#6296);
#6292 = LINE('',#6293,#6294);
#6293 = CARTESIAN_POINT('',(7.672353271746E-03,-3.006597488844E-03));
#6294 = VECTOR('',#6295,1.);
#6295 = DIRECTION('',(0.108334541838,0.994114493931));
#6296 = ( GEOMETRIC_REPRESENTATION_CONTEXT(2) 
PARAMETRIC_REPRESENTATION_CONTEXT() REPRESENTATION_CONTEXT('2D SPACE',''
  ) );
#6297 = ORIENTED_EDGE('',*,*,#6298,.T.);
#6298 = EDGE_CURVE('',#6271,#6208,#6299,.T.);
#6299 = SURFACE_CURVE('',#6300,(#6304,#6311),.PCURVE_S1.);
#6300 = LINE('',#6301,#6302);
#6301 = CARTESIAN_POINT('',(-0.9,-3.006597488844E-03,1.672353271746E-03)
  );
#6302 = VECTOR('',#6303,1.);
#6303 = DIRECTION('',(1.,0.,0.));
#6304 = PCURVE('',#6218,#6305);
#6305 = DEFINITIONAL_REPRESENTATION('',(#6306),#6310);
#6306 = LINE('',#6307,#6308);
#6307 = CARTESIAN_POINT('',(0.,0.37));
#6308 = VECTOR('',#6309,1.);
#6309 = DIRECTION('',(0.,-1.));
#6310 = ( GEOMETRIC_REPRESENTATION_CONTEXT(2) 
PARAMETRIC_REPRESENTATION_CONTEXT() REPRESENTATION_CONTEXT('2D SPACE',''
  ) );
#6311 = PCURVE('',#6312,#6317);
#6312 = PLANE('',#6313);
#6313 = AXIS2_PLACEMENT_3D('',#6314,#6315,#6316);
#6314 = CARTESIAN_POINT('',(-0.53,-5.137741208067E-03,7.048339104632E-04
    ));
#6315 = DIRECTION('',(0.,-0.413384236942,0.910556682831));
#6316 = DIRECTION('',(0.,0.910556682831,0.413384236942));
#6317 = DEFINITIONAL_REPRESENTATION('',(#6318),#6322);
#6318 = LINE('',#6319,#6320);
#6319 = CARTESIAN_POINT('',(2.340484408501E-03,0.37));
#6320 = VECTOR('',#6321,1.);
#6321 = DIRECTION('',(0.,-1.));
#6322 = ( GEOMETRIC_REPRESENTATION_CONTEXT(2) 
PARAMETRIC_REPRESENTATION_CONTEXT() REPRESENTATION_CONTEXT('2D SPACE',''
  ) );
#6323 = ADVANCED_FACE('',(#6324),#6312,.T.);
#6324 = FACE_BOUND('',#6325,.T.);
#6325 = EDGE_LOOP('',(#6326,#6349,#6350,#6373));
#6326 = ORIENTED_EDGE('',*,*,#6327,.T.);
#6327 = EDGE_CURVE('',#6328,#6208,#6330,.T.);
#6328 = VERTEX_POINT('',#6329);
#6329 = CARTESIAN_POINT('',(-0.16,-5.137741208067E-03,7.048339104632E-04
    ));
#6330 = SURFACE_CURVE('',#6331,(#6335,#6342),.PCURVE_S1.);
#6331 = LINE('',#6332,#6333);
#6332 = CARTESIAN_POINT('',(-0.16,-5.137741208067E-03,7.048339104632E-04
    ));
#6333 = VECTOR('',#6334,1.);
#6334 = DIRECTION('',(0.,0.910556682831,0.413384236942));
#6335 = PCURVE('',#6312,#6336);
#6336 = DEFINITIONAL_REPRESENTATION('',(#6337),#6341);
#6337 = LINE('',#6338,#6339);
#6338 = CARTESIAN_POINT('',(0.,-0.37));
#6339 = VECTOR('',#6340,1.);
#6340 = DIRECTION('',(1.,0.));
#6341 = ( GEOMETRIC_REPRESENTATION_CONTEXT(2) 
PARAMETRIC_REPRESENTATION_CONTEXT() REPRESENTATION_CONTEXT('2D SPACE',''
  ) );
#6342 = PCURVE('',#6230,#6343);
#6343 = DEFINITIONAL_REPRESENTATION('',(#6344),#6348);
#6344 = LINE('',#6345,#6346);
#6345 = CARTESIAN_POINT('',(6.704833910463E-03,-5.137741208067E-03));
#6346 = VECTOR('',#6347,1.);
#6347 = DIRECTION('',(0.413384236942,0.910556682831));
#6348 = ( GEOMETRIC_REPRESENTATION_CONTEXT(2) 
PARAMETRIC_REPRESENTATION_CONTEXT() REPRESENTATION_CONTEXT('2D SPACE',''
  ) );
#6349 = ORIENTED_EDGE('',*,*,#6298,.F.);
#6350 = ORIENTED_EDGE('',*,*,#6351,.F.);
#6351 = EDGE_CURVE('',#6352,#6271,#6354,.T.);
#6352 = VERTEX_POINT('',#6353);
#6353 = CARTESIAN_POINT('',(-0.9,-5.137741208067E-03,7.048339104632E-04)
  );
#6354 = SURFACE_CURVE('',#6355,(#6359,#6366),.PCURVE_S1.);
#6355 = LINE('',#6356,#6357);
#6356 = CARTESIAN_POINT('',(-0.9,-5.137741208067E-03,7.048339104632E-04)
  );
#6357 = VECTOR('',#6358,1.);
#6358 = DIRECTION('',(0.,0.910556682831,0.413384236942));
#6359 = PCURVE('',#6312,#6360);
#6360 = DEFINITIONAL_REPRESENTATION('',(#6361),#6365);
#6361 = LINE('',#6362,#6363);
#6362 = CARTESIAN_POINT('',(0.,0.37));
#6363 = VECTOR('',#6364,1.);
#6364 = DIRECTION('',(1.,0.));
#6365 = ( GEOMETRIC_REPRESENTATION_CONTEXT(2) 
PARAMETRIC_REPRESENTATION_CONTEXT() REPRESENTATION_CONTEXT('2D SPACE',''
  ) );
#6366 = PCURVE('',#6286,#6367);
#6367 = DEFINITIONAL_REPRESENTATION('',(#6368),#6372);
#6368 = LINE('',#6369,#6370);
#6369 = CARTESIAN_POINT('',(6.704833910463E-03,-5.137741208067E-03));
#6370 = VECTOR('',#6371,1.);
#6371 = DIRECTION('',(0.413384236942,0.910556682831));
#6372 = ( GEOMETRIC_REPRESENTATION_CONTEXT(2) 
PARAMETRIC_REPRESENTATION_CONTEXT() REPRESENTATION_CONTEXT('2D SPACE',''
  ) );
#6373 = ORIENTED_EDGE('',*,*,#6374,.T.);
#6374 = EDGE_CURVE('',#6352,#6328,#6375,.T.);
#6375 = SURFACE_CURVE('',#6376,(#6380,#6387),.PCURVE_S1.);
#6376 = LINE('',#6377,#6378);
#6377 = CARTESIAN_POINT('',(-0.9,-5.137741208067E-03,7.048339104632E-04)
  );
#6378 = VECTOR('',#6379,1.);
#6379 = DIRECTION('',(1.,0.,0.));
#6380 = PCURVE('',#6312,#6381);
#6381 = DEFINITIONAL_REPRESENTATION('',(#6382),#6386);
#6382 = LINE('',#6383,#6384);
#6383 = CARTESIAN_POINT('',(0.,0.37));
#6384 = VECTOR('',#6385,1.);
#6385 = DIRECTION('',(0.,-1.));
#6386 = ( GEOMETRIC_REPRESENTATION_CONTEXT(2) 
PARAMETRIC_REPRESENTATION_CONTEXT() REPRESENTATION_CONTEXT('2D SPACE',''
  ) );
#6387 = PCURVE('',#6388,#6393);
#6388 = PLANE('',#6389);
#6389 = AXIS2_PLACEMENT_3D('',#6390,#6391,#6392);
#6390 = CARTESIAN_POINT('',(-0.53,-6.704833910463E-03,
    -8.622587919333E-04));
#6391 = DIRECTION('',(0.,-0.707106781187,0.707106781187));
#6392 = DIRECTION('',(0.,0.707106781187,0.707106781187));
#6393 = DEFINITIONAL_REPRESENTATION('',(#6394),#6398);
#6394 = LINE('',#6395,#6396);
#6395 = CARTESIAN_POINT('',(2.216203753225E-03,0.37));
#6396 = VECTOR('',#6397,1.);
#6397 = DIRECTION('',(0.,-1.));
#6398 = ( GEOMETRIC_REPRESENTATION_CONTEXT(2) 
PARAMETRIC_REPRESENTATION_CONTEXT() REPRESENTATION_CONTEXT('2D SPACE',''
  ) );
#6399 = ADVANCED_FACE('',(#6400),#6388,.T.);
#6400 = FACE_BOUND('',#6401,.T.);
#6401 = EDGE_LOOP('',(#6402,#6425,#6426,#6449));
#6402 = ORIENTED_EDGE('',*,*,#6403,.T.);
#6403 = EDGE_CURVE('',#6404,#6328,#6406,.T.);
#6404 = VERTEX_POINT('',#6405);
#6405 = CARTESIAN_POINT('',(-0.16,-6.704833910463E-03,
    -8.622587919333E-04));
#6406 = SURFACE_CURVE('',#6407,(#6411,#6418),.PCURVE_S1.);
#6407 = LINE('',#6408,#6409);
#6408 = CARTESIAN_POINT('',(-0.16,-6.704833910463E-03,
    -8.622587919333E-04));
#6409 = VECTOR('',#6410,1.);
#6410 = DIRECTION('',(0.,0.707106781187,0.707106781187));
#6411 = PCURVE('',#6388,#6412);
#6412 = DEFINITIONAL_REPRESENTATION('',(#6413),#6417);
#6413 = LINE('',#6414,#6415);
#6414 = CARTESIAN_POINT('',(0.,-0.37));
#6415 = VECTOR('',#6416,1.);
#6416 = DIRECTION('',(1.,0.));
#6417 = ( GEOMETRIC_REPRESENTATION_CONTEXT(2) 
PARAMETRIC_REPRESENTATION_CONTEXT() REPRESENTATION_CONTEXT('2D SPACE',''
  ) );
#6418 = PCURVE('',#6230,#6419);
#6419 = DEFINITIONAL_REPRESENTATION('',(#6420),#6424);
#6420 = LINE('',#6421,#6422);
#6421 = CARTESIAN_POINT('',(5.137741208067E-03,-6.704833910463E-03));
#6422 = VECTOR('',#6423,1.);
#6423 = DIRECTION('',(0.707106781187,0.707106781187));
#6424 = ( GEOMETRIC_REPRESENTATION_CONTEXT(2) 
PARAMETRIC_REPRESENTATION_CONTEXT() REPRESENTATION_CONTEXT('2D SPACE',''
  ) );
#6425 = ORIENTED_EDGE('',*,*,#6374,.F.);
#6426 = ORIENTED_EDGE('',*,*,#6427,.F.);
#6427 = EDGE_CURVE('',#6428,#6352,#6430,.T.);
#6428 = VERTEX_POINT('',#6429);
#6429 = CARTESIAN_POINT('',(-0.9,-6.704833910463E-03,-8.622587919333E-04
    ));
#6430 = SURFACE_CURVE('',#6431,(#6435,#6442),.PCURVE_S1.);
#6431 = LINE('',#6432,#6433);
#6432 = CARTESIAN_POINT('',(-0.9,-6.704833910463E-03,-8.622587919333E-04
    ));
#6433 = VECTOR('',#6434,1.);
#6434 = DIRECTION('',(0.,0.707106781187,0.707106781187));
#6435 = PCURVE('',#6388,#6436);
#6436 = DEFINITIONAL_REPRESENTATION('',(#6437),#6441);
#6437 = LINE('',#6438,#6439);
#6438 = CARTESIAN_POINT('',(0.,0.37));
#6439 = VECTOR('',#6440,1.);
#6440 = DIRECTION('',(1.,0.));
#6441 = ( GEOMETRIC_REPRESENTATION_CONTEXT(2) 
PARAMETRIC_REPRESENTATION_CONTEXT() REPRESENTATION_CONTEXT('2D SPACE',''
  ) );
#6442 = PCURVE('',#6286,#6443);
#6443 = DEFINITIONAL_REPRESENTATION('',(#6444),#6448);
#6444 = LINE('',#6445,#6446);
#6445 = CARTESIAN_POINT('',(5.137741208067E-03,-6.704833910463E-03));
#6446 = VECTOR('',#6447,1.);
#6447 = DIRECTION('',(0.707106781187,0.707106781187));
#6448 = ( GEOMETRIC_REPRESENTATION_CONTEXT(2) 
PARAMETRIC_REPRESENTATION_CONTEXT() REPRESENTATION_CONTEXT('2D SPACE',''
  ) );
#6449 = ORIENTED_EDGE('',*,*,#6450,.T.);
#6450 = EDGE_CURVE('',#6428,#6404,#6451,.T.);
#6451 = SURFACE_CURVE('',#6452,(#6456,#6463),.PCURVE_S1.);
#6452 = LINE('',#6453,#6454);
#6453 = CARTESIAN_POINT('',(-0.9,-6.704833910463E-03,-8.622587919333E-04
    ));
#6454 = VECTOR('',#6455,1.);
#6455 = DIRECTION('',(1.,0.,0.));
#6456 = PCURVE('',#6388,#6457);
#6457 = DEFINITIONAL_REPRESENTATION('',(#6458),#6462);
#6458 = LINE('',#6459,#6460);
#6459 = CARTESIAN_POINT('',(0.,0.37));
#6460 = VECTOR('',#6461,1.);
#6461 = DIRECTION('',(0.,-1.));
#6462 = ( GEOMETRIC_REPRESENTATION_CONTEXT(2) 
PARAMETRIC_REPRESENTATION_CONTEXT() REPRESENTATION_CONTEXT('2D SPACE',''
  ) );
#6463 = PCURVE('',#6464,#6469);
#6464 = PLANE('',#6465);
#6465 = AXIS2_PLACEMENT_3D('',#6466,#6467,#6468);
#6466 = CARTESIAN_POINT('',(-0.53,-7.672353271746E-03,
    -2.993402511156E-03));
#6467 = DIRECTION('',(0.,-0.910556682831,0.413384236942));
#6468 = DIRECTION('',(0.,0.413384236942,0.910556682831));
#6469 = DEFINITIONAL_REPRESENTATION('',(#6470),#6474);
#6470 = LINE('',#6471,#6472);
#6471 = CARTESIAN_POINT('',(2.340484408501E-03,0.37));
#6472 = VECTOR('',#6473,1.);
#6473 = DIRECTION('',(0.,-1.));
#6474 = ( GEOMETRIC_REPRESENTATION_CONTEXT(2) 
PARAMETRIC_REPRESENTATION_CONTEXT() REPRESENTATION_CONTEXT('2D SPACE',''
  ) );
#6475 = ADVANCED_FACE('',(#6476),#6464,.T.);
#6476 = FACE_BOUND('',#6477,.T.);
#6477 = EDGE_LOOP('',(#6478,#6508,#6529,#6530));
#6478 = ORIENTED_EDGE('',*,*,#6479,.F.);
#6479 = EDGE_CURVE('',#6480,#6482,#6484,.T.);
#6480 = VERTEX_POINT('',#6481);
#6481 = CARTESIAN_POINT('',(-0.16,-7.672353271746E-03,
    -2.993402511156E-03));
#6482 = VERTEX_POINT('',#6483);
#6483 = CARTESIAN_POINT('',(-0.9,-7.672353271746E-03,-2.993402511156E-03
    ));
#6484 = SURFACE_CURVE('',#6485,(#6489,#6496),.PCURVE_S1.);
#6485 = LINE('',#6486,#6487);
#6486 = CARTESIAN_POINT('',(-0.16,-7.672353271746E-03,
    -2.993402511156E-03));
#6487 = VECTOR('',#6488,1.);
#6488 = DIRECTION('',(-1.,0.,0.));
#6489 = PCURVE('',#6464,#6490);
#6490 = DEFINITIONAL_REPRESENTATION('',(#6491),#6495);
#6491 = LINE('',#6492,#6493);
#6492 = CARTESIAN_POINT('',(0.,-0.37));
#6493 = VECTOR('',#6494,1.);
#6494 = DIRECTION('',(0.,1.));
#6495 = ( GEOMETRIC_REPRESENTATION_CONTEXT(2) 
PARAMETRIC_REPRESENTATION_CONTEXT() REPRESENTATION_CONTEXT('2D SPACE',''
  ) );
#6496 = PCURVE('',#6497,#6502);
#6497 = PLANE('',#6498);
#6498 = AXIS2_PLACEMENT_3D('',#6499,#6500,#6501);
#6499 = CARTESIAN_POINT('',(-0.53,-8.E-03,-6.000000000001E-03));
#6500 = DIRECTION('',(0.,-0.994114493932,0.108334541838));
#6501 = DIRECTION('',(0.,0.108334541838,0.994114493932));
#6502 = DEFINITIONAL_REPRESENTATION('',(#6503),#6507);
#6503 = LINE('',#6504,#6505);
#6504 = CARTESIAN_POINT('',(3.024397599269E-03,-0.37));
#6505 = VECTOR('',#6506,1.);
#6506 = DIRECTION('',(0.,1.));
#6507 = ( GEOMETRIC_REPRESENTATION_CONTEXT(2) 
PARAMETRIC_REPRESENTATION_CONTEXT() REPRESENTATION_CONTEXT('2D SPACE',''
  ) );
#6508 = ORIENTED_EDGE('',*,*,#6509,.T.);
#6509 = EDGE_CURVE('',#6480,#6404,#6510,.T.);
#6510 = SURFACE_CURVE('',#6511,(#6515,#6522),.PCURVE_S1.);
#6511 = LINE('',#6512,#6513);
#6512 = CARTESIAN_POINT('',(-0.16,-7.672353271746E-03,
    -2.993402511156E-03));
#6513 = VECTOR('',#6514,1.);
#6514 = DIRECTION('',(0.,0.413384236942,0.910556682831));
#6515 = PCURVE('',#6464,#6516);
#6516 = DEFINITIONAL_REPRESENTATION('',(#6517),#6521);
#6517 = LINE('',#6518,#6519);
#6518 = CARTESIAN_POINT('',(0.,-0.37));
#6519 = VECTOR('',#6520,1.);
#6520 = DIRECTION('',(1.,0.));
#6521 = ( GEOMETRIC_REPRESENTATION_CONTEXT(2) 
PARAMETRIC_REPRESENTATION_CONTEXT() REPRESENTATION_CONTEXT('2D SPACE',''
  ) );
#6522 = PCURVE('',#6230,#6523);
#6523 = DEFINITIONAL_REPRESENTATION('',(#6524),#6528);
#6524 = LINE('',#6525,#6526);
#6525 = CARTESIAN_POINT('',(3.006597488844E-03,-7.672353271746E-03));
#6526 = VECTOR('',#6527,1.);
#6527 = DIRECTION('',(0.910556682831,0.413384236942));
#6528 = ( GEOMETRIC_REPRESENTATION_CONTEXT(2) 
PARAMETRIC_REPRESENTATION_CONTEXT() REPRESENTATION_CONTEXT('2D SPACE',''
  ) );
#6529 = ORIENTED_EDGE('',*,*,#6450,.F.);
#6530 = ORIENTED_EDGE('',*,*,#6531,.F.);
#6531 = EDGE_CURVE('',#6482,#6428,#6532,.T.);
#6532 = SURFACE_CURVE('',#6533,(#6537,#6544),.PCURVE_S1.);
#6533 = LINE('',#6534,#6535);
#6534 = CARTESIAN_POINT('',(-0.9,-7.672353271746E-03,-2.993402511156E-03
    ));
#6535 = VECTOR('',#6536,1.);
#6536 = DIRECTION('',(0.,0.413384236942,0.910556682831));
#6537 = PCURVE('',#6464,#6538);
#6538 = DEFINITIONAL_REPRESENTATION('',(#6539),#6543);
#6539 = LINE('',#6540,#6541);
#6540 = CARTESIAN_POINT('',(0.,0.37));
#6541 = VECTOR('',#6542,1.);
#6542 = DIRECTION('',(1.,0.));
#6543 = ( GEOMETRIC_REPRESENTATION_CONTEXT(2) 
PARAMETRIC_REPRESENTATION_CONTEXT() REPRESENTATION_CONTEXT('2D SPACE',''
  ) );
#6544 = PCURVE('',#6286,#6545);
#6545 = DEFINITIONAL_REPRESENTATION('',(#6546),#6550);
#6546 = LINE('',#6547,#6548);
#6547 = CARTESIAN_POINT('',(3.006597488844E-03,-7.672353271746E-03));
#6548 = VECTOR('',#6549,1.);
#6549 = DIRECTION('',(0.910556682831,0.413384236942));
#6550 = ( GEOMETRIC_REPRESENTATION_CONTEXT(2) 
PARAMETRIC_REPRESENTATION_CONTEXT() REPRESENTATION_CONTEXT('2D SPACE',''
  ) );
#6551 = ADVANCED_FACE('',(#6552),#6497,.T.);
#6552 = FACE_BOUND('',#6553,.T.);
#6553 = EDGE_LOOP('',(#6554,#6584,#6605,#6606));
#6554 = ORIENTED_EDGE('',*,*,#6555,.F.);
#6555 = EDGE_CURVE('',#6556,#6558,#6560,.T.);
#6556 = VERTEX_POINT('',#6557);
#6557 = CARTESIAN_POINT('',(-0.16,-8.E-03,-6.000000000001E-03));
#6558 = VERTEX_POINT('',#6559);
#6559 = CARTESIAN_POINT('',(-0.9,-8.E-03,-6.000000000001E-03));
#6560 = SURFACE_CURVE('',#6561,(#6565,#6572),.PCURVE_S1.);
#6561 = LINE('',#6562,#6563);
#6562 = CARTESIAN_POINT('',(-0.16,-8.E-03,-6.000000000001E-03));
#6563 = VECTOR('',#6564,1.);
#6564 = DIRECTION('',(-1.,0.,0.));
#6565 = PCURVE('',#6497,#6566);
#6566 = DEFINITIONAL_REPRESENTATION('',(#6567),#6571);
#6567 = LINE('',#6568,#6569);
#6568 = CARTESIAN_POINT('',(0.,-0.37));
#6569 = VECTOR('',#6570,1.);
#6570 = DIRECTION('',(0.,1.));
#6571 = ( GEOMETRIC_REPRESENTATION_CONTEXT(2) 
PARAMETRIC_REPRESENTATION_CONTEXT() REPRESENTATION_CONTEXT('2D SPACE',''
  ) );
#6572 = PCURVE('',#6573,#6578);
#6573 = PLANE('',#6574);
#6574 = AXIS2_PLACEMENT_3D('',#6575,#6576,#6577);
#6575 = CARTESIAN_POINT('',(-0.53,-7.672353271746E-03,
    -9.006597488844E-03));
#6576 = DIRECTION('',(-0.,-0.994114493931,-0.108334541838));
#6577 = DIRECTION('',(0.,-0.108334541838,0.994114493931));
#6578 = DEFINITIONAL_REPRESENTATION('',(#6579),#6583);
#6579 = LINE('',#6580,#6581);
#6580 = CARTESIAN_POINT('',(3.024397599268E-03,-0.37));
#6581 = VECTOR('',#6582,1.);
#6582 = DIRECTION('',(0.,1.));
#6583 = ( GEOMETRIC_REPRESENTATION_CONTEXT(2) 
PARAMETRIC_REPRESENTATION_CONTEXT() REPRESENTATION_CONTEXT('2D SPACE',''
  ) );
#6584 = ORIENTED_EDGE('',*,*,#6585,.T.);
#6585 = EDGE_CURVE('',#6556,#6480,#6586,.T.);
#6586 = SURFACE_CURVE('',#6587,(#6591,#6598),.PCURVE_S1.);
#6587 = LINE('',#6588,#6589);
#6588 = CARTESIAN_POINT('',(-0.16,-8.E-03,-6.000000000001E-03));
#6589 = VECTOR('',#6590,1.);
#6590 = DIRECTION('',(0.,0.108334541838,0.994114493932));
#6591 = PCURVE('',#6497,#6592);
#6592 = DEFINITIONAL_REPRESENTATION('',(#6593),#6597);
#6593 = LINE('',#6594,#6595);
#6594 = CARTESIAN_POINT('',(0.,-0.37));
#6595 = VECTOR('',#6596,1.);
#6596 = DIRECTION('',(1.,0.));
#6597 = ( GEOMETRIC_REPRESENTATION_CONTEXT(2) 
PARAMETRIC_REPRESENTATION_CONTEXT() REPRESENTATION_CONTEXT('2D SPACE',''
  ) );
#6598 = PCURVE('',#6230,#6599);
#6599 = DEFINITIONAL_REPRESENTATION('',(#6600),#6604);
#6600 = LINE('',#6601,#6602);
#6601 = CARTESIAN_POINT('',(-6.161086463785E-16,-8.E-03));
#6602 = VECTOR('',#6603,1.);
#6603 = DIRECTION('',(0.994114493932,0.108334541838));
#6604 = ( GEOMETRIC_REPRESENTATION_CONTEXT(2) 
PARAMETRIC_REPRESENTATION_CONTEXT() REPRESENTATION_CONTEXT('2D SPACE',''
  ) );
#6605 = ORIENTED_EDGE('',*,*,#6479,.T.);
#6606 = ORIENTED_EDGE('',*,*,#6607,.F.);
#6607 = EDGE_CURVE('',#6558,#6482,#6608,.T.);
#6608 = SURFACE_CURVE('',#6609,(#6613,#6620),.PCURVE_S1.);
#6609 = LINE('',#6610,#6611);
#6610 = CARTESIAN_POINT('',(-0.9,-8.E-03,-6.000000000001E-03));
#6611 = VECTOR('',#6612,1.);
#6612 = DIRECTION('',(0.,0.108334541838,0.994114493932));
#6613 = PCURVE('',#6497,#6614);
#6614 = DEFINITIONAL_REPRESENTATION('',(#6615),#6619);
#6615 = LINE('',#6616,#6617);
#6616 = CARTESIAN_POINT('',(0.,0.37));
#6617 = VECTOR('',#6618,1.);
#6618 = DIRECTION('',(1.,0.));
#6619 = ( GEOMETRIC_REPRESENTATION_CONTEXT(2) 
PARAMETRIC_REPRESENTATION_CONTEXT() REPRESENTATION_CONTEXT('2D SPACE',''
  ) );
#6620 = PCURVE('',#6286,#6621);
#6621 = DEFINITIONAL_REPRESENTATION('',(#6622),#6626);
#6622 = LINE('',#6623,#6624);
#6623 = CARTESIAN_POINT('',(-6.161086463785E-16,-8.E-03));
#6624 = VECTOR('',#6625,1.);
#6625 = DIRECTION('',(0.994114493932,0.108334541838));
#6626 = ( GEOMETRIC_REPRESENTATION_CONTEXT(2) 
PARAMETRIC_REPRESENTATION_CONTEXT() REPRESENTATION_CONTEXT('2D SPACE',''
  ) );
#6627 = ADVANCED_FACE('',(#6628),#6573,.T.);
#6628 = FACE_BOUND('',#6629,.T.);
#6629 = EDGE_LOOP('',(#6630,#6660,#6681,#6682));
#6630 = ORIENTED_EDGE('',*,*,#6631,.F.);
#6631 = EDGE_CURVE('',#6632,#6634,#6636,.T.);
#6632 = VERTEX_POINT('',#6633);
#6633 = CARTESIAN_POINT('',(-0.16,-7.672353271746E-03,
    -9.006597488844E-03));
#6634 = VERTEX_POINT('',#6635);
#6635 = CARTESIAN_POINT('',(-0.9,-7.672353271746E-03,-9.006597488844E-03
    ));
#6636 = SURFACE_CURVE('',#6637,(#6641,#6648),.PCURVE_S1.);
#6637 = LINE('',#6638,#6639);
#6638 = CARTESIAN_POINT('',(-0.16,-7.672353271746E-03,
    -9.006597488844E-03));
#6639 = VECTOR('',#6640,1.);
#6640 = DIRECTION('',(-1.,0.,0.));
#6641 = PCURVE('',#6573,#6642);
#6642 = DEFINITIONAL_REPRESENTATION('',(#6643),#6647);
#6643 = LINE('',#6644,#6645);
#6644 = CARTESIAN_POINT('',(0.,-0.37));
#6645 = VECTOR('',#6646,1.);
#6646 = DIRECTION('',(0.,1.));
#6647 = ( GEOMETRIC_REPRESENTATION_CONTEXT(2) 
PARAMETRIC_REPRESENTATION_CONTEXT() REPRESENTATION_CONTEXT('2D SPACE',''
  ) );
#6648 = PCURVE('',#6649,#6654);
#6649 = PLANE('',#6650);
#6650 = AXIS2_PLACEMENT_3D('',#6651,#6652,#6653);
#6651 = CARTESIAN_POINT('',(-0.53,-6.704833910463E-03,
    -1.113774120807E-02));
#6652 = DIRECTION('',(-0.,-0.910556682831,-0.413384236942));
#6653 = DIRECTION('',(0.,-0.413384236942,0.910556682831));
#6654 = DEFINITIONAL_REPRESENTATION('',(#6655),#6659);
#6655 = LINE('',#6656,#6657);
#6656 = CARTESIAN_POINT('',(2.340484408501E-03,-0.37));
#6657 = VECTOR('',#6658,1.);
#6658 = DIRECTION('',(0.,1.));
#6659 = ( GEOMETRIC_REPRESENTATION_CONTEXT(2) 
PARAMETRIC_REPRESENTATION_CONTEXT() REPRESENTATION_CONTEXT('2D SPACE',''
  ) );
#6660 = ORIENTED_EDGE('',*,*,#6661,.T.);
#6661 = EDGE_CURVE('',#6632,#6556,#6662,.T.);
#6662 = SURFACE_CURVE('',#6663,(#6667,#6674),.PCURVE_S1.);
#6663 = LINE('',#6664,#6665);
#6664 = CARTESIAN_POINT('',(-0.16,-7.672353271746E-03,
    -9.006597488844E-03));
#6665 = VECTOR('',#6666,1.);
#6666 = DIRECTION('',(0.,-0.108334541838,0.994114493931));
#6667 = PCURVE('',#6573,#6668);
#6668 = DEFINITIONAL_REPRESENTATION('',(#6669),#6673);
#6669 = LINE('',#6670,#6671);
#6670 = CARTESIAN_POINT('',(0.,-0.37));
#6671 = VECTOR('',#6672,1.);
#6672 = DIRECTION('',(1.,0.));
#6673 = ( GEOMETRIC_REPRESENTATION_CONTEXT(2) 
PARAMETRIC_REPRESENTATION_CONTEXT() REPRESENTATION_CONTEXT('2D SPACE',''
  ) );
#6674 = PCURVE('',#6230,#6675);
#6675 = DEFINITIONAL_REPRESENTATION('',(#6676),#6680);
#6676 = LINE('',#6677,#6678);
#6677 = CARTESIAN_POINT('',(-3.006597488844E-03,-7.672353271746E-03));
#6678 = VECTOR('',#6679,1.);
#6679 = DIRECTION('',(0.994114493931,-0.108334541838));
#6680 = ( GEOMETRIC_REPRESENTATION_CONTEXT(2) 
PARAMETRIC_REPRESENTATION_CONTEXT() REPRESENTATION_CONTEXT('2D SPACE',''
  ) );
#6681 = ORIENTED_EDGE('',*,*,#6555,.T.);
#6682 = ORIENTED_EDGE('',*,*,#6683,.F.);
#6683 = EDGE_CURVE('',#6634,#6558,#6684,.T.);
#6684 = SURFACE_CURVE('',#6685,(#6689,#6696),.PCURVE_S1.);
#6685 = LINE('',#6686,#6687);
#6686 = CARTESIAN_POINT('',(-0.9,-7.672353271746E-03,-9.006597488844E-03
    ));
#6687 = VECTOR('',#6688,1.);
#6688 = DIRECTION('',(0.,-0.108334541838,0.994114493931));
#6689 = PCURVE('',#6573,#6690);
#6690 = DEFINITIONAL_REPRESENTATION('',(#6691),#6695);
#6691 = LINE('',#6692,#6693);
#6692 = CARTESIAN_POINT('',(0.,0.37));
#6693 = VECTOR('',#6694,1.);
#6694 = DIRECTION('',(1.,0.));
#6695 = ( GEOMETRIC_REPRESENTATION_CONTEXT(2) 
PARAMETRIC_REPRESENTATION_CONTEXT() REPRESENTATION_CONTEXT('2D SPACE',''
  ) );
#6696 = PCURVE('',#6286,#6697);
#6697 = DEFINITIONAL_REPRESENTATION('',(#6698),#6702);
#6698 = LINE('',#6699,#6700);
#6699 = CARTESIAN_POINT('',(-3.006597488844E-03,-7.672353271746E-03));
#6700 = VECTOR('',#6701,1.);
#6701 = DIRECTION('',(0.994114493931,-0.108334541838));
#6702 = ( GEOMETRIC_REPRESENTATION_CONTEXT(2) 
PARAMETRIC_REPRESENTATION_CONTEXT() REPRESENTATION_CONTEXT('2D SPACE',''
  ) );
#6703 = ADVANCED_FACE('',(#6704),#6649,.T.);
#6704 = FACE_BOUND('',#6705,.T.);
#6705 = EDGE_LOOP('',(#6706,#6736,#6757,#6758));
#6706 = ORIENTED_EDGE('',*,*,#6707,.F.);
#6707 = EDGE_CURVE('',#6708,#6710,#6712,.T.);
#6708 = VERTEX_POINT('',#6709);
#6709 = CARTESIAN_POINT('',(-0.16,-6.704833910463E-03,
    -1.113774120807E-02));
#6710 = VERTEX_POINT('',#6711);
#6711 = CARTESIAN_POINT('',(-0.9,-6.704833910463E-03,-1.113774120807E-02
    ));
#6712 = SURFACE_CURVE('',#6713,(#6717,#6724),.PCURVE_S1.);
#6713 = LINE('',#6714,#6715);
#6714 = CARTESIAN_POINT('',(-0.16,-6.704833910463E-03,
    -1.113774120807E-02));
#6715 = VECTOR('',#6716,1.);
#6716 = DIRECTION('',(-1.,0.,0.));
#6717 = PCURVE('',#6649,#6718);
#6718 = DEFINITIONAL_REPRESENTATION('',(#6719),#6723);
#6719 = LINE('',#6720,#6721);
#6720 = CARTESIAN_POINT('',(0.,-0.37));
#6721 = VECTOR('',#6722,1.);
#6722 = DIRECTION('',(0.,1.));
#6723 = ( GEOMETRIC_REPRESENTATION_CONTEXT(2) 
PARAMETRIC_REPRESENTATION_CONTEXT() REPRESENTATION_CONTEXT('2D SPACE',''
  ) );
#6724 = PCURVE('',#6725,#6730);
#6725 = PLANE('',#6726);
#6726 = AXIS2_PLACEMENT_3D('',#6727,#6728,#6729);
#6727 = CARTESIAN_POINT('',(-0.53,-5.137741208067E-03,
    -1.270483391046E-02));
#6728 = DIRECTION('',(-0.,-0.707106781187,-0.707106781187));
#6729 = DIRECTION('',(0.,-0.707106781187,0.707106781187));
#6730 = DEFINITIONAL_REPRESENTATION('',(#6731),#6735);
#6731 = LINE('',#6732,#6733);
#6732 = CARTESIAN_POINT('',(2.216203753225E-03,-0.37));
#6733 = VECTOR('',#6734,1.);
#6734 = DIRECTION('',(0.,1.));
#6735 = ( GEOMETRIC_REPRESENTATION_CONTEXT(2) 
PARAMETRIC_REPRESENTATION_CONTEXT() REPRESENTATION_CONTEXT('2D SPACE',''
  ) );
#6736 = ORIENTED_EDGE('',*,*,#6737,.T.);
#6737 = EDGE_CURVE('',#6708,#6632,#6738,.T.);
#6738 = SURFACE_CURVE('',#6739,(#6743,#6750),.PCURVE_S1.);
#6739 = LINE('',#6740,#6741);
#6740 = CARTESIAN_POINT('',(-0.16,-6.704833910463E-03,
    -1.113774120807E-02));
#6741 = VECTOR('',#6742,1.);
#6742 = DIRECTION('',(0.,-0.413384236942,0.910556682831));
#6743 = PCURVE('',#6649,#6744);
#6744 = DEFINITIONAL_REPRESENTATION('',(#6745),#6749);
#6745 = LINE('',#6746,#6747);
#6746 = CARTESIAN_POINT('',(0.,-0.37));
#6747 = VECTOR('',#6748,1.);
#6748 = DIRECTION('',(1.,0.));
#6749 = ( GEOMETRIC_REPRESENTATION_CONTEXT(2) 
PARAMETRIC_REPRESENTATION_CONTEXT() REPRESENTATION_CONTEXT('2D SPACE',''
  ) );
#6750 = PCURVE('',#6230,#6751);
#6751 = DEFINITIONAL_REPRESENTATION('',(#6752),#6756);
#6752 = LINE('',#6753,#6754);
#6753 = CARTESIAN_POINT('',(-5.137741208067E-03,-6.704833910463E-03));
#6754 = VECTOR('',#6755,1.);
#6755 = DIRECTION('',(0.910556682831,-0.413384236942));
#6756 = ( GEOMETRIC_REPRESENTATION_CONTEXT(2) 
PARAMETRIC_REPRESENTATION_CONTEXT() REPRESENTATION_CONTEXT('2D SPACE',''
  ) );
#6757 = ORIENTED_EDGE('',*,*,#6631,.T.);
#6758 = ORIENTED_EDGE('',*,*,#6759,.F.);
#6759 = EDGE_CURVE('',#6710,#6634,#6760,.T.);
#6760 = SURFACE_CURVE('',#6761,(#6765,#6772),.PCURVE_S1.);
#6761 = LINE('',#6762,#6763);
#6762 = CARTESIAN_POINT('',(-0.9,-6.704833910463E-03,-1.113774120807E-02
    ));
#6763 = VECTOR('',#6764,1.);
#6764 = DIRECTION('',(0.,-0.413384236942,0.910556682831));
#6765 = PCURVE('',#6649,#6766);
#6766 = DEFINITIONAL_REPRESENTATION('',(#6767),#6771);
#6767 = LINE('',#6768,#6769);
#6768 = CARTESIAN_POINT('',(0.,0.37));
#6769 = VECTOR('',#6770,1.);
#6770 = DIRECTION('',(1.,0.));
#6771 = ( GEOMETRIC_REPRESENTATION_CONTEXT(2) 
PARAMETRIC_REPRESENTATION_CONTEXT() REPRESENTATION_CONTEXT('2D SPACE',''
  ) );
#6772 = PCURVE('',#6286,#6773);
#6773 = DEFINITIONAL_REPRESENTATION('',(#6774),#6778);
#6774 = LINE('',#6775,#6776);
#6775 = CARTESIAN_POINT('',(-5.137741208067E-03,-6.704833910463E-03));
#6776 = VECTOR('',#6777,1.);
#6777 = DIRECTION('',(0.910556682831,-0.413384236942));
#6778 = ( GEOMETRIC_REPRESENTATION_CONTEXT(2) 
PARAMETRIC_REPRESENTATION_CONTEXT() REPRESENTATION_CONTEXT('2D SPACE',''
  ) );
#6779 = ADVANCED_FACE('',(#6780),#6725,.T.);
#6780 = FACE_BOUND('',#6781,.T.);
#6781 = EDGE_LOOP('',(#6782,#6812,#6833,#6834));
#6782 = ORIENTED_EDGE('',*,*,#6783,.F.);
#6783 = EDGE_CURVE('',#6784,#6786,#6788,.T.);
#6784 = VERTEX_POINT('',#6785);
#6785 = CARTESIAN_POINT('',(-0.16,-5.137741208067E-03,
    -1.270483391046E-02));
#6786 = VERTEX_POINT('',#6787);
#6787 = CARTESIAN_POINT('',(-0.9,-5.137741208067E-03,-1.270483391046E-02
    ));
#6788 = SURFACE_CURVE('',#6789,(#6793,#6800),.PCURVE_S1.);
#6789 = LINE('',#6790,#6791);
#6790 = CARTESIAN_POINT('',(-0.16,-5.137741208067E-03,
    -1.270483391046E-02));
#6791 = VECTOR('',#6792,1.);
#6792 = DIRECTION('',(-1.,0.,0.));
#6793 = PCURVE('',#6725,#6794);
#6794 = DEFINITIONAL_REPRESENTATION('',(#6795),#6799);
#6795 = LINE('',#6796,#6797);
#6796 = CARTESIAN_POINT('',(0.,-0.37));
#6797 = VECTOR('',#6798,1.);
#6798 = DIRECTION('',(0.,1.));
#6799 = ( GEOMETRIC_REPRESENTATION_CONTEXT(2) 
PARAMETRIC_REPRESENTATION_CONTEXT() REPRESENTATION_CONTEXT('2D SPACE',''
  ) );
#6800 = PCURVE('',#6801,#6806);
#6801 = PLANE('',#6802);
#6802 = AXIS2_PLACEMENT_3D('',#6803,#6804,#6805);
#6803 = CARTESIAN_POINT('',(-0.53,-3.006597488844E-03,
    -1.367235327175E-02));
#6804 = DIRECTION('',(-0.,-0.413384236942,-0.910556682831));
#6805 = DIRECTION('',(0.,-0.910556682831,0.413384236942));
#6806 = DEFINITIONAL_REPRESENTATION('',(#6807),#6811);
#6807 = LINE('',#6808,#6809);
#6808 = CARTESIAN_POINT('',(2.340484408501E-03,-0.37));
#6809 = VECTOR('',#6810,1.);
#6810 = DIRECTION('',(0.,1.));
#6811 = ( GEOMETRIC_REPRESENTATION_CONTEXT(2) 
PARAMETRIC_REPRESENTATION_CONTEXT() REPRESENTATION_CONTEXT('2D SPACE',''
  ) );
#6812 = ORIENTED_EDGE('',*,*,#6813,.T.);
#6813 = EDGE_CURVE('',#6784,#6708,#6814,.T.);
#6814 = SURFACE_CURVE('',#6815,(#6819,#6826),.PCURVE_S1.);
#6815 = LINE('',#6816,#6817);
#6816 = CARTESIAN_POINT('',(-0.16,-5.137741208067E-03,
    -1.270483391046E-02));
#6817 = VECTOR('',#6818,1.);
#6818 = DIRECTION('',(0.,-0.707106781187,0.707106781187));
#6819 = PCURVE('',#6725,#6820);
#6820 = DEFINITIONAL_REPRESENTATION('',(#6821),#6825);
#6821 = LINE('',#6822,#6823);
#6822 = CARTESIAN_POINT('',(0.,-0.37));
#6823 = VECTOR('',#6824,1.);
#6824 = DIRECTION('',(1.,0.));
#6825 = ( GEOMETRIC_REPRESENTATION_CONTEXT(2) 
PARAMETRIC_REPRESENTATION_CONTEXT() REPRESENTATION_CONTEXT('2D SPACE',''
  ) );
#6826 = PCURVE('',#6230,#6827);
#6827 = DEFINITIONAL_REPRESENTATION('',(#6828),#6832);
#6828 = LINE('',#6829,#6830);
#6829 = CARTESIAN_POINT('',(-6.704833910463E-03,-5.137741208067E-03));
#6830 = VECTOR('',#6831,1.);
#6831 = DIRECTION('',(0.707106781187,-0.707106781187));
#6832 = ( GEOMETRIC_REPRESENTATION_CONTEXT(2) 
PARAMETRIC_REPRESENTATION_CONTEXT() REPRESENTATION_CONTEXT('2D SPACE',''
  ) );
#6833 = ORIENTED_EDGE('',*,*,#6707,.T.);
#6834 = ORIENTED_EDGE('',*,*,#6835,.F.);
#6835 = EDGE_CURVE('',#6786,#6710,#6836,.T.);
#6836 = SURFACE_CURVE('',#6837,(#6841,#6848),.PCURVE_S1.);
#6837 = LINE('',#6838,#6839);
#6838 = CARTESIAN_POINT('',(-0.9,-5.137741208067E-03,-1.270483391046E-02
    ));
#6839 = VECTOR('',#6840,1.);
#6840 = DIRECTION('',(0.,-0.707106781187,0.707106781187));
#6841 = PCURVE('',#6725,#6842);
#6842 = DEFINITIONAL_REPRESENTATION('',(#6843),#6847);
#6843 = LINE('',#6844,#6845);
#6844 = CARTESIAN_POINT('',(0.,0.37));
#6845 = VECTOR('',#6846,1.);
#6846 = DIRECTION('',(1.,0.));
#6847 = ( GEOMETRIC_REPRESENTATION_CONTEXT(2) 
PARAMETRIC_REPRESENTATION_CONTEXT() REPRESENTATION_CONTEXT('2D SPACE',''
  ) );
#6848 = PCURVE('',#6286,#6849);
#6849 = DEFINITIONAL_REPRESENTATION('',(#6850),#6854);
#6850 = LINE('',#6851,#6852);
#6851 = CARTESIAN_POINT('',(-6.704833910463E-03,-5.137741208067E-03));
#6852 = VECTOR('',#6853,1.);
#6853 = DIRECTION('',(0.707106781187,-0.707106781187));
#6854 = ( GEOMETRIC_REPRESENTATION_CONTEXT(2) 
PARAMETRIC_REPRESENTATION_CONTEXT() REPRESENTATION_CONTEXT('2D SPACE',''
  ) );
#6855 = ADVANCED_FACE('',(#6856),#6801,.T.);
#6856 = FACE_BOUND('',#6857,.T.);
#6857 = EDGE_LOOP('',(#6858,#6888,#6909,#6910));
#6858 = ORIENTED_EDGE('',*,*,#6859,.F.);
#6859 = EDGE_CURVE('',#6860,#6862,#6864,.T.);
#6860 = VERTEX_POINT('',#6861);
#6861 = CARTESIAN_POINT('',(-0.16,-3.006597488844E-03,
    -1.367235327175E-02));
#6862 = VERTEX_POINT('',#6863);
#6863 = CARTESIAN_POINT('',(-0.9,-3.006597488844E-03,-1.367235327175E-02
    ));
#6864 = SURFACE_CURVE('',#6865,(#6869,#6876),.PCURVE_S1.);
#6865 = LINE('',#6866,#6867);
#6866 = CARTESIAN_POINT('',(-0.16,-3.006597488844E-03,
    -1.367235327175E-02));
#6867 = VECTOR('',#6868,1.);
#6868 = DIRECTION('',(-1.,0.,0.));
#6869 = PCURVE('',#6801,#6870);
#6870 = DEFINITIONAL_REPRESENTATION('',(#6871),#6875);
#6871 = LINE('',#6872,#6873);
#6872 = CARTESIAN_POINT('',(0.,-0.37));
#6873 = VECTOR('',#6874,1.);
#6874 = DIRECTION('',(0.,1.));
#6875 = ( GEOMETRIC_REPRESENTATION_CONTEXT(2) 
PARAMETRIC_REPRESENTATION_CONTEXT() REPRESENTATION_CONTEXT('2D SPACE',''
  ) );
#6876 = PCURVE('',#6877,#6882);
#6877 = PLANE('',#6878);
#6878 = AXIS2_PLACEMENT_3D('',#6879,#6880,#6881);
#6879 = CARTESIAN_POINT('',(-0.53,4.396418534378E-16,-1.4E-02));
#6880 = DIRECTION('',(-0.,-0.108334541838,-0.994114493931));
#6881 = DIRECTION('',(0.,-0.994114493931,0.108334541838));
#6882 = DEFINITIONAL_REPRESENTATION('',(#6883),#6887);
#6883 = LINE('',#6884,#6885);
#6884 = CARTESIAN_POINT('',(3.024397599269E-03,-0.37));
#6885 = VECTOR('',#6886,1.);
#6886 = DIRECTION('',(0.,1.));
#6887 = ( GEOMETRIC_REPRESENTATION_CONTEXT(2) 
PARAMETRIC_REPRESENTATION_CONTEXT() REPRESENTATION_CONTEXT('2D SPACE',''
  ) );
#6888 = ORIENTED_EDGE('',*,*,#6889,.T.);
#6889 = EDGE_CURVE('',#6860,#6784,#6890,.T.);
#6890 = SURFACE_CURVE('',#6891,(#6895,#6902),.PCURVE_S1.);
#6891 = LINE('',#6892,#6893);
#6892 = CARTESIAN_POINT('',(-0.16,-3.006597488844E-03,
    -1.367235327175E-02));
#6893 = VECTOR('',#6894,1.);
#6894 = DIRECTION('',(0.,-0.910556682831,0.413384236942));
#6895 = PCURVE('',#6801,#6896);
#6896 = DEFINITIONAL_REPRESENTATION('',(#6897),#6901);
#6897 = LINE('',#6898,#6899);
#6898 = CARTESIAN_POINT('',(0.,-0.37));
#6899 = VECTOR('',#6900,1.);
#6900 = DIRECTION('',(1.,0.));
#6901 = ( GEOMETRIC_REPRESENTATION_CONTEXT(2) 
PARAMETRIC_REPRESENTATION_CONTEXT() REPRESENTATION_CONTEXT('2D SPACE',''
  ) );
#6902 = PCURVE('',#6230,#6903);
#6903 = DEFINITIONAL_REPRESENTATION('',(#6904),#6908);
#6904 = LINE('',#6905,#6906);
#6905 = CARTESIAN_POINT('',(-7.672353271746E-03,-3.006597488844E-03));
#6906 = VECTOR('',#6907,1.);
#6907 = DIRECTION('',(0.413384236942,-0.910556682831));
#6908 = ( GEOMETRIC_REPRESENTATION_CONTEXT(2) 
PARAMETRIC_REPRESENTATION_CONTEXT() REPRESENTATION_CONTEXT('2D SPACE',''
  ) );
#6909 = ORIENTED_EDGE('',*,*,#6783,.T.);
#6910 = ORIENTED_EDGE('',*,*,#6911,.F.);
#6911 = EDGE_CURVE('',#6862,#6786,#6912,.T.);
#6912 = SURFACE_CURVE('',#6913,(#6917,#6924),.PCURVE_S1.);
#6913 = LINE('',#6914,#6915);
#6914 = CARTESIAN_POINT('',(-0.9,-3.006597488844E-03,-1.367235327175E-02
    ));
#6915 = VECTOR('',#6916,1.);
#6916 = DIRECTION('',(0.,-0.910556682831,0.413384236942));
#6917 = PCURVE('',#6801,#6918);
#6918 = DEFINITIONAL_REPRESENTATION('',(#6919),#6923);
#6919 = LINE('',#6920,#6921);
#6920 = CARTESIAN_POINT('',(0.,0.37));
#6921 = VECTOR('',#6922,1.);
#6922 = DIRECTION('',(1.,0.));
#6923 = ( GEOMETRIC_REPRESENTATION_CONTEXT(2) 
PARAMETRIC_REPRESENTATION_CONTEXT() REPRESENTATION_CONTEXT('2D SPACE',''
  ) );
#6924 = PCURVE('',#6286,#6925);
#6925 = DEFINITIONAL_REPRESENTATION('',(#6926),#6930);
#6926 = LINE('',#6927,#6928);
#6927 = CARTESIAN_POINT('',(-7.672353271746E-03,-3.006597488844E-03));
#6928 = VECTOR('',#6929,1.);
#6929 = DIRECTION('',(0.413384236942,-0.910556682831));
#6930 = ( GEOMETRIC_REPRESENTATION_CONTEXT(2) 
PARAMETRIC_REPRESENTATION_CONTEXT() REPRESENTATION_CONTEXT('2D SPACE',''
  ) );
#6931 = ADVANCED_FACE('',(#6932),#6877,.T.);
#6932 = FACE_BOUND('',#6933,.T.);
#6933 = EDGE_LOOP('',(#6934,#6964,#6985,#6986));
#6934 = ORIENTED_EDGE('',*,*,#6935,.F.);
#6935 = EDGE_CURVE('',#6936,#6938,#6940,.T.);
#6936 = VERTEX_POINT('',#6937);
#6937 = CARTESIAN_POINT('',(-0.16,4.396418534378E-16,-1.4E-02));
#6938 = VERTEX_POINT('',#6939);
#6939 = CARTESIAN_POINT('',(-0.9,4.396418534378E-16,-1.4E-02));
#6940 = SURFACE_CURVE('',#6941,(#6945,#6952),.PCURVE_S1.);
#6941 = LINE('',#6942,#6943);
#6942 = CARTESIAN_POINT('',(-0.16,4.396418534378E-16,-1.4E-02));
#6943 = VECTOR('',#6944,1.);
#6944 = DIRECTION('',(-1.,0.,0.));
#6945 = PCURVE('',#6877,#6946);
#6946 = DEFINITIONAL_REPRESENTATION('',(#6947),#6951);
#6947 = LINE('',#6948,#6949);
#6948 = CARTESIAN_POINT('',(0.,-0.37));
#6949 = VECTOR('',#6950,1.);
#6950 = DIRECTION('',(0.,1.));
#6951 = ( GEOMETRIC_REPRESENTATION_CONTEXT(2) 
PARAMETRIC_REPRESENTATION_CONTEXT() REPRESENTATION_CONTEXT('2D SPACE',''
  ) );
#6952 = PCURVE('',#6953,#6958);
#6953 = PLANE('',#6954);
#6954 = AXIS2_PLACEMENT_3D('',#6955,#6956,#6957);
#6955 = CARTESIAN_POINT('',(-0.53,3.006597488844E-03,-1.367235327175E-02
    ));
#6956 = DIRECTION('',(0.,0.108334541838,-0.994114493931));
#6957 = DIRECTION('',(0.,-0.994114493931,-0.108334541838));
#6958 = DEFINITIONAL_REPRESENTATION('',(#6959),#6963);
#6959 = LINE('',#6960,#6961);
#6960 = CARTESIAN_POINT('',(3.024397599268E-03,-0.37));
#6961 = VECTOR('',#6962,1.);
#6962 = DIRECTION('',(-0.,1.));
#6963 = ( GEOMETRIC_REPRESENTATION_CONTEXT(2) 
PARAMETRIC_REPRESENTATION_CONTEXT() REPRESENTATION_CONTEXT('2D SPACE',''
  ) );
#6964 = ORIENTED_EDGE('',*,*,#6965,.T.);
#6965 = EDGE_CURVE('',#6936,#6860,#6966,.T.);
#6966 = SURFACE_CURVE('',#6967,(#6971,#6978),.PCURVE_S1.);
#6967 = LINE('',#6968,#6969);
#6968 = CARTESIAN_POINT('',(-0.16,4.396418534378E-16,-1.4E-02));
#6969 = VECTOR('',#6970,1.);
#6970 = DIRECTION('',(0.,-0.994114493931,0.108334541838));
#6971 = PCURVE('',#6877,#6972);
#6972 = DEFINITIONAL_REPRESENTATION('',(#6973),#6977);
#6973 = LINE('',#6974,#6975);
#6974 = CARTESIAN_POINT('',(0.,-0.37));
#6975 = VECTOR('',#6976,1.);
#6976 = DIRECTION('',(1.,0.));
#6977 = ( GEOMETRIC_REPRESENTATION_CONTEXT(2) 
PARAMETRIC_REPRESENTATION_CONTEXT() REPRESENTATION_CONTEXT('2D SPACE',''
  ) );
#6978 = PCURVE('',#6230,#6979);
#6979 = DEFINITIONAL_REPRESENTATION('',(#6980),#6984);
#6980 = LINE('',#6981,#6982);
#6981 = CARTESIAN_POINT('',(-8.E-03,4.38848535034E-16));
#6982 = VECTOR('',#6983,1.);
#6983 = DIRECTION('',(0.108334541838,-0.994114493931));
#6984 = ( GEOMETRIC_REPRESENTATION_CONTEXT(2) 
PARAMETRIC_REPRESENTATION_CONTEXT() REPRESENTATION_CONTEXT('2D SPACE',''
  ) );
#6985 = ORIENTED_EDGE('',*,*,#6859,.T.);
#6986 = ORIENTED_EDGE('',*,*,#6987,.F.);
#6987 = EDGE_CURVE('',#6938,#6862,#6988,.T.);
#6988 = SURFACE_CURVE('',#6989,(#6993,#7000),.PCURVE_S1.);
#6989 = LINE('',#6990,#6991);
#6990 = CARTESIAN_POINT('',(-0.9,4.396418534378E-16,-1.4E-02));
#6991 = VECTOR('',#6992,1.);
#6992 = DIRECTION('',(0.,-0.994114493931,0.108334541838));
#6993 = PCURVE('',#6877,#6994);
#6994 = DEFINITIONAL_REPRESENTATION('',(#6995),#6999);
#6995 = LINE('',#6996,#6997);
#6996 = CARTESIAN_POINT('',(0.,0.37));
#6997 = VECTOR('',#6998,1.);
#6998 = DIRECTION('',(1.,0.));
#6999 = ( GEOMETRIC_REPRESENTATION_CONTEXT(2) 
PARAMETRIC_REPRESENTATION_CONTEXT() REPRESENTATION_CONTEXT('2D SPACE',''
  ) );
#7000 = PCURVE('',#6286,#7001);
#7001 = DEFINITIONAL_REPRESENTATION('',(#7002),#7006);
#7002 = LINE('',#7003,#7004);
#7003 = CARTESIAN_POINT('',(-8.E-03,4.38848535034E-16));
#7004 = VECTOR('',#7005,1.);
#7005 = DIRECTION('',(0.108334541838,-0.994114493931));
#7006 = ( GEOMETRIC_REPRESENTATION_CONTEXT(2) 
PARAMETRIC_REPRESENTATION_CONTEXT() REPRESENTATION_CONTEXT('2D SPACE',''
  ) );
#7007 = ADVANCED_FACE('',(#7008),#6953,.T.);
#7008 = FACE_BOUND('',#7009,.T.);
#7009 = EDGE_LOOP('',(#7010,#7040,#7061,#7062));
#7010 = ORIENTED_EDGE('',*,*,#7011,.F.);
#7011 = EDGE_CURVE('',#7012,#7014,#7016,.T.);
#7012 = VERTEX_POINT('',#7013);
#7013 = CARTESIAN_POINT('',(-0.16,3.006597488844E-03,-1.367235327175E-02
    ));
#7014 = VERTEX_POINT('',#7015);
#7015 = CARTESIAN_POINT('',(-0.9,3.006597488844E-03,-1.367235327175E-02)
  );
#7016 = SURFACE_CURVE('',#7017,(#7021,#7028),.PCURVE_S1.);
#7017 = LINE('',#7018,#7019);
#7018 = CARTESIAN_POINT('',(-0.16,3.006597488844E-03,-1.367235327175E-02
    ));
#7019 = VECTOR('',#7020,1.);
#7020 = DIRECTION('',(-1.,0.,0.));
#7021 = PCURVE('',#6953,#7022);
#7022 = DEFINITIONAL_REPRESENTATION('',(#7023),#7027);
#7023 = LINE('',#7024,#7025);
#7024 = CARTESIAN_POINT('',(0.,-0.37));
#7025 = VECTOR('',#7026,1.);
#7026 = DIRECTION('',(-0.,1.));
#7027 = ( GEOMETRIC_REPRESENTATION_CONTEXT(2) 
PARAMETRIC_REPRESENTATION_CONTEXT() REPRESENTATION_CONTEXT('2D SPACE',''
  ) );
#7028 = PCURVE('',#7029,#7034);
#7029 = PLANE('',#7030);
#7030 = AXIS2_PLACEMENT_3D('',#7031,#7032,#7033);
#7031 = CARTESIAN_POINT('',(-0.53,5.137741208067E-03,-1.270483391046E-02
    ));
#7032 = DIRECTION('',(0.,0.413384236942,-0.910556682831));
#7033 = DIRECTION('',(0.,-0.910556682831,-0.413384236942));
#7034 = DEFINITIONAL_REPRESENTATION('',(#7035),#7039);
#7035 = LINE('',#7036,#7037);
#7036 = CARTESIAN_POINT('',(2.340484408501E-03,-0.37));
#7037 = VECTOR('',#7038,1.);
#7038 = DIRECTION('',(-0.,1.));
#7039 = ( GEOMETRIC_REPRESENTATION_CONTEXT(2) 
PARAMETRIC_REPRESENTATION_CONTEXT() REPRESENTATION_CONTEXT('2D SPACE',''
  ) );
#7040 = ORIENTED_EDGE('',*,*,#7041,.T.);
#7041 = EDGE_CURVE('',#7012,#6936,#7042,.T.);
#7042 = SURFACE_CURVE('',#7043,(#7047,#7054),.PCURVE_S1.);
#7043 = LINE('',#7044,#7045);
#7044 = CARTESIAN_POINT('',(-0.16,3.006597488844E-03,-1.367235327175E-02
    ));
#7045 = VECTOR('',#7046,1.);
#7046 = DIRECTION('',(-0.,-0.994114493931,-0.108334541838));
#7047 = PCURVE('',#6953,#7048);
#7048 = DEFINITIONAL_REPRESENTATION('',(#7049),#7053);
#7049 = LINE('',#7050,#7051);
#7050 = CARTESIAN_POINT('',(0.,-0.37));
#7051 = VECTOR('',#7052,1.);
#7052 = DIRECTION('',(1.,0.));
#7053 = ( GEOMETRIC_REPRESENTATION_CONTEXT(2) 
PARAMETRIC_REPRESENTATION_CONTEXT() REPRESENTATION_CONTEXT('2D SPACE',''
  ) );
#7054 = PCURVE('',#6230,#7055);
#7055 = DEFINITIONAL_REPRESENTATION('',(#7056),#7060);
#7056 = LINE('',#7057,#7058);
#7057 = CARTESIAN_POINT('',(-7.672353271746E-03,3.006597488844E-03));
#7058 = VECTOR('',#7059,1.);
#7059 = DIRECTION('',(-0.108334541838,-0.994114493931));
#7060 = ( GEOMETRIC_REPRESENTATION_CONTEXT(2) 
PARAMETRIC_REPRESENTATION_CONTEXT() REPRESENTATION_CONTEXT('2D SPACE',''
  ) );
#7061 = ORIENTED_EDGE('',*,*,#6935,.T.);
#7062 = ORIENTED_EDGE('',*,*,#7063,.F.);
#7063 = EDGE_CURVE('',#7014,#6938,#7064,.T.);
#7064 = SURFACE_CURVE('',#7065,(#7069,#7076),.PCURVE_S1.);
#7065 = LINE('',#7066,#7067);
#7066 = CARTESIAN_POINT('',(-0.9,3.006597488844E-03,-1.367235327175E-02)
  );
#7067 = VECTOR('',#7068,1.);
#7068 = DIRECTION('',(-0.,-0.994114493931,-0.108334541838));
#7069 = PCURVE('',#6953,#7070);
#7070 = DEFINITIONAL_REPRESENTATION('',(#7071),#7075);
#7071 = LINE('',#7072,#7073);
#7072 = CARTESIAN_POINT('',(-0.,0.37));
#7073 = VECTOR('',#7074,1.);
#7074 = DIRECTION('',(1.,0.));
#7075 = ( GEOMETRIC_REPRESENTATION_CONTEXT(2) 
PARAMETRIC_REPRESENTATION_CONTEXT() REPRESENTATION_CONTEXT('2D SPACE',''
  ) );
#7076 = PCURVE('',#6286,#7077);
#7077 = DEFINITIONAL_REPRESENTATION('',(#7078),#7082);
#7078 = LINE('',#7079,#7080);
#7079 = CARTESIAN_POINT('',(-7.672353271746E-03,3.006597488844E-03));
#7080 = VECTOR('',#7081,1.);
#7081 = DIRECTION('',(-0.108334541838,-0.994114493931));
#7082 = ( GEOMETRIC_REPRESENTATION_CONTEXT(2) 
PARAMETRIC_REPRESENTATION_CONTEXT() REPRESENTATION_CONTEXT('2D SPACE',''
  ) );
#7083 = ADVANCED_FACE('',(#7084),#7029,.T.);
#7084 = FACE_BOUND('',#7085,.T.);
#7085 = EDGE_LOOP('',(#7086,#7116,#7137,#7138));
#7086 = ORIENTED_EDGE('',*,*,#7087,.F.);
#7087 = EDGE_CURVE('',#7088,#7090,#7092,.T.);
#7088 = VERTEX_POINT('',#7089);
#7089 = CARTESIAN_POINT('',(-0.16,5.137741208067E-03,-1.270483391046E-02
    ));
#7090 = VERTEX_POINT('',#7091);
#7091 = CARTESIAN_POINT('',(-0.9,5.137741208067E-03,-1.270483391046E-02)
  );
#7092 = SURFACE_CURVE('',#7093,(#7097,#7104),.PCURVE_S1.);
#7093 = LINE('',#7094,#7095);
#7094 = CARTESIAN_POINT('',(-0.16,5.137741208067E-03,-1.270483391046E-02
    ));
#7095 = VECTOR('',#7096,1.);
#7096 = DIRECTION('',(-1.,0.,0.));
#7097 = PCURVE('',#7029,#7098);
#7098 = DEFINITIONAL_REPRESENTATION('',(#7099),#7103);
#7099 = LINE('',#7100,#7101);
#7100 = CARTESIAN_POINT('',(0.,-0.37));
#7101 = VECTOR('',#7102,1.);
#7102 = DIRECTION('',(-0.,1.));
#7103 = ( GEOMETRIC_REPRESENTATION_CONTEXT(2) 
PARAMETRIC_REPRESENTATION_CONTEXT() REPRESENTATION_CONTEXT('2D SPACE',''
  ) );
#7104 = PCURVE('',#7105,#7110);
#7105 = PLANE('',#7106);
#7106 = AXIS2_PLACEMENT_3D('',#7107,#7108,#7109);
#7107 = CARTESIAN_POINT('',(-0.53,6.704833910463E-03,-1.113774120807E-02
    ));
#7108 = DIRECTION('',(0.,0.707106781187,-0.707106781187));
#7109 = DIRECTION('',(0.,-0.707106781187,-0.707106781187));
#7110 = DEFINITIONAL_REPRESENTATION('',(#7111),#7115);
#7111 = LINE('',#7112,#7113);
#7112 = CARTESIAN_POINT('',(2.216203753225E-03,-0.37));
#7113 = VECTOR('',#7114,1.);
#7114 = DIRECTION('',(-0.,1.));
#7115 = ( GEOMETRIC_REPRESENTATION_CONTEXT(2) 
PARAMETRIC_REPRESENTATION_CONTEXT() REPRESENTATION_CONTEXT('2D SPACE',''
  ) );
#7116 = ORIENTED_EDGE('',*,*,#7117,.T.);
#7117 = EDGE_CURVE('',#7088,#7012,#7118,.T.);
#7118 = SURFACE_CURVE('',#7119,(#7123,#7130),.PCURVE_S1.);
#7119 = LINE('',#7120,#7121);
#7120 = CARTESIAN_POINT('',(-0.16,5.137741208067E-03,-1.270483391046E-02
    ));
#7121 = VECTOR('',#7122,1.);
#7122 = DIRECTION('',(-0.,-0.910556682831,-0.413384236942));
#7123 = PCURVE('',#7029,#7124);
#7124 = DEFINITIONAL_REPRESENTATION('',(#7125),#7129);
#7125 = LINE('',#7126,#7127);
#7126 = CARTESIAN_POINT('',(0.,-0.37));
#7127 = VECTOR('',#7128,1.);
#7128 = DIRECTION('',(1.,0.));
#7129 = ( GEOMETRIC_REPRESENTATION_CONTEXT(2) 
PARAMETRIC_REPRESENTATION_CONTEXT() REPRESENTATION_CONTEXT('2D SPACE',''
  ) );
#7130 = PCURVE('',#6230,#7131);
#7131 = DEFINITIONAL_REPRESENTATION('',(#7132),#7136);
#7132 = LINE('',#7133,#7134);
#7133 = CARTESIAN_POINT('',(-6.704833910463E-03,5.137741208067E-03));
#7134 = VECTOR('',#7135,1.);
#7135 = DIRECTION('',(-0.413384236942,-0.910556682831));
#7136 = ( GEOMETRIC_REPRESENTATION_CONTEXT(2) 
PARAMETRIC_REPRESENTATION_CONTEXT() REPRESENTATION_CONTEXT('2D SPACE',''
  ) );
#7137 = ORIENTED_EDGE('',*,*,#7011,.T.);
#7138 = ORIENTED_EDGE('',*,*,#7139,.F.);
#7139 = EDGE_CURVE('',#7090,#7014,#7140,.T.);
#7140 = SURFACE_CURVE('',#7141,(#7145,#7152),.PCURVE_S1.);
#7141 = LINE('',#7142,#7143);
#7142 = CARTESIAN_POINT('',(-0.9,5.137741208067E-03,-1.270483391046E-02)
  );
#7143 = VECTOR('',#7144,1.);
#7144 = DIRECTION('',(-0.,-0.910556682831,-0.413384236942));
#7145 = PCURVE('',#7029,#7146);
#7146 = DEFINITIONAL_REPRESENTATION('',(#7147),#7151);
#7147 = LINE('',#7148,#7149);
#7148 = CARTESIAN_POINT('',(-0.,0.37));
#7149 = VECTOR('',#7150,1.);
#7150 = DIRECTION('',(1.,0.));
#7151 = ( GEOMETRIC_REPRESENTATION_CONTEXT(2) 
PARAMETRIC_REPRESENTATION_CONTEXT() REPRESENTATION_CONTEXT('2D SPACE',''
  ) );
#7152 = PCURVE('',#6286,#7153);
#7153 = DEFINITIONAL_REPRESENTATION('',(#7154),#7158);
#7154 = LINE('',#7155,#7156);
#7155 = CARTESIAN_POINT('',(-6.704833910463E-03,5.137741208067E-03));
#7156 = VECTOR('',#7157,1.);
#7157 = DIRECTION('',(-0.413384236942,-0.910556682831));
#7158 = ( GEOMETRIC_REPRESENTATION_CONTEXT(2) 
PARAMETRIC_REPRESENTATION_CONTEXT() REPRESENTATION_CONTEXT('2D SPACE',''
  ) );
#7159 = ADVANCED_FACE('',(#7160),#7105,.T.);
#7160 = FACE_BOUND('',#7161,.T.);
#7161 = EDGE_LOOP('',(#7162,#7192,#7213,#7214));
#7162 = ORIENTED_EDGE('',*,*,#7163,.F.);
#7163 = EDGE_CURVE('',#7164,#7166,#7168,.T.);
#7164 = VERTEX_POINT('',#7165);
#7165 = CARTESIAN_POINT('',(-0.16,6.704833910463E-03,-1.113774120807E-02
    ));
#7166 = VERTEX_POINT('',#7167);
#7167 = CARTESIAN_POINT('',(-0.9,6.704833910463E-03,-1.113774120807E-02)
  );
#7168 = SURFACE_CURVE('',#7169,(#7173,#7180),.PCURVE_S1.);
#7169 = LINE('',#7170,#7171);
#7170 = CARTESIAN_POINT('',(-0.16,6.704833910463E-03,-1.113774120807E-02
    ));
#7171 = VECTOR('',#7172,1.);
#7172 = DIRECTION('',(-1.,0.,0.));
#7173 = PCURVE('',#7105,#7174);
#7174 = DEFINITIONAL_REPRESENTATION('',(#7175),#7179);
#7175 = LINE('',#7176,#7177);
#7176 = CARTESIAN_POINT('',(0.,-0.37));
#7177 = VECTOR('',#7178,1.);
#7178 = DIRECTION('',(-0.,1.));
#7179 = ( GEOMETRIC_REPRESENTATION_CONTEXT(2) 
PARAMETRIC_REPRESENTATION_CONTEXT() REPRESENTATION_CONTEXT('2D SPACE',''
  ) );
#7180 = PCURVE('',#7181,#7186);
#7181 = PLANE('',#7182);
#7182 = AXIS2_PLACEMENT_3D('',#7183,#7184,#7185);
#7183 = CARTESIAN_POINT('',(-0.53,7.672353271746E-03,-9.006597488844E-03
    ));
#7184 = DIRECTION('',(0.,0.910556682831,-0.413384236942));
#7185 = DIRECTION('',(0.,-0.413384236942,-0.910556682831));
#7186 = DEFINITIONAL_REPRESENTATION('',(#7187),#7191);
#7187 = LINE('',#7188,#7189);
#7188 = CARTESIAN_POINT('',(2.340484408501E-03,-0.37));
#7189 = VECTOR('',#7190,1.);
#7190 = DIRECTION('',(-0.,1.));
#7191 = ( GEOMETRIC_REPRESENTATION_CONTEXT(2) 
PARAMETRIC_REPRESENTATION_CONTEXT() REPRESENTATION_CONTEXT('2D SPACE',''
  ) );
#7192 = ORIENTED_EDGE('',*,*,#7193,.T.);
#7193 = EDGE_CURVE('',#7164,#7088,#7194,.T.);
#7194 = SURFACE_CURVE('',#7195,(#7199,#7206),.PCURVE_S1.);
#7195 = LINE('',#7196,#7197);
#7196 = CARTESIAN_POINT('',(-0.16,6.704833910463E-03,-1.113774120807E-02
    ));
#7197 = VECTOR('',#7198,1.);
#7198 = DIRECTION('',(-0.,-0.707106781187,-0.707106781187));
#7199 = PCURVE('',#7105,#7200);
#7200 = DEFINITIONAL_REPRESENTATION('',(#7201),#7205);
#7201 = LINE('',#7202,#7203);
#7202 = CARTESIAN_POINT('',(0.,-0.37));
#7203 = VECTOR('',#7204,1.);
#7204 = DIRECTION('',(1.,0.));
#7205 = ( GEOMETRIC_REPRESENTATION_CONTEXT(2) 
PARAMETRIC_REPRESENTATION_CONTEXT() REPRESENTATION_CONTEXT('2D SPACE',''
  ) );
#7206 = PCURVE('',#6230,#7207);
#7207 = DEFINITIONAL_REPRESENTATION('',(#7208),#7212);
#7208 = LINE('',#7209,#7210);
#7209 = CARTESIAN_POINT('',(-5.137741208067E-03,6.704833910463E-03));
#7210 = VECTOR('',#7211,1.);
#7211 = DIRECTION('',(-0.707106781187,-0.707106781187));
#7212 = ( GEOMETRIC_REPRESENTATION_CONTEXT(2) 
PARAMETRIC_REPRESENTATION_CONTEXT() REPRESENTATION_CONTEXT('2D SPACE',''
  ) );
#7213 = ORIENTED_EDGE('',*,*,#7087,.T.);
#7214 = ORIENTED_EDGE('',*,*,#7215,.F.);
#7215 = EDGE_CURVE('',#7166,#7090,#7216,.T.);
#7216 = SURFACE_CURVE('',#7217,(#7221,#7228),.PCURVE_S1.);
#7217 = LINE('',#7218,#7219);
#7218 = CARTESIAN_POINT('',(-0.9,6.704833910463E-03,-1.113774120807E-02)
  );
#7219 = VECTOR('',#7220,1.);
#7220 = DIRECTION('',(-0.,-0.707106781187,-0.707106781187));
#7221 = PCURVE('',#7105,#7222);
#7222 = DEFINITIONAL_REPRESENTATION('',(#7223),#7227);
#7223 = LINE('',#7224,#7225);
#7224 = CARTESIAN_POINT('',(-0.,0.37));
#7225 = VECTOR('',#7226,1.);
#7226 = DIRECTION('',(1.,0.));
#7227 = ( GEOMETRIC_REPRESENTATION_CONTEXT(2) 
PARAMETRIC_REPRESENTATION_CONTEXT() REPRESENTATION_CONTEXT('2D SPACE',''
  ) );
#7228 = PCURVE('',#6286,#7229);
#7229 = DEFINITIONAL_REPRESENTATION('',(#7230),#7234);
#7230 = LINE('',#7231,#7232);
#7231 = CARTESIAN_POINT('',(-5.137741208067E-03,6.704833910463E-03));
#7232 = VECTOR('',#7233,1.);
#7233 = DIRECTION('',(-0.707106781187,-0.707106781187));
#7234 = ( GEOMETRIC_REPRESENTATION_CONTEXT(2) 
PARAMETRIC_REPRESENTATION_CONTEXT() REPRESENTATION_CONTEXT('2D SPACE',''
  ) );
#7235 = ADVANCED_FACE('',(#7236),#7181,.T.);
#7236 = FACE_BOUND('',#7237,.T.);
#7237 = EDGE_LOOP('',(#7238,#7268,#7289,#7290));
#7238 = ORIENTED_EDGE('',*,*,#7239,.F.);
#7239 = EDGE_CURVE('',#7240,#7242,#7244,.T.);
#7240 = VERTEX_POINT('',#7241);
#7241 = CARTESIAN_POINT('',(-0.16,7.672353271746E-03,-9.006597488844E-03
    ));
#7242 = VERTEX_POINT('',#7243);
#7243 = CARTESIAN_POINT('',(-0.9,7.672353271746E-03,-9.006597488844E-03)
  );
#7244 = SURFACE_CURVE('',#7245,(#7249,#7256),.PCURVE_S1.);
#7245 = LINE('',#7246,#7247);
#7246 = CARTESIAN_POINT('',(-0.16,7.672353271746E-03,-9.006597488844E-03
    ));
#7247 = VECTOR('',#7248,1.);
#7248 = DIRECTION('',(-1.,0.,0.));
#7249 = PCURVE('',#7181,#7250);
#7250 = DEFINITIONAL_REPRESENTATION('',(#7251),#7255);
#7251 = LINE('',#7252,#7253);
#7252 = CARTESIAN_POINT('',(0.,-0.37));
#7253 = VECTOR('',#7254,1.);
#7254 = DIRECTION('',(-0.,1.));
#7255 = ( GEOMETRIC_REPRESENTATION_CONTEXT(2) 
PARAMETRIC_REPRESENTATION_CONTEXT() REPRESENTATION_CONTEXT('2D SPACE',''
  ) );
#7256 = PCURVE('',#7257,#7262);
#7257 = PLANE('',#7258);
#7258 = AXIS2_PLACEMENT_3D('',#7259,#7260,#7261);
#7259 = CARTESIAN_POINT('',(-0.53,8.E-03,-6.E-03));
#7260 = DIRECTION('',(0.,0.994114493931,-0.108334541838));
#7261 = DIRECTION('',(0.,-0.108334541838,-0.994114493931));
#7262 = DEFINITIONAL_REPRESENTATION('',(#7263),#7267);
#7263 = LINE('',#7264,#7265);
#7264 = CARTESIAN_POINT('',(3.024397599269E-03,-0.37));
#7265 = VECTOR('',#7266,1.);
#7266 = DIRECTION('',(-0.,1.));
#7267 = ( GEOMETRIC_REPRESENTATION_CONTEXT(2) 
PARAMETRIC_REPRESENTATION_CONTEXT() REPRESENTATION_CONTEXT('2D SPACE',''
  ) );
#7268 = ORIENTED_EDGE('',*,*,#7269,.T.);
#7269 = EDGE_CURVE('',#7240,#7164,#7270,.T.);
#7270 = SURFACE_CURVE('',#7271,(#7275,#7282),.PCURVE_S1.);
#7271 = LINE('',#7272,#7273);
#7272 = CARTESIAN_POINT('',(-0.16,7.672353271746E-03,-9.006597488844E-03
    ));
#7273 = VECTOR('',#7274,1.);
#7274 = DIRECTION('',(-0.,-0.413384236942,-0.910556682831));
#7275 = PCURVE('',#7181,#7276);
#7276 = DEFINITIONAL_REPRESENTATION('',(#7277),#7281);
#7277 = LINE('',#7278,#7279);
#7278 = CARTESIAN_POINT('',(0.,-0.37));
#7279 = VECTOR('',#7280,1.);
#7280 = DIRECTION('',(1.,0.));
#7281 = ( GEOMETRIC_REPRESENTATION_CONTEXT(2) 
PARAMETRIC_REPRESENTATION_CONTEXT() REPRESENTATION_CONTEXT('2D SPACE',''
  ) );
#7282 = PCURVE('',#6230,#7283);
#7283 = DEFINITIONAL_REPRESENTATION('',(#7284),#7288);
#7284 = LINE('',#7285,#7286);
#7285 = CARTESIAN_POINT('',(-3.006597488844E-03,7.672353271746E-03));
#7286 = VECTOR('',#7287,1.);
#7287 = DIRECTION('',(-0.910556682831,-0.413384236942));
#7288 = ( GEOMETRIC_REPRESENTATION_CONTEXT(2) 
PARAMETRIC_REPRESENTATION_CONTEXT() REPRESENTATION_CONTEXT('2D SPACE',''
  ) );
#7289 = ORIENTED_EDGE('',*,*,#7163,.T.);
#7290 = ORIENTED_EDGE('',*,*,#7291,.F.);
#7291 = EDGE_CURVE('',#7242,#7166,#7292,.T.);
#7292 = SURFACE_CURVE('',#7293,(#7297,#7304),.PCURVE_S1.);
#7293 = LINE('',#7294,#7295);
#7294 = CARTESIAN_POINT('',(-0.9,7.672353271746E-03,-9.006597488844E-03)
  );
#7295 = VECTOR('',#7296,1.);
#7296 = DIRECTION('',(-0.,-0.413384236942,-0.910556682831));
#7297 = PCURVE('',#7181,#7298);
#7298 = DEFINITIONAL_REPRESENTATION('',(#7299),#7303);
#7299 = LINE('',#7300,#7301);
#7300 = CARTESIAN_POINT('',(-0.,0.37));
#7301 = VECTOR('',#7302,1.);
#7302 = DIRECTION('',(1.,0.));
#7303 = ( GEOMETRIC_REPRESENTATION_CONTEXT(2) 
PARAMETRIC_REPRESENTATION_CONTEXT() REPRESENTATION_CONTEXT('2D SPACE',''
  ) );
#7304 = PCURVE('',#6286,#7305);
#7305 = DEFINITIONAL_REPRESENTATION('',(#7306),#7310);
#7306 = LINE('',#7307,#7308);
#7307 = CARTESIAN_POINT('',(-3.006597488844E-03,7.672353271746E-03));
#7308 = VECTOR('',#7309,1.);
#7309 = DIRECTION('',(-0.910556682831,-0.413384236942));
#7310 = ( GEOMETRIC_REPRESENTATION_CONTEXT(2) 
PARAMETRIC_REPRESENTATION_CONTEXT() REPRESENTATION_CONTEXT('2D SPACE',''
  ) );
#7311 = ADVANCED_FACE('',(#7312),#7257,.T.);
#7312 = FACE_BOUND('',#7313,.T.);
#7313 = EDGE_LOOP('',(#7314,#7344,#7365,#7366));
#7314 = ORIENTED_EDGE('',*,*,#7315,.F.);
#7315 = EDGE_CURVE('',#7316,#7318,#7320,.T.);
#7316 = VERTEX_POINT('',#7317);
#7317 = CARTESIAN_POINT('',(-0.16,8.E-03,-6.E-03));
#7318 = VERTEX_POINT('',#7319);
#7319 = CARTESIAN_POINT('',(-0.9,8.E-03,-6.E-03));
#7320 = SURFACE_CURVE('',#7321,(#7325,#7332),.PCURVE_S1.);
#7321 = LINE('',#7322,#7323);
#7322 = CARTESIAN_POINT('',(-0.16,8.E-03,-6.E-03));
#7323 = VECTOR('',#7324,1.);
#7324 = DIRECTION('',(-1.,0.,0.));
#7325 = PCURVE('',#7257,#7326);
#7326 = DEFINITIONAL_REPRESENTATION('',(#7327),#7331);
#7327 = LINE('',#7328,#7329);
#7328 = CARTESIAN_POINT('',(0.,-0.37));
#7329 = VECTOR('',#7330,1.);
#7330 = DIRECTION('',(-0.,1.));
#7331 = ( GEOMETRIC_REPRESENTATION_CONTEXT(2) 
PARAMETRIC_REPRESENTATION_CONTEXT() REPRESENTATION_CONTEXT('2D SPACE',''
  ) );
#7332 = PCURVE('',#7333,#7338);
#7333 = PLANE('',#7334);
#7334 = AXIS2_PLACEMENT_3D('',#7335,#7336,#7337);
#7335 = CARTESIAN_POINT('',(-0.53,7.672353271746E-03,-2.993402511156E-03
    ));
#7336 = DIRECTION('',(0.,0.994114493931,0.108334541838));
#7337 = DIRECTION('',(0.,0.108334541838,-0.994114493931));
#7338 = DEFINITIONAL_REPRESENTATION('',(#7339),#7343);
#7339 = LINE('',#7340,#7341);
#7340 = CARTESIAN_POINT('',(3.024397599268E-03,-0.37));
#7341 = VECTOR('',#7342,1.);
#7342 = DIRECTION('',(0.,1.));
#7343 = ( GEOMETRIC_REPRESENTATION_CONTEXT(2) 
PARAMETRIC_REPRESENTATION_CONTEXT() REPRESENTATION_CONTEXT('2D SPACE',''
  ) );
#7344 = ORIENTED_EDGE('',*,*,#7345,.T.);
#7345 = EDGE_CURVE('',#7316,#7240,#7346,.T.);
#7346 = SURFACE_CURVE('',#7347,(#7351,#7358),.PCURVE_S1.);
#7347 = LINE('',#7348,#7349);
#7348 = CARTESIAN_POINT('',(-0.16,8.E-03,-6.E-03));
#7349 = VECTOR('',#7350,1.);
#7350 = DIRECTION('',(-0.,-0.108334541838,-0.994114493931));
#7351 = PCURVE('',#7257,#7352);
#7352 = DEFINITIONAL_REPRESENTATION('',(#7353),#7357);
#7353 = LINE('',#7354,#7355);
#7354 = CARTESIAN_POINT('',(0.,-0.37));
#7355 = VECTOR('',#7356,1.);
#7356 = DIRECTION('',(1.,0.));
#7357 = ( GEOMETRIC_REPRESENTATION_CONTEXT(2) 
PARAMETRIC_REPRESENTATION_CONTEXT() REPRESENTATION_CONTEXT('2D SPACE',''
  ) );
#7358 = PCURVE('',#6230,#7359);
#7359 = DEFINITIONAL_REPRESENTATION('',(#7360),#7364);
#7360 = LINE('',#7361,#7362);
#7361 = CARTESIAN_POINT('',(2.47002360954E-16,8.E-03));
#7362 = VECTOR('',#7363,1.);
#7363 = DIRECTION('',(-0.994114493931,-0.108334541838));
#7364 = ( GEOMETRIC_REPRESENTATION_CONTEXT(2) 
PARAMETRIC_REPRESENTATION_CONTEXT() REPRESENTATION_CONTEXT('2D SPACE',''
  ) );
#7365 = ORIENTED_EDGE('',*,*,#7239,.T.);
#7366 = ORIENTED_EDGE('',*,*,#7367,.F.);
#7367 = EDGE_CURVE('',#7318,#7242,#7368,.T.);
#7368 = SURFACE_CURVE('',#7369,(#7373,#7380),.PCURVE_S1.);
#7369 = LINE('',#7370,#7371);
#7370 = CARTESIAN_POINT('',(-0.9,8.E-03,-6.E-03));
#7371 = VECTOR('',#7372,1.);
#7372 = DIRECTION('',(-0.,-0.108334541838,-0.994114493931));
#7373 = PCURVE('',#7257,#7374);
#7374 = DEFINITIONAL_REPRESENTATION('',(#7375),#7379);
#7375 = LINE('',#7376,#7377);
#7376 = CARTESIAN_POINT('',(-0.,0.37));
#7377 = VECTOR('',#7378,1.);
#7378 = DIRECTION('',(1.,0.));
#7379 = ( GEOMETRIC_REPRESENTATION_CONTEXT(2) 
PARAMETRIC_REPRESENTATION_CONTEXT() REPRESENTATION_CONTEXT('2D SPACE',''
  ) );
#7380 = PCURVE('',#6286,#7381);
#7381 = DEFINITIONAL_REPRESENTATION('',(#7382),#7386);
#7382 = LINE('',#7383,#7384);
#7383 = CARTESIAN_POINT('',(2.47002360954E-16,8.E-03));
#7384 = VECTOR('',#7385,1.);
#7385 = DIRECTION('',(-0.994114493931,-0.108334541838));
#7386 = ( GEOMETRIC_REPRESENTATION_CONTEXT(2) 
PARAMETRIC_REPRESENTATION_CONTEXT() REPRESENTATION_CONTEXT('2D SPACE',''
  ) );
#7387 = ADVANCED_FACE('',(#7388),#7333,.T.);
#7388 = FACE_BOUND('',#7389,.T.);
#7389 = EDGE_LOOP('',(#7390,#7420,#7441,#7442));
#7390 = ORIENTED_EDGE('',*,*,#7391,.F.);
#7391 = EDGE_CURVE('',#7392,#7394,#7396,.T.);
#7392 = VERTEX_POINT('',#7393);
#7393 = CARTESIAN_POINT('',(-0.16,7.672353271746E-03,-2.993402511156E-03
    ));
#7394 = VERTEX_POINT('',#7395);
#7395 = CARTESIAN_POINT('',(-0.9,7.672353271746E-03,-2.993402511156E-03)
  );
#7396 = SURFACE_CURVE('',#7397,(#7401,#7408),.PCURVE_S1.);
#7397 = LINE('',#7398,#7399);
#7398 = CARTESIAN_POINT('',(-0.16,7.672353271746E-03,-2.993402511156E-03
    ));
#7399 = VECTOR('',#7400,1.);
#7400 = DIRECTION('',(-1.,0.,0.));
#7401 = PCURVE('',#7333,#7402);
#7402 = DEFINITIONAL_REPRESENTATION('',(#7403),#7407);
#7403 = LINE('',#7404,#7405);
#7404 = CARTESIAN_POINT('',(0.,-0.37));
#7405 = VECTOR('',#7406,1.);
#7406 = DIRECTION('',(0.,1.));
#7407 = ( GEOMETRIC_REPRESENTATION_CONTEXT(2) 
PARAMETRIC_REPRESENTATION_CONTEXT() REPRESENTATION_CONTEXT('2D SPACE',''
  ) );
#7408 = PCURVE('',#7409,#7414);
#7409 = PLANE('',#7410);
#7410 = AXIS2_PLACEMENT_3D('',#7411,#7412,#7413);
#7411 = CARTESIAN_POINT('',(-0.53,6.704833910463E-03,-8.622587919333E-04
    ));
#7412 = DIRECTION('',(0.,0.910556682831,0.413384236942));
#7413 = DIRECTION('',(0.,0.413384236942,-0.910556682831));
#7414 = DEFINITIONAL_REPRESENTATION('',(#7415),#7419);
#7415 = LINE('',#7416,#7417);
#7416 = CARTESIAN_POINT('',(2.340484408501E-03,-0.37));
#7417 = VECTOR('',#7418,1.);
#7418 = DIRECTION('',(0.,1.));
#7419 = ( GEOMETRIC_REPRESENTATION_CONTEXT(2) 
PARAMETRIC_REPRESENTATION_CONTEXT() REPRESENTATION_CONTEXT('2D SPACE',''
  ) );
#7420 = ORIENTED_EDGE('',*,*,#7421,.T.);
#7421 = EDGE_CURVE('',#7392,#7316,#7422,.T.);
#7422 = SURFACE_CURVE('',#7423,(#7427,#7434),.PCURVE_S1.);
#7423 = LINE('',#7424,#7425);
#7424 = CARTESIAN_POINT('',(-0.16,7.672353271746E-03,-2.993402511156E-03
    ));
#7425 = VECTOR('',#7426,1.);
#7426 = DIRECTION('',(0.,0.108334541838,-0.994114493931));
#7427 = PCURVE('',#7333,#7428);
#7428 = DEFINITIONAL_REPRESENTATION('',(#7429),#7433);
#7429 = LINE('',#7430,#7431);
#7430 = CARTESIAN_POINT('',(0.,-0.37));
#7431 = VECTOR('',#7432,1.);
#7432 = DIRECTION('',(1.,0.));
#7433 = ( GEOMETRIC_REPRESENTATION_CONTEXT(2) 
PARAMETRIC_REPRESENTATION_CONTEXT() REPRESENTATION_CONTEXT('2D SPACE',''
  ) );
#7434 = PCURVE('',#6230,#7435);
#7435 = DEFINITIONAL_REPRESENTATION('',(#7436),#7440);
#7436 = LINE('',#7437,#7438);
#7437 = CARTESIAN_POINT('',(3.006597488844E-03,7.672353271746E-03));
#7438 = VECTOR('',#7439,1.);
#7439 = DIRECTION('',(-0.994114493931,0.108334541838));
#7440 = ( GEOMETRIC_REPRESENTATION_CONTEXT(2) 
PARAMETRIC_REPRESENTATION_CONTEXT() REPRESENTATION_CONTEXT('2D SPACE',''
  ) );
#7441 = ORIENTED_EDGE('',*,*,#7315,.T.);
#7442 = ORIENTED_EDGE('',*,*,#7443,.F.);
#7443 = EDGE_CURVE('',#7394,#7318,#7444,.T.);
#7444 = SURFACE_CURVE('',#7445,(#7449,#7456),.PCURVE_S1.);
#7445 = LINE('',#7446,#7447);
#7446 = CARTESIAN_POINT('',(-0.9,7.672353271746E-03,-2.993402511156E-03)
  );
#7447 = VECTOR('',#7448,1.);
#7448 = DIRECTION('',(0.,0.108334541838,-0.994114493931));
#7449 = PCURVE('',#7333,#7450);
#7450 = DEFINITIONAL_REPRESENTATION('',(#7451),#7455);
#7451 = LINE('',#7452,#7453);
#7452 = CARTESIAN_POINT('',(0.,0.37));
#7453 = VECTOR('',#7454,1.);
#7454 = DIRECTION('',(1.,0.));
#7455 = ( GEOMETRIC_REPRESENTATION_CONTEXT(2) 
PARAMETRIC_REPRESENTATION_CONTEXT() REPRESENTATION_CONTEXT('2D SPACE',''
  ) );
#7456 = PCURVE('',#6286,#7457);
#7457 = DEFINITIONAL_REPRESENTATION('',(#7458),#7462);
#7458 = LINE('',#7459,#7460);
#7459 = CARTESIAN_POINT('',(3.006597488844E-03,7.672353271746E-03));
#7460 = VECTOR('',#7461,1.);
#7461 = DIRECTION('',(-0.994114493931,0.108334541838));
#7462 = ( GEOMETRIC_REPRESENTATION_CONTEXT(2) 
PARAMETRIC_REPRESENTATION_CONTEXT() REPRESENTATION_CONTEXT('2D SPACE',''
  ) );
#7463 = ADVANCED_FACE('',(#7464),#7409,.T.);
#7464 = FACE_BOUND('',#7465,.T.);
#7465 = EDGE_LOOP('',(#7466,#7496,#7517,#7518));
#7466 = ORIENTED_EDGE('',*,*,#7467,.F.);
#7467 = EDGE_CURVE('',#7468,#7470,#7472,.T.);
#7468 = VERTEX_POINT('',#7469);
#7469 = CARTESIAN_POINT('',(-0.16,6.704833910463E-03,-8.622587919333E-04
    ));
#7470 = VERTEX_POINT('',#7471);
#7471 = CARTESIAN_POINT('',(-0.9,6.704833910463E-03,-8.622587919333E-04)
  );
#7472 = SURFACE_CURVE('',#7473,(#7477,#7484),.PCURVE_S1.);
#7473 = LINE('',#7474,#7475);
#7474 = CARTESIAN_POINT('',(-0.16,6.704833910463E-03,-8.622587919333E-04
    ));
#7475 = VECTOR('',#7476,1.);
#7476 = DIRECTION('',(-1.,0.,0.));
#7477 = PCURVE('',#7409,#7478);
#7478 = DEFINITIONAL_REPRESENTATION('',(#7479),#7483);
#7479 = LINE('',#7480,#7481);
#7480 = CARTESIAN_POINT('',(0.,-0.37));
#7481 = VECTOR('',#7482,1.);
#7482 = DIRECTION('',(0.,1.));
#7483 = ( GEOMETRIC_REPRESENTATION_CONTEXT(2) 
PARAMETRIC_REPRESENTATION_CONTEXT() REPRESENTATION_CONTEXT('2D SPACE',''
  ) );
#7484 = PCURVE('',#7485,#7490);
#7485 = PLANE('',#7486);
#7486 = AXIS2_PLACEMENT_3D('',#7487,#7488,#7489);
#7487 = CARTESIAN_POINT('',(-0.53,5.137741208067E-03,7.048339104632E-04)
  );
#7488 = DIRECTION('',(0.,0.707106781187,0.707106781187));
#7489 = DIRECTION('',(0.,0.707106781187,-0.707106781187));
#7490 = DEFINITIONAL_REPRESENTATION('',(#7491),#7495);
#7491 = LINE('',#7492,#7493);
#7492 = CARTESIAN_POINT('',(2.216203753225E-03,-0.37));
#7493 = VECTOR('',#7494,1.);
#7494 = DIRECTION('',(0.,1.));
#7495 = ( GEOMETRIC_REPRESENTATION_CONTEXT(2) 
PARAMETRIC_REPRESENTATION_CONTEXT() REPRESENTATION_CONTEXT('2D SPACE',''
  ) );
#7496 = ORIENTED_EDGE('',*,*,#7497,.T.);
#7497 = EDGE_CURVE('',#7468,#7392,#7498,.T.);
#7498 = SURFACE_CURVE('',#7499,(#7503,#7510),.PCURVE_S1.);
#7499 = LINE('',#7500,#7501);
#7500 = CARTESIAN_POINT('',(-0.16,6.704833910463E-03,-8.622587919333E-04
    ));
#7501 = VECTOR('',#7502,1.);
#7502 = DIRECTION('',(0.,0.413384236942,-0.910556682831));
#7503 = PCURVE('',#7409,#7504);
#7504 = DEFINITIONAL_REPRESENTATION('',(#7505),#7509);
#7505 = LINE('',#7506,#7507);
#7506 = CARTESIAN_POINT('',(0.,-0.37));
#7507 = VECTOR('',#7508,1.);
#7508 = DIRECTION('',(1.,0.));
#7509 = ( GEOMETRIC_REPRESENTATION_CONTEXT(2) 
PARAMETRIC_REPRESENTATION_CONTEXT() REPRESENTATION_CONTEXT('2D SPACE',''
  ) );
#7510 = PCURVE('',#6230,#7511);
#7511 = DEFINITIONAL_REPRESENTATION('',(#7512),#7516);
#7512 = LINE('',#7513,#7514);
#7513 = CARTESIAN_POINT('',(5.137741208067E-03,6.704833910463E-03));
#7514 = VECTOR('',#7515,1.);
#7515 = DIRECTION('',(-0.910556682831,0.413384236942));
#7516 = ( GEOMETRIC_REPRESENTATION_CONTEXT(2) 
PARAMETRIC_REPRESENTATION_CONTEXT() REPRESENTATION_CONTEXT('2D SPACE',''
  ) );
#7517 = ORIENTED_EDGE('',*,*,#7391,.T.);
#7518 = ORIENTED_EDGE('',*,*,#7519,.F.);
#7519 = EDGE_CURVE('',#7470,#7394,#7520,.T.);
#7520 = SURFACE_CURVE('',#7521,(#7525,#7532),.PCURVE_S1.);
#7521 = LINE('',#7522,#7523);
#7522 = CARTESIAN_POINT('',(-0.9,6.704833910463E-03,-8.622587919333E-04)
  );
#7523 = VECTOR('',#7524,1.);
#7524 = DIRECTION('',(0.,0.413384236942,-0.910556682831));
#7525 = PCURVE('',#7409,#7526);
#7526 = DEFINITIONAL_REPRESENTATION('',(#7527),#7531);
#7527 = LINE('',#7528,#7529);
#7528 = CARTESIAN_POINT('',(0.,0.37));
#7529 = VECTOR('',#7530,1.);
#7530 = DIRECTION('',(1.,0.));
#7531 = ( GEOMETRIC_REPRESENTATION_CONTEXT(2) 
PARAMETRIC_REPRESENTATION_CONTEXT() REPRESENTATION_CONTEXT('2D SPACE',''
  ) );
#7532 = PCURVE('',#6286,#7533);
#7533 = DEFINITIONAL_REPRESENTATION('',(#7534),#7538);
#7534 = LINE('',#7535,#7536);
#7535 = CARTESIAN_POINT('',(5.137741208067E-03,6.704833910463E-03));
#7536 = VECTOR('',#7537,1.);
#7537 = DIRECTION('',(-0.910556682831,0.413384236942));
#7538 = ( GEOMETRIC_REPRESENTATION_CONTEXT(2) 
PARAMETRIC_REPRESENTATION_CONTEXT() REPRESENTATION_CONTEXT('2D SPACE',''
  ) );
#7539 = ADVANCED_FACE('',(#7540),#7485,.T.);
#7540 = FACE_BOUND('',#7541,.T.);
#7541 = EDGE_LOOP('',(#7542,#7572,#7593,#7594));
#7542 = ORIENTED_EDGE('',*,*,#7543,.F.);
#7543 = EDGE_CURVE('',#7544,#7546,#7548,.T.);
#7544 = VERTEX_POINT('',#7545);
#7545 = CARTESIAN_POINT('',(-0.16,5.137741208067E-03,7.048339104632E-04)
  );
#7546 = VERTEX_POINT('',#7547);
#7547 = CARTESIAN_POINT('',(-0.9,5.137741208067E-03,7.048339104632E-04)
  );
#7548 = SURFACE_CURVE('',#7549,(#7553,#7560),.PCURVE_S1.);
#7549 = LINE('',#7550,#7551);
#7550 = CARTESIAN_POINT('',(-0.16,5.137741208067E-03,7.048339104632E-04)
  );
#7551 = VECTOR('',#7552,1.);
#7552 = DIRECTION('',(-1.,0.,0.));
#7553 = PCURVE('',#7485,#7554);
#7554 = DEFINITIONAL_REPRESENTATION('',(#7555),#7559);
#7555 = LINE('',#7556,#7557);
#7556 = CARTESIAN_POINT('',(0.,-0.37));
#7557 = VECTOR('',#7558,1.);
#7558 = DIRECTION('',(0.,1.));
#7559 = ( GEOMETRIC_REPRESENTATION_CONTEXT(2) 
PARAMETRIC_REPRESENTATION_CONTEXT() REPRESENTATION_CONTEXT('2D SPACE',''
  ) );
#7560 = PCURVE('',#7561,#7566);
#7561 = PLANE('',#7562);
#7562 = AXIS2_PLACEMENT_3D('',#7563,#7564,#7565);
#7563 = CARTESIAN_POINT('',(-0.53,3.006597488844E-03,1.672353271746E-03)
  );
#7564 = DIRECTION('',(0.,0.413384236942,0.910556682831));
#7565 = DIRECTION('',(0.,0.910556682831,-0.413384236942));
#7566 = DEFINITIONAL_REPRESENTATION('',(#7567),#7571);
#7567 = LINE('',#7568,#7569);
#7568 = CARTESIAN_POINT('',(2.340484408501E-03,-0.37));
#7569 = VECTOR('',#7570,1.);
#7570 = DIRECTION('',(0.,1.));
#7571 = ( GEOMETRIC_REPRESENTATION_CONTEXT(2) 
PARAMETRIC_REPRESENTATION_CONTEXT() REPRESENTATION_CONTEXT('2D SPACE',''
  ) );
#7572 = ORIENTED_EDGE('',*,*,#7573,.T.);
#7573 = EDGE_CURVE('',#7544,#7468,#7574,.T.);
#7574 = SURFACE_CURVE('',#7575,(#7579,#7586),.PCURVE_S1.);
#7575 = LINE('',#7576,#7577);
#7576 = CARTESIAN_POINT('',(-0.16,5.137741208067E-03,7.048339104632E-04)
  );
#7577 = VECTOR('',#7578,1.);
#7578 = DIRECTION('',(0.,0.707106781187,-0.707106781187));
#7579 = PCURVE('',#7485,#7580);
#7580 = DEFINITIONAL_REPRESENTATION('',(#7581),#7585);
#7581 = LINE('',#7582,#7583);
#7582 = CARTESIAN_POINT('',(0.,-0.37));
#7583 = VECTOR('',#7584,1.);
#7584 = DIRECTION('',(1.,0.));
#7585 = ( GEOMETRIC_REPRESENTATION_CONTEXT(2) 
PARAMETRIC_REPRESENTATION_CONTEXT() REPRESENTATION_CONTEXT('2D SPACE',''
  ) );
#7586 = PCURVE('',#6230,#7587);
#7587 = DEFINITIONAL_REPRESENTATION('',(#7588),#7592);
#7588 = LINE('',#7589,#7590);
#7589 = CARTESIAN_POINT('',(6.704833910463E-03,5.137741208067E-03));
#7590 = VECTOR('',#7591,1.);
#7591 = DIRECTION('',(-0.707106781187,0.707106781187));
#7592 = ( GEOMETRIC_REPRESENTATION_CONTEXT(2) 
PARAMETRIC_REPRESENTATION_CONTEXT() REPRESENTATION_CONTEXT('2D SPACE',''
  ) );
#7593 = ORIENTED_EDGE('',*,*,#7467,.T.);
#7594 = ORIENTED_EDGE('',*,*,#7595,.F.);
#7595 = EDGE_CURVE('',#7546,#7470,#7596,.T.);
#7596 = SURFACE_CURVE('',#7597,(#7601,#7608),.PCURVE_S1.);
#7597 = LINE('',#7598,#7599);
#7598 = CARTESIAN_POINT('',(-0.9,5.137741208067E-03,7.048339104632E-04)
  );
#7599 = VECTOR('',#7600,1.);
#7600 = DIRECTION('',(0.,0.707106781187,-0.707106781187));
#7601 = PCURVE('',#7485,#7602);
#7602 = DEFINITIONAL_REPRESENTATION('',(#7603),#7607);
#7603 = LINE('',#7604,#7605);
#7604 = CARTESIAN_POINT('',(0.,0.37));
#7605 = VECTOR('',#7606,1.);
#7606 = DIRECTION('',(1.,0.));
#7607 = ( GEOMETRIC_REPRESENTATION_CONTEXT(2) 
PARAMETRIC_REPRESENTATION_CONTEXT() REPRESENTATION_CONTEXT('2D SPACE',''
  ) );
#7608 = PCURVE('',#6286,#7609);
#7609 = DEFINITIONAL_REPRESENTATION('',(#7610),#7614);
#7610 = LINE('',#7611,#7612);
#7611 = CARTESIAN_POINT('',(6.704833910463E-03,5.137741208067E-03));
#7612 = VECTOR('',#7613,1.);
#7613 = DIRECTION('',(-0.707106781187,0.707106781187));
#7614 = ( GEOMETRIC_REPRESENTATION_CONTEXT(2) 
PARAMETRIC_REPRESENTATION_CONTEXT() REPRESENTATION_CONTEXT('2D SPACE',''
  ) );
#7615 = ADVANCED_FACE('',(#7616),#7561,.T.);
#7616 = FACE_BOUND('',#7617,.T.);
#7617 = EDGE_LOOP('',(#7618,#7643,#7664,#7665));
#7618 = ORIENTED_EDGE('',*,*,#7619,.F.);
#7619 = EDGE_CURVE('',#7620,#7622,#7624,.T.);
#7620 = VERTEX_POINT('',#7621);
#7621 = CARTESIAN_POINT('',(-0.16,3.006597488844E-03,1.672353271746E-03)
  );
#7622 = VERTEX_POINT('',#7623);
#7623 = CARTESIAN_POINT('',(-0.9,3.006597488844E-03,1.672353271746E-03)
  );
#7624 = SURFACE_CURVE('',#7625,(#7629,#7636),.PCURVE_S1.);
#7625 = LINE('',#7626,#7627);
#7626 = CARTESIAN_POINT('',(-0.16,3.006597488844E-03,1.672353271746E-03)
  );
#7627 = VECTOR('',#7628,1.);
#7628 = DIRECTION('',(-1.,0.,0.));
#7629 = PCURVE('',#7561,#7630);
#7630 = DEFINITIONAL_REPRESENTATION('',(#7631),#7635);
#7631 = LINE('',#7632,#7633);
#7632 = CARTESIAN_POINT('',(0.,-0.37));
#7633 = VECTOR('',#7634,1.);
#7634 = DIRECTION('',(0.,1.));
#7635 = ( GEOMETRIC_REPRESENTATION_CONTEXT(2) 
PARAMETRIC_REPRESENTATION_CONTEXT() REPRESENTATION_CONTEXT('2D SPACE',''
  ) );
#7636 = PCURVE('',#6258,#7637);
#7637 = DEFINITIONAL_REPRESENTATION('',(#7638),#7642);
#7638 = LINE('',#7639,#7640);
#7639 = CARTESIAN_POINT('',(3.024397599269E-03,-0.37));
#7640 = VECTOR('',#7641,1.);
#7641 = DIRECTION('',(0.,1.));
#7642 = ( GEOMETRIC_REPRESENTATION_CONTEXT(2) 
PARAMETRIC_REPRESENTATION_CONTEXT() REPRESENTATION_CONTEXT('2D SPACE',''
  ) );
#7643 = ORIENTED_EDGE('',*,*,#7644,.T.);
#7644 = EDGE_CURVE('',#7620,#7544,#7645,.T.);
#7645 = SURFACE_CURVE('',#7646,(#7650,#7657),.PCURVE_S1.);
#7646 = LINE('',#7647,#7648);
#7647 = CARTESIAN_POINT('',(-0.16,3.006597488844E-03,1.672353271746E-03)
  );
#7648 = VECTOR('',#7649,1.);
#7649 = DIRECTION('',(0.,0.910556682831,-0.413384236942));
#7650 = PCURVE('',#7561,#7651);
#7651 = DEFINITIONAL_REPRESENTATION('',(#7652),#7656);
#7652 = LINE('',#7653,#7654);
#7653 = CARTESIAN_POINT('',(0.,-0.37));
#7654 = VECTOR('',#7655,1.);
#7655 = DIRECTION('',(1.,0.));
#7656 = ( GEOMETRIC_REPRESENTATION_CONTEXT(2) 
PARAMETRIC_REPRESENTATION_CONTEXT() REPRESENTATION_CONTEXT('2D SPACE',''
  ) );
#7657 = PCURVE('',#6230,#7658);
#7658 = DEFINITIONAL_REPRESENTATION('',(#7659),#7663);
#7659 = LINE('',#7660,#7661);
#7660 = CARTESIAN_POINT('',(7.672353271746E-03,3.006597488844E-03));
#7661 = VECTOR('',#7662,1.);
#7662 = DIRECTION('',(-0.413384236942,0.910556682831));
#7663 = ( GEOMETRIC_REPRESENTATION_CONTEXT(2) 
PARAMETRIC_REPRESENTATION_CONTEXT() REPRESENTATION_CONTEXT('2D SPACE',''
  ) );
#7664 = ORIENTED_EDGE('',*,*,#7543,.T.);
#7665 = ORIENTED_EDGE('',*,*,#7666,.F.);
#7666 = EDGE_CURVE('',#7622,#7546,#7667,.T.);
#7667 = SURFACE_CURVE('',#7668,(#7672,#7679),.PCURVE_S1.);
#7668 = LINE('',#7669,#7670);
#7669 = CARTESIAN_POINT('',(-0.9,3.006597488844E-03,1.672353271746E-03)
  );
#7670 = VECTOR('',#7671,1.);
#7671 = DIRECTION('',(0.,0.910556682831,-0.413384236942));
#7672 = PCURVE('',#7561,#7673);
#7673 = DEFINITIONAL_REPRESENTATION('',(#7674),#7678);
#7674 = LINE('',#7675,#7676);
#7675 = CARTESIAN_POINT('',(0.,0.37));
#7676 = VECTOR('',#7677,1.);
#7677 = DIRECTION('',(1.,0.));
#7678 = ( GEOMETRIC_REPRESENTATION_CONTEXT(2) 
PARAMETRIC_REPRESENTATION_CONTEXT() REPRESENTATION_CONTEXT('2D SPACE',''
  ) );
#7679 = PCURVE('',#6286,#7680);
#7680 = DEFINITIONAL_REPRESENTATION('',(#7681),#7685);
#7681 = LINE('',#7682,#7683);
#7682 = CARTESIAN_POINT('',(7.672353271746E-03,3.006597488844E-03));
#7683 = VECTOR('',#7684,1.);
#7684 = DIRECTION('',(-0.413384236942,0.910556682831));
#7685 = ( GEOMETRIC_REPRESENTATION_CONTEXT(2) 
PARAMETRIC_REPRESENTATION_CONTEXT() REPRESENTATION_CONTEXT('2D SPACE',''
  ) );
#7686 = ADVANCED_FACE('',(#7687),#6286,.T.);
#7687 = FACE_BOUND('',#7688,.T.);
#7688 = EDGE_LOOP('',(#7689,#7690,#7711,#7712,#7713,#7714,#7715,#7716,
    #7717,#7718,#7719,#7720,#7721,#7722,#7723,#7724,#7725,#7726,#7727,
    #7728));
#7689 = ORIENTED_EDGE('',*,*,#6270,.T.);
#7690 = ORIENTED_EDGE('',*,*,#7691,.T.);
#7691 = EDGE_CURVE('',#6243,#7622,#7692,.T.);
#7692 = SURFACE_CURVE('',#7693,(#7697,#7704),.PCURVE_S1.);
#7693 = LINE('',#7694,#7695);
#7694 = CARTESIAN_POINT('',(-0.9,0.,2.E-03));
#7695 = VECTOR('',#7696,1.);
#7696 = DIRECTION('',(0.,0.994114493931,-0.108334541838));
#7697 = PCURVE('',#6286,#7698);
#7698 = DEFINITIONAL_REPRESENTATION('',(#7699),#7703);
#7699 = LINE('',#7700,#7701);
#7700 = CARTESIAN_POINT('',(8.E-03,-7.93318403761E-19));
#7701 = VECTOR('',#7702,1.);
#7702 = DIRECTION('',(-0.108334541838,0.994114493931));
#7703 = ( GEOMETRIC_REPRESENTATION_CONTEXT(2) 
PARAMETRIC_REPRESENTATION_CONTEXT() REPRESENTATION_CONTEXT('2D SPACE',''
  ) );
#7704 = PCURVE('',#6258,#7705);
#7705 = DEFINITIONAL_REPRESENTATION('',(#7706),#7710);
#7706 = LINE('',#7707,#7708);
#7707 = CARTESIAN_POINT('',(0.,0.37));
#7708 = VECTOR('',#7709,1.);
#7709 = DIRECTION('',(1.,0.));
#7710 = ( GEOMETRIC_REPRESENTATION_CONTEXT(2) 
PARAMETRIC_REPRESENTATION_CONTEXT() REPRESENTATION_CONTEXT('2D SPACE',''
  ) );
#7711 = ORIENTED_EDGE('',*,*,#7666,.T.);
#7712 = ORIENTED_EDGE('',*,*,#7595,.T.);
#7713 = ORIENTED_EDGE('',*,*,#7519,.T.);
#7714 = ORIENTED_EDGE('',*,*,#7443,.T.);
#7715 = ORIENTED_EDGE('',*,*,#7367,.T.);
#7716 = ORIENTED_EDGE('',*,*,#7291,.T.);
#7717 = ORIENTED_EDGE('',*,*,#7215,.T.);
#7718 = ORIENTED_EDGE('',*,*,#7139,.T.);
#7719 = ORIENTED_EDGE('',*,*,#7063,.T.);
#7720 = ORIENTED_EDGE('',*,*,#6987,.T.);
#7721 = ORIENTED_EDGE('',*,*,#6911,.T.);
#7722 = ORIENTED_EDGE('',*,*,#6835,.T.);
#7723 = ORIENTED_EDGE('',*,*,#6759,.T.);
#7724 = ORIENTED_EDGE('',*,*,#6683,.T.);
#7725 = ORIENTED_EDGE('',*,*,#6607,.T.);
#7726 = ORIENTED_EDGE('',*,*,#6531,.T.);
#7727 = ORIENTED_EDGE('',*,*,#6427,.T.);
#7728 = ORIENTED_EDGE('',*,*,#6351,.T.);
#7729 = ADVANCED_FACE('',(#7730),#6258,.T.);
#7730 = FACE_BOUND('',#7731,.T.);
#7731 = EDGE_LOOP('',(#7732,#7733,#7754,#7755));
#7732 = ORIENTED_EDGE('',*,*,#6242,.F.);
#7733 = ORIENTED_EDGE('',*,*,#7734,.T.);
#7734 = EDGE_CURVE('',#6210,#7620,#7735,.T.);
#7735 = SURFACE_CURVE('',#7736,(#7740,#7747),.PCURVE_S1.);
#7736 = LINE('',#7737,#7738);
#7737 = CARTESIAN_POINT('',(-0.16,0.,2.E-03));
#7738 = VECTOR('',#7739,1.);
#7739 = DIRECTION('',(0.,0.994114493931,-0.108334541838));
#7740 = PCURVE('',#6258,#7741);
#7741 = DEFINITIONAL_REPRESENTATION('',(#7742),#7746);
#7742 = LINE('',#7743,#7744);
#7743 = CARTESIAN_POINT('',(0.,-0.37));
#7744 = VECTOR('',#7745,1.);
#7745 = DIRECTION('',(1.,0.));
#7746 = ( GEOMETRIC_REPRESENTATION_CONTEXT(2) 
PARAMETRIC_REPRESENTATION_CONTEXT() REPRESENTATION_CONTEXT('2D SPACE',''
  ) );
#7747 = PCURVE('',#6230,#7748);
#7748 = DEFINITIONAL_REPRESENTATION('',(#7749),#7753);
#7749 = LINE('',#7750,#7751);
#7750 = CARTESIAN_POINT('',(8.E-03,-7.93318403761E-19));
#7751 = VECTOR('',#7752,1.);
#7752 = DIRECTION('',(-0.108334541838,0.994114493931));
#7753 = ( GEOMETRIC_REPRESENTATION_CONTEXT(2) 
PARAMETRIC_REPRESENTATION_CONTEXT() REPRESENTATION_CONTEXT('2D SPACE',''
  ) );
#7754 = ORIENTED_EDGE('',*,*,#7619,.T.);
#7755 = ORIENTED_EDGE('',*,*,#7691,.F.);
#7756 = ADVANCED_FACE('',(#7757),#6230,.F.);
#7757 = FACE_BOUND('',#7758,.F.);
#7758 = EDGE_LOOP('',(#7759,#7760,#7761,#7762,#7763,#7764,#7765,#7766,
    #7767,#7768,#7769,#7770,#7771,#7772,#7773,#7774,#7775,#7776,#7777,
    #7778));
#7759 = ORIENTED_EDGE('',*,*,#6207,.T.);
#7760 = ORIENTED_EDGE('',*,*,#7734,.T.);
#7761 = ORIENTED_EDGE('',*,*,#7644,.T.);
#7762 = ORIENTED_EDGE('',*,*,#7573,.T.);
#7763 = ORIENTED_EDGE('',*,*,#7497,.T.);
#7764 = ORIENTED_EDGE('',*,*,#7421,.T.);
#7765 = ORIENTED_EDGE('',*,*,#7345,.T.);
#7766 = ORIENTED_EDGE('',*,*,#7269,.T.);
#7767 = ORIENTED_EDGE('',*,*,#7193,.T.);
#7768 = ORIENTED_EDGE('',*,*,#7117,.T.);
#7769 = ORIENTED_EDGE('',*,*,#7041,.T.);
#7770 = ORIENTED_EDGE('',*,*,#6965,.T.);
#7771 = ORIENTED_EDGE('',*,*,#6889,.T.);
#7772 = ORIENTED_EDGE('',*,*,#6813,.T.);
#7773 = ORIENTED_EDGE('',*,*,#6737,.T.);
#7774 = ORIENTED_EDGE('',*,*,#6661,.T.);
#7775 = ORIENTED_EDGE('',*,*,#6585,.T.);
#7776 = ORIENTED_EDGE('',*,*,#6509,.T.);
#7777 = ORIENTED_EDGE('',*,*,#6403,.T.);
#7778 = ORIENTED_EDGE('',*,*,#6327,.T.);
#7779 = ( GEOMETRIC_REPRESENTATION_CONTEXT(3) 
GLOBAL_UNCERTAINTY_ASSIGNED_CONTEXT((#7783)) 
GLOBAL_UNIT_ASSIGNED_CONTEXT((#7780,#7781,#7782)) REPRESENTATION_CONTEXT
('Context #1','3D Context with UNIT and UNCERTAINTY') );
#7780 = ( LENGTH_UNIT() NAMED_UNIT(*) SI_UNIT(.MILLI.,.METRE.) );
#7781 = ( NAMED_UNIT(*) PLANE_ANGLE_UNIT() SI_UNIT($,.RADIAN.) );
#7782 = ( NAMED_UNIT(*) SI_UNIT($,.STERADIAN.) SOLID_ANGLE_UNIT() );
#7783 = UNCERTAINTY_MEASURE_WITH_UNIT(LENGTH_MEASURE(2.E-07),#7780,
  'distance_accuracy_value','confusion accuracy');
#7784 = PRODUCT_RELATED_PRODUCT_CATEGORY('part',$,(#7));
ENDSEC;
END-ISO-10303-21;
